,premise,Connective,inference_A,inference_id_A,inference_B,inference_id_B
0,"daxday happened. Hence, fepfestival happened.",hence,daxday occurred before fepfestival.,125_5_temporal_daxday_hence_fepfestival_daxday occurred before fepfestival._before,fepfestival occurred before daxday.,125_5_temporal_daxday_hence_fepfestival_fepfestival occurred before daxday._before
1,"daxday happened. Hence, fepfestival happened.",hence,fepfestival occurred after daxday.,125_5_temporal_daxday_hence_fepfestival_daxday occurred after fepfestival._after,daxday occurred after fepfestival.,125_5_temporal_daxday_hence_fepfestival_fepfestival occurred after daxday._after
2,gekxtravaganza happened even before wugfest.,even before,wugfest occurred before gekxtravaganza.,91_1_temporal_wugfest_even before_gekxtravaganza_wugfest occurred before gekxtravaganza._before,gekxtravaganza occurred before wugfest.,91_1_temporal_wugfest_even before_gekxtravaganza_gekxtravaganza occurred before wugfest._before
3,gekxtravaganza happened even before wugfest.,even before,gekxtravaganza occurred after wugfest.,91_1_temporal_wugfest_even before_gekxtravaganza_wugfest occurred after gekxtravaganza._before,wugfest occurred after gekxtravaganza.,91_1_temporal_wugfest_even before_gekxtravaganza_gekxtravaganza occurred after wugfest._before
4,"wugfest happened. Subsequently, gekxtravaganza happened.",subsequently,wugfest occurred before gekxtravaganza.,196_6_temporal_wugfest_subsequently_gekxtravaganza_wugfest occurred before gekxtravaganza._before,gekxtravaganza occurred before wugfest.,196_6_temporal_wugfest_subsequently_gekxtravaganza_gekxtravaganza occurred before wugfest._before
5,"wugfest happened. Subsequently, gekxtravaganza happened.",subsequently,gekxtravaganza occurred after wugfest.,196_6_temporal_wugfest_subsequently_gekxtravaganza_wugfest occurred after gekxtravaganza._after,wugfest occurred after gekxtravaganza.,196_6_temporal_wugfest_subsequently_gekxtravaganza_gekxtravaganza occurred after wugfest._after
6,"Even though blicketbash had happened, wugfest happened.",even though,wugfest occurred before blicketbash.,106_6_temporal_wugfest_even though_blicketbash_wugfest occurred before blicketbash._before,blicketbash occurred before wugfest.,106_6_temporal_wugfest_even though_blicketbash_blicketbash occurred before wugfest._before
7,"Even though blicketbash had happened, wugfest happened.",even though,blicketbash occurred after wugfest.,106_6_temporal_wugfest_even though_blicketbash_wugfest occurred after blicketbash._before,wugfest occurred after blicketbash.,106_6_temporal_wugfest_even though_blicketbash_blicketbash occurred after wugfest._before
8,"daxday happened. Thereafter, gekxtravaganza happened.",thereafter,daxday occurred after gekxtravaganza.,218_8_temporal_daxday_thereafter_gekxtravaganza_daxday occurred after gekxtravaganza._after,gekxtravaganza occurred after daxday.,218_8_temporal_daxday_thereafter_gekxtravaganza_gekxtravaganza occurred after daxday._after
9,"daxday happened. Thereafter, gekxtravaganza happened.",thereafter,gekxtravaganza occurred before daxday.,218_8_temporal_daxday_thereafter_gekxtravaganza_daxday occurred before gekxtravaganza._after,daxday occurred before gekxtravaganza.,218_8_temporal_daxday_thereafter_gekxtravaganza_gekxtravaganza occurred before daxday._after
10,"wugfest happened. Earlier, daxday had happened.",earlier,wugfest occurred before daxday.,77_7_temporal_wugfest_earlier_daxday_wugfest occurred before daxday._before,daxday occurred before wugfest.,77_7_temporal_wugfest_earlier_daxday_daxday occurred before wugfest._before
11,"wugfest happened. Earlier, daxday had happened.",earlier,daxday occurred after wugfest.,77_7_temporal_wugfest_earlier_daxday_wugfest occurred after daxday._before,wugfest occurred after daxday.,77_7_temporal_wugfest_earlier_daxday_daxday occurred after wugfest._before
12,"wugfest happened. Then, daxday happened.",then,wugfest occurred before daxday.,204_4_temporal_wugfest_then_daxday_wugfest occurred before daxday._before,daxday occurred before wugfest.,204_4_temporal_wugfest_then_daxday_daxday occurred before wugfest._before
13,"wugfest happened. Then, daxday happened.",then,daxday occurred after wugfest.,204_4_temporal_wugfest_then_daxday_wugfest occurred after daxday._after,wugfest occurred after daxday.,204_4_temporal_wugfest_then_daxday_daxday occurred after wugfest._after
14,daxday happened as a result of wugfest.,as a result,wugfest occurred after daxday.,38_8_temporal_wugfest_as a result_daxday_wugfest occurred after daxday._after,daxday occurred after wugfest.,38_8_temporal_wugfest_as a result_daxday_daxday occurred after wugfest._after
15,daxday happened as a result of wugfest.,as a result,daxday occurred before wugfest.,38_8_temporal_wugfest_as a result_daxday_wugfest occurred before daxday._before,wugfest occurred before daxday.,38_8_temporal_wugfest_as a result_daxday_daxday occurred before wugfest._before
16,"daxday happened. Previously, gekxtravaganza happened.",previously,daxday occurred after gekxtravaganza.,166_6_temporal_daxday_previously_gekxtravaganza_daxday occurred after gekxtravaganza._after,gekxtravaganza occurred after daxday.,166_6_temporal_daxday_previously_gekxtravaganza_gekxtravaganza occurred after daxday._after
17,"daxday happened. Previously, gekxtravaganza happened.",previously,gekxtravaganza occurred before daxday.,166_6_temporal_daxday_previously_gekxtravaganza_daxday occurred before gekxtravaganza._after,daxday occurred before gekxtravaganza.,166_6_temporal_daxday_previously_gekxtravaganza_gekxtravaganza occurred before daxday._after
18,"fepfestival happened. Then, blicketbash happened.",then,fepfestival occurred before blicketbash.,205_5_temporal_fepfestival_then_blicketbash_fepfestival occurred before blicketbash._before,blicketbash occurred before fepfestival.,205_5_temporal_fepfestival_then_blicketbash_blicketbash occurred before fepfestival._before
19,"fepfestival happened. Then, blicketbash happened.",then,blicketbash occurred after fepfestival.,205_5_temporal_fepfestival_then_blicketbash_fepfestival occurred after blicketbash._before,fepfestival occurred after blicketbash.,205_5_temporal_fepfestival_then_blicketbash_blicketbash occurred after fepfestival._before
20,"fepfestival happened. Consequently, blicketbash happened.",consequently,fepfestival occurred after blicketbash.,68_8_temporal_fepfestival_consequently_blicketbash_fepfestival occurred after blicketbash._after,blicketbash occurred after fepfestival.,68_8_temporal_fepfestival_consequently_blicketbash_blicketbash occurred after fepfestival._after
21,"fepfestival happened. Consequently, blicketbash happened.",consequently,blicketbash occurred before fepfestival.,68_8_temporal_fepfestival_consequently_blicketbash_fepfestival occurred before blicketbash._after,fepfestival occurred before blicketbash.,68_8_temporal_fepfestival_consequently_blicketbash_blicketbash occurred before fepfestival._after
22,"After gekxtravaganza, fepfestival happened.",after,fepfestival occurred after gekxtravaganza.,10_10_temporal_fepfestival_after_gekxtravaganza_fepfestival occurred after gekxtravaganza._after,gekxtravaganza occurred after fepfestival.,10_10_temporal_fepfestival_after_gekxtravaganza_gekxtravaganza occurred after fepfestival._after
23,"After gekxtravaganza, fepfestival happened.",after,gekxtravaganza occurred before fepfestival.,10_10_temporal_fepfestival_after_gekxtravaganza_fepfestival occurred before gekxtravaganza._before,fepfestival occurred before gekxtravaganza.,10_10_temporal_fepfestival_after_gekxtravaganza_gekxtravaganza occurred before fepfestival._before
24,"wugfest happened. Consequently, fepfestival happened.",consequently,wugfest occurred before fepfestival.,64_4_temporal_wugfest_consequently_fepfestival_wugfest occurred before fepfestival._before,fepfestival occurred before wugfest.,64_4_temporal_wugfest_consequently_fepfestival_fepfestival occurred before wugfest._before
25,"wugfest happened. Consequently, fepfestival happened.",consequently,fepfestival occurred after wugfest.,64_4_temporal_wugfest_consequently_fepfestival_wugfest occurred after fepfestival._after,wugfest occurred after fepfestival.,64_4_temporal_wugfest_consequently_fepfestival_fepfestival occurred after wugfest._after
26,"daxday happened. As a result, fepfestival happened.",as a result,daxday occurred after fepfestival.,39_9_temporal_daxday_as a result_fepfestival_daxday occurred after fepfestival._after,fepfestival occurred after daxday.,39_9_temporal_daxday_as a result_fepfestival_fepfestival occurred after daxday._after
27,"daxday happened. As a result, fepfestival happened.",as a result,fepfestival occurred before daxday.,39_9_temporal_daxday_as a result_fepfestival_daxday occurred before fepfestival._before,daxday occurred before fepfestival.,39_9_temporal_daxday_as a result_fepfestival_fepfestival occurred before daxday._before
28,daxday happened before fepfestival.,before,daxday occurred after fepfestival.,59_9_temporal_daxday_before_fepfestival_daxday occurred after fepfestival._after,fepfestival occurred after daxday.,59_9_temporal_daxday_before_fepfestival_fepfestival occurred after daxday._after
29,daxday happened before fepfestival.,before,fepfestival occurred before daxday.,59_9_temporal_daxday_before_fepfestival_daxday occurred before fepfestival._after,daxday occurred before fepfestival.,59_9_temporal_daxday_before_fepfestival_fepfestival occurred before daxday._after
30,"wugfest happened. Hence, fepfestival happened.",hence,wugfest occurred after fepfestival.,126_6_temporal_wugfest_hence_fepfestival_wugfest occurred after fepfestival._after,fepfestival occurred after wugfest.,126_6_temporal_wugfest_hence_fepfestival_fepfestival occurred after wugfest._after
31,"wugfest happened. Hence, fepfestival happened.",hence,fepfestival occurred before wugfest.,126_6_temporal_wugfest_hence_fepfestival_wugfest occurred before fepfestival._before,wugfest occurred before fepfestival.,126_6_temporal_wugfest_hence_fepfestival_fepfestival occurred before wugfest._before
32,"daxday happened. Hence, gekxtravaganza happened.",hence,daxday occurred after gekxtravaganza.,121_1_temporal_daxday_hence_gekxtravaganza_daxday occurred after gekxtravaganza._after,gekxtravaganza occurred after daxday.,121_1_temporal_daxday_hence_gekxtravaganza_gekxtravaganza occurred after daxday._after
33,"daxday happened. Hence, gekxtravaganza happened.",hence,gekxtravaganza occurred before daxday.,121_1_temporal_daxday_hence_gekxtravaganza_daxday occurred before gekxtravaganza._after,daxday occurred before gekxtravaganza.,121_1_temporal_daxday_hence_gekxtravaganza_gekxtravaganza occurred before daxday._after
34,"Even though gekxtravaganza had happened, blicketbash happened.",even though,blicketbash occurred after gekxtravaganza.,101_1_temporal_blicketbash_even though_gekxtravaganza_blicketbash occurred after gekxtravaganza._after,gekxtravaganza occurred after blicketbash.,101_1_temporal_blicketbash_even though_gekxtravaganza_gekxtravaganza occurred after blicketbash._after
35,"Even though gekxtravaganza had happened, blicketbash happened.",even though,gekxtravaganza occurred before blicketbash.,101_1_temporal_blicketbash_even though_gekxtravaganza_blicketbash occurred before gekxtravaganza._before,blicketbash occurred before gekxtravaganza.,101_1_temporal_blicketbash_even though_gekxtravaganza_gekxtravaganza occurred before blicketbash._before
36,"Once daxday happened, wugfest happened.",once,wugfest occurred after daxday.,153_3_temporal_wugfest_once_daxday_wugfest occurred after daxday._after,daxday occurred after wugfest.,153_3_temporal_wugfest_once_daxday_daxday occurred after wugfest._after
37,"Once daxday happened, wugfest happened.",once,daxday occurred before wugfest.,153_3_temporal_wugfest_once_daxday_wugfest occurred before daxday._after,wugfest occurred before daxday.,153_3_temporal_wugfest_once_daxday_daxday occurred before wugfest._after
38,"Even after blicketbash, wugfest happened.",even after,wugfest occurred before blicketbash.,88_8_temporal_wugfest_even after_blicketbash_wugfest occurred before blicketbash._before,blicketbash occurred before wugfest.,88_8_temporal_wugfest_even after_blicketbash_blicketbash occurred before wugfest._before
39,"Even after blicketbash, wugfest happened.",even after,blicketbash occurred after wugfest.,88_8_temporal_wugfest_even after_blicketbash_wugfest occurred after blicketbash._before,wugfest occurred after blicketbash.,88_8_temporal_wugfest_even after_blicketbash_blicketbash occurred after wugfest._before
40,"fepfestival happened. Later, blicketbash happened.",later,fepfestival occurred before blicketbash.,134_4_temporal_fepfestival_later_blicketbash_fepfestival occurred before blicketbash._before,blicketbash occurred before fepfestival.,134_4_temporal_fepfestival_later_blicketbash_blicketbash occurred before fepfestival._before
41,"fepfestival happened. Later, blicketbash happened.",later,blicketbash occurred after fepfestival.,134_4_temporal_fepfestival_later_blicketbash_fepfestival occurred after blicketbash._after,fepfestival occurred after blicketbash.,134_4_temporal_fepfestival_later_blicketbash_blicketbash occurred after fepfestival._after
42,"wugfest happened. Earlier, fepfestival had happened.",earlier,wugfest occurred after fepfestival.,79_9_temporal_wugfest_earlier_fepfestival_wugfest occurred after fepfestival._after,fepfestival occurred after wugfest.,79_9_temporal_wugfest_earlier_fepfestival_fepfestival occurred after wugfest._after
43,"wugfest happened. Earlier, fepfestival had happened.",earlier,fepfestival occurred before wugfest.,79_9_temporal_wugfest_earlier_fepfestival_wugfest occurred before fepfestival._before,wugfest occurred before fepfestival.,79_9_temporal_wugfest_earlier_fepfestival_fepfestival occurred before wugfest._before
44,"Even before daxday, fepfestival happened.",even before,daxday occurred before fepfestival.,99_9_temporal_daxday_even before_fepfestival_daxday occurred before fepfestival._before,fepfestival occurred before daxday.,99_9_temporal_daxday_even before_fepfestival_fepfestival occurred before daxday._before
45,"Even before daxday, fepfestival happened.",even before,fepfestival occurred after daxday.,99_9_temporal_daxday_even before_fepfestival_daxday occurred after fepfestival._after,daxday occurred after fepfestival.,99_9_temporal_daxday_even before_fepfestival_fepfestival occurred after daxday._after
46,"daxday happened. Earlier, blicketbash had happened.",earlier,daxday occurred before blicketbash.,76_6_temporal_daxday_earlier_blicketbash_daxday occurred before blicketbash._before,blicketbash occurred before daxday.,76_6_temporal_daxday_earlier_blicketbash_blicketbash occurred before daxday._before
47,"daxday happened. Earlier, blicketbash had happened.",earlier,blicketbash occurred after daxday.,76_6_temporal_daxday_earlier_blicketbash_daxday occurred after blicketbash._before,daxday occurred after blicketbash.,76_6_temporal_daxday_earlier_blicketbash_blicketbash occurred after daxday._before
48,"blicketbash happened. Consequently, gekxtravaganza happened.",consequently,blicketbash occurred after gekxtravaganza.,62_2_temporal_blicketbash_consequently_gekxtravaganza_blicketbash occurred after gekxtravaganza._after,gekxtravaganza occurred after blicketbash.,62_2_temporal_blicketbash_consequently_gekxtravaganza_gekxtravaganza occurred after blicketbash._after
49,"blicketbash happened. Consequently, gekxtravaganza happened.",consequently,gekxtravaganza occurred before blicketbash.,62_2_temporal_blicketbash_consequently_gekxtravaganza_blicketbash occurred before gekxtravaganza._after,blicketbash occurred before gekxtravaganza.,62_2_temporal_blicketbash_consequently_gekxtravaganza_gekxtravaganza occurred before blicketbash._after
50,"Once blicketbash happened, wugfest happened.",once,wugfest occurred after blicketbash.,151_1_temporal_wugfest_once_blicketbash_wugfest occurred after blicketbash._after,blicketbash occurred after wugfest.,151_1_temporal_wugfest_once_blicketbash_blicketbash occurred after wugfest._after
51,"Once blicketbash happened, wugfest happened.",once,blicketbash occurred before wugfest.,151_1_temporal_wugfest_once_blicketbash_wugfest occurred before blicketbash._before,wugfest occurred before blicketbash.,151_1_temporal_wugfest_once_blicketbash_blicketbash occurred before wugfest._before
52,"daxday happened. Subsequently, gekxtravaganza happened.",subsequently,daxday occurred after gekxtravaganza.,193_3_temporal_daxday_subsequently_gekxtravaganza_daxday occurred after gekxtravaganza._after,gekxtravaganza occurred after daxday.,193_3_temporal_daxday_subsequently_gekxtravaganza_gekxtravaganza occurred after daxday._after
53,"daxday happened. Subsequently, gekxtravaganza happened.",subsequently,gekxtravaganza occurred before daxday.,193_3_temporal_daxday_subsequently_gekxtravaganza_daxday occurred before gekxtravaganza._after,daxday occurred before gekxtravaganza.,193_3_temporal_daxday_subsequently_gekxtravaganza_gekxtravaganza occurred before daxday._after
54,"wugfest happened. Earlier, blicketbash had happened.",earlier,wugfest occurred after blicketbash.,71_1_temporal_wugfest_earlier_blicketbash_wugfest occurred after blicketbash._after,blicketbash occurred after wugfest.,71_1_temporal_wugfest_earlier_blicketbash_blicketbash occurred after wugfest._after
55,"wugfest happened. Earlier, blicketbash had happened.",earlier,blicketbash occurred before wugfest.,71_1_temporal_wugfest_earlier_blicketbash_wugfest occurred before blicketbash._before,wugfest occurred before blicketbash.,71_1_temporal_wugfest_earlier_blicketbash_blicketbash occurred before wugfest._before
56,wugfest happened after blicketbash.,after,wugfest occurred before blicketbash.,9_9_temporal_wugfest_after_blicketbash_wugfest occurred before blicketbash._before,blicketbash occurred before wugfest.,9_9_temporal_wugfest_after_blicketbash_blicketbash occurred before wugfest._before
57,wugfest happened after blicketbash.,after,blicketbash occurred after wugfest.,9_9_temporal_wugfest_after_blicketbash_wugfest occurred after blicketbash._after,wugfest occurred after blicketbash.,9_9_temporal_wugfest_after_blicketbash_blicketbash occurred after wugfest._after
58,"Since fepfestival happened, wugfest happened.",since,wugfest occurred before fepfestival.,171_1_temporal_wugfest_since_fepfestival_wugfest occurred before fepfestival._before,fepfestival occurred before wugfest.,171_1_temporal_wugfest_since_fepfestival_fepfestival occurred before wugfest._before
59,"Since fepfestival happened, wugfest happened.",since,fepfestival occurred after wugfest.,171_1_temporal_wugfest_since_fepfestival_wugfest occurred after fepfestival._before,wugfest occurred after fepfestival.,171_1_temporal_wugfest_since_fepfestival_fepfestival occurred after wugfest._before
60,"daxday happened. Finally, fepfestival happened.",finally,daxday occurred after fepfestival.,117_7_temporal_daxday_finally_fepfestival_daxday occurred after fepfestival._after,fepfestival occurred after daxday.,117_7_temporal_daxday_finally_fepfestival_fepfestival occurred after daxday._after
61,"daxday happened. Finally, fepfestival happened.",finally,fepfestival occurred before daxday.,117_7_temporal_daxday_finally_fepfestival_daxday occurred before fepfestival._after,daxday occurred before fepfestival.,117_7_temporal_daxday_finally_fepfestival_fepfestival occurred before daxday._after
62,"wugfest happened. Consequently, daxday happened.",consequently,wugfest occurred after daxday.,70_10_temporal_wugfest_consequently_daxday_wugfest occurred after daxday._after,daxday occurred after wugfest.,70_10_temporal_wugfest_consequently_daxday_daxday occurred after wugfest._after
63,"wugfest happened. Consequently, daxday happened.",consequently,daxday occurred before wugfest.,70_10_temporal_wugfest_consequently_daxday_wugfest occurred before daxday._before,wugfest occurred before daxday.,70_10_temporal_wugfest_consequently_daxday_daxday occurred before wugfest._before
64,"wugfest happened. Afterwards, blicketbash happened.",afterwards,wugfest occurred before blicketbash.,12_2_temporal_wugfest_afterwards_blicketbash_wugfest occurred before blicketbash._before,blicketbash occurred before wugfest.,12_2_temporal_wugfest_afterwards_blicketbash_blicketbash occurred before wugfest._before
65,"wugfest happened. Afterwards, blicketbash happened.",afterwards,blicketbash occurred after wugfest.,12_2_temporal_wugfest_afterwards_blicketbash_wugfest occurred after blicketbash._after,wugfest occurred after blicketbash.,12_2_temporal_wugfest_afterwards_blicketbash_blicketbash occurred after wugfest._after
66,daxday happened even after fepfestival.,even after,daxday occurred before fepfestival.,89_9_temporal_daxday_even after_fepfestival_daxday occurred before fepfestival._before,fepfestival occurred before daxday.,89_9_temporal_daxday_even after_fepfestival_fepfestival occurred before daxday._before
67,daxday happened even after fepfestival.,even after,fepfestival occurred after daxday.,89_9_temporal_daxday_even after_fepfestival_daxday occurred after fepfestival._before,daxday occurred after fepfestival.,89_9_temporal_daxday_even after_fepfestival_fepfestival occurred after daxday._before
68,wugfest happened before daxday.,before,wugfest occurred before daxday.,52_2_temporal_wugfest_before_daxday_wugfest occurred before daxday._before,daxday occurred before wugfest.,52_2_temporal_wugfest_before_daxday_daxday occurred before wugfest._before
69,wugfest happened before daxday.,before,daxday occurred after wugfest.,52_2_temporal_wugfest_before_daxday_wugfest occurred after daxday._after,wugfest occurred after daxday.,52_2_temporal_wugfest_before_daxday_daxday occurred after wugfest._after
70,"Even though gekxtravaganza had happened, wugfest happened.",even though,wugfest occurred after gekxtravaganza.,107_7_temporal_wugfest_even though_gekxtravaganza_wugfest occurred after gekxtravaganza._after,gekxtravaganza occurred after wugfest.,107_7_temporal_wugfest_even though_gekxtravaganza_gekxtravaganza occurred after wugfest._after
71,"Even though gekxtravaganza had happened, wugfest happened.",even though,gekxtravaganza occurred before wugfest.,107_7_temporal_wugfest_even though_gekxtravaganza_wugfest occurred before gekxtravaganza._before,wugfest occurred before gekxtravaganza.,107_7_temporal_wugfest_even though_gekxtravaganza_gekxtravaganza occurred before wugfest._before
72,"because blicketbash happened, fepfestival happened.",because,fepfestival occurred before blicketbash.,43_3_temporal_fepfestival_because_blicketbash_fepfestival occurred before blicketbash._before,blicketbash occurred before fepfestival.,43_3_temporal_fepfestival_because_blicketbash_blicketbash occurred before fepfestival._before
73,"because blicketbash happened, fepfestival happened.",because,blicketbash occurred after fepfestival.,43_3_temporal_fepfestival_because_blicketbash_fepfestival occurred after blicketbash._after,fepfestival occurred after blicketbash.,43_3_temporal_fepfestival_because_blicketbash_blicketbash occurred after fepfestival._after
74,wugfest happened as soon as blicketbash finished.,as soon as,wugfest occurred before blicketbash.,25_5_temporal_wugfest_as soon as_blicketbash_wugfest occurred before blicketbash._before,blicketbash occurred before wugfest.,25_5_temporal_wugfest_as soon as_blicketbash_blicketbash occurred before wugfest._before
75,wugfest happened as soon as blicketbash finished.,as soon as,blicketbash occurred after wugfest.,25_5_temporal_wugfest_as soon as_blicketbash_wugfest occurred after blicketbash._before,wugfest occurred after blicketbash.,25_5_temporal_wugfest_as soon as_blicketbash_blicketbash occurred after wugfest._before
76,"fepfestival happened. Therefore, gekxtravaganza happened.",therefore,fepfestival occurred after gekxtravaganza.,221_1_temporal_fepfestival_therefore_gekxtravaganza_fepfestival occurred after gekxtravaganza._after,gekxtravaganza occurred after fepfestival.,221_1_temporal_fepfestival_therefore_gekxtravaganza_gekxtravaganza occurred after fepfestival._after
77,"fepfestival happened. Therefore, gekxtravaganza happened.",therefore,gekxtravaganza occurred before fepfestival.,221_1_temporal_fepfestival_therefore_gekxtravaganza_fepfestival occurred before gekxtravaganza._after,fepfestival occurred before gekxtravaganza.,221_1_temporal_fepfestival_therefore_gekxtravaganza_gekxtravaganza occurred before fepfestival._after
78,daxday happened after blicketbash.,after,daxday occurred before blicketbash.,6_6_temporal_daxday_after_blicketbash_daxday occurred before blicketbash._before,blicketbash occurred before daxday.,6_6_temporal_daxday_after_blicketbash_blicketbash occurred before daxday._before
79,daxday happened after blicketbash.,after,blicketbash occurred after daxday.,6_6_temporal_daxday_after_blicketbash_daxday occurred after blicketbash._before,daxday occurred after blicketbash.,6_6_temporal_daxday_after_blicketbash_blicketbash occurred after daxday._before
80,"wugfest happened. Later, daxday happened.",later,wugfest occurred before daxday.,139_9_temporal_wugfest_later_daxday_wugfest occurred before daxday._before,daxday occurred before wugfest.,139_9_temporal_wugfest_later_daxday_daxday occurred before wugfest._before
81,"wugfest happened. Later, daxday happened.",later,daxday occurred after wugfest.,139_9_temporal_wugfest_later_daxday_wugfest occurred after daxday._after,wugfest occurred after daxday.,139_9_temporal_wugfest_later_daxday_daxday occurred after wugfest._after
82,wugfest happened even though fepfestival had happened.,even though,wugfest occurred before fepfestival.,108_8_temporal_wugfest_even though_fepfestival_wugfest occurred before fepfestival._before,fepfestival occurred before wugfest.,108_8_temporal_wugfest_even though_fepfestival_fepfestival occurred before wugfest._before
83,wugfest happened even though fepfestival had happened.,even though,fepfestival occurred after wugfest.,108_8_temporal_wugfest_even though_fepfestival_wugfest occurred after fepfestival._before,wugfest occurred after fepfestival.,108_8_temporal_wugfest_even though_fepfestival_fepfestival occurred after wugfest._before
84,blicketbash happened as a result of wugfest.,as a result,wugfest occurred after blicketbash.,33_3_temporal_wugfest_as a result_blicketbash_wugfest occurred after blicketbash._after,blicketbash occurred after wugfest.,33_3_temporal_wugfest_as a result_blicketbash_blicketbash occurred after wugfest._after
85,blicketbash happened as a result of wugfest.,as a result,blicketbash occurred before wugfest.,33_3_temporal_wugfest_as a result_blicketbash_wugfest occurred before blicketbash._after,wugfest occurred before blicketbash.,33_3_temporal_wugfest_as a result_blicketbash_blicketbash occurred before wugfest._after
86,"fepfestival happened. Subsequently, gekxtravaganza happened.",subsequently,fepfestival occurred after gekxtravaganza.,198_8_temporal_fepfestival_subsequently_gekxtravaganza_fepfestival occurred after gekxtravaganza._after,gekxtravaganza occurred after fepfestival.,198_8_temporal_fepfestival_subsequently_gekxtravaganza_gekxtravaganza occurred after fepfestival._after
87,"fepfestival happened. Subsequently, gekxtravaganza happened.",subsequently,gekxtravaganza occurred before fepfestival.,198_8_temporal_fepfestival_subsequently_gekxtravaganza_fepfestival occurred before gekxtravaganza._before,fepfestival occurred before gekxtravaganza.,198_8_temporal_fepfestival_subsequently_gekxtravaganza_gekxtravaganza occurred before fepfestival._before
88,fepfestival happened even though gekxtravaganza had happened.,even though,fepfestival occurred before gekxtravaganza.,103_3_temporal_fepfestival_even though_gekxtravaganza_fepfestival occurred before gekxtravaganza._before,gekxtravaganza occurred before fepfestival.,103_3_temporal_fepfestival_even though_gekxtravaganza_gekxtravaganza occurred before fepfestival._before
89,fepfestival happened even though gekxtravaganza had happened.,even though,gekxtravaganza occurred after fepfestival.,103_3_temporal_fepfestival_even though_gekxtravaganza_fepfestival occurred after gekxtravaganza._after,fepfestival occurred after gekxtravaganza.,103_3_temporal_fepfestival_even though_gekxtravaganza_gekxtravaganza occurred after fepfestival._after
90,"wugfest happened. Finally, daxday happened.",finally,wugfest occurred after daxday.,114_4_temporal_wugfest_finally_daxday_wugfest occurred after daxday._after,daxday occurred after wugfest.,114_4_temporal_wugfest_finally_daxday_daxday occurred after wugfest._after
91,"wugfest happened. Finally, daxday happened.",finally,daxday occurred before wugfest.,114_4_temporal_wugfest_finally_daxday_wugfest occurred before daxday._before,wugfest occurred before daxday.,114_4_temporal_wugfest_finally_daxday_daxday occurred before wugfest._before
92,fepfestival happened even after blicketbash.,even after,fepfestival occurred before blicketbash.,90_10_temporal_fepfestival_even after_blicketbash_fepfestival occurred before blicketbash._before,blicketbash occurred before fepfestival.,90_10_temporal_fepfestival_even after_blicketbash_blicketbash occurred before fepfestival._before
93,fepfestival happened even after blicketbash.,even after,blicketbash occurred after fepfestival.,90_10_temporal_fepfestival_even after_blicketbash_fepfestival occurred after blicketbash._after,fepfestival occurred after blicketbash.,90_10_temporal_fepfestival_even after_blicketbash_blicketbash occurred after fepfestival._after
94,"daxday happened. Next, blicketbash happened.",next,daxday occurred before blicketbash.,148_8_temporal_daxday_next_blicketbash_daxday occurred before blicketbash._before,blicketbash occurred before daxday.,148_8_temporal_daxday_next_blicketbash_blicketbash occurred before daxday._before
95,"daxday happened. Next, blicketbash happened.",next,blicketbash occurred after daxday.,148_8_temporal_daxday_next_blicketbash_daxday occurred after blicketbash._before,daxday occurred after blicketbash.,148_8_temporal_daxday_next_blicketbash_blicketbash occurred after daxday._before
96,"Before blicketbash, wugfest happened.",before,wugfest occurred after blicketbash.,51_1_temporal_wugfest_before_blicketbash_wugfest occurred after blicketbash._after,blicketbash occurred after wugfest.,51_1_temporal_wugfest_before_blicketbash_blicketbash occurred after wugfest._after
97,"Before blicketbash, wugfest happened.",before,blicketbash occurred before wugfest.,51_1_temporal_wugfest_before_blicketbash_wugfest occurred before blicketbash._after,wugfest occurred before blicketbash.,51_1_temporal_wugfest_before_blicketbash_blicketbash occurred before wugfest._after
98,"fepfestival happened. Next, gekxtravaganza happened.",next,fepfestival occurred after gekxtravaganza.,147_7_temporal_fepfestival_next_gekxtravaganza_fepfestival occurred after gekxtravaganza._after,gekxtravaganza occurred after fepfestival.,147_7_temporal_fepfestival_next_gekxtravaganza_gekxtravaganza occurred after fepfestival._after
99,"fepfestival happened. Next, gekxtravaganza happened.",next,gekxtravaganza occurred before fepfestival.,147_7_temporal_fepfestival_next_gekxtravaganza_fepfestival occurred before gekxtravaganza._before,fepfestival occurred before gekxtravaganza.,147_7_temporal_fepfestival_next_gekxtravaganza_gekxtravaganza occurred before fepfestival._before
100,wugfest happened even after gekxtravaganza.,even after,wugfest occurred after gekxtravaganza.,86_6_temporal_wugfest_even after_gekxtravaganza_wugfest occurred after gekxtravaganza._after,gekxtravaganza occurred after wugfest.,86_6_temporal_wugfest_even after_gekxtravaganza_gekxtravaganza occurred after wugfest._after
101,wugfest happened even after gekxtravaganza.,even after,gekxtravaganza occurred before wugfest.,86_6_temporal_wugfest_even after_gekxtravaganza_wugfest occurred before gekxtravaganza._after,wugfest occurred before gekxtravaganza.,86_6_temporal_wugfest_even after_gekxtravaganza_gekxtravaganza occurred before wugfest._after
102,"Even though blicketbash had happened, fepfestival happened.",even though,fepfestival occurred after blicketbash.,102_2_temporal_fepfestival_even though_blicketbash_fepfestival occurred after blicketbash._after,blicketbash occurred after fepfestival.,102_2_temporal_fepfestival_even though_blicketbash_blicketbash occurred after fepfestival._after
103,"Even though blicketbash had happened, fepfestival happened.",even though,blicketbash occurred before fepfestival.,102_2_temporal_fepfestival_even though_blicketbash_fepfestival occurred before blicketbash._before,fepfestival occurred before blicketbash.,102_2_temporal_fepfestival_even though_blicketbash_blicketbash occurred before fepfestival._before
104,"wugfest happened. Earlier, gekxtravaganza had happened.",earlier,wugfest occurred before gekxtravaganza.,80_10_temporal_wugfest_earlier_gekxtravaganza_wugfest occurred before gekxtravaganza._before,gekxtravaganza occurred before wugfest.,80_10_temporal_wugfest_earlier_gekxtravaganza_gekxtravaganza occurred before wugfest._before
105,"wugfest happened. Earlier, gekxtravaganza had happened.",earlier,gekxtravaganza occurred after wugfest.,80_10_temporal_wugfest_earlier_gekxtravaganza_wugfest occurred after gekxtravaganza._after,wugfest occurred after gekxtravaganza.,80_10_temporal_wugfest_earlier_gekxtravaganza_gekxtravaganza occurred after wugfest._after
106,"wugfest happened. So, blicketbash happened.",so,wugfest occurred before blicketbash.,183_3_temporal_wugfest_so_blicketbash_wugfest occurred before blicketbash._before,blicketbash occurred before wugfest.,183_3_temporal_wugfest_so_blicketbash_blicketbash occurred before wugfest._before
107,"wugfest happened. So, blicketbash happened.",so,blicketbash occurred after wugfest.,183_3_temporal_wugfest_so_blicketbash_wugfest occurred after blicketbash._before,wugfest occurred after blicketbash.,183_3_temporal_wugfest_so_blicketbash_blicketbash occurred after wugfest._before
108,"fepfestival happened. Consequently, gekxtravaganza happened.",consequently,fepfestival occurred before gekxtravaganza.,67_7_temporal_fepfestival_consequently_gekxtravaganza_fepfestival occurred before gekxtravaganza._before,gekxtravaganza occurred before fepfestival.,67_7_temporal_fepfestival_consequently_gekxtravaganza_gekxtravaganza occurred before fepfestival._before
109,"fepfestival happened. Consequently, gekxtravaganza happened.",consequently,gekxtravaganza occurred after fepfestival.,67_7_temporal_fepfestival_consequently_gekxtravaganza_fepfestival occurred after gekxtravaganza._after,fepfestival occurred after gekxtravaganza.,67_7_temporal_fepfestival_consequently_gekxtravaganza_gekxtravaganza occurred after fepfestival._after
110,"fepfestival happened. Earlier, gekxtravaganza had happened.",earlier,fepfestival occurred after gekxtravaganza.,72_2_temporal_fepfestival_earlier_gekxtravaganza_fepfestival occurred after gekxtravaganza._after,gekxtravaganza occurred after fepfestival.,72_2_temporal_fepfestival_earlier_gekxtravaganza_gekxtravaganza occurred after fepfestival._after
111,"fepfestival happened. Earlier, gekxtravaganza had happened.",earlier,gekxtravaganza occurred before fepfestival.,72_2_temporal_fepfestival_earlier_gekxtravaganza_fepfestival occurred before gekxtravaganza._before,fepfestival occurred before gekxtravaganza.,72_2_temporal_fepfestival_earlier_gekxtravaganza_gekxtravaganza occurred before fepfestival._before
112,"wugfest happened. Therefore, fepfestival happened.",therefore,wugfest occurred before fepfestival.,225_5_temporal_wugfest_therefore_fepfestival_wugfest occurred before fepfestival._before,fepfestival occurred before wugfest.,225_5_temporal_wugfest_therefore_fepfestival_fepfestival occurred before wugfest._before
113,"wugfest happened. Therefore, fepfestival happened.",therefore,fepfestival occurred after wugfest.,225_5_temporal_wugfest_therefore_fepfestival_wugfest occurred after fepfestival._after,wugfest occurred after fepfestival.,225_5_temporal_wugfest_therefore_fepfestival_fepfestival occurred after wugfest._after
114,"wugfest happened. As a result, gekxtravaganza happened.",as a result,wugfest occurred after gekxtravaganza.,31_1_temporal_wugfest_as a result_gekxtravaganza_wugfest occurred after gekxtravaganza._after,gekxtravaganza occurred after wugfest.,31_1_temporal_wugfest_as a result_gekxtravaganza_gekxtravaganza occurred after wugfest._after
115,"wugfest happened. As a result, gekxtravaganza happened.",as a result,gekxtravaganza occurred before wugfest.,31_1_temporal_wugfest_as a result_gekxtravaganza_wugfest occurred before gekxtravaganza._before,wugfest occurred before gekxtravaganza.,31_1_temporal_wugfest_as a result_gekxtravaganza_gekxtravaganza occurred before wugfest._before
116,"daxday happened. Next, gekxtravaganza happened.",next,daxday occurred before gekxtravaganza.,149_9_temporal_daxday_next_gekxtravaganza_daxday occurred before gekxtravaganza._before,gekxtravaganza occurred before daxday.,149_9_temporal_daxday_next_gekxtravaganza_gekxtravaganza occurred before daxday._before
117,"daxday happened. Next, gekxtravaganza happened.",next,gekxtravaganza occurred after daxday.,149_9_temporal_daxday_next_gekxtravaganza_daxday occurred after gekxtravaganza._after,daxday occurred after gekxtravaganza.,149_9_temporal_daxday_next_gekxtravaganza_gekxtravaganza occurred after daxday._after
118,daxday happened once gekxtravaganza happened.,once,daxday occurred after gekxtravaganza.,154_4_temporal_daxday_once_gekxtravaganza_daxday occurred after gekxtravaganza._after,gekxtravaganza occurred after daxday.,154_4_temporal_daxday_once_gekxtravaganza_gekxtravaganza occurred after daxday._after
119,daxday happened once gekxtravaganza happened.,once,gekxtravaganza occurred before daxday.,154_4_temporal_daxday_once_gekxtravaganza_daxday occurred before gekxtravaganza._before,daxday occurred before gekxtravaganza.,154_4_temporal_daxday_once_gekxtravaganza_gekxtravaganza occurred before daxday._before
120,"As soon as blicketbash finished, daxday happened.",as soon as,daxday occurred before blicketbash.,22_2_temporal_daxday_as soon as_blicketbash_daxday occurred before blicketbash._before,blicketbash occurred before daxday.,22_2_temporal_daxday_as soon as_blicketbash_blicketbash occurred before daxday._before
121,"As soon as blicketbash finished, daxday happened.",as soon as,blicketbash occurred after daxday.,22_2_temporal_daxday_as soon as_blicketbash_daxday occurred after blicketbash._after,daxday occurred after blicketbash.,22_2_temporal_daxday_as soon as_blicketbash_blicketbash occurred after daxday._after
122,daxday happened even before wugfest.,even before,wugfest occurred before daxday.,96_6_temporal_wugfest_even before_daxday_wugfest occurred before daxday._before,daxday occurred before wugfest.,96_6_temporal_wugfest_even before_daxday_daxday occurred before wugfest._before
123,daxday happened even before wugfest.,even before,daxday occurred after wugfest.,96_6_temporal_wugfest_even before_daxday_wugfest occurred after daxday._before,wugfest occurred after daxday.,96_6_temporal_wugfest_even before_daxday_daxday occurred after wugfest._before
124,"fepfestival happened. Previously, blicketbash happened.",previously,fepfestival occurred before blicketbash.,170_10_temporal_fepfestival_previously_blicketbash_fepfestival occurred before blicketbash._before,blicketbash occurred before fepfestival.,170_10_temporal_fepfestival_previously_blicketbash_blicketbash occurred before fepfestival._before
125,"fepfestival happened. Previously, blicketbash happened.",previously,blicketbash occurred after fepfestival.,170_10_temporal_fepfestival_previously_blicketbash_fepfestival occurred after blicketbash._after,fepfestival occurred after blicketbash.,170_10_temporal_fepfestival_previously_blicketbash_blicketbash occurred after fepfestival._after
126,"blicketbash happened. Next, gekxtravaganza happened.",next,blicketbash occurred before gekxtravaganza.,146_6_temporal_blicketbash_next_gekxtravaganza_blicketbash occurred before gekxtravaganza._before,gekxtravaganza occurred before blicketbash.,146_6_temporal_blicketbash_next_gekxtravaganza_gekxtravaganza occurred before blicketbash._before
127,"blicketbash happened. Next, gekxtravaganza happened.",next,gekxtravaganza occurred after blicketbash.,146_6_temporal_blicketbash_next_gekxtravaganza_blicketbash occurred after gekxtravaganza._before,blicketbash occurred after gekxtravaganza.,146_6_temporal_blicketbash_next_gekxtravaganza_gekxtravaganza occurred after blicketbash._before
128,"wugfest happened. Afterwards, fepfestival happened.",afterwards,wugfest occurred after fepfestival.,19_9_temporal_wugfest_afterwards_fepfestival_wugfest occurred after fepfestival._after,fepfestival occurred after wugfest.,19_9_temporal_wugfest_afterwards_fepfestival_fepfestival occurred after wugfest._after
129,"wugfest happened. Afterwards, fepfestival happened.",afterwards,fepfestival occurred before wugfest.,19_9_temporal_wugfest_afterwards_fepfestival_wugfest occurred before fepfestival._after,wugfest occurred before fepfestival.,19_9_temporal_wugfest_afterwards_fepfestival_fepfestival occurred before wugfest._after
130,wugfest happened after gekxtravaganza.,after,wugfest occurred after gekxtravaganza.,8_8_temporal_wugfest_after_gekxtravaganza_wugfest occurred after gekxtravaganza._after,gekxtravaganza occurred after wugfest.,8_8_temporal_wugfest_after_gekxtravaganza_gekxtravaganza occurred after wugfest._after
131,wugfest happened after gekxtravaganza.,after,gekxtravaganza occurred before wugfest.,8_8_temporal_wugfest_after_gekxtravaganza_wugfest occurred before gekxtravaganza._before,wugfest occurred before gekxtravaganza.,8_8_temporal_wugfest_after_gekxtravaganza_gekxtravaganza occurred before wugfest._before
132,"wugfest happened. Next, fepfestival happened.",next,wugfest occurred after fepfestival.,141_1_temporal_wugfest_next_fepfestival_wugfest occurred after fepfestival._after,fepfestival occurred after wugfest.,141_1_temporal_wugfest_next_fepfestival_fepfestival occurred after wugfest._after
133,"wugfest happened. Next, fepfestival happened.",next,fepfestival occurred before wugfest.,141_1_temporal_wugfest_next_fepfestival_wugfest occurred before fepfestival._after,wugfest occurred before fepfestival.,141_1_temporal_wugfest_next_fepfestival_fepfestival occurred before wugfest._after
134,"Before blicketbash, daxday happened.",before,daxday occurred after blicketbash.,55_5_temporal_daxday_before_blicketbash_daxday occurred after blicketbash._after,blicketbash occurred after daxday.,55_5_temporal_daxday_before_blicketbash_blicketbash occurred after daxday._after
135,"Before blicketbash, daxday happened.",before,blicketbash occurred before daxday.,55_5_temporal_daxday_before_blicketbash_daxday occurred before blicketbash._before,daxday occurred before blicketbash.,55_5_temporal_daxday_before_blicketbash_blicketbash occurred before daxday._before
136,"wugfest happened. Thereafter, gekxtravaganza happened.",thereafter,wugfest occurred after gekxtravaganza.,211_1_temporal_wugfest_thereafter_gekxtravaganza_wugfest occurred after gekxtravaganza._after,gekxtravaganza occurred after wugfest.,211_1_temporal_wugfest_thereafter_gekxtravaganza_gekxtravaganza occurred after wugfest._after
137,"wugfest happened. Thereafter, gekxtravaganza happened.",thereafter,gekxtravaganza occurred before wugfest.,211_1_temporal_wugfest_thereafter_gekxtravaganza_wugfest occurred before gekxtravaganza._after,wugfest occurred before gekxtravaganza.,211_1_temporal_wugfest_thereafter_gekxtravaganza_gekxtravaganza occurred before wugfest._after
138,"As soon as fepfestival finished, wugfest happened.",as soon as,wugfest occurred after fepfestival.,26_6_temporal_wugfest_as soon as_fepfestival_wugfest occurred after fepfestival._after,fepfestival occurred after wugfest.,26_6_temporal_wugfest_as soon as_fepfestival_fepfestival occurred after wugfest._after
139,"As soon as fepfestival finished, wugfest happened.",as soon as,fepfestival occurred before wugfest.,26_6_temporal_wugfest_as soon as_fepfestival_wugfest occurred before fepfestival._before,wugfest occurred before fepfestival.,26_6_temporal_wugfest_as soon as_fepfestival_fepfestival occurred before wugfest._before
140,"daxday happened. Previously, blicketbash happened.",previously,daxday occurred after blicketbash.,169_9_temporal_daxday_previously_blicketbash_daxday occurred after blicketbash._after,blicketbash occurred after daxday.,169_9_temporal_daxday_previously_blicketbash_blicketbash occurred after daxday._after
141,"daxday happened. Previously, blicketbash happened.",previously,blicketbash occurred before daxday.,169_9_temporal_daxday_previously_blicketbash_daxday occurred before blicketbash._after,daxday occurred before blicketbash.,169_9_temporal_daxday_previously_blicketbash_blicketbash occurred before daxday._after
142,"wugfest happened. Thereafter, daxday happened.",thereafter,wugfest occurred before daxday.,214_4_temporal_wugfest_thereafter_daxday_wugfest occurred before daxday._before,daxday occurred before wugfest.,214_4_temporal_wugfest_thereafter_daxday_daxday occurred before wugfest._before
143,"wugfest happened. Thereafter, daxday happened.",thereafter,daxday occurred after wugfest.,214_4_temporal_wugfest_thereafter_daxday_wugfest occurred after daxday._before,wugfest occurred after daxday.,214_4_temporal_wugfest_thereafter_daxday_daxday occurred after wugfest._before
144,"daxday happened. Thereafter, fepfestival happened.",thereafter,daxday occurred before fepfestival.,220_10_temporal_daxday_thereafter_fepfestival_daxday occurred before fepfestival._before,fepfestival occurred before daxday.,220_10_temporal_daxday_thereafter_fepfestival_fepfestival occurred before daxday._before
145,"daxday happened. Thereafter, fepfestival happened.",thereafter,fepfestival occurred after daxday.,220_10_temporal_daxday_thereafter_fepfestival_daxday occurred after fepfestival._after,daxday occurred after fepfestival.,220_10_temporal_daxday_thereafter_fepfestival_fepfestival occurred after daxday._after
146,"fepfestival happened. Afterwards, gekxtravaganza happened.",afterwards,fepfestival occurred after gekxtravaganza.,18_8_temporal_fepfestival_afterwards_gekxtravaganza_fepfestival occurred after gekxtravaganza._after,gekxtravaganza occurred after fepfestival.,18_8_temporal_fepfestival_afterwards_gekxtravaganza_gekxtravaganza occurred after fepfestival._after
147,"fepfestival happened. Afterwards, gekxtravaganza happened.",afterwards,gekxtravaganza occurred before fepfestival.,18_8_temporal_fepfestival_afterwards_gekxtravaganza_fepfestival occurred before gekxtravaganza._before,fepfestival occurred before gekxtravaganza.,18_8_temporal_fepfestival_afterwards_gekxtravaganza_gekxtravaganza occurred before fepfestival._before
148,"daxday happened. Finally, blicketbash happened.",finally,daxday occurred after blicketbash.,111_1_temporal_daxday_finally_blicketbash_daxday occurred after blicketbash._after,blicketbash occurred after daxday.,111_1_temporal_daxday_finally_blicketbash_blicketbash occurred after daxday._after
149,"daxday happened. Finally, blicketbash happened.",finally,blicketbash occurred before daxday.,111_1_temporal_daxday_finally_blicketbash_daxday occurred before blicketbash._after,daxday occurred before blicketbash.,111_1_temporal_daxday_finally_blicketbash_blicketbash occurred before daxday._after
150,"Before blicketbash, fepfestival happened.",before,fepfestival occurred after blicketbash.,57_7_temporal_fepfestival_before_blicketbash_fepfestival occurred after blicketbash._after,blicketbash occurred after fepfestival.,57_7_temporal_fepfestival_before_blicketbash_blicketbash occurred after fepfestival._after
151,"Before blicketbash, fepfestival happened.",before,blicketbash occurred before fepfestival.,57_7_temporal_fepfestival_before_blicketbash_fepfestival occurred before blicketbash._before,fepfestival occurred before blicketbash.,57_7_temporal_fepfestival_before_blicketbash_blicketbash occurred before fepfestival._before
152,"daxday happened. So, fepfestival happened.",so,daxday occurred after fepfestival.,182_2_temporal_daxday_so_fepfestival_daxday occurred after fepfestival._after,fepfestival occurred after daxday.,182_2_temporal_daxday_so_fepfestival_fepfestival occurred after daxday._after
153,"daxday happened. So, fepfestival happened.",so,fepfestival occurred before daxday.,182_2_temporal_daxday_so_fepfestival_daxday occurred before fepfestival._after,daxday occurred before fepfestival.,182_2_temporal_daxday_so_fepfestival_fepfestival occurred before daxday._after
154,"daxday happened. Later, gekxtravaganza happened.",later,daxday occurred after gekxtravaganza.,131_1_temporal_daxday_later_gekxtravaganza_daxday occurred after gekxtravaganza._after,gekxtravaganza occurred after daxday.,131_1_temporal_daxday_later_gekxtravaganza_gekxtravaganza occurred after daxday._after
155,"daxday happened. Later, gekxtravaganza happened.",later,gekxtravaganza occurred before daxday.,131_1_temporal_daxday_later_gekxtravaganza_daxday occurred before gekxtravaganza._before,daxday occurred before gekxtravaganza.,131_1_temporal_daxday_later_gekxtravaganza_gekxtravaganza occurred before daxday._before
156,"Since blicketbash happened, daxday happened.",since,daxday occurred after blicketbash.,175_5_temporal_daxday_since_blicketbash_daxday occurred after blicketbash._after,blicketbash occurred after daxday.,175_5_temporal_daxday_since_blicketbash_blicketbash occurred after daxday._after
157,"Since blicketbash happened, daxday happened.",since,blicketbash occurred before daxday.,175_5_temporal_daxday_since_blicketbash_daxday occurred before blicketbash._after,daxday occurred before blicketbash.,175_5_temporal_daxday_since_blicketbash_blicketbash occurred before daxday._after
158,"Even after gekxtravaganza, fepfestival happened.",even after,fepfestival occurred after gekxtravaganza.,84_4_temporal_fepfestival_even after_gekxtravaganza_fepfestival occurred after gekxtravaganza._after,gekxtravaganza occurred after fepfestival.,84_4_temporal_fepfestival_even after_gekxtravaganza_gekxtravaganza occurred after fepfestival._after
159,"Even after gekxtravaganza, fepfestival happened.",even after,gekxtravaganza occurred before fepfestival.,84_4_temporal_fepfestival_even after_gekxtravaganza_fepfestival occurred before gekxtravaganza._before,fepfestival occurred before gekxtravaganza.,84_4_temporal_fepfestival_even after_gekxtravaganza_gekxtravaganza occurred before fepfestival._before
160,"because daxday happened, wugfest happened.",because,wugfest occurred before daxday.,48_8_temporal_wugfest_because_daxday_wugfest occurred before daxday._before,daxday occurred before wugfest.,48_8_temporal_wugfest_because_daxday_daxday occurred before wugfest._before
161,"because daxday happened, wugfest happened.",because,daxday occurred after wugfest.,48_8_temporal_wugfest_because_daxday_wugfest occurred after daxday._after,wugfest occurred after daxday.,48_8_temporal_wugfest_because_daxday_daxday occurred after wugfest._after
162,"Before gekxtravaganza, fepfestival happened.",before,fepfestival occurred after gekxtravaganza.,60_10_temporal_fepfestival_before_gekxtravaganza_fepfestival occurred after gekxtravaganza._after,gekxtravaganza occurred after fepfestival.,60_10_temporal_fepfestival_before_gekxtravaganza_gekxtravaganza occurred after fepfestival._after
163,"Before gekxtravaganza, fepfestival happened.",before,gekxtravaganza occurred before fepfestival.,60_10_temporal_fepfestival_before_gekxtravaganza_fepfestival occurred before gekxtravaganza._before,fepfestival occurred before gekxtravaganza.,60_10_temporal_fepfestival_before_gekxtravaganza_gekxtravaganza occurred before fepfestival._before
164,"After fepfestival, daxday happened.",after,daxday occurred before fepfestival.,3_3_temporal_daxday_after_fepfestival_daxday occurred before fepfestival._before,fepfestival occurred before daxday.,3_3_temporal_daxday_after_fepfestival_fepfestival occurred before daxday._before
165,"After fepfestival, daxday happened.",after,fepfestival occurred after daxday.,3_3_temporal_daxday_after_fepfestival_daxday occurred after fepfestival._after,daxday occurred after fepfestival.,3_3_temporal_daxday_after_fepfestival_fepfestival occurred after daxday._after
166,"because fepfestival happened, daxday happened.",because,daxday occurred after fepfestival.,46_6_temporal_daxday_because_fepfestival_daxday occurred after fepfestival._after,fepfestival occurred after daxday.,46_6_temporal_daxday_because_fepfestival_fepfestival occurred after daxday._after
167,"because fepfestival happened, daxday happened.",because,fepfestival occurred before daxday.,46_6_temporal_daxday_because_fepfestival_daxday occurred before fepfestival._before,daxday occurred before fepfestival.,46_6_temporal_daxday_because_fepfestival_fepfestival occurred before daxday._before
168,"Since gekxtravaganza happened, fepfestival happened.",since,fepfestival occurred before gekxtravaganza.,172_2_temporal_fepfestival_since_gekxtravaganza_fepfestival occurred before gekxtravaganza._before,gekxtravaganza occurred before fepfestival.,172_2_temporal_fepfestival_since_gekxtravaganza_gekxtravaganza occurred before fepfestival._before
169,"Since gekxtravaganza happened, fepfestival happened.",since,gekxtravaganza occurred after fepfestival.,172_2_temporal_fepfestival_since_gekxtravaganza_fepfestival occurred after gekxtravaganza._after,fepfestival occurred after gekxtravaganza.,172_2_temporal_fepfestival_since_gekxtravaganza_gekxtravaganza occurred after fepfestival._after
170,"wugfest happened. So, gekxtravaganza happened.",so,wugfest occurred before gekxtravaganza.,184_4_temporal_wugfest_so_gekxtravaganza_wugfest occurred before gekxtravaganza._before,gekxtravaganza occurred before wugfest.,184_4_temporal_wugfest_so_gekxtravaganza_gekxtravaganza occurred before wugfest._before
171,"wugfest happened. So, gekxtravaganza happened.",so,gekxtravaganza occurred after wugfest.,184_4_temporal_wugfest_so_gekxtravaganza_wugfest occurred after gekxtravaganza._before,wugfest occurred after gekxtravaganza.,184_4_temporal_wugfest_so_gekxtravaganza_gekxtravaganza occurred after wugfest._before
172,"Even though gekxtravaganza had happened, daxday happened.",even though,daxday occurred before gekxtravaganza.,104_4_temporal_daxday_even though_gekxtravaganza_daxday occurred before gekxtravaganza._before,gekxtravaganza occurred before daxday.,104_4_temporal_daxday_even though_gekxtravaganza_gekxtravaganza occurred before daxday._before
173,"Even though gekxtravaganza had happened, daxday happened.",even though,gekxtravaganza occurred after daxday.,104_4_temporal_daxday_even though_gekxtravaganza_daxday occurred after gekxtravaganza._after,daxday occurred after gekxtravaganza.,104_4_temporal_daxday_even though_gekxtravaganza_gekxtravaganza occurred after daxday._after
174,"daxday happened. Therefore, blicketbash happened.",therefore,daxday occurred after blicketbash.,226_6_temporal_daxday_therefore_blicketbash_daxday occurred after blicketbash._after,blicketbash occurred after daxday.,226_6_temporal_daxday_therefore_blicketbash_blicketbash occurred after daxday._after
175,"daxday happened. Therefore, blicketbash happened.",therefore,blicketbash occurred before daxday.,226_6_temporal_daxday_therefore_blicketbash_daxday occurred before blicketbash._before,daxday occurred before blicketbash.,226_6_temporal_daxday_therefore_blicketbash_blicketbash occurred before daxday._before
176,"wugfest happened. Previously, fepfestival happened.",previously,wugfest occurred after fepfestival.,161_1_temporal_wugfest_previously_fepfestival_wugfest occurred after fepfestival._after,fepfestival occurred after wugfest.,161_1_temporal_wugfest_previously_fepfestival_fepfestival occurred after wugfest._after
177,"wugfest happened. Previously, fepfestival happened.",previously,fepfestival occurred before wugfest.,161_1_temporal_wugfest_previously_fepfestival_wugfest occurred before fepfestival._after,wugfest occurred before fepfestival.,161_1_temporal_wugfest_previously_fepfestival_fepfestival occurred before wugfest._after
178,"wugfest happened. Finally, fepfestival happened.",finally,wugfest occurred before fepfestival.,119_9_temporal_wugfest_finally_fepfestival_wugfest occurred before fepfestival._before,fepfestival occurred before wugfest.,119_9_temporal_wugfest_finally_fepfestival_fepfestival occurred before wugfest._before
179,"wugfest happened. Finally, fepfestival happened.",finally,fepfestival occurred after wugfest.,119_9_temporal_wugfest_finally_fepfestival_wugfest occurred after fepfestival._before,wugfest occurred after fepfestival.,119_9_temporal_wugfest_finally_fepfestival_fepfestival occurred after wugfest._before
180,"wugfest happened. Then, gekxtravaganza happened.",then,wugfest occurred after gekxtravaganza.,203_3_temporal_wugfest_then_gekxtravaganza_wugfest occurred after gekxtravaganza._after,gekxtravaganza occurred after wugfest.,203_3_temporal_wugfest_then_gekxtravaganza_gekxtravaganza occurred after wugfest._after
181,"wugfest happened. Then, gekxtravaganza happened.",then,gekxtravaganza occurred before wugfest.,203_3_temporal_wugfest_then_gekxtravaganza_wugfest occurred before gekxtravaganza._after,wugfest occurred before gekxtravaganza.,203_3_temporal_wugfest_then_gekxtravaganza_gekxtravaganza occurred before wugfest._after
182,"wugfest happened. Subsequently, daxday happened.",subsequently,wugfest occurred after daxday.,195_5_temporal_wugfest_subsequently_daxday_wugfest occurred after daxday._after,daxday occurred after wugfest.,195_5_temporal_wugfest_subsequently_daxday_daxday occurred after wugfest._after
183,"wugfest happened. Subsequently, daxday happened.",subsequently,daxday occurred before wugfest.,195_5_temporal_wugfest_subsequently_daxday_wugfest occurred before daxday._before,wugfest occurred before daxday.,195_5_temporal_wugfest_subsequently_daxday_daxday occurred before wugfest._before
184,daxday happened even after blicketbash.,even after,daxday occurred after blicketbash.,83_3_temporal_daxday_even after_blicketbash_daxday occurred after blicketbash._after,blicketbash occurred after daxday.,83_3_temporal_daxday_even after_blicketbash_blicketbash occurred after daxday._after
185,daxday happened even after blicketbash.,even after,blicketbash occurred before daxday.,83_3_temporal_daxday_even after_blicketbash_daxday occurred before blicketbash._after,daxday occurred before blicketbash.,83_3_temporal_daxday_even after_blicketbash_blicketbash occurred before daxday._after
186,"daxday happened. Earlier, gekxtravaganza had happened.",earlier,daxday occurred before gekxtravaganza.,78_8_temporal_daxday_earlier_gekxtravaganza_daxday occurred before gekxtravaganza._before,gekxtravaganza occurred before daxday.,78_8_temporal_daxday_earlier_gekxtravaganza_gekxtravaganza occurred before daxday._before
187,"daxday happened. Earlier, gekxtravaganza had happened.",earlier,gekxtravaganza occurred after daxday.,78_8_temporal_daxday_earlier_gekxtravaganza_daxday occurred after gekxtravaganza._before,daxday occurred after gekxtravaganza.,78_8_temporal_daxday_earlier_gekxtravaganza_gekxtravaganza occurred after daxday._before
188,"wugfest happened. Hence, blicketbash happened.",hence,wugfest occurred before blicketbash.,127_7_temporal_wugfest_hence_blicketbash_wugfest occurred before blicketbash._before,blicketbash occurred before wugfest.,127_7_temporal_wugfest_hence_blicketbash_blicketbash occurred before wugfest._before
189,"wugfest happened. Hence, blicketbash happened.",hence,blicketbash occurred after wugfest.,127_7_temporal_wugfest_hence_blicketbash_wugfest occurred after blicketbash._after,wugfest occurred after blicketbash.,127_7_temporal_wugfest_hence_blicketbash_blicketbash occurred after wugfest._after
190,"blicketbash happened. Then, gekxtravaganza happened.",then,blicketbash occurred before gekxtravaganza.,208_8_temporal_blicketbash_then_gekxtravaganza_blicketbash occurred before gekxtravaganza._before,gekxtravaganza occurred before blicketbash.,208_8_temporal_blicketbash_then_gekxtravaganza_gekxtravaganza occurred before blicketbash._before
191,"blicketbash happened. Then, gekxtravaganza happened.",then,gekxtravaganza occurred after blicketbash.,208_8_temporal_blicketbash_then_gekxtravaganza_blicketbash occurred after gekxtravaganza._before,blicketbash occurred after gekxtravaganza.,208_8_temporal_blicketbash_then_gekxtravaganza_gekxtravaganza occurred after blicketbash._before
192,"wugfest happened. As a result, fepfestival happened.",as a result,wugfest occurred before fepfestival.,36_6_temporal_wugfest_as a result_fepfestival_wugfest occurred before fepfestival._before,fepfestival occurred before wugfest.,36_6_temporal_wugfest_as a result_fepfestival_fepfestival occurred before wugfest._before
193,"wugfest happened. As a result, fepfestival happened.",as a result,fepfestival occurred after wugfest.,36_6_temporal_wugfest_as a result_fepfestival_wugfest occurred after fepfestival._after,wugfest occurred after fepfestival.,36_6_temporal_wugfest_as a result_fepfestival_fepfestival occurred after wugfest._after
194,"wugfest happened. Previously, daxday happened.",previously,wugfest occurred after daxday.,164_4_temporal_wugfest_previously_daxday_wugfest occurred after daxday._after,daxday occurred after wugfest.,164_4_temporal_wugfest_previously_daxday_daxday occurred after wugfest._after
195,"wugfest happened. Previously, daxday happened.",previously,daxday occurred before wugfest.,164_4_temporal_wugfest_previously_daxday_wugfest occurred before daxday._before,wugfest occurred before daxday.,164_4_temporal_wugfest_previously_daxday_daxday occurred before wugfest._before
196,daxday happened since fepfestival happened.,since,daxday occurred before fepfestival.,180_10_temporal_daxday_since_fepfestival_daxday occurred before fepfestival._before,fepfestival occurred before daxday.,180_10_temporal_daxday_since_fepfestival_fepfestival occurred before daxday._before
197,daxday happened since fepfestival happened.,since,fepfestival occurred after daxday.,180_10_temporal_daxday_since_fepfestival_daxday occurred after fepfestival._after,daxday occurred after fepfestival.,180_10_temporal_daxday_since_fepfestival_fepfestival occurred after daxday._after
198,"wugfest happened. Finally, gekxtravaganza happened.",finally,wugfest occurred before gekxtravaganza.,116_6_temporal_wugfest_finally_gekxtravaganza_wugfest occurred before gekxtravaganza._before,gekxtravaganza occurred before wugfest.,116_6_temporal_wugfest_finally_gekxtravaganza_gekxtravaganza occurred before wugfest._before
199,"wugfest happened. Finally, gekxtravaganza happened.",finally,gekxtravaganza occurred after wugfest.,116_6_temporal_wugfest_finally_gekxtravaganza_wugfest occurred after gekxtravaganza._before,wugfest occurred after gekxtravaganza.,116_6_temporal_wugfest_finally_gekxtravaganza_gekxtravaganza occurred after wugfest._before
200,daxday happened even though blicketbash had happened.,even though,daxday occurred before blicketbash.,105_5_temporal_daxday_even though_blicketbash_daxday occurred before blicketbash._before,blicketbash occurred before daxday.,105_5_temporal_daxday_even though_blicketbash_blicketbash occurred before daxday._before
201,daxday happened even though blicketbash had happened.,even though,blicketbash occurred after daxday.,105_5_temporal_daxday_even though_blicketbash_daxday occurred after blicketbash._after,daxday occurred after blicketbash.,105_5_temporal_daxday_even though_blicketbash_blicketbash occurred after daxday._after
202,"Even after daxday, wugfest happened.",even after,wugfest occurred after daxday.,87_7_temporal_wugfest_even after_daxday_wugfest occurred after daxday._after,daxday occurred after wugfest.,87_7_temporal_wugfest_even after_daxday_daxday occurred after wugfest._after
203,"Even after daxday, wugfest happened.",even after,daxday occurred before wugfest.,87_7_temporal_wugfest_even after_daxday_wugfest occurred before daxday._before,wugfest occurred before daxday.,87_7_temporal_wugfest_even after_daxday_daxday occurred before wugfest._before
204,blicketbash happened once gekxtravaganza happened.,once,blicketbash occurred after gekxtravaganza.,156_6_temporal_blicketbash_once_gekxtravaganza_blicketbash occurred after gekxtravaganza._after,gekxtravaganza occurred after blicketbash.,156_6_temporal_blicketbash_once_gekxtravaganza_gekxtravaganza occurred after blicketbash._after
205,blicketbash happened once gekxtravaganza happened.,once,gekxtravaganza occurred before blicketbash.,156_6_temporal_blicketbash_once_gekxtravaganza_blicketbash occurred before gekxtravaganza._after,blicketbash occurred before gekxtravaganza.,156_6_temporal_blicketbash_once_gekxtravaganza_gekxtravaganza occurred before blicketbash._after
206,"fepfestival happened. Subsequently, blicketbash happened.",subsequently,fepfestival occurred after blicketbash.,194_4_temporal_fepfestival_subsequently_blicketbash_fepfestival occurred after blicketbash._after,blicketbash occurred after fepfestival.,194_4_temporal_fepfestival_subsequently_blicketbash_blicketbash occurred after fepfestival._after
207,"fepfestival happened. Subsequently, blicketbash happened.",subsequently,blicketbash occurred before fepfestival.,194_4_temporal_fepfestival_subsequently_blicketbash_fepfestival occurred before blicketbash._before,fepfestival occurred before blicketbash.,194_4_temporal_fepfestival_subsequently_blicketbash_blicketbash occurred before fepfestival._before
208,"wugfest happened. Later, gekxtravaganza happened.",later,wugfest occurred after gekxtravaganza.,137_7_temporal_wugfest_later_gekxtravaganza_wugfest occurred after gekxtravaganza._after,gekxtravaganza occurred after wugfest.,137_7_temporal_wugfest_later_gekxtravaganza_gekxtravaganza occurred after wugfest._after
209,"wugfest happened. Later, gekxtravaganza happened.",later,gekxtravaganza occurred before wugfest.,137_7_temporal_wugfest_later_gekxtravaganza_wugfest occurred before gekxtravaganza._after,wugfest occurred before gekxtravaganza.,137_7_temporal_wugfest_later_gekxtravaganza_gekxtravaganza occurred before wugfest._after
210,blicketbash happened even before fepfestival.,even before,fepfestival occurred before blicketbash.,94_4_temporal_fepfestival_even before_blicketbash_fepfestival occurred before blicketbash._before,blicketbash occurred before fepfestival.,94_4_temporal_fepfestival_even before_blicketbash_blicketbash occurred before fepfestival._before
211,blicketbash happened even before fepfestival.,even before,blicketbash occurred after fepfestival.,94_4_temporal_fepfestival_even before_blicketbash_fepfestival occurred after blicketbash._before,fepfestival occurred after blicketbash.,94_4_temporal_fepfestival_even before_blicketbash_blicketbash occurred after fepfestival._before
212,gekxtravaganza happened even before daxday.,even before,daxday occurred before gekxtravaganza.,95_5_temporal_daxday_even before_gekxtravaganza_daxday occurred before gekxtravaganza._before,gekxtravaganza occurred before daxday.,95_5_temporal_daxday_even before_gekxtravaganza_gekxtravaganza occurred before daxday._before
213,gekxtravaganza happened even before daxday.,even before,gekxtravaganza occurred after daxday.,95_5_temporal_daxday_even before_gekxtravaganza_daxday occurred after gekxtravaganza._after,daxday occurred after gekxtravaganza.,95_5_temporal_daxday_even before_gekxtravaganza_gekxtravaganza occurred after daxday._after
214,"daxday happened. Afterwards, gekxtravaganza happened.",afterwards,daxday occurred before gekxtravaganza.,16_6_temporal_daxday_afterwards_gekxtravaganza_daxday occurred before gekxtravaganza._before,gekxtravaganza occurred before daxday.,16_6_temporal_daxday_afterwards_gekxtravaganza_gekxtravaganza occurred before daxday._before
215,"daxday happened. Afterwards, gekxtravaganza happened.",afterwards,gekxtravaganza occurred after daxday.,16_6_temporal_daxday_afterwards_gekxtravaganza_daxday occurred after gekxtravaganza._before,daxday occurred after gekxtravaganza.,16_6_temporal_daxday_afterwards_gekxtravaganza_gekxtravaganza occurred after daxday._before
216,"fepfestival happened. Previously, gekxtravaganza happened.",previously,fepfestival occurred before gekxtravaganza.,165_5_temporal_fepfestival_previously_gekxtravaganza_fepfestival occurred before gekxtravaganza._before,gekxtravaganza occurred before fepfestival.,165_5_temporal_fepfestival_previously_gekxtravaganza_gekxtravaganza occurred before fepfestival._before
217,"fepfestival happened. Previously, gekxtravaganza happened.",previously,gekxtravaganza occurred after fepfestival.,165_5_temporal_fepfestival_previously_gekxtravaganza_fepfestival occurred after gekxtravaganza._after,fepfestival occurred after gekxtravaganza.,165_5_temporal_fepfestival_previously_gekxtravaganza_gekxtravaganza occurred after fepfestival._after
218,daxday happened because blicketbash happened.,because,daxday occurred after blicketbash.,47_7_temporal_daxday_because_blicketbash_daxday occurred after blicketbash._after,blicketbash occurred after daxday.,47_7_temporal_daxday_because_blicketbash_blicketbash occurred after daxday._after
219,daxday happened because blicketbash happened.,because,blicketbash occurred before daxday.,47_7_temporal_daxday_because_blicketbash_daxday occurred before blicketbash._before,daxday occurred before blicketbash.,47_7_temporal_daxday_because_blicketbash_blicketbash occurred before daxday._before
220,"wugfest happened. Finally, blicketbash happened.",finally,wugfest occurred after blicketbash.,115_5_temporal_wugfest_finally_blicketbash_wugfest occurred after blicketbash._after,blicketbash occurred after wugfest.,115_5_temporal_wugfest_finally_blicketbash_blicketbash occurred after wugfest._after
221,"wugfest happened. Finally, blicketbash happened.",finally,blicketbash occurred before wugfest.,115_5_temporal_wugfest_finally_blicketbash_wugfest occurred before blicketbash._after,wugfest occurred before blicketbash.,115_5_temporal_wugfest_finally_blicketbash_blicketbash occurred before wugfest._after
222,"wugfest happened. Consequently, gekxtravaganza happened.",consequently,wugfest occurred before gekxtravaganza.,66_6_temporal_wugfest_consequently_gekxtravaganza_wugfest occurred before gekxtravaganza._before,gekxtravaganza occurred before wugfest.,66_6_temporal_wugfest_consequently_gekxtravaganza_gekxtravaganza occurred before wugfest._before
223,"wugfest happened. Consequently, gekxtravaganza happened.",consequently,gekxtravaganza occurred after wugfest.,66_6_temporal_wugfest_consequently_gekxtravaganza_wugfest occurred after gekxtravaganza._before,wugfest occurred after gekxtravaganza.,66_6_temporal_wugfest_consequently_gekxtravaganza_gekxtravaganza occurred after wugfest._before
224,daxday happened even though fepfestival had happened.,even though,daxday occurred after fepfestival.,109_9_temporal_daxday_even though_fepfestival_daxday occurred after fepfestival._after,fepfestival occurred after daxday.,109_9_temporal_daxday_even though_fepfestival_fepfestival occurred after daxday._after
225,daxday happened even though fepfestival had happened.,even though,fepfestival occurred before daxday.,109_9_temporal_daxday_even though_fepfestival_daxday occurred before fepfestival._after,daxday occurred before fepfestival.,109_9_temporal_daxday_even though_fepfestival_fepfestival occurred before daxday._after
226,"blicketbash happened. So, gekxtravaganza happened.",so,blicketbash occurred before gekxtravaganza.,181_1_temporal_blicketbash_so_gekxtravaganza_blicketbash occurred before gekxtravaganza._before,gekxtravaganza occurred before blicketbash.,181_1_temporal_blicketbash_so_gekxtravaganza_gekxtravaganza occurred before blicketbash._before
227,"blicketbash happened. So, gekxtravaganza happened.",so,gekxtravaganza occurred after blicketbash.,181_1_temporal_blicketbash_so_gekxtravaganza_blicketbash occurred after gekxtravaganza._before,blicketbash occurred after gekxtravaganza.,181_1_temporal_blicketbash_so_gekxtravaganza_gekxtravaganza occurred after blicketbash._before
228,"daxday happened. Therefore, fepfestival happened.",therefore,daxday occurred before fepfestival.,222_2_temporal_daxday_therefore_fepfestival_daxday occurred before fepfestival._before,fepfestival occurred before daxday.,222_2_temporal_daxday_therefore_fepfestival_fepfestival occurred before daxday._before
229,"daxday happened. Therefore, fepfestival happened.",therefore,fepfestival occurred after daxday.,222_2_temporal_daxday_therefore_fepfestival_daxday occurred after fepfestival._after,daxday occurred after fepfestival.,222_2_temporal_daxday_therefore_fepfestival_fepfestival occurred after daxday._after
230,blicketbash happened because gekxtravaganza happened.,because,blicketbash occurred before gekxtravaganza.,44_4_temporal_blicketbash_because_gekxtravaganza_blicketbash occurred before gekxtravaganza._before,gekxtravaganza occurred before blicketbash.,44_4_temporal_blicketbash_because_gekxtravaganza_gekxtravaganza occurred before blicketbash._before
231,blicketbash happened because gekxtravaganza happened.,because,gekxtravaganza occurred after blicketbash.,44_4_temporal_blicketbash_because_gekxtravaganza_blicketbash occurred after gekxtravaganza._before,blicketbash occurred after gekxtravaganza.,44_4_temporal_blicketbash_because_gekxtravaganza_gekxtravaganza occurred after blicketbash._before
232,"wugfest happened. Next, daxday happened.",next,wugfest occurred before daxday.,142_2_temporal_wugfest_next_daxday_wugfest occurred before daxday._before,daxday occurred before wugfest.,142_2_temporal_wugfest_next_daxday_daxday occurred before wugfest._before
233,"wugfest happened. Next, daxday happened.",next,daxday occurred after wugfest.,142_2_temporal_wugfest_next_daxday_wugfest occurred after daxday._after,wugfest occurred after daxday.,142_2_temporal_wugfest_next_daxday_daxday occurred after wugfest._after
234,daxday happened once fepfestival happened.,once,daxday occurred before fepfestival.,152_2_temporal_daxday_once_fepfestival_daxday occurred before fepfestival._before,fepfestival occurred before daxday.,152_2_temporal_daxday_once_fepfestival_fepfestival occurred before daxday._before
235,daxday happened once fepfestival happened.,once,fepfestival occurred after daxday.,152_2_temporal_daxday_once_fepfestival_daxday occurred after fepfestival._before,daxday occurred after fepfestival.,152_2_temporal_daxday_once_fepfestival_fepfestival occurred after daxday._before
236,"fepfestival happened. So, blicketbash happened.",so,fepfestival occurred before blicketbash.,187_7_temporal_fepfestival_so_blicketbash_fepfestival occurred before blicketbash._before,blicketbash occurred before fepfestival.,187_7_temporal_fepfestival_so_blicketbash_blicketbash occurred before fepfestival._before
237,"fepfestival happened. So, blicketbash happened.",so,blicketbash occurred after fepfestival.,187_7_temporal_fepfestival_so_blicketbash_fepfestival occurred after blicketbash._after,fepfestival occurred after blicketbash.,187_7_temporal_fepfestival_so_blicketbash_blicketbash occurred after fepfestival._after
238,"because gekxtravaganza happened, fepfestival happened.",because,fepfestival occurred after gekxtravaganza.,49_9_temporal_fepfestival_because_gekxtravaganza_fepfestival occurred after gekxtravaganza._after,gekxtravaganza occurred after fepfestival.,49_9_temporal_fepfestival_because_gekxtravaganza_gekxtravaganza occurred after fepfestival._after
239,"because gekxtravaganza happened, fepfestival happened.",because,gekxtravaganza occurred before fepfestival.,49_9_temporal_fepfestival_because_gekxtravaganza_fepfestival occurred before gekxtravaganza._before,fepfestival occurred before gekxtravaganza.,49_9_temporal_fepfestival_because_gekxtravaganza_gekxtravaganza occurred before fepfestival._before
240,"wugfest happened. Therefore, gekxtravaganza happened.",therefore,wugfest occurred before gekxtravaganza.,224_4_temporal_wugfest_therefore_gekxtravaganza_wugfest occurred before gekxtravaganza._before,gekxtravaganza occurred before wugfest.,224_4_temporal_wugfest_therefore_gekxtravaganza_gekxtravaganza occurred before wugfest._before
241,"wugfest happened. Therefore, gekxtravaganza happened.",therefore,gekxtravaganza occurred after wugfest.,224_4_temporal_wugfest_therefore_gekxtravaganza_wugfest occurred after gekxtravaganza._after,wugfest occurred after gekxtravaganza.,224_4_temporal_wugfest_therefore_gekxtravaganza_gekxtravaganza occurred after wugfest._after
242,"wugfest happened. Then, blicketbash happened.",then,wugfest occurred after blicketbash.,201_1_temporal_wugfest_then_blicketbash_wugfest occurred after blicketbash._after,blicketbash occurred after wugfest.,201_1_temporal_wugfest_then_blicketbash_blicketbash occurred after wugfest._after
243,"wugfest happened. Then, blicketbash happened.",then,blicketbash occurred before wugfest.,201_1_temporal_wugfest_then_blicketbash_wugfest occurred before blicketbash._before,wugfest occurred before blicketbash.,201_1_temporal_wugfest_then_blicketbash_blicketbash occurred before wugfest._before
244,"daxday happened. Next, fepfestival happened.",next,daxday occurred after fepfestival.,144_4_temporal_daxday_next_fepfestival_daxday occurred after fepfestival._after,fepfestival occurred after daxday.,144_4_temporal_daxday_next_fepfestival_fepfestival occurred after daxday._after
245,"daxday happened. Next, fepfestival happened.",next,fepfestival occurred before daxday.,144_4_temporal_daxday_next_fepfestival_daxday occurred before fepfestival._after,daxday occurred before fepfestival.,144_4_temporal_daxday_next_fepfestival_fepfestival occurred before daxday._after
246,"fepfestival happened. Later, gekxtravaganza happened.",later,fepfestival occurred after gekxtravaganza.,135_5_temporal_fepfestival_later_gekxtravaganza_fepfestival occurred after gekxtravaganza._after,gekxtravaganza occurred after fepfestival.,135_5_temporal_fepfestival_later_gekxtravaganza_gekxtravaganza occurred after fepfestival._after
247,"fepfestival happened. Later, gekxtravaganza happened.",later,gekxtravaganza occurred before fepfestival.,135_5_temporal_fepfestival_later_gekxtravaganza_fepfestival occurred before gekxtravaganza._before,fepfestival occurred before gekxtravaganza.,135_5_temporal_fepfestival_later_gekxtravaganza_gekxtravaganza occurred before fepfestival._before
248,"blicketbash happened. Subsequently, gekxtravaganza happened.",subsequently,blicketbash occurred after gekxtravaganza.,200_10_temporal_blicketbash_subsequently_gekxtravaganza_blicketbash occurred after gekxtravaganza._after,gekxtravaganza occurred after blicketbash.,200_10_temporal_blicketbash_subsequently_gekxtravaganza_gekxtravaganza occurred after blicketbash._after
249,"blicketbash happened. Subsequently, gekxtravaganza happened.",subsequently,gekxtravaganza occurred before blicketbash.,200_10_temporal_blicketbash_subsequently_gekxtravaganza_blicketbash occurred before gekxtravaganza._after,blicketbash occurred before gekxtravaganza.,200_10_temporal_blicketbash_subsequently_gekxtravaganza_gekxtravaganza occurred before blicketbash._after
250,"After fepfestival, wugfest happened.",after,wugfest occurred before fepfestival.,7_7_temporal_wugfest_after_fepfestival_wugfest occurred before fepfestival._before,fepfestival occurred before wugfest.,7_7_temporal_wugfest_after_fepfestival_fepfestival occurred before wugfest._before
251,"After fepfestival, wugfest happened.",after,fepfestival occurred after wugfest.,7_7_temporal_wugfest_after_fepfestival_wugfest occurred after fepfestival._before,wugfest occurred after fepfestival.,7_7_temporal_wugfest_after_fepfestival_fepfestival occurred after wugfest._before
252,gekxtravaganza happened even before blicketbash.,even before,blicketbash occurred after gekxtravaganza.,100_10_temporal_blicketbash_even before_gekxtravaganza_blicketbash occurred after gekxtravaganza._after,gekxtravaganza occurred after blicketbash.,100_10_temporal_blicketbash_even before_gekxtravaganza_gekxtravaganza occurred after blicketbash._after
253,gekxtravaganza happened even before blicketbash.,even before,gekxtravaganza occurred before blicketbash.,100_10_temporal_blicketbash_even before_gekxtravaganza_blicketbash occurred before gekxtravaganza._after,blicketbash occurred before gekxtravaganza.,100_10_temporal_blicketbash_even before_gekxtravaganza_gekxtravaganza occurred before blicketbash._after
254,"daxday happened. Later, blicketbash happened.",later,daxday occurred after blicketbash.,136_6_temporal_daxday_later_blicketbash_daxday occurred after blicketbash._after,blicketbash occurred after daxday.,136_6_temporal_daxday_later_blicketbash_blicketbash occurred after daxday._after
255,"daxday happened. Later, blicketbash happened.",later,blicketbash occurred before daxday.,136_6_temporal_daxday_later_blicketbash_daxday occurred before blicketbash._before,daxday occurred before blicketbash.,136_6_temporal_daxday_later_blicketbash_blicketbash occurred before daxday._before
256,"wugfest happened. Later, blicketbash happened.",later,wugfest occurred after blicketbash.,132_2_temporal_wugfest_later_blicketbash_wugfest occurred after blicketbash._after,blicketbash occurred after wugfest.,132_2_temporal_wugfest_later_blicketbash_blicketbash occurred after wugfest._after
257,"wugfest happened. Later, blicketbash happened.",later,blicketbash occurred before wugfest.,132_2_temporal_wugfest_later_blicketbash_wugfest occurred before blicketbash._after,wugfest occurred before blicketbash.,132_2_temporal_wugfest_later_blicketbash_blicketbash occurred before wugfest._after
258,"Before gekxtravaganza, daxday happened.",before,daxday occurred after gekxtravaganza.,58_8_temporal_daxday_before_gekxtravaganza_daxday occurred after gekxtravaganza._after,gekxtravaganza occurred after daxday.,58_8_temporal_daxday_before_gekxtravaganza_gekxtravaganza occurred after daxday._after
259,"Before gekxtravaganza, daxday happened.",before,gekxtravaganza occurred before daxday.,58_8_temporal_daxday_before_gekxtravaganza_daxday occurred before gekxtravaganza._before,daxday occurred before gekxtravaganza.,58_8_temporal_daxday_before_gekxtravaganza_gekxtravaganza occurred before daxday._before
260,"because fepfestival happened, wugfest happened.",because,wugfest occurred before fepfestival.,41_1_temporal_wugfest_because_fepfestival_wugfest occurred before fepfestival._before,fepfestival occurred before wugfest.,41_1_temporal_wugfest_because_fepfestival_fepfestival occurred before wugfest._before
261,"because fepfestival happened, wugfest happened.",because,fepfestival occurred after wugfest.,41_1_temporal_wugfest_because_fepfestival_wugfest occurred after fepfestival._after,wugfest occurred after fepfestival.,41_1_temporal_wugfest_because_fepfestival_fepfestival occurred after wugfest._after
262,"wugfest happened. Subsequently, fepfestival happened.",subsequently,wugfest occurred before fepfestival.,197_7_temporal_wugfest_subsequently_fepfestival_wugfest occurred before fepfestival._before,fepfestival occurred before wugfest.,197_7_temporal_wugfest_subsequently_fepfestival_fepfestival occurred before wugfest._before
263,"wugfest happened. Subsequently, fepfestival happened.",subsequently,fepfestival occurred after wugfest.,197_7_temporal_wugfest_subsequently_fepfestival_wugfest occurred after fepfestival._before,wugfest occurred after fepfestival.,197_7_temporal_wugfest_subsequently_fepfestival_fepfestival occurred after wugfest._before
264,wugfest happened because gekxtravaganza happened.,because,wugfest occurred after gekxtravaganza.,45_5_temporal_wugfest_because_gekxtravaganza_wugfest occurred after gekxtravaganza._after,gekxtravaganza occurred after wugfest.,45_5_temporal_wugfest_because_gekxtravaganza_gekxtravaganza occurred after wugfest._after
265,wugfest happened because gekxtravaganza happened.,because,gekxtravaganza occurred before wugfest.,45_5_temporal_wugfest_because_gekxtravaganza_wugfest occurred before gekxtravaganza._after,wugfest occurred before gekxtravaganza.,45_5_temporal_wugfest_because_gekxtravaganza_gekxtravaganza occurred before wugfest._after
266,"daxday happened. Thereafter, blicketbash happened.",thereafter,daxday occurred before blicketbash.,217_7_temporal_daxday_thereafter_blicketbash_daxday occurred before blicketbash._before,blicketbash occurred before daxday.,217_7_temporal_daxday_thereafter_blicketbash_blicketbash occurred before daxday._before
267,"daxday happened. Thereafter, blicketbash happened.",thereafter,blicketbash occurred after daxday.,217_7_temporal_daxday_thereafter_blicketbash_daxday occurred after blicketbash._before,daxday occurred after blicketbash.,217_7_temporal_daxday_thereafter_blicketbash_blicketbash occurred after daxday._before
268,"As soon as gekxtravaganza finished, daxday happened.",as soon as,daxday occurred before gekxtravaganza.,21_1_temporal_daxday_as soon as_gekxtravaganza_daxday occurred before gekxtravaganza._before,gekxtravaganza occurred before daxday.,21_1_temporal_daxday_as soon as_gekxtravaganza_gekxtravaganza occurred before daxday._before
269,"As soon as gekxtravaganza finished, daxday happened.",as soon as,gekxtravaganza occurred after daxday.,21_1_temporal_daxday_as soon as_gekxtravaganza_daxday occurred after gekxtravaganza._after,daxday occurred after gekxtravaganza.,21_1_temporal_daxday_as soon as_gekxtravaganza_gekxtravaganza occurred after daxday._after
270,"fepfestival happened. Therefore, blicketbash happened.",therefore,fepfestival occurred before blicketbash.,230_10_temporal_fepfestival_therefore_blicketbash_fepfestival occurred before blicketbash._before,blicketbash occurred before fepfestival.,230_10_temporal_fepfestival_therefore_blicketbash_blicketbash occurred before fepfestival._before
271,"fepfestival happened. Therefore, blicketbash happened.",therefore,blicketbash occurred after fepfestival.,230_10_temporal_fepfestival_therefore_blicketbash_fepfestival occurred after blicketbash._before,fepfestival occurred after blicketbash.,230_10_temporal_fepfestival_therefore_blicketbash_blicketbash occurred after fepfestival._before
272,"daxday happened. So, gekxtravaganza happened.",so,daxday occurred before gekxtravaganza.,188_8_temporal_daxday_so_gekxtravaganza_daxday occurred before gekxtravaganza._before,gekxtravaganza occurred before daxday.,188_8_temporal_daxday_so_gekxtravaganza_gekxtravaganza occurred before daxday._before
273,"daxday happened. So, gekxtravaganza happened.",so,gekxtravaganza occurred after daxday.,188_8_temporal_daxday_so_gekxtravaganza_daxday occurred after gekxtravaganza._after,daxday occurred after gekxtravaganza.,188_8_temporal_daxday_so_gekxtravaganza_gekxtravaganza occurred after daxday._after
274,"fepfestival happened. Finally, blicketbash happened.",finally,fepfestival occurred after blicketbash.,118_8_temporal_fepfestival_finally_blicketbash_fepfestival occurred after blicketbash._after,blicketbash occurred after fepfestival.,118_8_temporal_fepfestival_finally_blicketbash_blicketbash occurred after fepfestival._after
275,"fepfestival happened. Finally, blicketbash happened.",finally,blicketbash occurred before fepfestival.,118_8_temporal_fepfestival_finally_blicketbash_fepfestival occurred before blicketbash._before,fepfestival occurred before blicketbash.,118_8_temporal_fepfestival_finally_blicketbash_blicketbash occurred before fepfestival._before
276,blicketbash happened before gekxtravaganza.,before,blicketbash occurred before gekxtravaganza.,53_3_temporal_blicketbash_before_gekxtravaganza_blicketbash occurred before gekxtravaganza._before,gekxtravaganza occurred before blicketbash.,53_3_temporal_blicketbash_before_gekxtravaganza_gekxtravaganza occurred before blicketbash._before
277,blicketbash happened before gekxtravaganza.,before,gekxtravaganza occurred after blicketbash.,53_3_temporal_blicketbash_before_gekxtravaganza_blicketbash occurred after gekxtravaganza._after,blicketbash occurred after gekxtravaganza.,53_3_temporal_blicketbash_before_gekxtravaganza_gekxtravaganza occurred after blicketbash._after
278,"fepfestival happened. Earlier, blicketbash had happened.",earlier,fepfestival occurred before blicketbash.,75_5_temporal_fepfestival_earlier_blicketbash_fepfestival occurred before blicketbash._before,blicketbash occurred before fepfestival.,75_5_temporal_fepfestival_earlier_blicketbash_blicketbash occurred before fepfestival._before
279,"fepfestival happened. Earlier, blicketbash had happened.",earlier,blicketbash occurred after fepfestival.,75_5_temporal_fepfestival_earlier_blicketbash_fepfestival occurred after blicketbash._before,fepfestival occurred after blicketbash.,75_5_temporal_fepfestival_earlier_blicketbash_blicketbash occurred after fepfestival._before
280,"wugfest happened. Previously, blicketbash happened.",previously,wugfest occurred after blicketbash.,168_8_temporal_wugfest_previously_blicketbash_wugfest occurred after blicketbash._after,blicketbash occurred after wugfest.,168_8_temporal_wugfest_previously_blicketbash_blicketbash occurred after wugfest._after
281,"wugfest happened. Previously, blicketbash happened.",previously,blicketbash occurred before wugfest.,168_8_temporal_wugfest_previously_blicketbash_wugfest occurred before blicketbash._after,wugfest occurred before blicketbash.,168_8_temporal_wugfest_previously_blicketbash_blicketbash occurred before wugfest._after
282,"Since gekxtravaganza happened, daxday happened.",since,daxday occurred before gekxtravaganza.,177_7_temporal_daxday_since_gekxtravaganza_daxday occurred before gekxtravaganza._before,gekxtravaganza occurred before daxday.,177_7_temporal_daxday_since_gekxtravaganza_gekxtravaganza occurred before daxday._before
283,"Since gekxtravaganza happened, daxday happened.",since,gekxtravaganza occurred after daxday.,177_7_temporal_daxday_since_gekxtravaganza_daxday occurred after gekxtravaganza._before,daxday occurred after gekxtravaganza.,177_7_temporal_daxday_since_gekxtravaganza_gekxtravaganza occurred after daxday._before
284,"because gekxtravaganza happened, daxday happened.",because,daxday occurred before gekxtravaganza.,50_10_temporal_daxday_because_gekxtravaganza_daxday occurred before gekxtravaganza._before,gekxtravaganza occurred before daxday.,50_10_temporal_daxday_because_gekxtravaganza_gekxtravaganza occurred before daxday._before
285,"because gekxtravaganza happened, daxday happened.",because,gekxtravaganza occurred after daxday.,50_10_temporal_daxday_because_gekxtravaganza_daxday occurred after gekxtravaganza._after,daxday occurred after gekxtravaganza.,50_10_temporal_daxday_because_gekxtravaganza_gekxtravaganza occurred after daxday._after
286,"fepfestival happened. Hence, blicketbash happened.",hence,fepfestival occurred after blicketbash.,122_2_temporal_fepfestival_hence_blicketbash_fepfestival occurred after blicketbash._after,blicketbash occurred after fepfestival.,122_2_temporal_fepfestival_hence_blicketbash_blicketbash occurred after fepfestival._after
287,"fepfestival happened. Hence, blicketbash happened.",hence,blicketbash occurred before fepfestival.,122_2_temporal_fepfestival_hence_blicketbash_fepfestival occurred before blicketbash._before,fepfestival occurred before blicketbash.,122_2_temporal_fepfestival_hence_blicketbash_blicketbash occurred before fepfestival._before
288,wugfest happened since blicketbash happened.,since,wugfest occurred after blicketbash.,178_8_temporal_wugfest_since_blicketbash_wugfest occurred after blicketbash._after,blicketbash occurred after wugfest.,178_8_temporal_wugfest_since_blicketbash_blicketbash occurred after wugfest._after
289,wugfest happened since blicketbash happened.,since,blicketbash occurred before wugfest.,178_8_temporal_wugfest_since_blicketbash_wugfest occurred before blicketbash._after,wugfest occurred before blicketbash.,178_8_temporal_wugfest_since_blicketbash_blicketbash occurred before wugfest._after
290,blicketbash happened after gekxtravaganza.,after,blicketbash occurred after gekxtravaganza.,4_4_temporal_blicketbash_after_gekxtravaganza_blicketbash occurred after gekxtravaganza._after,gekxtravaganza occurred after blicketbash.,4_4_temporal_blicketbash_after_gekxtravaganza_gekxtravaganza occurred after blicketbash._after
291,blicketbash happened after gekxtravaganza.,after,gekxtravaganza occurred before blicketbash.,4_4_temporal_blicketbash_after_gekxtravaganza_blicketbash occurred before gekxtravaganza._before,blicketbash occurred before gekxtravaganza.,4_4_temporal_blicketbash_after_gekxtravaganza_gekxtravaganza occurred before blicketbash._before
292,"blicketbash happened. Later, gekxtravaganza happened.",later,blicketbash occurred before gekxtravaganza.,140_10_temporal_blicketbash_later_gekxtravaganza_blicketbash occurred before gekxtravaganza._before,gekxtravaganza occurred before blicketbash.,140_10_temporal_blicketbash_later_gekxtravaganza_gekxtravaganza occurred before blicketbash._before
293,"blicketbash happened. Later, gekxtravaganza happened.",later,gekxtravaganza occurred after blicketbash.,140_10_temporal_blicketbash_later_gekxtravaganza_blicketbash occurred after gekxtravaganza._after,blicketbash occurred after gekxtravaganza.,140_10_temporal_blicketbash_later_gekxtravaganza_gekxtravaganza occurred after blicketbash._after
294,"wugfest happened. Next, blicketbash happened.",next,wugfest occurred before blicketbash.,143_3_temporal_wugfest_next_blicketbash_wugfest occurred before blicketbash._before,blicketbash occurred before wugfest.,143_3_temporal_wugfest_next_blicketbash_blicketbash occurred before wugfest._before
295,"wugfest happened. Next, blicketbash happened.",next,blicketbash occurred after wugfest.,143_3_temporal_wugfest_next_blicketbash_wugfest occurred after blicketbash._before,wugfest occurred after blicketbash.,143_3_temporal_wugfest_next_blicketbash_blicketbash occurred after wugfest._before
296,"daxday happened. Afterwards, blicketbash happened.",afterwards,daxday occurred after blicketbash.,13_3_temporal_daxday_afterwards_blicketbash_daxday occurred after blicketbash._after,blicketbash occurred after daxday.,13_3_temporal_daxday_afterwards_blicketbash_blicketbash occurred after daxday._after
297,"daxday happened. Afterwards, blicketbash happened.",afterwards,blicketbash occurred before daxday.,13_3_temporal_daxday_afterwards_blicketbash_daxday occurred before blicketbash._after,daxday occurred before blicketbash.,13_3_temporal_daxday_afterwards_blicketbash_blicketbash occurred before daxday._after
298,"As soon as daxday finished, wugfest happened.",as soon as,wugfest occurred after daxday.,27_7_temporal_wugfest_as soon as_daxday_wugfest occurred after daxday._after,daxday occurred after wugfest.,27_7_temporal_wugfest_as soon as_daxday_daxday occurred after wugfest._after
299,"As soon as daxday finished, wugfest happened.",as soon as,daxday occurred before wugfest.,27_7_temporal_wugfest_as soon as_daxday_wugfest occurred before daxday._before,wugfest occurred before daxday.,27_7_temporal_wugfest_as soon as_daxday_daxday occurred before wugfest._before
300,"wugfest happened. Subsequently, blicketbash happened.",subsequently,wugfest occurred before blicketbash.,192_2_temporal_wugfest_subsequently_blicketbash_wugfest occurred before blicketbash._before,blicketbash occurred before wugfest.,192_2_temporal_wugfest_subsequently_blicketbash_blicketbash occurred before wugfest._before
301,"wugfest happened. Subsequently, blicketbash happened.",subsequently,blicketbash occurred after wugfest.,192_2_temporal_wugfest_subsequently_blicketbash_wugfest occurred after blicketbash._after,wugfest occurred after blicketbash.,192_2_temporal_wugfest_subsequently_blicketbash_blicketbash occurred after wugfest._after
302,"daxday happened. Then, gekxtravaganza happened.",then,daxday occurred after gekxtravaganza.,202_2_temporal_daxday_then_gekxtravaganza_daxday occurred after gekxtravaganza._after,gekxtravaganza occurred after daxday.,202_2_temporal_daxday_then_gekxtravaganza_gekxtravaganza occurred after daxday._after
303,"daxday happened. Then, gekxtravaganza happened.",then,gekxtravaganza occurred before daxday.,202_2_temporal_daxday_then_gekxtravaganza_daxday occurred before gekxtravaganza._before,daxday occurred before gekxtravaganza.,202_2_temporal_daxday_then_gekxtravaganza_gekxtravaganza occurred before daxday._before
304,"wugfest happened. Afterwards, daxday happened.",afterwards,wugfest occurred before daxday.,15_5_temporal_wugfest_afterwards_daxday_wugfest occurred before daxday._before,daxday occurred before wugfest.,15_5_temporal_wugfest_afterwards_daxday_daxday occurred before wugfest._before
305,"wugfest happened. Afterwards, daxday happened.",afterwards,daxday occurred after wugfest.,15_5_temporal_wugfest_afterwards_daxday_wugfest occurred after daxday._after,wugfest occurred after daxday.,15_5_temporal_wugfest_afterwards_daxday_daxday occurred after wugfest._after
306,"As soon as gekxtravaganza finished, fepfestival happened.",as soon as,fepfestival occurred before gekxtravaganza.,24_4_temporal_fepfestival_as soon as_gekxtravaganza_fepfestival occurred before gekxtravaganza._before,gekxtravaganza occurred before fepfestival.,24_4_temporal_fepfestival_as soon as_gekxtravaganza_gekxtravaganza occurred before fepfestival._before
307,"As soon as gekxtravaganza finished, fepfestival happened.",as soon as,gekxtravaganza occurred after fepfestival.,24_4_temporal_fepfestival_as soon as_gekxtravaganza_fepfestival occurred after gekxtravaganza._before,fepfestival occurred after gekxtravaganza.,24_4_temporal_fepfestival_as soon as_gekxtravaganza_gekxtravaganza occurred after fepfestival._before
308,"daxday happened. Consequently, gekxtravaganza happened.",consequently,daxday occurred after gekxtravaganza.,65_5_temporal_daxday_consequently_gekxtravaganza_daxday occurred after gekxtravaganza._after,gekxtravaganza occurred after daxday.,65_5_temporal_daxday_consequently_gekxtravaganza_gekxtravaganza occurred after daxday._after
309,"daxday happened. Consequently, gekxtravaganza happened.",consequently,gekxtravaganza occurred before daxday.,65_5_temporal_daxday_consequently_gekxtravaganza_daxday occurred before gekxtravaganza._after,daxday occurred before gekxtravaganza.,65_5_temporal_daxday_consequently_gekxtravaganza_gekxtravaganza occurred before daxday._after
310,"fepfestival happened. Thereafter, blicketbash happened.",thereafter,fepfestival occurred after blicketbash.,213_3_temporal_fepfestival_thereafter_blicketbash_fepfestival occurred after blicketbash._after,blicketbash occurred after fepfestival.,213_3_temporal_fepfestival_thereafter_blicketbash_blicketbash occurred after fepfestival._after
311,"fepfestival happened. Thereafter, blicketbash happened.",thereafter,blicketbash occurred before fepfestival.,213_3_temporal_fepfestival_thereafter_blicketbash_fepfestival occurred before blicketbash._before,fepfestival occurred before blicketbash.,213_3_temporal_fepfestival_thereafter_blicketbash_blicketbash occurred before fepfestival._before
312,blicketbash happened as a result of fepfestival.,as a result,fepfestival occurred before blicketbash.,37_7_temporal_fepfestival_as a result_blicketbash_fepfestival occurred before blicketbash._before,blicketbash occurred before fepfestival.,37_7_temporal_fepfestival_as a result_blicketbash_blicketbash occurred before fepfestival._before
313,blicketbash happened as a result of fepfestival.,as a result,blicketbash occurred after fepfestival.,37_7_temporal_fepfestival_as a result_blicketbash_fepfestival occurred after blicketbash._after,fepfestival occurred after blicketbash.,37_7_temporal_fepfestival_as a result_blicketbash_blicketbash occurred after fepfestival._after
314,"daxday happened. Hence, blicketbash happened.",hence,daxday occurred after blicketbash.,123_3_temporal_daxday_hence_blicketbash_daxday occurred after blicketbash._after,blicketbash occurred after daxday.,123_3_temporal_daxday_hence_blicketbash_blicketbash occurred after daxday._after
315,"daxday happened. Hence, blicketbash happened.",hence,blicketbash occurred before daxday.,123_3_temporal_daxday_hence_blicketbash_daxday occurred before blicketbash._before,daxday occurred before blicketbash.,123_3_temporal_daxday_hence_blicketbash_blicketbash occurred before daxday._before
316,"daxday happened. Then, blicketbash happened.",then,daxday occurred before blicketbash.,209_9_temporal_daxday_then_blicketbash_daxday occurred before blicketbash._before,blicketbash occurred before daxday.,209_9_temporal_daxday_then_blicketbash_blicketbash occurred before daxday._before
317,"daxday happened. Then, blicketbash happened.",then,blicketbash occurred after daxday.,209_9_temporal_daxday_then_blicketbash_daxday occurred after blicketbash._after,daxday occurred after blicketbash.,209_9_temporal_daxday_then_blicketbash_blicketbash occurred after daxday._after
318,"fepfestival happened. Finally, gekxtravaganza happened.",finally,fepfestival occurred before gekxtravaganza.,112_2_temporal_fepfestival_finally_gekxtravaganza_fepfestival occurred before gekxtravaganza._before,gekxtravaganza occurred before fepfestival.,112_2_temporal_fepfestival_finally_gekxtravaganza_gekxtravaganza occurred before fepfestival._before
319,"fepfestival happened. Finally, gekxtravaganza happened.",finally,gekxtravaganza occurred after fepfestival.,112_2_temporal_fepfestival_finally_gekxtravaganza_fepfestival occurred after gekxtravaganza._before,fepfestival occurred after gekxtravaganza.,112_2_temporal_fepfestival_finally_gekxtravaganza_gekxtravaganza occurred after fepfestival._before
320,"Even before wugfest, fepfestival happened.",even before,wugfest occurred after fepfestival.,93_3_temporal_wugfest_even before_fepfestival_wugfest occurred after fepfestival._after,fepfestival occurred after wugfest.,93_3_temporal_wugfest_even before_fepfestival_fepfestival occurred after wugfest._after
321,"Even before wugfest, fepfestival happened.",even before,fepfestival occurred before wugfest.,93_3_temporal_wugfest_even before_fepfestival_wugfest occurred before fepfestival._after,wugfest occurred before fepfestival.,93_3_temporal_wugfest_even before_fepfestival_fepfestival occurred before wugfest._after
322,"daxday happened. Consequently, blicketbash happened.",consequently,daxday occurred before blicketbash.,69_9_temporal_daxday_consequently_blicketbash_daxday occurred before blicketbash._before,blicketbash occurred before daxday.,69_9_temporal_daxday_consequently_blicketbash_blicketbash occurred before daxday._before
323,"daxday happened. Consequently, blicketbash happened.",consequently,blicketbash occurred after daxday.,69_9_temporal_daxday_consequently_blicketbash_daxday occurred after blicketbash._before,daxday occurred after blicketbash.,69_9_temporal_daxday_consequently_blicketbash_blicketbash occurred after daxday._before
324,"daxday happened. Later, fepfestival happened.",later,daxday occurred after fepfestival.,138_8_temporal_daxday_later_fepfestival_daxday occurred after fepfestival._after,fepfestival occurred after daxday.,138_8_temporal_daxday_later_fepfestival_fepfestival occurred after daxday._after
325,"daxday happened. Later, fepfestival happened.",later,fepfestival occurred before daxday.,138_8_temporal_daxday_later_fepfestival_daxday occurred before fepfestival._after,daxday occurred before fepfestival.,138_8_temporal_daxday_later_fepfestival_fepfestival occurred before daxday._after
326,"wugfest happened. Therefore, daxday happened.",therefore,wugfest occurred before daxday.,229_9_temporal_wugfest_therefore_daxday_wugfest occurred before daxday._before,daxday occurred before wugfest.,229_9_temporal_wugfest_therefore_daxday_daxday occurred before wugfest._before
327,"wugfest happened. Therefore, daxday happened.",therefore,daxday occurred after wugfest.,229_9_temporal_wugfest_therefore_daxday_wugfest occurred after daxday._before,wugfest occurred after daxday.,229_9_temporal_wugfest_therefore_daxday_daxday occurred after wugfest._before
328,"daxday happened. So, blicketbash happened.",so,daxday occurred after blicketbash.,190_10_temporal_daxday_so_blicketbash_daxday occurred after blicketbash._after,blicketbash occurred after daxday.,190_10_temporal_daxday_so_blicketbash_blicketbash occurred after daxday._after
329,"daxday happened. So, blicketbash happened.",so,blicketbash occurred before daxday.,190_10_temporal_daxday_so_blicketbash_daxday occurred before blicketbash._after,daxday occurred before blicketbash.,190_10_temporal_daxday_so_blicketbash_blicketbash occurred before daxday._after
330,"wugfest happened. Hence, daxday happened.",hence,wugfest occurred before daxday.,124_4_temporal_wugfest_hence_daxday_wugfest occurred before daxday._before,daxday occurred before wugfest.,124_4_temporal_wugfest_hence_daxday_daxday occurred before wugfest._before
331,"wugfest happened. Hence, daxday happened.",hence,daxday occurred after wugfest.,124_4_temporal_wugfest_hence_daxday_wugfest occurred after daxday._before,wugfest occurred after daxday.,124_4_temporal_wugfest_hence_daxday_daxday occurred after wugfest._before
332,"fepfestival happened. Afterwards, blicketbash happened.",afterwards,fepfestival occurred before blicketbash.,20_10_temporal_fepfestival_afterwards_blicketbash_fepfestival occurred before blicketbash._before,blicketbash occurred before fepfestival.,20_10_temporal_fepfestival_afterwards_blicketbash_blicketbash occurred before fepfestival._before
333,"fepfestival happened. Afterwards, blicketbash happened.",afterwards,blicketbash occurred after fepfestival.,20_10_temporal_fepfestival_afterwards_blicketbash_fepfestival occurred after blicketbash._after,fepfestival occurred after blicketbash.,20_10_temporal_fepfestival_afterwards_blicketbash_blicketbash occurred after fepfestival._after
334,"daxday happened. Previously, fepfestival happened.",previously,daxday occurred before fepfestival.,162_2_temporal_daxday_previously_fepfestival_daxday occurred before fepfestival._before,fepfestival occurred before daxday.,162_2_temporal_daxday_previously_fepfestival_fepfestival occurred before daxday._before
335,"daxday happened. Previously, fepfestival happened.",previously,fepfestival occurred after daxday.,162_2_temporal_daxday_previously_fepfestival_daxday occurred after fepfestival._before,daxday occurred after fepfestival.,162_2_temporal_daxday_previously_fepfestival_fepfestival occurred after daxday._before
336,"blicketbash happened. Therefore, gekxtravaganza happened.",therefore,blicketbash occurred after gekxtravaganza.,223_3_temporal_blicketbash_therefore_gekxtravaganza_blicketbash occurred after gekxtravaganza._after,gekxtravaganza occurred after blicketbash.,223_3_temporal_blicketbash_therefore_gekxtravaganza_gekxtravaganza occurred after blicketbash._after
337,"blicketbash happened. Therefore, gekxtravaganza happened.",therefore,gekxtravaganza occurred before blicketbash.,223_3_temporal_blicketbash_therefore_gekxtravaganza_blicketbash occurred before gekxtravaganza._after,blicketbash occurred before gekxtravaganza.,223_3_temporal_blicketbash_therefore_gekxtravaganza_gekxtravaganza occurred before blicketbash._after
338,"daxday happened. Afterwards, fepfestival happened.",afterwards,daxday occurred after fepfestival.,14_4_temporal_daxday_afterwards_fepfestival_daxday occurred after fepfestival._after,fepfestival occurred after daxday.,14_4_temporal_daxday_afterwards_fepfestival_fepfestival occurred after daxday._after
339,"daxday happened. Afterwards, fepfestival happened.",afterwards,fepfestival occurred before daxday.,14_4_temporal_daxday_afterwards_fepfestival_daxday occurred before fepfestival._before,daxday occurred before fepfestival.,14_4_temporal_daxday_afterwards_fepfestival_fepfestival occurred before daxday._before
340,"After blicketbash, fepfestival happened.",after,fepfestival occurred before blicketbash.,5_5_temporal_fepfestival_after_blicketbash_fepfestival occurred before blicketbash._before,blicketbash occurred before fepfestival.,5_5_temporal_fepfestival_after_blicketbash_blicketbash occurred before fepfestival._before
341,"After blicketbash, fepfestival happened.",after,blicketbash occurred after fepfestival.,5_5_temporal_fepfestival_after_blicketbash_fepfestival occurred after blicketbash._after,fepfestival occurred after blicketbash.,5_5_temporal_fepfestival_after_blicketbash_blicketbash occurred after fepfestival._after
342,"blicketbash happened. Hence, gekxtravaganza happened.",hence,blicketbash occurred before gekxtravaganza.,130_10_temporal_blicketbash_hence_gekxtravaganza_blicketbash occurred before gekxtravaganza._before,gekxtravaganza occurred before blicketbash.,130_10_temporal_blicketbash_hence_gekxtravaganza_gekxtravaganza occurred before blicketbash._before
343,"blicketbash happened. Hence, gekxtravaganza happened.",hence,gekxtravaganza occurred after blicketbash.,130_10_temporal_blicketbash_hence_gekxtravaganza_blicketbash occurred after gekxtravaganza._before,blicketbash occurred after gekxtravaganza.,130_10_temporal_blicketbash_hence_gekxtravaganza_gekxtravaganza occurred after blicketbash._before
344,"Once gekxtravaganza happened, fepfestival happened.",once,fepfestival occurred after gekxtravaganza.,157_7_temporal_fepfestival_once_gekxtravaganza_fepfestival occurred after gekxtravaganza._after,gekxtravaganza occurred after fepfestival.,157_7_temporal_fepfestival_once_gekxtravaganza_gekxtravaganza occurred after fepfestival._after
345,"Once gekxtravaganza happened, fepfestival happened.",once,gekxtravaganza occurred before fepfestival.,157_7_temporal_fepfestival_once_gekxtravaganza_fepfestival occurred before gekxtravaganza._after,fepfestival occurred before gekxtravaganza.,157_7_temporal_fepfestival_once_gekxtravaganza_gekxtravaganza occurred before fepfestival._after
346,"wugfest happened. Then, fepfestival happened.",then,wugfest occurred after fepfestival.,210_10_temporal_wugfest_then_fepfestival_wugfest occurred after fepfestival._after,fepfestival occurred after wugfest.,210_10_temporal_wugfest_then_fepfestival_fepfestival occurred after wugfest._after
347,"wugfest happened. Then, fepfestival happened.",then,fepfestival occurred before wugfest.,210_10_temporal_wugfest_then_fepfestival_wugfest occurred before fepfestival._before,wugfest occurred before fepfestival.,210_10_temporal_wugfest_then_fepfestival_fepfestival occurred before wugfest._before
348,"As soon as blicketbash finished, fepfestival happened.",as soon as,fepfestival occurred after blicketbash.,30_10_temporal_fepfestival_as soon as_blicketbash_fepfestival occurred after blicketbash._after,blicketbash occurred after fepfestival.,30_10_temporal_fepfestival_as soon as_blicketbash_blicketbash occurred after fepfestival._after
349,"As soon as blicketbash finished, fepfestival happened.",as soon as,blicketbash occurred before fepfestival.,30_10_temporal_fepfestival_as soon as_blicketbash_fepfestival occurred before blicketbash._after,fepfestival occurred before blicketbash.,30_10_temporal_fepfestival_as soon as_blicketbash_blicketbash occurred before fepfestival._after
350,"wugfest happened. So, daxday happened.",so,wugfest occurred after daxday.,186_6_temporal_wugfest_so_daxday_wugfest occurred after daxday._after,daxday occurred after wugfest.,186_6_temporal_wugfest_so_daxday_daxday occurred after wugfest._after
351,"wugfest happened. So, daxday happened.",so,daxday occurred before wugfest.,186_6_temporal_wugfest_so_daxday_wugfest occurred before daxday._before,wugfest occurred before daxday.,186_6_temporal_wugfest_so_daxday_daxday occurred before wugfest._before
352,wugfest happened since daxday happened.,since,wugfest occurred after daxday.,173_3_temporal_wugfest_since_daxday_wugfest occurred after daxday._after,daxday occurred after wugfest.,173_3_temporal_wugfest_since_daxday_daxday occurred after wugfest._after
353,wugfest happened since daxday happened.,since,daxday occurred before wugfest.,173_3_temporal_wugfest_since_daxday_wugfest occurred before daxday._after,wugfest occurred before daxday.,173_3_temporal_wugfest_since_daxday_daxday occurred before wugfest._after
354,"fepfestival happened. Thereafter, gekxtravaganza happened.",thereafter,fepfestival occurred before gekxtravaganza.,219_9_temporal_fepfestival_thereafter_gekxtravaganza_fepfestival occurred before gekxtravaganza._before,gekxtravaganza occurred before fepfestival.,219_9_temporal_fepfestival_thereafter_gekxtravaganza_gekxtravaganza occurred before fepfestival._before
355,"fepfestival happened. Thereafter, gekxtravaganza happened.",thereafter,gekxtravaganza occurred after fepfestival.,219_9_temporal_fepfestival_thereafter_gekxtravaganza_fepfestival occurred after gekxtravaganza._before,fepfestival occurred after gekxtravaganza.,219_9_temporal_fepfestival_thereafter_gekxtravaganza_gekxtravaganza occurred after fepfestival._before
356,daxday happened after gekxtravaganza.,after,daxday occurred after gekxtravaganza.,2_2_temporal_daxday_after_gekxtravaganza_daxday occurred after gekxtravaganza._after,gekxtravaganza occurred after daxday.,2_2_temporal_daxday_after_gekxtravaganza_gekxtravaganza occurred after daxday._after
357,daxday happened after gekxtravaganza.,after,gekxtravaganza occurred before daxday.,2_2_temporal_daxday_after_gekxtravaganza_daxday occurred before gekxtravaganza._after,daxday occurred before gekxtravaganza.,2_2_temporal_daxday_after_gekxtravaganza_gekxtravaganza occurred before daxday._after
358,"wugfest happened. Hence, gekxtravaganza happened.",hence,wugfest occurred after gekxtravaganza.,129_9_temporal_wugfest_hence_gekxtravaganza_wugfest occurred after gekxtravaganza._after,gekxtravaganza occurred after wugfest.,129_9_temporal_wugfest_hence_gekxtravaganza_gekxtravaganza occurred after wugfest._after
359,"wugfest happened. Hence, gekxtravaganza happened.",hence,gekxtravaganza occurred before wugfest.,129_9_temporal_wugfest_hence_gekxtravaganza_wugfest occurred before gekxtravaganza._before,wugfest occurred before gekxtravaganza.,129_9_temporal_wugfest_hence_gekxtravaganza_gekxtravaganza occurred before wugfest._before
360,"wugfest happened. Thereafter, fepfestival happened.",thereafter,wugfest occurred after fepfestival.,215_5_temporal_wugfest_thereafter_fepfestival_wugfest occurred after fepfestival._after,fepfestival occurred after wugfest.,215_5_temporal_wugfest_thereafter_fepfestival_fepfestival occurred after wugfest._after
361,"wugfest happened. Thereafter, fepfestival happened.",thereafter,fepfestival occurred before wugfest.,215_5_temporal_wugfest_thereafter_fepfestival_wugfest occurred before fepfestival._after,wugfest occurred before fepfestival.,215_5_temporal_wugfest_thereafter_fepfestival_fepfestival occurred before wugfest._after
362,gekxtravaganza happened as a result of fepfestival.,as a result,fepfestival occurred before gekxtravaganza.,35_5_temporal_fepfestival_as a result_gekxtravaganza_fepfestival occurred before gekxtravaganza._before,gekxtravaganza occurred before fepfestival.,35_5_temporal_fepfestival_as a result_gekxtravaganza_gekxtravaganza occurred before fepfestival._before
363,gekxtravaganza happened as a result of fepfestival.,as a result,gekxtravaganza occurred after fepfestival.,35_5_temporal_fepfestival_as a result_gekxtravaganza_fepfestival occurred after gekxtravaganza._before,fepfestival occurred after gekxtravaganza.,35_5_temporal_fepfestival_as a result_gekxtravaganza_gekxtravaganza occurred after fepfestival._before
364,"wugfest happened. Therefore, blicketbash happened.",therefore,wugfest occurred after blicketbash.,227_7_temporal_wugfest_therefore_blicketbash_wugfest occurred after blicketbash._after,blicketbash occurred after wugfest.,227_7_temporal_wugfest_therefore_blicketbash_blicketbash occurred after wugfest._after
365,"wugfest happened. Therefore, blicketbash happened.",therefore,blicketbash occurred before wugfest.,227_7_temporal_wugfest_therefore_blicketbash_wugfest occurred before blicketbash._after,wugfest occurred before blicketbash.,227_7_temporal_wugfest_therefore_blicketbash_blicketbash occurred before wugfest._after
366,wugfest happened even after fepfestival.,even after,wugfest occurred before fepfestival.,82_2_temporal_wugfest_even after_fepfestival_wugfest occurred before fepfestival._before,fepfestival occurred before wugfest.,82_2_temporal_wugfest_even after_fepfestival_fepfestival occurred before wugfest._before
367,wugfest happened even after fepfestival.,even after,fepfestival occurred after wugfest.,82_2_temporal_wugfest_even after_fepfestival_wugfest occurred after fepfestival._before,wugfest occurred after fepfestival.,82_2_temporal_wugfest_even after_fepfestival_fepfestival occurred after wugfest._before
368,"because blicketbash happened, wugfest happened.",because,wugfest occurred after blicketbash.,42_2_temporal_wugfest_because_blicketbash_wugfest occurred after blicketbash._after,blicketbash occurred after wugfest.,42_2_temporal_wugfest_because_blicketbash_blicketbash occurred after wugfest._after
369,"because blicketbash happened, wugfest happened.",because,blicketbash occurred before wugfest.,42_2_temporal_wugfest_because_blicketbash_wugfest occurred before blicketbash._after,wugfest occurred before blicketbash.,42_2_temporal_wugfest_because_blicketbash_blicketbash occurred before wugfest._after
370,"Once blicketbash happened, daxday happened.",once,daxday occurred before blicketbash.,160_10_temporal_daxday_once_blicketbash_daxday occurred before blicketbash._before,blicketbash occurred before daxday.,160_10_temporal_daxday_once_blicketbash_blicketbash occurred before daxday._before
371,"Once blicketbash happened, daxday happened.",once,blicketbash occurred after daxday.,160_10_temporal_daxday_once_blicketbash_daxday occurred after blicketbash._before,daxday occurred after blicketbash.,160_10_temporal_daxday_once_blicketbash_blicketbash occurred after daxday._before
372,"As soon as fepfestival finished, daxday happened.",as soon as,daxday occurred after fepfestival.,28_8_temporal_daxday_as soon as_fepfestival_daxday occurred after fepfestival._after,fepfestival occurred after daxday.,28_8_temporal_daxday_as soon as_fepfestival_fepfestival occurred after daxday._after
373,"As soon as fepfestival finished, daxday happened.",as soon as,fepfestival occurred before daxday.,28_8_temporal_daxday_as soon as_fepfestival_daxday occurred before fepfestival._after,daxday occurred before fepfestival.,28_8_temporal_daxday_as soon as_fepfestival_fepfestival occurred before daxday._after
374,"fepfestival happened. Next, blicketbash happened.",next,fepfestival occurred before blicketbash.,145_5_temporal_fepfestival_next_blicketbash_fepfestival occurred before blicketbash._before,blicketbash occurred before fepfestival.,145_5_temporal_fepfestival_next_blicketbash_blicketbash occurred before fepfestival._before
375,"fepfestival happened. Next, blicketbash happened.",next,blicketbash occurred after fepfestival.,145_5_temporal_fepfestival_next_blicketbash_fepfestival occurred after blicketbash._before,fepfestival occurred after blicketbash.,145_5_temporal_fepfestival_next_blicketbash_blicketbash occurred after fepfestival._before
376,"wugfest happened. Next, gekxtravaganza happened.",next,wugfest occurred after gekxtravaganza.,150_10_temporal_wugfest_next_gekxtravaganza_wugfest occurred after gekxtravaganza._after,gekxtravaganza occurred after wugfest.,150_10_temporal_wugfest_next_gekxtravaganza_gekxtravaganza occurred after wugfest._after
377,"wugfest happened. Next, gekxtravaganza happened.",next,gekxtravaganza occurred before wugfest.,150_10_temporal_wugfest_next_gekxtravaganza_wugfest occurred before gekxtravaganza._after,wugfest occurred before gekxtravaganza.,150_10_temporal_wugfest_next_gekxtravaganza_gekxtravaganza occurred before wugfest._after
378,"Even before daxday, blicketbash happened.",even before,daxday occurred before blicketbash.,97_7_temporal_daxday_even before_blicketbash_daxday occurred before blicketbash._before,blicketbash occurred before daxday.,97_7_temporal_daxday_even before_blicketbash_blicketbash occurred before daxday._before
379,"Even before daxday, blicketbash happened.",even before,blicketbash occurred after daxday.,97_7_temporal_daxday_even before_blicketbash_daxday occurred after blicketbash._before,daxday occurred after blicketbash.,97_7_temporal_daxday_even before_blicketbash_blicketbash occurred after daxday._before
380,gekxtravaganza happened as a result of blicketbash.,as a result,blicketbash occurred before gekxtravaganza.,40_10_temporal_blicketbash_as a result_gekxtravaganza_blicketbash occurred before gekxtravaganza._before,gekxtravaganza occurred before blicketbash.,40_10_temporal_blicketbash_as a result_gekxtravaganza_gekxtravaganza occurred before blicketbash._before
381,gekxtravaganza happened as a result of blicketbash.,as a result,gekxtravaganza occurred after blicketbash.,40_10_temporal_blicketbash_as a result_gekxtravaganza_blicketbash occurred after gekxtravaganza._after,blicketbash occurred after gekxtravaganza.,40_10_temporal_blicketbash_as a result_gekxtravaganza_gekxtravaganza occurred after blicketbash._after
382,"daxday happened. Then, fepfestival happened.",then,daxday occurred before fepfestival.,207_7_temporal_daxday_then_fepfestival_daxday occurred before fepfestival._before,fepfestival occurred before daxday.,207_7_temporal_daxday_then_fepfestival_fepfestival occurred before daxday._before
383,"daxday happened. Then, fepfestival happened.",then,fepfestival occurred after daxday.,207_7_temporal_daxday_then_fepfestival_daxday occurred after fepfestival._before,daxday occurred after fepfestival.,207_7_temporal_daxday_then_fepfestival_fepfestival occurred after daxday._before
384,"wugfest happened. Afterwards, gekxtravaganza happened.",afterwards,wugfest occurred before gekxtravaganza.,17_7_temporal_wugfest_afterwards_gekxtravaganza_wugfest occurred before gekxtravaganza._before,gekxtravaganza occurred before wugfest.,17_7_temporal_wugfest_afterwards_gekxtravaganza_gekxtravaganza occurred before wugfest._before
385,"wugfest happened. Afterwards, gekxtravaganza happened.",afterwards,gekxtravaganza occurred after wugfest.,17_7_temporal_wugfest_afterwards_gekxtravaganza_wugfest occurred after gekxtravaganza._after,wugfest occurred after gekxtravaganza.,17_7_temporal_wugfest_afterwards_gekxtravaganza_gekxtravaganza occurred after wugfest._after
386,"daxday happened. Finally, gekxtravaganza happened.",finally,daxday occurred before gekxtravaganza.,120_10_temporal_daxday_finally_gekxtravaganza_daxday occurred before gekxtravaganza._before,gekxtravaganza occurred before daxday.,120_10_temporal_daxday_finally_gekxtravaganza_gekxtravaganza occurred before daxday._before
387,"daxday happened. Finally, gekxtravaganza happened.",finally,gekxtravaganza occurred after daxday.,120_10_temporal_daxday_finally_gekxtravaganza_daxday occurred after gekxtravaganza._before,daxday occurred after gekxtravaganza.,120_10_temporal_daxday_finally_gekxtravaganza_gekxtravaganza occurred after daxday._before
388,daxday happened even after gekxtravaganza.,even after,daxday occurred before gekxtravaganza.,81_1_temporal_daxday_even after_gekxtravaganza_daxday occurred before gekxtravaganza._before,gekxtravaganza occurred before daxday.,81_1_temporal_daxday_even after_gekxtravaganza_gekxtravaganza occurred before daxday._before
389,daxday happened even after gekxtravaganza.,even after,gekxtravaganza occurred after daxday.,81_1_temporal_daxday_even after_gekxtravaganza_daxday occurred after gekxtravaganza._after,daxday occurred after gekxtravaganza.,81_1_temporal_daxday_even after_gekxtravaganza_gekxtravaganza occurred after daxday._after
390,blicketbash happened since gekxtravaganza happened.,since,blicketbash occurred after gekxtravaganza.,174_4_temporal_blicketbash_since_gekxtravaganza_blicketbash occurred after gekxtravaganza._after,gekxtravaganza occurred after blicketbash.,174_4_temporal_blicketbash_since_gekxtravaganza_gekxtravaganza occurred after blicketbash._after
391,blicketbash happened since gekxtravaganza happened.,since,gekxtravaganza occurred before blicketbash.,174_4_temporal_blicketbash_since_gekxtravaganza_blicketbash occurred before gekxtravaganza._before,blicketbash occurred before gekxtravaganza.,174_4_temporal_blicketbash_since_gekxtravaganza_gekxtravaganza occurred before blicketbash._before
392,"daxday happened. Consequently, fepfestival happened.",consequently,daxday occurred before fepfestival.,63_3_temporal_daxday_consequently_fepfestival_daxday occurred before fepfestival._before,fepfestival occurred before daxday.,63_3_temporal_daxday_consequently_fepfestival_fepfestival occurred before daxday._before
393,"daxday happened. Consequently, fepfestival happened.",consequently,fepfestival occurred after daxday.,63_3_temporal_daxday_consequently_fepfestival_daxday occurred after fepfestival._after,daxday occurred after fepfestival.,63_3_temporal_daxday_consequently_fepfestival_fepfestival occurred after daxday._after
394,"daxday happened. Subsequently, blicketbash happened.",subsequently,daxday occurred before blicketbash.,199_9_temporal_daxday_subsequently_blicketbash_daxday occurred before blicketbash._before,blicketbash occurred before daxday.,199_9_temporal_daxday_subsequently_blicketbash_blicketbash occurred before daxday._before
395,"daxday happened. Subsequently, blicketbash happened.",subsequently,blicketbash occurred after daxday.,199_9_temporal_daxday_subsequently_blicketbash_daxday occurred after blicketbash._before,daxday occurred after blicketbash.,199_9_temporal_daxday_subsequently_blicketbash_blicketbash occurred after daxday._before
396,wugfest happened once gekxtravaganza happened.,once,wugfest occurred before gekxtravaganza.,158_8_temporal_wugfest_once_gekxtravaganza_wugfest occurred before gekxtravaganza._before,gekxtravaganza occurred before wugfest.,158_8_temporal_wugfest_once_gekxtravaganza_gekxtravaganza occurred before wugfest._before
397,wugfest happened once gekxtravaganza happened.,once,gekxtravaganza occurred after wugfest.,158_8_temporal_wugfest_once_gekxtravaganza_wugfest occurred after gekxtravaganza._after,wugfest occurred after gekxtravaganza.,158_8_temporal_wugfest_once_gekxtravaganza_gekxtravaganza occurred after wugfest._after
398,gekxtravaganza happened as a result of daxday.,as a result,daxday occurred after gekxtravaganza.,34_4_temporal_daxday_as a result_gekxtravaganza_daxday occurred after gekxtravaganza._after,gekxtravaganza occurred after daxday.,34_4_temporal_daxday_as a result_gekxtravaganza_gekxtravaganza occurred after daxday._after
399,gekxtravaganza happened as a result of daxday.,as a result,gekxtravaganza occurred before daxday.,34_4_temporal_daxday_as a result_gekxtravaganza_daxday occurred before gekxtravaganza._before,daxday occurred before gekxtravaganza.,34_4_temporal_daxday_as a result_gekxtravaganza_gekxtravaganza occurred before daxday._before
400,"daxday happened. Earlier, fepfestival had happened.",earlier,daxday occurred before fepfestival.,73_3_temporal_daxday_earlier_fepfestival_daxday occurred before fepfestival._before,fepfestival occurred before daxday.,73_3_temporal_daxday_earlier_fepfestival_fepfestival occurred before daxday._before
401,"daxday happened. Earlier, fepfestival had happened.",earlier,fepfestival occurred after daxday.,73_3_temporal_daxday_earlier_fepfestival_daxday occurred after fepfestival._after,daxday occurred after fepfestival.,73_3_temporal_daxday_earlier_fepfestival_fepfestival occurred after daxday._after
402,wugfest happened even though daxday had happened.,even though,wugfest occurred before daxday.,110_10_temporal_wugfest_even though_daxday_wugfest occurred before daxday._before,daxday occurred before wugfest.,110_10_temporal_wugfest_even though_daxday_daxday occurred before wugfest._before
403,wugfest happened even though daxday had happened.,even though,daxday occurred after wugfest.,110_10_temporal_wugfest_even though_daxday_wugfest occurred after daxday._before,wugfest occurred after daxday.,110_10_temporal_wugfest_even though_daxday_daxday occurred after wugfest._before
404,"blicketbash happened. Thereafter, gekxtravaganza happened.",thereafter,blicketbash occurred before gekxtravaganza.,212_2_temporal_blicketbash_thereafter_gekxtravaganza_blicketbash occurred before gekxtravaganza._before,gekxtravaganza occurred before blicketbash.,212_2_temporal_blicketbash_thereafter_gekxtravaganza_gekxtravaganza occurred before blicketbash._before
405,"blicketbash happened. Thereafter, gekxtravaganza happened.",thereafter,gekxtravaganza occurred after blicketbash.,212_2_temporal_blicketbash_thereafter_gekxtravaganza_blicketbash occurred after gekxtravaganza._after,blicketbash occurred after gekxtravaganza.,212_2_temporal_blicketbash_thereafter_gekxtravaganza_gekxtravaganza occurred after blicketbash._after
406,wugfest happened as soon as gekxtravaganza finished.,as soon as,wugfest occurred before gekxtravaganza.,23_3_temporal_wugfest_as soon as_gekxtravaganza_wugfest occurred before gekxtravaganza._before,gekxtravaganza occurred before wugfest.,23_3_temporal_wugfest_as soon as_gekxtravaganza_gekxtravaganza occurred before wugfest._before
407,wugfest happened as soon as gekxtravaganza finished.,as soon as,gekxtravaganza occurred after wugfest.,23_3_temporal_wugfest_as soon as_gekxtravaganza_wugfest occurred after gekxtravaganza._before,wugfest occurred after gekxtravaganza.,23_3_temporal_wugfest_as soon as_gekxtravaganza_gekxtravaganza occurred after wugfest._before
408,"blicketbash happened. Finally, gekxtravaganza happened.",finally,blicketbash occurred after gekxtravaganza.,113_3_temporal_blicketbash_finally_gekxtravaganza_blicketbash occurred after gekxtravaganza._after,gekxtravaganza occurred after blicketbash.,113_3_temporal_blicketbash_finally_gekxtravaganza_gekxtravaganza occurred after blicketbash._after
409,"blicketbash happened. Finally, gekxtravaganza happened.",finally,gekxtravaganza occurred before blicketbash.,113_3_temporal_blicketbash_finally_gekxtravaganza_blicketbash occurred before gekxtravaganza._after,blicketbash occurred before gekxtravaganza.,113_3_temporal_blicketbash_finally_gekxtravaganza_gekxtravaganza occurred before blicketbash._after
410,"blicketbash happened. Afterwards, gekxtravaganza happened.",afterwards,blicketbash occurred before gekxtravaganza.,11_1_temporal_blicketbash_afterwards_gekxtravaganza_blicketbash occurred before gekxtravaganza._before,gekxtravaganza occurred before blicketbash.,11_1_temporal_blicketbash_afterwards_gekxtravaganza_gekxtravaganza occurred before blicketbash._before
411,"blicketbash happened. Afterwards, gekxtravaganza happened.",afterwards,gekxtravaganza occurred after blicketbash.,11_1_temporal_blicketbash_afterwards_gekxtravaganza_blicketbash occurred after gekxtravaganza._before,blicketbash occurred after gekxtravaganza.,11_1_temporal_blicketbash_afterwards_gekxtravaganza_gekxtravaganza occurred after blicketbash._before
412,"daxday happened. As a result, blicketbash happened.",as a result,daxday occurred after blicketbash.,32_2_temporal_daxday_as a result_blicketbash_daxday occurred after blicketbash._after,blicketbash occurred after daxday.,32_2_temporal_daxday_as a result_blicketbash_blicketbash occurred after daxday._after
413,"daxday happened. As a result, blicketbash happened.",as a result,blicketbash occurred before daxday.,32_2_temporal_daxday_as a result_blicketbash_daxday occurred before blicketbash._after,daxday occurred before blicketbash.,32_2_temporal_daxday_as a result_blicketbash_blicketbash occurred before daxday._after
414,"fepfestival happened. Then, gekxtravaganza happened.",then,fepfestival occurred after gekxtravaganza.,206_6_temporal_fepfestival_then_gekxtravaganza_fepfestival occurred after gekxtravaganza._after,gekxtravaganza occurred after fepfestival.,206_6_temporal_fepfestival_then_gekxtravaganza_gekxtravaganza occurred after fepfestival._after
415,"fepfestival happened. Then, gekxtravaganza happened.",then,gekxtravaganza occurred before fepfestival.,206_6_temporal_fepfestival_then_gekxtravaganza_fepfestival occurred before gekxtravaganza._before,fepfestival occurred before gekxtravaganza.,206_6_temporal_fepfestival_then_gekxtravaganza_gekxtravaganza occurred before fepfestival._before
416,"blicketbash happened. Previously, gekxtravaganza happened.",previously,blicketbash occurred before gekxtravaganza.,167_7_temporal_blicketbash_previously_gekxtravaganza_blicketbash occurred before gekxtravaganza._before,gekxtravaganza occurred before blicketbash.,167_7_temporal_blicketbash_previously_gekxtravaganza_gekxtravaganza occurred before blicketbash._before
417,"blicketbash happened. Previously, gekxtravaganza happened.",previously,gekxtravaganza occurred after blicketbash.,167_7_temporal_blicketbash_previously_gekxtravaganza_blicketbash occurred after gekxtravaganza._after,blicketbash occurred after gekxtravaganza.,167_7_temporal_blicketbash_previously_gekxtravaganza_gekxtravaganza occurred after blicketbash._after
418,blicketbash happened even after gekxtravaganza.,even after,blicketbash occurred before gekxtravaganza.,85_5_temporal_blicketbash_even after_gekxtravaganza_blicketbash occurred before gekxtravaganza._before,gekxtravaganza occurred before blicketbash.,85_5_temporal_blicketbash_even after_gekxtravaganza_gekxtravaganza occurred before blicketbash._before
419,blicketbash happened even after gekxtravaganza.,even after,gekxtravaganza occurred after blicketbash.,85_5_temporal_blicketbash_even after_gekxtravaganza_blicketbash occurred after gekxtravaganza._before,blicketbash occurred after gekxtravaganza.,85_5_temporal_blicketbash_even after_gekxtravaganza_gekxtravaganza occurred after blicketbash._before
420,"wugfest happened. Consequently, blicketbash happened.",consequently,wugfest occurred after blicketbash.,61_1_temporal_wugfest_consequently_blicketbash_wugfest occurred after blicketbash._after,blicketbash occurred after wugfest.,61_1_temporal_wugfest_consequently_blicketbash_blicketbash occurred after wugfest._after
421,"wugfest happened. Consequently, blicketbash happened.",consequently,blicketbash occurred before wugfest.,61_1_temporal_wugfest_consequently_blicketbash_wugfest occurred before blicketbash._after,wugfest occurred before blicketbash.,61_1_temporal_wugfest_consequently_blicketbash_blicketbash occurred before wugfest._after
422,blicketbash happened as soon as gekxtravaganza finished.,as soon as,blicketbash occurred before gekxtravaganza.,29_9_temporal_blicketbash_as soon as_gekxtravaganza_blicketbash occurred before gekxtravaganza._before,gekxtravaganza occurred before blicketbash.,29_9_temporal_blicketbash_as soon as_gekxtravaganza_gekxtravaganza occurred before blicketbash._before
423,blicketbash happened as soon as gekxtravaganza finished.,as soon as,gekxtravaganza occurred after blicketbash.,29_9_temporal_blicketbash_as soon as_gekxtravaganza_blicketbash occurred after gekxtravaganza._before,blicketbash occurred after gekxtravaganza.,29_9_temporal_blicketbash_as soon as_gekxtravaganza_gekxtravaganza occurred after blicketbash._before
424,"fepfestival happened. So, gekxtravaganza happened.",so,fepfestival occurred after gekxtravaganza.,185_5_temporal_fepfestival_so_gekxtravaganza_fepfestival occurred after gekxtravaganza._after,gekxtravaganza occurred after fepfestival.,185_5_temporal_fepfestival_so_gekxtravaganza_gekxtravaganza occurred after fepfestival._after
425,"fepfestival happened. So, gekxtravaganza happened.",so,gekxtravaganza occurred before fepfestival.,185_5_temporal_fepfestival_so_gekxtravaganza_fepfestival occurred before gekxtravaganza._after,fepfestival occurred before gekxtravaganza.,185_5_temporal_fepfestival_so_gekxtravaganza_gekxtravaganza occurred before fepfestival._after
426,"daxday happened. Subsequently, fepfestival happened.",subsequently,daxday occurred before fepfestival.,191_1_temporal_daxday_subsequently_fepfestival_daxday occurred before fepfestival._before,fepfestival occurred before daxday.,191_1_temporal_daxday_subsequently_fepfestival_fepfestival occurred before daxday._before
427,"daxday happened. Subsequently, fepfestival happened.",subsequently,fepfestival occurred after daxday.,191_1_temporal_daxday_subsequently_fepfestival_daxday occurred after fepfestival._before,daxday occurred after fepfestival.,191_1_temporal_daxday_subsequently_fepfestival_fepfestival occurred after daxday._before
428,"Since gekxtravaganza happened, wugfest happened.",since,wugfest occurred before gekxtravaganza.,179_9_temporal_wugfest_since_gekxtravaganza_wugfest occurred before gekxtravaganza._before,gekxtravaganza occurred before wugfest.,179_9_temporal_wugfest_since_gekxtravaganza_gekxtravaganza occurred before wugfest._before
429,"Since gekxtravaganza happened, wugfest happened.",since,gekxtravaganza occurred after wugfest.,179_9_temporal_wugfest_since_gekxtravaganza_wugfest occurred after gekxtravaganza._after,wugfest occurred after gekxtravaganza.,179_9_temporal_wugfest_since_gekxtravaganza_gekxtravaganza occurred after wugfest._after
430,wugfest happened before fepfestival.,before,wugfest occurred after fepfestival.,54_4_temporal_wugfest_before_fepfestival_wugfest occurred after fepfestival._after,fepfestival occurred after wugfest.,54_4_temporal_wugfest_before_fepfestival_fepfestival occurred after wugfest._after
431,wugfest happened before fepfestival.,before,fepfestival occurred before wugfest.,54_4_temporal_wugfest_before_fepfestival_wugfest occurred before fepfestival._before,wugfest occurred before fepfestival.,54_4_temporal_wugfest_before_fepfestival_fepfestival occurred before wugfest._before
432,"Once blicketbash happened, fepfestival happened.",once,fepfestival occurred after blicketbash.,155_5_temporal_fepfestival_once_blicketbash_fepfestival occurred after blicketbash._after,blicketbash occurred after fepfestival.,155_5_temporal_fepfestival_once_blicketbash_blicketbash occurred after fepfestival._after
433,"Once blicketbash happened, fepfestival happened.",once,blicketbash occurred before fepfestival.,155_5_temporal_fepfestival_once_blicketbash_fepfestival occurred before blicketbash._after,fepfestival occurred before blicketbash.,155_5_temporal_fepfestival_once_blicketbash_blicketbash occurred before fepfestival._after
434,"Before gekxtravaganza, wugfest happened.",before,wugfest occurred after gekxtravaganza.,56_6_temporal_wugfest_before_gekxtravaganza_wugfest occurred after gekxtravaganza._after,gekxtravaganza occurred after wugfest.,56_6_temporal_wugfest_before_gekxtravaganza_gekxtravaganza occurred after wugfest._after
435,"Before gekxtravaganza, wugfest happened.",before,gekxtravaganza occurred before wugfest.,56_6_temporal_wugfest_before_gekxtravaganza_wugfest occurred before gekxtravaganza._before,wugfest occurred before gekxtravaganza.,56_6_temporal_wugfest_before_gekxtravaganza_gekxtravaganza occurred before wugfest._before
436,wugfest happened once fepfestival happened.,once,wugfest occurred before fepfestival.,159_9_temporal_wugfest_once_fepfestival_wugfest occurred before fepfestival._before,fepfestival occurred before wugfest.,159_9_temporal_wugfest_once_fepfestival_fepfestival occurred before wugfest._before
437,wugfest happened once fepfestival happened.,once,fepfestival occurred after wugfest.,159_9_temporal_wugfest_once_fepfestival_wugfest occurred after fepfestival._after,wugfest occurred after fepfestival.,159_9_temporal_wugfest_once_fepfestival_fepfestival occurred after wugfest._after
438,wugfest happened after daxday.,after,wugfest occurred after daxday.,1_1_temporal_wugfest_after_daxday_wugfest occurred after daxday._after,daxday occurred after wugfest.,1_1_temporal_wugfest_after_daxday_daxday occurred after wugfest._after
439,wugfest happened after daxday.,after,daxday occurred before wugfest.,1_1_temporal_wugfest_after_daxday_wugfest occurred before daxday._before,wugfest occurred before daxday.,1_1_temporal_wugfest_after_daxday_daxday occurred before wugfest._before
