idx,label,sense
0,No,comparison
1,No,comparison
2,Yes,comparison
3,Yes,comparison
4,No,comparison
5,No,comparison
6,Yes,comparison
7,Yes,comparison
8,No,comparison
9,No,comparison
10,Yes,comparison
11,Yes,comparison
12,No,comparison
13,No,comparison
14,Yes,comparison
15,Yes,comparison
16,No,comparison
17,No,comparison
18,Yes,comparison
19,Yes,comparison
20,No,comparison
21,No,comparison
22,Yes,comparison
23,Yes,comparison
24,No,comparison
25,No,comparison
26,Yes,comparison
27,Yes,comparison
28,No,comparison
29,No,comparison
30,Yes,comparison
31,Yes,comparison
32,No,comparison
33,No,comparison
34,Yes,comparison
35,Yes,comparison
36,No,comparison
37,No,comparison
38,Yes,comparison
39,Yes,comparison
40,Yes,contingency
41,Yes,contingency
42,No,contingency
43,No,contingency
44,Yes,contingency
45,Yes,contingency
46,No,contingency
47,No,contingency
48,Yes,contingency
49,Yes,contingency
50,No,contingency
51,No,contingency
52,Yes,contingency
53,Yes,contingency
54,No,contingency
55,No,contingency
56,Yes,contingency
57,Yes,contingency
58,No,contingency
59,No,contingency
60,Yes,contingency
61,Yes,contingency
62,No,contingency
63,No,contingency
64,Yes,contingency
65,Yes,contingency
66,No,contingency
67,No,contingency
68,Yes,contingency
69,Yes,contingency
70,No,contingency
71,No,contingency
72,Yes,contingency
73,Yes,contingency
74,No,contingency
75,No,contingency
76,Yes,contingency
77,Yes,contingency
78,No,contingency
79,No,contingency
80,Yes,contingency
81,Yes,contingency
82,No,contingency
83,No,contingency
84,Yes,contingency
85,Yes,contingency
86,No,contingency
87,No,contingency
88,Yes,contingency
89,Yes,contingency
90,No,contingency
91,No,contingency
92,Yes,contingency
93,Yes,contingency
94,No,contingency
95,No,contingency
96,Yes,contingency
97,Yes,contingency
98,No,contingency
99,No,contingency
100,Yes,contingency
101,Yes,contingency
102,No,contingency
103,No,contingency
104,Yes,contingency
105,Yes,contingency
106,No,contingency
107,No,contingency
108,Yes,contingency
109,Yes,contingency
110,No,contingency
111,No,contingency
112,Yes,contingency
113,Yes,contingency
114,No,contingency
115,No,contingency
116,Yes,contingency
117,Yes,contingency
118,No,contingency
119,No,contingency
120,No,comparison
121,No,comparison
122,Yes,comparison
123,Yes,comparison
124,No,comparison
125,No,comparison
126,Yes,comparison
127,Yes,comparison
128,No,comparison
129,No,comparison
130,Yes,comparison
131,Yes,comparison
132,No,comparison
133,No,comparison
134,Yes,comparison
135,Yes,comparison
136,No,comparison
137,No,comparison
138,Yes,comparison
139,Yes,comparison
140,No,comparison
141,No,comparison
142,Yes,comparison
143,Yes,comparison
144,No,comparison
145,No,comparison
146,Yes,comparison
147,Yes,comparison
148,No,comparison
149,No,comparison
150,Yes,comparison
151,Yes,comparison
152,No,comparison
153,No,comparison
154,Yes,comparison
155,Yes,comparison
156,No,comparison
157,No,comparison
158,Yes,comparison
159,Yes,comparison
160,Yes,contingency
161,Yes,contingency
162,No,contingency
163,No,contingency
164,Yes,contingency
165,Yes,contingency
166,No,contingency
167,No,contingency
168,Yes,contingency
169,Yes,contingency
170,No,contingency
171,No,contingency
172,Yes,contingency
173,Yes,contingency
174,No,contingency
175,No,contingency
176,Yes,contingency
177,Yes,contingency
178,No,contingency
179,No,contingency
180,Yes,contingency
181,Yes,contingency
182,No,contingency
183,No,contingency
184,Yes,contingency
185,Yes,contingency
186,No,contingency
187,No,contingency
188,Yes,contingency
189,Yes,contingency
190,No,contingency
191,No,contingency
192,Yes,contingency
193,Yes,contingency
194,No,contingency
195,No,contingency
196,Yes,contingency
197,Yes,contingency
198,No,contingency
199,No,contingency
200,No,comparison
201,No,comparison
202,Yes,comparison
203,Yes,comparison
204,No,comparison
205,No,comparison
206,Yes,comparison
207,Yes,comparison
208,No,comparison
209,No,comparison
210,Yes,comparison
211,Yes,comparison
212,No,comparison
213,No,comparison
214,Yes,comparison
215,Yes,comparison
216,No,comparison
217,No,comparison
218,Yes,comparison
219,Yes,comparison
220,No,comparison
221,No,comparison
222,Yes,comparison
223,Yes,comparison
224,No,comparison
225,No,comparison
226,Yes,comparison
227,Yes,comparison
228,No,comparison
229,No,comparison
230,Yes,comparison
231,Yes,comparison
232,No,comparison
233,No,comparison
234,Yes,comparison
235,Yes,comparison
236,No,comparison
237,No,comparison
238,Yes,comparison
239,Yes,comparison
240,No,comparison
241,No,comparison
242,Yes,comparison
243,Yes,comparison
244,No,comparison
245,No,comparison
246,Yes,comparison
247,Yes,comparison
248,No,comparison
249,No,comparison
250,Yes,comparison
251,Yes,comparison
252,No,comparison
253,No,comparison
254,Yes,comparison
255,Yes,comparison
256,No,comparison
257,No,comparison
258,Yes,comparison
259,Yes,comparison
260,No,comparison
261,No,comparison
262,Yes,comparison
263,Yes,comparison
264,No,comparison
265,No,comparison
266,Yes,comparison
267,Yes,comparison
268,No,comparison
269,No,comparison
270,Yes,comparison
271,Yes,comparison
272,No,comparison
273,No,comparison
274,Yes,comparison
275,Yes,comparison
276,No,comparison
277,No,comparison
278,Yes,comparison
279,Yes,comparison
280,Yes,contingency
281,Yes,contingency
282,No,contingency
283,No,contingency
284,Yes,contingency
285,Yes,contingency
286,No,contingency
287,No,contingency
288,Yes,contingency
289,Yes,contingency
290,No,contingency
291,No,contingency
292,Yes,contingency
293,Yes,contingency
294,No,contingency
295,No,contingency
296,Yes,contingency
297,Yes,contingency
298,No,contingency
299,No,contingency
300,Yes,contingency
301,Yes,contingency
302,No,contingency
303,No,contingency
304,Yes,contingency
305,Yes,contingency
306,No,contingency
307,No,contingency
308,Yes,contingency
309,Yes,contingency
310,No,contingency
311,No,contingency
312,Yes,contingency
313,Yes,contingency
314,No,contingency
315,No,contingency
316,Yes,contingency
317,Yes,contingency
318,No,contingency
319,No,contingency
320,Yes,contingency
321,Yes,contingency
322,No,contingency
323,No,contingency
324,Yes,contingency
325,Yes,contingency
326,No,contingency
327,No,contingency
328,Yes,contingency
329,Yes,contingency
330,No,contingency
331,No,contingency
332,Yes,contingency
333,Yes,contingency
334,No,contingency
335,No,contingency
336,Yes,contingency
337,Yes,contingency
338,No,contingency
339,No,contingency
340,Yes,contingency
341,Yes,contingency
342,No,contingency
343,No,contingency
344,Yes,contingency
345,Yes,contingency
346,No,contingency
347,No,contingency
348,Yes,contingency
349,Yes,contingency
350,No,contingency
351,No,contingency
352,Yes,contingency
353,Yes,contingency
354,No,contingency
355,No,contingency
356,Yes,contingency
357,Yes,contingency
358,No,contingency
359,No,contingency
360,Yes,contingency
361,Yes,contingency
362,No,contingency
363,No,contingency
364,Yes,contingency
365,Yes,contingency
366,No,contingency
367,No,contingency
368,Yes,contingency
369,Yes,contingency
370,No,contingency
371,No,contingency
372,Yes,contingency
373,Yes,contingency
374,No,contingency
375,No,contingency
376,Yes,contingency
377,Yes,contingency
378,No,contingency
379,No,contingency
380,Yes,contingency
381,Yes,contingency
382,No,contingency
383,No,contingency
384,Yes,contingency
385,Yes,contingency
386,No,contingency
387,No,contingency
388,Yes,contingency
389,Yes,contingency
390,No,contingency
391,No,contingency
392,Yes,contingency
393,Yes,contingency
394,No,contingency
395,No,contingency
396,Yes,contingency
397,Yes,contingency
398,No,contingency
399,No,contingency
400,No,comparison
401,No,comparison
402,Yes,comparison
403,Yes,comparison
404,No,comparison
405,No,comparison
406,Yes,comparison
407,Yes,comparison
408,No,comparison
409,No,comparison
410,Yes,comparison
411,Yes,comparison
412,No,comparison
413,No,comparison
414,Yes,comparison
415,Yes,comparison
416,No,comparison
417,No,comparison
418,Yes,comparison
419,Yes,comparison
420,No,comparison
421,No,comparison
422,Yes,comparison
423,Yes,comparison
424,No,comparison
425,No,comparison
426,Yes,comparison
427,Yes,comparison
428,No,comparison
429,No,comparison
430,Yes,comparison
431,Yes,comparison
432,No,comparison
433,No,comparison
434,Yes,comparison
435,Yes,comparison
436,No,comparison
437,No,comparison
438,Yes,comparison
439,Yes,comparison
440,No,comparison
441,No,comparison
442,Yes,comparison
443,Yes,comparison
444,No,comparison
445,No,comparison
446,Yes,comparison
447,Yes,comparison
448,No,comparison
449,No,comparison
450,Yes,comparison
451,Yes,comparison
452,No,comparison
453,No,comparison
454,Yes,comparison
455,Yes,comparison
456,No,comparison
457,No,comparison
458,Yes,comparison
459,Yes,comparison
460,No,comparison
461,No,comparison
462,Yes,comparison
463,Yes,comparison
464,No,comparison
465,No,comparison
466,Yes,comparison
467,Yes,comparison
468,No,comparison
469,No,comparison
470,Yes,comparison
471,Yes,comparison
472,No,comparison
473,No,comparison
474,Yes,comparison
475,Yes,comparison
476,No,comparison
477,No,comparison
478,Yes,comparison
479,Yes,comparison
480,Yes,contingency
481,Yes,contingency
482,No,contingency
483,No,contingency
484,Yes,contingency
485,Yes,contingency
486,No,contingency
487,No,contingency
488,Yes,contingency
489,Yes,contingency
490,No,contingency
491,No,contingency
492,Yes,contingency
493,Yes,contingency
494,No,contingency
495,No,contingency
496,Yes,contingency
497,Yes,contingency
498,No,contingency
499,No,contingency
500,Yes,contingency
501,Yes,contingency
502,No,contingency
503,No,contingency
504,Yes,contingency
505,Yes,contingency
506,No,contingency
507,No,contingency
508,Yes,contingency
509,Yes,contingency
510,No,contingency
511,No,contingency
512,Yes,contingency
513,Yes,contingency
514,No,contingency
515,No,contingency
516,Yes,contingency
517,Yes,contingency
518,No,contingency
519,No,contingency
520,Yes,contingency
521,Yes,contingency
522,No,contingency
523,No,contingency
524,Yes,contingency
525,Yes,contingency
526,No,contingency
527,No,contingency
528,Yes,contingency
529,Yes,contingency
530,No,contingency
531,No,contingency
532,Yes,contingency
533,Yes,contingency
534,No,contingency
535,No,contingency
536,Yes,contingency
537,Yes,contingency
538,No,contingency
539,No,contingency
540,Yes,contingency
541,Yes,contingency
542,No,contingency
543,No,contingency
544,Yes,contingency
545,Yes,contingency
546,No,contingency
547,No,contingency
548,Yes,contingency
549,Yes,contingency
550,No,contingency
551,No,contingency
552,Yes,contingency
553,Yes,contingency
554,No,contingency
555,No,contingency
556,Yes,contingency
557,Yes,contingency
558,No,contingency
559,No,contingency
560,Yes,contingency
561,Yes,contingency
562,No,contingency
563,No,contingency
564,Yes,contingency
565,Yes,contingency
566,No,contingency
567,No,contingency
568,Yes,contingency
569,Yes,contingency
570,No,contingency
571,No,contingency
572,Yes,contingency
573,Yes,contingency
574,No,contingency
575,No,contingency
576,Yes,contingency
577,Yes,contingency
578,No,contingency
579,No,contingency
580,Yes,contingency
581,Yes,contingency
582,No,contingency
583,No,contingency
584,Yes,contingency
585,Yes,contingency
586,No,contingency
587,No,contingency
588,Yes,contingency
589,Yes,contingency
590,No,contingency
591,No,contingency
592,Yes,contingency
593,Yes,contingency
594,No,contingency
595,No,contingency
596,Yes,contingency
597,Yes,contingency
598,No,contingency
599,No,contingency
600,No,comparison
601,No,comparison
602,Yes,comparison
603,Yes,comparison
604,No,comparison
605,No,comparison
606,Yes,comparison
607,Yes,comparison
608,No,comparison
609,No,comparison
610,Yes,comparison
611,Yes,comparison
612,No,comparison
613,No,comparison
614,Yes,comparison
615,Yes,comparison
616,No,comparison
617,No,comparison
618,Yes,comparison
619,Yes,comparison
620,No,comparison
621,No,comparison
622,Yes,comparison
623,Yes,comparison
624,No,comparison
625,No,comparison
626,Yes,comparison
627,Yes,comparison
628,No,comparison
629,No,comparison
630,Yes,comparison
631,Yes,comparison
632,No,comparison
633,No,comparison
634,Yes,comparison
635,Yes,comparison
636,No,comparison
637,No,comparison
638,Yes,comparison
639,Yes,comparison
640,Yes,contingency
641,Yes,contingency
642,No,contingency
643,No,contingency
644,Yes,contingency
645,Yes,contingency
646,No,contingency
647,No,contingency
648,Yes,contingency
649,Yes,contingency
650,No,contingency
651,No,contingency
652,Yes,contingency
653,Yes,contingency
654,No,contingency
655,No,contingency
656,Yes,contingency
657,Yes,contingency
658,No,contingency
659,No,contingency
660,Yes,contingency
661,Yes,contingency
662,No,contingency
663,No,contingency
664,Yes,contingency
665,Yes,contingency
666,No,contingency
667,No,contingency
668,Yes,contingency
669,Yes,contingency
670,No,contingency
671,No,contingency
672,Yes,contingency
673,Yes,contingency
674,No,contingency
675,No,contingency
676,Yes,contingency
677,Yes,contingency
678,No,contingency
679,No,contingency
680,No,comparison
681,No,comparison
682,Yes,comparison
683,Yes,comparison
684,No,comparison
685,No,comparison
686,Yes,comparison
687,Yes,comparison
688,No,comparison
689,No,comparison
690,Yes,comparison
691,Yes,comparison
692,No,comparison
693,No,comparison
694,Yes,comparison
695,Yes,comparison
696,No,comparison
697,No,comparison
698,Yes,comparison
699,Yes,comparison
700,No,comparison
701,No,comparison
702,Yes,comparison
703,Yes,comparison
704,No,comparison
705,No,comparison
706,Yes,comparison
707,Yes,comparison
708,No,comparison
709,No,comparison
710,Yes,comparison
711,Yes,comparison
712,No,comparison
713,No,comparison
714,Yes,comparison
715,Yes,comparison
716,No,comparison
717,No,comparison
718,Yes,comparison
719,Yes,comparison
720,No,comparison
721,No,comparison
722,Yes,comparison
723,Yes,comparison
724,No,comparison
725,No,comparison
726,Yes,comparison
727,Yes,comparison
728,No,comparison
729,No,comparison
730,Yes,comparison
731,Yes,comparison
732,No,comparison
733,No,comparison
734,Yes,comparison
735,Yes,comparison
736,No,comparison
737,No,comparison
738,Yes,comparison
739,Yes,comparison
740,No,comparison
741,No,comparison
742,Yes,comparison
743,Yes,comparison
744,No,comparison
745,No,comparison
746,Yes,comparison
747,Yes,comparison
748,No,comparison
749,No,comparison
750,Yes,comparison
751,Yes,comparison
752,No,comparison
753,No,comparison
754,Yes,comparison
755,Yes,comparison
756,No,comparison
757,No,comparison
758,Yes,comparison
759,Yes,comparison
760,No,comparison
761,No,comparison
762,Yes,comparison
763,Yes,comparison
764,No,comparison
765,No,comparison
766,Yes,comparison
767,Yes,comparison
768,No,comparison
769,No,comparison
770,Yes,comparison
771,Yes,comparison
772,No,comparison
773,No,comparison
774,Yes,comparison
775,Yes,comparison
776,No,comparison
777,No,comparison
778,Yes,comparison
779,Yes,comparison
780,No,comparison
781,No,comparison
782,Yes,comparison
783,Yes,comparison
784,No,comparison
785,No,comparison
786,Yes,comparison
787,Yes,comparison
788,No,comparison
789,No,comparison
790,Yes,comparison
791,Yes,comparison
792,No,comparison
793,No,comparison
794,Yes,comparison
795,Yes,comparison
796,No,comparison
797,No,comparison
798,Yes,comparison
799,Yes,comparison
800,No,comparison
801,No,comparison
802,Yes,comparison
803,Yes,comparison
804,No,comparison
805,No,comparison
806,Yes,comparison
807,Yes,comparison
808,No,comparison
809,No,comparison
810,Yes,comparison
811,Yes,comparison
812,No,comparison
813,No,comparison
814,Yes,comparison
815,Yes,comparison
816,No,comparison
817,No,comparison
818,Yes,comparison
819,Yes,comparison
820,No,comparison
821,No,comparison
822,Yes,comparison
823,Yes,comparison
824,No,comparison
825,No,comparison
826,Yes,comparison
827,Yes,comparison
828,No,comparison
829,No,comparison
830,Yes,comparison
831,Yes,comparison
832,No,comparison
833,No,comparison
834,Yes,comparison
835,Yes,comparison
836,No,comparison
837,No,comparison
838,Yes,comparison
839,Yes,comparison
840,Yes,contingency
841,Yes,contingency
842,No,contingency
843,No,contingency
844,Yes,contingency
845,Yes,contingency
846,No,contingency
847,No,contingency
848,Yes,contingency
849,Yes,contingency
850,No,contingency
851,No,contingency
852,Yes,contingency
853,Yes,contingency
854,No,contingency
855,No,contingency
856,Yes,contingency
857,Yes,contingency
858,No,contingency
859,No,contingency
860,Yes,contingency
861,Yes,contingency
862,No,contingency
863,No,contingency
864,Yes,contingency
865,Yes,contingency
866,No,contingency
867,No,contingency
868,Yes,contingency
869,Yes,contingency
870,No,contingency
871,No,contingency
872,Yes,contingency
873,Yes,contingency
874,No,contingency
875,No,contingency
876,Yes,contingency
877,Yes,contingency
878,No,contingency
879,No,contingency
880,Yes,contingency
881,Yes,contingency
882,No,contingency
883,No,contingency
884,Yes,contingency
885,Yes,contingency
886,No,contingency
887,No,contingency
888,Yes,contingency
889,Yes,contingency
890,No,contingency
891,No,contingency
892,Yes,contingency
893,Yes,contingency
894,No,contingency
895,No,contingency
896,Yes,contingency
897,Yes,contingency
898,No,contingency
899,No,contingency
900,Yes,contingency
901,Yes,contingency
902,No,contingency
903,No,contingency
904,Yes,contingency
905,Yes,contingency
906,No,contingency
907,No,contingency
908,Yes,contingency
909,Yes,contingency
910,No,contingency
911,No,contingency
912,Yes,contingency
913,Yes,contingency
914,No,contingency
915,No,contingency
916,Yes,contingency
917,Yes,contingency
918,No,contingency
919,No,contingency
920,No,comparison
921,No,comparison
922,Yes,comparison
923,Yes,comparison
924,No,comparison
925,No,comparison
926,Yes,comparison
927,Yes,comparison
928,No,comparison
929,No,comparison
930,Yes,comparison
931,Yes,comparison
932,No,comparison
933,No,comparison
934,Yes,comparison
935,Yes,comparison
936,No,comparison
937,No,comparison
938,Yes,comparison
939,Yes,comparison
940,No,comparison
941,No,comparison
942,Yes,comparison
943,Yes,comparison
944,No,comparison
945,No,comparison
946,Yes,comparison
947,Yes,comparison
948,No,comparison
949,No,comparison
950,Yes,comparison
951,Yes,comparison
952,No,comparison
953,No,comparison
954,Yes,comparison
955,Yes,comparison
956,No,comparison
957,No,comparison
958,Yes,comparison
959,Yes,comparison
960,Yes,contingency
961,Yes,contingency
962,No,contingency
963,No,contingency
964,Yes,contingency
965,Yes,contingency
966,No,contingency
967,No,contingency
968,Yes,contingency
969,Yes,contingency
970,No,contingency
971,No,contingency
972,Yes,contingency
973,Yes,contingency
974,No,contingency
975,No,contingency
976,Yes,contingency
977,Yes,contingency
978,No,contingency
979,No,contingency
980,Yes,contingency
981,Yes,contingency
982,No,contingency
983,No,contingency
984,Yes,contingency
985,Yes,contingency
986,No,contingency
987,No,contingency
988,Yes,contingency
989,Yes,contingency
990,No,contingency
991,No,contingency
992,Yes,contingency
993,Yes,contingency
994,No,contingency
995,No,contingency
996,Yes,contingency
997,Yes,contingency
998,No,contingency
999,No,contingency
1000,No,comparison
1001,No,comparison
1002,Yes,comparison
1003,Yes,comparison
1004,No,comparison
1005,No,comparison
1006,Yes,comparison
1007,Yes,comparison
1008,No,comparison
1009,No,comparison
1010,Yes,comparison
1011,Yes,comparison
1012,No,comparison
1013,No,comparison
1014,Yes,comparison
1015,Yes,comparison
1016,No,comparison
1017,No,comparison
1018,Yes,comparison
1019,Yes,comparison
1020,No,comparison
1021,No,comparison
1022,Yes,comparison
1023,Yes,comparison
1024,No,comparison
1025,No,comparison
1026,Yes,comparison
1027,Yes,comparison
1028,No,comparison
1029,No,comparison
1030,Yes,comparison
1031,Yes,comparison
1032,No,comparison
1033,No,comparison
1034,Yes,comparison
1035,Yes,comparison
1036,No,comparison
1037,No,comparison
1038,Yes,comparison
1039,Yes,comparison
1040,No,comparison
1041,No,comparison
1042,Yes,comparison
1043,Yes,comparison
1044,No,comparison
1045,No,comparison
1046,Yes,comparison
1047,Yes,comparison
1048,No,comparison
1049,No,comparison
1050,Yes,comparison
1051,Yes,comparison
1052,No,comparison
1053,No,comparison
1054,Yes,comparison
1055,Yes,comparison
1056,No,comparison
1057,No,comparison
1058,Yes,comparison
1059,Yes,comparison
1060,No,comparison
1061,No,comparison
1062,Yes,comparison
1063,Yes,comparison
1064,No,comparison
1065,No,comparison
1066,Yes,comparison
1067,Yes,comparison
1068,No,comparison
1069,No,comparison
1070,Yes,comparison
1071,Yes,comparison
1072,No,comparison
1073,No,comparison
1074,Yes,comparison
1075,Yes,comparison
1076,No,comparison
1077,No,comparison
1078,Yes,comparison
1079,Yes,comparison
1080,Yes,contingency
1081,Yes,contingency
1082,No,contingency
1083,No,contingency
1084,Yes,contingency
1085,Yes,contingency
1086,No,contingency
1087,No,contingency
1088,Yes,contingency
1089,Yes,contingency
1090,No,contingency
1091,No,contingency
1092,Yes,contingency
1093,Yes,contingency
1094,No,contingency
1095,No,contingency
1096,Yes,contingency
1097,Yes,contingency
1098,No,contingency
1099,No,contingency
1100,Yes,contingency
1101,Yes,contingency
1102,No,contingency
1103,No,contingency
1104,Yes,contingency
1105,Yes,contingency
1106,No,contingency
1107,No,contingency
1108,Yes,contingency
1109,Yes,contingency
1110,No,contingency
1111,No,contingency
1112,Yes,contingency
1113,Yes,contingency
1114,No,contingency
1115,No,contingency
1116,Yes,contingency
1117,Yes,contingency
1118,No,contingency
1119,No,contingency
1120,Yes,contingency
1121,Yes,contingency
1122,No,contingency
1123,No,contingency
1124,Yes,contingency
1125,Yes,contingency
1126,No,contingency
1127,No,contingency
1128,Yes,contingency
1129,Yes,contingency
1130,No,contingency
1131,No,contingency
1132,Yes,contingency
1133,Yes,contingency
1134,No,contingency
1135,No,contingency
1136,Yes,contingency
1137,Yes,contingency
1138,No,contingency
1139,No,contingency
1140,Yes,contingency
1141,Yes,contingency
1142,No,contingency
1143,No,contingency
1144,Yes,contingency
1145,Yes,contingency
1146,No,contingency
1147,No,contingency
1148,Yes,contingency
1149,Yes,contingency
1150,No,contingency
1151,No,contingency
1152,Yes,contingency
1153,Yes,contingency
1154,No,contingency
1155,No,contingency
1156,Yes,contingency
1157,Yes,contingency
1158,No,contingency
1159,No,contingency
1160,Yes,contingency
1161,Yes,contingency
1162,No,contingency
1163,No,contingency
1164,Yes,contingency
1165,Yes,contingency
1166,No,contingency
1167,No,contingency
1168,Yes,contingency
1169,Yes,contingency
1170,No,contingency
1171,No,contingency
1172,Yes,contingency
1173,Yes,contingency
1174,No,contingency
1175,No,contingency
1176,Yes,contingency
1177,Yes,contingency
1178,No,contingency
1179,No,contingency
1180,Yes,contingency
1181,Yes,contingency
1182,No,contingency
1183,No,contingency
1184,Yes,contingency
1185,Yes,contingency
1186,No,contingency
1187,No,contingency
1188,Yes,contingency
1189,Yes,contingency
1190,No,contingency
1191,No,contingency
1192,Yes,contingency
1193,Yes,contingency
1194,No,contingency
1195,No,contingency
1196,Yes,contingency
1197,Yes,contingency
1198,No,contingency
1199,No,contingency
1200,No,comparison
1201,No,comparison
1202,Yes,comparison
1203,Yes,comparison
1204,No,comparison
1205,No,comparison
1206,Yes,comparison
1207,Yes,comparison
1208,No,comparison
1209,No,comparison
1210,Yes,comparison
1211,Yes,comparison
1212,No,comparison
1213,No,comparison
1214,Yes,comparison
1215,Yes,comparison
1216,No,comparison
1217,No,comparison
1218,Yes,comparison
1219,Yes,comparison
1220,No,comparison
1221,No,comparison
1222,Yes,comparison
1223,Yes,comparison
1224,No,comparison
1225,No,comparison
1226,Yes,comparison
1227,Yes,comparison
1228,No,comparison
1229,No,comparison
1230,Yes,comparison
1231,Yes,comparison
1232,No,comparison
1233,No,comparison
1234,Yes,comparison
1235,Yes,comparison
1236,No,comparison
1237,No,comparison
1238,Yes,comparison
1239,Yes,comparison
1240,No,comparison
1241,No,comparison
1242,Yes,comparison
1243,Yes,comparison
1244,No,comparison
1245,No,comparison
1246,Yes,comparison
1247,Yes,comparison
1248,No,comparison
1249,No,comparison
1250,Yes,comparison
1251,Yes,comparison
1252,No,comparison
1253,No,comparison
1254,Yes,comparison
1255,Yes,comparison
1256,No,comparison
1257,No,comparison
1258,Yes,comparison
1259,Yes,comparison
1260,No,comparison
1261,No,comparison
1262,Yes,comparison
1263,Yes,comparison
1264,No,comparison
1265,No,comparison
1266,Yes,comparison
1267,Yes,comparison
1268,No,comparison
1269,No,comparison
1270,Yes,comparison
1271,Yes,comparison
1272,No,comparison
1273,No,comparison
1274,Yes,comparison
1275,Yes,comparison
1276,No,comparison
1277,No,comparison
1278,Yes,comparison
1279,Yes,comparison
1280,Yes,contingency
1281,Yes,contingency
1282,No,contingency
1283,No,contingency
1284,Yes,contingency
1285,Yes,contingency
1286,No,contingency
1287,No,contingency
1288,Yes,contingency
1289,Yes,contingency
1290,No,contingency
1291,No,contingency
1292,Yes,contingency
1293,Yes,contingency
1294,No,contingency
1295,No,contingency
1296,Yes,contingency
1297,Yes,contingency
1298,No,contingency
1299,No,contingency
1300,Yes,contingency
1301,Yes,contingency
1302,No,contingency
1303,No,contingency
1304,Yes,contingency
1305,Yes,contingency
1306,No,contingency
1307,No,contingency
1308,Yes,contingency
1309,Yes,contingency
1310,No,contingency
1311,No,contingency
1312,Yes,contingency
1313,Yes,contingency
1314,No,contingency
1315,No,contingency
1316,Yes,contingency
1317,Yes,contingency
1318,No,contingency
1319,No,contingency
1320,Yes,contingency
1321,Yes,contingency
1322,No,contingency
1323,No,contingency
1324,Yes,contingency
1325,Yes,contingency
1326,No,contingency
1327,No,contingency
1328,Yes,contingency
1329,Yes,contingency
1330,No,contingency
1331,No,contingency
1332,Yes,contingency
1333,Yes,contingency
1334,No,contingency
1335,No,contingency
1336,Yes,contingency
1337,Yes,contingency
1338,No,contingency
1339,No,contingency
1340,Yes,contingency
1341,Yes,contingency
1342,No,contingency
1343,No,contingency
1344,Yes,contingency
1345,Yes,contingency
1346,No,contingency
1347,No,contingency
1348,Yes,contingency
1349,Yes,contingency
1350,No,contingency
1351,No,contingency
1352,Yes,contingency
1353,Yes,contingency
1354,No,contingency
1355,No,contingency
1356,Yes,contingency
1357,Yes,contingency
1358,No,contingency
1359,No,contingency
1360,Yes,contingency
1361,Yes,contingency
1362,No,contingency
1363,No,contingency
1364,Yes,contingency
1365,Yes,contingency
1366,No,contingency
1367,No,contingency
1368,Yes,contingency
1369,Yes,contingency
1370,No,contingency
1371,No,contingency
1372,Yes,contingency
1373,Yes,contingency
1374,No,contingency
1375,No,contingency
1376,Yes,contingency
1377,Yes,contingency
1378,No,contingency
1379,No,contingency
1380,Yes,contingency
1381,Yes,contingency
1382,No,contingency
1383,No,contingency
1384,Yes,contingency
1385,Yes,contingency
1386,No,contingency
1387,No,contingency
1388,Yes,contingency
1389,Yes,contingency
1390,No,contingency
1391,No,contingency
1392,Yes,contingency
1393,Yes,contingency
1394,No,contingency
1395,No,contingency
1396,Yes,contingency
1397,Yes,contingency
1398,No,contingency
1399,No,contingency
1400,No,comparison
1401,No,comparison
1402,Yes,comparison
1403,Yes,comparison
1404,No,comparison
1405,No,comparison
1406,Yes,comparison
1407,Yes,comparison
1408,No,comparison
1409,No,comparison
1410,Yes,comparison
1411,Yes,comparison
1412,No,comparison
1413,No,comparison
1414,Yes,comparison
1415,Yes,comparison
1416,No,comparison
1417,No,comparison
1418,Yes,comparison
1419,Yes,comparison
1420,No,comparison
1421,No,comparison
1422,Yes,comparison
1423,Yes,comparison
1424,No,comparison
1425,No,comparison
1426,Yes,comparison
1427,Yes,comparison
1428,No,comparison
1429,No,comparison
1430,Yes,comparison
1431,Yes,comparison
1432,No,comparison
1433,No,comparison
1434,Yes,comparison
1435,Yes,comparison
1436,No,comparison
1437,No,comparison
1438,Yes,comparison
1439,Yes,comparison
1440,Yes,contingency
1441,Yes,contingency
1442,No,contingency
1443,No,contingency
1444,Yes,contingency
1445,Yes,contingency
1446,No,contingency
1447,No,contingency
1448,Yes,contingency
1449,Yes,contingency
1450,No,contingency
1451,No,contingency
1452,Yes,contingency
1453,Yes,contingency
1454,No,contingency
1455,No,contingency
1456,Yes,contingency
1457,Yes,contingency
1458,No,contingency
1459,No,contingency
1460,Yes,contingency
1461,Yes,contingency
1462,No,contingency
1463,No,contingency
1464,Yes,contingency
1465,Yes,contingency
1466,No,contingency
1467,No,contingency
1468,Yes,contingency
1469,Yes,contingency
1470,No,contingency
1471,No,contingency
1472,Yes,contingency
1473,Yes,contingency
1474,No,contingency
1475,No,contingency
1476,Yes,contingency
1477,Yes,contingency
1478,No,contingency
1479,No,contingency
1480,No,comparison
1481,No,comparison
1482,Yes,comparison
1483,Yes,comparison
1484,No,comparison
1485,No,comparison
1486,Yes,comparison
1487,Yes,comparison
1488,No,comparison
1489,No,comparison
1490,Yes,comparison
1491,Yes,comparison
1492,No,comparison
1493,No,comparison
1494,Yes,comparison
1495,Yes,comparison
1496,No,comparison
1497,No,comparison
1498,Yes,comparison
1499,Yes,comparison
1500,No,comparison
1501,No,comparison
1502,Yes,comparison
1503,Yes,comparison
1504,No,comparison
1505,No,comparison
1506,Yes,comparison
1507,Yes,comparison
1508,No,comparison
1509,No,comparison
1510,Yes,comparison
1511,Yes,comparison
1512,No,comparison
1513,No,comparison
1514,Yes,comparison
1515,Yes,comparison
1516,No,comparison
1517,No,comparison
1518,Yes,comparison
1519,Yes,comparison
1520,No,comparison
1521,No,comparison
1522,Yes,comparison
1523,Yes,comparison
1524,No,comparison
1525,No,comparison
1526,Yes,comparison
1527,Yes,comparison
1528,No,comparison
1529,No,comparison
1530,Yes,comparison
1531,Yes,comparison
1532,No,comparison
1533,No,comparison
1534,Yes,comparison
1535,Yes,comparison
1536,No,comparison
1537,No,comparison
1538,Yes,comparison
1539,Yes,comparison
1540,No,comparison
1541,No,comparison
1542,Yes,comparison
1543,Yes,comparison
1544,No,comparison
1545,No,comparison
1546,Yes,comparison
1547,Yes,comparison
1548,No,comparison
1549,No,comparison
1550,Yes,comparison
1551,Yes,comparison
1552,No,comparison
1553,No,comparison
1554,Yes,comparison
1555,Yes,comparison
1556,No,comparison
1557,No,comparison
1558,Yes,comparison
1559,Yes,comparison
1560,No,comparison
1561,No,comparison
1562,Yes,comparison
1563,Yes,comparison
1564,No,comparison
1565,No,comparison
1566,Yes,comparison
1567,Yes,comparison
1568,No,comparison
1569,No,comparison
1570,Yes,comparison
1571,Yes,comparison
1572,No,comparison
1573,No,comparison
1574,Yes,comparison
1575,Yes,comparison
1576,No,comparison
1577,No,comparison
1578,Yes,comparison
1579,Yes,comparison
1580,No,comparison
1581,No,comparison
1582,Yes,comparison
1583,Yes,comparison
1584,No,comparison
1585,No,comparison
1586,Yes,comparison
1587,Yes,comparison
1588,No,comparison
1589,No,comparison
1590,Yes,comparison
1591,Yes,comparison
1592,No,comparison
1593,No,comparison
1594,Yes,comparison
1595,Yes,comparison
1596,No,comparison
1597,No,comparison
1598,Yes,comparison
1599,Yes,comparison
1600,No,comparison
1601,No,comparison
1602,Yes,comparison
1603,Yes,comparison
1604,No,comparison
1605,No,comparison
1606,Yes,comparison
1607,Yes,comparison
1608,No,comparison
1609,No,comparison
1610,Yes,comparison
1611,Yes,comparison
1612,No,comparison
1613,No,comparison
1614,Yes,comparison
1615,Yes,comparison
1616,No,comparison
1617,No,comparison
1618,Yes,comparison
1619,Yes,comparison
1620,No,comparison
1621,No,comparison
1622,Yes,comparison
1623,Yes,comparison
1624,No,comparison
1625,No,comparison
1626,Yes,comparison
1627,Yes,comparison
1628,No,comparison
1629,No,comparison
1630,Yes,comparison
1631,Yes,comparison
1632,No,comparison
1633,No,comparison
1634,Yes,comparison
1635,Yes,comparison
1636,No,comparison
1637,No,comparison
1638,Yes,comparison
1639,Yes,comparison
1640,Yes,contingency
1641,Yes,contingency
1642,No,contingency
1643,No,contingency
1644,Yes,contingency
1645,Yes,contingency
1646,No,contingency
1647,No,contingency
1648,Yes,contingency
1649,Yes,contingency
1650,No,contingency
1651,No,contingency
1652,Yes,contingency
1653,Yes,contingency
1654,No,contingency
1655,No,contingency
1656,Yes,contingency
1657,Yes,contingency
1658,No,contingency
1659,No,contingency
1660,Yes,contingency
1661,Yes,contingency
1662,No,contingency
1663,No,contingency
1664,Yes,contingency
1665,Yes,contingency
1666,No,contingency
1667,No,contingency
1668,Yes,contingency
1669,Yes,contingency
1670,No,contingency
1671,No,contingency
1672,Yes,contingency
1673,Yes,contingency
1674,No,contingency
1675,No,contingency
1676,Yes,contingency
1677,Yes,contingency
1678,No,contingency
1679,No,contingency
1680,Yes,contingency
1681,Yes,contingency
1682,No,contingency
1683,No,contingency
1684,Yes,contingency
1685,Yes,contingency
1686,No,contingency
1687,No,contingency
1688,Yes,contingency
1689,Yes,contingency
1690,No,contingency
1691,No,contingency
1692,Yes,contingency
1693,Yes,contingency
1694,No,contingency
1695,No,contingency
1696,Yes,contingency
1697,Yes,contingency
1698,No,contingency
1699,No,contingency
1700,Yes,contingency
1701,Yes,contingency
1702,No,contingency
1703,No,contingency
1704,Yes,contingency
1705,Yes,contingency
1706,No,contingency
1707,No,contingency
1708,Yes,contingency
1709,Yes,contingency
1710,No,contingency
1711,No,contingency
1712,Yes,contingency
1713,Yes,contingency
1714,No,contingency
1715,No,contingency
1716,Yes,contingency
1717,Yes,contingency
1718,No,contingency
1719,No,contingency
1720,No,comparison
1721,No,comparison
1722,Yes,comparison
1723,Yes,comparison
1724,No,comparison
1725,No,comparison
1726,Yes,comparison
1727,Yes,comparison
1728,No,comparison
1729,No,comparison
1730,Yes,comparison
1731,Yes,comparison
1732,No,comparison
1733,No,comparison
1734,Yes,comparison
1735,Yes,comparison
1736,No,comparison
1737,No,comparison
1738,Yes,comparison
1739,Yes,comparison
1740,No,comparison
1741,No,comparison
1742,Yes,comparison
1743,Yes,comparison
1744,No,comparison
1745,No,comparison
1746,Yes,comparison
1747,Yes,comparison
1748,No,comparison
1749,No,comparison
1750,Yes,comparison
1751,Yes,comparison
1752,No,comparison
1753,No,comparison
1754,Yes,comparison
1755,Yes,comparison
1756,No,comparison
1757,No,comparison
1758,Yes,comparison
1759,Yes,comparison
1760,Yes,contingency
1761,Yes,contingency
1762,No,contingency
1763,No,contingency
1764,Yes,contingency
1765,Yes,contingency
1766,No,contingency
1767,No,contingency
1768,Yes,contingency
1769,Yes,contingency
1770,No,contingency
1771,No,contingency
1772,Yes,contingency
1773,Yes,contingency
1774,No,contingency
1775,No,contingency
1776,Yes,contingency
1777,Yes,contingency
1778,No,contingency
1779,No,contingency
1780,Yes,contingency
1781,Yes,contingency
1782,No,contingency
1783,No,contingency
1784,Yes,contingency
1785,Yes,contingency
1786,No,contingency
1787,No,contingency
1788,Yes,contingency
1789,Yes,contingency
1790,No,contingency
1791,No,contingency
1792,Yes,contingency
1793,Yes,contingency
1794,No,contingency
1795,No,contingency
1796,Yes,contingency
1797,Yes,contingency
1798,No,contingency
1799,No,contingency
1800,No,comparison
1801,No,comparison
1802,Yes,comparison
1803,Yes,comparison
1804,No,comparison
1805,No,comparison
1806,Yes,comparison
1807,Yes,comparison
1808,No,comparison
1809,No,comparison
1810,Yes,comparison
1811,Yes,comparison
1812,No,comparison
1813,No,comparison
1814,Yes,comparison
1815,Yes,comparison
1816,No,comparison
1817,No,comparison
1818,Yes,comparison
1819,Yes,comparison
1820,No,comparison
1821,No,comparison
1822,Yes,comparison
1823,Yes,comparison
1824,No,comparison
1825,No,comparison
1826,Yes,comparison
1827,Yes,comparison
1828,No,comparison
1829,No,comparison
1830,Yes,comparison
1831,Yes,comparison
1832,No,comparison
1833,No,comparison
1834,Yes,comparison
1835,Yes,comparison
1836,No,comparison
1837,No,comparison
1838,Yes,comparison
1839,Yes,comparison
1840,No,comparison
1841,No,comparison
1842,Yes,comparison
1843,Yes,comparison
1844,No,comparison
1845,No,comparison
1846,Yes,comparison
1847,Yes,comparison
1848,No,comparison
1849,No,comparison
1850,Yes,comparison
1851,Yes,comparison
1852,No,comparison
1853,No,comparison
1854,Yes,comparison
1855,Yes,comparison
1856,No,comparison
1857,No,comparison
1858,Yes,comparison
1859,Yes,comparison
1860,No,comparison
1861,No,comparison
1862,Yes,comparison
1863,Yes,comparison
1864,No,comparison
1865,No,comparison
1866,Yes,comparison
1867,Yes,comparison
1868,No,comparison
1869,No,comparison
1870,Yes,comparison
1871,Yes,comparison
1872,No,comparison
1873,No,comparison
1874,Yes,comparison
1875,Yes,comparison
1876,No,comparison
1877,No,comparison
1878,Yes,comparison
1879,Yes,comparison
1880,Yes,contingency
1881,Yes,contingency
1882,No,contingency
1883,No,contingency
1884,Yes,contingency
1885,Yes,contingency
1886,No,contingency
1887,No,contingency
1888,Yes,contingency
1889,Yes,contingency
1890,No,contingency
1891,No,contingency
1892,Yes,contingency
1893,Yes,contingency
1894,No,contingency
1895,No,contingency
1896,Yes,contingency
1897,Yes,contingency
1898,No,contingency
1899,No,contingency
1900,Yes,contingency
1901,Yes,contingency
1902,No,contingency
1903,No,contingency
1904,Yes,contingency
1905,Yes,contingency
1906,No,contingency
1907,No,contingency
1908,Yes,contingency
1909,Yes,contingency
1910,No,contingency
1911,No,contingency
1912,Yes,contingency
1913,Yes,contingency
1914,No,contingency
1915,No,contingency
1916,Yes,contingency
1917,Yes,contingency
1918,No,contingency
1919,No,contingency
1920,Yes,contingency
1921,Yes,contingency
1922,No,contingency
1923,No,contingency
1924,Yes,contingency
1925,Yes,contingency
1926,No,contingency
1927,No,contingency
1928,Yes,contingency
1929,Yes,contingency
1930,No,contingency
1931,No,contingency
1932,Yes,contingency
1933,Yes,contingency
1934,No,contingency
1935,No,contingency
1936,Yes,contingency
1937,Yes,contingency
1938,No,contingency
1939,No,contingency
1940,Yes,contingency
1941,Yes,contingency
1942,No,contingency
1943,No,contingency
1944,Yes,contingency
1945,Yes,contingency
1946,No,contingency
1947,No,contingency
1948,Yes,contingency
1949,Yes,contingency
1950,No,contingency
1951,No,contingency
1952,Yes,contingency
1953,Yes,contingency
1954,No,contingency
1955,No,contingency
1956,Yes,contingency
1957,Yes,contingency
1958,No,contingency
1959,No,contingency
1960,Yes,contingency
1961,Yes,contingency
1962,No,contingency
1963,No,contingency
1964,Yes,contingency
1965,Yes,contingency
1966,No,contingency
1967,No,contingency
1968,Yes,contingency
1969,Yes,contingency
1970,No,contingency
1971,No,contingency
1972,Yes,contingency
1973,Yes,contingency
1974,No,contingency
1975,No,contingency
1976,Yes,contingency
1977,Yes,contingency
1978,No,contingency
1979,No,contingency
1980,Yes,contingency
1981,Yes,contingency
1982,No,contingency
1983,No,contingency
1984,Yes,contingency
1985,Yes,contingency
1986,No,contingency
1987,No,contingency
1988,Yes,contingency
1989,Yes,contingency
1990,No,contingency
1991,No,contingency
1992,Yes,contingency
1993,Yes,contingency
1994,No,contingency
1995,No,contingency
1996,Yes,contingency
1997,Yes,contingency
1998,No,contingency
1999,No,contingency
2000,No,comparison
2001,No,comparison
2002,Yes,comparison
2003,Yes,comparison
2004,No,comparison
2005,No,comparison
2006,Yes,comparison
2007,Yes,comparison
2008,No,comparison
2009,No,comparison
2010,Yes,comparison
2011,Yes,comparison
2012,No,comparison
2013,No,comparison
2014,Yes,comparison
2015,Yes,comparison
2016,No,comparison
2017,No,comparison
2018,Yes,comparison
2019,Yes,comparison
2020,No,comparison
2021,No,comparison
2022,Yes,comparison
2023,Yes,comparison
2024,No,comparison
2025,No,comparison
2026,Yes,comparison
2027,Yes,comparison
2028,No,comparison
2029,No,comparison
2030,Yes,comparison
2031,Yes,comparison
2032,No,comparison
2033,No,comparison
2034,Yes,comparison
2035,Yes,comparison
2036,No,comparison
2037,No,comparison
2038,Yes,comparison
2039,Yes,comparison
2040,No,comparison
2041,No,comparison
2042,Yes,comparison
2043,Yes,comparison
2044,No,comparison
2045,No,comparison
2046,Yes,comparison
2047,Yes,comparison
2048,No,comparison
2049,No,comparison
2050,Yes,comparison
2051,Yes,comparison
2052,No,comparison
2053,No,comparison
2054,Yes,comparison
2055,Yes,comparison
2056,No,comparison
2057,No,comparison
2058,Yes,comparison
2059,Yes,comparison
2060,No,comparison
2061,No,comparison
2062,Yes,comparison
2063,Yes,comparison
2064,No,comparison
2065,No,comparison
2066,Yes,comparison
2067,Yes,comparison
2068,No,comparison
2069,No,comparison
2070,Yes,comparison
2071,Yes,comparison
2072,No,comparison
2073,No,comparison
2074,Yes,comparison
2075,Yes,comparison
2076,No,comparison
2077,No,comparison
2078,Yes,comparison
2079,Yes,comparison
2080,Yes,contingency
2081,Yes,contingency
2082,No,contingency
2083,No,contingency
2084,Yes,contingency
2085,Yes,contingency
2086,No,contingency
2087,No,contingency
2088,Yes,contingency
2089,Yes,contingency
2090,No,contingency
2091,No,contingency
2092,Yes,contingency
2093,Yes,contingency
2094,No,contingency
2095,No,contingency
2096,Yes,contingency
2097,Yes,contingency
2098,No,contingency
2099,No,contingency
2100,Yes,contingency
2101,Yes,contingency
2102,No,contingency
2103,No,contingency
2104,Yes,contingency
2105,Yes,contingency
2106,No,contingency
2107,No,contingency
2108,Yes,contingency
2109,Yes,contingency
2110,No,contingency
2111,No,contingency
2112,Yes,contingency
2113,Yes,contingency
2114,No,contingency
2115,No,contingency
2116,Yes,contingency
2117,Yes,contingency
2118,No,contingency
2119,No,contingency
2120,Yes,contingency
2121,Yes,contingency
2122,No,contingency
2123,No,contingency
2124,Yes,contingency
2125,Yes,contingency
2126,No,contingency
2127,No,contingency
2128,Yes,contingency
2129,Yes,contingency
2130,No,contingency
2131,No,contingency
2132,Yes,contingency
2133,Yes,contingency
2134,No,contingency
2135,No,contingency
2136,Yes,contingency
2137,Yes,contingency
2138,No,contingency
2139,No,contingency
2140,Yes,contingency
2141,Yes,contingency
2142,No,contingency
2143,No,contingency
2144,Yes,contingency
2145,Yes,contingency
2146,No,contingency
2147,No,contingency
2148,Yes,contingency
2149,Yes,contingency
2150,No,contingency
2151,No,contingency
2152,Yes,contingency
2153,Yes,contingency
2154,No,contingency
2155,No,contingency
2156,Yes,contingency
2157,Yes,contingency
2158,No,contingency
2159,No,contingency
2160,Yes,contingency
2161,Yes,contingency
2162,No,contingency
2163,No,contingency
2164,Yes,contingency
2165,Yes,contingency
2166,No,contingency
2167,No,contingency
2168,Yes,contingency
2169,Yes,contingency
2170,No,contingency
2171,No,contingency
2172,Yes,contingency
2173,Yes,contingency
2174,No,contingency
2175,No,contingency
2176,Yes,contingency
2177,Yes,contingency
2178,No,contingency
2179,No,contingency
2180,Yes,contingency
2181,Yes,contingency
2182,No,contingency
2183,No,contingency
2184,Yes,contingency
2185,Yes,contingency
2186,No,contingency
2187,No,contingency
2188,Yes,contingency
2189,Yes,contingency
2190,No,contingency
2191,No,contingency
2192,Yes,contingency
2193,Yes,contingency
2194,No,contingency
2195,No,contingency
2196,Yes,contingency
2197,Yes,contingency
2198,No,contingency
2199,No,contingency
2200,No,comparison
2201,No,comparison
2202,Yes,comparison
2203,Yes,comparison
2204,No,comparison
2205,No,comparison
2206,Yes,comparison
2207,Yes,comparison
2208,No,comparison
2209,No,comparison
2210,Yes,comparison
2211,Yes,comparison
2212,No,comparison
2213,No,comparison
2214,Yes,comparison
2215,Yes,comparison
2216,No,comparison
2217,No,comparison
2218,Yes,comparison
2219,Yes,comparison
2220,No,comparison
2221,No,comparison
2222,Yes,comparison
2223,Yes,comparison
2224,No,comparison
2225,No,comparison
2226,Yes,comparison
2227,Yes,comparison
2228,No,comparison
2229,No,comparison
2230,Yes,comparison
2231,Yes,comparison
2232,No,comparison
2233,No,comparison
2234,Yes,comparison
2235,Yes,comparison
2236,No,comparison
2237,No,comparison
2238,Yes,comparison
2239,Yes,comparison
2240,Yes,contingency
2241,Yes,contingency
2242,No,contingency
2243,No,contingency
2244,Yes,contingency
2245,Yes,contingency
2246,No,contingency
2247,No,contingency
2248,Yes,contingency
2249,Yes,contingency
2250,No,contingency
2251,No,contingency
2252,Yes,contingency
2253,Yes,contingency
2254,No,contingency
2255,No,contingency
2256,Yes,contingency
2257,Yes,contingency
2258,No,contingency
2259,No,contingency
2260,Yes,contingency
2261,Yes,contingency
2262,No,contingency
2263,No,contingency
2264,Yes,contingency
2265,Yes,contingency
2266,No,contingency
2267,No,contingency
2268,Yes,contingency
2269,Yes,contingency
2270,No,contingency
2271,No,contingency
2272,Yes,contingency
2273,Yes,contingency
2274,No,contingency
2275,No,contingency
2276,Yes,contingency
2277,Yes,contingency
2278,No,contingency
2279,No,contingency
2280,No,comparison
2281,No,comparison
2282,Yes,comparison
2283,Yes,comparison
2284,No,comparison
2285,No,comparison
2286,Yes,comparison
2287,Yes,comparison
2288,No,comparison
2289,No,comparison
2290,Yes,comparison
2291,Yes,comparison
2292,No,comparison
2293,No,comparison
2294,Yes,comparison
2295,Yes,comparison
2296,No,comparison
2297,No,comparison
2298,Yes,comparison
2299,Yes,comparison
2300,No,comparison
2301,No,comparison
2302,Yes,comparison
2303,Yes,comparison
2304,No,comparison
2305,No,comparison
2306,Yes,comparison
2307,Yes,comparison
2308,No,comparison
2309,No,comparison
2310,Yes,comparison
2311,Yes,comparison
2312,No,comparison
2313,No,comparison
2314,Yes,comparison
2315,Yes,comparison
2316,No,comparison
2317,No,comparison
2318,Yes,comparison
2319,Yes,comparison
2320,No,comparison
2321,No,comparison
2322,Yes,comparison
2323,Yes,comparison
2324,No,comparison
2325,No,comparison
2326,Yes,comparison
2327,Yes,comparison
2328,No,comparison
2329,No,comparison
2330,Yes,comparison
2331,Yes,comparison
2332,No,comparison
2333,No,comparison
2334,Yes,comparison
2335,Yes,comparison
2336,No,comparison
2337,No,comparison
2338,Yes,comparison
2339,Yes,comparison
2340,No,comparison
2341,No,comparison
2342,Yes,comparison
2343,Yes,comparison
2344,No,comparison
2345,No,comparison
2346,Yes,comparison
2347,Yes,comparison
2348,No,comparison
2349,No,comparison
2350,Yes,comparison
2351,Yes,comparison
2352,No,comparison
2353,No,comparison
2354,Yes,comparison
2355,Yes,comparison
2356,No,comparison
2357,No,comparison
2358,Yes,comparison
2359,Yes,comparison
2360,No,comparison
2361,No,comparison
2362,Yes,comparison
2363,Yes,comparison
2364,No,comparison
2365,No,comparison
2366,Yes,comparison
2367,Yes,comparison
2368,No,comparison
2369,No,comparison
2370,Yes,comparison
2371,Yes,comparison
2372,No,comparison
2373,No,comparison
2374,Yes,comparison
2375,Yes,comparison
2376,No,comparison
2377,No,comparison
2378,Yes,comparison
2379,Yes,comparison
2380,No,comparison
2381,No,comparison
2382,Yes,comparison
2383,Yes,comparison
2384,No,comparison
2385,No,comparison
2386,Yes,comparison
2387,Yes,comparison
2388,No,comparison
2389,No,comparison
2390,Yes,comparison
2391,Yes,comparison
2392,No,comparison
2393,No,comparison
2394,Yes,comparison
2395,Yes,comparison
2396,No,comparison
2397,No,comparison
2398,Yes,comparison
2399,Yes,comparison
2400,No,comparison
2401,No,comparison
2402,Yes,comparison
2403,Yes,comparison
2404,No,comparison
2405,No,comparison
2406,Yes,comparison
2407,Yes,comparison
2408,No,comparison
2409,No,comparison
2410,Yes,comparison
2411,Yes,comparison
2412,No,comparison
2413,No,comparison
2414,Yes,comparison
2415,Yes,comparison
2416,No,comparison
2417,No,comparison
2418,Yes,comparison
2419,Yes,comparison
2420,No,comparison
2421,No,comparison
2422,Yes,comparison
2423,Yes,comparison
2424,No,comparison
2425,No,comparison
2426,Yes,comparison
2427,Yes,comparison
2428,No,comparison
2429,No,comparison
2430,Yes,comparison
2431,Yes,comparison
2432,No,comparison
2433,No,comparison
2434,Yes,comparison
2435,Yes,comparison
2436,No,comparison
2437,No,comparison
2438,Yes,comparison
2439,Yes,comparison
2440,Yes,contingency
2441,Yes,contingency
2442,No,contingency
2443,No,contingency
2444,Yes,contingency
2445,Yes,contingency
2446,No,contingency
2447,No,contingency
2448,Yes,contingency
2449,Yes,contingency
2450,No,contingency
2451,No,contingency
2452,Yes,contingency
2453,Yes,contingency
2454,No,contingency
2455,No,contingency
2456,Yes,contingency
2457,Yes,contingency
2458,No,contingency
2459,No,contingency
2460,Yes,contingency
2461,Yes,contingency
2462,No,contingency
2463,No,contingency
2464,Yes,contingency
2465,Yes,contingency
2466,No,contingency
2467,No,contingency
2468,Yes,contingency
2469,Yes,contingency
2470,No,contingency
2471,No,contingency
2472,Yes,contingency
2473,Yes,contingency
2474,No,contingency
2475,No,contingency
2476,Yes,contingency
2477,Yes,contingency
2478,No,contingency
2479,No,contingency
2480,Yes,contingency
2481,Yes,contingency
2482,No,contingency
2483,No,contingency
2484,Yes,contingency
2485,Yes,contingency
2486,No,contingency
2487,No,contingency
2488,Yes,contingency
2489,Yes,contingency
2490,No,contingency
2491,No,contingency
2492,Yes,contingency
2493,Yes,contingency
2494,No,contingency
2495,No,contingency
2496,Yes,contingency
2497,Yes,contingency
2498,No,contingency
2499,No,contingency
2500,Yes,contingency
2501,Yes,contingency
2502,No,contingency
2503,No,contingency
2504,Yes,contingency
2505,Yes,contingency
2506,No,contingency
2507,No,contingency
2508,Yes,contingency
2509,Yes,contingency
2510,No,contingency
2511,No,contingency
2512,Yes,contingency
2513,Yes,contingency
2514,No,contingency
2515,No,contingency
2516,Yes,contingency
2517,Yes,contingency
2518,No,contingency
2519,No,contingency
2520,No,comparison
2521,No,comparison
2522,Yes,comparison
2523,Yes,comparison
2524,No,comparison
2525,No,comparison
2526,Yes,comparison
2527,Yes,comparison
2528,No,comparison
2529,No,comparison
2530,Yes,comparison
2531,Yes,comparison
2532,No,comparison
2533,No,comparison
2534,Yes,comparison
2535,Yes,comparison
2536,No,comparison
2537,No,comparison
2538,Yes,comparison
2539,Yes,comparison
2540,No,comparison
2541,No,comparison
2542,Yes,comparison
2543,Yes,comparison
2544,No,comparison
2545,No,comparison
2546,Yes,comparison
2547,Yes,comparison
2548,No,comparison
2549,No,comparison
2550,Yes,comparison
2551,Yes,comparison
2552,No,comparison
2553,No,comparison
2554,Yes,comparison
2555,Yes,comparison
2556,No,comparison
2557,No,comparison
2558,Yes,comparison
2559,Yes,comparison
2560,Yes,contingency
2561,Yes,contingency
2562,No,contingency
2563,No,contingency
2564,Yes,contingency
2565,Yes,contingency
2566,No,contingency
2567,No,contingency
2568,Yes,contingency
2569,Yes,contingency
2570,No,contingency
2571,No,contingency
2572,Yes,contingency
2573,Yes,contingency
2574,No,contingency
2575,No,contingency
2576,Yes,contingency
2577,Yes,contingency
2578,No,contingency
2579,No,contingency
2580,Yes,contingency
2581,Yes,contingency
2582,No,contingency
2583,No,contingency
2584,Yes,contingency
2585,Yes,contingency
2586,No,contingency
2587,No,contingency
2588,Yes,contingency
2589,Yes,contingency
2590,No,contingency
2591,No,contingency
2592,Yes,contingency
2593,Yes,contingency
2594,No,contingency
2595,No,contingency
2596,Yes,contingency
2597,Yes,contingency
2598,No,contingency
2599,No,contingency
2600,No,comparison
2601,No,comparison
2602,Yes,comparison
2603,Yes,comparison
2604,No,comparison
2605,No,comparison
2606,Yes,comparison
2607,Yes,comparison
2608,No,comparison
2609,No,comparison
2610,Yes,comparison
2611,Yes,comparison
2612,No,comparison
2613,No,comparison
2614,Yes,comparison
2615,Yes,comparison
2616,No,comparison
2617,No,comparison
2618,Yes,comparison
2619,Yes,comparison
2620,No,comparison
2621,No,comparison
2622,Yes,comparison
2623,Yes,comparison
2624,No,comparison
2625,No,comparison
2626,Yes,comparison
2627,Yes,comparison
2628,No,comparison
2629,No,comparison
2630,Yes,comparison
2631,Yes,comparison
2632,No,comparison
2633,No,comparison
2634,Yes,comparison
2635,Yes,comparison
2636,No,comparison
2637,No,comparison
2638,Yes,comparison
2639,Yes,comparison
2640,No,comparison
2641,No,comparison
2642,Yes,comparison
2643,Yes,comparison
2644,No,comparison
2645,No,comparison
2646,Yes,comparison
2647,Yes,comparison
2648,No,comparison
2649,No,comparison
2650,Yes,comparison
2651,Yes,comparison
2652,No,comparison
2653,No,comparison
2654,Yes,comparison
2655,Yes,comparison
2656,No,comparison
2657,No,comparison
2658,Yes,comparison
2659,Yes,comparison
2660,No,comparison
2661,No,comparison
2662,Yes,comparison
2663,Yes,comparison
2664,No,comparison
2665,No,comparison
2666,Yes,comparison
2667,Yes,comparison
2668,No,comparison
2669,No,comparison
2670,Yes,comparison
2671,Yes,comparison
2672,No,comparison
2673,No,comparison
2674,Yes,comparison
2675,Yes,comparison
2676,No,comparison
2677,No,comparison
2678,Yes,comparison
2679,Yes,comparison
2680,Yes,contingency
2681,Yes,contingency
2682,No,contingency
2683,No,contingency
2684,Yes,contingency
2685,Yes,contingency
2686,No,contingency
2687,No,contingency
2688,Yes,contingency
2689,Yes,contingency
2690,No,contingency
2691,No,contingency
2692,Yes,contingency
2693,Yes,contingency
2694,No,contingency
2695,No,contingency
2696,Yes,contingency
2697,Yes,contingency
2698,No,contingency
2699,No,contingency
2700,Yes,contingency
2701,Yes,contingency
2702,No,contingency
2703,No,contingency
2704,Yes,contingency
2705,Yes,contingency
2706,No,contingency
2707,No,contingency
2708,Yes,contingency
2709,Yes,contingency
2710,No,contingency
2711,No,contingency
2712,Yes,contingency
2713,Yes,contingency
2714,No,contingency
2715,No,contingency
2716,Yes,contingency
2717,Yes,contingency
2718,No,contingency
2719,No,contingency
2720,Yes,contingency
2721,Yes,contingency
2722,No,contingency
2723,No,contingency
2724,Yes,contingency
2725,Yes,contingency
2726,No,contingency
2727,No,contingency
2728,Yes,contingency
2729,Yes,contingency
2730,No,contingency
2731,No,contingency
2732,Yes,contingency
2733,Yes,contingency
2734,No,contingency
2735,No,contingency
2736,Yes,contingency
2737,Yes,contingency
2738,No,contingency
2739,No,contingency
2740,Yes,contingency
2741,Yes,contingency
2742,No,contingency
2743,No,contingency
2744,Yes,contingency
2745,Yes,contingency
2746,No,contingency
2747,No,contingency
2748,Yes,contingency
2749,Yes,contingency
2750,No,contingency
2751,No,contingency
2752,Yes,contingency
2753,Yes,contingency
2754,No,contingency
2755,No,contingency
2756,Yes,contingency
2757,Yes,contingency
2758,No,contingency
2759,No,contingency
2760,Yes,contingency
2761,Yes,contingency
2762,No,contingency
2763,No,contingency
2764,Yes,contingency
2765,Yes,contingency
2766,No,contingency
2767,No,contingency
2768,Yes,contingency
2769,Yes,contingency
2770,No,contingency
2771,No,contingency
2772,Yes,contingency
2773,Yes,contingency
2774,No,contingency
2775,No,contingency
2776,Yes,contingency
2777,Yes,contingency
2778,No,contingency
2779,No,contingency
2780,Yes,contingency
2781,Yes,contingency
2782,No,contingency
2783,No,contingency
2784,Yes,contingency
2785,Yes,contingency
2786,No,contingency
2787,No,contingency
2788,Yes,contingency
2789,Yes,contingency
2790,No,contingency
2791,No,contingency
2792,Yes,contingency
2793,Yes,contingency
2794,No,contingency
2795,No,contingency
2796,Yes,contingency
2797,Yes,contingency
2798,No,contingency
2799,No,contingency
2800,No,comparison
2801,No,comparison
2802,Yes,comparison
2803,Yes,comparison
2804,No,comparison
2805,No,comparison
2806,Yes,comparison
2807,Yes,comparison
2808,No,comparison
2809,No,comparison
2810,Yes,comparison
2811,Yes,comparison
2812,No,comparison
2813,No,comparison
2814,Yes,comparison
2815,Yes,comparison
2816,No,comparison
2817,No,comparison
2818,Yes,comparison
2819,Yes,comparison
2820,No,comparison
2821,No,comparison
2822,Yes,comparison
2823,Yes,comparison
2824,No,comparison
2825,No,comparison
2826,Yes,comparison
2827,Yes,comparison
2828,No,comparison
2829,No,comparison
2830,Yes,comparison
2831,Yes,comparison
2832,No,comparison
2833,No,comparison
2834,Yes,comparison
2835,Yes,comparison
2836,No,comparison
2837,No,comparison
2838,Yes,comparison
2839,Yes,comparison
2840,No,comparison
2841,No,comparison
2842,Yes,comparison
2843,Yes,comparison
2844,No,comparison
2845,No,comparison
2846,Yes,comparison
2847,Yes,comparison
2848,No,comparison
2849,No,comparison
2850,Yes,comparison
2851,Yes,comparison
2852,No,comparison
2853,No,comparison
2854,Yes,comparison
2855,Yes,comparison
2856,No,comparison
2857,No,comparison
2858,Yes,comparison
2859,Yes,comparison
2860,No,comparison
2861,No,comparison
2862,Yes,comparison
2863,Yes,comparison
2864,No,comparison
2865,No,comparison
2866,Yes,comparison
2867,Yes,comparison
2868,No,comparison
2869,No,comparison
2870,Yes,comparison
2871,Yes,comparison
2872,No,comparison
2873,No,comparison
2874,Yes,comparison
2875,Yes,comparison
2876,No,comparison
2877,No,comparison
2878,Yes,comparison
2879,Yes,comparison
2880,Yes,contingency
2881,Yes,contingency
2882,No,contingency
2883,No,contingency
2884,Yes,contingency
2885,Yes,contingency
2886,No,contingency
2887,No,contingency
2888,Yes,contingency
2889,Yes,contingency
2890,No,contingency
2891,No,contingency
2892,Yes,contingency
2893,Yes,contingency
2894,No,contingency
2895,No,contingency
2896,Yes,contingency
2897,Yes,contingency
2898,No,contingency
2899,No,contingency
2900,Yes,contingency
2901,Yes,contingency
2902,No,contingency
2903,No,contingency
2904,Yes,contingency
2905,Yes,contingency
2906,No,contingency
2907,No,contingency
2908,Yes,contingency
2909,Yes,contingency
2910,No,contingency
2911,No,contingency
2912,Yes,contingency
2913,Yes,contingency
2914,No,contingency
2915,No,contingency
2916,Yes,contingency
2917,Yes,contingency
2918,No,contingency
2919,No,contingency
2920,Yes,contingency
2921,Yes,contingency
2922,No,contingency
2923,No,contingency
2924,Yes,contingency
2925,Yes,contingency
2926,No,contingency
2927,No,contingency
2928,Yes,contingency
2929,Yes,contingency
2930,No,contingency
2931,No,contingency
2932,Yes,contingency
2933,Yes,contingency
2934,No,contingency
2935,No,contingency
2936,Yes,contingency
2937,Yes,contingency
2938,No,contingency
2939,No,contingency
2940,Yes,contingency
2941,Yes,contingency
2942,No,contingency
2943,No,contingency
2944,Yes,contingency
2945,Yes,contingency
2946,No,contingency
2947,No,contingency
2948,Yes,contingency
2949,Yes,contingency
2950,No,contingency
2951,No,contingency
2952,Yes,contingency
2953,Yes,contingency
2954,No,contingency
2955,No,contingency
2956,Yes,contingency
2957,Yes,contingency
2958,No,contingency
2959,No,contingency
2960,Yes,contingency
2961,Yes,contingency
2962,No,contingency
2963,No,contingency
2964,Yes,contingency
2965,Yes,contingency
2966,No,contingency
2967,No,contingency
2968,Yes,contingency
2969,Yes,contingency
2970,No,contingency
2971,No,contingency
2972,Yes,contingency
2973,Yes,contingency
2974,No,contingency
2975,No,contingency
2976,Yes,contingency
2977,Yes,contingency
2978,No,contingency
2979,No,contingency
2980,Yes,contingency
2981,Yes,contingency
2982,No,contingency
2983,No,contingency
2984,Yes,contingency
2985,Yes,contingency
2986,No,contingency
2987,No,contingency
2988,Yes,contingency
2989,Yes,contingency
2990,No,contingency
2991,No,contingency
2992,Yes,contingency
2993,Yes,contingency
2994,No,contingency
2995,No,contingency
2996,Yes,contingency
2997,Yes,contingency
2998,No,contingency
2999,No,contingency
3000,No,comparison
3001,No,comparison
3002,Yes,comparison
3003,Yes,comparison
3004,No,comparison
3005,No,comparison
3006,Yes,comparison
3007,Yes,comparison
3008,No,comparison
3009,No,comparison
3010,Yes,comparison
3011,Yes,comparison
3012,No,comparison
3013,No,comparison
3014,Yes,comparison
3015,Yes,comparison
3016,No,comparison
3017,No,comparison
3018,Yes,comparison
3019,Yes,comparison
3020,No,comparison
3021,No,comparison
3022,Yes,comparison
3023,Yes,comparison
3024,No,comparison
3025,No,comparison
3026,Yes,comparison
3027,Yes,comparison
3028,No,comparison
3029,No,comparison
3030,Yes,comparison
3031,Yes,comparison
3032,No,comparison
3033,No,comparison
3034,Yes,comparison
3035,Yes,comparison
3036,No,comparison
3037,No,comparison
3038,Yes,comparison
3039,Yes,comparison
3040,Yes,contingency
3041,Yes,contingency
3042,No,contingency
3043,No,contingency
3044,Yes,contingency
3045,Yes,contingency
3046,No,contingency
3047,No,contingency
3048,Yes,contingency
3049,Yes,contingency
3050,No,contingency
3051,No,contingency
3052,Yes,contingency
3053,Yes,contingency
3054,No,contingency
3055,No,contingency
3056,Yes,contingency
3057,Yes,contingency
3058,No,contingency
3059,No,contingency
3060,Yes,contingency
3061,Yes,contingency
3062,No,contingency
3063,No,contingency
3064,Yes,contingency
3065,Yes,contingency
3066,No,contingency
3067,No,contingency
3068,Yes,contingency
3069,Yes,contingency
3070,No,contingency
3071,No,contingency
3072,Yes,contingency
3073,Yes,contingency
3074,No,contingency
3075,No,contingency
3076,Yes,contingency
3077,Yes,contingency
3078,No,contingency
3079,No,contingency
3080,No,comparison
3081,No,comparison
3082,Yes,comparison
3083,Yes,comparison
3084,No,comparison
3085,No,comparison
3086,Yes,comparison
3087,Yes,comparison
3088,No,comparison
3089,No,comparison
3090,Yes,comparison
3091,Yes,comparison
3092,No,comparison
3093,No,comparison
3094,Yes,comparison
3095,Yes,comparison
3096,No,comparison
3097,No,comparison
3098,Yes,comparison
3099,Yes,comparison
3100,No,comparison
3101,No,comparison
3102,Yes,comparison
3103,Yes,comparison
3104,No,comparison
3105,No,comparison
3106,Yes,comparison
3107,Yes,comparison
3108,No,comparison
3109,No,comparison
3110,Yes,comparison
3111,Yes,comparison
3112,No,comparison
3113,No,comparison
3114,Yes,comparison
3115,Yes,comparison
3116,No,comparison
3117,No,comparison
3118,Yes,comparison
3119,Yes,comparison
3120,No,comparison
3121,No,comparison
3122,Yes,comparison
3123,Yes,comparison
3124,No,comparison
3125,No,comparison
3126,Yes,comparison
3127,Yes,comparison
3128,No,comparison
3129,No,comparison
3130,Yes,comparison
3131,Yes,comparison
3132,No,comparison
3133,No,comparison
3134,Yes,comparison
3135,Yes,comparison
3136,No,comparison
3137,No,comparison
3138,Yes,comparison
3139,Yes,comparison
3140,No,comparison
3141,No,comparison
3142,Yes,comparison
3143,Yes,comparison
3144,No,comparison
3145,No,comparison
3146,Yes,comparison
3147,Yes,comparison
3148,No,comparison
3149,No,comparison
3150,Yes,comparison
3151,Yes,comparison
3152,No,comparison
3153,No,comparison
3154,Yes,comparison
3155,Yes,comparison
3156,No,comparison
3157,No,comparison
3158,Yes,comparison
3159,Yes,comparison
3160,No,comparison
3161,No,comparison
3162,Yes,comparison
3163,Yes,comparison
3164,No,comparison
3165,No,comparison
3166,Yes,comparison
3167,Yes,comparison
3168,No,comparison
3169,No,comparison
3170,Yes,comparison
3171,Yes,comparison
3172,No,comparison
3173,No,comparison
3174,Yes,comparison
3175,Yes,comparison
3176,No,comparison
3177,No,comparison
3178,Yes,comparison
3179,Yes,comparison
3180,No,comparison
3181,No,comparison
3182,Yes,comparison
3183,Yes,comparison
3184,No,comparison
3185,No,comparison
3186,Yes,comparison
3187,Yes,comparison
3188,No,comparison
3189,No,comparison
3190,Yes,comparison
3191,Yes,comparison
3192,No,comparison
3193,No,comparison
3194,Yes,comparison
3195,Yes,comparison
3196,No,comparison
3197,No,comparison
3198,Yes,comparison
3199,Yes,comparison
3200,No,comparison
3201,No,comparison
3202,Yes,comparison
3203,Yes,comparison
3204,No,comparison
3205,No,comparison
3206,Yes,comparison
3207,Yes,comparison
3208,No,comparison
3209,No,comparison
3210,Yes,comparison
3211,Yes,comparison
3212,No,comparison
3213,No,comparison
3214,Yes,comparison
3215,Yes,comparison
3216,No,comparison
3217,No,comparison
3218,Yes,comparison
3219,Yes,comparison
3220,No,comparison
3221,No,comparison
3222,Yes,comparison
3223,Yes,comparison
3224,No,comparison
3225,No,comparison
3226,Yes,comparison
3227,Yes,comparison
3228,No,comparison
3229,No,comparison
3230,Yes,comparison
3231,Yes,comparison
3232,No,comparison
3233,No,comparison
3234,Yes,comparison
3235,Yes,comparison
3236,No,comparison
3237,No,comparison
3238,Yes,comparison
3239,Yes,comparison
3240,Yes,contingency
3241,Yes,contingency
3242,No,contingency
3243,No,contingency
3244,Yes,contingency
3245,Yes,contingency
3246,No,contingency
3247,No,contingency
3248,Yes,contingency
3249,Yes,contingency
3250,No,contingency
3251,No,contingency
3252,Yes,contingency
3253,Yes,contingency
3254,No,contingency
3255,No,contingency
3256,Yes,contingency
3257,Yes,contingency
3258,No,contingency
3259,No,contingency
3260,Yes,contingency
3261,Yes,contingency
3262,No,contingency
3263,No,contingency
3264,Yes,contingency
3265,Yes,contingency
3266,No,contingency
3267,No,contingency
3268,Yes,contingency
3269,Yes,contingency
3270,No,contingency
3271,No,contingency
3272,Yes,contingency
3273,Yes,contingency
3274,No,contingency
3275,No,contingency
3276,Yes,contingency
3277,Yes,contingency
3278,No,contingency
3279,No,contingency
3280,Yes,contingency
3281,Yes,contingency
3282,No,contingency
3283,No,contingency
3284,Yes,contingency
3285,Yes,contingency
3286,No,contingency
3287,No,contingency
3288,Yes,contingency
3289,Yes,contingency
3290,No,contingency
3291,No,contingency
3292,Yes,contingency
3293,Yes,contingency
3294,No,contingency
3295,No,contingency
3296,Yes,contingency
3297,Yes,contingency
3298,No,contingency
3299,No,contingency
3300,Yes,contingency
3301,Yes,contingency
3302,No,contingency
3303,No,contingency
3304,Yes,contingency
3305,Yes,contingency
3306,No,contingency
3307,No,contingency
3308,Yes,contingency
3309,Yes,contingency
3310,No,contingency
3311,No,contingency
3312,Yes,contingency
3313,Yes,contingency
3314,No,contingency
3315,No,contingency
3316,Yes,contingency
3317,Yes,contingency
3318,No,contingency
3319,No,contingency
3320,No,comparison
3321,No,comparison
3322,Yes,comparison
3323,Yes,comparison
3324,No,comparison
3325,No,comparison
3326,Yes,comparison
3327,Yes,comparison
3328,No,comparison
3329,No,comparison
3330,Yes,comparison
3331,Yes,comparison
3332,No,comparison
3333,No,comparison
3334,Yes,comparison
3335,Yes,comparison
3336,No,comparison
3337,No,comparison
3338,Yes,comparison
3339,Yes,comparison
3340,No,comparison
3341,No,comparison
3342,Yes,comparison
3343,Yes,comparison
3344,No,comparison
3345,No,comparison
3346,Yes,comparison
3347,Yes,comparison
3348,No,comparison
3349,No,comparison
3350,Yes,comparison
3351,Yes,comparison
3352,No,comparison
3353,No,comparison
3354,Yes,comparison
3355,Yes,comparison
3356,No,comparison
3357,No,comparison
3358,Yes,comparison
3359,Yes,comparison
3360,Yes,contingency
3361,Yes,contingency
3362,No,contingency
3363,No,contingency
3364,Yes,contingency
3365,Yes,contingency
3366,No,contingency
3367,No,contingency
3368,Yes,contingency
3369,Yes,contingency
3370,No,contingency
3371,No,contingency
3372,Yes,contingency
3373,Yes,contingency
3374,No,contingency
3375,No,contingency
3376,Yes,contingency
3377,Yes,contingency
3378,No,contingency
3379,No,contingency
3380,Yes,contingency
3381,Yes,contingency
3382,No,contingency
3383,No,contingency
3384,Yes,contingency
3385,Yes,contingency
3386,No,contingency
3387,No,contingency
3388,Yes,contingency
3389,Yes,contingency
3390,No,contingency
3391,No,contingency
3392,Yes,contingency
3393,Yes,contingency
3394,No,contingency
3395,No,contingency
3396,Yes,contingency
3397,Yes,contingency
3398,No,contingency
3399,No,contingency
3400,No,comparison
3401,No,comparison
3402,Yes,comparison
3403,Yes,comparison
3404,No,comparison
3405,No,comparison
3406,Yes,comparison
3407,Yes,comparison
3408,No,comparison
3409,No,comparison
3410,Yes,comparison
3411,Yes,comparison
3412,No,comparison
3413,No,comparison
3414,Yes,comparison
3415,Yes,comparison
3416,No,comparison
3417,No,comparison
3418,Yes,comparison
3419,Yes,comparison
3420,No,comparison
3421,No,comparison
3422,Yes,comparison
3423,Yes,comparison
3424,No,comparison
3425,No,comparison
3426,Yes,comparison
3427,Yes,comparison
3428,No,comparison
3429,No,comparison
3430,Yes,comparison
3431,Yes,comparison
3432,No,comparison
3433,No,comparison
3434,Yes,comparison
3435,Yes,comparison
3436,No,comparison
3437,No,comparison
3438,Yes,comparison
3439,Yes,comparison
3440,No,comparison
3441,No,comparison
3442,Yes,comparison
3443,Yes,comparison
3444,No,comparison
3445,No,comparison
3446,Yes,comparison
3447,Yes,comparison
3448,No,comparison
3449,No,comparison
3450,Yes,comparison
3451,Yes,comparison
3452,No,comparison
3453,No,comparison
3454,Yes,comparison
3455,Yes,comparison
3456,No,comparison
3457,No,comparison
3458,Yes,comparison
3459,Yes,comparison
3460,No,comparison
3461,No,comparison
3462,Yes,comparison
3463,Yes,comparison
3464,No,comparison
3465,No,comparison
3466,Yes,comparison
3467,Yes,comparison
3468,No,comparison
3469,No,comparison
3470,Yes,comparison
3471,Yes,comparison
3472,No,comparison
3473,No,comparison
3474,Yes,comparison
3475,Yes,comparison
3476,No,comparison
3477,No,comparison
3478,Yes,comparison
3479,Yes,comparison
3480,Yes,contingency
3481,Yes,contingency
3482,No,contingency
3483,No,contingency
3484,Yes,contingency
3485,Yes,contingency
3486,No,contingency
3487,No,contingency
3488,Yes,contingency
3489,Yes,contingency
3490,No,contingency
3491,No,contingency
3492,Yes,contingency
3493,Yes,contingency
3494,No,contingency
3495,No,contingency
3496,Yes,contingency
3497,Yes,contingency
3498,No,contingency
3499,No,contingency
3500,Yes,contingency
3501,Yes,contingency
3502,No,contingency
3503,No,contingency
3504,Yes,contingency
3505,Yes,contingency
3506,No,contingency
3507,No,contingency
3508,Yes,contingency
3509,Yes,contingency
3510,No,contingency
3511,No,contingency
3512,Yes,contingency
3513,Yes,contingency
3514,No,contingency
3515,No,contingency
3516,Yes,contingency
3517,Yes,contingency
3518,No,contingency
3519,No,contingency
3520,Yes,contingency
3521,Yes,contingency
3522,No,contingency
3523,No,contingency
3524,Yes,contingency
3525,Yes,contingency
3526,No,contingency
3527,No,contingency
3528,Yes,contingency
3529,Yes,contingency
3530,No,contingency
3531,No,contingency
3532,Yes,contingency
3533,Yes,contingency
3534,No,contingency
3535,No,contingency
3536,Yes,contingency
3537,Yes,contingency
3538,No,contingency
3539,No,contingency
3540,Yes,contingency
3541,Yes,contingency
3542,No,contingency
3543,No,contingency
3544,Yes,contingency
3545,Yes,contingency
3546,No,contingency
3547,No,contingency
3548,Yes,contingency
3549,Yes,contingency
3550,No,contingency
3551,No,contingency
3552,Yes,contingency
3553,Yes,contingency
3554,No,contingency
3555,No,contingency
3556,Yes,contingency
3557,Yes,contingency
3558,No,contingency
3559,No,contingency
3560,Yes,contingency
3561,Yes,contingency
3562,No,contingency
3563,No,contingency
3564,Yes,contingency
3565,Yes,contingency
3566,No,contingency
3567,No,contingency
3568,Yes,contingency
3569,Yes,contingency
3570,No,contingency
3571,No,contingency
3572,Yes,contingency
3573,Yes,contingency
3574,No,contingency
3575,No,contingency
3576,Yes,contingency
3577,Yes,contingency
3578,No,contingency
3579,No,contingency
3580,Yes,contingency
3581,Yes,contingency
3582,No,contingency
3583,No,contingency
3584,Yes,contingency
3585,Yes,contingency
3586,No,contingency
3587,No,contingency
3588,Yes,contingency
3589,Yes,contingency
3590,No,contingency
3591,No,contingency
3592,Yes,contingency
3593,Yes,contingency
3594,No,contingency
3595,No,contingency
3596,Yes,contingency
3597,Yes,contingency
3598,No,contingency
3599,No,contingency
3600,No,comparison
3601,No,comparison
3602,Yes,comparison
3603,Yes,comparison
3604,No,comparison
3605,No,comparison
3606,Yes,comparison
3607,Yes,comparison
3608,No,comparison
3609,No,comparison
3610,Yes,comparison
3611,Yes,comparison
3612,No,comparison
3613,No,comparison
3614,Yes,comparison
3615,Yes,comparison
3616,No,comparison
3617,No,comparison
3618,Yes,comparison
3619,Yes,comparison
3620,No,comparison
3621,No,comparison
3622,Yes,comparison
3623,Yes,comparison
3624,No,comparison
3625,No,comparison
3626,Yes,comparison
3627,Yes,comparison
3628,No,comparison
3629,No,comparison
3630,Yes,comparison
3631,Yes,comparison
3632,No,comparison
3633,No,comparison
3634,Yes,comparison
3635,Yes,comparison
3636,No,comparison
3637,No,comparison
3638,Yes,comparison
3639,Yes,comparison
3640,No,comparison
3641,No,comparison
3642,Yes,comparison
3643,Yes,comparison
3644,No,comparison
3645,No,comparison
3646,Yes,comparison
3647,Yes,comparison
3648,No,comparison
3649,No,comparison
3650,Yes,comparison
3651,Yes,comparison
3652,No,comparison
3653,No,comparison
3654,Yes,comparison
3655,Yes,comparison
3656,No,comparison
3657,No,comparison
3658,Yes,comparison
3659,Yes,comparison
3660,No,comparison
3661,No,comparison
3662,Yes,comparison
3663,Yes,comparison
3664,No,comparison
3665,No,comparison
3666,Yes,comparison
3667,Yes,comparison
3668,No,comparison
3669,No,comparison
3670,Yes,comparison
3671,Yes,comparison
3672,No,comparison
3673,No,comparison
3674,Yes,comparison
3675,Yes,comparison
3676,No,comparison
3677,No,comparison
3678,Yes,comparison
3679,Yes,comparison
3680,Yes,contingency
3681,Yes,contingency
3682,No,contingency
3683,No,contingency
3684,Yes,contingency
3685,Yes,contingency
3686,No,contingency
3687,No,contingency
3688,Yes,contingency
3689,Yes,contingency
3690,No,contingency
3691,No,contingency
3692,Yes,contingency
3693,Yes,contingency
3694,No,contingency
3695,No,contingency
3696,Yes,contingency
3697,Yes,contingency
3698,No,contingency
3699,No,contingency
3700,Yes,contingency
3701,Yes,contingency
3702,No,contingency
3703,No,contingency
3704,Yes,contingency
3705,Yes,contingency
3706,No,contingency
3707,No,contingency
3708,Yes,contingency
3709,Yes,contingency
3710,No,contingency
3711,No,contingency
3712,Yes,contingency
3713,Yes,contingency
3714,No,contingency
3715,No,contingency
3716,Yes,contingency
3717,Yes,contingency
3718,No,contingency
3719,No,contingency
3720,Yes,contingency
3721,Yes,contingency
3722,No,contingency
3723,No,contingency
3724,Yes,contingency
3725,Yes,contingency
3726,No,contingency
3727,No,contingency
3728,Yes,contingency
3729,Yes,contingency
3730,No,contingency
3731,No,contingency
3732,Yes,contingency
3733,Yes,contingency
3734,No,contingency
3735,No,contingency
3736,Yes,contingency
3737,Yes,contingency
3738,No,contingency
3739,No,contingency
3740,Yes,contingency
3741,Yes,contingency
3742,No,contingency
3743,No,contingency
3744,Yes,contingency
3745,Yes,contingency
3746,No,contingency
3747,No,contingency
3748,Yes,contingency
3749,Yes,contingency
3750,No,contingency
3751,No,contingency
3752,Yes,contingency
3753,Yes,contingency
3754,No,contingency
3755,No,contingency
3756,Yes,contingency
3757,Yes,contingency
3758,No,contingency
3759,No,contingency
3760,Yes,contingency
3761,Yes,contingency
3762,No,contingency
3763,No,contingency
3764,Yes,contingency
3765,Yes,contingency
3766,No,contingency
3767,No,contingency
3768,Yes,contingency
3769,Yes,contingency
3770,No,contingency
3771,No,contingency
3772,Yes,contingency
3773,Yes,contingency
3774,No,contingency
3775,No,contingency
3776,Yes,contingency
3777,Yes,contingency
3778,No,contingency
3779,No,contingency
3780,Yes,contingency
3781,Yes,contingency
3782,No,contingency
3783,No,contingency
3784,Yes,contingency
3785,Yes,contingency
3786,No,contingency
3787,No,contingency
3788,Yes,contingency
3789,Yes,contingency
3790,No,contingency
3791,No,contingency
3792,Yes,contingency
3793,Yes,contingency
3794,No,contingency
3795,No,contingency
3796,Yes,contingency
3797,Yes,contingency
3798,No,contingency
3799,No,contingency
3800,No,comparison
3801,No,comparison
3802,Yes,comparison
3803,Yes,comparison
3804,No,comparison
3805,No,comparison
3806,Yes,comparison
3807,Yes,comparison
3808,No,comparison
3809,No,comparison
3810,Yes,comparison
3811,Yes,comparison
3812,No,comparison
3813,No,comparison
3814,Yes,comparison
3815,Yes,comparison
3816,No,comparison
3817,No,comparison
3818,Yes,comparison
3819,Yes,comparison
3820,No,comparison
3821,No,comparison
3822,Yes,comparison
3823,Yes,comparison
3824,No,comparison
3825,No,comparison
3826,Yes,comparison
3827,Yes,comparison
3828,No,comparison
3829,No,comparison
3830,Yes,comparison
3831,Yes,comparison
3832,No,comparison
3833,No,comparison
3834,Yes,comparison
3835,Yes,comparison
3836,No,comparison
3837,No,comparison
3838,Yes,comparison
3839,Yes,comparison
3840,Yes,contingency
3841,Yes,contingency
3842,No,contingency
3843,No,contingency
3844,Yes,contingency
3845,Yes,contingency
3846,No,contingency
3847,No,contingency
3848,Yes,contingency
3849,Yes,contingency
3850,No,contingency
3851,No,contingency
3852,Yes,contingency
3853,Yes,contingency
3854,No,contingency
3855,No,contingency
3856,Yes,contingency
3857,Yes,contingency
3858,No,contingency
3859,No,contingency
3860,Yes,contingency
3861,Yes,contingency
3862,No,contingency
3863,No,contingency
3864,Yes,contingency
3865,Yes,contingency
3866,No,contingency
3867,No,contingency
3868,Yes,contingency
3869,Yes,contingency
3870,No,contingency
3871,No,contingency
3872,Yes,contingency
3873,Yes,contingency
3874,No,contingency
3875,No,contingency
3876,Yes,contingency
3877,Yes,contingency
3878,No,contingency
3879,No,contingency
3880,No,comparison
3881,No,comparison
3882,Yes,comparison
3883,Yes,comparison
3884,No,comparison
3885,No,comparison
3886,Yes,comparison
3887,Yes,comparison
3888,No,comparison
3889,No,comparison
3890,Yes,comparison
3891,Yes,comparison
3892,No,comparison
3893,No,comparison
3894,Yes,comparison
3895,Yes,comparison
3896,No,comparison
3897,No,comparison
3898,Yes,comparison
3899,Yes,comparison
3900,No,comparison
3901,No,comparison
3902,Yes,comparison
3903,Yes,comparison
3904,No,comparison
3905,No,comparison
3906,Yes,comparison
3907,Yes,comparison
3908,No,comparison
3909,No,comparison
3910,Yes,comparison
3911,Yes,comparison
3912,No,comparison
3913,No,comparison
3914,Yes,comparison
3915,Yes,comparison
3916,No,comparison
3917,No,comparison
3918,Yes,comparison
3919,Yes,comparison
3920,No,comparison
3921,No,comparison
3922,Yes,comparison
3923,Yes,comparison
3924,No,comparison
3925,No,comparison
3926,Yes,comparison
3927,Yes,comparison
3928,No,comparison
3929,No,comparison
3930,Yes,comparison
3931,Yes,comparison
3932,No,comparison
3933,No,comparison
3934,Yes,comparison
3935,Yes,comparison
3936,No,comparison
3937,No,comparison
3938,Yes,comparison
3939,Yes,comparison
3940,No,comparison
3941,No,comparison
3942,Yes,comparison
3943,Yes,comparison
3944,No,comparison
3945,No,comparison
3946,Yes,comparison
3947,Yes,comparison
3948,No,comparison
3949,No,comparison
3950,Yes,comparison
3951,Yes,comparison
3952,No,comparison
3953,No,comparison
3954,Yes,comparison
3955,Yes,comparison
3956,No,comparison
3957,No,comparison
3958,Yes,comparison
3959,Yes,comparison
3960,No,comparison
3961,No,comparison
3962,Yes,comparison
3963,Yes,comparison
3964,No,comparison
3965,No,comparison
3966,Yes,comparison
3967,Yes,comparison
3968,No,comparison
3969,No,comparison
3970,Yes,comparison
3971,Yes,comparison
3972,No,comparison
3973,No,comparison
3974,Yes,comparison
3975,Yes,comparison
3976,No,comparison
3977,No,comparison
3978,Yes,comparison
3979,Yes,comparison
3980,No,comparison
3981,No,comparison
3982,Yes,comparison
3983,Yes,comparison
3984,No,comparison
3985,No,comparison
3986,Yes,comparison
3987,Yes,comparison
3988,No,comparison
3989,No,comparison
3990,Yes,comparison
3991,Yes,comparison
3992,No,comparison
3993,No,comparison
3994,Yes,comparison
3995,Yes,comparison
3996,No,comparison
3997,No,comparison
3998,Yes,comparison
3999,Yes,comparison
4000,No,comparison
4001,No,comparison
4002,Yes,comparison
4003,Yes,comparison
4004,No,comparison
4005,No,comparison
4006,Yes,comparison
4007,Yes,comparison
4008,No,comparison
4009,No,comparison
4010,Yes,comparison
4011,Yes,comparison
4012,No,comparison
4013,No,comparison
4014,Yes,comparison
4015,Yes,comparison
4016,No,comparison
4017,No,comparison
4018,Yes,comparison
4019,Yes,comparison
4020,No,comparison
4021,No,comparison
4022,Yes,comparison
4023,Yes,comparison
4024,No,comparison
4025,No,comparison
4026,Yes,comparison
4027,Yes,comparison
4028,No,comparison
4029,No,comparison
4030,Yes,comparison
4031,Yes,comparison
4032,No,comparison
4033,No,comparison
4034,Yes,comparison
4035,Yes,comparison
4036,No,comparison
4037,No,comparison
4038,Yes,comparison
4039,Yes,comparison
4040,Yes,contingency
4041,Yes,contingency
4042,No,contingency
4043,No,contingency
4044,Yes,contingency
4045,Yes,contingency
4046,No,contingency
4047,No,contingency
4048,Yes,contingency
4049,Yes,contingency
4050,No,contingency
4051,No,contingency
4052,Yes,contingency
4053,Yes,contingency
4054,No,contingency
4055,No,contingency
4056,Yes,contingency
4057,Yes,contingency
4058,No,contingency
4059,No,contingency
4060,Yes,contingency
4061,Yes,contingency
4062,No,contingency
4063,No,contingency
4064,Yes,contingency
4065,Yes,contingency
4066,No,contingency
4067,No,contingency
4068,Yes,contingency
4069,Yes,contingency
4070,No,contingency
4071,No,contingency
4072,Yes,contingency
4073,Yes,contingency
4074,No,contingency
4075,No,contingency
4076,Yes,contingency
4077,Yes,contingency
4078,No,contingency
4079,No,contingency
4080,Yes,contingency
4081,Yes,contingency
4082,No,contingency
4083,No,contingency
4084,Yes,contingency
4085,Yes,contingency
4086,No,contingency
4087,No,contingency
4088,Yes,contingency
4089,Yes,contingency
4090,No,contingency
4091,No,contingency
4092,Yes,contingency
4093,Yes,contingency
4094,No,contingency
4095,No,contingency
4096,Yes,contingency
4097,Yes,contingency
4098,No,contingency
4099,No,contingency
4100,Yes,contingency
4101,Yes,contingency
4102,No,contingency
4103,No,contingency
4104,Yes,contingency
4105,Yes,contingency
4106,No,contingency
4107,No,contingency
4108,Yes,contingency
4109,Yes,contingency
4110,No,contingency
4111,No,contingency
4112,Yes,contingency
4113,Yes,contingency
4114,No,contingency
4115,No,contingency
4116,Yes,contingency
4117,Yes,contingency
4118,No,contingency
4119,No,contingency
4120,No,comparison
4121,No,comparison
4122,Yes,comparison
4123,Yes,comparison
4124,No,comparison
4125,No,comparison
4126,Yes,comparison
4127,Yes,comparison
4128,No,comparison
4129,No,comparison
4130,Yes,comparison
4131,Yes,comparison
4132,No,comparison
4133,No,comparison
4134,Yes,comparison
4135,Yes,comparison
4136,No,comparison
4137,No,comparison
4138,Yes,comparison
4139,Yes,comparison
4140,No,comparison
4141,No,comparison
4142,Yes,comparison
4143,Yes,comparison
4144,No,comparison
4145,No,comparison
4146,Yes,comparison
4147,Yes,comparison
4148,No,comparison
4149,No,comparison
4150,Yes,comparison
4151,Yes,comparison
4152,No,comparison
4153,No,comparison
4154,Yes,comparison
4155,Yes,comparison
4156,No,comparison
4157,No,comparison
4158,Yes,comparison
4159,Yes,comparison
4160,Yes,contingency
4161,Yes,contingency
4162,No,contingency
4163,No,contingency
4164,Yes,contingency
4165,Yes,contingency
4166,No,contingency
4167,No,contingency
4168,Yes,contingency
4169,Yes,contingency
4170,No,contingency
4171,No,contingency
4172,Yes,contingency
4173,Yes,contingency
4174,No,contingency
4175,No,contingency
4176,Yes,contingency
4177,Yes,contingency
4178,No,contingency
4179,No,contingency
4180,Yes,contingency
4181,Yes,contingency
4182,No,contingency
4183,No,contingency
4184,Yes,contingency
4185,Yes,contingency
4186,No,contingency
4187,No,contingency
4188,Yes,contingency
4189,Yes,contingency
4190,No,contingency
4191,No,contingency
4192,Yes,contingency
4193,Yes,contingency
4194,No,contingency
4195,No,contingency
4196,Yes,contingency
4197,Yes,contingency
4198,No,contingency
4199,No,contingency
4200,No,comparison
4201,No,comparison
4202,Yes,comparison
4203,Yes,comparison
4204,No,comparison
4205,No,comparison
4206,Yes,comparison
4207,Yes,comparison
4208,No,comparison
4209,No,comparison
4210,Yes,comparison
4211,Yes,comparison
4212,No,comparison
4213,No,comparison
4214,Yes,comparison
4215,Yes,comparison
4216,No,comparison
4217,No,comparison
4218,Yes,comparison
4219,Yes,comparison
4220,No,comparison
4221,No,comparison
4222,Yes,comparison
4223,Yes,comparison
4224,No,comparison
4225,No,comparison
4226,Yes,comparison
4227,Yes,comparison
4228,No,comparison
4229,No,comparison
4230,Yes,comparison
4231,Yes,comparison
4232,No,comparison
4233,No,comparison
4234,Yes,comparison
4235,Yes,comparison
4236,No,comparison
4237,No,comparison
4238,Yes,comparison
4239,Yes,comparison
4240,No,comparison
4241,No,comparison
4242,Yes,comparison
4243,Yes,comparison
4244,No,comparison
4245,No,comparison
4246,Yes,comparison
4247,Yes,comparison
4248,No,comparison
4249,No,comparison
4250,Yes,comparison
4251,Yes,comparison
4252,No,comparison
4253,No,comparison
4254,Yes,comparison
4255,Yes,comparison
4256,No,comparison
4257,No,comparison
4258,Yes,comparison
4259,Yes,comparison
4260,No,comparison
4261,No,comparison
4262,Yes,comparison
4263,Yes,comparison
4264,No,comparison
4265,No,comparison
4266,Yes,comparison
4267,Yes,comparison
4268,No,comparison
4269,No,comparison
4270,Yes,comparison
4271,Yes,comparison
4272,No,comparison
4273,No,comparison
4274,Yes,comparison
4275,Yes,comparison
4276,No,comparison
4277,No,comparison
4278,Yes,comparison
4279,Yes,comparison
4280,Yes,contingency
4281,Yes,contingency
4282,No,contingency
4283,No,contingency
4284,Yes,contingency
4285,Yes,contingency
4286,No,contingency
4287,No,contingency
4288,Yes,contingency
4289,Yes,contingency
4290,No,contingency
4291,No,contingency
4292,Yes,contingency
4293,Yes,contingency
4294,No,contingency
4295,No,contingency
4296,Yes,contingency
4297,Yes,contingency
4298,No,contingency
4299,No,contingency
4300,Yes,contingency
4301,Yes,contingency
4302,No,contingency
4303,No,contingency
4304,Yes,contingency
4305,Yes,contingency
4306,No,contingency
4307,No,contingency
4308,Yes,contingency
4309,Yes,contingency
4310,No,contingency
4311,No,contingency
4312,Yes,contingency
4313,Yes,contingency
4314,No,contingency
4315,No,contingency
4316,Yes,contingency
4317,Yes,contingency
4318,No,contingency
4319,No,contingency
4320,Yes,contingency
4321,Yes,contingency
4322,No,contingency
4323,No,contingency
4324,Yes,contingency
4325,Yes,contingency
4326,No,contingency
4327,No,contingency
4328,Yes,contingency
4329,Yes,contingency
4330,No,contingency
4331,No,contingency
4332,Yes,contingency
4333,Yes,contingency
4334,No,contingency
4335,No,contingency
4336,Yes,contingency
4337,Yes,contingency
4338,No,contingency
4339,No,contingency
4340,Yes,contingency
4341,Yes,contingency
4342,No,contingency
4343,No,contingency
4344,Yes,contingency
4345,Yes,contingency
4346,No,contingency
4347,No,contingency
4348,Yes,contingency
4349,Yes,contingency
4350,No,contingency
4351,No,contingency
4352,Yes,contingency
4353,Yes,contingency
4354,No,contingency
4355,No,contingency
4356,Yes,contingency
4357,Yes,contingency
4358,No,contingency
4359,No,contingency
4360,Yes,contingency
4361,Yes,contingency
4362,No,contingency
4363,No,contingency
4364,Yes,contingency
4365,Yes,contingency
4366,No,contingency
4367,No,contingency
4368,Yes,contingency
4369,Yes,contingency
4370,No,contingency
4371,No,contingency
4372,Yes,contingency
4373,Yes,contingency
4374,No,contingency
4375,No,contingency
4376,Yes,contingency
4377,Yes,contingency
4378,No,contingency
4379,No,contingency
4380,Yes,contingency
4381,Yes,contingency
4382,No,contingency
4383,No,contingency
4384,Yes,contingency
4385,Yes,contingency
4386,No,contingency
4387,No,contingency
4388,Yes,contingency
4389,Yes,contingency
4390,No,contingency
4391,No,contingency
4392,Yes,contingency
4393,Yes,contingency
4394,No,contingency
4395,No,contingency
4396,Yes,contingency
4397,Yes,contingency
4398,No,contingency
4399,No,contingency
4400,No,comparison
4401,No,comparison
4402,Yes,comparison
4403,Yes,comparison
4404,No,comparison
4405,No,comparison
4406,Yes,comparison
4407,Yes,comparison
4408,No,comparison
4409,No,comparison
4410,Yes,comparison
4411,Yes,comparison
4412,No,comparison
4413,No,comparison
4414,Yes,comparison
4415,Yes,comparison
4416,No,comparison
4417,No,comparison
4418,Yes,comparison
4419,Yes,comparison
4420,No,comparison
4421,No,comparison
4422,Yes,comparison
4423,Yes,comparison
4424,No,comparison
4425,No,comparison
4426,Yes,comparison
4427,Yes,comparison
4428,No,comparison
4429,No,comparison
4430,Yes,comparison
4431,Yes,comparison
4432,No,comparison
4433,No,comparison
4434,Yes,comparison
4435,Yes,comparison
4436,No,comparison
4437,No,comparison
4438,Yes,comparison
4439,Yes,comparison
4440,No,comparison
4441,No,comparison
4442,Yes,comparison
4443,Yes,comparison
4444,No,comparison
4445,No,comparison
4446,Yes,comparison
4447,Yes,comparison
4448,No,comparison
4449,No,comparison
4450,Yes,comparison
4451,Yes,comparison
4452,No,comparison
4453,No,comparison
4454,Yes,comparison
4455,Yes,comparison
4456,No,comparison
4457,No,comparison
4458,Yes,comparison
4459,Yes,comparison
4460,No,comparison
4461,No,comparison
4462,Yes,comparison
4463,Yes,comparison
4464,No,comparison
4465,No,comparison
4466,Yes,comparison
4467,Yes,comparison
4468,No,comparison
4469,No,comparison
4470,Yes,comparison
4471,Yes,comparison
4472,No,comparison
4473,No,comparison
4474,Yes,comparison
4475,Yes,comparison
4476,No,comparison
4477,No,comparison
4478,Yes,comparison
4479,Yes,comparison
4480,Yes,contingency
4481,Yes,contingency
4482,No,contingency
4483,No,contingency
4484,Yes,contingency
4485,Yes,contingency
4486,No,contingency
4487,No,contingency
4488,Yes,contingency
4489,Yes,contingency
4490,No,contingency
4491,No,contingency
4492,Yes,contingency
4493,Yes,contingency
4494,No,contingency
4495,No,contingency
4496,Yes,contingency
4497,Yes,contingency
4498,No,contingency
4499,No,contingency
4500,Yes,contingency
4501,Yes,contingency
4502,No,contingency
4503,No,contingency
4504,Yes,contingency
4505,Yes,contingency
4506,No,contingency
4507,No,contingency
4508,Yes,contingency
4509,Yes,contingency
4510,No,contingency
4511,No,contingency
4512,Yes,contingency
4513,Yes,contingency
4514,No,contingency
4515,No,contingency
4516,Yes,contingency
4517,Yes,contingency
4518,No,contingency
4519,No,contingency
4520,Yes,contingency
4521,Yes,contingency
4522,No,contingency
4523,No,contingency
4524,Yes,contingency
4525,Yes,contingency
4526,No,contingency
4527,No,contingency
4528,Yes,contingency
4529,Yes,contingency
4530,No,contingency
4531,No,contingency
4532,Yes,contingency
4533,Yes,contingency
4534,No,contingency
4535,No,contingency
4536,Yes,contingency
4537,Yes,contingency
4538,No,contingency
4539,No,contingency
4540,Yes,contingency
4541,Yes,contingency
4542,No,contingency
4543,No,contingency
4544,Yes,contingency
4545,Yes,contingency
4546,No,contingency
4547,No,contingency
4548,Yes,contingency
4549,Yes,contingency
4550,No,contingency
4551,No,contingency
4552,Yes,contingency
4553,Yes,contingency
4554,No,contingency
4555,No,contingency
4556,Yes,contingency
4557,Yes,contingency
4558,No,contingency
4559,No,contingency
4560,Yes,contingency
4561,Yes,contingency
4562,No,contingency
4563,No,contingency
4564,Yes,contingency
4565,Yes,contingency
4566,No,contingency
4567,No,contingency
4568,Yes,contingency
4569,Yes,contingency
4570,No,contingency
4571,No,contingency
4572,Yes,contingency
4573,Yes,contingency
4574,No,contingency
4575,No,contingency
4576,Yes,contingency
4577,Yes,contingency
4578,No,contingency
4579,No,contingency
4580,Yes,contingency
4581,Yes,contingency
4582,No,contingency
4583,No,contingency
4584,Yes,contingency
4585,Yes,contingency
4586,No,contingency
4587,No,contingency
4588,Yes,contingency
4589,Yes,contingency
4590,No,contingency
4591,No,contingency
4592,Yes,contingency
4593,Yes,contingency
4594,No,contingency
4595,No,contingency
4596,Yes,contingency
4597,Yes,contingency
4598,No,contingency
4599,No,contingency
4600,No,comparison
4601,No,comparison
4602,Yes,comparison
4603,Yes,comparison
4604,No,comparison
4605,No,comparison
4606,Yes,comparison
4607,Yes,comparison
4608,No,comparison
4609,No,comparison
4610,Yes,comparison
4611,Yes,comparison
4612,No,comparison
4613,No,comparison
4614,Yes,comparison
4615,Yes,comparison
4616,No,comparison
4617,No,comparison
4618,Yes,comparison
4619,Yes,comparison
4620,No,comparison
4621,No,comparison
4622,Yes,comparison
4623,Yes,comparison
4624,No,comparison
4625,No,comparison
4626,Yes,comparison
4627,Yes,comparison
4628,No,comparison
4629,No,comparison
4630,Yes,comparison
4631,Yes,comparison
4632,No,comparison
4633,No,comparison
4634,Yes,comparison
4635,Yes,comparison
4636,No,comparison
4637,No,comparison
4638,Yes,comparison
4639,Yes,comparison
4640,Yes,contingency
4641,Yes,contingency
4642,No,contingency
4643,No,contingency
4644,Yes,contingency
4645,Yes,contingency
4646,No,contingency
4647,No,contingency
4648,Yes,contingency
4649,Yes,contingency
4650,No,contingency
4651,No,contingency
4652,Yes,contingency
4653,Yes,contingency
4654,No,contingency
4655,No,contingency
4656,Yes,contingency
4657,Yes,contingency
4658,No,contingency
4659,No,contingency
4660,Yes,contingency
4661,Yes,contingency
4662,No,contingency
4663,No,contingency
4664,Yes,contingency
4665,Yes,contingency
4666,No,contingency
4667,No,contingency
4668,Yes,contingency
4669,Yes,contingency
4670,No,contingency
4671,No,contingency
4672,Yes,contingency
4673,Yes,contingency
4674,No,contingency
4675,No,contingency
4676,Yes,contingency
4677,Yes,contingency
4678,No,contingency
4679,No,contingency
4680,No,comparison
4681,No,comparison
4682,Yes,comparison
4683,Yes,comparison
4684,No,comparison
4685,No,comparison
4686,Yes,comparison
4687,Yes,comparison
4688,No,comparison
4689,No,comparison
4690,Yes,comparison
4691,Yes,comparison
4692,No,comparison
4693,No,comparison
4694,Yes,comparison
4695,Yes,comparison
4696,No,comparison
4697,No,comparison
4698,Yes,comparison
4699,Yes,comparison
4700,No,comparison
4701,No,comparison
4702,Yes,comparison
4703,Yes,comparison
4704,No,comparison
4705,No,comparison
4706,Yes,comparison
4707,Yes,comparison
4708,No,comparison
4709,No,comparison
4710,Yes,comparison
4711,Yes,comparison
4712,No,comparison
4713,No,comparison
4714,Yes,comparison
4715,Yes,comparison
4716,No,comparison
4717,No,comparison
4718,Yes,comparison
4719,Yes,comparison
4720,No,comparison
4721,No,comparison
4722,Yes,comparison
4723,Yes,comparison
4724,No,comparison
4725,No,comparison
4726,Yes,comparison
4727,Yes,comparison
4728,No,comparison
4729,No,comparison
4730,Yes,comparison
4731,Yes,comparison
4732,No,comparison
4733,No,comparison
4734,Yes,comparison
4735,Yes,comparison
4736,No,comparison
4737,No,comparison
4738,Yes,comparison
4739,Yes,comparison
4740,No,comparison
4741,No,comparison
4742,Yes,comparison
4743,Yes,comparison
4744,No,comparison
4745,No,comparison
4746,Yes,comparison
4747,Yes,comparison
4748,No,comparison
4749,No,comparison
4750,Yes,comparison
4751,Yes,comparison
4752,No,comparison
4753,No,comparison
4754,Yes,comparison
4755,Yes,comparison
4756,No,comparison
4757,No,comparison
4758,Yes,comparison
4759,Yes,comparison
4760,No,comparison
4761,No,comparison
4762,Yes,comparison
4763,Yes,comparison
4764,No,comparison
4765,No,comparison
4766,Yes,comparison
4767,Yes,comparison
4768,No,comparison
4769,No,comparison
4770,Yes,comparison
4771,Yes,comparison
4772,No,comparison
4773,No,comparison
4774,Yes,comparison
4775,Yes,comparison
4776,No,comparison
4777,No,comparison
4778,Yes,comparison
4779,Yes,comparison
4780,No,comparison
4781,No,comparison
4782,Yes,comparison
4783,Yes,comparison
4784,No,comparison
4785,No,comparison
4786,Yes,comparison
4787,Yes,comparison
4788,No,comparison
4789,No,comparison
4790,Yes,comparison
4791,Yes,comparison
4792,No,comparison
4793,No,comparison
4794,Yes,comparison
4795,Yes,comparison
4796,No,comparison
4797,No,comparison
4798,Yes,comparison
4799,Yes,comparison
4800,No,comparison
4801,No,comparison
4802,Yes,comparison
4803,Yes,comparison
4804,No,comparison
4805,No,comparison
4806,Yes,comparison
4807,Yes,comparison
4808,No,comparison
4809,No,comparison
4810,Yes,comparison
4811,Yes,comparison
4812,No,comparison
4813,No,comparison
4814,Yes,comparison
4815,Yes,comparison
4816,No,comparison
4817,No,comparison
4818,Yes,comparison
4819,Yes,comparison
4820,No,comparison
4821,No,comparison
4822,Yes,comparison
4823,Yes,comparison
4824,No,comparison
4825,No,comparison
4826,Yes,comparison
4827,Yes,comparison
4828,No,comparison
4829,No,comparison
4830,Yes,comparison
4831,Yes,comparison
4832,No,comparison
4833,No,comparison
4834,Yes,comparison
4835,Yes,comparison
4836,No,comparison
4837,No,comparison
4838,Yes,comparison
4839,Yes,comparison
4840,Yes,contingency
4841,Yes,contingency
4842,No,contingency
4843,No,contingency
4844,Yes,contingency
4845,Yes,contingency
4846,No,contingency
4847,No,contingency
4848,Yes,contingency
4849,Yes,contingency
4850,No,contingency
4851,No,contingency
4852,Yes,contingency
4853,Yes,contingency
4854,No,contingency
4855,No,contingency
4856,Yes,contingency
4857,Yes,contingency
4858,No,contingency
4859,No,contingency
4860,Yes,contingency
4861,Yes,contingency
4862,No,contingency
4863,No,contingency
4864,Yes,contingency
4865,Yes,contingency
4866,No,contingency
4867,No,contingency
4868,Yes,contingency
4869,Yes,contingency
4870,No,contingency
4871,No,contingency
4872,Yes,contingency
4873,Yes,contingency
4874,No,contingency
4875,No,contingency
4876,Yes,contingency
4877,Yes,contingency
4878,No,contingency
4879,No,contingency
4880,Yes,contingency
4881,Yes,contingency
4882,No,contingency
4883,No,contingency
4884,Yes,contingency
4885,Yes,contingency
4886,No,contingency
4887,No,contingency
4888,Yes,contingency
4889,Yes,contingency
4890,No,contingency
4891,No,contingency
4892,Yes,contingency
4893,Yes,contingency
4894,No,contingency
4895,No,contingency
4896,Yes,contingency
4897,Yes,contingency
4898,No,contingency
4899,No,contingency
4900,Yes,contingency
4901,Yes,contingency
4902,No,contingency
4903,No,contingency
4904,Yes,contingency
4905,Yes,contingency
4906,No,contingency
4907,No,contingency
4908,Yes,contingency
4909,Yes,contingency
4910,No,contingency
4911,No,contingency
4912,Yes,contingency
4913,Yes,contingency
4914,No,contingency
4915,No,contingency
4916,Yes,contingency
4917,Yes,contingency
4918,No,contingency
4919,No,contingency
4920,No,comparison
4921,No,comparison
4922,Yes,comparison
4923,Yes,comparison
4924,No,comparison
4925,No,comparison
4926,Yes,comparison
4927,Yes,comparison
4928,No,comparison
4929,No,comparison
4930,Yes,comparison
4931,Yes,comparison
4932,No,comparison
4933,No,comparison
4934,Yes,comparison
4935,Yes,comparison
4936,No,comparison
4937,No,comparison
4938,Yes,comparison
4939,Yes,comparison
4940,No,comparison
4941,No,comparison
4942,Yes,comparison
4943,Yes,comparison
4944,No,comparison
4945,No,comparison
4946,Yes,comparison
4947,Yes,comparison
4948,No,comparison
4949,No,comparison
4950,Yes,comparison
4951,Yes,comparison
4952,No,comparison
4953,No,comparison
4954,Yes,comparison
4955,Yes,comparison
4956,No,comparison
4957,No,comparison
4958,Yes,comparison
4959,Yes,comparison
4960,Yes,contingency
4961,Yes,contingency
4962,No,contingency
4963,No,contingency
4964,Yes,contingency
4965,Yes,contingency
4966,No,contingency
4967,No,contingency
4968,Yes,contingency
4969,Yes,contingency
4970,No,contingency
4971,No,contingency
4972,Yes,contingency
4973,Yes,contingency
4974,No,contingency
4975,No,contingency
4976,Yes,contingency
4977,Yes,contingency
4978,No,contingency
4979,No,contingency
4980,Yes,contingency
4981,Yes,contingency
4982,No,contingency
4983,No,contingency
4984,Yes,contingency
4985,Yes,contingency
4986,No,contingency
4987,No,contingency
4988,Yes,contingency
4989,Yes,contingency
4990,No,contingency
4991,No,contingency
4992,Yes,contingency
4993,Yes,contingency
4994,No,contingency
4995,No,contingency
4996,Yes,contingency
4997,Yes,contingency
4998,No,contingency
4999,No,contingency
5000,No,comparison
5001,No,comparison
5002,Yes,comparison
5003,Yes,comparison
5004,No,comparison
5005,No,comparison
5006,Yes,comparison
5007,Yes,comparison
5008,No,comparison
5009,No,comparison
5010,Yes,comparison
5011,Yes,comparison
5012,No,comparison
5013,No,comparison
5014,Yes,comparison
5015,Yes,comparison
5016,No,comparison
5017,No,comparison
5018,Yes,comparison
5019,Yes,comparison
5020,No,comparison
5021,No,comparison
5022,Yes,comparison
5023,Yes,comparison
5024,No,comparison
5025,No,comparison
5026,Yes,comparison
5027,Yes,comparison
5028,No,comparison
5029,No,comparison
5030,Yes,comparison
5031,Yes,comparison
5032,No,comparison
5033,No,comparison
5034,Yes,comparison
5035,Yes,comparison
5036,No,comparison
5037,No,comparison
5038,Yes,comparison
5039,Yes,comparison
5040,No,comparison
5041,No,comparison
5042,Yes,comparison
5043,Yes,comparison
5044,No,comparison
5045,No,comparison
5046,Yes,comparison
5047,Yes,comparison
5048,No,comparison
5049,No,comparison
5050,Yes,comparison
5051,Yes,comparison
5052,No,comparison
5053,No,comparison
5054,Yes,comparison
5055,Yes,comparison
5056,No,comparison
5057,No,comparison
5058,Yes,comparison
5059,Yes,comparison
5060,No,comparison
5061,No,comparison
5062,Yes,comparison
5063,Yes,comparison
5064,No,comparison
5065,No,comparison
5066,Yes,comparison
5067,Yes,comparison
5068,No,comparison
5069,No,comparison
5070,Yes,comparison
5071,Yes,comparison
5072,No,comparison
5073,No,comparison
5074,Yes,comparison
5075,Yes,comparison
5076,No,comparison
5077,No,comparison
5078,Yes,comparison
5079,Yes,comparison
5080,Yes,contingency
5081,Yes,contingency
5082,No,contingency
5083,No,contingency
5084,Yes,contingency
5085,Yes,contingency
5086,No,contingency
5087,No,contingency
5088,Yes,contingency
5089,Yes,contingency
5090,No,contingency
5091,No,contingency
5092,Yes,contingency
5093,Yes,contingency
5094,No,contingency
5095,No,contingency
5096,Yes,contingency
5097,Yes,contingency
5098,No,contingency
5099,No,contingency
5100,Yes,contingency
5101,Yes,contingency
5102,No,contingency
5103,No,contingency
5104,Yes,contingency
5105,Yes,contingency
5106,No,contingency
5107,No,contingency
5108,Yes,contingency
5109,Yes,contingency
5110,No,contingency
5111,No,contingency
5112,Yes,contingency
5113,Yes,contingency
5114,No,contingency
5115,No,contingency
5116,Yes,contingency
5117,Yes,contingency
5118,No,contingency
5119,No,contingency
5120,Yes,contingency
5121,Yes,contingency
5122,No,contingency
5123,No,contingency
5124,Yes,contingency
5125,Yes,contingency
5126,No,contingency
5127,No,contingency
5128,Yes,contingency
5129,Yes,contingency
5130,No,contingency
5131,No,contingency
5132,Yes,contingency
5133,Yes,contingency
5134,No,contingency
5135,No,contingency
5136,Yes,contingency
5137,Yes,contingency
5138,No,contingency
5139,No,contingency
5140,Yes,contingency
5141,Yes,contingency
5142,No,contingency
5143,No,contingency
5144,Yes,contingency
5145,Yes,contingency
5146,No,contingency
5147,No,contingency
5148,Yes,contingency
5149,Yes,contingency
5150,No,contingency
5151,No,contingency
5152,Yes,contingency
5153,Yes,contingency
5154,No,contingency
5155,No,contingency
5156,Yes,contingency
5157,Yes,contingency
5158,No,contingency
5159,No,contingency
5160,Yes,contingency
5161,Yes,contingency
5162,No,contingency
5163,No,contingency
5164,Yes,contingency
5165,Yes,contingency
5166,No,contingency
5167,No,contingency
5168,Yes,contingency
5169,Yes,contingency
5170,No,contingency
5171,No,contingency
5172,Yes,contingency
5173,Yes,contingency
5174,No,contingency
5175,No,contingency
5176,Yes,contingency
5177,Yes,contingency
5178,No,contingency
5179,No,contingency
5180,Yes,contingency
5181,Yes,contingency
5182,No,contingency
5183,No,contingency
5184,Yes,contingency
5185,Yes,contingency
5186,No,contingency
5187,No,contingency
5188,Yes,contingency
5189,Yes,contingency
5190,No,contingency
5191,No,contingency
5192,Yes,contingency
5193,Yes,contingency
5194,No,contingency
5195,No,contingency
5196,Yes,contingency
5197,Yes,contingency
5198,No,contingency
5199,No,contingency
5200,No,comparison
5201,No,comparison
5202,Yes,comparison
5203,Yes,comparison
5204,No,comparison
5205,No,comparison
5206,Yes,comparison
5207,Yes,comparison
5208,No,comparison
5209,No,comparison
5210,Yes,comparison
5211,Yes,comparison
5212,No,comparison
5213,No,comparison
5214,Yes,comparison
5215,Yes,comparison
5216,No,comparison
5217,No,comparison
5218,Yes,comparison
5219,Yes,comparison
5220,No,comparison
5221,No,comparison
5222,Yes,comparison
5223,Yes,comparison
5224,No,comparison
5225,No,comparison
5226,Yes,comparison
5227,Yes,comparison
5228,No,comparison
5229,No,comparison
5230,Yes,comparison
5231,Yes,comparison
5232,No,comparison
5233,No,comparison
5234,Yes,comparison
5235,Yes,comparison
5236,No,comparison
5237,No,comparison
5238,Yes,comparison
5239,Yes,comparison
5240,No,comparison
5241,No,comparison
5242,Yes,comparison
5243,Yes,comparison
5244,No,comparison
5245,No,comparison
5246,Yes,comparison
5247,Yes,comparison
5248,No,comparison
5249,No,comparison
5250,Yes,comparison
5251,Yes,comparison
5252,No,comparison
5253,No,comparison
5254,Yes,comparison
5255,Yes,comparison
5256,No,comparison
5257,No,comparison
5258,Yes,comparison
5259,Yes,comparison
5260,No,comparison
5261,No,comparison
5262,Yes,comparison
5263,Yes,comparison
5264,No,comparison
5265,No,comparison
5266,Yes,comparison
5267,Yes,comparison
5268,No,comparison
5269,No,comparison
5270,Yes,comparison
5271,Yes,comparison
5272,No,comparison
5273,No,comparison
5274,Yes,comparison
5275,Yes,comparison
5276,No,comparison
5277,No,comparison
5278,Yes,comparison
5279,Yes,comparison
5280,Yes,contingency
5281,Yes,contingency
5282,No,contingency
5283,No,contingency
5284,Yes,contingency
5285,Yes,contingency
5286,No,contingency
5287,No,contingency
5288,Yes,contingency
5289,Yes,contingency
5290,No,contingency
5291,No,contingency
5292,Yes,contingency
5293,Yes,contingency
5294,No,contingency
5295,No,contingency
5296,Yes,contingency
5297,Yes,contingency
5298,No,contingency
5299,No,contingency
5300,Yes,contingency
5301,Yes,contingency
5302,No,contingency
5303,No,contingency
5304,Yes,contingency
5305,Yes,contingency
5306,No,contingency
5307,No,contingency
5308,Yes,contingency
5309,Yes,contingency
5310,No,contingency
5311,No,contingency
5312,Yes,contingency
5313,Yes,contingency
5314,No,contingency
5315,No,contingency
5316,Yes,contingency
5317,Yes,contingency
5318,No,contingency
5319,No,contingency
5320,Yes,contingency
5321,Yes,contingency
5322,No,contingency
5323,No,contingency
5324,Yes,contingency
5325,Yes,contingency
5326,No,contingency
5327,No,contingency
5328,Yes,contingency
5329,Yes,contingency
5330,No,contingency
5331,No,contingency
5332,Yes,contingency
5333,Yes,contingency
5334,No,contingency
5335,No,contingency
5336,Yes,contingency
5337,Yes,contingency
5338,No,contingency
5339,No,contingency
5340,Yes,contingency
5341,Yes,contingency
5342,No,contingency
5343,No,contingency
5344,Yes,contingency
5345,Yes,contingency
5346,No,contingency
5347,No,contingency
5348,Yes,contingency
5349,Yes,contingency
5350,No,contingency
5351,No,contingency
5352,Yes,contingency
5353,Yes,contingency
5354,No,contingency
5355,No,contingency
5356,Yes,contingency
5357,Yes,contingency
5358,No,contingency
5359,No,contingency
5360,Yes,contingency
5361,Yes,contingency
5362,No,contingency
5363,No,contingency
5364,Yes,contingency
5365,Yes,contingency
5366,No,contingency
5367,No,contingency
5368,Yes,contingency
5369,Yes,contingency
5370,No,contingency
5371,No,contingency
5372,Yes,contingency
5373,Yes,contingency
5374,No,contingency
5375,No,contingency
5376,Yes,contingency
5377,Yes,contingency
5378,No,contingency
5379,No,contingency
5380,Yes,contingency
5381,Yes,contingency
5382,No,contingency
5383,No,contingency
5384,Yes,contingency
5385,Yes,contingency
5386,No,contingency
5387,No,contingency
5388,Yes,contingency
5389,Yes,contingency
5390,No,contingency
5391,No,contingency
5392,Yes,contingency
5393,Yes,contingency
5394,No,contingency
5395,No,contingency
5396,Yes,contingency
5397,Yes,contingency
5398,No,contingency
5399,No,contingency
5400,No,comparison
5401,No,comparison
5402,Yes,comparison
5403,Yes,comparison
5404,No,comparison
5405,No,comparison
5406,Yes,comparison
5407,Yes,comparison
5408,No,comparison
5409,No,comparison
5410,Yes,comparison
5411,Yes,comparison
5412,No,comparison
5413,No,comparison
5414,Yes,comparison
5415,Yes,comparison
5416,No,comparison
5417,No,comparison
5418,Yes,comparison
5419,Yes,comparison
5420,No,comparison
5421,No,comparison
5422,Yes,comparison
5423,Yes,comparison
5424,No,comparison
5425,No,comparison
5426,Yes,comparison
5427,Yes,comparison
5428,No,comparison
5429,No,comparison
5430,Yes,comparison
5431,Yes,comparison
5432,No,comparison
5433,No,comparison
5434,Yes,comparison
5435,Yes,comparison
5436,No,comparison
5437,No,comparison
5438,Yes,comparison
5439,Yes,comparison
5440,Yes,contingency
5441,Yes,contingency
5442,No,contingency
5443,No,contingency
5444,Yes,contingency
5445,Yes,contingency
5446,No,contingency
5447,No,contingency
5448,Yes,contingency
5449,Yes,contingency
5450,No,contingency
5451,No,contingency
5452,Yes,contingency
5453,Yes,contingency
5454,No,contingency
5455,No,contingency
5456,Yes,contingency
5457,Yes,contingency
5458,No,contingency
5459,No,contingency
5460,Yes,contingency
5461,Yes,contingency
5462,No,contingency
5463,No,contingency
5464,Yes,contingency
5465,Yes,contingency
5466,No,contingency
5467,No,contingency
5468,Yes,contingency
5469,Yes,contingency
5470,No,contingency
5471,No,contingency
5472,Yes,contingency
5473,Yes,contingency
5474,No,contingency
5475,No,contingency
5476,Yes,contingency
5477,Yes,contingency
5478,No,contingency
5479,No,contingency
5480,No,comparison
5481,No,comparison
5482,Yes,comparison
5483,Yes,comparison
5484,No,comparison
5485,No,comparison
5486,Yes,comparison
5487,Yes,comparison
5488,No,comparison
5489,No,comparison
5490,Yes,comparison
5491,Yes,comparison
5492,No,comparison
5493,No,comparison
5494,Yes,comparison
5495,Yes,comparison
5496,No,comparison
5497,No,comparison
5498,Yes,comparison
5499,Yes,comparison
5500,No,comparison
5501,No,comparison
5502,Yes,comparison
5503,Yes,comparison
5504,No,comparison
5505,No,comparison
5506,Yes,comparison
5507,Yes,comparison
5508,No,comparison
5509,No,comparison
5510,Yes,comparison
5511,Yes,comparison
5512,No,comparison
5513,No,comparison
5514,Yes,comparison
5515,Yes,comparison
5516,No,comparison
5517,No,comparison
5518,Yes,comparison
5519,Yes,comparison
5520,No,comparison
5521,No,comparison
5522,Yes,comparison
5523,Yes,comparison
5524,No,comparison
5525,No,comparison
5526,Yes,comparison
5527,Yes,comparison
5528,No,comparison
5529,No,comparison
5530,Yes,comparison
5531,Yes,comparison
5532,No,comparison
5533,No,comparison
5534,Yes,comparison
5535,Yes,comparison
5536,No,comparison
5537,No,comparison
5538,Yes,comparison
5539,Yes,comparison
5540,No,comparison
5541,No,comparison
5542,Yes,comparison
5543,Yes,comparison
5544,No,comparison
5545,No,comparison
5546,Yes,comparison
5547,Yes,comparison
5548,No,comparison
5549,No,comparison
5550,Yes,comparison
5551,Yes,comparison
5552,No,comparison
5553,No,comparison
5554,Yes,comparison
5555,Yes,comparison
5556,No,comparison
5557,No,comparison
5558,Yes,comparison
5559,Yes,comparison
5560,No,comparison
5561,No,comparison
5562,Yes,comparison
5563,Yes,comparison
5564,No,comparison
5565,No,comparison
5566,Yes,comparison
5567,Yes,comparison
5568,No,comparison
5569,No,comparison
5570,Yes,comparison
5571,Yes,comparison
5572,No,comparison
5573,No,comparison
5574,Yes,comparison
5575,Yes,comparison
5576,No,comparison
5577,No,comparison
5578,Yes,comparison
5579,Yes,comparison
5580,No,comparison
5581,No,comparison
5582,Yes,comparison
5583,Yes,comparison
5584,No,comparison
5585,No,comparison
5586,Yes,comparison
5587,Yes,comparison
5588,No,comparison
5589,No,comparison
5590,Yes,comparison
5591,Yes,comparison
5592,No,comparison
5593,No,comparison
5594,Yes,comparison
5595,Yes,comparison
5596,No,comparison
5597,No,comparison
5598,Yes,comparison
5599,Yes,comparison
5600,No,comparison
5601,No,comparison
5602,Yes,comparison
5603,Yes,comparison
5604,No,comparison
5605,No,comparison
5606,Yes,comparison
5607,Yes,comparison
5608,No,comparison
5609,No,comparison
5610,Yes,comparison
5611,Yes,comparison
5612,No,comparison
5613,No,comparison
5614,Yes,comparison
5615,Yes,comparison
5616,No,comparison
5617,No,comparison
5618,Yes,comparison
5619,Yes,comparison
5620,No,comparison
5621,No,comparison
5622,Yes,comparison
5623,Yes,comparison
5624,No,comparison
5625,No,comparison
5626,Yes,comparison
5627,Yes,comparison
5628,No,comparison
5629,No,comparison
5630,Yes,comparison
5631,Yes,comparison
5632,No,comparison
5633,No,comparison
5634,Yes,comparison
5635,Yes,comparison
5636,No,comparison
5637,No,comparison
5638,Yes,comparison
5639,Yes,comparison
5640,Yes,contingency
5641,Yes,contingency
5642,No,contingency
5643,No,contingency
5644,Yes,contingency
5645,Yes,contingency
5646,No,contingency
5647,No,contingency
5648,Yes,contingency
5649,Yes,contingency
5650,No,contingency
5651,No,contingency
5652,Yes,contingency
5653,Yes,contingency
5654,No,contingency
5655,No,contingency
5656,Yes,contingency
5657,Yes,contingency
5658,No,contingency
5659,No,contingency
5660,Yes,contingency
5661,Yes,contingency
5662,No,contingency
5663,No,contingency
5664,Yes,contingency
5665,Yes,contingency
5666,No,contingency
5667,No,contingency
5668,Yes,contingency
5669,Yes,contingency
5670,No,contingency
5671,No,contingency
5672,Yes,contingency
5673,Yes,contingency
5674,No,contingency
5675,No,contingency
5676,Yes,contingency
5677,Yes,contingency
5678,No,contingency
5679,No,contingency
5680,Yes,contingency
5681,Yes,contingency
5682,No,contingency
5683,No,contingency
5684,Yes,contingency
5685,Yes,contingency
5686,No,contingency
5687,No,contingency
5688,Yes,contingency
5689,Yes,contingency
5690,No,contingency
5691,No,contingency
5692,Yes,contingency
5693,Yes,contingency
5694,No,contingency
5695,No,contingency
5696,Yes,contingency
5697,Yes,contingency
5698,No,contingency
5699,No,contingency
5700,Yes,contingency
5701,Yes,contingency
5702,No,contingency
5703,No,contingency
5704,Yes,contingency
5705,Yes,contingency
5706,No,contingency
5707,No,contingency
5708,Yes,contingency
5709,Yes,contingency
5710,No,contingency
5711,No,contingency
5712,Yes,contingency
5713,Yes,contingency
5714,No,contingency
5715,No,contingency
5716,Yes,contingency
5717,Yes,contingency
5718,No,contingency
5719,No,contingency
5720,No,comparison
5721,No,comparison
5722,Yes,comparison
5723,Yes,comparison
5724,No,comparison
5725,No,comparison
5726,Yes,comparison
5727,Yes,comparison
5728,No,comparison
5729,No,comparison
5730,Yes,comparison
5731,Yes,comparison
5732,No,comparison
5733,No,comparison
5734,Yes,comparison
5735,Yes,comparison
5736,No,comparison
5737,No,comparison
5738,Yes,comparison
5739,Yes,comparison
5740,No,comparison
5741,No,comparison
5742,Yes,comparison
5743,Yes,comparison
5744,No,comparison
5745,No,comparison
5746,Yes,comparison
5747,Yes,comparison
5748,No,comparison
5749,No,comparison
5750,Yes,comparison
5751,Yes,comparison
5752,No,comparison
5753,No,comparison
5754,Yes,comparison
5755,Yes,comparison
5756,No,comparison
5757,No,comparison
5758,Yes,comparison
5759,Yes,comparison
5760,Yes,contingency
5761,Yes,contingency
5762,No,contingency
5763,No,contingency
5764,Yes,contingency
5765,Yes,contingency
5766,No,contingency
5767,No,contingency
5768,Yes,contingency
5769,Yes,contingency
5770,No,contingency
5771,No,contingency
5772,Yes,contingency
5773,Yes,contingency
5774,No,contingency
5775,No,contingency
5776,Yes,contingency
5777,Yes,contingency
5778,No,contingency
5779,No,contingency
5780,Yes,contingency
5781,Yes,contingency
5782,No,contingency
5783,No,contingency
5784,Yes,contingency
5785,Yes,contingency
5786,No,contingency
5787,No,contingency
5788,Yes,contingency
5789,Yes,contingency
5790,No,contingency
5791,No,contingency
5792,Yes,contingency
5793,Yes,contingency
5794,No,contingency
5795,No,contingency
5796,Yes,contingency
5797,Yes,contingency
5798,No,contingency
5799,No,contingency
5800,No,comparison
5801,No,comparison
5802,Yes,comparison
5803,Yes,comparison
5804,No,comparison
5805,No,comparison
5806,Yes,comparison
5807,Yes,comparison
5808,No,comparison
5809,No,comparison
5810,Yes,comparison
5811,Yes,comparison
5812,No,comparison
5813,No,comparison
5814,Yes,comparison
5815,Yes,comparison
5816,No,comparison
5817,No,comparison
5818,Yes,comparison
5819,Yes,comparison
5820,No,comparison
5821,No,comparison
5822,Yes,comparison
5823,Yes,comparison
5824,No,comparison
5825,No,comparison
5826,Yes,comparison
5827,Yes,comparison
5828,No,comparison
5829,No,comparison
5830,Yes,comparison
5831,Yes,comparison
5832,No,comparison
5833,No,comparison
5834,Yes,comparison
5835,Yes,comparison
5836,No,comparison
5837,No,comparison
5838,Yes,comparison
5839,Yes,comparison
5840,No,comparison
5841,No,comparison
5842,Yes,comparison
5843,Yes,comparison
5844,No,comparison
5845,No,comparison
5846,Yes,comparison
5847,Yes,comparison
5848,No,comparison
5849,No,comparison
5850,Yes,comparison
5851,Yes,comparison
5852,No,comparison
5853,No,comparison
5854,Yes,comparison
5855,Yes,comparison
5856,No,comparison
5857,No,comparison
5858,Yes,comparison
5859,Yes,comparison
5860,No,comparison
5861,No,comparison
5862,Yes,comparison
5863,Yes,comparison
5864,No,comparison
5865,No,comparison
5866,Yes,comparison
5867,Yes,comparison
5868,No,comparison
5869,No,comparison
5870,Yes,comparison
5871,Yes,comparison
5872,No,comparison
5873,No,comparison
5874,Yes,comparison
5875,Yes,comparison
5876,No,comparison
5877,No,comparison
5878,Yes,comparison
5879,Yes,comparison
5880,Yes,contingency
5881,Yes,contingency
5882,No,contingency
5883,No,contingency
5884,Yes,contingency
5885,Yes,contingency
5886,No,contingency
5887,No,contingency
5888,Yes,contingency
5889,Yes,contingency
5890,No,contingency
5891,No,contingency
5892,Yes,contingency
5893,Yes,contingency
5894,No,contingency
5895,No,contingency
5896,Yes,contingency
5897,Yes,contingency
5898,No,contingency
5899,No,contingency
5900,Yes,contingency
5901,Yes,contingency
5902,No,contingency
5903,No,contingency
5904,Yes,contingency
5905,Yes,contingency
5906,No,contingency
5907,No,contingency
5908,Yes,contingency
5909,Yes,contingency
5910,No,contingency
5911,No,contingency
5912,Yes,contingency
5913,Yes,contingency
5914,No,contingency
5915,No,contingency
5916,Yes,contingency
5917,Yes,contingency
5918,No,contingency
5919,No,contingency
5920,Yes,contingency
5921,Yes,contingency
5922,No,contingency
5923,No,contingency
5924,Yes,contingency
5925,Yes,contingency
5926,No,contingency
5927,No,contingency
5928,Yes,contingency
5929,Yes,contingency
5930,No,contingency
5931,No,contingency
5932,Yes,contingency
5933,Yes,contingency
5934,No,contingency
5935,No,contingency
5936,Yes,contingency
5937,Yes,contingency
5938,No,contingency
5939,No,contingency
5940,Yes,contingency
5941,Yes,contingency
5942,No,contingency
5943,No,contingency
5944,Yes,contingency
5945,Yes,contingency
5946,No,contingency
5947,No,contingency
5948,Yes,contingency
5949,Yes,contingency
5950,No,contingency
5951,No,contingency
5952,Yes,contingency
5953,Yes,contingency
5954,No,contingency
5955,No,contingency
5956,Yes,contingency
5957,Yes,contingency
5958,No,contingency
5959,No,contingency
5960,Yes,contingency
5961,Yes,contingency
5962,No,contingency
5963,No,contingency
5964,Yes,contingency
5965,Yes,contingency
5966,No,contingency
5967,No,contingency
5968,Yes,contingency
5969,Yes,contingency
5970,No,contingency
5971,No,contingency
5972,Yes,contingency
5973,Yes,contingency
5974,No,contingency
5975,No,contingency
5976,Yes,contingency
5977,Yes,contingency
5978,No,contingency
5979,No,contingency
5980,Yes,contingency
5981,Yes,contingency
5982,No,contingency
5983,No,contingency
5984,Yes,contingency
5985,Yes,contingency
5986,No,contingency
5987,No,contingency
5988,Yes,contingency
5989,Yes,contingency
5990,No,contingency
5991,No,contingency
5992,Yes,contingency
5993,Yes,contingency
5994,No,contingency
5995,No,contingency
5996,Yes,contingency
5997,Yes,contingency
5998,No,contingency
5999,No,contingency
6000,No,comparison
6001,No,comparison
6002,Yes,comparison
6003,Yes,comparison
6004,No,comparison
6005,No,comparison
6006,Yes,comparison
6007,Yes,comparison
6008,No,comparison
6009,No,comparison
6010,Yes,comparison
6011,Yes,comparison
6012,No,comparison
6013,No,comparison
6014,Yes,comparison
6015,Yes,comparison
6016,No,comparison
6017,No,comparison
6018,Yes,comparison
6019,Yes,comparison
6020,No,comparison
6021,No,comparison
6022,Yes,comparison
6023,Yes,comparison
6024,No,comparison
6025,No,comparison
6026,Yes,comparison
6027,Yes,comparison
6028,No,comparison
6029,No,comparison
6030,Yes,comparison
6031,Yes,comparison
6032,No,comparison
6033,No,comparison
6034,Yes,comparison
6035,Yes,comparison
6036,No,comparison
6037,No,comparison
6038,Yes,comparison
6039,Yes,comparison
6040,No,comparison
6041,No,comparison
6042,Yes,comparison
6043,Yes,comparison
6044,No,comparison
6045,No,comparison
6046,Yes,comparison
6047,Yes,comparison
6048,No,comparison
6049,No,comparison
6050,Yes,comparison
6051,Yes,comparison
6052,No,comparison
6053,No,comparison
6054,Yes,comparison
6055,Yes,comparison
6056,No,comparison
6057,No,comparison
6058,Yes,comparison
6059,Yes,comparison
6060,No,comparison
6061,No,comparison
6062,Yes,comparison
6063,Yes,comparison
6064,No,comparison
6065,No,comparison
6066,Yes,comparison
6067,Yes,comparison
6068,No,comparison
6069,No,comparison
6070,Yes,comparison
6071,Yes,comparison
6072,No,comparison
6073,No,comparison
6074,Yes,comparison
6075,Yes,comparison
6076,No,comparison
6077,No,comparison
6078,Yes,comparison
6079,Yes,comparison
6080,Yes,contingency
6081,Yes,contingency
6082,No,contingency
6083,No,contingency
6084,Yes,contingency
6085,Yes,contingency
6086,No,contingency
6087,No,contingency
6088,Yes,contingency
6089,Yes,contingency
6090,No,contingency
6091,No,contingency
6092,Yes,contingency
6093,Yes,contingency
6094,No,contingency
6095,No,contingency
6096,Yes,contingency
6097,Yes,contingency
6098,No,contingency
6099,No,contingency
6100,Yes,contingency
6101,Yes,contingency
6102,No,contingency
6103,No,contingency
6104,Yes,contingency
6105,Yes,contingency
6106,No,contingency
6107,No,contingency
6108,Yes,contingency
6109,Yes,contingency
6110,No,contingency
6111,No,contingency
6112,Yes,contingency
6113,Yes,contingency
6114,No,contingency
6115,No,contingency
6116,Yes,contingency
6117,Yes,contingency
6118,No,contingency
6119,No,contingency
6120,Yes,contingency
6121,Yes,contingency
6122,No,contingency
6123,No,contingency
6124,Yes,contingency
6125,Yes,contingency
6126,No,contingency
6127,No,contingency
6128,Yes,contingency
6129,Yes,contingency
6130,No,contingency
6131,No,contingency
6132,Yes,contingency
6133,Yes,contingency
6134,No,contingency
6135,No,contingency
6136,Yes,contingency
6137,Yes,contingency
6138,No,contingency
6139,No,contingency
6140,Yes,contingency
6141,Yes,contingency
6142,No,contingency
6143,No,contingency
6144,Yes,contingency
6145,Yes,contingency
6146,No,contingency
6147,No,contingency
6148,Yes,contingency
6149,Yes,contingency
6150,No,contingency
6151,No,contingency
6152,Yes,contingency
6153,Yes,contingency
6154,No,contingency
6155,No,contingency
6156,Yes,contingency
6157,Yes,contingency
6158,No,contingency
6159,No,contingency
6160,Yes,contingency
6161,Yes,contingency
6162,No,contingency
6163,No,contingency
6164,Yes,contingency
6165,Yes,contingency
6166,No,contingency
6167,No,contingency
6168,Yes,contingency
6169,Yes,contingency
6170,No,contingency
6171,No,contingency
6172,Yes,contingency
6173,Yes,contingency
6174,No,contingency
6175,No,contingency
6176,Yes,contingency
6177,Yes,contingency
6178,No,contingency
6179,No,contingency
6180,Yes,contingency
6181,Yes,contingency
6182,No,contingency
6183,No,contingency
6184,Yes,contingency
6185,Yes,contingency
6186,No,contingency
6187,No,contingency
6188,Yes,contingency
6189,Yes,contingency
6190,No,contingency
6191,No,contingency
6192,Yes,contingency
6193,Yes,contingency
6194,No,contingency
6195,No,contingency
6196,Yes,contingency
6197,Yes,contingency
6198,No,contingency
6199,No,contingency
6200,No,comparison
6201,No,comparison
6202,Yes,comparison
6203,Yes,comparison
6204,No,comparison
6205,No,comparison
6206,Yes,comparison
6207,Yes,comparison
6208,No,comparison
6209,No,comparison
6210,Yes,comparison
6211,Yes,comparison
6212,No,comparison
6213,No,comparison
6214,Yes,comparison
6215,Yes,comparison
6216,No,comparison
6217,No,comparison
6218,Yes,comparison
6219,Yes,comparison
6220,No,comparison
6221,No,comparison
6222,Yes,comparison
6223,Yes,comparison
6224,No,comparison
6225,No,comparison
6226,Yes,comparison
6227,Yes,comparison
6228,No,comparison
6229,No,comparison
6230,Yes,comparison
6231,Yes,comparison
6232,No,comparison
6233,No,comparison
6234,Yes,comparison
6235,Yes,comparison
6236,No,comparison
6237,No,comparison
6238,Yes,comparison
6239,Yes,comparison
6240,Yes,contingency
6241,Yes,contingency
6242,No,contingency
6243,No,contingency
6244,Yes,contingency
6245,Yes,contingency
6246,No,contingency
6247,No,contingency
6248,Yes,contingency
6249,Yes,contingency
6250,No,contingency
6251,No,contingency
6252,Yes,contingency
6253,Yes,contingency
6254,No,contingency
6255,No,contingency
6256,Yes,contingency
6257,Yes,contingency
6258,No,contingency
6259,No,contingency
6260,Yes,contingency
6261,Yes,contingency
6262,No,contingency
6263,No,contingency
6264,Yes,contingency
6265,Yes,contingency
6266,No,contingency
6267,No,contingency
6268,Yes,contingency
6269,Yes,contingency
6270,No,contingency
6271,No,contingency
6272,Yes,contingency
6273,Yes,contingency
6274,No,contingency
6275,No,contingency
6276,Yes,contingency
6277,Yes,contingency
6278,No,contingency
6279,No,contingency
6280,No,comparison
6281,No,comparison
6282,Yes,comparison
6283,Yes,comparison
6284,No,comparison
6285,No,comparison
6286,Yes,comparison
6287,Yes,comparison
6288,No,comparison
6289,No,comparison
6290,Yes,comparison
6291,Yes,comparison
6292,No,comparison
6293,No,comparison
6294,Yes,comparison
6295,Yes,comparison
6296,No,comparison
6297,No,comparison
6298,Yes,comparison
6299,Yes,comparison
6300,No,comparison
6301,No,comparison
6302,Yes,comparison
6303,Yes,comparison
6304,No,comparison
6305,No,comparison
6306,Yes,comparison
6307,Yes,comparison
6308,No,comparison
6309,No,comparison
6310,Yes,comparison
6311,Yes,comparison
6312,No,comparison
6313,No,comparison
6314,Yes,comparison
6315,Yes,comparison
6316,No,comparison
6317,No,comparison
6318,Yes,comparison
6319,Yes,comparison
6320,No,comparison
6321,No,comparison
6322,Yes,comparison
6323,Yes,comparison
6324,No,comparison
6325,No,comparison
6326,Yes,comparison
6327,Yes,comparison
6328,No,comparison
6329,No,comparison
6330,Yes,comparison
6331,Yes,comparison
6332,No,comparison
6333,No,comparison
6334,Yes,comparison
6335,Yes,comparison
6336,No,comparison
6337,No,comparison
6338,Yes,comparison
6339,Yes,comparison
6340,No,comparison
6341,No,comparison
6342,Yes,comparison
6343,Yes,comparison
6344,No,comparison
6345,No,comparison
6346,Yes,comparison
6347,Yes,comparison
6348,No,comparison
6349,No,comparison
6350,Yes,comparison
6351,Yes,comparison
6352,No,comparison
6353,No,comparison
6354,Yes,comparison
6355,Yes,comparison
6356,No,comparison
6357,No,comparison
6358,Yes,comparison
6359,Yes,comparison
6360,No,comparison
6361,No,comparison
6362,Yes,comparison
6363,Yes,comparison
6364,No,comparison
6365,No,comparison
6366,Yes,comparison
6367,Yes,comparison
6368,No,comparison
6369,No,comparison
6370,Yes,comparison
6371,Yes,comparison
6372,No,comparison
6373,No,comparison
6374,Yes,comparison
6375,Yes,comparison
6376,No,comparison
6377,No,comparison
6378,Yes,comparison
6379,Yes,comparison
6380,No,comparison
6381,No,comparison
6382,Yes,comparison
6383,Yes,comparison
6384,No,comparison
6385,No,comparison
6386,Yes,comparison
6387,Yes,comparison
6388,No,comparison
6389,No,comparison
6390,Yes,comparison
6391,Yes,comparison
6392,No,comparison
6393,No,comparison
6394,Yes,comparison
6395,Yes,comparison
6396,No,comparison
6397,No,comparison
6398,Yes,comparison
6399,Yes,comparison
6400,No,comparison
6401,No,comparison
6402,Yes,comparison
6403,Yes,comparison
6404,No,comparison
6405,No,comparison
6406,Yes,comparison
6407,Yes,comparison
6408,No,comparison
6409,No,comparison
6410,Yes,comparison
6411,Yes,comparison
6412,No,comparison
6413,No,comparison
6414,Yes,comparison
6415,Yes,comparison
6416,No,comparison
6417,No,comparison
6418,Yes,comparison
6419,Yes,comparison
6420,No,comparison
6421,No,comparison
6422,Yes,comparison
6423,Yes,comparison
6424,No,comparison
6425,No,comparison
6426,Yes,comparison
6427,Yes,comparison
6428,No,comparison
6429,No,comparison
6430,Yes,comparison
6431,Yes,comparison
6432,No,comparison
6433,No,comparison
6434,Yes,comparison
6435,Yes,comparison
6436,No,comparison
6437,No,comparison
6438,Yes,comparison
6439,Yes,comparison
6440,Yes,contingency
6441,Yes,contingency
6442,No,contingency
6443,No,contingency
6444,Yes,contingency
6445,Yes,contingency
6446,No,contingency
6447,No,contingency
6448,Yes,contingency
6449,Yes,contingency
6450,No,contingency
6451,No,contingency
6452,Yes,contingency
6453,Yes,contingency
6454,No,contingency
6455,No,contingency
6456,Yes,contingency
6457,Yes,contingency
6458,No,contingency
6459,No,contingency
6460,Yes,contingency
6461,Yes,contingency
6462,No,contingency
6463,No,contingency
6464,Yes,contingency
6465,Yes,contingency
6466,No,contingency
6467,No,contingency
6468,Yes,contingency
6469,Yes,contingency
6470,No,contingency
6471,No,contingency
6472,Yes,contingency
6473,Yes,contingency
6474,No,contingency
6475,No,contingency
6476,Yes,contingency
6477,Yes,contingency
6478,No,contingency
6479,No,contingency
6480,Yes,contingency
6481,Yes,contingency
6482,No,contingency
6483,No,contingency
6484,Yes,contingency
6485,Yes,contingency
6486,No,contingency
6487,No,contingency
6488,Yes,contingency
6489,Yes,contingency
6490,No,contingency
6491,No,contingency
6492,Yes,contingency
6493,Yes,contingency
6494,No,contingency
6495,No,contingency
6496,Yes,contingency
6497,Yes,contingency
6498,No,contingency
6499,No,contingency
6500,Yes,contingency
6501,Yes,contingency
6502,No,contingency
6503,No,contingency
6504,Yes,contingency
6505,Yes,contingency
6506,No,contingency
6507,No,contingency
6508,Yes,contingency
6509,Yes,contingency
6510,No,contingency
6511,No,contingency
6512,Yes,contingency
6513,Yes,contingency
6514,No,contingency
6515,No,contingency
6516,Yes,contingency
6517,Yes,contingency
6518,No,contingency
6519,No,contingency
6520,No,comparison
6521,No,comparison
6522,Yes,comparison
6523,Yes,comparison
6524,No,comparison
6525,No,comparison
6526,Yes,comparison
6527,Yes,comparison
6528,No,comparison
6529,No,comparison
6530,Yes,comparison
6531,Yes,comparison
6532,No,comparison
6533,No,comparison
6534,Yes,comparison
6535,Yes,comparison
6536,No,comparison
6537,No,comparison
6538,Yes,comparison
6539,Yes,comparison
6540,No,comparison
6541,No,comparison
6542,Yes,comparison
6543,Yes,comparison
6544,No,comparison
6545,No,comparison
6546,Yes,comparison
6547,Yes,comparison
6548,No,comparison
6549,No,comparison
6550,Yes,comparison
6551,Yes,comparison
6552,No,comparison
6553,No,comparison
6554,Yes,comparison
6555,Yes,comparison
6556,No,comparison
6557,No,comparison
6558,Yes,comparison
6559,Yes,comparison
6560,Yes,contingency
6561,Yes,contingency
6562,No,contingency
6563,No,contingency
6564,Yes,contingency
6565,Yes,contingency
6566,No,contingency
6567,No,contingency
6568,Yes,contingency
6569,Yes,contingency
6570,No,contingency
6571,No,contingency
6572,Yes,contingency
6573,Yes,contingency
6574,No,contingency
6575,No,contingency
6576,Yes,contingency
6577,Yes,contingency
6578,No,contingency
6579,No,contingency
6580,Yes,contingency
6581,Yes,contingency
6582,No,contingency
6583,No,contingency
6584,Yes,contingency
6585,Yes,contingency
6586,No,contingency
6587,No,contingency
6588,Yes,contingency
6589,Yes,contingency
6590,No,contingency
6591,No,contingency
6592,Yes,contingency
6593,Yes,contingency
6594,No,contingency
6595,No,contingency
6596,Yes,contingency
6597,Yes,contingency
6598,No,contingency
6599,No,contingency
6600,No,comparison
6601,No,comparison
6602,Yes,comparison
6603,Yes,comparison
6604,No,comparison
6605,No,comparison
6606,Yes,comparison
6607,Yes,comparison
6608,No,comparison
6609,No,comparison
6610,Yes,comparison
6611,Yes,comparison
6612,No,comparison
6613,No,comparison
6614,Yes,comparison
6615,Yes,comparison
6616,No,comparison
6617,No,comparison
6618,Yes,comparison
6619,Yes,comparison
6620,No,comparison
6621,No,comparison
6622,Yes,comparison
6623,Yes,comparison
6624,No,comparison
6625,No,comparison
6626,Yes,comparison
6627,Yes,comparison
6628,No,comparison
6629,No,comparison
6630,Yes,comparison
6631,Yes,comparison
6632,No,comparison
6633,No,comparison
6634,Yes,comparison
6635,Yes,comparison
6636,No,comparison
6637,No,comparison
6638,Yes,comparison
6639,Yes,comparison
6640,No,comparison
6641,No,comparison
6642,Yes,comparison
6643,Yes,comparison
6644,No,comparison
6645,No,comparison
6646,Yes,comparison
6647,Yes,comparison
6648,No,comparison
6649,No,comparison
6650,Yes,comparison
6651,Yes,comparison
6652,No,comparison
6653,No,comparison
6654,Yes,comparison
6655,Yes,comparison
6656,No,comparison
6657,No,comparison
6658,Yes,comparison
6659,Yes,comparison
6660,No,comparison
6661,No,comparison
6662,Yes,comparison
6663,Yes,comparison
6664,No,comparison
6665,No,comparison
6666,Yes,comparison
6667,Yes,comparison
6668,No,comparison
6669,No,comparison
6670,Yes,comparison
6671,Yes,comparison
6672,No,comparison
6673,No,comparison
6674,Yes,comparison
6675,Yes,comparison
6676,No,comparison
6677,No,comparison
6678,Yes,comparison
6679,Yes,comparison
6680,Yes,contingency
6681,Yes,contingency
6682,No,contingency
6683,No,contingency
6684,Yes,contingency
6685,Yes,contingency
6686,No,contingency
6687,No,contingency
6688,Yes,contingency
6689,Yes,contingency
6690,No,contingency
6691,No,contingency
6692,Yes,contingency
6693,Yes,contingency
6694,No,contingency
6695,No,contingency
6696,Yes,contingency
6697,Yes,contingency
6698,No,contingency
6699,No,contingency
6700,Yes,contingency
6701,Yes,contingency
6702,No,contingency
6703,No,contingency
6704,Yes,contingency
6705,Yes,contingency
6706,No,contingency
6707,No,contingency
6708,Yes,contingency
6709,Yes,contingency
6710,No,contingency
6711,No,contingency
6712,Yes,contingency
6713,Yes,contingency
6714,No,contingency
6715,No,contingency
6716,Yes,contingency
6717,Yes,contingency
6718,No,contingency
6719,No,contingency
6720,Yes,contingency
6721,Yes,contingency
6722,No,contingency
6723,No,contingency
6724,Yes,contingency
6725,Yes,contingency
6726,No,contingency
6727,No,contingency
6728,Yes,contingency
6729,Yes,contingency
6730,No,contingency
6731,No,contingency
6732,Yes,contingency
6733,Yes,contingency
6734,No,contingency
6735,No,contingency
6736,Yes,contingency
6737,Yes,contingency
6738,No,contingency
6739,No,contingency
6740,Yes,contingency
6741,Yes,contingency
6742,No,contingency
6743,No,contingency
6744,Yes,contingency
6745,Yes,contingency
6746,No,contingency
6747,No,contingency
6748,Yes,contingency
6749,Yes,contingency
6750,No,contingency
6751,No,contingency
6752,Yes,contingency
6753,Yes,contingency
6754,No,contingency
6755,No,contingency
6756,Yes,contingency
6757,Yes,contingency
6758,No,contingency
6759,No,contingency
6760,Yes,contingency
6761,Yes,contingency
6762,No,contingency
6763,No,contingency
6764,Yes,contingency
6765,Yes,contingency
6766,No,contingency
6767,No,contingency
6768,Yes,contingency
6769,Yes,contingency
6770,No,contingency
6771,No,contingency
6772,Yes,contingency
6773,Yes,contingency
6774,No,contingency
6775,No,contingency
6776,Yes,contingency
6777,Yes,contingency
6778,No,contingency
6779,No,contingency
6780,Yes,contingency
6781,Yes,contingency
6782,No,contingency
6783,No,contingency
6784,Yes,contingency
6785,Yes,contingency
6786,No,contingency
6787,No,contingency
6788,Yes,contingency
6789,Yes,contingency
6790,No,contingency
6791,No,contingency
6792,Yes,contingency
6793,Yes,contingency
6794,No,contingency
6795,No,contingency
6796,Yes,contingency
6797,Yes,contingency
6798,No,contingency
6799,No,contingency
6800,No,comparison
6801,No,comparison
6802,Yes,comparison
6803,Yes,comparison
6804,No,comparison
6805,No,comparison
6806,Yes,comparison
6807,Yes,comparison
6808,No,comparison
6809,No,comparison
6810,Yes,comparison
6811,Yes,comparison
6812,No,comparison
6813,No,comparison
6814,Yes,comparison
6815,Yes,comparison
6816,No,comparison
6817,No,comparison
6818,Yes,comparison
6819,Yes,comparison
6820,No,comparison
6821,No,comparison
6822,Yes,comparison
6823,Yes,comparison
6824,No,comparison
6825,No,comparison
6826,Yes,comparison
6827,Yes,comparison
6828,No,comparison
6829,No,comparison
6830,Yes,comparison
6831,Yes,comparison
6832,No,comparison
6833,No,comparison
6834,Yes,comparison
6835,Yes,comparison
6836,No,comparison
6837,No,comparison
6838,Yes,comparison
6839,Yes,comparison
6840,No,comparison
6841,No,comparison
6842,Yes,comparison
6843,Yes,comparison
6844,No,comparison
6845,No,comparison
6846,Yes,comparison
6847,Yes,comparison
6848,No,comparison
6849,No,comparison
6850,Yes,comparison
6851,Yes,comparison
6852,No,comparison
6853,No,comparison
6854,Yes,comparison
6855,Yes,comparison
6856,No,comparison
6857,No,comparison
6858,Yes,comparison
6859,Yes,comparison
6860,No,comparison
6861,No,comparison
6862,Yes,comparison
6863,Yes,comparison
6864,No,comparison
6865,No,comparison
6866,Yes,comparison
6867,Yes,comparison
6868,No,comparison
6869,No,comparison
6870,Yes,comparison
6871,Yes,comparison
6872,No,comparison
6873,No,comparison
6874,Yes,comparison
6875,Yes,comparison
6876,No,comparison
6877,No,comparison
6878,Yes,comparison
6879,Yes,comparison
6880,Yes,contingency
6881,Yes,contingency
6882,No,contingency
6883,No,contingency
6884,Yes,contingency
6885,Yes,contingency
6886,No,contingency
6887,No,contingency
6888,Yes,contingency
6889,Yes,contingency
6890,No,contingency
6891,No,contingency
6892,Yes,contingency
6893,Yes,contingency
6894,No,contingency
6895,No,contingency
6896,Yes,contingency
6897,Yes,contingency
6898,No,contingency
6899,No,contingency
6900,Yes,contingency
6901,Yes,contingency
6902,No,contingency
6903,No,contingency
6904,Yes,contingency
6905,Yes,contingency
6906,No,contingency
6907,No,contingency
6908,Yes,contingency
6909,Yes,contingency
6910,No,contingency
6911,No,contingency
6912,Yes,contingency
6913,Yes,contingency
6914,No,contingency
6915,No,contingency
6916,Yes,contingency
6917,Yes,contingency
6918,No,contingency
6919,No,contingency
6920,Yes,contingency
6921,Yes,contingency
6922,No,contingency
6923,No,contingency
6924,Yes,contingency
6925,Yes,contingency
6926,No,contingency
6927,No,contingency
6928,Yes,contingency
6929,Yes,contingency
6930,No,contingency
6931,No,contingency
6932,Yes,contingency
6933,Yes,contingency
6934,No,contingency
6935,No,contingency
6936,Yes,contingency
6937,Yes,contingency
6938,No,contingency
6939,No,contingency
6940,Yes,contingency
6941,Yes,contingency
6942,No,contingency
6943,No,contingency
6944,Yes,contingency
6945,Yes,contingency
6946,No,contingency
6947,No,contingency
6948,Yes,contingency
6949,Yes,contingency
6950,No,contingency
6951,No,contingency
6952,Yes,contingency
6953,Yes,contingency
6954,No,contingency
6955,No,contingency
6956,Yes,contingency
6957,Yes,contingency
6958,No,contingency
6959,No,contingency
6960,Yes,contingency
6961,Yes,contingency
6962,No,contingency
6963,No,contingency
6964,Yes,contingency
6965,Yes,contingency
6966,No,contingency
6967,No,contingency
6968,Yes,contingency
6969,Yes,contingency
6970,No,contingency
6971,No,contingency
6972,Yes,contingency
6973,Yes,contingency
6974,No,contingency
6975,No,contingency
6976,Yes,contingency
6977,Yes,contingency
6978,No,contingency
6979,No,contingency
6980,Yes,contingency
6981,Yes,contingency
6982,No,contingency
6983,No,contingency
6984,Yes,contingency
6985,Yes,contingency
6986,No,contingency
6987,No,contingency
6988,Yes,contingency
6989,Yes,contingency
6990,No,contingency
6991,No,contingency
6992,Yes,contingency
6993,Yes,contingency
6994,No,contingency
6995,No,contingency
6996,Yes,contingency
6997,Yes,contingency
6998,No,contingency
6999,No,contingency
7000,No,comparison
7001,No,comparison
7002,Yes,comparison
7003,Yes,comparison
7004,No,comparison
7005,No,comparison
7006,Yes,comparison
7007,Yes,comparison
7008,No,comparison
7009,No,comparison
7010,Yes,comparison
7011,Yes,comparison
7012,No,comparison
7013,No,comparison
7014,Yes,comparison
7015,Yes,comparison
7016,No,comparison
7017,No,comparison
7018,Yes,comparison
7019,Yes,comparison
7020,No,comparison
7021,No,comparison
7022,Yes,comparison
7023,Yes,comparison
7024,No,comparison
7025,No,comparison
7026,Yes,comparison
7027,Yes,comparison
7028,No,comparison
7029,No,comparison
7030,Yes,comparison
7031,Yes,comparison
7032,No,comparison
7033,No,comparison
7034,Yes,comparison
7035,Yes,comparison
7036,No,comparison
7037,No,comparison
7038,Yes,comparison
7039,Yes,comparison
7040,Yes,contingency
7041,Yes,contingency
7042,No,contingency
7043,No,contingency
7044,Yes,contingency
7045,Yes,contingency
7046,No,contingency
7047,No,contingency
7048,Yes,contingency
7049,Yes,contingency
7050,No,contingency
7051,No,contingency
7052,Yes,contingency
7053,Yes,contingency
7054,No,contingency
7055,No,contingency
7056,Yes,contingency
7057,Yes,contingency
7058,No,contingency
7059,No,contingency
7060,Yes,contingency
7061,Yes,contingency
7062,No,contingency
7063,No,contingency
7064,Yes,contingency
7065,Yes,contingency
7066,No,contingency
7067,No,contingency
7068,Yes,contingency
7069,Yes,contingency
7070,No,contingency
7071,No,contingency
7072,Yes,contingency
7073,Yes,contingency
7074,No,contingency
7075,No,contingency
7076,Yes,contingency
7077,Yes,contingency
7078,No,contingency
7079,No,contingency
7080,No,comparison
7081,No,comparison
7082,Yes,comparison
7083,Yes,comparison
7084,No,comparison
7085,No,comparison
7086,Yes,comparison
7087,Yes,comparison
7088,No,comparison
7089,No,comparison
7090,Yes,comparison
7091,Yes,comparison
7092,No,comparison
7093,No,comparison
7094,Yes,comparison
7095,Yes,comparison
7096,No,comparison
7097,No,comparison
7098,Yes,comparison
7099,Yes,comparison
7100,No,comparison
7101,No,comparison
7102,Yes,comparison
7103,Yes,comparison
7104,No,comparison
7105,No,comparison
7106,Yes,comparison
7107,Yes,comparison
7108,No,comparison
7109,No,comparison
7110,Yes,comparison
7111,Yes,comparison
7112,No,comparison
7113,No,comparison
7114,Yes,comparison
7115,Yes,comparison
7116,No,comparison
7117,No,comparison
7118,Yes,comparison
7119,Yes,comparison
7120,No,comparison
7121,No,comparison
7122,Yes,comparison
7123,Yes,comparison
7124,No,comparison
7125,No,comparison
7126,Yes,comparison
7127,Yes,comparison
7128,No,comparison
7129,No,comparison
7130,Yes,comparison
7131,Yes,comparison
7132,No,comparison
7133,No,comparison
7134,Yes,comparison
7135,Yes,comparison
7136,No,comparison
7137,No,comparison
7138,Yes,comparison
7139,Yes,comparison
7140,No,comparison
7141,No,comparison
7142,Yes,comparison
7143,Yes,comparison
7144,No,comparison
7145,No,comparison
7146,Yes,comparison
7147,Yes,comparison
7148,No,comparison
7149,No,comparison
7150,Yes,comparison
7151,Yes,comparison
7152,No,comparison
7153,No,comparison
7154,Yes,comparison
7155,Yes,comparison
7156,No,comparison
7157,No,comparison
7158,Yes,comparison
7159,Yes,comparison
7160,No,comparison
7161,No,comparison
7162,Yes,comparison
7163,Yes,comparison
7164,No,comparison
7165,No,comparison
7166,Yes,comparison
7167,Yes,comparison
7168,No,comparison
7169,No,comparison
7170,Yes,comparison
7171,Yes,comparison
7172,No,comparison
7173,No,comparison
7174,Yes,comparison
7175,Yes,comparison
7176,No,comparison
7177,No,comparison
7178,Yes,comparison
7179,Yes,comparison
7180,No,comparison
7181,No,comparison
7182,Yes,comparison
7183,Yes,comparison
7184,No,comparison
7185,No,comparison
7186,Yes,comparison
7187,Yes,comparison
7188,No,comparison
7189,No,comparison
7190,Yes,comparison
7191,Yes,comparison
7192,No,comparison
7193,No,comparison
7194,Yes,comparison
7195,Yes,comparison
7196,No,comparison
7197,No,comparison
7198,Yes,comparison
7199,Yes,comparison
7200,No,comparison
7201,No,comparison
7202,Yes,comparison
7203,Yes,comparison
7204,No,comparison
7205,No,comparison
7206,Yes,comparison
7207,Yes,comparison
7208,No,comparison
7209,No,comparison
7210,Yes,comparison
7211,Yes,comparison
7212,No,comparison
7213,No,comparison
7214,Yes,comparison
7215,Yes,comparison
7216,No,comparison
7217,No,comparison
7218,Yes,comparison
7219,Yes,comparison
7220,No,comparison
7221,No,comparison
7222,Yes,comparison
7223,Yes,comparison
7224,No,comparison
7225,No,comparison
7226,Yes,comparison
7227,Yes,comparison
7228,No,comparison
7229,No,comparison
7230,Yes,comparison
7231,Yes,comparison
7232,No,comparison
7233,No,comparison
7234,Yes,comparison
7235,Yes,comparison
7236,No,comparison
7237,No,comparison
7238,Yes,comparison
7239,Yes,comparison
7240,Yes,contingency
7241,Yes,contingency
7242,No,contingency
7243,No,contingency
7244,Yes,contingency
7245,Yes,contingency
7246,No,contingency
7247,No,contingency
7248,Yes,contingency
7249,Yes,contingency
7250,No,contingency
7251,No,contingency
7252,Yes,contingency
7253,Yes,contingency
7254,No,contingency
7255,No,contingency
7256,Yes,contingency
7257,Yes,contingency
7258,No,contingency
7259,No,contingency
7260,Yes,contingency
7261,Yes,contingency
7262,No,contingency
7263,No,contingency
7264,Yes,contingency
7265,Yes,contingency
7266,No,contingency
7267,No,contingency
7268,Yes,contingency
7269,Yes,contingency
7270,No,contingency
7271,No,contingency
7272,Yes,contingency
7273,Yes,contingency
7274,No,contingency
7275,No,contingency
7276,Yes,contingency
7277,Yes,contingency
7278,No,contingency
7279,No,contingency
7280,Yes,contingency
7281,Yes,contingency
7282,No,contingency
7283,No,contingency
7284,Yes,contingency
7285,Yes,contingency
7286,No,contingency
7287,No,contingency
7288,Yes,contingency
7289,Yes,contingency
7290,No,contingency
7291,No,contingency
7292,Yes,contingency
7293,Yes,contingency
7294,No,contingency
7295,No,contingency
7296,Yes,contingency
7297,Yes,contingency
7298,No,contingency
7299,No,contingency
7300,Yes,contingency
7301,Yes,contingency
7302,No,contingency
7303,No,contingency
7304,Yes,contingency
7305,Yes,contingency
7306,No,contingency
7307,No,contingency
7308,Yes,contingency
7309,Yes,contingency
7310,No,contingency
7311,No,contingency
7312,Yes,contingency
7313,Yes,contingency
7314,No,contingency
7315,No,contingency
7316,Yes,contingency
7317,Yes,contingency
7318,No,contingency
7319,No,contingency
7320,No,comparison
7321,No,comparison
7322,Yes,comparison
7323,Yes,comparison
7324,No,comparison
7325,No,comparison
7326,Yes,comparison
7327,Yes,comparison
7328,No,comparison
7329,No,comparison
7330,Yes,comparison
7331,Yes,comparison
7332,No,comparison
7333,No,comparison
7334,Yes,comparison
7335,Yes,comparison
7336,No,comparison
7337,No,comparison
7338,Yes,comparison
7339,Yes,comparison
7340,No,comparison
7341,No,comparison
7342,Yes,comparison
7343,Yes,comparison
7344,No,comparison
7345,No,comparison
7346,Yes,comparison
7347,Yes,comparison
7348,No,comparison
7349,No,comparison
7350,Yes,comparison
7351,Yes,comparison
7352,No,comparison
7353,No,comparison
7354,Yes,comparison
7355,Yes,comparison
7356,No,comparison
7357,No,comparison
7358,Yes,comparison
7359,Yes,comparison
7360,Yes,contingency
7361,Yes,contingency
7362,No,contingency
7363,No,contingency
7364,Yes,contingency
7365,Yes,contingency
7366,No,contingency
7367,No,contingency
7368,Yes,contingency
7369,Yes,contingency
7370,No,contingency
7371,No,contingency
7372,Yes,contingency
7373,Yes,contingency
7374,No,contingency
7375,No,contingency
7376,Yes,contingency
7377,Yes,contingency
7378,No,contingency
7379,No,contingency
7380,Yes,contingency
7381,Yes,contingency
7382,No,contingency
7383,No,contingency
7384,Yes,contingency
7385,Yes,contingency
7386,No,contingency
7387,No,contingency
7388,Yes,contingency
7389,Yes,contingency
7390,No,contingency
7391,No,contingency
7392,Yes,contingency
7393,Yes,contingency
7394,No,contingency
7395,No,contingency
7396,Yes,contingency
7397,Yes,contingency
7398,No,contingency
7399,No,contingency
7400,No,comparison
7401,No,comparison
7402,Yes,comparison
7403,Yes,comparison
7404,No,comparison
7405,No,comparison
7406,Yes,comparison
7407,Yes,comparison
7408,No,comparison
7409,No,comparison
7410,Yes,comparison
7411,Yes,comparison
7412,No,comparison
7413,No,comparison
7414,Yes,comparison
7415,Yes,comparison
7416,No,comparison
7417,No,comparison
7418,Yes,comparison
7419,Yes,comparison
7420,No,comparison
7421,No,comparison
7422,Yes,comparison
7423,Yes,comparison
7424,No,comparison
7425,No,comparison
7426,Yes,comparison
7427,Yes,comparison
7428,No,comparison
7429,No,comparison
7430,Yes,comparison
7431,Yes,comparison
7432,No,comparison
7433,No,comparison
7434,Yes,comparison
7435,Yes,comparison
7436,No,comparison
7437,No,comparison
7438,Yes,comparison
7439,Yes,comparison
7440,No,comparison
7441,No,comparison
7442,Yes,comparison
7443,Yes,comparison
7444,No,comparison
7445,No,comparison
7446,Yes,comparison
7447,Yes,comparison
7448,No,comparison
7449,No,comparison
7450,Yes,comparison
7451,Yes,comparison
7452,No,comparison
7453,No,comparison
7454,Yes,comparison
7455,Yes,comparison
7456,No,comparison
7457,No,comparison
7458,Yes,comparison
7459,Yes,comparison
7460,No,comparison
7461,No,comparison
7462,Yes,comparison
7463,Yes,comparison
7464,No,comparison
7465,No,comparison
7466,Yes,comparison
7467,Yes,comparison
7468,No,comparison
7469,No,comparison
7470,Yes,comparison
7471,Yes,comparison
7472,No,comparison
7473,No,comparison
7474,Yes,comparison
7475,Yes,comparison
7476,No,comparison
7477,No,comparison
7478,Yes,comparison
7479,Yes,comparison
7480,Yes,contingency
7481,Yes,contingency
7482,No,contingency
7483,No,contingency
7484,Yes,contingency
7485,Yes,contingency
7486,No,contingency
7487,No,contingency
7488,Yes,contingency
7489,Yes,contingency
7490,No,contingency
7491,No,contingency
7492,Yes,contingency
7493,Yes,contingency
7494,No,contingency
7495,No,contingency
7496,Yes,contingency
7497,Yes,contingency
7498,No,contingency
7499,No,contingency
7500,Yes,contingency
7501,Yes,contingency
7502,No,contingency
7503,No,contingency
7504,Yes,contingency
7505,Yes,contingency
7506,No,contingency
7507,No,contingency
7508,Yes,contingency
7509,Yes,contingency
7510,No,contingency
7511,No,contingency
7512,Yes,contingency
7513,Yes,contingency
7514,No,contingency
7515,No,contingency
7516,Yes,contingency
7517,Yes,contingency
7518,No,contingency
7519,No,contingency
7520,Yes,contingency
7521,Yes,contingency
7522,No,contingency
7523,No,contingency
7524,Yes,contingency
7525,Yes,contingency
7526,No,contingency
7527,No,contingency
7528,Yes,contingency
7529,Yes,contingency
7530,No,contingency
7531,No,contingency
7532,Yes,contingency
7533,Yes,contingency
7534,No,contingency
7535,No,contingency
7536,Yes,contingency
7537,Yes,contingency
7538,No,contingency
7539,No,contingency
7540,Yes,contingency
7541,Yes,contingency
7542,No,contingency
7543,No,contingency
7544,Yes,contingency
7545,Yes,contingency
7546,No,contingency
7547,No,contingency
7548,Yes,contingency
7549,Yes,contingency
7550,No,contingency
7551,No,contingency
7552,Yes,contingency
7553,Yes,contingency
7554,No,contingency
7555,No,contingency
7556,Yes,contingency
7557,Yes,contingency
7558,No,contingency
7559,No,contingency
7560,Yes,contingency
7561,Yes,contingency
7562,No,contingency
7563,No,contingency
7564,Yes,contingency
7565,Yes,contingency
7566,No,contingency
7567,No,contingency
7568,Yes,contingency
7569,Yes,contingency
7570,No,contingency
7571,No,contingency
7572,Yes,contingency
7573,Yes,contingency
7574,No,contingency
7575,No,contingency
7576,Yes,contingency
7577,Yes,contingency
7578,No,contingency
7579,No,contingency
7580,Yes,contingency
7581,Yes,contingency
7582,No,contingency
7583,No,contingency
7584,Yes,contingency
7585,Yes,contingency
7586,No,contingency
7587,No,contingency
7588,Yes,contingency
7589,Yes,contingency
7590,No,contingency
7591,No,contingency
7592,Yes,contingency
7593,Yes,contingency
7594,No,contingency
7595,No,contingency
7596,Yes,contingency
7597,Yes,contingency
7598,No,contingency
7599,No,contingency
7600,No,comparison
7601,No,comparison
7602,Yes,comparison
7603,Yes,comparison
7604,No,comparison
7605,No,comparison
7606,Yes,comparison
7607,Yes,comparison
7608,No,comparison
7609,No,comparison
7610,Yes,comparison
7611,Yes,comparison
7612,No,comparison
7613,No,comparison
7614,Yes,comparison
7615,Yes,comparison
7616,No,comparison
7617,No,comparison
7618,Yes,comparison
7619,Yes,comparison
7620,No,comparison
7621,No,comparison
7622,Yes,comparison
7623,Yes,comparison
7624,No,comparison
7625,No,comparison
7626,Yes,comparison
7627,Yes,comparison
7628,No,comparison
7629,No,comparison
7630,Yes,comparison
7631,Yes,comparison
7632,No,comparison
7633,No,comparison
7634,Yes,comparison
7635,Yes,comparison
7636,No,comparison
7637,No,comparison
7638,Yes,comparison
7639,Yes,comparison
7640,No,comparison
7641,No,comparison
7642,Yes,comparison
7643,Yes,comparison
7644,No,comparison
7645,No,comparison
7646,Yes,comparison
7647,Yes,comparison
7648,No,comparison
7649,No,comparison
7650,Yes,comparison
7651,Yes,comparison
7652,No,comparison
7653,No,comparison
7654,Yes,comparison
7655,Yes,comparison
7656,No,comparison
7657,No,comparison
7658,Yes,comparison
7659,Yes,comparison
7660,No,comparison
7661,No,comparison
7662,Yes,comparison
7663,Yes,comparison
7664,No,comparison
7665,No,comparison
7666,Yes,comparison
7667,Yes,comparison
7668,No,comparison
7669,No,comparison
7670,Yes,comparison
7671,Yes,comparison
7672,No,comparison
7673,No,comparison
7674,Yes,comparison
7675,Yes,comparison
7676,No,comparison
7677,No,comparison
7678,Yes,comparison
7679,Yes,comparison
7680,Yes,contingency
7681,Yes,contingency
7682,No,contingency
7683,No,contingency
7684,Yes,contingency
7685,Yes,contingency
7686,No,contingency
7687,No,contingency
7688,Yes,contingency
7689,Yes,contingency
7690,No,contingency
7691,No,contingency
7692,Yes,contingency
7693,Yes,contingency
7694,No,contingency
7695,No,contingency
7696,Yes,contingency
7697,Yes,contingency
7698,No,contingency
7699,No,contingency
7700,Yes,contingency
7701,Yes,contingency
7702,No,contingency
7703,No,contingency
7704,Yes,contingency
7705,Yes,contingency
7706,No,contingency
7707,No,contingency
7708,Yes,contingency
7709,Yes,contingency
7710,No,contingency
7711,No,contingency
7712,Yes,contingency
7713,Yes,contingency
7714,No,contingency
7715,No,contingency
7716,Yes,contingency
7717,Yes,contingency
7718,No,contingency
7719,No,contingency
7720,Yes,contingency
7721,Yes,contingency
7722,No,contingency
7723,No,contingency
7724,Yes,contingency
7725,Yes,contingency
7726,No,contingency
7727,No,contingency
7728,Yes,contingency
7729,Yes,contingency
7730,No,contingency
7731,No,contingency
7732,Yes,contingency
7733,Yes,contingency
7734,No,contingency
7735,No,contingency
7736,Yes,contingency
7737,Yes,contingency
7738,No,contingency
7739,No,contingency
7740,Yes,contingency
7741,Yes,contingency
7742,No,contingency
7743,No,contingency
7744,Yes,contingency
7745,Yes,contingency
7746,No,contingency
7747,No,contingency
7748,Yes,contingency
7749,Yes,contingency
7750,No,contingency
7751,No,contingency
7752,Yes,contingency
7753,Yes,contingency
7754,No,contingency
7755,No,contingency
7756,Yes,contingency
7757,Yes,contingency
7758,No,contingency
7759,No,contingency
7760,Yes,contingency
7761,Yes,contingency
7762,No,contingency
7763,No,contingency
7764,Yes,contingency
7765,Yes,contingency
7766,No,contingency
7767,No,contingency
7768,Yes,contingency
7769,Yes,contingency
7770,No,contingency
7771,No,contingency
7772,Yes,contingency
7773,Yes,contingency
7774,No,contingency
7775,No,contingency
7776,Yes,contingency
7777,Yes,contingency
7778,No,contingency
7779,No,contingency
7780,Yes,contingency
7781,Yes,contingency
7782,No,contingency
7783,No,contingency
7784,Yes,contingency
7785,Yes,contingency
7786,No,contingency
7787,No,contingency
7788,Yes,contingency
7789,Yes,contingency
7790,No,contingency
7791,No,contingency
7792,Yes,contingency
7793,Yes,contingency
7794,No,contingency
7795,No,contingency
7796,Yes,contingency
7797,Yes,contingency
7798,No,contingency
7799,No,contingency
7800,No,comparison
7801,No,comparison
7802,Yes,comparison
7803,Yes,comparison
7804,No,comparison
7805,No,comparison
7806,Yes,comparison
7807,Yes,comparison
7808,No,comparison
7809,No,comparison
7810,Yes,comparison
7811,Yes,comparison
7812,No,comparison
7813,No,comparison
7814,Yes,comparison
7815,Yes,comparison
7816,No,comparison
7817,No,comparison
7818,Yes,comparison
7819,Yes,comparison
7820,No,comparison
7821,No,comparison
7822,Yes,comparison
7823,Yes,comparison
7824,No,comparison
7825,No,comparison
7826,Yes,comparison
7827,Yes,comparison
7828,No,comparison
7829,No,comparison
7830,Yes,comparison
7831,Yes,comparison
7832,No,comparison
7833,No,comparison
7834,Yes,comparison
7835,Yes,comparison
7836,No,comparison
7837,No,comparison
7838,Yes,comparison
7839,Yes,comparison
7840,Yes,contingency
7841,Yes,contingency
7842,No,contingency
7843,No,contingency
7844,Yes,contingency
7845,Yes,contingency
7846,No,contingency
7847,No,contingency
7848,Yes,contingency
7849,Yes,contingency
7850,No,contingency
7851,No,contingency
7852,Yes,contingency
7853,Yes,contingency
7854,No,contingency
7855,No,contingency
7856,Yes,contingency
7857,Yes,contingency
7858,No,contingency
7859,No,contingency
7860,Yes,contingency
7861,Yes,contingency
7862,No,contingency
7863,No,contingency
7864,Yes,contingency
7865,Yes,contingency
7866,No,contingency
7867,No,contingency
7868,Yes,contingency
7869,Yes,contingency
7870,No,contingency
7871,No,contingency
7872,Yes,contingency
7873,Yes,contingency
7874,No,contingency
7875,No,contingency
7876,Yes,contingency
7877,Yes,contingency
7878,No,contingency
7879,No,contingency
7880,No,comparison
7881,No,comparison
7882,Yes,comparison
7883,Yes,comparison
7884,No,comparison
7885,No,comparison
7886,Yes,comparison
7887,Yes,comparison
7888,No,comparison
7889,No,comparison
7890,Yes,comparison
7891,Yes,comparison
7892,No,comparison
7893,No,comparison
7894,Yes,comparison
7895,Yes,comparison
7896,No,comparison
7897,No,comparison
7898,Yes,comparison
7899,Yes,comparison
7900,No,comparison
7901,No,comparison
7902,Yes,comparison
7903,Yes,comparison
7904,No,comparison
7905,No,comparison
7906,Yes,comparison
7907,Yes,comparison
7908,No,comparison
7909,No,comparison
7910,Yes,comparison
7911,Yes,comparison
7912,No,comparison
7913,No,comparison
7914,Yes,comparison
7915,Yes,comparison
7916,No,comparison
7917,No,comparison
7918,Yes,comparison
7919,Yes,comparison
7920,No,comparison
7921,No,comparison
7922,Yes,comparison
7923,Yes,comparison
7924,No,comparison
7925,No,comparison
7926,Yes,comparison
7927,Yes,comparison
7928,No,comparison
7929,No,comparison
7930,Yes,comparison
7931,Yes,comparison
7932,No,comparison
7933,No,comparison
7934,Yes,comparison
7935,Yes,comparison
7936,No,comparison
7937,No,comparison
7938,Yes,comparison
7939,Yes,comparison
7940,No,comparison
7941,No,comparison
7942,Yes,comparison
7943,Yes,comparison
7944,No,comparison
7945,No,comparison
7946,Yes,comparison
7947,Yes,comparison
7948,No,comparison
7949,No,comparison
7950,Yes,comparison
7951,Yes,comparison
7952,No,comparison
7953,No,comparison
7954,Yes,comparison
7955,Yes,comparison
7956,No,comparison
7957,No,comparison
7958,Yes,comparison
7959,Yes,comparison
7960,No,comparison
7961,No,comparison
7962,Yes,comparison
7963,Yes,comparison
7964,No,comparison
7965,No,comparison
7966,Yes,comparison
7967,Yes,comparison
7968,No,comparison
7969,No,comparison
7970,Yes,comparison
7971,Yes,comparison
7972,No,comparison
7973,No,comparison
7974,Yes,comparison
7975,Yes,comparison
7976,No,comparison
7977,No,comparison
7978,Yes,comparison
7979,Yes,comparison
7980,No,comparison
7981,No,comparison
7982,Yes,comparison
7983,Yes,comparison
7984,No,comparison
7985,No,comparison
7986,Yes,comparison
7987,Yes,comparison
7988,No,comparison
7989,No,comparison
7990,Yes,comparison
7991,Yes,comparison
7992,No,comparison
7993,No,comparison
7994,Yes,comparison
7995,Yes,comparison
7996,No,comparison
7997,No,comparison
7998,Yes,comparison
7999,Yes,comparison
8000,No,comparison
8001,No,comparison
8002,Yes,comparison
8003,Yes,comparison
8004,No,comparison
8005,No,comparison
8006,Yes,comparison
8007,Yes,comparison
8008,No,comparison
8009,No,comparison
8010,Yes,comparison
8011,Yes,comparison
8012,No,comparison
8013,No,comparison
8014,Yes,comparison
8015,Yes,comparison
8016,No,comparison
8017,No,comparison
8018,Yes,comparison
8019,Yes,comparison
8020,No,comparison
8021,No,comparison
8022,Yes,comparison
8023,Yes,comparison
8024,No,comparison
8025,No,comparison
8026,Yes,comparison
8027,Yes,comparison
8028,No,comparison
8029,No,comparison
8030,Yes,comparison
8031,Yes,comparison
8032,No,comparison
8033,No,comparison
8034,Yes,comparison
8035,Yes,comparison
8036,No,comparison
8037,No,comparison
8038,Yes,comparison
8039,Yes,comparison
8040,Yes,contingency
8041,Yes,contingency
8042,No,contingency
8043,No,contingency
8044,Yes,contingency
8045,Yes,contingency
8046,No,contingency
8047,No,contingency
8048,Yes,contingency
8049,Yes,contingency
8050,No,contingency
8051,No,contingency
8052,Yes,contingency
8053,Yes,contingency
8054,No,contingency
8055,No,contingency
8056,Yes,contingency
8057,Yes,contingency
8058,No,contingency
8059,No,contingency
8060,Yes,contingency
8061,Yes,contingency
8062,No,contingency
8063,No,contingency
8064,Yes,contingency
8065,Yes,contingency
8066,No,contingency
8067,No,contingency
8068,Yes,contingency
8069,Yes,contingency
8070,No,contingency
8071,No,contingency
8072,Yes,contingency
8073,Yes,contingency
8074,No,contingency
8075,No,contingency
8076,Yes,contingency
8077,Yes,contingency
8078,No,contingency
8079,No,contingency
8080,Yes,contingency
8081,Yes,contingency
8082,No,contingency
8083,No,contingency
8084,Yes,contingency
8085,Yes,contingency
8086,No,contingency
8087,No,contingency
8088,Yes,contingency
8089,Yes,contingency
8090,No,contingency
8091,No,contingency
8092,Yes,contingency
8093,Yes,contingency
8094,No,contingency
8095,No,contingency
8096,Yes,contingency
8097,Yes,contingency
8098,No,contingency
8099,No,contingency
8100,Yes,contingency
8101,Yes,contingency
8102,No,contingency
8103,No,contingency
8104,Yes,contingency
8105,Yes,contingency
8106,No,contingency
8107,No,contingency
8108,Yes,contingency
8109,Yes,contingency
8110,No,contingency
8111,No,contingency
8112,Yes,contingency
8113,Yes,contingency
8114,No,contingency
8115,No,contingency
8116,Yes,contingency
8117,Yes,contingency
8118,No,contingency
8119,No,contingency
8120,No,comparison
8121,No,comparison
8122,Yes,comparison
8123,Yes,comparison
8124,No,comparison
8125,No,comparison
8126,Yes,comparison
8127,Yes,comparison
8128,No,comparison
8129,No,comparison
8130,Yes,comparison
8131,Yes,comparison
8132,No,comparison
8133,No,comparison
8134,Yes,comparison
8135,Yes,comparison
8136,No,comparison
8137,No,comparison
8138,Yes,comparison
8139,Yes,comparison
8140,No,comparison
8141,No,comparison
8142,Yes,comparison
8143,Yes,comparison
8144,No,comparison
8145,No,comparison
8146,Yes,comparison
8147,Yes,comparison
8148,No,comparison
8149,No,comparison
8150,Yes,comparison
8151,Yes,comparison
8152,No,comparison
8153,No,comparison
8154,Yes,comparison
8155,Yes,comparison
8156,No,comparison
8157,No,comparison
8158,Yes,comparison
8159,Yes,comparison
8160,Yes,contingency
8161,Yes,contingency
8162,No,contingency
8163,No,contingency
8164,Yes,contingency
8165,Yes,contingency
8166,No,contingency
8167,No,contingency
8168,Yes,contingency
8169,Yes,contingency
8170,No,contingency
8171,No,contingency
8172,Yes,contingency
8173,Yes,contingency
8174,No,contingency
8175,No,contingency
8176,Yes,contingency
8177,Yes,contingency
8178,No,contingency
8179,No,contingency
8180,Yes,contingency
8181,Yes,contingency
8182,No,contingency
8183,No,contingency
8184,Yes,contingency
8185,Yes,contingency
8186,No,contingency
8187,No,contingency
8188,Yes,contingency
8189,Yes,contingency
8190,No,contingency
8191,No,contingency
8192,Yes,contingency
8193,Yes,contingency
8194,No,contingency
8195,No,contingency
8196,Yes,contingency
8197,Yes,contingency
8198,No,contingency
8199,No,contingency
8200,No,comparison
8201,No,comparison
8202,Yes,comparison
8203,Yes,comparison
8204,No,comparison
8205,No,comparison
8206,Yes,comparison
8207,Yes,comparison
8208,No,comparison
8209,No,comparison
8210,Yes,comparison
8211,Yes,comparison
8212,No,comparison
8213,No,comparison
8214,Yes,comparison
8215,Yes,comparison
8216,No,comparison
8217,No,comparison
8218,Yes,comparison
8219,Yes,comparison
8220,No,comparison
8221,No,comparison
8222,Yes,comparison
8223,Yes,comparison
8224,No,comparison
8225,No,comparison
8226,Yes,comparison
8227,Yes,comparison
8228,No,comparison
8229,No,comparison
8230,Yes,comparison
8231,Yes,comparison
8232,No,comparison
8233,No,comparison
8234,Yes,comparison
8235,Yes,comparison
8236,No,comparison
8237,No,comparison
8238,Yes,comparison
8239,Yes,comparison
8240,No,comparison
8241,No,comparison
8242,Yes,comparison
8243,Yes,comparison
8244,No,comparison
8245,No,comparison
8246,Yes,comparison
8247,Yes,comparison
8248,No,comparison
8249,No,comparison
8250,Yes,comparison
8251,Yes,comparison
8252,No,comparison
8253,No,comparison
8254,Yes,comparison
8255,Yes,comparison
8256,No,comparison
8257,No,comparison
8258,Yes,comparison
8259,Yes,comparison
8260,No,comparison
8261,No,comparison
8262,Yes,comparison
8263,Yes,comparison
8264,No,comparison
8265,No,comparison
8266,Yes,comparison
8267,Yes,comparison
8268,No,comparison
8269,No,comparison
8270,Yes,comparison
8271,Yes,comparison
8272,No,comparison
8273,No,comparison
8274,Yes,comparison
8275,Yes,comparison
8276,No,comparison
8277,No,comparison
8278,Yes,comparison
8279,Yes,comparison
8280,Yes,contingency
8281,Yes,contingency
8282,No,contingency
8283,No,contingency
8284,Yes,contingency
8285,Yes,contingency
8286,No,contingency
8287,No,contingency
8288,Yes,contingency
8289,Yes,contingency
8290,No,contingency
8291,No,contingency
8292,Yes,contingency
8293,Yes,contingency
8294,No,contingency
8295,No,contingency
8296,Yes,contingency
8297,Yes,contingency
8298,No,contingency
8299,No,contingency
8300,Yes,contingency
8301,Yes,contingency
8302,No,contingency
8303,No,contingency
8304,Yes,contingency
8305,Yes,contingency
8306,No,contingency
8307,No,contingency
8308,Yes,contingency
8309,Yes,contingency
8310,No,contingency
8311,No,contingency
8312,Yes,contingency
8313,Yes,contingency
8314,No,contingency
8315,No,contingency
8316,Yes,contingency
8317,Yes,contingency
8318,No,contingency
8319,No,contingency
8320,Yes,contingency
8321,Yes,contingency
8322,No,contingency
8323,No,contingency
8324,Yes,contingency
8325,Yes,contingency
8326,No,contingency
8327,No,contingency
8328,Yes,contingency
8329,Yes,contingency
8330,No,contingency
8331,No,contingency
8332,Yes,contingency
8333,Yes,contingency
8334,No,contingency
8335,No,contingency
8336,Yes,contingency
8337,Yes,contingency
8338,No,contingency
8339,No,contingency
8340,Yes,contingency
8341,Yes,contingency
8342,No,contingency
8343,No,contingency
8344,Yes,contingency
8345,Yes,contingency
8346,No,contingency
8347,No,contingency
8348,Yes,contingency
8349,Yes,contingency
8350,No,contingency
8351,No,contingency
8352,Yes,contingency
8353,Yes,contingency
8354,No,contingency
8355,No,contingency
8356,Yes,contingency
8357,Yes,contingency
8358,No,contingency
8359,No,contingency
8360,Yes,contingency
8361,Yes,contingency
8362,No,contingency
8363,No,contingency
8364,Yes,contingency
8365,Yes,contingency
8366,No,contingency
8367,No,contingency
8368,Yes,contingency
8369,Yes,contingency
8370,No,contingency
8371,No,contingency
8372,Yes,contingency
8373,Yes,contingency
8374,No,contingency
8375,No,contingency
8376,Yes,contingency
8377,Yes,contingency
8378,No,contingency
8379,No,contingency
8380,Yes,contingency
8381,Yes,contingency
8382,No,contingency
8383,No,contingency
8384,Yes,contingency
8385,Yes,contingency
8386,No,contingency
8387,No,contingency
8388,Yes,contingency
8389,Yes,contingency
8390,No,contingency
8391,No,contingency
8392,Yes,contingency
8393,Yes,contingency
8394,No,contingency
8395,No,contingency
8396,Yes,contingency
8397,Yes,contingency
8398,No,contingency
8399,No,contingency
8400,No,comparison
8401,No,comparison
8402,Yes,comparison
8403,Yes,comparison
8404,No,comparison
8405,No,comparison
8406,Yes,comparison
8407,Yes,comparison
8408,No,comparison
8409,No,comparison
8410,Yes,comparison
8411,Yes,comparison
8412,No,comparison
8413,No,comparison
8414,Yes,comparison
8415,Yes,comparison
8416,No,comparison
8417,No,comparison
8418,Yes,comparison
8419,Yes,comparison
8420,No,comparison
8421,No,comparison
8422,Yes,comparison
8423,Yes,comparison
8424,No,comparison
8425,No,comparison
8426,Yes,comparison
8427,Yes,comparison
8428,No,comparison
8429,No,comparison
8430,Yes,comparison
8431,Yes,comparison
8432,No,comparison
8433,No,comparison
8434,Yes,comparison
8435,Yes,comparison
8436,No,comparison
8437,No,comparison
8438,Yes,comparison
8439,Yes,comparison
8440,No,comparison
8441,No,comparison
8442,Yes,comparison
8443,Yes,comparison
8444,No,comparison
8445,No,comparison
8446,Yes,comparison
8447,Yes,comparison
8448,No,comparison
8449,No,comparison
8450,Yes,comparison
8451,Yes,comparison
8452,No,comparison
8453,No,comparison
8454,Yes,comparison
8455,Yes,comparison
8456,No,comparison
8457,No,comparison
8458,Yes,comparison
8459,Yes,comparison
8460,No,comparison
8461,No,comparison
8462,Yes,comparison
8463,Yes,comparison
8464,No,comparison
8465,No,comparison
8466,Yes,comparison
8467,Yes,comparison
8468,No,comparison
8469,No,comparison
8470,Yes,comparison
8471,Yes,comparison
8472,No,comparison
8473,No,comparison
8474,Yes,comparison
8475,Yes,comparison
8476,No,comparison
8477,No,comparison
8478,Yes,comparison
8479,Yes,comparison
8480,Yes,contingency
8481,Yes,contingency
8482,No,contingency
8483,No,contingency
8484,Yes,contingency
8485,Yes,contingency
8486,No,contingency
8487,No,contingency
8488,Yes,contingency
8489,Yes,contingency
8490,No,contingency
8491,No,contingency
8492,Yes,contingency
8493,Yes,contingency
8494,No,contingency
8495,No,contingency
8496,Yes,contingency
8497,Yes,contingency
8498,No,contingency
8499,No,contingency
8500,Yes,contingency
8501,Yes,contingency
8502,No,contingency
8503,No,contingency
8504,Yes,contingency
8505,Yes,contingency
8506,No,contingency
8507,No,contingency
8508,Yes,contingency
8509,Yes,contingency
8510,No,contingency
8511,No,contingency
8512,Yes,contingency
8513,Yes,contingency
8514,No,contingency
8515,No,contingency
8516,Yes,contingency
8517,Yes,contingency
8518,No,contingency
8519,No,contingency
8520,Yes,contingency
8521,Yes,contingency
8522,No,contingency
8523,No,contingency
8524,Yes,contingency
8525,Yes,contingency
8526,No,contingency
8527,No,contingency
8528,Yes,contingency
8529,Yes,contingency
8530,No,contingency
8531,No,contingency
8532,Yes,contingency
8533,Yes,contingency
8534,No,contingency
8535,No,contingency
8536,Yes,contingency
8537,Yes,contingency
8538,No,contingency
8539,No,contingency
8540,Yes,contingency
8541,Yes,contingency
8542,No,contingency
8543,No,contingency
8544,Yes,contingency
8545,Yes,contingency
8546,No,contingency
8547,No,contingency
8548,Yes,contingency
8549,Yes,contingency
8550,No,contingency
8551,No,contingency
8552,Yes,contingency
8553,Yes,contingency
8554,No,contingency
8555,No,contingency
8556,Yes,contingency
8557,Yes,contingency
8558,No,contingency
8559,No,contingency
8560,Yes,contingency
8561,Yes,contingency
8562,No,contingency
8563,No,contingency
8564,Yes,contingency
8565,Yes,contingency
8566,No,contingency
8567,No,contingency
8568,Yes,contingency
8569,Yes,contingency
8570,No,contingency
8571,No,contingency
8572,Yes,contingency
8573,Yes,contingency
8574,No,contingency
8575,No,contingency
8576,Yes,contingency
8577,Yes,contingency
8578,No,contingency
8579,No,contingency
8580,Yes,contingency
8581,Yes,contingency
8582,No,contingency
8583,No,contingency
8584,Yes,contingency
8585,Yes,contingency
8586,No,contingency
8587,No,contingency
8588,Yes,contingency
8589,Yes,contingency
8590,No,contingency
8591,No,contingency
8592,Yes,contingency
8593,Yes,contingency
8594,No,contingency
8595,No,contingency
8596,Yes,contingency
8597,Yes,contingency
8598,No,contingency
8599,No,contingency
8600,No,comparison
8601,No,comparison
8602,Yes,comparison
8603,Yes,comparison
8604,No,comparison
8605,No,comparison
8606,Yes,comparison
8607,Yes,comparison
8608,No,comparison
8609,No,comparison
8610,Yes,comparison
8611,Yes,comparison
8612,No,comparison
8613,No,comparison
8614,Yes,comparison
8615,Yes,comparison
8616,No,comparison
8617,No,comparison
8618,Yes,comparison
8619,Yes,comparison
8620,No,comparison
8621,No,comparison
8622,Yes,comparison
8623,Yes,comparison
8624,No,comparison
8625,No,comparison
8626,Yes,comparison
8627,Yes,comparison
8628,No,comparison
8629,No,comparison
8630,Yes,comparison
8631,Yes,comparison
8632,No,comparison
8633,No,comparison
8634,Yes,comparison
8635,Yes,comparison
8636,No,comparison
8637,No,comparison
8638,Yes,comparison
8639,Yes,comparison
