idx,prob,label
0,1.2195654208735363e-10,No
1,1.0885880391553471e-10,No
2,0.9999967217445374,Yes
3,0.9368355870246887,Yes
4,4.0595016931321837e-11,No
5,4.036562750719952e-11,No
6,0.9999998807907104,Yes
7,0.7198823690414429,Yes
8,9.169540821085675e-11,No
9,1.3854588309936133e-10,No
10,0.9984360337257385,Yes
11,7.430633530702835e-08,No
12,1.7632964532943163e-10,No
13,3.4002631266183414e-10,No
14,0.9999867677688599,Yes
15,0.999656617641449,Yes
16,4.453348453892225e-11,No
17,5.2544378570384964e-11,No
18,0.9999995231628418,Yes
19,0.18037326633930206,No
20,4.5924682723352817e-08,No
21,1.3740926452232571e-10,No
22,2.5622901023147904e-10,No
23,0.22848853468894958,No
24,1.7678065677984023e-09,No
25,4.9583523953344866e-09,No
26,0.0021929678041487932,No
27,0.00034194899490103126,No
28,8.60766735666374e-10,No
29,2.411901789400872e-10,No
30,0.007382468320429325,No
31,7.295826520703486e-08,No
32,1.2558137862939134e-10,No
33,6.740631663948449e-11,No
34,1.0664948785210626e-10,No
35,2.945765575912418e-10,No
36,5.937682290291235e-11,No
37,1.4307417750547557e-10,No
38,0.9919583201408386,Yes
39,0.9999691247940063,Yes
40,0.9999998807907104,Yes
41,0.9999984502792358,Yes
42,1.750312117465569e-10,No
43,2.0289536717399415e-10,No
44,0.9999998807907104,Yes
45,0.9999997615814209,Yes
46,1.0975383102351799e-10,No
47,2.446073621431566e-10,No
48,0.9999994039535522,Yes
49,0.9999992847442627,Yes
50,6.030347055041574e-11,No
51,4.7819848775221274e-11,No
52,0.9999996423721313,Yes
53,0.9999998807907104,Yes
54,1.750278671996952e-10,No
55,2.2351463735414967e-10,No
56,0.9999997615814209,Yes
57,0.9999994039535522,Yes
58,4.7264081537434777e-11,No
59,1.3866352510660818e-10,No
60,0.9999862909317017,Yes
61,0.0007617060909979045,No
62,4.12881451250513e-10,No
63,5.941955816268774e-10,No
64,0.9999943375587463,Yes
65,0.9999998807907104,Yes
66,8.961011932484553e-10,No
67,9.37103838971609e-10,No
68,0.8908566832542419,Yes
69,0.9994888305664062,Yes
70,1.477260536120184e-09,No
71,1.3932903719648948e-09,No
72,0.9999911785125732,Yes
73,5.342118674889207e-05,No
74,1.5717521728575434e-10,No
75,1.1816443656886833e-10,No
76,0.9999994039535522,Yes
77,0.0004049244162160903,No
78,8.47116377045154e-10,No
79,6.694190757272622e-10,No
80,1.0,Yes
81,0.9999996423721313,Yes
82,6.964784304841487e-11,No
83,2.720892677832154e-10,No
84,0.9999998807907104,Yes
85,0.9999998807907104,Yes
86,6.26504542688977e-11,No
87,1.9828225172879854e-10,No
88,0.9999419450759888,Yes
89,0.9999971389770508,Yes
90,1.4313232543639032e-10,No
91,1.4915377266611074e-10,No
92,0.9999998807907104,Yes
93,0.9999998807907104,Yes
94,1.3637242723962828e-10,No
95,1.6111043055211383e-10,No
96,0.9999998807907104,Yes
97,0.9999998807907104,Yes
98,1.376626590499086e-10,No
99,5.231647060011113e-11,No
100,1.896142384794075e-05,No
101,0.000777357432525605,No
102,4.5612638666092664e-10,No
103,2.777808816301075e-10,No
104,0.9998608231544495,Yes
105,0.9999982118606567,Yes
106,1.6080902165427347e-09,No
107,7.656581146875396e-09,No
108,1.4525780898111407e-06,No
109,1.3471046258928254e-05,No
110,4.464091873934706e-10,No
111,2.6942195696655347e-10,No
112,0.002422221237793565,No
113,1.1093509755255582e-07,No
114,1.1052415926915415e-10,No
115,2.1706630937146087e-10,No
116,1.0,Yes
117,0.9999998807907104,Yes
118,3.728214958975684e-11,No
119,9.651274918143216e-11,No
120,1.027480600601649e-10,No
121,7.214449176951021e-11,No
122,0.9999969601631165,Yes
123,1.0,Yes
124,3.8384410233627264e-11,No
125,1.1758798101890733e-10,No
126,0.9999997615814209,Yes
127,0.9999998807907104,Yes
128,1.153628928496353e-10,No
129,1.8554877079246523e-10,No
130,0.9998953342437744,Yes
131,0.9684769511222839,Yes
132,1.26470528494238e-10,No
133,6.386249168377489e-11,No
134,0.9999010562896729,Yes
135,1.0,Yes
136,8.134368179035789e-11,No
137,6.784926787073431e-11,No
138,1.0,Yes
139,0.9999991655349731,Yes
140,5.344381133909337e-05,No
141,5.581804796150891e-09,No
142,7.182434647035052e-10,No
143,0.008746735751628876,No
144,1.2950439831627136e-08,No
145,1.1505091324082173e-09,No
146,1.880726449599024e-05,No
147,1.6492082366426075e-08,No
148,1.098369728502746e-10,No
149,3.803337644825433e-10,No
150,1.3017471545140324e-09,No
151,6.475781577641726e-10,No
152,6.825293108470021e-11,No
153,6.110631445288561e-11,No
154,2.791394615453413e-10,No
155,0.9999998807907104,Yes
156,3.5117388164085384e-11,No
157,3.544152124557165e-11,No
158,8.464126288743046e-09,No
159,5.075142780697206e-06,No
160,0.9999998807907104,Yes
161,0.9999998807907104,Yes
162,7.040138610969748e-11,No
163,6.105295435876457e-11,No
164,0.9999997615814209,Yes
165,0.9999998807907104,Yes
166,6.382145506522718e-11,No
167,1.3343842697466357e-10,No
168,0.9999994039535522,Yes
169,0.9999908208847046,Yes
170,4.989311741532276e-11,No
171,8.991293820592716e-11,No
172,1.0,Yes
173,0.9999997615814209,Yes
174,1.23778598482005e-10,No
175,1.2543008298671054e-10,No
176,0.9999988079071045,Yes
177,0.9999997615814209,Yes
178,6.749598796540468e-11,No
179,8.797278183703128e-11,No
180,0.03901839256286621,No
181,2.2775385843942786e-07,No
182,2.9388905198324267e-10,No
183,1.907567576120428e-10,No
184,0.9999995231628418,Yes
185,0.9999998807907104,Yes
186,3.733456210852637e-09,No
187,6.877490243972773e-10,No
188,1.9143057272685837e-07,No
189,3.329521859996021e-06,No
190,3.277813021007603e-10,No
191,4.531139907726356e-10,No
192,0.9930845499038696,Yes
193,0.9999855160713196,Yes
194,8.267131423878027e-11,No
195,1.827930445896797e-10,No
196,0.9999998807907104,Yes
197,0.9613638520240784,Yes
198,3.8955050990496787e-11,No
199,9.208379891934015e-11,No
200,7.90663712280093e-09,No
201,3.168763515470907e-11,No
202,1.599989651879241e-08,No
203,0.9999972581863403,Yes
204,7.056041861908113e-11,No
205,2.725385472857056e-10,No
206,1.0,Yes
207,0.9999036192893982,Yes
208,6.21610055095978e-11,No
209,7.879529667631502e-11,No
210,0.9368393421173096,Yes
211,2.526748517084343e-07,No
212,1.2878671740157444e-10,No
213,6.578459305073281e-11,No
214,0.711434006690979,Yes
215,0.999926745891571,Yes
216,3.824737748736595e-11,No
217,3.0180604543295075e-11,No
218,1.0,Yes
219,0.9083968997001648,Yes
220,6.034365784834961e-10,No
221,1.0872724248711663e-10,No
222,3.656261737816635e-09,No
223,1.0326605348609519e-08,No
224,1.0304431974361705e-08,No
225,3.582362739784628e-10,No
226,6.137444774623191e-09,No
227,2.7234500876716083e-08,No
228,9.234339681807313e-11,No
229,1.0476285394744878e-09,No
230,0.0006701626698486507,No
231,0.00023995300580281764,No
232,3.171502296894779e-11,No
233,1.4574531859157247e-10,No
234,1.5891848947902076e-10,No
235,7.6481008193241e-09,No
236,7.609882168857496e-11,No
237,4.030315664538264e-11,No
238,0.9999998807907104,Yes
239,0.09393775463104248,No
240,1.76561196219005e-10,No
241,4.4909251317726273e-10,No
242,0.9999998807907104,Yes
243,2.9622222427860834e-05,No
244,4.574504663956702e-11,No
245,1.1995431037359339e-10,No
246,0.9999994039535522,Yes
247,0.9992665648460388,Yes
248,1.9971694200648926e-05,No
249,8.690659303312032e-11,No
250,1.7488309822510928e-05,No
251,1.404852900677156e-09,No
252,7.737626511739037e-11,No
253,1.4458823027752032e-10,No
254,0.9999964237213135,Yes
255,0.9999998807907104,Yes
256,5.61193522208292e-11,No
257,8.655341027230534e-11,No
258,0.9999998807907104,Yes
259,0.9999397397041321,Yes
260,4.0242265075818295e-10,No
261,1.8955154112987316e-10,No
262,0.002327498747035861,No
263,0.005682371091097593,No
264,3.147899496624973e-09,No
265,3.2661628956986988e-09,No
266,6.654731987509876e-05,No
267,0.33993715047836304,No
268,3.5635402961808893e-10,No
269,1.708635039010531e-10,No
270,4.877019899041102e-10,No
271,6.861603196739452e-08,No
272,5.716358983387515e-11,No
273,4.710892093084951e-11,No
274,0.9999944567680359,Yes
275,1.6663420643325821e-09,No
276,8.173981630443805e-11,No
277,2.5769431727384884e-11,No
278,1.0,Yes
279,5.8257782598047925e-08,No
280,0.9997454285621643,Yes
281,0.999998927116394,Yes
282,2.8380039984732264e-10,No
283,2.2928257903398475e-10,No
284,0.9996426105499268,Yes
285,0.9999904632568359,Yes
286,2.4086974081960477e-10,No
287,5.311421857889798e-10,No
288,0.9999983310699463,Yes
289,0.9999811053276062,Yes
290,1.370971947078914e-10,No
291,6.356003223739748e-11,No
292,0.9999997615814209,Yes
293,0.9999962449073792,Yes
294,2.478507121761453e-10,No
295,4.536986342174032e-10,No
296,0.9999985694885254,Yes
297,0.9999990463256836,Yes
298,5.1633641806603237e-11,No
299,4.7448434070673784e-11,No
300,0.9999967813491821,Yes
301,4.243164585204795e-05,No
302,4.975221901126758e-10,No
303,5.582792006464388e-10,No
304,0.9999997615814209,Yes
305,0.9999998807907104,Yes
306,7.772909538239503e-10,No
307,6.543823261040416e-10,No
308,0.5380712747573853,Yes
309,0.9756160378456116,Yes
310,2.100139173677462e-09,No
311,9.917384691249254e-10,No
312,0.9990261793136597,Yes
313,0.9999997615814209,Yes
314,1.5087797677892922e-10,No
315,2.961940692713938e-10,No
316,0.9999996423721313,Yes
317,8.355203317478299e-05,No
318,7.719067746103647e-11,No
319,2.8467811441501567e-10,No
320,0.9999997615814209,Yes
321,0.9999998807907104,Yes
322,3.346831978223719e-10,No
323,1.986949077492639e-10,No
324,0.9999998807907104,Yes
325,0.9999998807907104,Yes
326,1.8409042346068105e-10,No
327,6.543458136443192e-11,No
328,0.9999306797981262,Yes
329,0.7275174260139465,Yes
330,2.3546914418304254e-10,No
331,2.2964453949558816e-10,No
332,0.9999998807907104,Yes
333,0.9999998807907104,Yes
334,1.5770552919125436e-10,No
335,2.2858219483889997e-10,No
336,0.9999997615814209,Yes
337,0.9999990463256836,Yes
338,6.092731874574042e-11,No
339,8.290106795483254e-11,No
340,4.29863666795427e-06,No
341,0.9997873902320862,Yes
342,5.485420451201151e-10,No
343,4.259844976761684e-10,No
344,0.9932650923728943,Yes
345,0.5961723327636719,Yes
346,7.082999742280549e-10,No
347,6.130070895338235e-10,No
348,3.521913072290772e-08,No
349,1.449648061679909e-05,No
350,2.2409091249286917e-10,No
351,4.1018910490464577e-10,No
352,0.9999995231628418,Yes
353,0.9999924302101135,Yes
354,9.002997652940437e-11,No
355,2.1848897691079117e-10,No
356,0.9996432065963745,Yes
357,0.07670082151889801,No
358,7.99574156884475e-11,No
359,2.3185303676953595e-10,No
360,0.9999464750289917,Yes
361,0.9999998807907104,Yes
362,1.1627367818567436e-10,No
363,1.3589182557005586e-10,No
364,1.0,Yes
365,0.9999998807907104,Yes
366,1.181993669607806e-10,No
367,1.4167944595300241e-10,No
368,0.16990996897220612,No
369,0.9999939799308777,Yes
370,3.4035074758520523e-10,No
371,6.617816294962608e-10,No
372,0.9999998807907104,Yes
373,0.9999998807907104,Yes
374,1.1408543554303208e-10,No
375,1.3887341276941356e-10,No
376,0.9999995231628418,Yes
377,0.9999948143959045,Yes
378,8.355350439304132e-11,No
379,7.922856815056889e-11,No
380,2.1242056391201913e-05,No
381,0.9999933242797852,Yes
382,4.16132434066796e-10,No
383,8.49008433001508e-11,No
384,0.9999932646751404,Yes
385,0.9999942183494568,Yes
386,5.26079790841294e-10,No
387,3.9022299280766504e-10,No
388,3.036379439436132e-06,No
389,8.131281356327236e-05,No
390,3.816315874427545e-10,No
391,2.2522944620462226e-10,No
392,0.4729849100112915,No
393,0.9999966025352478,Yes
394,2.604005899797812e-10,No
395,1.732446408553301e-10,No
396,0.000422078330302611,No
397,0.9024569392204285,Yes
398,7.175118832414284e-11,No
399,1.1476396916121345e-10,No
400,1.0020034801883071e-10,No
401,1.1989940984502567e-10,No
402,0.9999865293502808,Yes
403,0.0011034427443519235,No
404,7.919215977425509e-11,No
405,3.487894348341847e-11,No
406,1.0,Yes
407,1.0,Yes
408,1.1528041021779956e-10,No
409,5.118223622702089e-10,No
410,0.9993170499801636,Yes
411,0.9996787905693054,Yes
412,6.706302180248258e-11,No
413,1.5688081389519937e-10,No
414,0.12766748666763306,No
415,0.9999998807907104,Yes
416,7.334408080872379e-11,No
417,4.9759307785279816e-11,No
418,0.9999998807907104,Yes
419,0.9999995231628418,Yes
420,5.167392487237521e-07,No
421,1.860420706378818e-10,No
422,0.9723682403564453,Yes
423,1.1125629306718565e-08,No
424,2.5875634968031136e-10,No
425,5.346019182894679e-10,No
426,6.621064585488057e-09,No
427,0.00011556703975657001,No
428,7.739578977705719e-10,No
429,9.86862702667679e-10,No
430,2.0075581474987558e-10,No
431,3.1205307782222746e-10,No
432,1.0248363963016871e-10,No
433,8.814678847945956e-11,No
434,0.9999984502792358,Yes
435,7.577041216677571e-09,No
436,3.67940899970165e-10,No
437,4.4152043132683616e-11,No
438,5.042438715463504e-05,No
439,0.9999998807907104,Yes
440,1.1290996609902848e-10,No
441,4.8225985704863916e-11,No
442,0.9999998807907104,Yes
443,1.0,Yes
444,2.0105634934708405e-09,No
445,7.903461912706078e-11,No
446,1.0,Yes
447,0.9999541640281677,Yes
448,2.3160108553188508e-10,No
449,9.255588656609248e-11,No
450,0.9966710209846497,Yes
451,0.9997833371162415,Yes
452,6.919526063242643e-11,No
453,5.95099247657771e-11,No
454,0.9999994039535522,Yes
455,0.999966025352478,Yes
456,6.649963912863655e-11,No
457,3.735432449469833e-11,No
458,1.0,Yes
459,0.9999975562095642,Yes
460,9.954063528994084e-08,No
461,7.156412129560863e-10,No
462,3.341117105204461e-10,No
463,7.410669300433881e-10,No
464,2.147629990512101e-10,No
465,4.673761933027265e-10,No
466,1.0271988815091504e-09,No
467,0.5334696173667908,Yes
468,2.702278956157045e-10,No
469,4.779151518974345e-10,No
470,5.305599848348663e-10,No
471,3.7118971785154997e-10,No
472,4.920295768040539e-11,No
473,9.898538932961998e-11,No
474,0.0007694920641370118,No
475,8.546039570456188e-11,No
476,2.6456876620062353e-11,No
477,4.879306333971378e-11,No
478,0.9999998807907104,Yes
479,1.5599810865296604e-07,No
480,0.9999997615814209,Yes
481,0.9999990463256836,Yes
482,1.869223803518949e-10,No
483,9.280654716947723e-11,No
484,0.9999998807907104,Yes
485,0.9999998807907104,Yes
486,1.6736770303005244e-10,No
487,6.5410746263872e-11,No
488,0.9937231540679932,Yes
489,0.7902718782424927,Yes
490,1.755785655754849e-10,No
491,1.253325221384216e-10,No
492,1.0,Yes
493,0.9999988079071045,Yes
494,1.6646892198046714e-10,No
495,2.7661084534003066e-10,No
496,0.999977171421051,Yes
497,0.9999939799308777,Yes
498,7.379310357213953e-11,No
499,9.000387934943177e-11,No
500,0.005675026215612888,No
501,0.9246137738227844,Yes
502,3.8044839500983585e-10,No
503,8.963456643584777e-10,No
504,0.9884731769561768,Yes
505,0.9999995231628418,Yes
506,3.8545611147355885e-10,No
507,1.994437726082765e-09,No
508,1.024032414420617e-08,No
509,2.6969473765348084e-08,No
510,1.187254405898841e-09,No
511,5.930045343660595e-10,No
512,0.9999978542327881,Yes
513,1.0513488632568624e-05,No
514,1.3319990943561066e-10,No
515,1.617150718891125e-10,No
516,0.9999992847442627,Yes
517,0.9999998807907104,Yes
518,6.30544574886649e-11,No
519,3.776130241828213e-10,No
520,0.999997615814209,Yes
521,0.9995087385177612,Yes
522,2.1089370527693774e-10,No
523,1.833769247561179e-10,No
524,0.9999998807907104,Yes
525,0.9999998807907104,Yes
526,1.0693037427733643e-10,No
527,3.4029554174530574e-10,No
528,0.999995768070221,Yes
529,0.9999990463256836,Yes
530,1.81957837686042e-10,No
531,2.0604606909557788e-10,No
532,0.9999998807907104,Yes
533,0.9999998807907104,Yes
534,1.547593858619578e-10,No
535,1.0374786446609718e-10,No
536,0.9999996423721313,Yes
537,0.9999994039535522,Yes
538,5.4519142672626586e-11,No
539,5.1993170185893334e-11,No
540,8.15065561710071e-08,No
541,0.0650859847664833,No
542,2.5379121026958273e-10,No
543,2.2952234557394036e-10,No
544,0.997147262096405,Yes
545,0.9694281220436096,Yes
546,4.018023691543249e-09,No
547,8.640813065063924e-10,No
548,2.1049771703474107e-07,No
549,2.867945295292884e-05,No
550,7.211425345765576e-10,No
551,5.940222203015821e-10,No
552,0.9999591708183289,Yes
553,0.9998906850814819,Yes
554,8.648410459999312e-11,No
555,2.3206540855635893e-10,No
556,0.9999998807907104,Yes
557,9.491743185208179e-06,No
558,1.5749300474876549e-10,No
559,2.5230323386082887e-10,No
560,0.9999830722808838,Yes
561,0.6795169115066528,Yes
562,1.3406453724940093e-09,No
563,2.939479215591234e-10,No
564,0.9999994039535522,Yes
565,0.9999996423721313,Yes
566,6.055823065231891e-10,No
567,1.5944252862443165e-10,No
568,0.966107189655304,Yes
569,0.715836226940155,Yes
570,4.0798409095543775e-10,No
571,4.68864558289539e-10,No
572,0.9999994039535522,Yes
573,0.9999997615814209,Yes
574,3.4387367953137016e-10,No
575,2.6381857809454345e-10,No
576,0.9999988079071045,Yes
577,0.9999966621398926,Yes
578,1.0002008943299501e-10,No
579,2.3036618446159451e-10,No
580,0.0005220961174927652,No
581,2.3920589228509925e-05,No
582,7.733794715747422e-10,No
583,4.826898325482887e-10,No
584,0.39421191811561584,No
585,0.9999747276306152,Yes
586,3.5764780026426024e-10,No
587,1.140494365614586e-08,No
588,7.125320777845445e-09,No
589,1.6460656837580245e-08,No
590,8.753029967500936e-10,No
591,1.9393608940987406e-09,No
592,6.1565672559993345e-09,No
593,0.00011373128654668108,No
594,2.0009943701992938e-10,No
595,2.2244500685886237e-10,No
596,0.05352108180522919,No
597,0.0006559800822287798,No
598,1.1441973063464062e-10,No
599,1.2290984896523582e-09,No
600,1.611918792887579e-10,No
601,6.617888181903453e-11,No
602,0.998654842376709,Yes
603,0.9999995231628418,Yes
604,2.893393580283288e-10,No
605,9.383553656316934e-11,No
606,4.23464143750607e-06,No
607,1.0,Yes
608,1.9848166166180903e-10,No
609,4.575685108587635e-10,No
610,0.9782649874687195,Yes
611,0.9996445775032043,Yes
612,9.610072460031205e-11,No
613,1.800583154798474e-10,No
614,0.9296724200248718,Yes
615,0.004691092763096094,No
616,6.03611188809694e-11,No
617,5.097362809625139e-11,No
618,0.9999998807907104,Yes
619,0.999986469745636,Yes
620,2.9247512856045432e-08,No
621,7.557922799605876e-05,No
622,3.368953449545131e-10,No
623,4.2971304292649393e-10,No
624,2.422228528864423e-10,No
625,1.376742053693647e-10,No
626,1.8611449377203826e-06,No
627,0.9916430711746216,Yes
628,1.3373552265605326e-10,No
629,2.8243582472775586e-10,No
630,8.14212555155791e-08,No
631,1.7030508558946167e-07,No
632,5.046892070925679e-11,No
633,2.5815972623521866e-11,No
634,3.5228513297624886e-06,No
635,0.9999996423721313,Yes
636,8.968634168660117e-11,No
637,3.536973491868878e-11,No
638,0.9999994039535522,Yes
639,0.9999997615814209,Yes
640,0.9999944567680359,Yes
641,0.9999979138374329,Yes
642,2.8780208771728155e-10,No
643,2.982718516619798e-10,No
644,0.9999997615814209,Yes
645,0.9999998807907104,Yes
646,4.5399811687829583e-10,No
647,2.1769694380502358e-10,No
648,0.9998602271080017,Yes
649,0.9998939037322998,Yes
650,3.529420922188109e-10,No
651,1.898931428767625e-10,No
652,0.9999997615814209,Yes
653,1.0,Yes
654,1.2159814821721682e-10,No
655,2.8344065983176847e-10,No
656,0.9999997615814209,Yes
657,0.9999994039535522,Yes
658,2.1063441268953653e-10,No
659,9.509278087183048e-11,No
660,0.007987595163285732,No
661,0.01009135227650404,No
662,3.727180786228246e-09,No
663,6.242814598600432e-10,No
664,0.9999974370002747,Yes
665,0.5220765471458435,Yes
666,4.884709303709656e-10,No
667,7.710067029265133e-10,No
668,2.9542374591073894e-07,No
669,3.5735399706027238e-06,No
670,6.181744560684876e-10,No
671,5.744900666293518e-10,No
672,2.0262839825591072e-05,No
673,0.0005027007427997887,No
674,2.7779675781935964e-10,No
675,8.676134116702983e-11,No
676,0.8426397442817688,Yes
677,0.0006121070473454893,No
678,8.724756334066441e-11,No
679,2.4267790554866053e-10,No
680,1.4410998783187523e-10,No
681,9.371962927939848e-11,No
682,0.9891607761383057,Yes
683,3.0467705869341444e-07,No
684,3.402019291276481e-11,No
685,3.973723780581473e-11,No
686,0.9999998807907104,Yes
687,1.5044193446556164e-08,No
688,2.7640728594846564e-10,No
689,8.512721083597796e-11,No
690,0.22773155570030212,No
691,0.9981315732002258,Yes
692,1.241474423263611e-10,No
693,5.620955090268609e-11,No
694,1.0,Yes
695,0.8237169981002808,Yes
696,9.095666581027118e-11,No
697,1.296639323689064e-10,No
698,0.9999855756759644,Yes
699,0.037568338215351105,No
700,1.0372457337481933e-09,No
701,2.7247043510314484e-10,No
702,3.361898814890907e-10,No
703,1.7989694242714904e-05,No
704,8.582764499109885e-10,No
705,9.081560503609865e-10,No
706,1.285818451712828e-09,No
707,0.05431167408823967,No
708,2.2928345333461664e-10,No
709,7.305817617542232e-10,No
710,0.24543525278568268,No
711,4.850681216339581e-05,No
712,1.2454161313346646e-10,No
713,4.742988640726864e-11,No
714,0.056398533284664154,No
715,3.2706154229344975e-08,No
716,5.400889457884972e-11,No
717,2.6111476869594696e-10,No
718,3.8424023074412617e-08,No
719,0.9999971389770508,Yes
720,1.7513540617741796e-10,No
721,2.338462479212211e-10,No
722,1.4589792954211589e-05,No
723,0.9999998807907104,Yes
724,5.961569432555436e-11,No
725,1.0061362853974742e-10,No
726,1.0,Yes
727,1.0,Yes
728,1.794607101812673e-10,No
729,9.101185083348895e-11,No
730,0.002493305364623666,No
731,0.9972847700119019,Yes
732,8.609601226394759e-11,No
733,5.884500525743519e-11,No
734,0.9999995231628418,Yes
735,0.9999998807907104,Yes
736,7.042905147969236e-11,No
737,1.0020856366921294e-10,No
738,0.9999955296516418,Yes
739,0.9999995231628418,Yes
740,2.5688752884889254e-06,No
741,3.201934930530115e-07,No
742,8.604401080525292e-10,No
743,1.2485300571185576e-09,No
744,7.043432503905933e-10,No
745,2.322931402787276e-09,No
746,3.763436495773931e-07,No
747,0.06489196419715881,No
748,7.503785787177364e-11,No
749,1.7568073384932603e-10,No
750,1.7865138257633362e-09,No
751,5.376668887890901e-09,No
752,7.046896399742764e-11,No
753,6.250054640499769e-11,No
754,1.4578147022881183e-10,No
755,1.7371885405736975e-06,No
756,9.229251390907578e-11,No
757,9.812314155643875e-11,No
758,0.030535686761140823,No
759,0.9999998807907104,Yes
760,7.636053594994863e-11,No
761,7.87370030286283e-11,No
762,1.0,Yes
763,0.0010029092663899064,No
764,7.101746274384979e-11,No
765,6.3782301662485e-10,No
766,1.0,Yes
767,1.0,Yes
768,1.180475162065875e-10,No
769,1.2375687974408578e-10,No
770,0.9999479651451111,Yes
771,0.999824583530426,Yes
772,8.666260070677723e-11,No
773,4.375525636257649e-11,No
774,0.9999998807907104,Yes
775,1.0,Yes
776,1.0578079384648831e-10,No
777,4.587156002267001e-11,No
778,0.9999995231628418,Yes
779,0.9999998807907104,Yes
780,8.719990063354999e-09,No
781,1.047986253333022e-09,No
782,1.0815829343258088e-09,No
783,0.0008093563956208527,No
784,8.863000333647619e-10,No
785,2.4489074657019216e-10,No
786,1.02934309964553e-08,No
787,9.69416014129365e-09,No
788,7.39981756425756e-11,No
789,1.1347193323851812e-10,No
790,3.58238355646634e-10,No
791,1.5683061516114094e-09,No
792,4.082205060096378e-11,No
793,1.783254273413082e-11,No
794,1.4077786159027994e-10,No
795,0.042608145624399185,No
796,4.5660662750801606e-11,No
797,7.318687322843687e-11,No
798,0.9999996423721313,Yes
799,0.9999997615814209,Yes
800,8.021633357557789e-11,No
801,1.0587990900701172e-10,No
802,0.022010577842593193,No
803,8.792292760517739e-08,No
804,2.1364139624058254e-11,No
805,1.8139810833983638e-11,No
806,0.9999995231628418,Yes
807,0.008579626679420471,No
808,9.349859081408951e-11,No
809,9.671877188033307e-11,No
810,0.6863651275634766,Yes
811,8.730370315568337e-10,No
812,9.999744365885022e-10,No
813,6.397361751453445e-09,No
814,0.5653830766677856,Yes
815,0.883274495601654,Yes
816,7.09155303924014e-11,No
817,4.5763025313672046e-11,No
818,0.9999982118606567,Yes
819,0.0002227408258477226,No
820,7.756647546486306e-10,No
821,1.1368424257529597e-10,No
822,1.3813847288268732e-10,No
823,6.029090968695527e-07,No
824,4.3634038604523084e-09,No
825,5.368389288662456e-09,No
826,0.0018449350027367473,No
827,1.153244375018403e-05,No
828,9.531890832192857e-10,No
829,9.471320255860505e-11,No
830,5.998984124744311e-05,No
831,9.307627557575415e-09,No
832,7.64013227683158e-11,No
833,3.7413221826154697e-11,No
834,5.880315678830073e-11,No
835,1.0943964484644297e-10,No
836,5.314175488546624e-11,No
837,4.35622302119576e-11,No
838,0.020819880068302155,No
839,0.9999574422836304,Yes
840,0.9999990463256836,Yes
841,0.0002741635835263878,No
842,1.717253839128574e-10,No
843,1.3387538300158042e-10,No
844,0.9999998807907104,Yes
845,0.9999997615814209,Yes
846,5.0073497431801783e-11,No
847,9.179532828307302e-11,No
848,0.9999909400939941,Yes
849,0.9999879598617554,Yes
850,3.946607277094394e-11,No
851,2.7122071949436943e-11,No
852,0.9999905824661255,Yes
853,0.9999991655349731,Yes
854,1.3478776428321737e-10,No
855,1.9897669623070158e-10,No
856,0.9999998807907104,Yes
857,0.9999991655349731,Yes
858,3.240463800069371e-11,No
859,4.3920478365322424e-11,No
860,0.9999848008155823,Yes
861,1.3167380529921502e-05,No
862,2.332088411272082e-10,No
863,3.520747582363981e-10,No
864,0.9999986886978149,Yes
865,0.9999998807907104,Yes
866,1.692111784024064e-09,No
867,1.761535917133017e-09,No
868,0.06500130146741867,No
869,0.9940044283866882,Yes
870,5.940856695474395e-10,No
871,4.568525002746071e-10,No
872,0.999740481376648,Yes
873,8.959497790783644e-05,No
874,1.3049235303430606e-10,No
875,8.003889218066718e-11,No
876,0.9999995231628418,Yes
877,0.18030954897403717,No
878,3.42693845523101e-10,No
879,1.7633167148645157e-10,No
880,1.0,Yes
881,0.999247133731842,Yes
882,1.3567996726138176e-10,No
883,1.158800416733996e-10,No
884,0.9999998807907104,Yes
885,1.0,Yes
886,3.132378037506989e-11,No
887,7.418514413881638e-11,No
888,0.99468994140625,Yes
889,0.9999968409538269,Yes
890,1.0012984885676701e-10,No
891,6.132512553325142e-11,No
892,0.9999998807907104,Yes
893,1.0,Yes
894,6.43913672382368e-11,No
895,7.183005579225465e-11,No
896,1.0,Yes
897,0.9999998807907104,Yes
898,1.2379418323771318e-10,No
899,3.130544087848186e-11,No
900,5.128861175762722e-07,No
901,1.4904605905030621e-06,No
902,9.746154577827681e-11,No
903,9.250082644296498e-11,No
904,0.9999740719795227,Yes
905,0.9999944567680359,Yes
906,1.4930099379029116e-09,No
907,5.476505915424923e-09,No
908,2.9951880975431777e-09,No
909,7.699562765139945e-09,No
910,1.2674147842339778e-10,No
911,5.7031487171732564e-11,No
912,0.00035451387520879507,No
913,7.903864940317362e-08,No
914,4.7790851137596846e-11,No
915,1.065573879133197e-10,No
916,1.0,Yes
917,0.9999998807907104,Yes
918,2.215430096319526e-11,No
919,2.922126429716343e-11,No
920,7.971164700526501e-11,No
921,9.342764062392206e-11,No
922,0.9994024634361267,Yes
923,0.9999996423721313,Yes
924,2.8243352101497976e-11,No
925,4.611103859852861e-11,No
926,0.997999906539917,Yes
927,0.9999982118606567,Yes
928,1.2609309429922888e-10,No
929,1.0296936220344222e-10,No
930,0.9999796152114868,Yes
931,0.13856329023838043,No
932,1.242601993522996e-10,No
933,7.929614603829904e-11,No
934,0.9999829530715942,Yes
935,1.0,Yes
936,1.1225289447969189e-10,No
937,5.883254994287768e-11,No
938,0.9999997615814209,Yes
939,0.9999982118606567,Yes
940,1.7584081746235825e-08,No
941,3.886564126087677e-10,No
942,9.545021717460855e-11,No
943,2.2032606921129627e-06,No
944,2.123150011357211e-08,No
945,9.997875860534577e-10,No
946,0.0009588521788828075,No
947,8.809360352302065e-09,No
948,6.757649995137172e-11,No
949,2.571538537665674e-10,No
950,1.9227340553040762e-10,No
951,1.6292064919376514e-10,No
952,3.469508708109359e-11,No
953,5.5377064045458724e-11,No
954,1.8860163431000387e-10,No
955,0.9999949336051941,Yes
956,3.116763444555026e-11,No
957,7.675494267944671e-11,No
958,3.170203821678541e-10,No
959,0.0072774384170770645,No
960,0.9972682595252991,Yes
961,0.9999995231628418,Yes
962,3.53019349863537e-11,No
963,4.609336523575536e-11,No
964,0.999995768070221,Yes
965,1.0,Yes
966,4.484648069569275e-11,No
967,4.920258298013458e-11,No
968,0.9999693632125854,Yes
969,0.999981164932251,Yes
970,4.318614563181278e-11,No
971,5.778217487817372e-11,No
972,1.0,Yes
973,0.9999703168869019,Yes
974,9.759510560813922e-11,No
975,9.44945094394356e-11,No
976,0.9998624920845032,Yes
977,0.9999998807907104,Yes
978,4.24648996522059e-11,No
979,5.7035837858210314e-11,No
980,1.6407141174568096e-06,No
981,8.7222353784e-09,No
982,7.495160742054807e-11,No
983,7.998562923106078e-11,No
984,0.9999991655349731,Yes
985,0.9999998807907104,Yes
986,2.8060762602422074e-09,No
987,1.0459014765373809e-09,No
988,1.3266524545585412e-09,No
989,6.216949177684228e-09,No
990,1.394049875536041e-10,No
991,1.7349660597076877e-10,No
992,0.005563634447753429,No
993,0.9975891709327698,Yes
994,1.0156379903758506e-10,No
995,2.2864803106426024e-10,No
996,1.0,Yes
997,0.772891104221344,Yes
998,2.582390030980708e-11,No
999,6.945469199770571e-11,No
1000,5.673624414725964e-08,No
1001,3.530382236549556e-11,No
1002,1.104662583628624e-09,No
1003,0.938493013381958,Yes
1004,4.4296032120083595e-11,No
1005,1.113269254560123e-09,No
1006,0.9999998807907104,Yes
1007,0.04212327301502228,No
1008,8.818092783746678e-11,No
1009,4.495601807485983e-11,No
1010,0.04465027153491974,No
1011,5.814130510373161e-09,No
1012,1.057791770842087e-10,No
1013,6.16133047359746e-11,No
1014,0.006537685636430979,No
1015,0.7157679200172424,Yes
1016,8.842312299028876e-11,No
1017,6.171033822832683e-11,No
1018,1.0,Yes
1019,0.00040397129487246275,No
1020,4.901770656040583e-10,No
1021,7.923264822018439e-11,No
1022,9.232987707719076e-10,No
1023,7.662611101189043e-10,No
1024,6.764790327906667e-08,No
1025,2.2375819253017681e-10,No
1026,3.2238038905063604e-09,No
1027,1.979937103158136e-08,No
1028,4.615186358081225e-11,No
1029,8.034468645945481e-10,No
1030,4.3958738388027996e-05,No
1031,2.6493171390029602e-05,No
1032,1.8251736927377138e-11,No
1033,8.121656125403831e-11,No
1034,1.1876478966943438e-10,No
1035,8.762914699422808e-11,No
1036,2.041842528388571e-10,No
1037,9.354675367667653e-11,No
1038,0.9999997615814209,Yes
1039,3.1260406103683636e-05,No
1040,1.1537806821060315e-10,No
1041,5.774760669652323e-10,No
1042,0.9999998807907104,Yes
1043,1.0298552011178685e-09,No
1044,2.9730780337633433e-11,No
1045,3.2657063164798217e-10,No
1046,0.9999892711639404,Yes
1047,0.9857304096221924,Yes
1048,4.178771106921886e-08,No
1049,4.775850548366378e-11,No
1050,1.338094506309062e-07,No
1051,2.1440894892865714e-10,No
1052,6.945018171666817e-11,No
1053,1.6984259831875903e-10,No
1054,0.999998927116394,Yes
1055,1.0,Yes
1056,1.0308943282355543e-10,No
1057,1.6074086506279173e-10,No
1058,0.9999998807907104,Yes
1059,0.8651684522628784,Yes
1060,3.5107694529301625e-10,No
1061,1.2098994028875154e-10,No
1062,2.271283847221639e-06,No
1063,6.193651643116027e-05,No
1064,1.8360667652927987e-08,No
1065,2.2159138968191883e-09,No
1066,9.844392479863018e-06,No
1067,0.0010915243765339255,No
1068,1.9259603634136369e-10,No
1069,9.63451887714406e-11,No
1070,9.676914131118153e-11,No
1071,2.692982947749556e-09,No
1072,4.6632874645125e-11,No
1073,5.23641893734883e-11,No
1074,0.9999399781227112,Yes
1075,4.4791881315120463e-10,No
1076,7.397137069542481e-11,No
1077,2.175059091169551e-11,No
1078,0.9999997615814209,Yes
1079,9.672711520636312e-10,No
1080,2.2122214886621805e-06,No
1081,0.9994235038757324,Yes
1082,1.6920916057205915e-10,No
1083,1.7090520665341558e-10,No
1084,0.7354910373687744,Yes
1085,0.049692146480083466,No
1086,7.770089432979077e-11,No
1087,8.997916300934605e-11,No
1088,0.999996542930603,Yes
1089,0.9992473721504211,Yes
1090,8.610257645758068e-11,No
1091,3.487209132568836e-11,No
1092,0.9999990463256836,Yes
1093,0.9995846748352051,Yes
1094,2.2080781647559888e-10,No
1095,3.6978703432666293e-10,No
1096,0.9999637603759766,Yes
1097,0.9999951720237732,Yes
1098,4.946483153633885e-11,No
1099,3.6845762552140116e-11,No
1100,0.999998927116394,Yes
1101,4.389274366189966e-08,No
1102,2.392908649007097e-10,No
1103,3.114922764169137e-10,No
1104,0.9999998807907104,Yes
1105,1.0,Yes
1106,1.1575528313656491e-09,No
1107,8.266726192474039e-10,No
1108,0.02031230367720127,No
1109,0.6270337104797363,Yes
1110,9.60621027168429e-10,No
1111,7.117153533187093e-10,No
1112,0.5642250776290894,Yes
1113,0.9464897513389587,Yes
1114,1.3522372110941205e-10,No
1115,3.0393551564422694e-10,No
1116,0.9999998807907104,Yes
1117,2.609687498988933e-06,No
1118,9.107645193573433e-11,No
1119,8.31102062170963e-11,No
1120,0.9999881982803345,Yes
1121,0.9999117851257324,Yes
1122,2.2168598901028957e-10,No
1123,1.6614951081628249e-10,No
1124,0.9999997615814209,Yes
1125,0.9999998807907104,Yes
1126,1.058516330143533e-10,No
1127,3.5199333031643576e-11,No
1128,0.9983997344970703,Yes
1129,0.9428036212921143,Yes
1130,1.60816304717315e-10,No
1131,1.1035775071555065e-10,No
1132,0.9999998807907104,Yes
1133,1.0,Yes
1134,1.2539301541547587e-10,No
1135,1.5495965621781238e-10,No
1136,1.0,Yes
1137,0.9999977946281433,Yes
1138,4.2313548498373876e-11,No
1139,5.81931690335491e-11,No
1140,1.6624990450964106e-07,No
1141,0.9612590074539185,Yes
1142,3.2347532985532723e-10,No
1143,3.8159883586352805e-10,No
1144,0.9988306760787964,Yes
1145,0.009317814372479916,No
1146,9.403069434199551e-10,No
1147,1.3653074226738227e-09,No
1148,3.171649332056603e-10,No
1149,2.8107486116368818e-08,No
1150,9.527959671240538e-11,No
1151,8.046840971331903e-11,No
1152,0.9999988079071045,Yes
1153,0.9990800619125366,Yes
1154,6.354245601913888e-11,No
1155,2.242140362263001e-10,No
1156,0.999862015247345,Yes
1157,0.0012975772842764854,No
1158,5.6187256236572836e-11,No
1159,2.3125987236305434e-10,No
1160,0.0013521042419597507,No
1161,0.9999994039535522,Yes
1162,7.70593172605416e-11,No
1163,1.347931627426746e-10,No
1164,1.0,Yes
1165,1.0,Yes
1166,1.3151707500824728e-10,No
1167,5.317014536987408e-11,No
1168,0.0005754395970143378,No
1169,0.9999983310699463,Yes
1170,2.2901990026635843e-10,No
1171,1.4165080219896709e-10,No
1172,0.9999998807907104,Yes
1173,1.0,Yes
1174,2.0099259756545251e-10,No
1175,1.2654943759571324e-10,No
1176,0.9999978542327881,Yes
1177,0.9999995231628418,Yes
1178,6.880464947789378e-11,No
1179,5.328608040922056e-11,No
1180,1.2070029242750024e-06,No
1181,0.9999641180038452,Yes
1182,2.294785750311945e-10,No
1183,6.1901900272332e-11,No
1184,0.9999956488609314,Yes
1185,0.9999805688858032,Yes
1186,9.484484309041363e-10,No
1187,6.726263990231018e-10,No
1188,1.8246673061383945e-09,No
1189,6.481484149389871e-08,No
1190,1.3992630665260464e-10,No
1191,7.647334848703835e-11,No
1192,0.008660603314638138,No
1193,0.9999839067459106,Yes
1194,2.3660409742554123e-10,No
1195,1.8985764349555012e-10,No
1196,0.10545102506875992,No
1197,0.013553247787058353,No
1198,8.560901293419576e-11,No
1199,7.209263047647241e-11,No
1200,9.454805688369206e-11,No
1201,1.0819929674443785e-10,No
1202,7.097173511283472e-05,No
1203,5.353930632168158e-09,No
1204,4.9047415434655406e-11,No
1205,2.3096838677738596e-11,No
1206,1.0,Yes
1207,0.9999998807907104,Yes
1208,7.258837975143706e-11,No
1209,1.3847720192750046e-10,No
1210,0.7342914342880249,Yes
1211,0.1869986653327942,No
1212,6.795961710048815e-11,No
1213,1.2723389009039465e-10,No
1214,0.0021796359214931726,No
1215,0.9999998807907104,Yes
1216,6.914670919178079e-11,No
1217,4.3292782553328024e-11,No
1218,0.9999998807907104,Yes
1219,0.9999783635139465,Yes
1220,8.933370487795855e-09,No
1221,1.1724621273856428e-10,No
1222,5.933193097007461e-05,No
1223,2.2613737549193047e-09,No
1224,6.948387420990798e-10,No
1225,7.470273843956932e-10,No
1226,2.519801700628932e-09,No
1227,5.333172339305747e-07,No
1228,7.003098101421301e-10,No
1229,7.250208211573295e-10,No
1230,5.7596653141311904e-11,No
1231,8.430701969874832e-11,No
1232,5.581511641761239e-11,No
1233,5.0796401807051694e-11,No
1234,0.9999257922172546,Yes
1235,2.7350803913361865e-11,No
1236,1.596065224429566e-10,No
1237,4.8998045204529106e-11,No
1238,2.974347125928034e-06,No
1239,0.9999997615814209,Yes
1240,6.787295725452225e-11,No
1241,3.860003636169118e-11,No
1242,0.9999968409538269,Yes
1243,1.0,Yes
1244,1.6426383808720857e-07,No
1245,7.754883540878055e-11,No
1246,1.0,Yes
1247,0.8404315114021301,Yes
1248,1.4599461917175205e-10,No
1249,4.9550193809144716e-11,No
1250,0.8922284245491028,Yes
1251,0.9980020523071289,Yes
1252,1.5693504273883718e-09,No
1253,7.875563395876028e-11,No
1254,0.9999964833259583,Yes
1255,0.9999892115592957,Yes
1256,1.4209242116258736e-10,No
1257,4.8969737986848116e-11,No
1258,0.9999998807907104,Yes
1259,0.9493178129196167,Yes
1260,1.33226141230125e-09,No
1261,2.155550321569777e-10,No
1262,1.413132111327542e-10,No
1263,3.1890223795016936e-10,No
1264,1.7673572327847609e-10,No
1265,7.008162383748129e-10,No
1266,2.7615709718986636e-09,No
1267,0.0004446911916602403,No
1268,3.4314448504879635e-10,No
1269,4.1727296617999343e-10,No
1270,4.199164904683528e-10,No
1271,7.952197927929561e-11,No
1272,2.3709638419244783e-11,No
1273,8.952687896579548e-11,No
1274,4.870898465014761e-06,No
1275,3.4211303928666226e-11,No
1276,3.53077914128086e-11,No
1277,2.342447763536981e-11,No
1278,0.9999932646751404,Yes
1279,7.015000136334493e-09,No
1280,0.9536163806915283,Yes
1281,0.9999822974205017,Yes
1282,2.0582101301069855e-10,No
1283,8.235921666877033e-11,No
1284,0.9999996423721313,Yes
1285,0.9999991655349731,Yes
1286,5.979527983868138e-11,No
1287,3.880192347982536e-11,No
1288,0.0006094361888244748,No
1289,0.4342148005962372,No
1290,1.2253760506286682e-10,No
1291,7.675288876685116e-11,No
1292,1.0,Yes
1293,0.9999406933784485,Yes
1294,1.2129469650901115e-10,No
1295,2.7797114610095264e-10,No
1296,0.9995793700218201,Yes
1297,0.9980772733688354,Yes
1298,6.514802586288226e-11,No
1299,4.655271307330011e-11,No
1300,1.3700312592845876e-05,No
1301,0.8976984620094299,Yes
1302,1.0366241892656447e-10,No
1303,5.17532683375066e-10,No
1304,0.9953851699829102,Yes
1305,0.9999996423721313,Yes
1306,7.367824128579059e-10,No
1307,4.327961544703385e-09,No
1308,4.187599156324495e-10,No
1309,1.9083945534958957e-09,No
1310,1.0514760173663262e-09,No
1311,1.5310963608072825e-10,No
1312,0.9980692267417908,Yes
1313,7.346444590439205e-07,No
1314,7.226871878707186e-11,No
1315,1.9927902383809482e-10,No
1316,0.9999997615814209,Yes
1317,0.9999997615814209,Yes
1318,5.059894517267516e-11,No
1319,5.654741605520819e-11,No
1320,0.9998069405555725,Yes
1321,0.01217581331729889,No
1322,1.4661158398432406e-10,No
1323,1.6268496272342503e-10,No
1324,0.9999997615814209,Yes
1325,0.9999998807907104,Yes
1326,8.676233342885808e-11,No
1327,8.302528109460638e-11,No
1328,0.9987256526947021,Yes
1329,0.9999996423721313,Yes
1330,8.906463760949279e-11,No
1331,7.654631789533184e-11,No
1332,0.9999998807907104,Yes
1333,0.9999996423721313,Yes
1334,7.098536342065032e-11,No
1335,5.724247117977477e-11,No
1336,0.9999997615814209,Yes
1337,0.9999998807907104,Yes
1338,3.9239618498942974e-11,No
1339,1.8461284584381232e-11,No
1340,9.524899091672978e-09,No
1341,1.251890353159979e-06,No
1342,7.371208504691751e-11,No
1343,7.965116066710465e-11,No
1344,0.9998509883880615,Yes
1345,0.6824852824211121,Yes
1346,5.267032920919235e-10,No
1347,2.1296178154273093e-09,No
1348,1.038940600217586e-09,No
1349,1.8787263300623636e-08,No
1350,1.6778192724054009e-10,No
1351,1.2702025542488116e-10,No
1352,1.9470995539450087e-05,No
1353,0.0011383648961782455,No
1354,4.6338686360281045e-11,No
1355,9.670272915762723e-11,No
1356,0.9999998807907104,Yes
1357,7.171776417180808e-08,No
1358,4.2881871664679494e-11,No
1359,4.781218823635136e-11,No
1360,0.06301113963127136,No
1361,2.3886711915110936e-06,No
1362,2.776977259255631e-10,No
1363,3.621114796903413e-10,No
1364,0.9999731183052063,Yes
1365,0.9999995231628418,Yes
1366,4.737839898183438e-09,No
1367,2.1939516869906583e-10,No
1368,0.0007307591731660068,No
1369,2.2925732992007397e-05,No
1370,2.117263864231944e-10,No
1371,1.9398112283131042e-10,No
1372,0.9999990463256836,Yes
1373,0.9999876022338867,Yes
1374,2.40327785450134e-10,No
1375,1.3479008187378128e-10,No
1376,0.999994158744812,Yes
1377,0.9997205138206482,Yes
1378,7.533399598580459e-11,No
1379,9.05144986740325e-11,No
1380,1.2278920848984853e-06,No
1381,1.116353374186474e-07,No
1382,2.6160879018632954e-10,No
1383,1.923170511730632e-10,No
1384,0.9593544006347656,Yes
1385,0.9998721480369568,Yes
1386,2.823754841063675e-10,No
1387,9.390778821227741e-09,No
1388,4.629674699163644e-10,No
1389,4.182219293102918e-10,No
1390,2.779854679779703e-10,No
1391,1.998652354728847e-10,No
1392,1.244504943542779e-09,No
1393,2.561457002059342e-08,No
1394,1.0394912014488611e-10,No
1395,1.2155131068336544e-10,No
1396,0.0032462074887007475,No
1397,1.1480520697659813e-05,No
1398,4.258420699398968e-11,No
1399,1.1524215609570732e-10,No
1400,1.9066544176826739e-10,No
1401,4.477161349991654e-11,No
1402,0.04111286997795105,No
1403,0.9852829575538635,Yes
1404,4.1429351615995813e-10,No
1405,2.765864273723828e-11,No
1406,4.566359712043777e-05,No
1407,0.9999998807907104,Yes
1408,1.6682109860166605e-10,No
1409,2.1331982014149986e-10,No
1410,0.9935378432273865,Yes
1411,0.9306209683418274,Yes
1412,1.6200589481041305e-10,No
1413,1.3121213837674617e-10,No
1414,0.02358848601579666,No
1415,0.014500634744763374,No
1416,8.071297102896224e-11,No
1417,1.364496987621422e-10,No
1418,0.9999979138374329,Yes
1419,0.6679003238677979,Yes
1420,4.04841549173085e-10,No
1421,7.208365104816039e-07,No
1422,8.889559921509971e-11,No
1423,7.710783400671772e-11,No
1424,6.964176457735505e-10,No
1425,1.5551869514407457e-10,No
1426,4.69128963231924e-06,No
1427,0.0887184590101242,No
1428,9.315343635352136e-11,No
1429,1.9936721717961348e-10,No
1430,9.165808556588217e-09,No
1431,1.7142120611879363e-08,No
1432,2.5449154936185714e-11,No
1433,2.07339059116185e-11,No
1434,3.2369154023825786e-09,No
1435,0.9999884366989136,Yes
1436,3.887592678331053e-11,No
1437,2.956396585873655e-11,No
1438,0.9999781250953674,Yes
1439,0.9999935626983643,Yes
1440,0.9985014796257019,Yes
1441,0.3097637891769409,No
1442,1.9230789183311003e-10,No
1443,2.213910582637979e-10,No
1444,0.9999996423721313,Yes
1445,0.9999998807907104,Yes
1446,1.0567471897537928e-10,No
1447,3.3543859356832684e-10,No
1448,0.9907926917076111,Yes
1449,0.9807823896408081,Yes
1450,1.1279932543573068e-10,No
1451,4.5510241408752705e-11,No
1452,0.9999997615814209,Yes
1453,1.0,Yes
1454,6.503542149260966e-11,No
1455,1.2183634656715014e-10,No
1456,0.9999998807907104,Yes
1457,0.9999996423721313,Yes
1458,1.2484913103349982e-10,No
1459,2.8736421228692244e-11,No
1460,8.908240829441638e-07,No
1461,3.490386461635353e-06,No
1462,1.4389143210280508e-09,No
1463,1.6705387073656652e-10,No
1464,0.9999996423721313,Yes
1465,0.04933219775557518,No
1466,3.409751370142544e-10,No
1467,1.7530359386341843e-09,No
1468,1.7930991136339003e-09,No
1469,2.5014720961280545e-08,No
1470,1.2018974704375296e-10,No
1471,1.1839410007929985e-10,No
1472,3.501174660414108e-06,No
1473,7.434176154674788e-07,No
1474,8.178940857916928e-11,No
1475,6.794328294423835e-11,No
1476,0.9871347546577454,Yes
1477,2.8708018362522125e-05,No
1478,2.8508822039197135e-11,No
1479,4.758256635928326e-11,No
1480,1.2254670889166874e-10,No
1481,5.3547003636689183e-11,No
1482,2.659489553025196e-07,No
1483,1.2703934260116512e-07,No
1484,4.185177898685666e-11,No
1485,2.0415766299741733e-11,No
1486,0.9999978542327881,Yes
1487,3.8227454979278264e-08,No
1488,2.0088680718899354e-10,No
1489,7.621604042329366e-11,No
1490,0.06326431035995483,No
1491,0.9992914199829102,Yes
1492,1.3681977772961318e-10,No
1493,5.927689589180218e-11,No
1494,1.0,Yes
1495,0.4005478024482727,No
1496,9.061624367534549e-11,No
1497,1.0342542100527652e-10,No
1498,0.3449690639972687,No
1499,1.390894794894848e-05,No
1500,4.011206644616294e-10,No
1501,1.5243652173868583e-10,No
1502,6.969142624102531e-11,No
1503,3.230392167097307e-07,No
1504,1.12076448122167e-09,No
1505,7.790587064349097e-10,No
1506,2.5390318736384643e-09,No
1507,2.620620989546296e-06,No
1508,1.739323129967829e-10,No
1509,7.377203847802605e-10,No
1510,0.006023159716278315,No
1511,2.2049247490940616e-05,No
1512,6.402176705444518e-11,No
1513,2.958099737382369e-11,No
1514,0.1491069346666336,No
1515,2.159254997025073e-09,No
1516,7.262868084723095e-11,No
1517,1.8664662870815363e-10,No
1518,5.328136154503227e-09,No
1519,0.999993085861206,Yes
1520,1.8118727351801311e-10,No
1521,1.641120295214904e-10,No
1522,8.901989758669515e-07,No
1523,0.9999977946281433,Yes
1524,7.57176057963882e-11,No
1525,7.993453815524632e-11,No
1526,1.0,Yes
1527,0.9999997615814209,Yes
1528,1.3613619953556366e-10,No
1529,4.058317223942787e-11,No
1530,0.7181259393692017,Yes
1531,0.5814070701599121,Yes
1532,8.667648543347894e-11,No
1533,5.864276425571191e-11,No
1534,0.9999997615814209,Yes
1535,1.0,Yes
1536,1.0675063610854352e-10,No
1537,8.499125708771871e-11,No
1538,0.993932843208313,Yes
1539,0.9999842643737793,Yes
1540,6.280306052985907e-09,No
1541,4.889316951306455e-09,No
1542,1.2435978635760847e-10,No
1543,2.2712065561591999e-10,No
1544,1.1776063457702435e-09,No
1545,3.3194711424044954e-09,No
1546,1.211928832844933e-07,No
1547,2.462628617649898e-05,No
1548,5.6765384059964674e-11,No
1549,1.669493848721615e-10,No
1550,3.6943384462695406e-10,No
1551,9.83092163231447e-10,No
1552,4.9423052456143424e-11,No
1553,4.0061814976510846e-11,No
1554,1.3392160991276825e-10,No
1555,8.66298768831264e-11,No
1556,5.6975386214519474e-11,No
1557,4.894443531022752e-11,No
1558,1.1899057028585958e-07,No
1559,0.9999998807907104,Yes
1560,6.156444104510328e-11,No
1561,6.598491197884471e-11,No
1562,0.9999995231628418,Yes
1563,5.216464342083782e-05,No
1564,1.7953431796779995e-10,No
1565,1.1682130818257974e-08,No
1566,0.9999998807907104,Yes
1567,0.9999998807907104,Yes
1568,1.0611887757416838e-10,No
1569,4.471546050099917e-11,No
1570,0.9994595646858215,Yes
1571,0.13741710782051086,No
1572,3.551726412975853e-10,No
1573,3.370642306932403e-11,No
1574,0.9999998807907104,Yes
1575,1.0,Yes
1576,2.771267937351496e-10,No
1577,6.074479808049205e-11,No
1578,0.9999834299087524,Yes
1579,0.9999995231628418,Yes
1580,3.7770883642984643e-10,No
1581,8.97645430208982e-11,No
1582,1.1928581733489096e-10,No
1583,1.4580741662939545e-06,No
1584,1.5255440244388296e-09,No
1585,1.5714045342729577e-10,No
1586,5.883058928901619e-09,No
1587,3.814287552472706e-09,No
1588,4.021508126506035e-11,No
1589,5.688374077328362e-11,No
1590,2.4996951730749117e-10,No
1591,1.1425164148093359e-09,No
1592,3.6773657036137664e-11,No
1593,1.2946864066942787e-11,No
1594,1.279008149390748e-10,No
1595,1.025239559915292e-09,No
1596,2.57374052625714e-11,No
1597,2.3267736695697927e-11,No
1598,0.9997073411941528,Yes
1599,0.9999859929084778,Yes
1600,2.032245621785833e-10,No
1601,1.5054912871903525e-10,No
1602,0.9999982118606567,Yes
1603,2.875662818979663e-09,No
1604,1.2925897852067436e-10,No
1605,1.0464696470480206e-10,No
1606,0.9999990463256836,Yes
1607,0.14055362343788147,No
1608,1.6760888510436445e-10,No
1609,1.4979667506409555e-10,No
1610,0.9804598689079285,Yes
1611,1.3530969678043903e-09,No
1612,2.9354677022475073e-10,No
1613,7.068954310796016e-09,No
1614,0.8646537065505981,Yes
1615,0.9998880624771118,Yes
1616,1.0464057398351656e-10,No
1617,1.418749562276389e-10,No
1618,1.0,Yes
1619,0.07460185140371323,No
1620,2.173054403087349e-09,No
1621,3.321648234244634e-10,No
1622,2.5007779180796774e-10,No
1623,8.46787429509277e-07,No
1624,1.100974102996588e-07,No
1625,8.554267765248369e-07,No
1626,0.05310789868235588,No
1627,2.6109519239980727e-06,No
1628,5.868523000884807e-09,No
1629,2.1391673155068958e-10,No
1630,0.00020385878451634198,No
1631,3.294764994166144e-08,No
1632,1.6406508096533656e-10,No
1633,1.258876336507342e-10,No
1634,1.3546094801419883e-10,No
1635,2.5053228935867367e-10,No
1636,1.577031144561758e-10,No
1637,1.3924740527304635e-10,No
1638,0.0083893658593297,No
1639,0.9999895095825195,Yes
1640,1.0,Yes
1641,0.9990137219429016,Yes
1642,3.139617177350118e-10,No
1643,2.621457773077651e-10,No
1644,1.0,Yes
1645,0.9999998807907104,Yes
1646,3.1778440989782553e-10,No
1647,4.957489418977445e-10,No
1648,0.9999997615814209,Yes
1649,0.9999982118606567,Yes
1650,7.367526033696947e-11,No
1651,7.916799160678778e-11,No
1652,0.9999986886978149,Yes
1653,0.9999998807907104,Yes
1654,2.0804906408766755e-10,No
1655,3.88540782880753e-10,No
1656,0.9999998807907104,Yes
1657,0.9999997615814209,Yes
1658,1.5714524126408946e-10,No
1659,3.166106543606162e-10,No
1660,0.9998096227645874,Yes
1661,1.995258207898587e-05,No
1662,3.1710323256106676e-10,No
1663,7.389990841488725e-10,No
1664,0.9999996423721313,Yes
1665,1.0,Yes
1666,3.764303091458032e-09,No
1667,3.4605041054902586e-09,No
1668,0.931415319442749,Yes
1669,0.9823749661445618,Yes
1670,1.534690374782599e-09,No
1671,1.786745640330878e-09,No
1672,0.9999955296516418,Yes
1673,0.12332725524902344,No
1674,2.801758824944045e-10,No
1675,1.7546006314539397e-10,No
1676,0.9999995231628418,Yes
1677,0.0021677466575056314,No
1678,5.244608081156343e-10,No
1679,2.923103148422257e-10,No
1680,1.0,Yes
1681,0.9999998807907104,Yes
1682,1.6160932314601695e-10,No
1683,4.3525874571237466e-10,No
1684,1.0,Yes
1685,1.0,Yes
1686,2.394771603242418e-10,No
1687,4.688511801020923e-10,No
1688,0.9999950528144836,Yes
1689,0.9999992847442627,Yes
1690,1.995441312185875e-10,No
1691,2.571357293756904e-10,No
1692,1.0,Yes
1693,1.0,Yes
1694,1.8800901113724677e-10,No
1695,3.150745220281692e-10,No
1696,0.9999998807907104,Yes
1697,1.0,Yes
1698,4.088284710768164e-10,No
1699,1.1151451984048322e-10,No
1700,6.1471523622458335e-06,No
1701,7.029172411421314e-05,No
1702,6.632335236567144e-10,No
1703,4.310987677946798e-10,No
1704,0.9999961256980896,Yes
1705,0.999997615814209,Yes
1706,2.6558226728923273e-09,No
1707,1.0707440623036746e-07,No
1708,7.634995199623518e-06,No
1709,1.8645202999323374e-06,No
1710,2.5935320557834984e-10,No
1711,2.816493149815358e-10,No
1712,1.2791552990165656e-06,No
1713,1.3935135712017654e-06,No
1714,1.6010412440259358e-10,No
1715,2.4771978912596637e-10,No
1716,1.0,Yes
1717,1.0,Yes
1718,1.0588313559267704e-10,No
1719,1.7813173158742757e-10,No
1720,2.0219881324834432e-10,No
1721,2.1198943989109154e-10,No
1722,0.9963088631629944,Yes
1723,1.0,Yes
1724,1.4038128992588383e-10,No
1725,2.0063178896023715e-10,No
1726,0.7864499092102051,Yes
1727,1.0,Yes
1728,2.36580643964146e-10,No
1729,1.6853693440843642e-10,No
1730,0.9999990463256836,Yes
1731,0.9840437173843384,Yes
1732,2.0242416076676761e-10,No
1733,1.3717017799397269e-10,No
1734,0.9999690055847168,Yes
1735,1.0,Yes
1736,2.725676628845264e-10,No
1737,1.8940553292434714e-10,No
1738,1.0,Yes
1739,1.0,Yes
1740,1.4498721156996908e-07,No
1741,9.19653631026307e-10,No
1742,2.689162503788367e-10,No
1743,3.752205157070421e-05,No
1744,1.9127435280097416e-07,No
1745,6.311576594697499e-09,No
1746,6.347804446704686e-05,No
1747,2.0190842775491546e-08,No
1748,3.238445067665907e-10,No
1749,5.116173595887119e-10,No
1750,6.99851787633321e-10,No
1751,7.118660660943021e-10,No
1752,1.1915278486096526e-10,No
1753,1.4840545459193777e-10,No
1754,2.9541771806584904e-10,No
1755,0.9999911785125732,Yes
1756,7.84647624652024e-11,No
1757,2.714014846194601e-10,No
1758,2.54314702630154e-09,No
1759,1.3299235206432058e-06,No
1760,0.9999982118606567,Yes
1761,1.0,Yes
1762,1.0368891162348959e-10,No
1763,1.21578205836137e-10,No
1764,0.9999995231628418,Yes
1765,1.0,Yes
1766,1.8379149591130073e-10,No
1767,3.211441945705218e-10,No
1768,0.9999994039535522,Yes
1769,0.9999992847442627,Yes
1770,6.441384231559155e-11,No
1771,2.024948403400728e-10,No
1772,1.0,Yes
1773,0.9999998807907104,Yes
1774,3.919528035467579e-10,No
1775,2.921052288940018e-10,No
1776,0.9999992847442627,Yes
1777,1.0,Yes
1778,1.8246663902043991e-10,No
1779,2.3217341937886715e-10,No
1780,5.015888382331468e-05,No
1781,1.0115678605870926e-07,No
1782,4.1850284349109756e-10,No
1783,3.736467801829235e-10,No
1784,0.9999998807907104,Yes
1785,1.0,Yes
1786,8.323228328777077e-09,No
1787,5.58927260030373e-09,No
1788,1.2585219337779563e-06,No
1789,1.1123040621896507e-06,No
1790,4.597555669505482e-10,No
1791,1.1773233499212665e-09,No
1792,0.8026286363601685,Yes
1793,0.9999997615814209,Yes
1794,1.8680013091909586e-10,No
1795,3.1952449019989615e-10,No
1796,0.9999998807907104,Yes
1797,0.999808669090271,Yes
1798,1.0175750519980653e-10,No
1799,2.1192193833119433e-10,No
1800,1.2032725926758303e-08,No
1801,8.561359260417234e-11,No
1802,1.9874202283887143e-09,No
1803,1.0,Yes
1804,2.7447655259749126e-10,No
1805,3.494411870974545e-08,No
1806,1.0,Yes
1807,0.03785225749015808,No
1808,1.235665320065138e-10,No
1809,7.122799572378824e-11,No
1810,0.9918196201324463,Yes
1811,1.3476373794674146e-08,No
1812,2.1939056127351364e-10,No
1813,1.1482505918314345e-10,No
1814,0.0008370755822397768,No
1815,0.9968919157981873,Yes
1816,1.0088131024987845e-10,No
1817,6.982021905077573e-11,No
1818,1.0,Yes
1819,0.00010652440687408671,No
1820,4.1967385122632095e-10,No
1821,1.7262420659580613e-10,No
1822,8.960994724027671e-10,No
1823,1.3927085040776888e-09,No
1824,3.3881994454532105e-07,No
1825,1.3754043459712761e-09,No
1826,5.808023395559303e-09,No
1827,3.856087360532001e-08,No
1828,1.48592679827253e-10,No
1829,2.8370530369414837e-09,No
1830,1.7935228697751882e-06,No
1831,1.639451875234954e-05,No
1832,4.075180470852757e-11,No
1833,2.042687824443945e-10,No
1834,2.0507295861449393e-10,No
1835,1.1800992127941612e-10,No
1836,2.562553780283139e-10,No
1837,2.1899256019697333e-10,No
1838,1.0,Yes
1839,0.0006485676276497543,No
1840,1.556700462979066e-10,No
1841,6.472558045089727e-10,No
1842,1.0,Yes
1843,3.776634560637149e-10,No
1844,1.7215498471223611e-10,No
1845,3.376518786790683e-10,No
1846,0.9999980926513672,Yes
1847,0.9925854206085205,Yes
1848,0.0006408233311958611,No
1849,1.0920506166023358e-10,No
1850,2.5906921052865073e-08,No
1851,5.588598472883177e-10,No
1852,1.3465928372369262e-10,No
1853,2.6201230074462956e-10,No
1854,1.0,Yes
1855,1.0,Yes
1856,2.345260929903503e-10,No
1857,1.657652348718841e-10,No
1858,1.0,Yes
1859,0.9884982109069824,Yes
1860,3.21954379822742e-10,No
1861,3.010737215092263e-10,No
1862,5.443233021651395e-06,No
1863,0.01902802847325802,No
1864,2.280208263982786e-06,No
1865,7.384657862985478e-08,No
1866,0.0018482324667274952,No
1867,0.3953219950199127,No
1868,5.796145785552653e-10,No
1869,3.1207628148344213e-10,No
1870,5.279978121386364e-10,No
1871,3.70002588567786e-08,No
1872,7.460473905318565e-11,No
1873,7.939360974207332e-11,No
1874,0.9999974966049194,Yes
1875,6.83948897517439e-10,No
1876,2.237061369481097e-10,No
1877,6.297272425737077e-11,No
1878,1.0,Yes
1879,7.960821446495459e-10,No
1880,0.000699763186275959,No
1881,0.9999992847442627,Yes
1882,3.972164819288082e-10,No
1883,2.987153580047419e-10,No
1884,0.9948345422744751,Yes
1885,0.0009173121070489287,No
1886,5.651283885299563e-10,No
1887,4.4483422501073733e-10,No
1888,0.9999997615814209,Yes
1889,0.9999805688858032,Yes
1890,1.0668550071146754e-10,No
1891,8.487203301266177e-11,No
1892,0.9999998807907104,Yes
1893,0.9999936819076538,Yes
1894,4.043268497788688e-10,No
1895,5.470990327438585e-10,No
1896,0.9999988079071045,Yes
1897,0.9999997615814209,Yes
1898,1.5340780035177914e-10,No
1899,1.3692812161902879e-10,No
1900,0.9999094605445862,Yes
1901,9.744662321509168e-08,No
1902,3.484073030080026e-10,No
1903,7.721089323453612e-10,No
1904,1.0,Yes
1905,1.0,Yes
1906,3.425698391623655e-09,No
1907,1.5877887893367415e-09,No
1908,0.959845244884491,Yes
1909,0.9667069315910339,Yes
1910,2.557535738745287e-09,No
1911,4.175805035089297e-09,No
1912,0.9936078786849976,Yes
1913,0.9999931454658508,Yes
1914,2.689860278959344e-10,No
1915,4.5799983250383036e-10,No
1916,0.9999997615814209,Yes
1917,4.826286499337584e-07,No
1918,2.3283242001070903e-10,No
1919,2.7392690893357496e-10,No
1920,0.9999997615814209,Yes
1921,0.9999998807907104,Yes
1922,4.885604143467503e-10,No
1923,4.818444532261879e-10,No
1924,1.0,Yes
1925,1.0,Yes
1926,3.0683683371890424e-10,No
1927,1.7346418745844971e-10,No
1928,0.9999314546585083,Yes
1929,0.24539710581302643,No
1930,4.5471743037595047e-10,No
1931,4.86394924337219e-10,No
1932,1.0,Yes
1933,1.0,Yes
1934,3.293316730434981e-10,No
1935,3.012793625689625e-10,No
1936,1.0,Yes
1937,0.9999996423721313,Yes
1938,1.954906098111664e-10,No
1939,1.9885339208602915e-10,No
1940,5.1041809001617366e-08,No
1941,0.9234867095947266,Yes
1942,2.9319816019501843e-10,No
1943,4.030310252201019e-10,No
1944,0.9978907704353333,Yes
1945,0.25334256887435913,No
1946,1.1977878688895771e-09,No
1947,1.4394139213891322e-09,No
1948,7.44598338542346e-08,No
1949,8.797372288427141e-07,No
1950,2.809067978226665e-10,No
1951,2.9257751776867735e-10,No
1952,0.9999979734420776,Yes
1953,0.9999998807907104,Yes
1954,1.407571975642341e-10,No
1955,3.9621692038416256e-10,No
1956,0.9981042146682739,Yes
1957,3.438249223108869e-07,No
1958,1.6222079235461706e-10,No
1959,2.11972869812449e-10,No
1960,0.9424802660942078,Yes
1961,1.0,Yes
1962,1.8965135017978696e-10,No
1963,2.3675261751066046e-10,No
1964,1.0,Yes
1965,1.0,Yes
1966,3.174590590404591e-10,No
1967,2.9891256136949096e-10,No
1968,0.7999714612960815,Yes
1969,0.9999910593032837,Yes
1970,4.05565747652048e-10,No
1971,3.9684541763840286e-10,No
1972,1.0,Yes
1973,1.0,Yes
1974,3.1013236423405033e-10,No
1975,3.5553662791620866e-10,No
1976,0.9999952912330627,Yes
1977,0.9999995231628418,Yes
1978,2.997140868821191e-10,No
1979,2.645805241563437e-10,No
1980,1.9209660706565046e-07,No
1981,0.9988608956336975,Yes
1982,2.168209362052309e-10,No
1983,2.209539912145786e-10,No
1984,0.9999951720237732,Yes
1985,0.9999632239341736,Yes
1986,1.0104909131669615e-09,No
1987,7.935519463764251e-10,No
1988,7.191775353021512e-07,No
1989,1.1977607528024237e-06,No
1990,3.187076436095282e-10,No
1991,3.112891611145585e-10,No
1992,5.439437131826708e-07,No
1993,0.9999997615814209,Yes
1994,4.0687750391121824e-10,No
1995,2.92592561290661e-10,No
1996,9.06651621335186e-05,No
1997,1.0470555480424082e-06,No
1998,1.8816577462832385e-10,No
1999,1.4595312458620668e-10,No
2000,1.8177918892359202e-10,No
2001,2.567563939237516e-10,No
2002,2.3720674846572365e-07,No
2003,1.653929548872668e-09,No
2004,3.039998808240796e-10,No
2005,1.0793299587419369e-10,No
2006,1.0,Yes
2007,1.0,Yes
2008,2.1294867258436767e-10,No
2009,2.1832109731168003e-10,No
2010,0.987337589263916,Yes
2011,0.9995152354240417,Yes
2012,8.420030644940013e-11,No
2013,2.034751256374534e-10,No
2014,0.1321488320827484,No
2015,1.0,Yes
2016,1.3691062172860313e-10,No
2017,7.655609479684244e-11,No
2018,1.0,Yes
2019,1.0,Yes
2020,1.853049091948833e-08,No
2021,2.9823771230397256e-10,No
2022,2.4512005438737106e-06,No
2023,2.0613266649149864e-09,No
2024,2.2098234353506996e-09,No
2025,2.662893239246955e-09,No
2026,4.386869978389996e-09,No
2027,8.332047229941963e-08,No
2028,3.769576206735792e-09,No
2029,2.2068078475712127e-09,No
2030,3.6092134836351875e-10,No
2031,4.4553219447074355e-10,No
2032,1.1571681113320409e-10,No
2033,1.0042171261215316e-10,No
2034,0.9999994039535522,Yes
2035,7.947088126458723e-11,No
2036,4.4298503754092167e-10,No
2037,1.2231972379428413e-10,No
2038,1.2875669597178785e-07,No
2039,0.9999997615814209,Yes
2040,1.7133212903974737e-10,No
2041,1.1423328949433653e-10,No
2042,0.9999976754188538,Yes
2043,1.0,Yes
2044,0.00011436290515121073,No
2045,8.290695907575696e-10,No
2046,0.9999998807907104,Yes
2047,0.9946100115776062,Yes
2048,1.4664963687849308e-10,No
2049,1.185579273643711e-10,No
2050,0.9950973391532898,Yes
2051,0.9999935030937195,Yes
2052,2.6130211883135246e-10,No
2053,1.6795290158633236e-10,No
2054,0.9999998807907104,Yes
2055,0.9999995231628418,Yes
2056,2.3528373693793014e-10,No
2057,8.694837211331574e-11,No
2058,1.0,Yes
2059,0.9999994039535522,Yes
2060,4.3623553658278524e-09,No
2061,9.397116418341511e-10,No
2062,2.418175659713029e-10,No
2063,4.199181002917385e-10,No
2064,2.159370238175029e-09,No
2065,3.4342750865334892e-09,No
2066,1.4830789929476396e-09,No
2067,0.008628076873719692,No
2068,1.6000681890560031e-09,No
2069,1.0312232179288117e-09,No
2070,8.113051341851474e-10,No
2071,5.141667647201587e-10,No
2072,5.2099193015298084e-11,No
2073,1.7781469352495805e-10,No
2074,2.187124209740432e-06,No
2075,1.19118936936502e-10,No
2076,7.580300970255749e-11,No
2077,5.310730327723334e-11,No
2078,0.9999997615814209,Yes
2079,1.7961044873615606e-09,No
2080,0.9998785257339478,Yes
2081,0.9999984502792358,Yes
2082,2.6534210939566094e-10,No
2083,1.6039264361111805e-10,No
2084,0.9999998807907104,Yes
2085,0.9999962449073792,Yes
2086,3.3928454490350646e-10,No
2087,2.484110694922492e-10,No
2088,0.9757558107376099,Yes
2089,0.7896762490272522,Yes
2090,9.395857009097952e-11,No
2091,9.618306845426972e-11,No
2092,1.0,Yes
2093,0.9999951720237732,Yes
2094,3.2752067724572953e-10,No
2095,4.858524693673871e-10,No
2096,0.9998178482055664,Yes
2097,0.9881107807159424,Yes
2098,2.7536167790387367e-10,No
2099,2.521045594505722e-10,No
2100,0.009928840212523937,No
2101,0.9877481460571289,Yes
2102,4.3524631121449886e-10,No
2103,9.903434738944839e-10,No
2104,0.9996356964111328,Yes
2105,0.9999996423721313,Yes
2106,1.4810099813189481e-09,No
2107,1.7795397155850878e-08,No
2108,7.340520369325532e-08,No
2109,4.2013883927438656e-08,No
2110,4.447224810633088e-09,No
2111,7.41311512175713e-10,No
2112,0.9998834729194641,Yes
2113,0.0002167175553040579,No
2114,2.0435333980550752e-10,No
2115,2.495793571810623e-10,No
2116,0.9999995231628418,Yes
2117,1.0,Yes
2118,1.181851699838532e-10,No
2119,2.875551741166049e-10,No
2120,0.9994384050369263,Yes
2121,0.5824372172355652,Yes
2122,2.4442967094806534e-10,No
2123,2.657259967620007e-10,No
2124,1.0,Yes
2125,1.0,Yes
2126,2.8579125177508047e-10,No
2127,5.181460260850201e-10,No
2128,0.9999995231628418,Yes
2129,0.9999998807907104,Yes
2130,1.0602824174199554e-10,No
2131,2.6184443502330623e-10,No
2132,1.0,Yes
2133,1.0,Yes
2134,2.1803853167412512e-10,No
2135,2.3794369252705394e-10,No
2136,1.0,Yes
2137,1.0,Yes
2138,1.7816299824335857e-10,No
2139,1.2232159729563818e-10,No
2140,1.3090105888124981e-08,No
2141,0.0007542201783508062,No
2142,2.344308358548375e-10,No
2143,3.0725966215783274e-10,No
2144,0.9999750256538391,Yes
2145,0.9677473306655884,Yes
2146,3.704543338756139e-09,No
2147,4.139177445239284e-09,No
2148,1.347140823781956e-06,No
2149,7.513721129726036e-07,No
2150,4.0613781782106173e-10,No
2151,5.018069848539142e-10,No
2152,0.0004971313173882663,No
2153,0.991469144821167,Yes
2154,1.52487994453665e-10,No
2155,2.4956364752526383e-10,No
2156,0.9999964237213135,Yes
2157,8.030536946534994e-07,No
2158,2.2527926746285232e-10,No
2159,2.77141060101016e-10,No
2160,0.20592425763607025,No
2161,0.00012745436106342822,No
2162,6.91357970872275e-10,No
2163,5.47569878328602e-10,No
2164,0.9999927282333374,Yes
2165,1.0,Yes
2166,8.297403319978969e-10,No
2167,3.6244526824269485e-10,No
2168,0.14115141332149506,No
2169,0.0009170255507342517,No
2170,2.7911659095103403e-10,No
2171,5.627877053271391e-10,No
2172,0.9999998807907104,Yes
2173,0.9999991655349731,Yes
2174,3.0912952753148204e-10,No
2175,3.6212116638623115e-10,No
2176,0.9999977946281433,Yes
2177,0.9999631643295288,Yes
2178,2.5479621190704904e-10,No
2179,5.038805483970066e-10,No
2180,8.115198579616845e-05,No
2181,1.0783065590658225e-05,No
2182,9.122932409511009e-10,No
2183,4.471471526379389e-10,No
2184,0.9983824491500854,Yes
2185,0.9999863505363464,Yes
2186,4.5318923613812956e-10,No
2187,6.564356169747043e-08,No
2188,3.6257212343571155e-08,No
2189,1.784692749140504e-08,No
2190,5.684364090541294e-10,No
2191,5.353805176966375e-10,No
2192,1.619982592515612e-09,No
2193,5.09844994667219e-07,No
2194,1.9656778982302114e-10,No
2195,2.2873264393652448e-10,No
2196,0.0035026243422180414,No
2197,5.202537067816593e-06,No
2198,1.2556580775147097e-10,No
2199,4.960232224959782e-10,No
2200,1.846904157387641e-10,No
2201,9.868716260852395e-11,No
2202,0.9740813970565796,Yes
2203,0.9999996423721313,Yes
2204,1.8242323207573463e-09,No
2205,2.0849835746794554e-10,No
2206,1.8234922904980522e-08,No
2207,1.0,Yes
2208,2.0044704784893952e-10,No
2209,1.336602911683471e-10,No
2210,0.975074052810669,Yes
2211,0.9999170303344727,Yes
2212,3.196762576873624e-10,No
2213,2.7633928478820735e-10,No
2214,0.8895487189292908,Yes
2215,0.7730584740638733,Yes
2216,2.0308740800167868e-10,No
2217,1.3663643827488414e-10,No
2218,0.9999998807907104,Yes
2219,0.9991893768310547,Yes
2220,1.900479551508738e-09,No
2221,3.07258014800027e-05,No
2222,2.354592631981234e-10,No
2223,4.3186001996708967e-10,No
2224,5.782512246810256e-09,No
2225,3.1622079954551907e-10,No
2226,6.82061945553869e-05,No
2227,0.9731459617614746,Yes
2228,2.6752627890758163e-10,No
2229,3.8119729595109675e-10,No
2230,1.6723989304523457e-08,No
2231,1.9264516026851197e-07,No
2232,7.131323309650384e-11,No
2233,5.952797976771507e-11,No
2234,3.5051239688499436e-09,No
2235,0.9999998807907104,Yes
2236,8.281240970742232e-11,No
2237,8.175821131217731e-11,No
2238,0.9999955296516418,Yes
2239,0.9999997615814209,Yes
2240,0.9962772130966187,Yes
2241,0.7965924143791199,Yes
2242,2.6647056783346557e-10,No
2243,3.5250546925880144e-10,No
2244,1.0,Yes
2245,1.0,Yes
2246,5.367761790608938e-10,No
2247,6.320174383844801e-10,No
2248,0.9999824166297913,Yes
2249,0.9990909695625305,Yes
2250,1.9705843901096642e-10,No
2251,2.413355904007375e-10,No
2252,1.0,Yes
2253,1.0,Yes
2254,2.6668717234556993e-10,No
2255,3.1393657118350404e-10,No
2256,1.0,Yes
2257,0.9999998807907104,Yes
2258,5.500423450044423e-10,No
2259,2.4637308859709606e-10,No
2260,0.00011546791211003438,No
2261,0.00036476593231782317,No
2262,2.8149589326176283e-09,No
2263,1.0404773709282722e-09,No
2264,0.9999998807907104,Yes
2265,0.8689658045768738,Yes
2266,7.024609227634926e-10,No
2267,4.041019519007705e-09,No
2268,3.710935288836481e-06,No
2269,1.5876041743467795e-06,No
2270,2.347315120054816e-10,No
2271,5.390076163180879e-10,No
2272,1.9127035955079918e-07,No
2273,0.5440898537635803,Yes
2274,2.3486856903787157e-10,No
2275,1.38831571239173e-10,No
2276,0.25682324171066284,No
2277,1.6013077583920676e-06,No
2278,1.4276124726819717e-10,No
2279,2.67008359866594e-10,No
2280,1.3688503108788552e-10,No
2281,1.4157598704489516e-10,No
2282,2.4531441322750425e-09,No
2283,6.160017496092962e-10,No
2284,1.3054687886260297e-10,No
2285,1.0701034502957896e-10,No
2286,0.9999897480010986,Yes
2287,1.0194526112172753e-08,No
2288,1.4963846828308647e-10,No
2289,1.401776889009554e-10,No
2290,0.08779605478048325,No
2291,0.9998034238815308,Yes
2292,2.3171553564793612e-10,No
2293,1.6147928827425773e-10,No
2294,1.0,Yes
2295,0.9368816018104553,Yes
2296,3.340295262610482e-10,No
2297,2.84497925218119e-10,No
2298,0.9998622536659241,Yes
2299,8.170202931978565e-07,No
2300,6.49479359182692e-10,No
2301,3.7104816441591026e-10,No
2302,2.7958227399871305e-10,No
2303,1.2664330029110715e-07,No
2304,7.421129311069308e-08,No
2305,5.8470708275137895e-09,No
2306,3.2849747366725524e-09,No
2307,1.3861276784155052e-05,No
2308,5.425941362879882e-10,No
2309,2.090368100837736e-09,No
2310,0.0033442892599850893,No
2311,0.00013420805044006556,No
2312,1.2909093238810954e-10,No
2313,1.2171579022446366e-10,No
2314,0.013152279891073704,No
2315,1.4462582242913413e-09,No
2316,1.7296827858892527e-10,No
2317,3.6634500988341756e-10,No
2318,3.1473110784219216e-09,No
2319,0.9999722838401794,Yes
2320,1.7932282048160886e-10,No
2321,4.5544396032326517e-10,No
2322,1.668604099336335e-08,No
2323,1.0,Yes
2324,2.7098509547407446e-10,No
2325,3.1736160921447265e-10,No
2326,1.0,Yes
2327,1.0,Yes
2328,3.475411625153413e-10,No
2329,7.620485492632056e-11,No
2330,0.042359236627817154,No
2331,0.999610424041748,Yes
2332,1.222084794472167e-10,No
2333,1.160556650781075e-10,No
2334,1.0,Yes
2335,1.0,Yes
2336,2.5184837548763994e-10,No
2337,1.6490808718572225e-10,No
2338,0.9999998807907104,Yes
2339,0.9999990463256836,Yes
2340,7.310968186402533e-08,No
2341,2.1404103378586115e-08,No
2342,4.1251624338656256e-10,No
2343,5.759866472665465e-10,No
2344,3.1725524429759844e-09,No
2345,1.3497415629615261e-08,No
2346,8.116278138459165e-08,No
2347,6.880068212922197e-06,No
2348,2.1735589716964654e-10,No
2349,2.2353295603405599e-10,No
2350,1.8782380095672124e-09,No
2351,1.2397671333985727e-08,No
2352,8.17239123596103e-11,No
2353,1.3579855295819954e-10,No
2354,2.0890118801464297e-10,No
2355,2.0751919627137738e-10,No
2356,9.969364223039179e-11,No
2357,1.1369226393664889e-10,No
2358,2.1727494470269448e-07,No
2359,1.0,Yes
2360,9.581831855731693e-11,No
2361,2.1181970066841416e-10,No
2362,0.9999997615814209,Yes
2363,1.5580452839003556e-07,No
2364,1.1130018018334908e-09,No
2365,2.4913966001349763e-08,No
2366,1.0,Yes
2367,1.0,Yes
2368,1.5497916838747017e-10,No
2369,1.047214398530727e-10,No
2370,0.9999952912330627,Yes
2371,0.9991622567176819,Yes
2372,1.729399123906461e-10,No
2373,8.593276784596426e-11,No
2374,1.0,Yes
2375,1.0,Yes
2376,1.893358247961885e-10,No
2377,1.1297351942829437e-10,No
2378,0.9999995231628418,Yes
2379,1.0,Yes
2380,7.823659498029656e-10,No
2381,4.874480818983784e-10,No
2382,2.3282842320782038e-10,No
2383,0.00014032587932888418,No
2384,7.188715400729961e-09,No
2385,9.193519834305164e-10,No
2386,6.359077264761481e-09,No
2387,1.1418090473114262e-08,No
2388,2.1153141738228243e-10,No
2389,1.8713891547506023e-10,No
2390,7.013738478889309e-10,No
2391,2.0225177088661894e-09,No
2392,4.723749863488891e-11,No
2393,3.635701809057146e-11,No
2394,1.9645610138674385e-10,No
2395,1.186029940924982e-09,No
2396,5.543138170693851e-11,No
2397,5.620183138321799e-11,No
2398,0.9999998807907104,Yes
2399,0.9999991655349731,Yes
2400,2.765871143228793e-10,No
2401,2.8596192080954097e-10,No
2402,0.6087249517440796,Yes
2403,7.508232258146563e-09,No
2404,8.782357480141556e-11,No
2405,8.019949981896701e-11,No
2406,0.9999985694885254,Yes
2407,0.00972187239676714,No
2408,2.631441453626593e-10,No
2409,1.3944062571269455e-10,No
2410,0.3223384618759155,No
2411,2.8157602471878818e-08,No
2412,6.083503700793358e-10,No
2413,2.8001523322274124e-09,No
2414,0.8302755951881409,Yes
2415,0.9352876543998718,Yes
2416,3.138808657432435e-10,No
2417,2.027143314320412e-10,No
2418,0.9999983310699463,Yes
2419,0.23231351375579834,No
2420,1.2742896737805154e-09,No
2421,3.685133309616617e-10,No
2422,5.239298994652586e-10,No
2423,6.110998947406188e-05,No
2424,1.3572099888392586e-08,No
2425,4.0985483451549953e-08,No
2426,0.013298642821609974,No
2427,0.001060645328834653,No
2428,3.105758761279276e-09,No
2429,2.249490871353288e-10,No
2430,0.00460344972088933,No
2431,1.713928554636368e-07,No
2432,2.368519824713644e-10,No
2433,1.6644829958778473e-10,No
2434,7.879970009838644e-10,No
2435,3.41803418901776e-10,No
2436,1.6127522928233162e-10,No
2437,3.3070263194545646e-10,No
2438,0.13683800399303436,No
2439,0.99998539686203,Yes
2440,0.9999997615814209,Yes
2441,0.4884187579154968,No
2442,4.5527023817548695e-10,No
2443,4.809859732723964e-10,No
2444,0.9999998807907104,Yes
2445,0.9999995231628418,Yes
2446,3.077341437229819e-10,No
2447,5.043594430986786e-10,No
2448,0.9999988079071045,Yes
2449,0.99989914894104,Yes
2450,9.721295296527543e-11,No
2451,1.1114589110183815e-10,No
2452,0.9999982118606567,Yes
2453,0.9999991655349731,Yes
2454,5.718968076884323e-10,No
2455,5.055884044757875e-10,No
2456,0.9999998807907104,Yes
2457,0.9999996423721313,Yes
2458,1.5532689023878277e-10,No
2459,1.3659501307827782e-10,No
2460,0.9999932050704956,Yes
2461,0.0006562427151948214,No
2462,7.937547841230241e-10,No
2463,9.884676410720772e-10,No
2464,0.9999998807907104,Yes
2465,1.0,Yes
2466,4.290367616732738e-09,No
2467,5.8265867686202455e-09,No
2468,0.9978191256523132,Yes
2469,0.9988753199577332,Yes
2470,1.9594987854532064e-09,No
2471,1.8361220321949645e-09,No
2472,0.9999954104423523,Yes
2473,0.8755847811698914,Yes
2474,6.466104873759093e-10,No
2475,3.234772172344691e-10,No
2476,0.9999998807907104,Yes
2477,0.0639893114566803,No
2478,1.930260395965888e-09,No
2479,4.127979902346368e-10,No
2480,1.0,Yes
2481,0.9999986886978149,Yes
2482,4.110412288316212e-10,No
2483,3.7775063632672357e-10,No
2484,1.0,Yes
2485,1.0,Yes
2486,1.572016128381648e-10,No
2487,4.464091873934706e-10,No
2488,0.9983404278755188,Yes
2489,0.9997499585151672,Yes
2490,2.3406579452434073e-10,No
2491,2.5166496664397187e-10,No
2492,1.0,Yes
2493,1.0,Yes
2494,2.212589278460797e-10,No
2495,2.756675443471579e-10,No
2496,1.0,Yes
2497,1.0,Yes
2498,5.775113165462642e-10,No
2499,8.823678593339324e-11,No
2500,9.955595305655152e-05,No
2501,0.0002928896283265203,No
2502,5.283362636276934e-10,No
2503,3.6238786971232173e-10,No
2504,0.9999924898147583,Yes
2505,0.9999979734420776,Yes
2506,6.258220608401643e-09,No
2507,9.89941728590793e-09,No
2508,4.644922955776565e-05,No
2509,1.618397959646245e-06,No
2510,4.1276257412015127e-10,No
2511,2.1402202232678746e-10,No
2512,0.5451561212539673,Yes
2513,4.232993887853809e-06,No
2514,2.8347740821388356e-10,No
2515,2.784221742047066e-10,No
2516,1.0,Yes
2517,1.0,Yes
2518,7.803640372783249e-11,No
2519,7.565235937700976e-11,No
2520,2.584589209320143e-10,No
2521,3.0128569084020285e-10,No
2522,0.9999676942825317,Yes
2523,0.9999998807907104,Yes
2524,1.2729893528184988e-10,No
2525,2.01545405364989e-10,No
2526,0.37039172649383545,No
2527,0.9999994039535522,Yes
2528,3.8959679926620083e-10,No
2529,2.0742342565771565e-10,No
2530,0.9999762177467346,Yes
2531,0.862912654876709,Yes
2532,3.2222899348788303e-10,No
2533,1.8208873298064532e-10,No
2534,0.9999808073043823,Yes
2535,1.0,Yes
2536,4.1450773369255955e-10,No
2537,2.1013002449166152e-10,No
2538,1.0,Yes
2539,0.9999998807907104,Yes
2540,4.746163284607974e-08,No
2541,1.4209764476191822e-09,No
2542,2.723545833305252e-10,No
2543,0.00023309249081648886,No
2544,6.513582206935098e-08,No
2545,1.9102699422290925e-09,No
2546,0.013390506617724895,No
2547,4.904609340883326e-08,No
2548,2.433342416452433e-10,No
2549,6.926264006779093e-10,No
2550,1.9947952178966943e-09,No
2551,1.7510642935647525e-09,No
2552,1.2038590957441642e-10,No
2553,2.4480525939729603e-10,No
2554,4.18666701307302e-09,No
2555,0.9999995231628418,Yes
2556,8.065079853958323e-11,No
2557,2.231312773437466e-10,No
2558,1.6601066477051063e-07,No
2559,0.01736264117062092,No
2560,0.9971510767936707,Yes
2561,1.0,Yes
2562,1.229193830054598e-10,No
2563,1.8232713949739576e-10,No
2564,0.9999842643737793,Yes
2565,1.0,Yes
2566,1.9854905219940377e-10,No
2567,2.8844726607246685e-10,No
2568,0.999987006187439,Yes
2569,0.9994565844535828,Yes
2570,9.3934200695589e-11,No
2571,2.0047571935855046e-10,No
2572,1.0,Yes
2573,0.9999892115592957,Yes
2574,3.356523392561428e-10,No
2575,2.585373026775528e-10,No
2576,0.9999772906303406,Yes
2577,1.0,Yes
2578,1.3007785126806226e-10,No
2579,1.5713266798833558e-10,No
2580,0.0003516983415465802,No
2581,4.932001615998161e-07,No
2582,2.331817239298317e-10,No
2583,3.3871874749458186e-10,No
2584,0.9999998807907104,Yes
2585,0.9999998807907104,Yes
2586,1.1955950007802585e-08,No
2587,2.8407567409516332e-09,No
2588,1.4257765315051074e-06,No
2589,2.051487228982296e-07,No
2590,4.776581352672338e-10,No
2591,6.775541239179006e-10,No
2592,0.46125471591949463,No
2593,0.9999364018440247,Yes
2594,4.176312906611912e-10,No
2595,8.690662633981106e-10,No
2596,1.0,Yes
2597,0.9838234782218933,Yes
2598,8.299789328036766e-11,No
2599,1.5706673461846066e-10,No
2600,8.12767719793328e-09,No
2601,1.3132681053740214e-10,No
2602,3.999283570976786e-09,No
2603,0.9936926960945129,Yes
2604,1.9703023934614095e-10,No
2605,1.008405803304413e-09,No
2606,0.9999997615814209,Yes
2607,0.05604330822825432,No
2608,2.4933763387302577e-10,No
2609,9.463121952713038e-11,No
2610,0.015092462301254272,No
2611,1.3112401120451977e-07,No
2612,2.791282760483682e-10,No
2613,2.2583943048992694e-10,No
2614,0.05024337396025658,No
2615,0.9990986585617065,Yes
2616,3.618829680362978e-10,No
2617,1.8795236200741527e-10,No
2618,1.0,Yes
2619,0.09012239426374435,No
2620,2.479084937334619e-09,No
2621,2.4748036953070596e-10,No
2622,4.9530211043702366e-09,No
2623,5.233149469319187e-09,No
2624,7.953119052217517e-08,No
2625,5.623424503831131e-10,No
2626,1.714601260971449e-08,No
2627,7.7633153239276e-08,No
2628,2.34692126843683e-10,No
2629,2.0838952785595666e-09,No
2630,0.00011759423796320334,No
2631,0.0012783088022843003,No
2632,5.7683725851465084e-11,No
2633,4.0344558249749696e-10,No
2634,6.761112114617163e-09,No
2635,1.320301201701568e-09,No
2636,6.692862930535171e-10,No
2637,3.6937466973974153e-10,No
2638,0.9999998807907104,Yes
2639,0.00031394133111461997,No
2640,2.5679214310514453e-10,No
2641,1.2736555143888495e-09,No
2642,1.0,Yes
2643,7.094709264521271e-10,No
2644,1.058928292274608e-10,No
2645,6.230846949506486e-10,No
2646,0.9999653100967407,Yes
2647,0.20735009014606476,No
2648,1.5506211425986294e-08,No
2649,1.7325951784386007e-10,No
2650,3.9142656760304817e-07,No
2651,1.2844311170212563e-09,No
2652,1.6029448601795337e-10,No
2653,4.274927078995461e-10,No
2654,0.9999909400939941,Yes
2655,1.0,Yes
2656,2.1971048591584719e-10,No
2657,4.861064883954214e-10,No
2658,1.0,Yes
2659,0.9486822485923767,Yes
2660,1.838540097942598e-09,No
2661,4.4697065493259913e-10,No
2662,0.00016960162611212581,No
2663,0.0003448627539910376,No
2664,1.2349836708835937e-07,No
2665,2.091078954435943e-08,No
2666,0.0002323283551959321,No
2667,0.00855930708348751,No
2668,7.40052741310393e-10,No
2669,2.5754015586798573e-10,No
2670,7.354513664736828e-10,No
2671,1.0971232455858626e-07,No
2672,1.2678282035327726e-10,No
2673,1.8359880282758922e-10,No
2674,0.9999982118606567,Yes
2675,2.7798454649285986e-09,No
2676,2.1678495110144524e-10,No
2677,7.108996030735781e-11,No
2678,1.0,Yes
2679,3.6066349906604955e-09,No
2680,6.0023259720765054e-05,No
2681,0.9999990463256836,Yes
2682,5.848763695581738e-10,No
2683,6.577810518493266e-10,No
2684,0.8900722861289978,Yes
2685,0.5752245783805847,Yes
2686,6.327073309719822e-10,No
2687,6.924282813791649e-10,No
2688,0.9999991655349731,Yes
2689,0.9942761659622192,Yes
2690,2.291505457607812e-10,No
2691,1.4459926311882754e-10,No
2692,0.9999997615814209,Yes
2693,0.9999056458473206,Yes
2694,6.635941796062639e-10,No
2695,8.579949528630948e-10,No
2696,0.9999984502792358,Yes
2697,0.9999994039535522,Yes
2698,1.612444622267617e-10,No
2699,1.3260066655806924e-10,No
2700,0.9999988079071045,Yes
2701,1.2643877198570408e-06,No
2702,8.57698800871276e-10,No
2703,1.7136783103666176e-09,No
2704,1.0,Yes
2705,1.0,Yes
2706,3.0174591714171584e-09,No
2707,2.866708870286061e-09,No
2708,0.9974074363708496,Yes
2709,0.9455466866493225,Yes
2710,3.507083734533012e-09,No
2711,3.2263751670313923e-09,No
2712,0.9941295385360718,Yes
2713,0.9968128800392151,Yes
2714,6.294766374814742e-10,No
2715,1.063107823995324e-09,No
2716,1.0,Yes
2717,0.008535868488252163,No
2718,2.897336814911e-10,No
2719,2.6213076154135706e-10,No
2720,0.9999998807907104,Yes
2721,0.999994695186615,Yes
2722,4.390241226115421e-10,No
2723,4.839759149000145e-10,No
2724,0.9999998807907104,Yes
2725,1.0,Yes
2726,2.5907637146715956e-10,No
2727,1.591435594416879e-10,No
2728,0.9966168403625488,Yes
2729,0.0003393108199816197,No
2730,2.8829436060640035e-10,No
2731,3.460561837087539e-10,No
2732,0.9999998807907104,Yes
2733,1.0,Yes
2734,2.7081301090525756e-10,No
2735,2.918173480637165e-10,No
2736,1.0,Yes
2737,0.9999990463256836,Yes
2738,2.5555399463250694e-10,No
2739,1.0816503942523426e-10,No
2740,4.639057920030609e-07,No
2741,0.9962484836578369,Yes
2742,1.3364481743494139e-09,No
2743,1.2764035384194017e-09,No
2744,0.9997484683990479,Yes
2745,0.049474623054265976,No
2746,2.254457287520495e-09,No
2747,4.021059485381784e-09,No
2748,4.3764089241449255e-08,No
2749,2.698110677101795e-07,No
2750,2.3935020632137594e-10,No
2751,2.3800178494681745e-10,No
2752,0.9999997615814209,Yes
2753,0.9999076724052429,Yes
2754,2.386859598857427e-10,No
2755,7.146781499933752e-10,No
2756,0.9999961256980896,Yes
2757,0.7944509983062744,Yes
2758,1.6304094185848328e-10,No
2759,2.496341189317519e-10,No
2760,0.827857494354248,Yes
2761,0.9999998807907104,Yes
2762,1.4233601797197792e-10,No
2763,3.6420819138349714e-10,No
2764,1.0,Yes
2765,1.0,Yes
2766,2.1987986431604156e-10,No
2767,2.3508411883810254e-10,No
2768,0.0016303019365295768,No
2769,0.9988230466842651,Yes
2770,3.717927077317995e-10,No
2771,4.1115336135710834e-10,No
2772,1.0,Yes
2773,1.0,Yes
2774,4.902050987354301e-10,No
2775,3.424919237104973e-10,No
2776,0.9999995231628418,Yes
2777,0.9999995231628418,Yes
2778,2.1198622024432012e-10,No
2779,1.318041092934763e-10,No
2780,5.782101197837619e-06,No
2781,0.9999679327011108,Yes
2782,9.630665154247708e-10,No
2783,1.6734823249375808e-10,No
2784,0.9999991655349731,Yes
2785,0.9999863505363464,Yes
2786,1.6629827515046713e-09,No
2787,1.719289821622283e-09,No
2788,2.449125759085291e-06,No
2789,3.868973124099284e-07,No
2790,3.7549713338691504e-10,No
2791,2.0381266119251507e-10,No
2792,0.2940058708190918,No
2793,0.9999973773956299,Yes
2794,9.990783755853272e-10,No
2795,4.2055292581721915e-10,No
2796,0.6362594962120056,Yes
2797,0.9701212644577026,Yes
2798,2.796750886435717e-10,No
2799,1.1571107266794556e-10,No
2800,2.9898042375187117e-10,No
2801,3.631891454247693e-10,No
2802,7.488692517654272e-06,No
2803,3.842312246149504e-09,No
2804,1.9923455940595858e-10,No
2805,1.11776442268674e-10,No
2806,0.9999998807907104,Yes
2807,1.0,Yes
2808,3.271654336334251e-10,No
2809,5.463107188852234e-10,No
2810,0.8406548500061035,Yes
2811,0.36810752749443054,No
2812,1.1477994943387415e-10,No
2813,3.0883193224973127e-10,No
2814,0.01297859475016594,No
2815,0.9999998807907104,Yes
2816,2.0408340295485772e-10,No
2817,1.7384375883278125e-10,No
2818,1.0,Yes
2819,0.9999988079071045,Yes
2820,4.588001090155558e-09,No
2821,4.745461246180582e-10,No
2822,0.45004308223724365,No
2823,1.885946332436106e-08,No
2824,2.0904358244422383e-09,No
2825,3.8707566041296104e-09,No
2826,1.6332434071841817e-08,No
2827,0.000270096497843042,No
2828,1.8162887860384558e-09,No
2829,1.8860208950144397e-09,No
2830,7.974468307914151e-10,No
2831,5.447001183433997e-10,No
2832,1.8103356314025376e-10,No
2833,1.952979306052427e-10,No
2834,0.9999986886978149,Yes
2835,7.811816471470223e-11,No
2836,4.0413875024292167e-10,No
2837,2.2049469194929117e-10,No
2838,7.114493200788274e-05,No
2839,0.9999998807907104,Yes
2840,1.9067163126162967e-10,No
2841,1.3131304377189679e-10,No
2842,0.9999966621398926,Yes
2843,1.0,Yes
2844,1.5266864750174136e-07,No
2845,5.320151541532425e-10,No
2846,0.9999998807907104,Yes
2847,0.44764986634254456,No
2848,1.394853788028172e-09,No
2849,1.2194467657877794e-10,No
2850,0.858829140663147,Yes
2851,0.9990793466567993,Yes
2852,5.486487930639328e-10,No
2853,2.1851982723308794e-10,No
2854,0.9999991655349731,Yes
2855,0.999997079372406,Yes
2856,3.064192510837671e-10,No
2857,2.3022914130699235e-10,No
2858,1.0,Yes
2859,0.9994934797286987,Yes
2860,2.4702314860292063e-08,No
2861,1.100024293876345e-09,No
2862,6.000461794108958e-10,No
2863,1.4480137089378786e-09,No
2864,6.93229085246827e-10,No
2865,2.4112867258452297e-09,No
2866,1.1632703689201662e-08,No
2867,0.012157153338193893,No
2868,1.1526859466925998e-09,No
2869,9.517557852944947e-10,No
2870,6.132261365365821e-09,No
2871,4.792378160978217e-10,No
2872,8.169180609751692e-11,No
2873,4.3164918861471335e-10,No
2874,0.0006794309592805803,No
2875,9.38269462125163e-11,No
2876,9.757984698044453e-11,No
2877,1.2814206640232584e-10,No
2878,0.9999998807907104,Yes
2879,8.220632707889308e-08,No
2880,0.9897436499595642,Yes
2881,0.9999998807907104,Yes
2882,4.4042977598302e-10,No
2883,2.664436449251184e-10,No
2884,0.9999995231628418,Yes
2885,0.9999690055847168,Yes
2886,5.701781269351613e-10,No
2887,1.8110228594547806e-10,No
2888,0.510277271270752,Yes
2889,0.027735689654946327,No
2890,2.2386234532767446e-10,No
2891,3.7356126525445177e-10,No
2892,1.0,Yes
2893,0.9999744296073914,Yes
2894,3.6003783288052205e-10,No
2895,6.556191700646252e-10,No
2896,0.9999345541000366,Yes
2897,0.9999619126319885,Yes
2898,2.701593670995095e-10,No
2899,1.573452895753391e-10,No
2900,0.0312829427421093,No
2901,0.9993340969085693,Yes
2902,6.109096006845505e-10,No
2903,5.221842513947195e-09,No
2904,0.9989050626754761,Yes
2905,0.9999998807907104,Yes
2906,2.196754111949417e-09,No
2907,2.1104400005356183e-08,No
2908,5.1695604241785986e-08,No
2909,1.0652335014071923e-08,No
2910,4.939172182361062e-09,No
2911,6.207513947309451e-10,No
2912,0.9999986886978149,Yes
2913,0.03536098822951317,No
2914,2.6514734852156607e-10,No
2915,8.120421002288936e-10,No
2916,1.0,Yes
2917,1.0,Yes
2918,1.674679700469639e-10,No
2919,1.5417192522626522e-10,No
2920,0.9999964237213135,Yes
2921,0.9142416715621948,Yes
2922,3.322554176232728e-10,No
2923,4.6387083063592627e-10,No
2924,1.0,Yes
2925,1.0,Yes
2926,3.4766314827017197e-10,No
2927,4.607431380865279e-10,No
2928,0.9993939995765686,Yes
2929,0.9999966621398926,Yes
2930,1.4554420169066162e-10,No
2931,3.4287950256839395e-10,No
2932,1.0,Yes
2933,0.9999998807907104,Yes
2934,2.812756694225982e-10,No
2935,2.1242010928013144e-10,No
2936,0.9999998807907104,Yes
2937,0.9999998807907104,Yes
2938,1.119838666241435e-10,No
2939,4.501445050042463e-11,No
2940,7.547634339744036e-08,No
2941,0.00029254023684188724,No
2942,3.8553035763833066e-10,No
2943,3.6547606607761907e-10,No
2944,0.9999608993530273,Yes
2945,0.9343376159667969,Yes
2946,2.1962052176860425e-09,No
2947,6.0653162492485535e-09,No
2948,9.983571089833276e-07,No
2949,3.599242575091921e-07,No
2950,7.339603924627625e-10,No
2951,5.942454861518343e-10,No
2952,0.04491609334945679,No
2953,0.6700392365455627,Yes
2954,1.9158409580999347e-10,No
2955,2.691445954994265e-10,No
2956,1.0,Yes
2957,8.503422577632591e-05,No
2958,1.7873140467639104e-10,No
2959,1.9186129074366676e-10,No
2960,0.9119981527328491,Yes
2961,0.00014992558863013983,No
2962,7.705333038288131e-10,No
2963,1.683041150890574e-09,No
2964,0.9999152421951294,Yes
2965,0.9999997615814209,Yes
2966,2.9885343089119942e-09,No
2967,8.478356905428086e-10,No
2968,0.002725064055994153,No
2969,2.103031874867156e-06,No
2970,5.06116148990543e-10,No
2971,7.693158887711604e-10,No
2972,0.9999996423721313,Yes
2973,0.9999975562095642,Yes
2974,7.779658584006199e-10,No
2975,5.629842148024977e-10,No
2976,0.9999992847442627,Yes
2977,0.9999768137931824,Yes
2978,4.4678655219954067e-10,No
2979,3.1722843796266886e-10,No
2980,1.6445190340164118e-05,No
2981,2.425547108941828e-06,No
2982,1.4402983250505486e-09,No
2983,7.660536094356019e-10,No
2984,0.9957166314125061,Yes
2985,0.9999554753303528,Yes
2986,1.1561319679387339e-09,No
2987,1.4169526885154937e-08,No
2988,1.9226627401280894e-08,No
2989,4.561770960975764e-09,No
2990,1.066428279017373e-09,No
2991,9.009925028280463e-10,No
2992,1.056046983194392e-08,No
2993,2.795036607494694e-06,No
2994,4.845522871832486e-10,No
2995,4.71681915747979e-10,No
2996,0.9713647961616516,Yes
2997,0.0035715559497475624,No
2998,1.4451737029297362e-10,No
2999,3.949839899597407e-10,No
3000,8.965354014733862e-10,No
3001,1.0976617531577304e-10,No
3002,0.5713919997215271,Yes
3003,0.9984723329544067,Yes
3004,2.2106920738451663e-09,No
3005,1.3531452347503858e-10,No
3006,6.204446890478721e-06,No
3007,0.9999997615814209,Yes
3008,4.544425946662045e-10,No
3009,9.581708759753838e-10,No
3010,0.9936498403549194,Yes
3011,0.9670675992965698,Yes
3012,2.6571841948985764e-10,No
3013,4.292166067010328e-10,No
3014,0.3139527440071106,No
3015,0.031426843255758286,No
3016,3.1541783074295893e-10,No
3017,3.182818175684332e-10,No
3018,0.9999998807907104,Yes
3019,0.9949570298194885,Yes
3020,1.5448226031722356e-09,No
3021,2.9106195142958313e-05,No
3022,3.141875648537962e-10,No
3023,3.6998740182703216e-10,No
3024,2.436929102955787e-09,No
3025,5.656632939832207e-10,No
3026,0.00014343633665703237,No
3027,0.462538480758667,No
3028,3.0366489878197456e-10,No
3029,5.870647301620124e-10,No
3030,5.6752696764306165e-08,No
3031,1.2865448297816329e-06,No
3032,1.0908348530014322e-10,No
3033,9.241794135528281e-11,No
3034,6.1686928347626235e-06,No
3035,0.9999887943267822,Yes
3036,1.7658544071430526e-10,No
3037,1.189241483068315e-10,No
3038,0.9997233748435974,Yes
3039,0.9999956488609314,Yes
3040,0.9999855756759644,Yes
3041,0.9497859477996826,Yes
3042,5.158602434107706e-10,No
3043,8.380428018206487e-10,No
3044,0.9999997615814209,Yes
3045,0.9999998807907104,Yes
3046,7.883743102787832e-10,No
3047,1.389052761702203e-09,No
3048,0.9870775938034058,Yes
3049,0.331137478351593,No
3050,2.9947067048397e-10,No
3051,1.6679342629277727e-10,No
3052,1.0,Yes
3053,1.0,Yes
3054,3.0252028659916164e-10,No
3055,4.0949732493800184e-10,No
3056,1.0,Yes
3057,1.0,Yes
3058,4.0559280933827324e-10,No
3059,9.116665061759122e-11,No
3060,8.380034705623984e-05,No
3061,0.00018077917047776282,No
3062,4.25387103319963e-09,No
3063,8.351896951808158e-10,No
3064,1.0,Yes
3065,0.3016207218170166,No
3066,7.950183844585013e-10,No
3067,5.207182240951624e-09,No
3068,1.5258699477271875e-06,No
3069,5.113174665893894e-07,No
3070,4.4739456583897663e-10,No
3071,5.74896741323272e-10,No
3072,0.024369793012738228,No
3073,0.0004477333277463913,No
3074,4.954908150445192e-10,No
3075,1.8625402609107056e-10,No
3076,0.9999760985374451,Yes
3077,0.3834230303764343,No
3078,1.335313526418247e-10,No
3079,1.5428988642263164e-10,No
3080,4.709924117385356e-10,No
3081,2.3101300039574113e-10,No
3082,3.639773282770875e-08,No
3083,1.2044594086546567e-06,No
3084,1.1425442536516783e-10,No
3085,9.341035583920743e-11,No
3086,0.999995768070221,Yes
3087,2.3059112663759151e-07,No
3088,2.521705733116164e-09,No
3089,3.4100183787799665e-10,No
3090,0.2328023761510849,No
3091,0.9990100264549255,Yes
3092,3.5895239558492165e-10,No
3093,1.8755628994338025e-10,No
3094,1.0,Yes
3095,0.7005996704101562,Yes
3096,3.423462624496665e-10,No
3097,2.807536148008438e-10,No
3098,0.9986764788627625,Yes
3099,0.10062908381223679,No
3100,9.854350668803136e-10,No
3101,3.9770850501774646e-10,No
3102,3.908210977066062e-10,No
3103,1.2824049917981029e-05,No
3104,5.970758998330439e-09,No
3105,1.1814916822672217e-09,No
3106,8.045207167128865e-09,No
3107,0.0006889690994285047,No
3108,7.821674974373138e-10,No
3109,1.2325752640762744e-09,No
3110,0.8388206362724304,Yes
3111,0.0028102868236601353,No
3112,2.1701827834785803e-10,No
3113,1.2605870514104112e-10,No
3114,0.4162459373474121,No
3115,2.6811397546566695e-08,No
3116,1.9430512754325946e-10,No
3117,1.0264938898885134e-09,No
3118,1.7031159416092123e-07,No
3119,0.9999925494194031,Yes
3120,3.7271360997515046e-10,No
3121,5.469550923287159e-10,No
3122,9.56615508584946e-07,No
3123,0.9999950528144836,Yes
3124,1.3848537594451926e-10,No
3125,2.3236125523684592e-10,No
3126,0.9999998807907104,Yes
3127,0.9999998807907104,Yes
3128,1.4144488913458986e-09,No
3129,8.101063569965206e-11,No
3130,0.16051363945007324,No
3131,0.7615301609039307,Yes
3132,2.0684345902743928e-10,No
3133,1.9341549195583951e-10,No
3134,0.9999998807907104,Yes
3135,1.0,Yes
3136,2.2163947066555778e-10,No
3137,3.4219610478558593e-10,No
3138,0.998417854309082,Yes
3139,0.9999990463256836,Yes
3140,7.72383312863667e-09,No
3141,2.1545289996538486e-08,No
3142,8.430464104591806e-10,No
3143,9.135696088513612e-10,No
3144,3.376700696833268e-09,No
3145,4.118355878546254e-09,No
3146,3.7218514989945106e-06,No
3147,0.0826212614774704,No
3148,2.468679427547471e-10,No
3149,4.354804850059679e-10,No
3150,3.1333611261175065e-09,No
3151,8.468163059660583e-09,No
3152,2.0792251254064809e-10,No
3153,1.8564257076025825e-10,No
3154,2.9210036611715395e-09,No
3155,2.4146729060703365e-10,No
3156,3.123639125135469e-10,No
3157,1.9643961457482817e-10,No
3158,0.008655822835862637,No
3159,0.9999998807907104,Yes
3160,1.4267741155205016e-10,No
3161,1.6302197092255e-10,No
3162,0.9999996423721313,Yes
3163,1.7686759747448377e-05,No
3164,1.4483388099950645e-10,No
3165,2.6346622661321817e-09,No
3166,0.9999995231628418,Yes
3167,1.0,Yes
3168,3.042139040676517e-10,No
3169,9.608679824024691e-11,No
3170,0.9548715353012085,Yes
3171,0.4909878373146057,No
3172,2.7959293213974945e-10,No
3173,8.661319578218141e-11,No
3174,1.0,Yes
3175,1.0,Yes
3176,4.5246284496869293e-10,No
3177,1.7956376663352813e-10,No
3178,0.9999997615814209,Yes
3179,0.9999998807907104,Yes
3180,5.22375254163876e-10,No
3181,3.6491396016025135e-10,No
3182,5.522994839246564e-10,No
3183,4.482160875340924e-05,No
3184,6.4949090550214805e-09,No
3185,4.693737065686321e-10,No
3186,4.098188455259333e-08,No
3187,1.7915684935587706e-08,No
3188,2.015150268874777e-10,No
3189,1.7485903003322534e-10,No
3190,6.112549577608206e-09,No
3191,2.2113720632432887e-08,No
3192,1.493707102451225e-10,No
3193,4.5369319412458253e-11,No
3194,7.303563975824545e-09,No
3195,5.575771400145868e-09,No
3196,1.2389338166496344e-10,No
3197,1.3415553390405677e-10,No
3198,0.9999992847442627,Yes
3199,0.9999991655349731,Yes
3200,1.0423561319639063e-10,No
3201,9.2014271202423e-11,No
3202,0.0027387102600187063,No
3203,1.095608968171291e-05,No
3204,7.63372351442193e-11,No
3205,8.630267334108765e-11,No
3206,0.9999897480010986,Yes
3207,0.17135727405548096,No
3208,8.997984302094864e-11,No
3209,7.748407471197538e-11,No
3210,0.9873905181884766,Yes
3211,1.3557965861110688e-09,No
3212,2.9380892163644035e-10,No
3213,2.0378088105843517e-09,No
3214,0.9922374486923218,Yes
3215,0.9983397126197815,Yes
3216,7.987083910920845e-11,No
3217,1.0500245117839313e-10,No
3218,0.9999998807907104,Yes
3219,0.0012787129962816834,No
3220,1.5631993477427386e-09,No
3221,1.347988248801002e-10,No
3222,1.8818588354285737e-10,No
3223,7.857027526370075e-07,No
3224,1.5610460479820176e-08,No
3225,1.19131136955275e-07,No
3226,0.0035398213658481836,No
3227,2.7843798307003453e-05,No
3228,4.424912436462591e-09,No
3229,1.6222419241262998e-10,No
3230,0.0003744909481611103,No
3231,1.7578917876903688e-08,No
3232,1.1122901905080695e-10,No
3233,7.129704465702602e-11,No
3234,1.1903784902234094e-10,No
3235,2.59892968257347e-10,No
3236,8.51207160312839e-11,No
3237,1.2116636860515229e-10,No
3238,0.5763874053955078,Yes
3239,0.9999980330467224,Yes
3240,0.9999994039535522,Yes
3241,0.23683395981788635,No
3242,1.8196928686098346e-10,No
3243,1.3010663379997567e-10,No
3244,0.9999998807907104,Yes
3245,0.9999994039535522,Yes
3246,1.4766483868999813e-10,No
3247,2.6596636004683205e-10,No
3248,0.9999898672103882,Yes
3249,0.9998961687088013,Yes
3250,4.4833740886485174e-11,No
3251,3.790502980938193e-11,No
3252,0.9999710917472839,Yes
3253,0.9999991655349731,Yes
3254,1.8244784849574813e-10,No
3255,3.3652863828947943e-10,No
3256,0.9999998807907104,Yes
3257,0.999998927116394,Yes
3258,6.681329101088096e-11,No
3259,1.365296348199152e-10,No
3260,0.9984769225120544,Yes
3261,9.880349693958124e-08,No
3262,2.855395087042467e-10,No
3263,4.0458836281231925e-10,No
3264,0.9999996423721313,Yes
3265,1.0,Yes
3266,2.8863289536218417e-09,No
3267,3.0087867752826014e-09,No
3268,0.025435911491513252,No
3269,0.42104867100715637,No
3270,9.016268287531659e-10,No
3271,6.617285608356838e-10,No
3272,0.9997605085372925,Yes
3273,0.02642582729458809,No
3274,1.556700462979066e-10,No
3275,1.1788731102413408e-10,No
3276,0.9999841451644897,Yes
3277,0.010960984975099564,No
3278,4.2561254520734337e-10,No
3279,2.3713406238634605e-10,No
3280,1.0,Yes
3281,0.9999561309814453,Yes
3282,1.2561443551994955e-10,No
3283,2.1974737307584036e-10,No
3284,1.0,Yes
3285,1.0,Yes
3286,1.2305778618326713e-10,No
3287,2.871983484364904e-10,No
3288,0.9897745251655579,Yes
3289,0.999949038028717,Yes
3290,1.107400213196108e-10,No
3291,1.1363870955349853e-10,No
3292,1.0,Yes
3293,1.0,Yes
3294,1.3576798019165892e-10,No
3295,2.0724350013878734e-10,No
3296,0.9999998807907104,Yes
3297,0.9999998807907104,Yes
3298,3.546906379714443e-10,No
3299,7.9188988699741e-11,No
3300,1.5589533859383664e-06,No
3301,4.315805313126475e-07,No
3302,2.5015792215477006e-10,No
3303,2.1917138937066483e-10,No
3304,0.9999945759773254,Yes
3305,0.9999995231628418,Yes
3306,2.1812889272609937e-09,No
3307,4.795391461698273e-08,No
3308,5.747229465669079e-07,No
3309,4.991166520085244e-07,No
3310,1.6642670574995577e-10,No
3311,1.3086148831220612e-10,No
3312,0.00035000857315026224,No
3313,5.624405616799777e-07,No
3314,1.0110937781471208e-10,No
3315,1.6399656632692938e-10,No
3316,1.0,Yes
3317,0.9999998807907104,Yes
3318,5.0739270424093874e-11,No
3319,5.739673319959948e-11,No
3320,1.4946932580528483e-10,No
3321,1.199568222531866e-10,No
3322,0.999649703502655,Yes
3323,1.0,Yes
3324,6.914433609006565e-11,No
3325,1.4700977934989368e-10,No
3326,0.9722083806991577,Yes
3327,0.9999991655349731,Yes
3328,1.1342844719042233e-10,No
3329,1.0069964306858026e-10,No
3330,0.9999997615814209,Yes
3331,0.6902891993522644,Yes
3332,1.6537395064464278e-10,No
3333,1.0918235759938e-10,No
3334,0.9999374151229858,Yes
3335,1.0,Yes
3336,1.455583570342256e-10,No
3337,9.818491852886524e-11,No
3338,1.0,Yes
3339,0.9999997615814209,Yes
3340,1.0358484736627815e-08,No
3341,3.208913412766634e-10,No
3342,4.025784983152647e-10,No
3343,6.408090121112764e-05,No
3344,5.583703099887316e-08,No
3345,6.8818368781364825e-09,No
3346,0.00018229619308840483,No
3347,3.028663897453043e-08,No
3348,1.2945586269630383e-10,No
3349,2.4553570288077253e-10,No
3350,1.95079485898475e-09,No
3351,9.88856219130696e-10,No
3352,9.428692548940631e-11,No
3353,1.0265168576273354e-10,No
3354,2.851884284282846e-10,No
3355,1.0,Yes
3356,4.6113501905864496e-11,No
3357,1.4598375286389853e-10,No
3358,5.688466586661889e-09,No
3359,1.7209300722242915e-06,No
3360,0.9967562556266785,Yes
3361,0.9999998807907104,Yes
3362,8.1712379917942e-11,No
3363,7.500151194550497e-11,No
3364,0.9999845027923584,Yes
3365,1.0,Yes
3366,8.925629679801261e-11,No
3367,1.930226395385759e-10,No
3368,0.9999417066574097,Yes
3369,0.9999955296516418,Yes
3370,4.096298994449299e-11,No
3371,8.27699297989426e-11,No
3372,1.0,Yes
3373,0.9999991655349731,Yes
3374,1.9744067492055706e-10,No
3375,2.1400162197870998e-10,No
3376,0.9999887943267822,Yes
3377,0.9999998807907104,Yes
3378,9.616141910528953e-11,No
3379,1.5306263201342318e-10,No
3380,3.70271154679358e-05,No
3381,4.1857650678878144e-09,No
3382,1.8083236297261607e-10,No
3383,2.059258596975866e-10,No
3384,1.0,Yes
3385,1.0,Yes
3386,6.870676028114531e-09,No
3387,3.140127491363387e-09,No
3388,2.7379823563933314e-07,No
3389,1.919945589179406e-06,No
3390,3.235932077849668e-10,No
3391,4.063849812219189e-10,No
3392,0.13354051113128662,No
3393,0.9999982118606567,Yes
3394,1.1530679189242221e-10,No
3395,2.29135252438617e-10,No
3396,0.9999994039535522,Yes
3397,0.889192521572113,Yes
3398,4.934524663879891e-11,No
3399,1.305730246148329e-10,No
3400,9.539439238537284e-10,No
3401,5.832562210983383e-11,No
3402,1.5421171006835266e-09,No
3403,0.9999351501464844,Yes
3404,1.4603834808113447e-10,No
3405,1.0668534944358044e-09,No
3406,1.0,Yes
3407,0.00690891407430172,No
3408,6.283714520938233e-11,No
3409,4.520597784996028e-11,No
3410,0.9999729990959167,Yes
3411,1.6865158158907434e-08,No
3412,1.9295416653353215e-10,No
3413,8.92571502819628e-11,No
3414,0.0213907603174448,No
3415,0.9999446868896484,Yes
3416,1.442131136730751e-10,No
3417,6.499760452083336e-11,No
3418,1.0,Yes
3419,0.003374469233676791,No
3420,3.0206764867202196e-10,No
3421,1.0722774057558837e-10,No
3422,8.753313074372215e-10,No
3423,7.767722576268454e-10,No
3424,5.003862924013447e-08,No
3425,1.7133449103923226e-09,No
3426,8.010434093819185e-09,No
3427,6.891546888709854e-08,No
3428,7.090539266840779e-11,No
3429,2.2559714096814787e-09,No
3430,5.363507170841331e-06,No
3431,4.508868642005837e-06,No
3432,3.166437251289622e-11,No
3433,1.1548177691889094e-10,No
3434,2.450281089139139e-10,No
3435,4.681392162808606e-09,No
3436,2.1573312580791537e-10,No
3437,1.8474784202471284e-10,No
3438,1.0,Yes
3439,0.002607832197099924,No
3440,1.0374608810925778e-10,No
3441,1.829528750718623e-09,No
3442,1.0,Yes
3443,7.133738044728943e-09,No
3444,9.503239861707868e-11,No
3445,2.616122873888571e-10,No
3446,0.9999032616615295,Yes
3447,0.9149063229560852,Yes
3448,5.96810849629037e-08,No
3449,5.7503682371340403e-11,No
3450,5.0040060983747026e-08,No
3451,3.2226649127053975e-10,No
3452,1.23537777230176e-10,No
3453,2.125501996630419e-10,No
3454,0.9999998807907104,Yes
3455,1.0,Yes
3456,1.380346947854605e-10,No
3457,2.3886678746087853e-10,No
3458,1.0,Yes
3459,0.9520754218101501,Yes
3460,2.3907781310228415e-10,No
3461,1.3578922708479269e-10,No
3462,1.2362344250504975e-06,No
3463,0.0042593409307301044,No
3464,1.6453508067115763e-07,No
3465,1.9052061261959352e-08,No
3466,6.0603477322729304e-05,No
3467,0.19353289902210236,No
3468,2.993792991290434e-10,No
3469,1.4880141563367033e-10,No
3470,6.439422328696764e-10,No
3471,9.377909115926286e-09,No
3472,4.981030171657963e-11,No
3473,6.670047847379124e-11,No
3474,0.9999997615814209,Yes
3475,2.2330592930330795e-09,No
3476,1.229963075832785e-10,No
3477,4.923665988809667e-11,No
3478,1.0,Yes
3479,2.0163355429758667e-09,No
3480,0.00012693865573965013,No
3481,0.9986647367477417,Yes
3482,2.021760536763395e-10,No
3483,1.4324920416530773e-10,No
3484,0.08674804121255875,No
3485,0.06767198443412781,No
3486,2.67600774872534e-10,No
3487,3.27048749193537e-10,No
3488,0.9999814629554749,Yes
3489,0.9368298649787903,Yes
3490,8.753409802553236e-11,No
3491,3.780891918991891e-11,No
3492,0.9999994039535522,Yes
3493,0.999931812286377,Yes
3494,3.214769839221532e-10,No
3495,5.580449990993941e-10,No
3496,0.9999881982803345,Yes
3497,0.9999886155128479,Yes
3498,7.105187271871927e-11,No
3499,6.706314670257285e-11,No
3500,0.9989542365074158,Yes
3501,4.905965766965892e-08,No
3502,3.1129035460431e-10,No
3503,5.590410911970878e-10,No
3504,1.0,Yes
3505,1.0,Yes
3506,2.8091500237081846e-09,No
3507,1.6816967818300554e-09,No
3508,0.05383538454771042,No
3509,0.18394610285758972,No
3510,1.3433585355215882e-09,No
3511,9.131375100501771e-10,No
3512,0.7253910899162292,Yes
3513,0.9999840259552002,Yes
3514,1.5538792474956153e-10,No
3515,4.0186731720126545e-10,No
3516,0.999998927116394,Yes
3517,3.3384753805876244e-06,No
3518,9.676619228127237e-11,No
3519,1.0044508280682152e-10,No
3520,0.9999914169311523,Yes
3521,0.9989449977874756,Yes
3522,3.595999609196099e-10,No
3523,2.12202644345183e-10,No
3524,0.9999998807907104,Yes
3525,1.0,Yes
3526,2.0700328950962188e-10,No
3527,1.1204518562957233e-10,No
3528,0.9866653084754944,Yes
3529,0.0006980953039601445,No
3530,3.025658612543225e-10,No
3531,1.984343522831722e-10,No
3532,1.0,Yes
3533,1.0,Yes
3534,2.5866306319066723e-10,No
3535,2.3255768144547773e-10,No
3536,1.0,Yes
3537,0.9999775886535645,Yes
3538,9.674146206339884e-11,No
3539,9.88742490659611e-11,No
3540,1.800423454767497e-08,No
3541,0.00420511607080698,No
3542,2.794879050416199e-10,No
3543,3.5359568051340773e-10,No
3544,0.9974011182785034,Yes
3545,0.03741072863340378,No
3546,1.3849654756370455e-09,No
3547,1.479674383020324e-09,No
3548,2.1605824684911568e-08,No
3549,1.9453827349025232e-07,No
3550,1.8878590357651603e-10,No
3551,1.306751790108862e-10,No
3552,0.9999997615814209,Yes
3553,0.9999998807907104,Yes
3554,9.043028131872077e-11,No
3555,3.2489133605650977e-10,No
3556,0.6761314272880554,Yes
3557,0.0003365158918313682,No
3558,9.065962564003271e-11,No
3559,2.5478985588023306e-10,No
3560,0.15995056927204132,No
3561,0.9999996423721313,Yes
3562,1.312667197161943e-10,No
3563,1.205196081821569e-10,No
3564,1.0,Yes
3565,1.0,Yes
3566,1.9092857850289136e-10,No
3567,2.0032664416191892e-10,No
3568,6.900986772961915e-05,No
3569,0.9999604225158691,Yes
3570,2.870745585692447e-10,No
3571,1.912449365537583e-10,No
3572,1.0,Yes
3573,1.0,Yes
3574,2.1449281240037976e-10,No
3575,2.1754378853877654e-10,No
3576,0.9999951720237732,Yes
3577,0.9999979138374329,Yes
3578,1.3868230175351215e-10,No
3579,1.2476962518714885e-10,No
3580,2.291918654862002e-08,No
3581,0.6026792526245117,Yes
3582,2.5614838028431564e-10,No
3583,1.192521359438814e-10,No
3584,0.9999973177909851,Yes
3585,0.9999910593032837,Yes
3586,9.867986427991582e-10,No
3587,8.330133249856431e-10,No
3588,1.0268355055131906e-07,No
3589,3.715308594109956e-07,No
3590,1.99104260856231e-10,No
3591,1.506703511955365e-10,No
3592,0.0009596016025170684,No
3593,0.9999998807907104,Yes
3594,2.624709616316778e-10,No
3595,2.619498229439188e-10,No
3596,4.782026007887907e-05,No
3597,0.004182748030871153,No
3598,1.2016658501590172e-10,No
3599,1.3186494951522576e-10,No
3600,1.1799190791084158e-10,No
3601,1.1660593324247515e-10,No
3602,0.2187352031469345,No
3603,4.229698902236123e-07,No
3604,1.677252919884964e-10,No
3605,8.650637151053076e-11,No
3606,0.9999997615814209,Yes
3607,1.0,Yes
3608,1.3324462366792744e-10,No
3609,1.3092391060176567e-10,No
3610,0.990854799747467,Yes
3611,0.9948778748512268,Yes
3612,8.905546439175183e-11,No
3613,2.1098986446865808e-10,No
3614,0.06140622869133949,No
3615,1.0,Yes
3616,1.4598515452046712e-10,No
3617,8.262197870312349e-11,No
3618,1.0,Yes
3619,0.9999995231628418,Yes
3620,9.325699323881054e-09,No
3621,1.4042547680226392e-10,No
3622,3.346319863339886e-05,No
3623,1.0597834831926889e-09,No
3624,7.90235044068055e-10,No
3625,1.149741413186689e-09,No
3626,6.471698288379457e-09,No
3627,3.2803291105665267e-06,No
3628,2.904913420920252e-09,No
3629,1.9661250405533792e-09,No
3630,4.754367455284125e-10,No
3631,3.508205670410547e-10,No
3632,1.0266695826821604e-10,No
3633,7.613149000107455e-11,No
3634,0.9999998807907104,Yes
3635,1.452338943552789e-10,No
3636,3.8478178976397714e-10,No
3637,7.48280465368012e-11,No
3638,1.0944227142317686e-05,No
3639,0.9999994039535522,Yes
3640,1.127485674268236e-10,No
3641,8.062572831590842e-11,No
3642,0.9999980926513672,Yes
3643,1.0,Yes
3644,2.8615650649044255e-07,No
3645,4.03973798857038e-10,No
3646,0.9999992847442627,Yes
3647,0.9966297745704651,Yes
3648,8.364710313291113e-11,No
3649,7.582267452788116e-11,No
3650,0.9988201260566711,Yes
3651,0.999833881855011,Yes
3652,1.7086285164502613e-10,No
3653,1.0057467358937089e-10,No
3654,0.9999998807907104,Yes
3655,0.9999985694885254,Yes
3656,1.8010949676128263e-10,No
3657,6.050693973636001e-11,No
3658,1.0,Yes
3659,0.9999849796295166,Yes
3660,1.879951305738814e-09,No
3661,1.703451268930678e-10,No
3662,2.0983442761135507e-10,No
3663,2.4100715867447775e-10,No
3664,1.203476318600849e-09,No
3665,4.026309063931421e-09,No
3666,1.6748592512882965e-09,No
3667,0.0037695802748203278,No
3668,8.230791048724484e-10,No
3669,7.664466838974704e-10,No
3670,1.8728183448502023e-09,No
3671,3.758396649455875e-10,No
3672,3.979738760762075e-11,No
3673,7.826387454779038e-11,No
3674,0.000324662949424237,No
3675,8.735846074303666e-11,No
3676,3.910490681269252e-11,No
3677,5.121394627827236e-11,No
3678,0.9999996423721313,Yes
3679,4.067535197549432e-09,No
3680,0.9635556936264038,Yes
3681,0.9995555281639099,Yes
3682,2.039036578471709e-10,No
3683,1.0227918512129008e-10,No
3684,0.9999982118606567,Yes
3685,0.9999209642410278,Yes
3686,1.8269717683150333e-10,No
3687,1.380560249453211e-10,No
3688,0.003169415285810828,No
3689,0.011255040764808655,No
3690,6.339911234887197e-11,No
3691,4.576852091764394e-11,No
3692,1.0,Yes
3693,0.9999656677246094,Yes
3694,2.3501686707838587e-10,No
3695,4.088105409749687e-10,No
3696,0.9975467920303345,Yes
3697,0.940619707107544,Yes
3698,1.6083501197527994e-10,No
3699,1.0177866188731954e-10,No
3700,0.0006030250224284828,No
3701,0.0009083399781957269,No
3702,2.4711951929212717e-10,No
3703,6.22744911193962e-10,No
3704,0.9995432496070862,Yes
3705,0.9999998807907104,Yes
3706,1.1767306018484192e-09,No
3707,8.749996283086148e-09,No
3708,2.1343890210800964e-08,No
3709,2.351027461600097e-08,No
3710,1.6609952302459874e-09,No
3711,3.4450325925305947e-10,No
3712,0.9991863369941711,Yes
3713,0.3948233425617218,No
3714,1.0411121964537529e-10,No
3715,2.2173250735502137e-10,No
3716,0.9999996423721313,Yes
3717,1.0,Yes
3718,5.935892749553418e-11,No
3719,1.1827018531196387e-10,No
3720,0.9986022710800171,Yes
3721,0.002036103280261159,No
3722,2.0363237485110375e-10,No
3723,1.2822395922817975e-10,No
3724,1.0,Yes
3725,1.0,Yes
3726,1.6331919150402996e-10,No
3727,3.2875174804658513e-10,No
3728,0.9997730851173401,Yes
3729,0.9999996423721313,Yes
3730,8.590737149427596e-11,No
3731,1.2318202013972268e-10,No
3732,1.0,Yes
3733,1.0,Yes
3734,1.5873914682718038e-10,No
3735,1.7191216505896278e-10,No
3736,0.9999998807907104,Yes
3737,0.9999998807907104,Yes
3738,7.90294982233597e-11,No
3739,7.055463158156527e-11,No
3740,4.992325219888016e-09,No
3741,7.1213539740710985e-06,No
3742,1.6098049282486926e-10,No
3743,1.608908700712064e-10,No
3744,0.9999773502349854,Yes
3745,0.9931513071060181,Yes
3746,4.784343587971307e-09,No
3747,3.0784583771037433e-09,No
3748,9.364202924189158e-08,No
3749,2.423003309104388e-07,No
3750,3.297899175969121e-10,No
3751,2.4908047846494696e-10,No
3752,0.026205511763691902,No
3753,0.9953352808952332,Yes
3754,7.335639734540322e-11,No
3755,1.9111438820385018e-10,No
3756,0.9999625086784363,Yes
3757,9.546689625494764e-07,No
3758,8.264230966226194e-11,No
3759,1.2315147512875768e-10,No
3760,0.006886049639433622,No
3761,5.415399755293038e-07,No
3762,4.314047452602665e-10,No
3763,3.0798191774650263e-10,No
3764,0.9974905252456665,Yes
3765,0.9999997615814209,Yes
3766,5.972771721651782e-10,No
3767,2.986823011141837e-10,No
3768,0.0014926922740414739,No
3769,8.721657650312409e-06,No
3770,2.1498758329130396e-10,No
3771,3.0198182843221844e-10,No
3772,0.9999995231628418,Yes
3773,0.9999904632568359,Yes
3774,2.9229973996791614e-10,No
3775,3.1890040608217873e-10,No
3776,0.9999712109565735,Yes
3777,0.9989933371543884,Yes
3778,1.1691392298729397e-10,No
3779,4.033409162218504e-10,No
3780,5.219752438279102e-06,No
3781,1.6955509352101217e-07,No
3782,4.697158217936703e-10,No
3783,2.9623586916827094e-10,No
3784,0.9883847832679749,Yes
3785,0.9999942183494568,Yes
3786,4.984026524823548e-10,No
3787,3.327256692386982e-08,No
3788,6.6496794737247455e-09,No
3789,8.009761742755472e-09,No
3790,4.661760422131067e-10,No
3791,3.0605476486478267e-10,No
3792,4.881144821666794e-09,No
3793,1.79463000904434e-07,No
3794,1.3098135076550221e-10,No
3795,2.0387526389331612e-10,No
3796,0.00010223744175164029,No
3797,9.07541902961384e-07,No
3798,7.363128856630041e-11,No
3799,3.854068453268411e-10,No
3800,1.6281564985121122e-10,No
3801,5.7478789089460136e-11,No
3802,0.9777266383171082,Yes
3803,0.9996866583824158,Yes
3804,1.1270174793409637e-09,No
3805,1.4699155781450202e-10,No
3806,2.623406025747954e-08,No
3807,1.0,Yes
3808,1.4014052418520606e-10,No
3809,1.4078753440838199e-10,No
3810,0.9782077670097351,Yes
3811,0.9998857378959656,Yes
3812,2.5035362671843586e-10,No
3813,2.425548095708052e-10,No
3814,0.42859214544296265,No
3815,0.023996487259864807,No
3816,1.2649971348199784e-10,No
3817,1.2612484667773316e-10,No
3818,0.9999998807907104,Yes
3819,0.9839162230491638,Yes
3820,7.890106346053471e-10,No
3821,1.890369389911939e-07,No
3822,3.3562097545569713e-10,No
3823,3.1751720697137387e-10,No
3824,2.026058210091719e-09,No
3825,3.0754168656166314e-10,No
3826,1.6754628404669347e-06,No
3827,0.9585275650024414,Yes
3828,1.2447132213821988e-10,No
3829,2.034603874268015e-10,No
3830,2.410175170552975e-08,No
3831,5.8986124429338815e-08,No
3832,6.670861779634052e-11,No
3833,3.647322027733324e-11,No
3834,1.867949883660458e-08,No
3835,1.0,Yes
3836,5.627841942468237e-11,No
3837,5.610383338461311e-11,No
3838,0.9999979734420776,Yes
3839,0.9999992847442627,Yes
3840,0.9719486236572266,Yes
3841,0.311696857213974,No
3842,2.5372781653487664e-10,No
3843,1.8436485671458058e-10,No
3844,0.9999995231628418,Yes
3845,0.9999997615814209,Yes
3846,3.5470351655852994e-10,No
3847,3.714312468705572e-10,No
3848,0.8268041014671326,Yes
3849,0.9783848524093628,Yes
3850,1.367003038543757e-10,No
3851,8.26610724313781e-11,No
3852,0.9999998807907104,Yes
3853,1.0,Yes
3854,1.5094965555295659e-10,No
3855,2.836937629258074e-10,No
3856,0.9999997615814209,Yes
3857,0.9999997615814209,Yes
3858,3.3016628320226005e-10,No
3859,1.364603846587542e-10,No
3860,5.8202396758133546e-05,No
3861,4.838674612983596e-06,No
3862,1.4607963727542028e-09,No
3863,4.882529380800804e-10,No
3864,0.9999998807907104,Yes
3865,0.7410522699356079,Yes
3866,7.720648009801323e-10,No
3867,3.296787509654564e-09,No
3868,1.4129024350495456e-07,No
3869,1.446107802394181e-07,No
3870,1.9787686766914447e-10,No
3871,2.6688665166751946e-10,No
3872,1.8394830476609059e-06,No
3873,0.8945100903511047,Yes
3874,1.584980202640196e-10,No
3875,8.832940628922259e-11,No
3876,0.0016149393050000072,No
3877,6.546171061927453e-05,No
3878,4.3348886979988066e-11,No
3879,9.96263557762056e-11,No
3880,1.0939894129480265e-10,No
3881,7.483347275183405e-11,No
3882,1.2195140698167961e-05,No
3883,4.865499114714567e-10,No
3884,8.470529833104479e-11,No
3885,8.663120221186205e-11,No
3886,0.9999837875366211,Yes
3887,6.76837608182268e-09,No
3888,8.570998771828542e-11,No
3889,8.156849501395058e-11,No
3890,0.11056827008724213,No
3891,0.9998642206192017,Yes
3892,1.8125606571217645e-10,No
3893,1.0618346479862595e-10,No
3894,1.0,Yes
3895,0.556257426738739,Yes
3896,1.512897723765505e-10,No
3897,2.282036226652906e-10,No
3898,0.997505784034729,Yes
3899,0.04736696928739548,No
3900,2.299548468309709e-10,No
3901,1.6126998347854027e-10,No
3902,2.1238728831196596e-10,No
3903,1.1558837087477514e-07,No
3904,9.124172528629515e-09,No
3905,7.349623576402564e-09,No
3906,2.2848771763506193e-09,No
3907,0.000493842177093029,No
3908,2.092285650290293e-10,No
3909,1.1319271076004611e-09,No
3910,0.006682487204670906,No
3911,4.900934800389223e-05,No
3912,1.2216933020781084e-10,No
3913,5.982345868682515e-11,No
3914,0.9972461462020874,Yes
3915,8.623993608125602e-08,No
3916,8.144893787198626e-11,No
3917,3.517492130900024e-10,No
3918,1.49419019379593e-08,No
3919,0.9999978542327881,Yes
3920,1.7351713121893653e-10,No
3921,3.375089097090722e-10,No
3922,2.2401861770049436e-06,No
3923,1.0,Yes
3924,1.2549278283202625e-10,No
3925,1.6285103821012115e-10,No
3926,1.0,Yes
3927,1.0,Yes
3928,1.4718204432995208e-10,No
3929,4.850688947732884e-11,No
3930,0.08331727236509323,No
3931,0.9930674433708191,Yes
3932,1.2939588289739845e-10,No
3933,8.446635751946374e-11,No
3934,1.0,Yes
3935,1.0,Yes
3936,1.6472763431085724e-10,No
3937,2.3306123697608427e-10,No
3938,0.9999948143959045,Yes
3939,0.9999984502792358,Yes
3940,6.427240961670577e-09,No
3941,6.2678608969690686e-09,No
3942,3.9363848292062187e-10,No
3943,7.939061630324318e-10,No
3944,1.4962399097484536e-09,No
3945,7.48235606806702e-09,No
3946,2.068717463998837e-07,No
3947,0.00029433181043714285,No
3948,1.0312797837919163e-10,No
3949,1.2624687406592727e-10,No
3950,3.7150227338855757e-09,No
3951,5.096609356769477e-09,No
3952,7.863165674137917e-11,No
3953,7.505246424344136e-11,No
3954,2.6623181437201993e-10,No
3955,5.55058887741211e-10,No
3956,8.603510959215299e-11,No
3957,8.153131642041345e-11,No
3958,0.007983515039086342,No
3959,1.0,Yes
3960,7.454215716906631e-11,No
3961,1.091122053820115e-10,No
3962,1.0,Yes
3963,2.7404321372159757e-06,No
3964,1.7121844220202576e-10,No
3965,1.7993034839847155e-09,No
3966,1.0,Yes
3967,1.0,Yes
3968,8.602017015357788e-11,No
3969,6.774194399872258e-11,No
3970,0.9999992847442627,Yes
3971,0.8967698216438293,Yes
3972,1.7276122199483268e-10,No
3973,6.229643884081426e-11,No
3974,1.0,Yes
3975,1.0,Yes
3976,2.1038587538768638e-10,No
3977,1.019879597441431e-10,No
3978,0.9999990463256836,Yes
3979,1.0,Yes
3980,6.746230241105877e-10,No
3981,2.339430593689684e-10,No
3982,3.599032738499375e-10,No
3983,0.0007650349289178848,No
3984,3.2691545026608537e-09,No
3985,8.258830286322905e-10,No
3986,8.598466827436368e-09,No
3987,1.368324475947702e-08,No
3988,8.926787087304433e-11,No
3989,9.915809839888823e-11,No
3990,1.5662882102418507e-09,No
3991,2.1342494438414406e-09,No
3992,5.3055362186915644e-11,No
3993,2.1456962942534297e-11,No
3994,3.1486785401213524e-10,No
3995,1.1145977474313895e-08,No
3996,4.0358161257358915e-11,No
3997,4.8934818003276703e-11,No
3998,0.9999998807907104,Yes
3999,0.9999998807907104,Yes
4000,2.464337067742406e-10,No
4001,1.7433020305102076e-10,No
4002,0.9990445971488953,Yes
4003,5.330186847452012e-10,No
4004,1.282457334772502e-10,No
4005,9.794737937385278e-11,No
4006,0.9999991655349731,Yes
4007,5.853964466950856e-06,No
4008,1.672534472030307e-10,No
4009,2.495522122281102e-10,No
4010,0.9179884791374207,Yes
4011,2.888498551456564e-09,No
4012,2.160473189238843e-10,No
4013,1.6805808966680047e-09,No
4014,0.505882978439331,Yes
4015,0.999755322933197,Yes
4016,1.421065209950001e-10,No
4017,1.5305766376538799e-10,No
4018,0.9999998807907104,Yes
4019,0.018909195438027382,No
4020,7.729635820297176e-10,No
4021,2.551599764810675e-10,No
4022,4.0209427454307445e-10,No
4023,7.532758445449872e-06,No
4024,3.8263706869656744e-08,No
4025,1.0859931620643692e-07,No
4026,0.21157585084438324,No
4027,5.04828449265915e-06,No
4028,5.129924929292429e-09,No
4029,2.875842342042745e-10,No
4030,7.049216947052628e-06,No
4031,4.154634680730851e-08,No
4032,2.4702195844383823e-10,No
4033,1.156768708598932e-10,No
4034,2.2145059397349343e-10,No
4035,5.464972918645117e-10,No
4036,2.0609992879006e-10,No
4037,1.5186540913703084e-10,No
4038,2.0914971173624508e-05,No
4039,0.9998382925987244,Yes
4040,0.9999998807907104,Yes
4041,0.02007478103041649,No
4042,5.609561704034149e-10,No
4043,3.256047376165583e-10,No
4044,1.0,Yes
4045,0.9999998807907104,Yes
4046,2.602163762244203e-10,No
4047,3.008194249254359e-10,No
4048,0.9995766282081604,Yes
4049,0.9999561309814453,Yes
4050,1.3185841307716828e-10,No
4051,1.3279580213243491e-10,No
4052,0.9999837875366211,Yes
4053,0.9999994039535522,Yes
4054,2.379841046451503e-10,No
4055,4.333543246470839e-10,No
4056,0.9999996423721313,Yes
4057,0.9999998807907104,Yes
4058,1.0403717470852669e-10,No
4059,1.8105841825821756e-10,No
4060,0.9997578859329224,Yes
4061,1.143859753938159e-05,No
4062,3.710234064424611e-10,No
4063,8.592953570918382e-10,No
4064,0.9999960064888,Yes
4065,1.0,Yes
4066,3.7789131823728894e-09,No
4067,2.9590454531103205e-09,No
4068,0.19001083076000214,No
4069,0.72507643699646,Yes
4070,1.5522182428284736e-09,No
4071,1.975583030500161e-09,No
4072,0.9999950528144836,Yes
4073,0.000791141006629914,No
4074,2.8185245803946657e-10,No
4075,1.7710759248057428e-10,No
4076,0.9999511241912842,Yes
4077,1.1748500838848486e-07,No
4078,3.6709552064806417e-10,No
4079,3.31893124094762e-10,No
4080,0.9999978542327881,Yes
4081,0.9999944567680359,Yes
4082,1.9752430246988695e-10,No
4083,2.8382313166375184e-10,No
4084,1.0,Yes
4085,1.0,Yes
4086,2.3656757108803106e-10,No
4087,3.816163218761659e-10,No
4088,0.9973717927932739,Yes
4089,0.9999955296516418,Yes
4090,3.0639177306390764e-10,No
4091,5.472556297014819e-10,No
4092,1.0,Yes
4093,1.0,Yes
4094,1.8127403744738757e-10,No
4095,2.8526733752975986e-10,No
4096,1.0,Yes
4097,1.0,Yes
4098,3.9229161585829786e-10,No
4099,1.168223157099746e-10,No
4100,1.177447302325163e-06,No
4101,7.266713964781957e-06,No
4102,4.094480865468597e-10,No
4103,2.862041714735142e-10,No
4104,0.9972097277641296,Yes
4105,0.9999976754188538,Yes
4106,4.249662399757881e-09,No
4107,1.902703772316272e-08,No
4108,3.3288358736172086e-06,No
4109,1.2186119420221075e-05,No
4110,2.50283932468065e-10,No
4111,2.3033017160223324e-10,No
4112,5.744665259044268e-07,No
4113,3.607971734709281e-07,No
4114,2.1057135202173782e-10,No
4115,2.7108898459360375e-10,No
4116,1.0,Yes
4117,0.9999979734420776,Yes
4118,8.404402868089633e-11,No
4119,1.6409043568366144e-10,No
4120,2.2865892512768937e-10,No
4121,2.336269233627064e-10,No
4122,0.5784881711006165,Yes
4123,1.0,Yes
4124,1.6489393184215828e-10,No
4125,1.999224119586529e-10,No
4126,3.032466884178575e-05,No
4127,0.9998725652694702,Yes
4128,2.483262762087435e-10,No
4129,2.5336222009286757e-10,No
4130,0.9987361431121826,Yes
4131,0.12196490913629532,No
4132,3.1501684594203994e-10,No
4133,1.6351681120241324e-10,No
4134,0.9998971223831177,Yes
4135,1.0,Yes
4136,2.7117844081381293e-10,No
4137,1.9690325758769944e-10,No
4138,1.0,Yes
4139,1.0,Yes
4140,9.129743183677874e-09,No
4141,9.88254700295954e-10,No
4142,5.160964433592596e-10,No
4143,2.2581592929782346e-05,No
4144,8.176518662139642e-08,No
4145,6.071196434476178e-09,No
4146,0.0001855156006058678,No
4147,3.486609045921796e-08,No
4148,2.069681648286803e-10,No
4149,4.37926028773461e-10,No
4150,1.3414255262134134e-09,No
4151,3.870653131343715e-09,No
4152,1.912110053625682e-10,No
4153,1.7308576794050623e-10,No
4154,4.070544734613435e-10,No
4155,1.0,Yes
4156,1.1744541450475765e-10,No
4157,1.56827259512049e-10,No
4158,1.7610958247260555e-09,No
4159,4.73279328616627e-07,No
4160,0.9967412352561951,Yes
4161,0.9999998807907104,Yes
4162,1.713151426274706e-10,No
4163,1.3163226064705214e-10,No
4164,0.9999972581863403,Yes
4165,1.0,Yes
4166,2.0315868431985962e-10,No
4167,2.574306601221821e-10,No
4168,0.9999633431434631,Yes
4169,0.9992364645004272,Yes
4170,9.449883237033774e-11,No
4171,2.8774937987918747e-10,No
4172,1.0,Yes
4173,0.9999964833259583,Yes
4174,3.751170485344346e-10,No
4175,2.8144309105471166e-10,No
4176,0.9999976754188538,Yes
4177,1.0,Yes
4178,9.435042330752097e-11,No
4179,1.7741053071063106e-10,No
4180,4.1902309021679685e-05,No
4181,3.5498547390488966e-07,No
4182,4.4154424561071437e-10,No
4183,1.910877706068348e-10,No
4184,0.9999998807907104,Yes
4185,1.0,Yes
4186,1.4843674733810985e-08,No
4187,3.167497819589471e-09,No
4188,8.112221507872164e-07,No
4189,3.170199988744571e-06,No
4190,3.1857153026670915e-10,No
4191,1.4121412927892152e-09,No
4192,0.008852440863847733,No
4193,0.9999991655349731,Yes
4194,2.0695829772154894e-10,No
4195,2.807161447737627e-10,No
4196,1.0,Yes
4197,0.9824700355529785,Yes
4198,7.83651477043179e-11,No
4199,2.038091778677753e-10,No
4200,6.248305761680228e-10,No
4201,1.0364502311954737e-10,No
4202,1.753587719477423e-09,No
4203,0.999998927116394,Yes
4204,3.3082123152006204e-10,No
4205,5.138699687989856e-09,No
4206,1.0,Yes
4207,4.618134852307776e-08,No
4208,2.0220768115475352e-10,No
4209,7.829478038123838e-11,No
4210,0.006148611195385456,No
4211,3.4636226331485886e-08,No
4212,3.5848374269065175e-10,No
4213,1.1995476834059104e-10,No
4214,4.4611460907617584e-05,No
4215,0.9995397925376892,Yes
4216,1.1037059460816678e-10,No
4217,5.104854386428492e-11,No
4218,1.0,Yes
4219,0.00197051209397614,No
4220,4.4078357630539244e-10,No
4221,2.1926965798613196e-10,No
4222,1.0537768435625594e-09,No
4223,1.0447410714320426e-09,No
4224,1.922395682640854e-07,No
4225,1.385478065607515e-09,No
4226,1.0894261492921942e-08,No
4227,1.8985167216101217e-08,No
4228,1.3022803668771843e-10,No
4229,2.442024138460397e-09,No
4230,1.4450958474299114e-07,No
4231,7.00373129802756e-06,No
4232,5.098024086214181e-11,No
4233,1.943829819328613e-10,No
4234,3.110600665934271e-10,No
4235,5.021306148655924e-10,No
4236,4.927398489229518e-10,No
4237,1.2922544978533068e-10,No
4238,0.9999998807907104,Yes
4239,6.724678769387538e-07,No
4240,2.4751906080311414e-10,No
4241,5.257889124088422e-10,No
4242,1.0,Yes
4243,2.844588453676522e-10,No
4244,1.768186708162034e-10,No
4245,2.4606547355254804e-10,No
4246,0.989345133304596,Yes
4247,2.5929468847607495e-06,No
4248,3.7980495193323804e-08,No
4249,1.5189900726131356e-10,No
4250,5.148450998859744e-09,No
4251,9.78809366891653e-10,No
4252,1.5372765560517365e-10,No
4253,2.4730953396279176e-10,No
4254,1.0,Yes
4255,1.0,Yes
4256,2.3240868951557303e-10,No
4257,2.1053318810526633e-10,No
4258,1.0,Yes
4259,0.9782256484031677,Yes
4260,2.508239449472427e-10,No
4261,2.406874144433857e-10,No
4262,1.0640318492960432e-07,No
4263,8.140528370859101e-05,No
4264,8.785988825366076e-08,No
4265,4.444979495588086e-08,No
4266,0.0002227000513812527,No
4267,0.06875748187303543,No
4268,5.084974663560615e-10,No
4269,2.1205617817265932e-10,No
4270,8.126215811365967e-10,No
4271,1.570031038511388e-08,No
4272,9.234234904509364e-11,No
4273,7.480835395590191e-11,No
4274,0.9999853372573853,Yes
4275,8.960021058435075e-10,No
4276,3.1364566499547664e-10,No
4277,7.833451248773216e-11,No
4278,1.0,Yes
4279,8.65418958717612e-10,No
4280,8.479648386128247e-05,No
4281,0.9999871253967285,Yes
4282,4.951073440118137e-10,No
4283,3.284352512178401e-10,No
4284,0.9014065861701965,Yes
4285,0.00033397183869965374,No
4286,4.125099151153222e-10,No
4287,2.665137832646991e-10,No
4288,0.9999566078186035,Yes
4289,0.9996073246002197,Yes
4290,1.9543654194986715e-10,No
4291,1.4312577512054503e-10,No
4292,0.9999991655349731,Yes
4293,0.9998407363891602,Yes
4294,4.919050167195849e-10,No
4295,6.858836276713021e-10,No
4296,0.9999935030937195,Yes
4297,0.9999998807907104,Yes
4298,8.453533706376248e-11,No
4299,9.664611472226525e-11,No
4300,0.9994992017745972,Yes
4301,6.453038992049187e-08,No
4302,3.5500263839693957e-10,No
4303,5.408705705534089e-10,No
4304,1.0,Yes
4305,1.0,Yes
4306,3.661768444018776e-09,No
4307,1.4145513649310715e-09,No
4308,0.58599454164505,Yes
4309,0.9752531051635742,Yes
4310,2.69542899111741e-09,No
4311,1.8644923382993284e-09,No
4312,0.6771596670150757,Yes
4313,0.9644084572792053,Yes
4314,2.898558060238088e-10,No
4315,4.3687814477166853e-10,No
4316,0.9999956488609314,Yes
4317,6.098670723986288e-08,No
4318,1.9883480972815448e-10,No
4319,2.0125461019926405e-10,No
4320,0.9999780654907227,Yes
4321,0.9998718500137329,Yes
4322,4.806062769979746e-10,No
4323,3.9628719750162134e-10,No
4324,1.0,Yes
4325,1.0,Yes
4326,2.139555060898246e-10,No
4327,1.1082941508977484e-10,No
4328,0.6970372200012207,Yes
4329,0.05809818208217621,No
4330,3.4113126212709233e-10,No
4331,5.809970282655286e-10,No
4332,1.0,Yes
4333,1.0,Yes
4334,4.2104891795347044e-10,No
4335,2.392224196512416e-10,No
4336,1.0,Yes
4337,0.9999992847442627,Yes
4338,1.3470372040025325e-10,No
4339,1.8037765725509303e-10,No
4340,2.6294523891579047e-08,No
4341,0.9958905577659607,Yes
4342,2.8251609385243626e-10,No
4343,3.550778282512823e-10,No
4344,0.07705899327993393,No
4345,0.5191737413406372,Yes
4346,1.4842393980529778e-09,No
4347,1.0687659646180236e-09,No
4348,6.157426923891762e-08,No
4349,5.256501367512101e-07,No
4350,2.5341684306567913e-10,No
4351,3.846797880235897e-10,No
4352,0.9999755024909973,Yes
4353,0.9999998807907104,Yes
4354,1.746167377358887e-10,No
4355,2.9058649930746583e-10,No
4356,0.962607741355896,Yes
4357,1.2268224658384952e-08,No
4358,1.0409494793917062e-10,No
4359,3.2786756642977366e-10,No
4360,0.0009645548998378217,No
4361,1.0,Yes
4362,2.4778690210780496e-10,No
4363,2.0924890986595557e-10,No
4364,1.0,Yes
4365,1.0,Yes
4366,2.6817253973021593e-10,No
4367,1.6815804304570747e-10,No
4368,0.0001822204067138955,No
4369,0.9999098777770996,Yes
4370,5.116232437707424e-10,No
4371,5.257929092117308e-10,No
4372,1.0,Yes
4373,1.0,Yes
4374,3.115404323406068e-10,No
4375,3.0443564336124496e-10,No
4376,0.999998927116394,Yes
4377,0.9999982118606567,Yes
4378,2.0337541373205426e-10,No
4379,1.9039034238055308e-10,No
4380,1.443200687845092e-07,No
4381,0.9997258186340332,Yes
4382,2.5283364291084354e-10,No
4383,1.7713361333271394e-10,No
4384,0.9930831789970398,Yes
4385,0.9999145269393921,Yes
4386,1.8378423227716212e-09,No
4387,6.534431329363599e-10,No
4388,1.5750585191653954e-07,No
4389,5.014123871660559e-07,No
4390,3.0116156790604975e-10,No
4391,2.939249399425137e-10,No
4392,7.045574648145703e-07,No
4393,0.9999998807907104,Yes
4394,4.530690822512895e-10,No
4395,2.912973751101333e-10,No
4396,9.491009404882789e-05,No
4397,1.9704135212350593e-08,No
4398,1.28303229152138e-10,No
4399,1.4846292251124993e-10,No
4400,2.458787617953817e-10,No
4401,3.0781163729010075e-10,No
4402,1.3785506070007614e-09,No
4403,7.10689840310863e-10,No
4404,3.411319282609071e-10,No
4405,8.663318673551856e-11,No
4406,1.0,Yes
4407,1.0,Yes
4408,1.6552825776727786e-10,No
4409,2.5078233933939487e-10,No
4410,0.9111923575401306,Yes
4411,0.5803381204605103,Yes
4412,1.076778111119836e-10,No
4413,3.5487404681511237e-10,No
4414,0.03525950759649277,No
4415,1.0,Yes
4416,2.031602386320941e-10,No
4417,1.0697320806940525e-10,No
4418,1.0,Yes
4419,0.9999997615814209,Yes
4420,4.284357313366627e-09,No
4421,2.7446975248146543e-10,No
4422,2.489630333002424e-06,No
4423,9.434885095416234e-10,No
4424,1.1536163135872357e-09,No
4425,2.002698229475186e-09,No
4426,6.8340417769263695e-09,No
4427,1.5322642354931304e-07,No
4428,1.9220898206384618e-09,No
4429,1.858063258808329e-09,No
4430,5.61596380510565e-10,No
4431,6.165095656207598e-10,No
4432,1.4224835198639596e-10,No
4433,1.0955137491608369e-10,No
4434,0.9999977946281433,Yes
4435,1.691675272086357e-10,No
4436,4.824081689669413e-10,No
4437,1.6054139961863e-10,No
4438,3.6007441472918345e-09,No
4439,0.9999973773956299,Yes
4440,3.84461185110041e-10,No
4441,1.7178924949234897e-10,No
4442,0.9986478090286255,Yes
4443,1.0,Yes
4444,1.3629019690597488e-07,No
4445,4.758177740704639e-10,No
4446,0.9999998807907104,Yes
4447,0.09074084460735321,No
4448,1.0457712473765923e-10,No
4449,1.913850605772538e-10,No
4450,0.12553532421588898,No
4451,0.9986005425453186,Yes
4452,1.8862969519695127e-10,No
4453,1.4962647787442052e-10,No
4454,0.9999998807907104,Yes
4455,0.9999991655349731,Yes
4456,2.4124494069077684e-10,No
4457,9.506141013249092e-11,No
4458,1.0,Yes
4459,0.9999983310699463,Yes
4460,2.3430444251459903e-09,No
4461,5.091360111286747e-10,No
4462,3.2531732863105844e-10,No
4463,3.835376460870066e-10,No
4464,2.81600587292985e-09,No
4465,8.917862004409471e-09,No
4466,1.9918564575505115e-09,No
4467,0.0004558329237625003,No
4468,8.648859406434894e-10,No
4469,1.125050164141328e-09,No
4470,9.449292459606795e-10,No
4471,8.26533896880477e-10,No
4472,8.886558849896531e-11,No
4473,1.017107439937881e-10,No
4474,6.530824236961053e-08,No
4475,1.9614421198355103e-10,No
4476,7.544326968700332e-11,No
4477,6.391245171988302e-11,No
4478,0.8435772657394409,Yes
4479,8.635342996221596e-10,No
4480,0.8817704916000366,Yes
4481,0.965251624584198,Yes
4482,4.4894776785042723e-10,No
4483,1.828512757873213e-10,No
4484,0.9999996423721313,Yes
4485,0.9999382495880127,Yes
4486,2.4955554289718407e-10,No
4487,2.3476912081044077e-10,No
4488,0.00784918013960123,No
4489,0.005035387352108955,No
4490,1.6333757957287531e-10,No
4491,1.7839421606602457e-10,No
4492,1.0,Yes
4493,0.9998591542243958,Yes
4494,3.183455721256223e-10,No
4495,5.174221051618133e-10,No
4496,0.9997065663337708,Yes
4497,0.9700267910957336,Yes
4498,2.573697643892814e-10,No
4499,1.442040375998488e-10,No
4500,0.0005082492716610432,No
4501,0.8185147643089294,Yes
4502,4.0247485899591595e-10,No
4503,5.792299972995352e-10,No
4504,0.9322169423103333,Yes
4505,0.9999997615814209,Yes
4506,1.8825885295115086e-09,No
4507,7.182574979225365e-09,No
4508,4.775866813133689e-08,No
4509,7.979131311230958e-08,No
4510,2.359444861710358e-09,No
4511,5.941989678071025e-10,No
4512,0.9998123049736023,Yes
4513,6.520333954540547e-06,No
4514,1.6658359414112311e-10,No
4515,2.4201182724503667e-10,No
4516,0.9999995231628418,Yes
4517,1.0,Yes
4518,7.551900077507057e-11,No
4519,2.6127916497031833e-10,No
4520,0.0009024048922583461,No
4521,0.008506926707923412,No
4522,2.8857494172029874e-10,No
4523,3.029764494844045e-10,No
4524,1.0,Yes
4525,1.0,Yes
4526,2.524023767769279e-10,No
4527,2.9873073459363297e-10,No
4528,0.9996224641799927,Yes
4529,0.9999994039535522,Yes
4530,1.450080194809189e-10,No
4531,5.149322634956377e-10,No
4532,1.0,Yes
4533,1.0,Yes
4534,1.9717083521442191e-10,No
4535,2.2112180142475069e-10,No
4536,0.9999998807907104,Yes
4537,0.9999997615814209,Yes
4538,1.1706521862997477e-10,No
4539,8.370152487779947e-11,No
4540,6.8107617323676095e-09,No
4541,8.177911695383955e-06,No
4542,2.471190474473417e-10,No
4543,2.4313520641250363e-10,No
4544,0.9633904099464417,Yes
4545,0.9493537545204163,Yes
4546,4.149596222191576e-09,No
4547,3.4488607525418047e-09,No
4548,1.2267480542504927e-07,No
4549,6.90466379182908e-07,No
4550,3.03415959024278e-10,No
4551,4.6458273339489153e-10,No
4552,8.028461706999224e-06,No
4553,0.019887659698724747,No
4554,1.9072947388121264e-10,No
4555,3.905170631313126e-10,No
4556,0.9999997615814209,Yes
4557,4.701769853454607e-07,No
4558,1.7184037526263296e-10,No
4559,2.4726048986067894e-10,No
4560,7.719837412878405e-06,No
4561,1.796192373149097e-05,No
4562,5.807909708721581e-10,No
4563,3.512397039884263e-10,No
4564,0.9999467730522156,Yes
4565,0.9999998807907104,Yes
4566,6.120233764228544e-10,No
4567,2.2851592840211765e-10,No
4568,0.011452389881014824,No
4569,5.360827344702557e-06,No
4570,3.999640063589993e-10,No
4571,7.726628781234979e-10,No
4572,0.9999997615814209,Yes
4573,0.9999964833259583,Yes
4574,3.6180219931125635e-10,No
4575,3.263246894924521e-10,No
4576,0.9999990463256836,Yes
4577,0.9999914169311523,Yes
4578,1.4613418808373524e-10,No
4579,3.599004982923759e-10,No
4580,1.5295063349185511e-06,No
4581,4.437948462054919e-07,No
4582,6.081183334671891e-10,No
4583,3.3355138095991776e-10,No
4584,0.5463703870773315,Yes
4585,0.9999728798866272,Yes
4586,5.374503064814462e-10,No
4587,3.4454107122883215e-08,No
4588,1.2853948128110915e-08,No
4589,1.4102981893415745e-08,No
4590,3.1223881813424725e-10,No
4591,5.967499827619349e-10,No
4592,5.26634291730943e-09,No
4593,1.0432525243686541e-07,No
4594,2.330616810652941e-10,No
4595,1.9473180012941071e-10,No
4596,0.011438966728746891,No
4597,7.911163493190543e-07,No
4598,8.470109336133902e-11,No
4599,4.685454246811105e-10,No
4600,1.9351328872652118e-10,No
4601,1.329950455319917e-10,No
4602,0.0010602291440591216,No
4603,0.9999998807907104,Yes
4604,8.440697585321288e-10,No
4605,2.3282530070556362e-10,No
4606,1.1920814557697668e-08,No
4607,1.0,Yes
4608,1.5784365481330553e-10,No
4609,1.4188497599043615e-10,No
4610,0.004508217331022024,No
4611,0.9535307288169861,Yes
4612,2.4296459288919436e-10,No
4613,3.813085402981642e-10,No
4614,0.992830216884613,Yes
4615,0.010815142653882504,No
4616,2.0987646343062494e-10,No
4617,1.1190635917923686e-10,No
4618,0.9999998807907104,Yes
4619,0.999492883682251,Yes
4620,4.89906948342167e-10,No
4621,0.0001629331090953201,No
4622,4.3048825615343844e-10,No
4623,3.709406115603997e-10,No
4624,5.836563676808737e-09,No
4625,4.665247077539902e-10,No
4626,1.617943235032726e-05,No
4627,0.7226516604423523,Yes
4628,2.6036531264317375e-10,No
4629,3.226496569919135e-10,No
4630,9.318712024253273e-09,No
4631,1.0438834863180091e-07,No
4632,1.0768931579807628e-10,No
4633,5.2204129907806873e-11,No
4634,3.0621738034142254e-08,No
4635,0.9999998807907104,Yes
4636,1.2492346046499847e-10,No
4637,1.054112075404845e-10,No
4638,0.9996951222419739,Yes
4639,0.999998927116394,Yes
4640,0.000216850676224567,No
4641,0.00011836237536044791,No
4642,3.1683358714396093e-10,No
4643,3.138760917842376e-10,No
4644,1.0,Yes
4645,0.9999998807907104,Yes
4646,3.913820656453737e-10,No
4647,3.316545649223457e-10,No
4648,0.9880911707878113,Yes
4649,0.9854027032852173,Yes
4650,3.642255663738325e-10,No
4651,3.5573197165739145e-10,No
4652,1.0,Yes
4653,1.0,Yes
4654,2.5253624191812207e-10,No
4655,3.257668856893048e-10,No
4656,0.9999998807907104,Yes
4657,0.9999998807907104,Yes
4658,5.640332090273148e-10,No
4659,1.8187837347305447e-10,No
4660,3.6420973628992215e-05,No
4661,9.487715578870848e-05,No
4662,2.21661999866285e-09,No
4663,3.436284867763817e-10,No
4664,0.9999991655349731,Yes
4665,0.8427747488021851,Yes
4666,1.1595437943157094e-09,No
4667,2.79436873640293e-09,No
4668,2.0411404477727046e-07,No
4669,5.009898700336635e-07,No
4670,2.3441654173339543e-10,No
4671,4.931036690081214e-10,No
4672,1.971726106830829e-07,No
4673,0.12832529842853546,No
4674,5.543225323201284e-10,No
4675,1.6503647060073234e-10,No
4676,0.3463374972343445,No
4677,5.0373984095131163e-08,No
4678,1.2919069980465991e-10,No
4679,2.465644077798146e-10,No
4680,1.9641488435695464e-10,No
4681,1.9050731825398515e-10,No
4682,9.749766549660421e-10,No
4683,5.752553988713771e-10,No
4684,1.5393128438567771e-10,No
4685,1.1035648089796624e-10,No
4686,0.999984622001648,Yes
4687,1.4875637388556129e-09,No
4688,1.1778145125873607e-10,No
4689,2.664141685038146e-10,No
4690,0.0001759951119311154,No
4691,0.9998647570610046,Yes
4692,3.505369883249898e-10,No
4693,1.8658789791015096e-10,No
4694,1.0,Yes
4695,0.8524687886238098,Yes
4696,3.717147145643196e-10,No
4697,3.8900421772680716e-10,No
4698,0.9927091598510742,Yes
4699,3.899885996361263e-06,No
4700,3.8596595364204234e-10,No
4701,3.7354416781987254e-10,No
4702,3.8950911940283106e-10,No
4703,6.298266441717715e-08,No
4704,1.3213272254120056e-08,No
4705,5.2483635215594404e-09,No
4706,4.783112128592393e-09,No
4707,1.4292275409388822e-05,No
4708,3.1846761339160423e-10,No
4709,2.07615480363188e-09,No
4710,2.083128856611438e-05,No
4711,0.00011153006198583171,No
4712,1.9086485170127787e-10,No
4713,1.1287702023077273e-10,No
4714,0.0005186815978959203,No
4715,3.649956115125974e-09,No
4716,2.0357683594429687e-10,No
4717,2.8041058364181026e-10,No
4718,1.1752121498176393e-09,No
4719,0.9998792409896851,Yes
4720,1.5033937983410794e-10,No
4721,1.5569112665758666e-10,No
4722,1.4681817983586143e-09,No
4723,0.9999998807907104,Yes
4724,1.297326968074941e-10,No
4725,1.3265302745146812e-10,No
4726,1.0,Yes
4727,0.999998927116394,Yes
4728,1.780872255219279e-10,No
4729,1.0975906294952154e-10,No
4730,0.0013839923776686192,No
4731,0.5933939218521118,Yes
4732,1.6250724377275816e-10,No
4733,1.1872175464944235e-10,No
4734,1.0,Yes
4735,1.0,Yes
4736,2.0885018714444925e-10,No
4737,2.517451525019254e-10,No
4738,1.0,Yes
4739,0.9999994039535522,Yes
4740,3.149641214506005e-09,No
4741,3.840094109364145e-08,No
4742,4.954011090241295e-10,No
4743,6.297576349290068e-10,No
4744,5.727267105015699e-09,No
4745,3.358364608629927e-08,No
4746,5.108924128194303e-08,No
4747,1.679737692938943e-06,No
4748,1.3239040419499304e-10,No
4749,1.696218027147367e-10,No
4750,1.7725265699652937e-09,No
4751,2.257711706477039e-08,No
4752,9.54169035449759e-11,No
4753,1.2081927125429104e-10,No
4754,2.0733442740450414e-10,No
4755,5.421834092800282e-10,No
4756,1.3120714237313535e-10,No
4757,1.2380410585599577e-10,No
4758,7.54132756242143e-09,No
4759,1.0,Yes
4760,6.848727834851687e-11,No
4761,2.438559909556659e-10,No
4762,0.9991718530654907,Yes
4763,6.147778286447192e-09,No
4764,1.880341160553911e-10,No
4765,1.7871579771622237e-09,No
4766,1.0,Yes
4767,0.9998788833618164,Yes
4768,1.1630583995891897e-10,No
4769,1.1740174110652646e-10,No
4770,0.9946218729019165,Yes
4771,0.20975090563297272,No
4772,1.916104080956771e-10,No
4773,9.903165787417123e-11,No
4774,1.0,Yes
4775,1.0,Yes
4776,2.2736250382404677e-10,No
4777,9.615334917167928e-11,No
4778,0.9999996423721313,Yes
4779,1.0,Yes
4780,4.4848302849231914e-10,No
4781,5.238139921814877e-10,No
4782,4.3130521376610886e-10,No
4783,1.1132399777125102e-05,No
4784,4.641914408409775e-09,No
4785,1.2872489740800575e-09,No
4786,9.351669660873085e-09,No
4787,1.2324160358900826e-08,No
4788,1.4771781020606056e-10,No
4789,1.6126815161054964e-10,No
4790,8.650971050627732e-10,No
4791,1.6792062185189138e-09,No
4792,6.540999686333038e-11,No
4793,3.5021867350604197e-11,No
4794,2.4874957649245744e-10,No
4795,2.6000366304401723e-09,No
4796,7.837052534709343e-11,No
4797,5.594738908265562e-11,No
4798,0.9999988079071045,Yes
4799,0.9999994039535522,Yes
4800,1.5668134845103765e-10,No
4801,1.6318840723172912e-10,No
4802,0.9977800250053406,Yes
4803,1.313444819572851e-08,No
4804,1.294045148814149e-10,No
4805,9.789975080609636e-11,No
4806,0.9999845027923584,Yes
4807,1.9418625015532598e-05,No
4808,2.0891034735459613e-10,No
4809,1.5226768457221596e-10,No
4810,0.3597550690174103,No
4811,2.795482956230444e-09,No
4812,1.8426500603130336e-10,No
4813,1.4358300104433397e-09,No
4814,0.7804213166236877,Yes
4815,0.9997343420982361,Yes
4816,6.15827597250096e-11,No
4817,7.893474068820794e-11,No
4818,0.9999809861183167,Yes
4819,0.02517397329211235,No
4820,2.405631693846999e-09,No
4821,1.506057084599277e-10,No
4822,2.0632057173841645e-10,No
4823,2.830789981089765e-06,No
4824,2.025127976423846e-08,No
4825,1.3815416366469435e-08,No
4826,0.010342277586460114,No
4827,2.5725730665726587e-05,No
4828,3.734004661026802e-09,No
4829,2.1982157760724874e-10,No
4830,2.7694437449099496e-05,No
4831,9.821911284291218e-09,No
4832,1.3798495679395728e-10,No
4833,8.82541262292591e-11,No
4834,3.637673218204185e-10,No
4835,3.0193286759683247e-10,No
4836,7.99693089525988e-11,No
4837,1.1152856416174473e-10,No
4838,5.4075400839792565e-05,No
4839,0.9999967217445374,Yes
4840,0.9990094304084778,Yes
4841,1.7411561202607118e-05,No
4842,2.7268726165985413e-10,No
4843,2.411543187363918e-10,No
4844,0.9999909400939941,Yes
4845,0.9999983310699463,Yes
4846,1.371652097459375e-10,No
4847,2.2128170129587232e-10,No
4848,0.8894737362861633,Yes
4849,0.873903751373291,Yes
4850,8.35927230213862e-11,No
4851,7.729307471837643e-11,No
4852,0.9966864585876465,Yes
4853,0.9998788833618164,Yes
4854,2.874602778035751e-10,No
4855,6.41931063860568e-10,No
4856,0.9999710917472839,Yes
4857,0.9999960064888,Yes
4858,9.65845667333376e-11,No
4859,1.0414022422189362e-10,No
4860,0.994952917098999,Yes
4861,3.367351268934726e-07,No
4862,1.683005124153425e-10,No
4863,4.194738167928591e-10,No
4864,0.9999804496765137,Yes
4865,1.0,Yes
4866,2.020400735602834e-09,No
4867,3.3967515467026033e-09,No
4868,0.00031625444535166025,No
4869,0.0004975522169843316,No
4870,6.859738888032041e-10,No
4871,8.287012742691502e-10,No
4872,0.9962700605392456,Yes
4873,4.960775186191313e-06,No
4874,2.728912373850534e-10,No
4875,1.4646932278150615e-10,No
4876,0.8489722013473511,Yes
4877,7.258502137119649e-07,No
4878,6.009499009529407e-10,No
4879,2.2520151021776513e-10,No
4880,0.9997363090515137,Yes
4881,0.9395982027053833,Yes
4882,8.365555470568609e-11,No
4883,1.5741943859559626e-10,No
4884,1.0,Yes
4885,1.0,Yes
4886,1.983072178690648e-10,No
4887,2.9558680503249946e-10,No
4888,0.3895691931247711,No
4889,0.9944695830345154,Yes
4890,1.6076508180251636e-10,No
4891,2.655892172853669e-10,No
4892,1.0,Yes
4893,1.0,Yes
4894,1.6277930392494255e-10,No
4895,2.1606627598202977e-10,No
4896,0.9999997615814209,Yes
4897,0.9999997615814209,Yes
4898,6.549954467693908e-10,No
4899,8.143821728090472e-11,No
4900,2.0752500518028683e-07,No
4901,6.74767761665862e-08,No
4902,1.7637001581416456e-10,No
4903,2.0395188315980306e-10,No
4904,0.9980192184448242,Yes
4905,0.999916136264801,Yes
4906,2.9144366919808817e-09,No
4907,1.2133277493830974e-08,No
4908,3.083143553794798e-07,No
4909,1.552046569486265e-06,No
4910,1.1123623550046702e-10,No
4911,1.0880939899093889e-10,No
4912,5.6511602508635406e-08,No
4913,3.7785046202998274e-08,No
4914,1.8714642335826426e-10,No
4915,2.1072683875633658e-10,No
4916,0.9999998807907104,Yes
4917,0.9999864101409912,Yes
4918,1.0297760560940006e-10,No
4919,9.650575477637702e-11,No
4920,2.7286259363101806e-10,No
4921,1.933804644194126e-10,No
4922,8.322251233039424e-05,No
4923,0.9999996423721313,Yes
4924,1.378823444309063e-10,No
4925,1.796908732920599e-10,No
4926,0.013153070583939552,No
4927,0.9992424249649048,Yes
4928,2.4560783962179755e-10,No
4929,1.325240472915823e-10,No
4930,0.9458104968070984,Yes
4931,3.462206950644031e-05,No
4932,2.444837665649402e-10,No
4933,1.583976838581691e-10,No
4934,0.9999719262123108,Yes
4935,1.0,Yes
4936,1.24866519901623e-10,No
4937,8.795651013082662e-11,No
4938,0.9999996423721313,Yes
4939,0.9999997615814209,Yes
4940,1.4821014637789176e-08,No
4941,6.583195100162698e-10,No
4942,4.575763379310871e-10,No
4943,1.1131975043099374e-05,No
4944,4.3218431500235965e-08,No
4945,3.1340963158044133e-09,No
4946,3.975450454163365e-05,No
4947,7.875409124835642e-08,No
4948,1.354834300304475e-10,No
4949,2.262723064472283e-10,No
4950,1.8077631835922148e-08,No
4951,8.483505453682483e-09,No
4952,1.0491876811791201e-10,No
4953,1.5320750224034896e-10,No
4954,9.70488578388995e-10,No
4955,0.9999986886978149,Yes
4956,5.0381015331835144e-11,No
4957,1.432104157483849e-10,No
4958,3.713430629659342e-08,No
4959,6.467393541242927e-05,No
4960,0.21007104218006134,No
4961,0.9975928068161011,Yes
4962,7.054897638303359e-11,No
4963,8.580305910221853e-11,No
4964,0.9984410405158997,Yes
4965,1.0,Yes
4966,1.0902233282816809e-10,No
4967,1.6696499738344528e-10,No
4968,0.9609752893447876,Yes
4969,0.8055939674377441,Yes
4970,5.383692797122919e-11,No
4971,1.6069702513110684e-10,No
4972,0.9999998807907104,Yes
4973,0.9996095895767212,Yes
4974,3.209170429396835e-10,No
4975,2.41403286249664e-10,No
4976,0.9981869459152222,Yes
4977,0.9999997615814209,Yes
4978,8.178207416831285e-11,No
4979,1.243804226280787e-10,No
4980,4.796933717443608e-05,No
4981,1.6027598803702858e-08,No
4982,1.705141722263548e-10,No
4983,1.3171588819638202e-10,No
4984,0.9999998807907104,Yes
4985,0.9999997615814209,Yes
4986,8.329278600172074e-09,No
4987,2.999962056549066e-09,No
4988,1.0816271611702177e-07,No
4989,2.388033237821219e-07,No
4990,1.5897336225201286e-10,No
4991,2.665356546582842e-10,No
4992,7.080409704940394e-05,No
4993,0.9999229907989502,Yes
4994,2.0139899470361655e-10,No
4995,2.0850790538595732e-10,No
4996,0.9999968409538269,Yes
4997,0.010857298970222473,No
4998,8.041593779761769e-11,No
4999,1.3111306484958618e-10,No
5000,4.373925943657042e-10,No
5001,9.241159226736073e-11,No
5002,1.065013521817093e-09,No
5003,0.9999616146087646,Yes
5004,2.4908808349266565e-10,No
5005,5.144139558765914e-10,No
5006,0.9999995231628418,Yes
5007,6.933539964393276e-08,No
5008,1.5277475118313788e-10,No
5009,4.9212998259884344e-11,No
5010,0.005647539161145687,No
5011,1.8381342670181766e-08,No
5012,2.8770658078158817e-10,No
5013,1.2515551095493294e-10,No
5014,0.005303947255015373,No
5015,0.9019277691841125,Yes
5016,6.155715520650418e-11,No
5017,4.031438030627221e-11,No
5018,0.9999998807907104,Yes
5019,0.011844717897474766,No
5020,5.059781482685821e-10,No
5021,1.724948517356495e-10,No
5022,5.622448062680974e-10,No
5023,7.755272535270308e-10,No
5024,1.6413605408160947e-07,No
5025,1.7403926078074505e-09,No
5026,1.570596985800421e-08,No
5027,3.720874985901901e-08,No
5028,8.521070654632368e-11,No
5029,1.9589867505942493e-09,No
5030,3.110017132712528e-07,No
5031,1.1815288303296256e-07,No
5032,2.7633700883100687e-11,No
5033,1.8183606009802844e-10,No
5034,6.526695850439523e-10,No
5035,1.1152457846108632e-09,No
5036,2.9437211002125707e-10,No
5037,1.2269266158604353e-10,No
5038,0.9999996423721313,Yes
5039,4.715601335192332e-06,No
5040,1.804623117607207e-10,No
5041,8.160307984894644e-10,No
5042,0.9999667406082153,Yes
5043,1.966170115608179e-09,No
5044,1.6803491931227654e-10,No
5045,1.648168962420371e-10,No
5046,0.3397617042064667,No
5047,5.115671797284449e-07,No
5048,6.307388833448613e-09,No
5049,8.114269672843122e-11,No
5050,3.165922990433501e-08,No
5051,6.058295531907731e-10,No
5052,1.0777170822429127e-10,No
5053,2.1447645048855435e-10,No
5054,0.9999994039535522,Yes
5055,1.0,Yes
5056,9.908966008831399e-11,No
5057,2.2584975556405595e-10,No
5058,0.9999998807907104,Yes
5059,0.9920079708099365,Yes
5060,2.0571504222299808e-10,No
5061,1.709228175661437e-10,No
5062,5.610884201701083e-08,No
5063,5.7296460909128655e-06,No
5064,2.8116707184722145e-08,No
5065,1.156553697256868e-08,No
5066,1.9104452803730965e-05,No
5067,0.025672435760498047,No
5068,3.510896573466482e-10,No
5069,1.3021834999182857e-10,No
5070,2.0918040632977863e-09,No
5071,6.8567205246949925e-09,No
5072,4.9155585851723416e-11,No
5073,6.942197511294879e-11,No
5074,0.9999648332595825,Yes
5075,1.9799968331568607e-09,No
5076,1.022813361784003e-10,No
5077,6.549089048846213e-11,No
5078,1.0,Yes
5079,1.8206068874704329e-09,No
5080,3.3601313589315396e-06,No
5081,0.8841182589530945,Yes
5082,2.434906998249886e-10,No
5083,2.2280934042218092e-10,No
5084,0.0017868850845843554,No
5085,0.00029493632609955966,No
5086,2.6153496035519197e-10,No
5087,2.1719841203360346e-10,No
5088,0.9561716318130493,Yes
5089,0.3964095413684845,No
5090,1.8529024148339346e-10,No
5091,8.27075907761099e-11,No
5092,0.9998813271522522,Yes
5093,0.981552004814148,Yes
5094,6.776575411926444e-10,No
5095,1.1016642043060187e-09,No
5096,0.9927660226821899,Yes
5097,0.9999146461486816,Yes
5098,7.733436113710468e-11,No
5099,5.7110514234404164e-11,No
5100,0.8951548337936401,Yes
5101,1.9554709851377083e-08,No
5102,1.6023761484351695e-10,No
5103,3.8540245994589384e-10,No
5104,1.0,Yes
5105,1.0,Yes
5106,3.393209491164839e-09,No
5107,1.6999824881125392e-09,No
5108,0.013080336153507233,No
5109,0.01740649715065956,No
5110,9.84583969909636e-10,No
5111,1.1552810930126611e-09,No
5112,0.033450353890657425,No
5113,0.25074005126953125,No
5114,3.3409514044180355e-10,No
5115,4.034301781530303e-10,No
5116,0.9983779191970825,Yes
5117,1.5175066891970346e-07,No
5118,2.1389714999209275e-10,No
5119,1.2898239420966462e-10,No
5120,0.8700039386749268,Yes
5121,0.5304198861122131,Yes
5122,2.932048770443174e-10,No
5123,2.5714061435699875e-10,No
5124,0.9999997615814209,Yes
5125,0.9999998807907104,Yes
5126,1.4055945296576056e-10,No
5127,9.090446451143208e-11,No
5128,0.0053919716738164425,No
5129,4.846408774028532e-05,No
5130,2.0672197287296967e-10,No
5131,3.2978927921867296e-10,No
5132,1.0,Yes
5133,1.0,Yes
5134,4.336139225458169e-10,No
5135,2.4519455910088084e-10,No
5136,0.9999998807907104,Yes
5137,0.9972962141036987,Yes
5138,1.0627119323425305e-10,No
5139,1.2350549749573503e-10,No
5140,4.473984205333181e-08,No
5141,0.0007075041066855192,No
5142,1.7642788618932315e-10,No
5143,3.890561761643596e-10,No
5144,0.11992613226175308,No
5145,0.0268569178879261,No
5146,1.211742817197603e-09,No
5147,9.900847919297462e-10,No
5148,1.4412415261233491e-08,No
5149,8.428510511748755e-08,No
5150,1.5587296731123246e-10,No
5151,1.7458609558040905e-10,No
5152,0.9999744892120361,Yes
5153,0.9999991655349731,Yes
5154,2.057974624047887e-10,No
5155,3.6197408959104393e-10,No
5156,0.006269549019634724,No
5157,2.6270511099824034e-08,No
5158,1.1039669178813938e-10,No
5159,5.409686032464833e-10,No
5160,1.6944830349530093e-05,No
5161,0.9985553026199341,Yes
5162,1.0584255000223308e-10,No
5163,1.4697726369305997e-10,No
5164,0.9999998807907104,Yes
5165,0.9999998807907104,Yes
5166,1.6545471936968426e-10,No
5167,1.3286725886185735e-10,No
5168,1.5861936617511674e-06,No
5169,0.9951807856559753,Yes
5170,3.1064265049174367e-10,No
5171,2.9974955850775586e-10,No
5172,0.9999997615814209,Yes
5173,1.0,Yes
5174,4.0009068280610904e-10,No
5175,3.092805456184067e-10,No
5176,0.9997963309288025,Yes
5177,0.9999483227729797,Yes
5178,1.955618306181961e-10,No
5179,1.1627745294395808e-10,No
5180,1.4838302320185903e-07,No
5181,0.05528653785586357,No
5182,1.7715659494932368e-10,No
5183,1.0111304848958724e-10,No
5184,0.992819607257843,Yes
5185,0.9984772801399231,Yes
5186,8.789148298049554e-10,No
5187,5.907963007700801e-10,No
5188,3.661211778194229e-08,No
5189,1.0137775063867593e-07,No
5190,1.6526768842339834e-10,No
5191,1.7170997956839074e-10,No
5192,1.8289617287337023e-07,No
5193,0.9999990463256836,Yes
5194,5.808352687708407e-10,No
5195,2.687670364043271e-10,No
5196,4.853982318309136e-07,No
5197,5.686202442234389e-08,No
5198,1.5137550934962718e-10,No
5199,1.4617684840345646e-10,No
5200,1.5851100987340772e-10,No
5201,2.0712295767388866e-10,No
5202,2.0325423122358188e-08,No
5203,1.220707002147492e-08,No
5204,3.0095659298012833e-10,No
5205,9.122927413507398e-11,No
5206,0.9999893307685852,Yes
5207,1.0,Yes
5208,2.5865617980791455e-10,No
5209,9.482400281646264e-11,No
5210,0.7632184624671936,Yes
5211,0.012494846247136593,No
5212,8.428723691222828e-11,No
5213,5.005948433556284e-10,No
5214,0.011471623554825783,No
5215,0.9999986886978149,Yes
5216,1.264341131790303e-10,No
5217,8.721411787204758e-11,No
5218,0.9999997615814209,Yes
5219,0.9999878406524658,Yes
5220,1.3609350979493229e-08,No
5221,2.0742144113405914e-10,No
5222,1.511479581495223e-06,No
5223,7.89310172777391e-10,No
5224,7.599833540261614e-10,No
5225,1.4034093887005383e-09,No
5226,1.3286763689279724e-08,No
5227,4.967176892023417e-07,No
5228,1.6580957717948763e-09,No
5229,1.733630572431366e-09,No
5230,1.4766351474904127e-09,No
5231,1.2067402632709445e-09,No
5232,1.0079783535621445e-10,No
5233,1.0916091641721692e-10,No
5234,0.9999980926513672,Yes
5235,2.2437703084410288e-10,No
5236,3.7893266302546635e-10,No
5237,9.758338581633552e-11,No
5238,5.644115219638479e-08,No
5239,0.9999997615814209,Yes
5240,2.0536887468391996e-10,No
5241,1.3690330813442841e-10,No
5242,0.19084061682224274,No
5243,1.0,Yes
5244,4.5813113302983766e-09,No
5245,5.440553008106974e-10,No
5246,0.999983549118042,Yes
5247,0.5889556407928467,Yes
5248,1.533560223254682e-10,No
5249,1.1358713969400469e-10,No
5250,0.008146720007061958,No
5251,0.47290030121803284,No
5252,2.0443793879998395e-10,No
5253,1.6588699858210987e-10,No
5254,0.9999984502792358,Yes
5255,0.9999671578407288,Yes
5256,1.4942314052746042e-10,No
5257,5.760862967219005e-11,No
5258,1.0,Yes
5259,0.9997750520706177,Yes
5260,1.0023561536343095e-08,No
5261,1.468721672059914e-10,No
5262,2.013978428472285e-10,No
5263,3.152945404760743e-10,No
5264,2.986870306642686e-09,No
5265,7.962161596708484e-09,No
5266,2.245269747902512e-09,No
5267,0.0002244839706690982,No
5268,8.654569283450542e-10,No
5269,7.952762892671217e-10,No
5270,5.012935844206368e-09,No
5271,2.7279249970035835e-09,No
5272,6.757353010478084e-11,No
5273,9.19572543112146e-11,No
5274,0.00018391499179415405,No
5275,1.8466188300703124e-10,No
5276,3.643205528924831e-11,No
5277,4.881921950028456e-11,No
5278,0.9946914315223694,Yes
5279,1.4375263202026645e-09,No
5280,0.003501972183585167,No
5281,0.008269066922366619,No
5282,2.0818760604335296e-10,No
5283,1.181056225041388e-10,No
5284,0.9999150037765503,Yes
5285,0.9915120005607605,Yes
5286,1.2576714669698674e-10,No
5287,1.7113159500592445e-10,No
5288,9.010939538711682e-05,No
5289,2.0498402591329068e-05,No
5290,7.952546954292927e-11,No
5291,1.1573160485500722e-10,No
5292,0.9999984502792358,Yes
5293,0.9580010771751404,Yes
5294,3.674724136093488e-10,No
5295,6.762578830254995e-10,No
5296,0.8919905424118042,Yes
5297,0.23416438698768616,No
5298,2.44400305549064e-10,No
5299,8.22286266854988e-11,No
5300,2.2082918803789653e-05,No
5301,0.002842443296685815,No
5302,2.32440608427531e-10,No
5303,3.7917557982325434e-10,No
5304,0.9272382855415344,Yes
5305,0.9999983310699463,Yes
5306,1.1679586187085533e-09,No
5307,6.872589608519775e-09,No
5308,2.489472805677906e-08,No
5309,4.9711953664655084e-08,No
5310,1.0824496854411336e-09,No
5311,1.8462349704595482e-10,No
5312,0.5981553792953491,Yes
5313,8.152215741574764e-06,No
5314,1.8914055044394473e-10,No
5315,1.7260905205152e-10,No
5316,0.9999595284461975,Yes
5317,0.9999997615814209,Yes
5318,6.724965029292207e-11,No
5319,1.805690458267506e-10,No
5320,5.68555187783204e-05,No
5321,3.3716742109390907e-06,No
5322,1.1547053591076661e-10,No
5323,1.4534833059354213e-10,No
5324,1.0,Yes
5325,0.9999974370002747,Yes
5326,1.707807506523551e-10,No
5327,2.1937675287464486e-10,No
5328,0.9479424357414246,Yes
5329,0.9999945759773254,Yes
5330,8.796993689053068e-11,No
5331,2.906447027495318e-10,No
5332,1.0,Yes
5333,0.9999985694885254,Yes
5334,1.7250702255555694e-10,No
5335,2.493390771629578e-10,No
5336,0.9999998807907104,Yes
5337,0.9999992847442627,Yes
5338,1.0015295537346702e-10,No
5339,4.443277343280094e-11,No
5340,1.0984356535459483e-08,No
5341,1.8086707598286011e-07,No
5342,1.7226141346693424e-10,No
5343,1.8093138098862482e-10,No
5344,0.9766885042190552,Yes
5345,0.6447582840919495,Yes
5346,4.7070884967581605e-09,No
5347,3.233860734752625e-09,No
5348,2.8351934133752366e-08,No
5349,1.8553591019099258e-07,No
5350,1.3748396865409518e-10,No
5351,1.5171716660766776e-10,No
5352,4.6965178057689627e-07,No
5353,6.692941678920761e-05,No
5354,1.741866234583611e-10,No
5355,4.1383860227561797e-10,No
5356,0.9999210834503174,Yes
5357,4.762976857364265e-08,No
5358,2.037454233105862e-10,No
5359,1.4581706675453887e-10,No
5360,1.2598331977642374e-06,No
5361,1.5747882287087123e-07,No
5362,3.351028621256802e-10,No
5363,1.7749988978632558e-10,No
5364,0.95479816198349,Yes
5365,0.9999990463256836,Yes
5366,4.4171946655957584e-10,No
5367,1.9756160596351435e-10,No
5368,0.00022074583102948964,No
5369,1.2009091676645767e-07,No
5370,3.442779672457874e-10,No
5371,4.917117824021489e-10,No
5372,0.9999898076057434,Yes
5373,0.9973027110099792,Yes
5374,3.0058772138019663e-10,No
5375,3.912230817082474e-10,No
5376,0.9999933838844299,Yes
5377,0.9982633590698242,Yes
5378,1.1430564134107257e-10,No
5379,2.2582563596884597e-10,No
5380,1.2915910474475822e-07,No
5381,2.24999094911027e-08,No
5382,3.4849970131922703e-10,No
5383,2.1658244642175362e-10,No
5384,0.1235484927892685,No
5385,0.9996541142463684,Yes
5386,4.953699117571375e-10,No
5387,1.3332433823620704e-08,No
5388,5.969631899915839e-09,No
5389,7.105681820718246e-09,No
5390,1.7351613201821436e-10,No
5391,1.6504088373725523e-10,No
5392,1.0322996901734882e-09,No
5393,8.464287937215431e-09,No
5394,1.9612363122423204e-10,No
5395,1.7767567972448717e-10,No
5396,4.709093991550617e-05,No
5397,2.770002183183351e-08,No
5398,1.2972033169855735e-10,No
5399,3.3572919444502247e-10,No
5400,1.4917311830231483e-10,No
5401,1.2828217654803353e-10,No
5402,2.7043835871154442e-05,No
5403,0.9999951720237732,Yes
5404,8.416454200244061e-10,No
5405,2.817809874322563e-10,No
5406,1.2174493413397158e-08,No
5407,0.9999991655349731,Yes
5408,2.5051077878757155e-10,No
5409,8.201763573856269e-11,No
5410,0.0002522139111533761,No
5411,0.3127363920211792,No
5412,3.062906872575155e-10,No
5413,4.6129358666213705e-10,No
5414,0.8192570805549622,Yes
5415,0.021309221163392067,No
5416,1.1537675675965531e-10,No
5417,7.58488549745806e-11,No
5418,0.9999990463256836,Yes
5419,0.9768224954605103,Yes
5420,1.055913578795753e-09,No
5421,6.49205063041336e-08,No
5422,3.5302491485644794e-10,No
5423,4.205849835070552e-10,No
5424,3.917594249003287e-09,No
5425,4.781084417260217e-10,No
5426,1.8857934946936439e-06,No
5427,0.699137270450592,Yes
5428,2.1079196721451865e-10,No
5429,1.8353087105626997e-10,No
5430,9.036364545522702e-09,No
5431,4.068810000035228e-08,No
5432,7.039628602267811e-11,No
5433,4.892306004755653e-11,No
5434,6.684830395897734e-07,No
5435,0.9999271035194397,Yes
5436,6.86374013181279e-11,No
5437,7.568930204815416e-11,No
5438,0.9925537705421448,Yes
5439,0.9999997615814209,Yes
5440,8.374813660338987e-06,No
5441,3.251599764553248e-06,No
5442,1.6077458808716472e-10,No
5443,1.8374873844706485e-10,No
5444,0.9999990463256836,Yes
5445,0.9998902082443237,Yes
5446,2.767739093467725e-10,No
5447,2.2275664646187465e-10,No
5448,0.021445365622639656,No
5449,0.6737813949584961,Yes
5450,2.9215818653227643e-10,No
5451,1.8165267900993598e-10,No
5452,1.0,Yes
5453,1.0,Yes
5454,2.0128110289618917e-10,No
5455,2.7051411111145285e-10,No
5456,0.9999994039535522,Yes
5457,0.9999951720237732,Yes
5458,5.914400080797577e-10,No
5459,1.2537101912180049e-10,No
5460,2.236538966826629e-05,No
5461,1.9923343188565923e-06,No
5462,6.165389310197611e-10,No
5463,1.6013526615843432e-10,No
5464,0.999998927116394,Yes
5465,0.01699024811387062,No
5466,8.971444143135443e-10,No
5467,2.446578939441224e-09,No
5468,3.0529538008750023e-08,No
5469,9.608125139948243e-08,No
5470,1.1329352039846086e-10,No
5471,1.6784466871921921e-10,No
5472,3.339801324386826e-08,No
5473,0.000783817027695477,No
5474,4.4177841940218343e-10,No
5475,1.5663771668616988e-10,No
5476,7.275393727468327e-05,No
5477,4.477202253383439e-08,No
5478,1.239709168654457e-10,No
5479,1.3812977150973182e-10,No
5480,1.1995018867061447e-10,No
5481,1.49846107744267e-10,No
5482,6.500337157433478e-09,No
5483,2.908201013340772e-09,No
5484,1.6612701492224602e-10,No
5485,9.925630456431023e-11,No
5486,0.9998645186424255,Yes
5487,1.4098349154778589e-09,No
5488,1.2815135064236927e-10,No
5489,1.4167972350875857e-10,No
5490,1.8514418115955777e-05,No
5491,0.9048221707344055,Yes
5492,2.795001452504664e-10,No
5493,1.6654133627724832e-10,No
5494,1.0,Yes
5495,0.9803836941719055,Yes
5496,1.3741213722440193e-10,No
5497,2.4488561178870327e-10,No
5498,0.9536150693893433,Yes
5499,0.00022017661831341684,No
5500,3.450721097753018e-10,No
5501,3.0146560248134335e-10,No
5502,3.4945815685638593e-10,No
5503,8.338962942389117e-08,No
5504,5.7057767399726345e-09,No
5505,3.849779606213133e-09,No
5506,4.132724829020162e-09,No
5507,5.386315388022922e-05,No
5508,1.8658932732229516e-10,No
5509,1.2576434338384956e-09,No
5510,3.434426253079437e-05,No
5511,1.7016138826875249e-06,No
5512,1.1261681864827011e-10,No
5513,8.209887630838963e-11,No
5514,0.8689097762107849,Yes
5515,3.4466316467529623e-09,No
5516,7.647962124712748e-11,No
5517,2.2666236942914253e-10,No
5518,3.017954330886141e-09,No
5519,0.9999964237213135,Yes
5520,1.8855522698757454e-10,No
5521,1.947191713425056e-10,No
5522,1.2568185381311991e-09,No
5523,0.9999797344207764,Yes
5524,1.3645908014670027e-10,No
5525,1.830491314080973e-10,No
5526,1.0,Yes
5527,0.9997549653053284,Yes
5528,5.894703614117702e-10,No
5529,6.936519414413311e-11,No
5530,0.00019999135110992938,No
5531,0.004328311420977116,No
5532,1.1028073593211118e-10,No
5533,1.0528541927179447e-10,No
5534,0.9999997615814209,Yes
5535,1.0,Yes
5536,9.670936967909327e-11,No
5537,1.9947563045796812e-10,No
5538,0.9999977350234985,Yes
5539,0.9999956488609314,Yes
5540,3.765279199541283e-09,No
5541,9.435754400044516e-09,No
5542,4.446823742565442e-10,No
5543,8.647506599679389e-10,No
5544,5.8876388209228026e-09,No
5545,5.467613473086885e-09,No
5546,9.335668949006504e-08,No
5547,7.532212293881457e-06,No
5548,1.069450569768371e-10,No
5549,1.116880060658687e-10,No
5550,9.722343818907575e-09,No
5551,3.1671852696035785e-08,No
5552,6.544394193230829e-11,No
5553,1.0026859897926954e-10,No
5554,4.4184078618059175e-10,No
5555,6.013156084172522e-10,No
5556,9.804269895941076e-11,No
5557,7.728481743463078e-11,No
5558,2.963469292183163e-08,No
5559,1.0,Yes
5560,8.643331189661652e-11,No
5561,2.0817410295581595e-10,No
5562,0.9065968990325928,Yes
5563,2.1049165965791872e-08,No
5564,2.2163229584926114e-10,No
5565,5.74195357927465e-10,No
5566,0.9999998807907104,Yes
5567,0.9958965182304382,Yes
5568,1.4127279901465783e-10,No
5569,7.451713551764882e-11,No
5570,0.9467758536338806,Yes
5571,0.0010150944581255317,No
5572,1.6576934269707522e-10,No
5573,9.057424255054514e-11,No
5574,1.0,Yes
5575,1.0,Yes
5576,1.6978947414703072e-10,No
5577,5.857412471721446e-11,No
5578,0.9999662041664124,Yes
5579,0.9999997615814209,Yes
5580,7.202147211948784e-10,No
5581,2.2378422726010427e-10,No
5582,5.477411857413017e-10,No
5583,1.4990684576332569e-05,No
5584,7.504194599050606e-09,No
5585,1.2065468624200548e-09,No
5586,1.536055904693967e-08,No
5587,2.8388136286139343e-08,No
5588,1.0980345105382483e-10,No
5589,1.2177965580395522e-10,No
5590,4.685367205325974e-09,No
5591,1.2273045690847084e-08,No
5592,4.272194403798224e-11,No
5593,2.5988194235493367e-11,No
5594,6.556116205480578e-10,No
5595,1.6865728813542091e-09,No
5596,5.029892127805802e-11,No
5597,3.751597643653071e-11,No
5598,0.999998927116394,Yes
5599,0.9999997615814209,Yes
5600,2.482788974411676e-10,No
5601,2.501440998781135e-10,No
5602,0.012972389347851276,No
5603,1.312973907374726e-08,No
5604,5.383661919045046e-11,No
5605,5.2931242722209504e-11,No
5606,0.9999988079071045,Yes
5607,0.003917145077139139,No
5608,7.612396824008272e-10,No
5609,7.596587803249122e-10,No
5610,0.9939736723899841,Yes
5611,1.9344231816376123e-07,No
5612,3.297226103260442e-10,No
5613,1.0217491297481729e-09,No
5614,0.009322920814156532,No
5615,0.0004244734882377088,No
5616,1.0396140892598993e-10,No
5617,1.340493827051148e-10,No
5618,0.9993821382522583,Yes
5619,1.6249574400717393e-05,No
5620,8.778610616211324e-10,No
5621,7.793986289694743e-11,No
5622,1.9202274492702287e-10,No
5623,5.791908392893674e-07,No
5624,2.396568499207774e-09,No
5625,1.7417972619782063e-09,No
5626,4.73994816729828e-07,No
5627,6.244367796170991e-07,No
5628,1.721051745562363e-09,No
5629,3.582410756930443e-10,No
5630,9.576064621796831e-05,No
5631,3.326304920392431e-08,No
5632,1.742590655107179e-10,No
5633,1.2479414723820526e-10,No
5634,2.858964731622393e-10,No
5635,6.494385029753857e-10,No
5636,1.2343862043628917e-10,No
5637,2.443727997736289e-10,No
5638,4.0692713810130954e-05,No
5639,0.4054560959339142,No
5640,0.999998927116394,Yes
5641,0.8524990081787109,Yes
5642,3.1939165201499975e-10,No
5643,5.0519222138945e-10,No
5644,1.0,Yes
5645,1.0,Yes
5646,1.5901611971624874e-10,No
5647,1.7524834361459796e-10,No
5648,0.9999923706054688,Yes
5649,0.9999992847442627,Yes
5650,2.6985705336990407e-10,No
5651,2.269162913126621e-10,No
5652,0.9999626278877258,Yes
5653,0.9999911785125732,Yes
5654,4.1874556599985624e-10,No
5655,4.870224779018884e-10,No
5656,0.9999998807907104,Yes
5657,0.9999998807907104,Yes
5658,1.3930265274630926e-10,No
5659,1.500377322383173e-10,No
5660,0.9999986886978149,Yes
5661,0.010272969491779804,No
5662,2.3093810197494236e-10,No
5663,3.308174290062027e-10,No
5664,0.9999893307685852,Yes
5665,0.9999998807907104,Yes
5666,1.7409869101925324e-09,No
5667,2.0640804621052666e-09,No
5668,0.816023051738739,Yes
5669,0.999687135219574,Yes
5670,1.9377968119016487e-09,No
5671,1.1875805894234759e-09,No
5672,0.999994158744812,Yes
5673,0.9912256002426147,Yes
5674,5.497528543507713e-10,No
5675,4.3339648536644404e-10,No
5676,0.9999914169311523,Yes
5677,2.1955032991627377e-07,No
5678,6.872271640645522e-10,No
5679,5.988490814345937e-10,No
5680,0.9999998807907104,Yes
5681,0.9999557733535767,Yes
5682,1.797789694890639e-10,No
5683,3.0983315912891385e-10,No
5684,1.0,Yes
5685,1.0,Yes
5686,1.0523262122807964e-10,No
5687,1.2771358970375957e-10,No
5688,0.9999696016311646,Yes
5689,0.9999994039535522,Yes
5690,8.549988494976901e-10,No
5691,9.676180967588266e-10,No
5692,1.0,Yes
5693,1.0,Yes
5694,2.2072907390757734e-10,No
5695,2.5140922677024946e-10,No
5696,1.0,Yes
5697,0.9999998807907104,Yes
5698,5.448912987482402e-10,No
5699,1.5295668898129833e-10,No
5700,1.983219817702775e-06,No
5701,3.495823193588876e-06,No
5702,2.5927060498531773e-10,No
5703,9.995772959348059e-11,No
5704,0.9980608224868774,Yes
5705,0.9999706745147705,Yes
5706,1.1357462748051717e-09,No
5707,6.81095291277245e-10,No
5708,0.02094295620918274,No
5709,0.001211671158671379,No
5710,6.048734846331172e-10,No
5711,1.4692232153112883e-10,No
5712,0.977803647518158,Yes
5713,6.390757334884256e-06,No
5714,2.36580643964146e-10,No
5715,2.5606436415692713e-10,No
5716,0.9999995231628418,Yes
5717,0.9999998807907104,Yes
5718,5.7624675864342834e-11,No
5719,9.034012427022731e-11,No
5720,1.6844374506330695e-10,No
5721,1.7368466387335246e-10,No
5722,0.6387199759483337,Yes
5723,0.999937891960144,Yes
5724,8.411796259544246e-11,No
5725,1.8135219714832118e-10,No
5726,0.4866412580013275,No
5727,0.9999812841415405,Yes
5728,7.045179439835181e-10,No
5729,9.038997328403298e-10,No
5730,0.9999597668647766,Yes
5731,0.7674952149391174,Yes
5732,3.684142158011383e-10,No
5733,2.465352644254182e-10,No
5734,0.9976826906204224,Yes
5735,0.9999997615814209,Yes
5736,2.7094887444789606e-10,No
5737,1.770971286285672e-10,No
5738,0.9999971985816956,Yes
5739,0.9915730357170105,Yes
5740,1.4950560789372958e-09,No
5741,2.5361024391656883e-10,No
5742,1.0258147664643502e-09,No
5743,4.3867450585821643e-05,No
5744,3.4072764609760497e-09,No
5745,9.04763930442698e-10,No
5746,2.227565801149467e-06,No
5747,1.7969208343515675e-08,No
5748,2.945602650683554e-10,No
5749,1.1203263872161529e-09,No
5750,2.972731039108112e-08,No
5751,1.3322068070920068e-07,No
5752,1.3775433571616702e-10,No
5753,2.378053032270344e-10,No
5754,9.492792107934633e-10,No
5755,0.9999998807907104,Yes
5756,7.901879151006597e-11,No
5757,1.2050214992509467e-10,No
5758,3.275302251637413e-09,No
5759,1.0229750841972418e-05,No
5760,0.9999887943267822,Yes
5761,0.999994158744812,Yes
5762,1.901319657271472e-10,No
5763,2.4826374289688147e-10,No
5764,0.9999998807907104,Yes
5765,1.0,Yes
5766,1.2883856481682443e-10,No
5767,1.7283505182597025e-10,No
5768,0.9999969601631165,Yes
5769,0.9999592304229736,Yes
5770,2.2941776256502067e-10,No
5771,3.7923991724753137e-10,No
5772,0.9999998807907104,Yes
5773,0.9999878406524658,Yes
5774,3.4787872582597856e-10,No
5775,3.254197189495045e-10,No
5776,0.9999083876609802,Yes
5777,1.0,Yes
5778,1.2005089977673578e-10,No
5779,1.5870947611684727e-10,No
5780,0.0046043419279158115,No
5781,4.447943501872942e-05,No
5782,1.637399660303629e-10,No
5783,8.163729414700782e-11,No
5784,0.9999990463256836,Yes
5785,0.9999996423721313,Yes
5786,2.694226175492531e-09,No
5787,5.548524972809332e-10,No
5788,0.00016588969447184354,No
5789,0.035994358360767365,No
5790,5.047915418998628e-10,No
5791,6.469016433641173e-10,No
5792,0.7482122182846069,Yes
5793,0.9999956488609314,Yes
5794,3.590688024690536e-10,No
5795,1.0554001006468638e-09,No
5796,0.9999996423721313,Yes
5797,0.9762908816337585,Yes
5798,7.408362118210832e-11,No
5799,2.0733799399597075e-10,No
5800,5.553479898168234e-10,No
5801,4.868002528857218e-11,No
5802,2.6097748406783694e-09,No
5803,0.8208646774291992,Yes
5804,6.450728839979547e-11,No
5805,1.4272831527772922e-10,No
5806,0.9999996423721313,Yes
5807,5.223313928581774e-05,No
5808,7.992497774722551e-10,No
5809,2.3005707061596326e-10,No
5810,0.3596760034561157,No
5811,2.64853525777653e-07,No
5812,4.728132885212233e-10,No
5813,2.8600607993034544e-10,No
5814,0.00010913517326116562,No
5815,0.00011438472574809566,No
5816,2.2295981727538106e-10,No
5817,8.203829282571462e-11,No
5818,1.0,Yes
5819,4.438316318555735e-05,No
5820,3.4152516925622933e-10,No
5821,6.143540537406622e-11,No
5822,2.0009076617810706e-09,No
5823,3.915905821827437e-09,No
5824,5.624424925798621e-09,No
5825,2.1957308193876202e-10,No
5826,3.2257354565246033e-09,No
5827,1.831747020730745e-08,No
5828,1.5458269386758872e-10,No
5829,6.370509675335256e-10,No
5830,0.0013741839211434126,No
5831,1.846990744525101e-05,No
5832,5.5092087142272206e-11,No
5833,1.143355202182228e-10,No
5834,4.718546664506107e-10,No
5835,6.534356944420949e-10,No
5836,1.2634129853417164e-10,No
5837,8.203501072889807e-11,No
5838,0.9998809695243835,Yes
5839,2.818688926709001e-06,No
5840,2.941992205407473e-10,No
5841,2.991937531060529e-10,No
5842,0.9999927282333374,Yes
5843,2.1163484298369895e-09,No
5844,6.82461656631439e-11,No
5845,1.435133956118051e-10,No
5846,0.9995737671852112,Yes
5847,0.017517169937491417,No
5848,2.890059569438108e-08,No
5849,1.7217370584798886e-10,No
5850,0.00023502332624047995,No
5851,1.2745936528446578e-09,No
5852,2.8172347787958074e-10,No
5853,3.2699198904140303e-10,No
5854,0.9995462894439697,Yes
5855,0.9999996423721313,Yes
5856,1.607322885899265e-10,No
5857,6.749460434996024e-10,No
5858,0.9999997615814209,Yes
5859,0.002691537607461214,No
5860,1.6660393897804937e-10,No
5861,7.882370450795761e-11,No
5862,2.3984503059182316e-06,No
5863,0.0002715921145863831,No
5864,1.4484252686131072e-09,No
5865,9.337727258085238e-10,No
5866,7.506115906608102e-08,No
5867,1.0589055676746284e-07,No
5868,7.332635609813565e-10,No
5869,2.954684552580744e-10,No
5870,1.385369596818009e-09,No
5871,3.8743047525713337e-07,No
5872,1.1393278681604002e-10,No
5873,1.1445858150160859e-10,No
5874,0.9999744892120361,Yes
5875,1.8790764499954093e-09,No
5876,1.883672384739299e-10,No
5877,4.7996571994612935e-11,No
5878,0.9999991655349731,Yes
5879,9.248186216836984e-09,No
5880,0.00028441514587029815,No
5881,0.9999710917472839,Yes
5882,3.147585803109365e-10,No
5883,4.891384519645214e-10,No
5884,0.9964205622673035,Yes
5885,0.9691460728645325,Yes
5886,2.5229554556638334e-10,No
5887,2.0372210862706908e-10,No
5888,0.9999986886978149,Yes
5889,0.9999977350234985,Yes
5890,6.403401142662801e-10,No
5891,3.273483151211565e-10,No
5892,0.9999988079071045,Yes
5893,0.9997797012329102,Yes
5894,4.796575359122812e-10,No
5895,9.584103510817954e-10,No
5896,0.9999924302101135,Yes
5897,0.9999997615814209,Yes
5898,1.3017838196294207e-10,No
5899,1.18000470505919e-10,No
5900,0.9999991655349731,Yes
5901,4.765793448768818e-08,No
5902,1.9599274980741654e-10,No
5903,4.713006096501715e-10,No
5904,0.9999998807907104,Yes
5905,1.0,Yes
5906,1.7651650141559116e-09,No
5907,1.1103005181922754e-09,No
5908,0.5940932035446167,Yes
5909,0.9800469875335693,Yes
5910,2.365685869420986e-09,No
5911,1.6078632869565013e-09,No
5912,0.9969707727432251,Yes
5913,0.9995216131210327,Yes
5914,5.071036923709471e-10,No
5915,1.078011679922497e-09,No
5916,0.999998927116394,Yes
5917,5.238125595496967e-07,No
5918,3.5245167895325835e-10,No
5919,2.4147372990057647e-10,No
5920,0.9999949336051941,Yes
5921,0.9999722838401794,Yes
5922,4.921744123365102e-10,No
5923,2.91994373124993e-10,No
5924,1.0,Yes
5925,1.0,Yes
5926,2.489152217677315e-10,No
5927,9.720460547590903e-11,No
5928,0.9996956586837769,Yes
5929,0.9987335205078125,Yes
5930,2.7243058919879104e-09,No
5931,2.4204842574704344e-09,No
5932,1.0,Yes
5933,1.0,Yes
5934,3.531164805004039e-10,No
5935,4.117144680737539e-10,No
5936,1.0,Yes
5937,0.9999943375587463,Yes
5938,1.31790772739393e-10,No
5939,2.4275059740119787e-10,No
5940,5.001037607144099e-06,No
5941,0.9999274611473083,Yes
5942,2.190848752414709e-10,No
5943,4.901901107245976e-10,No
5944,0.9430027008056641,Yes
5945,0.0018456866964697838,No
5946,1.0361601576747148e-09,No
5947,1.0965950369978827e-09,No
5948,4.244399463004811e-07,No
5949,0.0007344846380874515,No
5950,2.6841251443698866e-10,No
5951,2.232738993690475e-10,No
5952,0.9999998807907104,Yes
5953,0.9999998807907104,Yes
5954,2.1773848002393237e-10,No
5955,8.540959051117625e-10,No
5956,0.9989503026008606,Yes
5957,0.0004495397151913494,No
5958,1.7763197857068036e-10,No
5959,4.686643295670478e-10,No
5960,0.22068731486797333,No
5961,0.999998927116394,Yes
5962,3.170832485466235e-10,No
5963,6.046624312361359e-10,No
5964,1.0,Yes
5965,1.0,Yes
5966,3.656364655491018e-10,No
5967,1.5272492992490783e-10,No
5968,0.08117026090621948,No
5969,0.9999996423721313,Yes
5970,4.9788981826282e-09,No
5971,7.07617076045608e-09,No
5972,1.0,Yes
5973,1.0,Yes
5974,7.134591251123368e-10,No
5975,4.673975650959505e-10,No
5976,0.9999996423721313,Yes
5977,0.999995768070221,Yes
5978,3.723292230084496e-10,No
5979,5.959457927140477e-10,No
5980,4.73714571853634e-05,No
5981,0.9999839067459106,Yes
5982,1.783646286224183e-10,No
5983,6.549451259107997e-11,No
5984,0.9999053478240967,Yes
5985,0.9998689889907837,Yes
5986,7.53532902741938e-10,No
5987,7.093992060447363e-10,No
5988,6.835204112576321e-05,No
5989,0.0065860021859407425,No
5990,4.783428653176713e-10,No
5991,1.68693878310755e-10,No
5992,0.8343810439109802,Yes
5993,0.9999998807907104,Yes
5994,5.394385493850962e-10,No
5995,4.4973794133262857e-10,No
5996,0.11666175723075867,No
5997,0.0010097278282046318,No
5998,3.5782313223542417e-10,No
5999,2.65255595266467e-10,No
6000,1.8403108204001484e-10,No
6001,2.2680680944464626e-10,No
6002,2.995841441588709e-07,No
6003,4.361018213216994e-08,No
6004,6.52528656108764e-11,No
6005,6.553450143664818e-11,No
6006,0.9999998807907104,Yes
6007,0.9999998807907104,Yes
6008,3.8069811192364966e-10,No
6009,2.2147350620116413e-09,No
6010,0.9991620779037476,Yes
6011,0.9554415941238403,Yes
6012,1.4635036238441756e-10,No
6013,2.5684848692364426e-10,No
6014,3.467269152679364e-06,No
6015,0.9999998807907104,Yes
6016,3.6668473812895286e-10,No
6017,9.6381770620102e-11,No
6018,0.9999998807907104,Yes
6019,0.9609900712966919,Yes
6020,1.2526644610488802e-08,No
6021,7.2906687631491e-11,No
6022,0.0011463564587756991,No
6023,7.48114281634571e-09,No
6024,3.7024153187736886e-10,No
6025,8.390855787965279e-10,No
6026,2.1067307898192666e-09,No
6027,2.03300430712261e-07,No
6028,1.0354449520022513e-09,No
6029,6.429886068026747e-10,No
6030,6.103400562729178e-10,No
6031,1.13869835782765e-09,No
6032,1.3268541820821156e-10,No
6033,1.171002877997651e-10,No
6034,0.9999988079071045,Yes
6035,1.0738185340919415e-10,No
6036,2.040483892962186e-10,No
6037,1.4454301644484246e-10,No
6038,2.3936459925266718e-08,No
6039,0.9935627579689026,Yes
6040,1.2706072305412874e-10,No
6041,9.798006850303409e-11,No
6042,0.9996927976608276,Yes
6043,0.9999979138374329,Yes
6044,2.9937816115044313e-10,No
6045,1.0309788439633039e-10,No
6046,0.9999990463256836,Yes
6047,0.5292643308639526,Yes
6048,8.93578544491902e-10,No
6049,2.0040079318217607e-10,No
6050,0.8583970665931702,Yes
6051,0.999934196472168,Yes
6052,5.487670318160554e-10,No
6053,2.698951340196487e-10,No
6054,0.999679684638977,Yes
6055,0.990620493888855,Yes
6056,2.6031912736534935e-10,No
6057,9.145960377932028e-11,No
6058,0.9999995231628418,Yes
6059,0.052525851875543594,No
6060,1.6713042061411443e-09,No
6061,7.338508273280198e-11,No
6062,2.7438759597764317e-10,No
6063,1.4996083264051663e-09,No
6064,1.5534851183218734e-10,No
6065,9.421595725811471e-10,No
6066,3.4813179006221162e-09,No
6067,3.6878583387078834e-07,No
6068,6.067858993041853e-10,No
6069,4.956496324481918e-10,No
6070,1.4076001697560514e-08,No
6071,1.8985122363091023e-09,No
6072,7.403248847293042e-11,No
6073,7.287040415526747e-11,No
6074,1.347552029073995e-06,No
6075,1.4973840223309054e-10,No
6076,8.197588441394288e-11,No
6077,1.507157731950315e-10,No
6078,0.9956687092781067,Yes
6079,1.0557474183769955e-07,No
6080,0.9999755024909973,Yes
6081,0.9999222755432129,Yes
6082,3.047197216776709e-10,No
6083,2.0413246093475834e-10,No
6084,0.9999998807907104,Yes
6085,0.9999998807907104,Yes
6086,1.5652841522939553e-10,No
6087,1.4877220289033488e-10,No
6088,0.945227861404419,Yes
6089,0.9772704243659973,Yes
6090,5.183348195103576e-10,No
6091,1.1501120056323089e-09,No
6092,0.9999995231628418,Yes
6093,0.9999434947967529,Yes
6094,5.515288781232641e-10,No
6095,8.487854308292242e-10,No
6096,0.9997149705886841,Yes
6097,0.9999272227287292,Yes
6098,9.924765453916962e-10,No
6099,1.2159838413960955e-10,No
6100,1.8807693777489476e-05,No
6101,0.9741625785827637,Yes
6102,2.6147511933416467e-10,No
6103,5.154854876288084e-10,No
6104,0.27905189990997314,No
6105,0.9999961256980896,Yes
6106,8.925888916877511e-10,No
6107,1.8253286659941637e-09,No
6108,5.977626187814167e-06,No
6109,0.0008472573244944215,No
6110,1.869271182286525e-09,No
6111,6.159383003634389e-10,No
6112,0.9998199343681335,Yes
6113,0.8553940653800964,Yes
6114,3.2673699856822225e-10,No
6115,5.133553582226114e-10,No
6116,0.999998927116394,Yes
6117,0.9999984502792358,Yes
6118,2.0500449948723798e-10,No
6119,1.9016098418145333e-10,No
6120,0.9354055523872375,Yes
6121,0.2602572441101074,No
6122,2.611984795120037e-10,No
6123,5.028752969593597e-10,No
6124,1.0,Yes
6125,1.0,Yes
6126,3.1635410957520094e-10,No
6127,1.5029694155899165e-10,No
6128,0.9985175728797913,Yes
6129,0.9999996423721313,Yes
6130,1.098353408224284e-09,No
6131,8.959148978249232e-10,No
6132,1.0,Yes
6133,0.9999995231628418,Yes
6134,2.6003180164657635e-10,No
6135,2.689301004110689e-10,No
6136,0.9999996423721313,Yes
6137,0.9999998807907104,Yes
6138,1.6594205176634347e-10,No
6139,8.616780206027741e-11,No
6140,8.712942758393183e-07,No
6141,1.172038309960044e-06,No
6142,9.84972312045862e-11,No
6143,6.853353301528031e-11,No
6144,0.9833691120147705,Yes
6145,0.04941635951399803,No
6146,4.36852332086346e-10,No
6147,8.44266156985185e-10,No
6148,0.00011507746967254207,No
6149,0.0024047615006566048,No
6150,8.55780390995875e-10,No
6151,5.221063581473118e-10,No
6152,0.06471026688814163,No
6153,0.9968795776367188,Yes
6154,2.6182844781175163e-10,No
6155,8.329227307868337e-10,No
6156,0.9999986886978149,Yes
6157,4.094048620117974e-07,No
6158,2.3158916451215816e-10,No
6159,3.2672828331747894e-10,No
6160,0.0027184889186173677,No
6161,5.436557694338262e-05,No
6162,1.2173001495696667e-09,No
6163,1.2267914462071872e-09,No
6164,0.9999926090240479,Yes
6165,0.9999997615814209,Yes
6166,1.1497106600089069e-09,No
6167,4.752091498083644e-10,No
6168,0.2752872407436371,No
6169,0.26651233434677124,No
6170,1.1317220494078128e-09,No
6171,1.3854040137317725e-09,No
6172,0.9999942183494568,Yes
6173,0.9999808073043823,Yes
6174,9.748073459547868e-10,No
6175,5.637460498419955e-10,No
6176,0.9999958872795105,Yes
6177,0.9998881816864014,Yes
6178,3.216714394849163e-10,No
6179,4.3469541854967986e-10,No
6180,3.283759724581614e-06,No
6181,2.0928111155171791e-07,No
6182,6.384681117133084e-10,No
6183,1.8895486564307618e-10,No
6184,0.8828073143959045,Yes
6185,0.999743640422821,Yes
6186,2.476777394289087e-10,No
6187,1.5351032667254572e-09,No
6188,1.3625111705550808e-06,No
6189,7.940944897200097e-07,No
6190,1.4054237773564182e-09,No
6191,9.062613437471612e-10,No
6192,2.5850008356087528e-08,No
6193,0.0003725055721588433,No
6194,3.3534006127489135e-10,No
6195,3.8328970553003217e-10,No
6196,0.5429673790931702,Yes
6197,2.899770151998382e-05,No
6198,1.4493833910833587e-10,No
6199,9.279225721137152e-10,No
6200,3.035433016052025e-10,No
6201,1.5173974576843108e-10,No
6202,2.9810162232024595e-05,No
6203,0.9522596001625061,Yes
6204,1.307818853213405e-10,No
6205,6.50319520456577e-11,No
6206,1.6351984299944888e-07,No
6207,0.9999997615814209,Yes
6208,8.145892849142911e-10,No
6209,1.6282877268736229e-09,No
6210,0.9722558856010437,Yes
6211,0.9349414110183716,Yes
6212,3.7366101879321434e-10,No
6213,3.674324733360379e-10,No
6214,6.989532266743481e-06,No
6215,6.984814717725385e-06,No
6216,1.7032758536927872e-10,No
6217,1.1766244922828406e-10,No
6218,0.9998990297317505,Yes
6219,0.026965603232383728,No
6220,2.785576214137109e-10,No
6221,2.602101822901659e-08,No
6222,1.9250312455199037e-10,No
6223,2.2777876806934216e-10,No
6224,6.553415587973177e-10,No
6225,3.0645022630615415e-10,No
6226,6.332029300892827e-08,No
6227,9.54260667640483e-06,No
6228,3.2922614634500746e-10,No
6229,9.192274719183047e-10,No
6230,4.038547629647837e-08,No
6231,3.0290566428448074e-06,No
6232,1.3985854141473908e-10,No
6233,7.499464937943401e-11,No
6234,1.2537856086680677e-08,No
6235,0.9999992847442627,Yes
6236,1.1918870057581188e-10,No
6237,1.0433884312099906e-10,No
6238,0.7792759537696838,Yes
6239,0.909654974937439,Yes
6240,0.6572420001029968,Yes
6241,0.054539792239665985,No
6242,2.348918559658131e-10,No
6243,4.568063427523583e-10,No
6244,0.9999998807907104,Yes
6245,1.0,Yes
6246,3.854472852005131e-10,No
6247,1.8609387641976838e-10,No
6248,0.9988307952880859,Yes
6249,0.9952388405799866,Yes
6250,1.1709877512089406e-09,No
6251,1.1388939791245889e-09,No
6252,1.0,Yes
6253,0.9999998807907104,Yes
6254,2.61871385687229e-10,No
6255,4.889985638634187e-10,No
6256,0.9999998807907104,Yes
6257,0.9999998807907104,Yes
6258,9.077854579153666e-10,No
6259,1.4093287648009323e-10,No
6260,0.0032324367202818394,No
6261,0.037086788564920425,No
6262,1.7662055151745903e-09,No
6263,2.7291410797936067e-10,No
6264,0.9999986886978149,Yes
6265,0.008366547524929047,No
6266,2.61537486112573e-10,No
6267,6.244005312794343e-10,No
6268,0.0005284284707158804,No
6269,0.07546893507242203,No
6270,7.610190810858342e-10,No
6271,5.630292898572975e-10,No
6272,0.0010604232084006071,No
6273,0.9883034229278564,Yes
6274,1.057671172866037e-09,No
6275,4.0527883826690925e-10,No
6276,0.9915671348571777,Yes
6277,2.207113311669673e-06,No
6278,1.2302164842381558e-10,No
6279,1.5548992648994897e-10,No
6280,3.101642831460083e-10,No
6281,1.7863768797532487e-10,No
6282,1.663938675733334e-08,No
6283,7.513463060604408e-07,No
6284,1.1011721395837171e-10,No
6285,5.644763129142305e-11,No
6286,0.9999650716781616,Yes
6287,1.4057033759229398e-08,No
6288,9.657042943089778e-10,No
6289,1.745474598191521e-10,No
6290,0.06596493721008301,No
6291,0.9989402890205383,Yes
6292,4.807841902376708e-10,No
6293,3.0418431662404544e-10,No
6294,0.9999998807907104,Yes
6295,6.737640069331974e-05,No
6296,1.6808203440188407e-10,No
6297,2.43388059706362e-10,No
6298,0.008800080977380276,No
6299,0.003902303520590067,No
6300,2.828217937622668e-10,No
6301,1.2998954690424114e-10,No
6302,2.333067350424045e-10,No
6303,3.6248707147024106e-08,No
6304,5.073107489650397e-10,No
6305,6.450043277261841e-10,No
6306,3.5019367405908497e-09,No
6307,1.64437960847863e-06,No
6308,9.99938132295597e-10,No
6309,7.635926335680665e-10,No
6310,0.05677630379796028,No
6311,4.5086024329066277e-05,No
6312,1.693147289039132e-10,No
6313,1.2157543027857542e-10,No
6314,0.013123247772455215,No
6315,2.6928750340715624e-09,No
6316,1.521251596914297e-10,No
6317,2.88840368289911e-10,No
6318,3.5169395573575457e-07,No
6319,0.7452659010887146,Yes
6320,4.032124911734769e-10,No
6321,1.2122670922654066e-10,No
6322,6.0764627960452344e-06,No
6323,0.9874507188796997,Yes
6324,8.758286457188902e-11,No
6325,1.223722373433489e-10,No
6326,0.9999997615814209,Yes
6327,0.9999922513961792,Yes
6328,1.7257456574881758e-09,No
6329,2.3070916010947684e-10,No
6330,0.7887332439422607,Yes
6331,0.634696364402771,Yes
6332,2.9638452803126825e-10,No
6333,1.9903401149434785e-10,No
6334,0.9999969601631165,Yes
6335,0.9999998807907104,Yes
6336,1.8908068166734182e-10,No
6337,7.524758038890411e-10,No
6338,0.06122026592493057,No
6339,0.997779369354248,Yes
6340,5.475678244160065e-10,No
6341,9.295753611304747e-10,No
6342,2.339403948337093e-10,No
6343,2.6888204995856313e-09,No
6344,8.244869786899756e-10,No
6345,9.7581198676977e-10,No
6346,5.836054839392091e-08,No
6347,3.862472567561781e-06,No
6348,1.5218436233421784e-10,No
6349,4.2334719063674697e-10,No
6350,5.313623319125327e-09,No
6351,2.1496362023754045e-08,No
6352,1.1243395797722044e-10,No
6353,1.141165564821911e-10,No
6354,3.1392399790775016e-10,No
6355,2.422880229779878e-10,No
6356,1.8479436036944463e-10,No
6357,1.508690672391566e-10,No
6358,1.5580452839003556e-07,No
6359,0.998960018157959,Yes
6360,8.07238997868609e-11,No
6361,2.1430347774131775e-10,No
6362,0.99995356798172,Yes
6363,0.003110230900347233,No
6364,8.299314707693739e-11,No
6365,1.7713935873686637e-10,No
6366,0.9999349117279053,Yes
6367,0.9999721646308899,Yes
6368,5.286487914091254e-10,No
6369,4.622289218048081e-10,No
6370,0.9994822144508362,Yes
6371,0.9922739863395691,Yes
6372,3.897766553961901e-10,No
6373,1.2063552934371558e-10,No
6374,0.9999929666519165,Yes
6375,0.9999972581863403,Yes
6376,4.279960830189111e-10,No
6377,1.1197617832969797e-10,No
6378,0.9999455213546753,Yes
6379,0.999985933303833,Yes
6380,4.0290959457678355e-10,No
6381,5.4891959033742665e-11,No
6382,1.1385051790213652e-09,No
6383,1.0121658533535083e-06,No
6384,1.1570185920461995e-09,No
6385,2.0692435265257103e-10,No
6386,3.967094208690014e-09,No
6387,5.6397220227211164e-09,No
6388,1.5591755664345897e-10,No
6389,1.6483577003345573e-10,No
6390,5.2291881935673246e-09,No
6391,1.8121232514545227e-08,No
6392,5.692888868646939e-11,No
6393,4.180287366262192e-11,No
6394,3.064917208916995e-10,No
6395,4.889932014862097e-09,No
6396,7.911667154747448e-11,No
6397,9.8319102859179e-11,No
6398,0.9960213303565979,Yes
6399,0.9779052734375,Yes
6400,5.972179417668144e-10,No
6401,2.1343989076161307e-10,No
6402,0.8539218306541443,Yes
6403,2.7948483527495682e-09,No
6404,1.2884446287664275e-10,No
6405,1.290542672727213e-10,No
6406,0.9999992847442627,Yes
6407,2.935134716608445e-06,No
6408,7.330314133469074e-10,No
6409,4.04867833703193e-10,No
6410,0.2483789026737213,No
6411,2.892977057911139e-08,No
6412,6.160910670516273e-10,No
6413,2.2372030894501904e-09,No
6414,0.6367202401161194,Yes
6415,0.9336464405059814,Yes
6416,2.8394497864070445e-10,No
6417,2.2217870598861822e-10,No
6418,0.9999871253967285,Yes
6419,0.9061349034309387,Yes
6420,5.26219556817864e-09,No
6421,3.3220093342833934e-10,No
6422,6.854664058586479e-10,No
6423,4.728643034468405e-06,No
6424,1.3659097852780633e-08,No
6425,3.453312302781342e-08,No
6426,0.006908389739692211,No
6427,0.00016224787395913154,No
6428,1.206984823198809e-08,No
6429,2.9903171605560885e-10,No
6430,0.05374005809426308,No
6431,1.593460723370299e-07,No
6432,4.466536307479174e-10,No
6433,1.8900063458726635e-10,No
6434,2.321226100221452e-09,No
6435,9.410927592767848e-10,No
6436,2.412895716563668e-10,No
6437,4.6456144486839435e-10,No
6438,0.01007174700498581,No
6439,0.9992952346801758,Yes
6440,0.9999988079071045,Yes
6441,0.14830191433429718,No
6442,6.17880968611928e-10,No
6443,4.2602754657394826e-10,No
6444,0.9999979138374329,Yes
6445,0.9999995231628418,Yes
6446,3.4885347388602383e-10,No
6447,3.045227403575268e-10,No
6448,0.9999598264694214,Yes
6449,0.9982478022575378,Yes
6450,2.369098250909474e-10,No
6451,1.1624663037723693e-10,No
6452,0.9999780058860779,Yes
6453,0.9999849796295166,Yes
6454,6.436560728850793e-10,No
6455,8.047505439812142e-10,No
6456,0.9999997615814209,Yes
6457,0.9999998807907104,Yes
6458,1.9642650006534979e-10,No
6459,2.1818663542561012e-10,No
6460,0.9999933838844299,Yes
6461,9.607822721591219e-05,No
6462,6.108945016514156e-10,No
6463,1.0418377272003454e-09,No
6464,0.9999991655349731,Yes
6465,0.9999998807907104,Yes
6466,3.900669121037481e-09,No
6467,4.6052726077050465e-09,No
6468,0.9859358668327332,Yes
6469,0.997903048992157,Yes
6470,1.9756849489738215e-09,No
6471,1.4764238720488265e-09,No
6472,0.9999977946281433,Yes
6473,0.9847161173820496,Yes
6474,7.402743973372594e-10,No
6475,5.316286855183705e-10,No
6476,0.9999982118606567,Yes
6477,0.0003557353629730642,No
6478,1.6170929040271176e-09,No
6479,4.682943477440915e-10,No
6480,0.9999992847442627,Yes
6481,0.9999904632568359,Yes
6482,2.827026113205733e-10,No
6483,4.861741564887723e-10,No
6484,0.9999998807907104,Yes
6485,1.0,Yes
6486,1.9801353612347583e-10,No
6487,2.976529578369025e-10,No
6488,0.9787158370018005,Yes
6489,0.9964703321456909,Yes
6490,4.492004268552563e-10,No
6491,6.261656193551346e-10,No
6492,1.0,Yes
6493,1.0,Yes
6494,2.530174125769946e-10,No
6495,5.23329657386995e-10,No
6496,0.9999996423721313,Yes
6497,0.9999998807907104,Yes
6498,1.305613839264197e-09,No
6499,1.1515009085139027e-10,No
6500,1.602538031875156e-05,No
6501,0.00021867698524147272,No
6502,7.223181497373332e-10,No
6503,5.697215477162842e-10,No
6504,0.9995037317276001,Yes
6505,0.9999994039535522,Yes
6506,5.080207809982085e-09,No
6507,5.873024289115847e-09,No
6508,0.006888815201818943,No
6509,0.0003540734760463238,No
6510,5.438778871713623e-10,No
6511,2.5700530592587256e-10,No
6512,0.9890064001083374,Yes
6513,7.175975497375475e-06,No
6514,4.1094716518585983e-10,No
6515,6.83445522398074e-10,No
6516,1.0,Yes
6517,1.0,Yes
6518,1.3520050357040958e-10,No
6519,1.1997879079128637e-10,No
6520,4.4697065493259913e-10,No
6521,2.843785762429718e-10,No
6522,0.9973121881484985,Yes
6523,0.9999948143959045,Yes
6524,2.5518334667573583e-10,No
6525,3.3723865366930283e-10,No
6526,0.11349283903837204,No
6527,0.9999570846557617,Yes
6528,7.898643961112839e-10,No
6529,5.555323423500624e-10,No
6530,0.9995901584625244,Yes
6531,0.20214831829071045,No
6532,2.5233978795391465e-10,No
6533,1.7063453428001196e-10,No
6534,0.9999932050704956,Yes
6535,1.0,Yes
6536,3.907413281822869e-10,No
6537,1.808658223190207e-10,No
6538,0.9999998807907104,Yes
6539,0.9999996423721313,Yes
6540,4.6673346076886446e-08,No
6541,1.579925412720229e-09,No
6542,1.36407873885247e-09,No
6543,7.926681428216398e-05,No
6544,2.9435723192250407e-08,No
6545,4.8024002552438105e-09,No
6546,0.00012234387395437807,No
6547,5.231774835579017e-08,No
6548,3.708083284870156e-10,No
6549,1.1881380324041402e-09,No
6550,2.5827782579312952e-08,No
6551,2.8944837637823184e-08,No
6552,2.087689326968345e-10,No
6553,3.631628331390857e-10,No
6554,2.4291479050475573e-08,No
6555,1.0,Yes
6556,9.845628479165924e-11,No
6557,2.0868215488967223e-10,No
6558,1.2120183328079293e-06,No
6559,0.0010958793573081493,No
6560,0.9987857937812805,Yes
6561,0.9999983310699463,Yes
6562,1.436018248757165e-10,No
6563,1.476733041405609e-10,No
6564,0.9991980791091919,Yes
6565,1.0,Yes
6566,1.7951617969913514e-10,No
6567,2.2379789688109497e-10,No
6568,0.9999081492424011,Yes
6569,0.9649839401245117,Yes
6570,1.3765688589018055e-10,No
6571,3.963038230914151e-10,No
6572,1.0,Yes
6573,0.9999798536300659,Yes
6574,4.460593838739868e-10,No
6575,3.417779947945121e-10,No
6576,0.9999818801879883,Yes
6577,0.9999998807907104,Yes
6578,1.4645842871807702e-10,No
6579,2.2512249009398744e-10,No
6580,0.0820939764380455,No
6581,1.199251187244954e-06,No
6582,4.3021658457931267e-10,No
6583,4.3830036822178897e-10,No
6584,0.9999997615814209,Yes
6585,0.9999998807907104,Yes
6586,1.905689472891936e-08,No
6587,3.701322803806306e-09,No
6588,0.0005756260943599045,No
6589,9.139327448792756e-05,No
6590,5.140637915346247e-10,No
6591,9.63759294592137e-10,No
6592,0.2696778178215027,No
6593,0.9999872446060181,Yes
6594,5.776534806045674e-10,No
6595,8.521936489813697e-10,No
6596,1.0,Yes
6597,0.9943777322769165,Yes
6598,1.2760961731750342e-10,No
6599,2.41541425749503e-10,No
6600,4.115191742926072e-09,No
6601,1.0534428190878131e-10,No
6602,2.904608775722295e-09,No
6603,0.9747713208198547,Yes
6604,3.177692553535394e-10,No
6605,2.2372714791885073e-09,No
6606,0.9999998807907104,Yes
6607,0.0008606734336353838,No
6608,3.5019215305354123e-10,No
6609,1.5555429166980161e-10,No
6610,0.0032579789403826,No
6611,1.1186746462499286e-07,No
6612,3.292010275490753e-10,No
6613,2.565909151819312e-10,No
6614,0.04299086704850197,No
6615,0.9999908208847046,Yes
6616,2.34726571513022e-10,No
6617,1.46023290681363e-10,No
6618,1.0,Yes
6619,0.03281527757644653,No
6620,1.7045116429414975e-09,No
6621,2.98058022707437e-10,No
6622,3.815153526431914e-09,No
6623,9.879592255401803e-09,No
6624,2.3175688923515736e-08,No
6625,1.5660941432571462e-09,No
6626,1.9434386544503468e-08,No
6627,3.515121704822377e-08,No
6628,3.99883154367231e-10,No
6629,4.212162174610512e-09,No
6630,0.0003289236919954419,No
6631,5.205770503380336e-05,No
6632,7.048320954661236e-11,No
6633,7.349297836967139e-10,No
6634,1.2037270735731909e-08,No
6635,1.0486949975074822e-07,No
6636,5.70728686533073e-10,No
6637,1.6396059510093153e-10,No
6638,0.9999992847442627,Yes
6639,1.6568797946092673e-05,No
6640,3.4257227610190455e-10,No
6641,4.46869208303724e-10,No
6642,0.9999918937683105,Yes
6643,5.662667001971045e-10,No
6644,1.557142748076501e-10,No
6645,6.341898117767641e-10,No
6646,0.9988982081413269,Yes
6647,0.0004170977626927197,No
6648,6.57692345029659e-09,No
6649,3.414235560939005e-10,No
6650,3.835369170701597e-06,No
6651,1.2994773035401863e-09,No
6652,1.712948810572712e-10,No
6653,3.117032743027437e-10,No
6654,0.9999878406524658,Yes
6655,0.9999990463256836,Yes
6656,2.1818538642470742e-10,No
6657,9.26574927895274e-10,No
6658,0.9999998807907104,Yes
6659,0.777958869934082,Yes
6660,7.708979010701e-10,No
6661,4.2032596847541015e-10,No
6662,2.620171017042594e-06,No
6663,8.788399281911552e-05,No
6664,2.6415115428335412e-08,No
6665,1.9512350846184745e-08,No
6666,6.0204883993719704e-06,No
6667,0.00037069598329253495,No
6668,8.930929884520822e-10,No
6669,3.822260286057144e-10,No
6670,1.2931624659984209e-09,No
6671,1.520609771432646e-07,No
6672,1.3097485596080816e-10,No
6673,2.1994109311584964e-10,No
6674,0.9999995231628418,Yes
6675,1.6060464957945442e-08,No
6676,3.2073529943055235e-10,No
6677,7.876119201277731e-11,No
6678,0.9999997615814209,Yes
6679,6.38419717091665e-09,No
6680,0.002061137231066823,No
6681,0.9999952912330627,Yes
6682,3.92422594419628e-10,No
6683,4.836003264507838e-10,No
6684,0.1659207046031952,No
6685,0.9608629941940308,Yes
6686,7.138198365730375e-10,No
6687,4.6477593995675193e-10,No
6688,0.9999943375587463,Yes
6689,0.9909659028053284,Yes
6690,7.089271392146657e-10,No
6691,1.6022021209760595e-10,No
6692,0.9999996423721313,Yes
6693,0.9995329976081848,Yes
6694,6.929976592573439e-10,No
6695,2.0253549948279215e-09,No
6696,0.9999978542327881,Yes
6697,0.9999997615814209,Yes
6698,1.7738616131524054e-10,No
6699,1.4882611809596824e-10,No
6700,0.9999979138374329,Yes
6701,2.19193498196546e-06,No
6702,5.854065010524323e-10,No
6703,1.0316737464322046e-09,No
6704,1.0,Yes
6705,1.0,Yes
6706,3.4794724879105843e-09,No
6707,2.9240248000661495e-09,No
6708,0.9971505403518677,Yes
6709,0.9585486650466919,Yes
6710,2.7460658191813536e-09,No
6711,3.2087190682261735e-09,No
6712,0.9988593459129333,Yes
6713,0.9970941543579102,Yes
6714,7.983766980856899e-10,No
6715,1.4617357324553382e-09,No
6716,0.9999997615814209,Yes
6717,0.0002042720589088276,No
6718,4.842750644939997e-10,No
6719,4.977964707109095e-10,No
6720,0.9998813271522522,Yes
6721,0.9991294741630554,Yes
6722,4.664286179512089e-10,No
6723,4.116045282387404e-10,No
6724,0.9999997615814209,Yes
6725,1.0,Yes
6726,2.24754825861595e-10,No
6727,9.486181284934503e-11,No
6728,0.7421320080757141,Yes
6729,4.022453595098341e-06,No
6730,5.440013439717006e-10,No
6731,6.097036764352026e-10,No
6732,0.9999998807907104,Yes
6733,1.0,Yes
6734,3.1849922699223043e-10,No
6735,2.906208884656536e-10,No
6736,0.9999998807907104,Yes
6737,0.9999725222587585,Yes
6738,2.7300053884182773e-10,No
6739,1.2887076128453856e-10,No
6740,1.1961169548158068e-06,No
6741,0.9858789443969727,Yes
6742,9.244107146422209e-10,No
6743,1.2214842470825715e-09,No
6744,0.9875802993774414,Yes
6745,0.5015716552734375,Yes
6746,3.1868108152366403e-09,No
6747,3.27000915234521e-09,No
6748,5.125555730955966e-07,No
6749,4.499504939303733e-06,No
6750,3.7888206461111906e-10,No
6751,4.458815816565931e-10,No
6752,0.9999945759773254,Yes
6753,0.9999599456787109,Yes
6754,3.3928260201321336e-10,No
6755,1.1972534075255226e-09,No
6756,0.9999327659606934,Yes
6757,0.00469684973359108,No
6758,2.6898860916446665e-10,No
6759,3.195391173882456e-10,No
6760,0.10697159171104431,No
6761,0.9999958872795105,Yes
6762,1.7940629537527286e-10,No
6763,2.3726209885666094e-10,No
6764,0.9999997615814209,Yes
6765,1.0,Yes
6766,1.7281724662421283e-10,No
6767,1.673791938383573e-10,No
6768,5.8255172916688025e-06,No
6769,0.8776182532310486,Yes
6770,9.956161450830336e-10,No
6771,5.437866268387381e-10,No
6772,1.0,Yes
6773,1.0,Yes
6774,4.498220407267439e-10,No
6775,3.7953737375140406e-10,No
6776,0.9999384880065918,Yes
6777,0.9999974370002747,Yes
6778,2.512429153611606e-10,No
6779,1.4935447323338735e-10,No
6780,1.645705197006464e-05,No
6781,0.9987947940826416,Yes
6782,8.079495406043691e-10,No
6783,3.113028168577614e-10,No
6784,0.999991774559021,Yes
6785,0.9999899864196777,Yes
6786,2.335098781003353e-09,No
6787,1.7317072220635055e-09,No
6788,1.4902254406479187e-05,No
6789,3.3109663490904495e-06,No
6790,6.117643058800581e-10,No
6791,2.980301561095189e-10,No
6792,0.036416444927453995,No
6793,0.9999944567680359,Yes
6794,1.083271694568566e-09,No
6795,8.280234276014653e-10,No
6796,0.004061889369040728,No
6797,0.00976814515888691,No
6798,5.154451865330145e-10,No
6799,2.2563276247389297e-10,No
6800,3.658178204801743e-10,No
6801,2.97788099734575e-10,No
6802,1.0159609331594766e-07,No
6803,3.6862668473247595e-09,No
6804,3.1668498379211485e-10,No
6805,1.6113869960587834e-10,No
6806,0.9999997615814209,Yes
6807,0.9999998807907104,Yes
6808,8.909304960447173e-10,No
6809,5.521993973189865e-10,No
6810,0.7227258682250977,Yes
6811,0.11485859751701355,No
6812,1.0575618852870505e-10,No
6813,5.574333217239769e-10,No
6814,0.007678159512579441,No
6815,0.9999998807907104,Yes
6816,2.5207089193735044e-10,No
6817,1.8185306038809301e-10,No
6818,0.9999998807907104,Yes
6819,0.9999935030937195,Yes
6820,4.194758318476488e-08,No
6821,5.17967169155753e-10,No
6822,0.0006786207086406648,No
6823,1.5626458349515815e-08,No
6824,1.997559673228011e-09,No
6825,3.551436922322182e-09,No
6826,1.2323619458243229e-08,No
6827,7.49502214603126e-05,No
6828,3.879130350270543e-09,No
6829,4.107334916625405e-09,No
6830,9.460816574602404e-10,No
6831,2.388883091342109e-09,No
6832,2.700336620975463e-10,No
6833,2.857639680442503e-10,No
6834,0.9999991655349731,Yes
6835,3.444723950529749e-10,No
6836,3.2025726515172437e-10,No
6837,3.172931917205801e-10,No
6838,4.277780590200564e-06,No
6839,0.9999998807907104,Yes
6840,3.3752564632116844e-10,No
6841,1.4015441585080168e-10,No
6842,0.999755322933197,Yes
6843,0.9999983310699463,Yes
6844,2.327833392712364e-08,No
6845,6.167059085626647e-10,No
6846,0.9999998807907104,Yes
6847,0.007098216563463211,No
6848,1.6325014673412852e-09,No
6849,2.527154874254478e-10,No
6850,0.3829216957092285,No
6851,0.9774152636528015,Yes
6852,2.428881540339489e-10,No
6853,2.349707095561371e-10,No
6854,0.9999998807907104,Yes
6855,0.9999985694885254,Yes
6856,4.091241512238497e-10,No
6857,2.638900487017537e-10,No
6858,1.0,Yes
6859,0.9999666810035706,Yes
6860,5.732647423428716e-08,No
6861,8.83122630579436e-10,No
6862,1.0510509129701973e-09,No
6863,2.2470563187937387e-09,No
6864,7.858611539290905e-10,No
6865,9.482336693622528e-09,No
6866,1.0666668437409044e-08,No
6867,0.0012708258582279086,No
6868,2.4014188415577564e-09,No
6869,2.011065758367181e-09,No
6870,1.0043560649819483e-08,No
6871,1.8695207604224606e-09,No
6872,1.5784637485971587e-10,No
6873,2.5357299593409266e-10,No
6874,0.010073687881231308,No
6875,2.807509502655847e-10,No
6876,1.0214641632533272e-10,No
6877,1.566254764773234e-10,No
6878,0.9999991655349731,Yes
6879,4.451410617889451e-08,No
6880,0.9965648651123047,Yes
6881,0.9999867677688599,Yes
6882,4.758068383736713e-10,No
6883,2.2100794805357538e-10,No
6884,0.9999984502792358,Yes
6885,0.9999912977218628,Yes
6886,4.492355654139857e-10,No
6887,1.3800048603851423e-10,No
6888,0.2696748375892639,No
6889,0.0012650627177208662,No
6890,6.44412856409815e-10,No
6891,3.6021366445204706e-10,No
6892,1.0,Yes
6893,0.9996882081031799,Yes
6894,4.461929714594248e-10,No
6895,1.3659925413023188e-09,No
6896,0.9999849200248718,Yes
6897,0.99984210729599,Yes
6898,4.164016076391164e-10,No
6899,1.9666866746259615e-10,No
6900,0.08923827111721039,No
6901,0.9862849712371826,Yes
6902,8.27453494611774e-10,No
6903,2.9086613118067817e-09,No
6904,0.9794951677322388,Yes
6905,0.9999998807907104,Yes
6906,2.1931745308734207e-09,No
6907,1.2046871056270447e-08,No
6908,4.1335183595947456e-06,No
6909,1.288770022256358e-06,No
6910,5.492877708235255e-09,No
6911,5.976201200574849e-10,No
6912,0.9999960064888,Yes
6913,0.8467737436294556,Yes
6914,3.607148746365141e-10,No
6915,8.342105894953988e-10,No
6916,0.9999997615814209,Yes
6917,0.9999998807907104,Yes
6918,2.3442950358720793e-10,No
6919,3.1303071246213676e-10,No
6920,0.995188295841217,Yes
6921,0.3082447052001953,No
6922,2.6885010884214466e-10,No
6923,5.839701500143235e-10,No
6924,0.9999997615814209,Yes
6925,0.9999998807907104,Yes
6926,3.0466915101889924e-10,No
6927,3.463989095564557e-10,No
6928,0.9849833250045776,Yes
6929,0.9999532103538513,Yes
6930,3.6018893423417353e-10,No
6931,8.967714903995727e-10,No
6932,1.0,Yes
6933,0.9999998807907104,Yes
6934,2.858179526388227e-10,No
6935,3.193544872992504e-10,No
6936,0.9999997615814209,Yes
6937,0.9999997615814209,Yes
6938,1.751931932858497e-10,No
6939,7.070335289460772e-11,No
6940,1.9335378453888552e-07,No
6941,0.00035996013320982456,No
6942,4.875829184847191e-10,No
6943,6.618346426456867e-10,No
6944,0.9937112331390381,Yes
6945,0.993162989616394,Yes
6946,2.1486759038680248e-09,No
6947,4.288248867112543e-09,No
6948,0.00041815362055785954,No
6949,4.550431913230568e-05,No
6950,1.069508259732288e-09,No
6951,8.160028208692438e-10,No
6952,0.2604997158050537,No
6953,0.9445880055427551,Yes
6954,2.802945375801613e-10,No
6955,7.18618831108131e-10,No
6956,0.9999998807907104,Yes
6957,7.9899444244802e-05,No
6958,3.4737082654778817e-10,No
6959,3.5001584963723076e-10,No
6960,0.6690111756324768,Yes
6961,0.00025843182811513543,No
6962,8.697727538198308e-10,No
6963,9.097597675200575e-10,No
6964,0.9769541621208191,Yes
6965,0.9999995231628418,Yes
6966,1.6966102966975427e-09,No
6967,4.084496907363899e-10,No
6968,0.010746916756033897,No
6969,1.6038080730140791e-06,No
6970,1.7356321935224628e-09,No
6971,1.4976332396443581e-09,No
6972,0.9999996423721313,Yes
6973,0.9999950528144836,Yes
6974,6.547831166159312e-10,No
6975,7.068276519639483e-10,No
6976,0.9999994039535522,Yes
6977,0.9999309182167053,Yes
6978,5.100671551794278e-10,No
6979,6.63534671652144e-10,No
6980,1.9041155610466376e-05,No
6981,2.21645336750953e-06,No
6982,1.4223594524409577e-09,No
6983,9.161573166771575e-10,No
6984,0.8332143425941467,Yes
6985,0.9999956488609314,Yes
6986,9.486059715513306e-10,No
6987,5.36861444189185e-09,No
6988,6.035580213392677e-07,No
6989,6.744821234860865e-08,No
6990,1.6141686876025574e-09,No
6991,1.4073552323523586e-09,No
6992,2.226498878599159e-07,No
6993,1.713273195491638e-05,No
6994,4.677105924777436e-10,No
6995,7.631922316342354e-10,No
6996,0.9952312111854553,Yes
6997,0.0005004766280762851,No
6998,1.956909356781722e-10,No
6999,6.984848810454025e-10,No
7000,7.436609661404248e-10,No
7001,1.3202601512052325e-10,No
7002,0.02990317903459072,No
7003,0.9968206882476807,Yes
7004,3.7603702374156e-09,No
7005,2.6220675630739265e-10,No
7006,2.2910931818387326e-07,No
7007,0.9999991655349731,Yes
7008,8.8358087513285e-10,No
7009,7.114059341617462e-10,No
7010,0.38494011759757996,No
7011,0.33956748247146606,No
7012,2.639197471676624e-10,No
7013,6.711167732653678e-10,No
7014,0.6580493450164795,Yes
7015,0.0029703264590352774,No
7016,2.9711411109190067e-10,No
7017,2.2324322945799224e-10,No
7018,0.9999998807907104,Yes
7019,0.9989034533500671,Yes
7020,4.298944311642572e-09,No
7021,7.986095624801237e-06,No
7022,8.937644513373755e-10,No
7023,5.126733482185841e-10,No
7024,3.846565288512238e-09,No
7025,1.3533679732447013e-09,No
7026,5.39309075975325e-06,No
7027,0.21477116644382477,No
7028,3.803308779026793e-10,No
7029,9.64108570755684e-10,No
7030,1.2752002476190683e-07,No
7031,3.971694695792394e-06,No
7032,1.1556506446241954e-10,No
7033,1.3726492165133664e-10,No
7034,1.186356143989542e-06,No
7035,0.9999994039535522,Yes
7036,2.2420590384264472e-10,No
7037,1.3643122742657e-10,No
7038,0.9996799230575562,Yes
7039,0.9999736547470093,Yes
7040,0.9666096568107605,Yes
7041,0.05165901780128479,No
7042,4.832361177875555e-10,No
7043,1.1614208483834432e-09,No
7044,0.9999971985816956,Yes
7045,0.9999997615814209,Yes
7046,6.911918815077911e-10,No
7047,5.529371405188499e-10,No
7048,0.9328336119651794,Yes
7049,0.1454540491104126,No
7050,1.7897129334087936e-09,No
7051,3.173180329607561e-10,No
7052,1.0,Yes
7053,1.0,Yes
7054,4.0285350055846436e-10,No
7055,5.740749542404444e-10,No
7056,0.9999998807907104,Yes
7057,0.9999996423721313,Yes
7058,9.123767297225527e-10,No
7059,1.902505930573284e-10,No
7060,0.0011462297989055514,No
7061,0.0021994966082274914,No
7062,4.8804000840618755e-09,No
7063,9.902036968156835e-10,No
7064,0.9999997615814209,Yes
7065,0.8958775997161865,Yes
7066,1.0070794198568933e-09,No
7067,3.366707135299407e-09,No
7068,0.0002154854009859264,No
7069,5.9660771512426436e-05,No
7070,7.430441817390943e-10,No
7071,7.432170989751796e-10,No
7072,0.14721627533435822,No
7073,0.07681030035018921,No
7074,7.166492399512947e-10,No
7075,3.090747380252168e-10,No
7076,0.9998847842216492,Yes
7077,0.003821926424279809,No
7078,2.413867161710215e-10,No
7079,2.412467725587675e-10,No
7080,3.9999531464829374e-10,No
7081,2.6499921701450546e-10,No
7082,5.605404584940743e-09,No
7083,3.174581664211473e-08,No
7084,1.822169221066261e-10,No
7085,1.551291040069458e-10,No
7086,0.9999962449073792,Yes
7087,9.869101980086725e-09,No
7088,3.295253625523742e-09,No
7089,6.6237265672342e-10,No
7090,0.0034888708032667637,No
7091,0.9323651194572449,Yes
7092,3.001385529000089e-10,No
7093,2.150306460668716e-10,No
7094,1.0,Yes
7095,0.5354087352752686,Yes
7096,2.964568868168982e-10,No
7097,2.740235816034442e-10,No
7098,0.9792559146881104,Yes
7099,0.02806011773645878,No
7100,1.8398624845872291e-09,No
7101,5.3598026017454e-10,No
7102,6.14277018140541e-10,No
7103,3.2697741403353575e-07,No
7104,5.7718345658486214e-09,No
7105,3.812592908047918e-09,No
7106,9.078690688113511e-09,No
7107,0.0011523212306201458,No
7108,1.2641897528808954e-09,No
7109,3.3025586709811705e-09,No
7110,0.799895167350769,Yes
7111,0.007585765328258276,No
7112,3.323194497362181e-10,No
7113,2.0246045118188505e-10,No
7114,0.8802520632743835,Yes
7115,5.108475988890859e-07,No
7116,2.5905114164892495e-10,No
7117,6.348034320424745e-10,No
7118,1.748726390360389e-07,No
7119,0.9997305870056152,Yes
7120,3.2616107037419795e-10,No
7121,2.2286458789544383e-10,No
7122,3.183829022646023e-08,No
7123,0.996222734451294,Yes
7124,2.0004829737185759e-10,No
7125,3.495514988571813e-10,No
7126,0.9999998807907104,Yes
7127,0.999893069267273,Yes
7128,4.0401255674282766e-09,No
7129,1.6847587214208204e-10,No
7130,0.0002013590419664979,No
7131,0.0316258929669857,No
7132,2.0889441565419276e-10,No
7133,2.361492112967767e-10,No
7134,0.9999998807907104,Yes
7135,0.9999998807907104,Yes
7136,2.6356408722172375e-10,No
7137,5.047693929505215e-10,No
7138,0.9938284158706665,Yes
7139,0.9999979734420776,Yes
7140,3.462268693965598e-08,No
7141,6.442708411213971e-08,No
7142,7.519019296076124e-10,No
7143,1.6683517900517586e-09,No
7144,3.051281671773154e-09,No
7145,7.79521336369271e-09,No
7146,3.181316401423828e-07,No
7147,0.017136698588728905,No
7148,2.9353669495080226e-10,No
7149,5.623413401600885e-10,No
7150,1.065574917191725e-08,No
7151,4.7998202745702656e-08,No
7152,1.57983709447862e-10,No
7153,2.352101569069731e-10,No
7154,4.247109774979663e-09,No
7155,1.1506693375906707e-09,No
7156,3.6787917156999583e-10,No
7157,2.488553807467042e-10,No
7158,0.0017513035563752055,No
7159,0.9999998807907104,Yes
7160,1.3072054549922996e-10,No
7161,1.2159002971134925e-10,No
7162,0.9999195337295532,Yes
7163,2.2083209216816613e-07,No
7164,1.4174053597493241e-10,No
7165,2.5606643472286805e-09,No
7166,0.9999985694885254,Yes
7167,0.9999979734420776,Yes
7168,6.273239705478773e-10,No
7169,2.137177101957377e-10,No
7170,0.31393304467201233,No
7171,0.006266507785767317,No
7172,2.2343150940518086e-10,No
7173,8.952243807369697e-11,No
7174,1.0,Yes
7175,0.9999998807907104,Yes
7176,3.685871330372237e-10,No
7177,1.1466923244274341e-10,No
7178,0.9999990463256836,Yes
7179,0.9999997615814209,Yes
7180,1.4607155485180101e-09,No
7181,5.054033302975824e-10,No
7182,9.702294523350474e-10,No
7183,2.52434506364807e-06,No
7184,6.354166970368169e-09,No
7185,1.276997729782181e-09,No
7186,2.691351141947962e-08,No
7187,1.5874476844146557e-08,No
7188,2.538468879542677e-10,No
7189,2.2987503567328815e-10,No
7190,2.823659306372406e-09,No
7191,3.3040223001989943e-08,No
7192,1.3650489072425387e-10,No
7193,5.167827277219317e-11,No
7194,1.843579866545042e-08,No
7195,7.523315304069911e-08,No
7196,1.0907286879247025e-10,No
7197,1.356077750092055e-10,No
7198,0.9999996423721313,Yes
7199,0.9999995231628418,Yes
7200,5.949838399743612e-10,No
7201,5.733056807066816e-10,No
7202,0.011186392977833748,No
7203,1.7046360767380975e-08,No
7204,6.713165023874978e-10,No
7205,5.773670430642142e-10,No
7206,0.9999997615814209,Yes
7207,6.535318243550137e-05,No
7208,1.7478042346752432e-09,No
7209,1.3743292059942291e-09,No
7210,0.3248952031135559,No
7211,3.621298105827009e-08,No
7212,5.536209823908678e-10,No
7213,1.0038422315616913e-09,No
7214,0.00018989098316524178,No
7215,0.2220088690519333,No
7216,2.5569064643349293e-09,No
7217,1.1244537523324993e-09,No
7218,0.9999589323997498,Yes
7219,0.0005904402351006866,No
7220,4.806166575832549e-09,No
7221,6.152103826373434e-10,No
7222,2.3652571012888757e-09,No
7223,0.2037285715341568,No
7224,3.1980571524314882e-09,No
7225,4.394867580970185e-09,No
7226,0.0007880170014686882,No
7227,0.0007507037953473628,No
7228,7.134704382849577e-09,No
7229,1.5075983794687886e-09,No
7230,0.0007380181341432035,No
7231,5.846137014486885e-07,No
7232,6.572380417679824e-10,No
7233,3.649258117910392e-10,No
7234,1.2775652757923694e-09,No
7235,9.465490613536076e-10,No
7236,4.078199444812469e-10,No
7237,8.273761675781088e-10,No
7238,0.020369313657283783,No
7239,0.7712726593017578,Yes
7240,1.0,Yes
7241,0.9999997615814209,Yes
7242,2.2033463942250364e-09,No
7243,2.657570830066902e-09,No
7244,0.9999998807907104,Yes
7245,0.9999998807907104,Yes
7246,3.506334556035995e-09,No
7247,1.6370194089176948e-09,No
7248,0.9999997615814209,Yes
7249,0.9999998807907104,Yes
7250,5.09673303561442e-10,No
7251,6.683473774415916e-10,No
7252,0.9999994039535522,Yes
7253,0.9999998807907104,Yes
7254,1.0780301096247058e-09,No
7255,1.2475136479395132e-09,No
7256,0.9999998807907104,Yes
7257,0.9999998807907104,Yes
7258,8.774040383130455e-10,No
7259,1.5543010212226704e-09,No
7260,0.9999998807907104,Yes
7261,0.004244466312229633,No
7262,1.8454401340406434e-09,No
7263,4.339426595834084e-09,No
7264,0.9999997615814209,Yes
7265,1.0,Yes
7266,7.283420977444166e-09,No
7267,5.438418604342132e-09,No
7268,0.9974009990692139,Yes
7269,0.9992885589599609,Yes
7270,1.0032207065080456e-08,No
7271,1.386554604465573e-08,No
7272,0.9999991655349731,Yes
7273,0.9999969005584717,Yes
7274,2.5416728721694426e-09,No
7275,1.2808738514280549e-09,No
7276,0.9999995231628418,Yes
7277,0.24014966189861298,No
7278,1.8298498272173447e-09,No
7279,2.1825417029219807e-09,No
7280,1.0,Yes
7281,1.0,Yes
7282,6.790484285978948e-10,No
7283,7.4491341983673465e-09,No
7284,0.9999998807907104,Yes
7285,1.0,Yes
7286,3.1677152012576926e-09,No
7287,6.667981278241086e-09,No
7288,1.0,Yes
7289,0.9999991655349731,Yes
7290,2.699611867384988e-09,No
7291,5.250295753711498e-09,No
7292,0.9999998807907104,Yes
7293,1.0,Yes
7294,2.674764187915457e-09,No
7295,2.3312403119035707e-09,No
7296,0.9999998807907104,Yes
7297,0.9999998807907104,Yes
7298,8.624368774690083e-09,No
7299,4.817406473733854e-10,No
7300,0.0024186382070183754,No
7301,0.08860842883586884,No
7302,2.39179653860333e-09,No
7303,1.4592312913563887e-09,No
7304,0.9999956488609314,Yes
7305,0.9999996423721313,Yes
7306,1.48022829549177e-08,No
7307,5.5385807939956067e-08,No
7308,0.6066350340843201,Yes
7309,0.0001137855215347372,No
7310,1.4561202243967841e-09,No
7311,1.3587970748574207e-09,No
7312,0.9999921321868896,Yes
7313,0.9350396990776062,Yes
7314,1.13973486204344e-09,No
7315,2.3314716823819026e-09,No
7316,1.0,Yes
7317,1.0,Yes
7318,3.70030450724812e-10,No
7319,2.0799479916178143e-09,No
7320,2.816756272672194e-10,No
7321,7.95115528973156e-10,No
7322,0.9999988079071045,Yes
7323,0.9999998807907104,Yes
7324,1.2626355516687227e-09,No
7325,2.6647224427023275e-09,No
7326,0.09729889035224915,No
7327,0.9999992847442627,Yes
7328,1.8000553270169917e-09,No
7329,2.222818151764727e-09,No
7330,0.9997205138206482,Yes
7331,0.9867436289787292,Yes
7332,1.3159868750278747e-09,No
7333,9.32446786450214e-10,No
7334,0.9936546683311462,Yes
7335,1.0,Yes
7336,2.974028356916847e-09,No
7337,1.548843830967428e-09,No
7338,0.9999997615814209,Yes
7339,0.9998703002929688,Yes
7340,2.8787649597461495e-08,No
7341,3.392232494903169e-09,No
7342,1.6693131321687815e-09,No
7343,0.9946203231811523,Yes
7344,7.92876164723566e-09,No
7345,4.950291732086498e-09,No
7346,0.13477280735969543,No
7347,7.8109628987022e-08,No
7348,5.947886072554809e-10,No
7349,1.7768390092598452e-09,No
7350,6.1786953331477434e-09,No
7351,7.99093147207941e-09,No
7352,5.467818975368743e-10,No
7353,6.785331185810151e-10,No
7354,5.414200199282959e-09,No
7355,1.0,Yes
7356,4.674136078186564e-10,No
7357,5.540202741016742e-10,No
7358,0.0005206073983572423,No
7359,0.9812731146812439,Yes
7360,1.0,Yes
7361,1.0,Yes
7362,7.323983086671149e-10,No
7363,7.498782150783256e-10,No
7364,0.9999979734420776,Yes
7365,1.0,Yes
7366,1.5524699303881562e-09,No
7367,3.775627810398419e-09,No
7368,0.9999996423721313,Yes
7369,0.9999967217445374,Yes
7370,3.4756966749149854e-10,No
7371,2.8836051324532264e-09,No
7372,1.0,Yes
7373,0.9999994039535522,Yes
7374,1.0013543327858088e-09,No
7375,1.2001226679103638e-09,No
7376,0.9999818205833435,Yes
7377,0.9999997615814209,Yes
7378,7.830825432542099e-10,No
7379,1.0762079005743885e-09,No
7380,0.7651199698448181,Yes
7381,0.005037700291723013,No
7382,2.1308530495645073e-09,No
7383,1.0202924061175622e-09,No
7384,1.0,Yes
7385,0.9999998807907104,Yes
7386,7.607803098608201e-08,No
7387,1.0787115201082997e-08,No
7388,0.0010790927335619926,No
7389,0.0016782552702352405,No
7390,1.2320793274511743e-09,No
7391,2.371586038663054e-09,No
7392,0.9999939203262329,Yes
7393,0.9999998807907104,Yes
7394,1.4438904516467232e-09,No
7395,2.094494799820268e-09,No
7396,1.0,Yes
7397,0.9983673691749573,Yes
7398,2.3702237395006875e-10,No
7399,6.630045956690367e-10,No
7400,4.2463788041402495e-10,No
7401,1.8866315454335592e-10,No
7402,8.609560175898423e-09,No
7403,0.014873296022415161,No
7404,8.839567966489881e-10,No
7405,1.2146006422852906e-09,No
7406,0.9999998807907104,Yes
7407,1.2668243698499282e-07,No
7408,4.771245620815989e-10,No
7409,6.847947209287497e-10,No
7410,0.00028548334375955164,No
7411,2.271625305638736e-07,No
7412,1.2183082320760263e-09,No
7413,7.927093426118859e-10,No
7414,2.3181846700026654e-06,No
7415,5.895714821235742e-06,No
7416,1.5578833778562284e-09,No
7417,8.593674105661364e-10,No
7418,0.9999998807907104,Yes
7419,0.0007623102283105254,No
7420,1.1902155927501212e-09,No
7421,5.226623023268928e-10,No
7422,9.611879292492631e-09,No
7423,8.493656444841235e-09,No
7424,6.839505406475155e-09,No
7425,1.5680639009474362e-09,No
7426,8.08714943900668e-08,No
7427,5.7370442618776e-07,No
7428,5.171635897305293e-10,No
7429,3.3983391656278172e-09,No
7430,0.010172614827752113,No
7431,0.0004742158344015479,No
7432,2.441235824601762e-10,No
7433,1.1839663693891112e-09,No
7434,4.369283601590723e-09,No
7435,6.502757798898529e-08,No
7436,1.3678931320981746e-09,No
7437,4.94817464780084e-10,No
7438,0.9998093247413635,Yes
7439,1.8200300928583601e-06,No
7440,6.470003421910064e-10,No
7441,4.2617953610601944e-10,No
7442,0.9999997615814209,Yes
7443,2.028362589001631e-09,No
7444,7.390864587009105e-10,No
7445,1.167470786711533e-09,No
7446,0.9998356699943542,Yes
7447,1.550540400785394e-05,No
7448,4.43575665087792e-08,No
7449,6.452638978693415e-10,No
7450,1.7825128395543288e-07,No
7451,5.6814508653246776e-09,No
7452,1.0903008496043753e-09,No
7453,8.287265318429604e-10,No
7454,0.9884057641029358,Yes
7455,0.9999995231628418,Yes
7456,1.5441833367546565e-09,No
7457,3.0253430871596265e-09,No
7458,0.9999998807907104,Yes
7459,0.761354923248291,Yes
7460,5.80018255647019e-10,No
7461,7.677474211931212e-10,No
7462,0.09439948201179504,No
7463,0.8853126764297485,Yes
7464,6.186867462787404e-09,No
7465,5.357413623841012e-09,No
7466,4.682477083406411e-05,No
7467,0.00019408357911743224,No
7468,1.6163683724812472e-09,No
7469,5.455797480458102e-10,No
7470,1.3310574864533464e-09,No
7471,4.6024911881659136e-08,No
7472,3.316988350654526e-10,No
7473,3.4433378370835044e-10,No
7474,1.0,Yes
7475,4.049439183972936e-08,No
7476,5.475709330404754e-10,No
7477,2.542733246180262e-10,No
7478,1.0,Yes
7479,9.113583843145534e-08,No
7480,0.6444157361984253,Yes
7481,0.9999998807907104,Yes
7482,3.4004983273661082e-09,No
7483,3.072422538608066e-09,No
7484,0.994120180606842,Yes
7485,0.9758277535438538,Yes
7486,9.111477794476741e-09,No
7487,5.187079210600132e-09,No
7488,0.9999998807907104,Yes
7489,0.9999956488609314,Yes
7490,1.4481628118900858e-09,No
7491,8.201407886154755e-10,No
7492,0.9999998807907104,Yes
7493,0.9999925494194031,Yes
7494,2.314753499987887e-09,No
7495,2.6217990001242697e-09,No
7496,0.9999912977218628,Yes
7497,0.9999988079071045,Yes
7498,8.215812474787754e-10,No
7499,1.2066757593132138e-09,No
7500,0.9999998807907104,Yes
7501,2.5323806767119095e-05,No
7502,2.3609032506755057e-09,No
7503,4.083720028802418e-09,No
7504,1.0,Yes
7505,1.0,Yes
7506,5.708824968309045e-09,No
7507,4.538113884677841e-09,No
7508,0.9937561750411987,Yes
7509,0.994854748249054,Yes
7510,1.0681409534640807e-08,No
7511,1.3283824706888936e-08,No
7512,0.9999967217445374,Yes
7513,0.9999998807907104,Yes
7514,2.0536703448925664e-09,No
7515,5.4016262573952645e-09,No
7516,0.9999996423721313,Yes
7517,0.18917211890220642,No
7518,6.883527081669172e-10,No
7519,2.5830377836655316e-09,No
7520,0.9999998807907104,Yes
7521,0.9999998807907104,Yes
7522,1.762197943122601e-09,No
7523,1.2953149663985641e-09,No
7524,1.0,Yes
7525,1.0,Yes
7526,3.92341936716889e-09,No
7527,1.059310639206501e-09,No
7528,0.9999899864196777,Yes
7529,0.8464458584785461,Yes
7530,9.703626790980024e-10,No
7531,4.767973127428604e-09,No
7532,0.9999998807907104,Yes
7533,0.9999998807907104,Yes
7534,8.23965007334948e-10,No
7535,1.315254127831622e-09,No
7536,1.0,Yes
7537,0.9999951720237732,Yes
7538,1.4632559608429574e-09,No
7539,7.403295199104321e-10,No
7540,0.0036046013701707125,No
7541,0.9999990463256836,Yes
7542,1.6495818044859334e-09,No
7543,3.742368193115908e-09,No
7544,0.9998399019241333,Yes
7545,0.9469837546348572,Yes
7546,8.598565415240955e-09,No
7547,6.830222609721659e-09,No
7548,4.893854566034861e-05,No
7549,0.015146368183195591,No
7550,6.976314526063732e-10,No
7551,1.264676918744101e-09,No
7552,1.0,Yes
7553,0.9999998807907104,Yes
7554,6.379616834806257e-10,No
7555,2.108604180151019e-09,No
7556,0.9999948143959045,Yes
7557,0.9219031929969788,Yes
7558,5.279847115069458e-10,No
7559,1.0507502645751288e-09,No
7560,0.7420260906219482,Yes
7561,1.0,Yes
7562,5.464503849417213e-10,No
7563,5.562437732642422e-10,No
7564,1.0,Yes
7565,1.0,Yes
7566,2.283417677162447e-09,No
7567,2.129556753160955e-09,No
7568,0.9142007231712341,Yes
7569,0.9999990463256836,Yes
7570,3.1085856111445764e-09,No
7571,2.0861101734936938e-09,No
7572,1.0,Yes
7573,1.0,Yes
7574,1.07197539733761e-09,No
7575,1.054613285589312e-09,No
7576,0.999998927116394,Yes
7577,0.9999996423721313,Yes
7578,1.0193880184417026e-09,No
7579,5.630658161948077e-10,No
7580,0.0008970623603090644,No
7581,0.9999986886978149,Yes
7582,2.157373613087543e-09,No
7583,6.552966502759716e-10,No
7584,0.9999992847442627,Yes
7585,0.999998927116394,Yes
7586,3.889925714872788e-09,No
7587,3.6453642326961244e-09,No
7588,0.1418376863002777,No
7589,0.02391950413584709,No
7590,9.251727162151724e-10,No
7591,1.0622261958914692e-09,No
7592,0.9999665021896362,Yes
7593,0.9999998807907104,Yes
7594,1.7692299847382742e-09,No
7595,1.310698882761585e-09,No
7596,0.8532692193984985,Yes
7597,0.9904161095619202,Yes
7598,9.75495573207752e-10,No
7599,6.111205430592292e-10,No
7600,5.182399509529034e-10,No
7601,1.0314238352293614e-09,No
7602,1.8081500741118361e-07,No
7603,2.18104756477544e-09,No
7604,8.835589482281136e-10,No
7605,7.781230659809069e-10,No
7606,1.0,Yes
7607,1.0,Yes
7608,5.871374497701254e-10,No
7609,2.8918394345822662e-09,No
7610,0.054549433290958405,No
7611,0.6398609280586243,Yes
7612,6.497742899291836e-10,No
7613,1.208237287997349e-09,No
7614,6.660002782155061e-06,No
7615,0.9999997615814209,Yes
7616,8.710461241179246e-10,No
7617,1.0708962605576744e-09,No
7618,0.9999997615814209,Yes
7619,0.9761015176773071,Yes
7620,5.009516144127701e-07,No
7621,1.1572591773756358e-09,No
7622,0.9991099238395691,Yes
7623,1.7407055352691714e-08,No
7624,9.73196745412963e-10,No
7625,1.6483269194011996e-09,No
7626,5.3716490810984396e-08,No
7627,6.45049221930094e-05,No
7628,2.9738185247651927e-09,No
7629,3.175748997108485e-09,No
7630,8.375889981593332e-10,No
7631,2.0210597639902517e-09,No
7632,5.746368936243584e-10,No
7633,7.228295184624756e-10,No
7634,0.9999998807907104,Yes
7635,1.8499547449479792e-09,No
7636,1.4791129432367711e-09,No
7637,4.358120253566966e-10,No
7638,1.401003686396507e-07,No
7639,0.9999998807907104,Yes
7640,3.4320468689230665e-10,No
7641,4.818711540899301e-10,No
7642,0.9999411106109619,Yes
7643,0.9999996423721313,Yes
7644,1.156814022351682e-08,No
7645,1.0042846554370044e-09,No
7646,0.9999998807907104,Yes
7647,0.10934638231992722,No
7648,1.2594101317375817e-09,No
7649,1.379176550742045e-09,No
7650,0.3276817500591278,No
7651,0.9989131689071655,Yes
7652,5.213400822157155e-10,No
7653,6.4018140788491e-10,No
7654,0.9814133644104004,Yes
7655,0.9625881910324097,Yes
7656,2.559463307960641e-09,No
7657,1.2956189454627065e-09,No
7658,0.9999996423721313,Yes
7659,0.7216458916664124,Yes
7660,9.911039455801074e-08,No
7661,1.4538306114530997e-09,No
7662,1.1330373306250863e-09,No
7663,2.3425574813273897e-09,No
7664,1.0616367784876957e-09,No
7665,2.5465931585699764e-09,No
7666,1.4544750293055131e-08,No
7667,0.00023763619537930936,No
7668,2.362543050082877e-09,No
7669,2.576017177347012e-09,No
7670,3.328689990311773e-09,No
7671,1.8487237296582748e-09,No
7672,3.809290660683473e-10,No
7673,2.5639718126413413e-10,No
7674,5.107345714350231e-05,No
7675,4.682952359225112e-10,No
7676,2.4132132403487105e-10,No
7677,9.260095468199836e-10,No
7678,0.9999986886978149,Yes
7679,1.2419869790392113e-06,No
7680,1.0,Yes
7681,1.0,Yes
7682,1.145069039587554e-09,No
7683,6.761430859647533e-10,No
7684,0.9999998807907104,Yes
7685,0.9999997615814209,Yes
7686,3.923022795504494e-09,No
7687,1.76653236483304e-09,No
7688,0.9999978542327881,Yes
7689,0.9997838139533997,Yes
7690,7.769307974747619e-10,No
7691,7.349928443645126e-10,No
7692,1.0,Yes
7693,0.9999975562095642,Yes
7694,1.1690350909532299e-09,No
7695,1.6712342620905929e-09,No
7696,0.9999720454216003,Yes
7697,0.998525857925415,Yes
7698,6.788969386661847e-10,No
7699,1.1359694296331213e-09,No
7700,0.34610605239868164,No
7701,0.9999901652336121,Yes
7702,1.4344450072201198e-09,No
7703,5.275239800539566e-09,No
7704,0.9992760419845581,Yes
7705,1.0,Yes
7706,2.9384494837358943e-09,No
7707,2.048257208286941e-08,No
7708,1.9146547856507823e-05,No
7709,5.810780294268625e-06,No
7710,5.529026125827841e-09,No
7711,2.611801663832125e-09,No
7712,1.0,Yes
7713,0.9999971985816956,Yes
7714,9.95853621788001e-10,No
7715,1.2316634379061497e-09,No
7716,0.9999998807907104,Yes
7717,1.0,Yes
7718,3.9306605192912514e-10,No
7719,2.7003124181135263e-09,No
7720,0.9999994039535522,Yes
7721,0.99997478723526,Yes
7722,2.297901202652497e-09,No
7723,1.3722154523776453e-09,No
7724,0.9999998807907104,Yes
7725,0.9999997615814209,Yes
7726,3.2575029340620176e-09,No
7727,9.448901217012917e-09,No
7728,0.9999969005584717,Yes
7729,0.9999998807907104,Yes
7730,8.919762151116117e-10,No
7731,5.78990633215426e-09,No
7732,0.9999998807907104,Yes
7733,1.0,Yes
7734,3.2748150857742075e-09,No
7735,2.7899484944526876e-09,No
7736,0.999998927116394,Yes
7737,0.9999995231628418,Yes
7738,1.1239027486453779e-09,No
7739,3.662038727814121e-10,No
7740,7.474693848052993e-05,No
7741,0.0009513320401310921,No
7742,1.3740696358510718e-09,No
7743,9.83341519322778e-10,No
7744,0.9999662637710571,Yes
7745,0.9930878281593323,Yes
7746,1.3923425967732328e-08,No
7747,1.4005355986057566e-08,No
7748,0.007000329904258251,No
7749,0.00022124566021375358,No
7750,1.8879497964974234e-09,No
7751,3.022343708636299e-09,No
7752,0.999956488609314,Yes
7753,0.9999991655349731,Yes
7754,1.2018247508294166e-09,No
7755,3.5417972998885716e-09,No
7756,1.0,Yes
7757,0.14529196918010712,No
7758,3.2207863043254292e-09,No
7759,7.383865963106473e-09,No
7760,0.9998818635940552,Yes
7761,0.8217810988426208,Yes
7762,2.5365403999444425e-08,No
7763,3.421518846025151e-09,No
7764,0.9999784827232361,Yes
7765,0.9999997615814209,Yes
7766,9.222397956420991e-09,No
7767,4.216591076300347e-09,No
7768,0.9948220252990723,Yes
7769,0.5894606709480286,Yes
7770,4.790142060784319e-09,No
7771,1.2947723782019693e-08,No
7772,0.9999996423721313,Yes
7773,0.9999998807907104,Yes
7774,4.569896017159181e-09,No
7775,4.271978770731266e-09,No
7776,0.9999992847442627,Yes
7777,0.9999988079071045,Yes
7778,2.1936641392272804e-09,No
7779,9.020964530925824e-10,No
7780,0.0009184875525534153,No
7781,4.0878006984712556e-05,No
7782,4.772995776392008e-09,No
7783,1.493753454262503e-09,No
7784,0.9947164058685303,Yes
7785,0.9999982118606567,Yes
7786,3.6990079887999627e-09,No
7787,1.2208448652017978e-07,No
7788,8.387538400711492e-06,No
7789,1.5686487131461035e-07,No
7790,2.458174552799619e-09,No
7791,7.606944407712035e-09,No
7792,4.1830280679278076e-05,No
7793,0.015955250710248947,No
7794,1.2594005838195699e-09,No
7795,1.5251395701909587e-09,No
7796,0.9999886751174927,Yes
7797,0.5243176221847534,Yes
7798,5.138157677109234e-10,No
7799,1.2516064629153334e-08,No
7800,6.731269430737541e-10,No
7801,9.84443082607811e-10,No
7802,0.00018517345597501844,No
7803,0.9943897724151611,Yes
7804,3.418140215316612e-09,No
7805,1.3545274901716198e-09,No
7806,2.214234200437204e-07,No
7807,0.9999998807907104,Yes
7808,1.7153231057775997e-09,No
7809,1.7801701224229305e-09,No
7810,0.8296581506729126,Yes
7811,0.7962491512298584,Yes
7812,6.2533134226328e-10,No
7813,2.0612871409753097e-09,No
7814,0.00045768602285534143,No
7815,4.806073411600664e-05,No
7816,2.3311559349536992e-09,No
7817,1.6607923924993884e-09,No
7818,0.9999996423721313,Yes
7819,0.3569745123386383,No
7820,1.7442840505310642e-09,No
7821,1.3687566024600528e-05,No
7822,1.2759167056231036e-09,No
7823,2.739829696452034e-09,No
7824,8.038500420859407e-10,No
7825,6.341620006899973e-10,No
7826,3.4506176689319545e-06,No
7827,0.011841102503240108,No
7828,1.2217499234523643e-09,No
7829,1.519231296320811e-09,No
7830,4.833527782466263e-07,No
7831,4.616259019485369e-08,No
7832,4.4983489155825396e-10,No
7833,2.1156290608281836e-10,No
7834,5.0840567382692825e-06,No
7835,0.9999997615814209,Yes
7836,9.759441033097005e-10,No
7837,3.253812219661256e-10,No
7838,0.9952466487884521,Yes
7839,0.997530996799469,Yes
7840,0.9999984502792358,Yes
7841,0.24270658195018768,No
7842,4.953531362872354e-09,No
7843,4.586111046478436e-09,No
7844,0.9999997615814209,Yes
7845,0.9999995231628418,Yes
7846,1.5849275669665985e-08,No
7847,3.3410358923902095e-09,No
7848,0.9999725222587585,Yes
7849,0.9996408820152283,Yes
7850,4.698880839981712e-09,No
7851,2.6365876149014866e-09,No
7852,0.9999998807907104,Yes
7853,1.0,Yes
7854,2.809868115960512e-09,No
7855,2.307515512001146e-09,No
7856,0.9999996423721313,Yes
7857,0.9999997615814209,Yes
7858,6.556357234899224e-09,No
7859,4.6545814424980847e-10,No
7860,0.7501754760742188,Yes
7861,0.5792554020881653,Yes
7862,1.4903335454619082e-08,No
7863,3.3451230674330645e-09,No
7864,0.9999998807907104,Yes
7865,0.916383683681488,Yes
7866,4.221435645490601e-09,No
7867,1.0322293242381875e-08,No
7868,0.04794086515903473,No
7869,0.006767336744815111,No
7870,1.7981370836750443e-09,No
7871,2.70123412526857e-09,No
7872,0.876136839389801,Yes
7873,0.9999802112579346,Yes
7874,4.032634670636526e-09,No
7875,1.5893372173891862e-09,No
7876,0.9999956488609314,Yes
7877,0.9975338578224182,Yes
7878,2.0762538355256765e-09,No
7879,3.2786273695961654e-09,No
7880,4.3803713434265035e-10,No
7881,5.962698113037845e-10,No
7882,1.0644702541640072e-07,No
7883,1.6464887231393277e-09,No
7884,1.1878003025600492e-09,No
7885,7.02840285971007e-10,No
7886,1.0,Yes
7887,8.694053832414284e-08,No
7888,1.7460516366085699e-09,No
7889,7.759726194933592e-10,No
7890,0.4470491409301758,No
7891,0.9986014366149902,Yes
7892,1.3804450915699817e-09,No
7893,1.1789008658169564e-09,No
7894,1.0,Yes
7895,6.28746347501874e-05,No
7896,2.5556143867788705e-09,No
7897,5.129034530426679e-09,No
7898,0.6010887026786804,Yes
7899,0.00030861864797770977,No
7900,8.553202035521679e-10,No
7901,7.930904266650884e-10,No
7902,1.1994774062884517e-09,No
7903,3.6539535358315334e-05,No
7904,1.3973381340903757e-09,No
7905,5.372814637638612e-09,No
7906,1.2959384676491936e-08,No
7907,0.00015464387251995504,No
7908,1.4842279627558241e-09,No
7909,2.166887336230161e-09,No
7910,0.10080978274345398,No
7911,0.0004377865407150239,No
7912,9.275014090093237e-10,No
7913,4.3886169698303945e-10,No
7914,0.0003765903238672763,No
7915,9.917791032876266e-08,No
7916,4.4111664321278e-10,No
7917,1.5830594612964433e-09,No
7918,1.8777695842686626e-08,No
7919,0.9874992966651917,Yes
7920,5.466098684792087e-10,No
7921,3.855774588501504e-10,No
7922,1.7162109955393134e-08,No
7923,0.9999858736991882,Yes
7924,1.3493830497424142e-09,No
7925,1.4930328084972189e-09,No
7926,0.9999998807907104,Yes
7927,0.9987050890922546,Yes
7928,1.605365840262607e-09,No
7929,1.5442157552669755e-09,No
7930,7.300274592125788e-05,No
7931,0.9165877103805542,Yes
7932,1.1596654747592083e-09,No
7933,9.302812964406826e-10,No
7934,0.9999964833259583,Yes
7935,0.9999998807907104,Yes
7936,1.4167168549406028e-09,No
7937,9.488502206167482e-10,No
7938,0.179789736866951,No
7939,0.9999978542327881,Yes
7940,1.2741615762479341e-08,No
7941,6.795879698984209e-07,No
7942,2.699184431520507e-09,No
7943,3.9689558306577055e-09,No
7944,3.3048273007096896e-09,No
7945,3.498538569957077e-09,No
7946,3.0485309707728447e-06,No
7947,8.321806672029197e-05,No
7948,4.2888353979364524e-10,No
7949,8.469014933787378e-10,No
7950,3.845978202576816e-09,No
7951,1.101860203078786e-08,No
7952,4.824514121537504e-10,No
7953,4.646899531834947e-10,No
7954,3.1492866092719396e-09,No
7955,8.017663866155544e-09,No
7956,1.6811259051507932e-09,No
7957,1.395050630570438e-09,No
7958,0.0020819164346903563,No
7959,0.9999998807907104,Yes
7960,1.1437063102137657e-10,No
7961,4.981992041130923e-10,No
7962,0.9987338781356812,Yes
7963,3.6086578170113626e-09,No
7964,6.642855709948492e-10,No
7965,1.1030372171205727e-09,No
7966,0.9999991655349731,Yes
7967,0.9993272423744202,Yes
7968,8.761347758401428e-10,No
7969,1.0392893212696208e-09,No
7970,0.08983159810304642,No
7971,0.19591838121414185,No
7972,8.905177151241617e-10,No
7973,6.425178167290824e-10,No
7974,0.9999892711639404,Yes
7975,0.9999998807907104,Yes
7976,2.104855179041465e-09,No
7977,9.243631415856157e-10,No
7978,0.9998971223831177,Yes
7979,0.9999973177909851,Yes
7980,2.432972268096023e-09,No
7981,1.656606740674249e-09,No
7982,2.0934323163857016e-09,No
7983,0.9349028468132019,Yes
7984,2.9957478719921937e-09,No
7985,1.4611698517796867e-09,No
7986,1.138873244599381e-07,No
7987,7.996607109816978e-08,No
7988,4.104724338205301e-10,No
7989,4.5487791311416004e-10,No
7990,2.8827635834005605e-09,No
7991,7.814119129534447e-09,No
7992,3.452156338568102e-10,No
7993,2.2012031086759976e-10,No
7994,2.158464296186935e-09,No
7995,6.704772386001423e-05,No
7996,1.0587166698883266e-09,No
7997,1.0930201188585897e-09,No
7998,0.9999992847442627,Yes
7999,0.9999991655349731,Yes
8000,7.163690751710305e-10,No
8001,3.484013078036696e-10,No
8002,0.0009959015296772122,No
8003,2.009537070080114e-08,No
8004,8.073056667612377e-10,No
8005,4.5977838203370425e-10,No
8006,0.9999998807907104,Yes
8007,0.0019033371936529875,No
8008,2.0042343340520574e-09,No
8009,1.3787267993947694e-09,No
8010,0.7898074388504028,Yes
8011,5.6388536506801756e-08,No
8012,3.9415840036305383e-10,No
8013,6.919938511096291e-10,No
8014,0.009712143801152706,No
8015,0.9043618440628052,Yes
8016,1.4853069885134573e-09,No
8017,9.344836016111913e-10,No
8018,0.9995307922363281,Yes
8019,0.006168060004711151,No
8020,2.9473632423560048e-09,No
8021,2.92648960620312e-10,No
8022,1.3889097649766313e-09,No
8023,0.9578500986099243,Yes
8024,4.08300371290693e-09,No
8025,1.7931000684257015e-08,No
8026,0.00029879339854232967,No
8027,0.00012132061237934977,No
8028,3.27716591641547e-08,No
8029,9.345603180221929e-10,No
8030,0.322605162858963,No
8031,1.2742469152726699e-05,No
8032,4.4428305479016217e-10,No
8033,2.3850257879765024e-10,No
8034,7.208262875479932e-10,No
8035,9.501921471866126e-10,No
8036,3.7907724181884817e-10,No
8037,8.95139518064525e-10,No
8038,0.02432303875684738,No
8039,0.9749332666397095,Yes
8040,1.0,Yes
8041,0.9999969005584717,Yes
8042,2.2715151981600457e-09,No
8043,2.322763092976743e-09,No
8044,0.9999996423721313,Yes
8045,0.9999998807907104,Yes
8046,4.59847893097276e-09,No
8047,1.691624507138556e-09,No
8048,0.9999995231628418,Yes
8049,0.9999992847442627,Yes
8050,5.832087590640356e-10,No
8051,5.837907934846953e-10,No
8052,0.9999985694885254,Yes
8053,0.9999997615814209,Yes
8054,1.2225891410366785e-09,No
8055,1.560649276477477e-09,No
8056,0.9999997615814209,Yes
8057,0.9999998807907104,Yes
8058,9.142249735027974e-10,No
8059,6.737370661369368e-10,No
8060,0.9999998807907104,Yes
8061,0.004370966926217079,No
8062,1.2583488695483425e-09,No
8063,3.1846474346508558e-09,No
8064,0.9999988079071045,Yes
8065,0.9999997615814209,Yes
8066,5.003812475479208e-09,No
8067,3.493097588957994e-09,No
8068,0.9994204640388489,Yes
8069,0.9982514381408691,Yes
8070,1.1517810705186093e-08,No
8071,1.0955441887006145e-08,No
8072,0.9999980330467224,Yes
8073,0.9938946962356567,Yes
8074,1.9948980245487746e-09,No
8075,1.2781430358543844e-09,No
8076,0.9999960064888,Yes
8077,0.06105319783091545,No
8078,5.323077534313825e-09,No
8079,1.7948886821272936e-09,No
8080,1.0,Yes
8081,0.9999991655349731,Yes
8082,3.7902517235899325e-10,No
8083,1.97512717292625e-09,No
8084,0.9999998807907104,Yes
8085,1.0,Yes
8086,2.7066031638156574e-09,No
8087,7.982644767423608e-09,No
8088,0.9999997615814209,Yes
8089,0.9999984502792358,Yes
8090,3.41881190024651e-09,No
8091,1.3590907066429736e-08,No
8092,0.9999998807907104,Yes
8093,0.9999998807907104,Yes
8094,1.828342699461416e-09,No
8095,1.8964998460546667e-09,No
8096,0.9999998807907104,Yes
8097,1.0,Yes
8098,4.0587702088146216e-09,No
8099,3.477254872930047e-10,No
8100,0.0009147112723439932,No
8101,0.0003957034205086529,No
8102,1.3668083331808134e-09,No
8103,1.394760640316406e-09,No
8104,0.9999639987945557,Yes
8105,0.9999908208847046,Yes
8106,1.0385448057093072e-08,No
8107,3.4702221540783285e-08,No
8108,0.986361563205719,Yes
8109,0.016818510368466377,No
8110,2.1058550458974423e-09,No
8111,1.0149122653402287e-09,No
8112,0.9993659853935242,Yes
8113,0.008325095288455486,No
8114,7.964344739264106e-10,No
8115,1.878363464768995e-09,No
8116,1.0,Yes
8117,1.0,Yes
8118,3.0082286661681223e-10,No
8119,1.0603051769919603e-09,No
8120,2.693572309642178e-10,No
8121,4.1597850164443173e-10,No
8122,0.9997795224189758,Yes
8123,0.9999872446060181,Yes
8124,8.103262505443354e-10,No
8125,1.3367565943056547e-09,No
8126,0.9909636378288269,Yes
8127,0.9999998807907104,Yes
8128,1.999141296948892e-09,No
8129,2.132686693911978e-09,No
8130,0.9999382495880127,Yes
8131,0.9967817664146423,Yes
8132,6.3211030854049e-10,No
8133,4.679898690795881e-10,No
8134,0.9988622069358826,Yes
8135,1.0,Yes
8136,1.812277994339695e-09,No
8137,1.1934777610633773e-09,No
8138,0.9999997615814209,Yes
8139,0.9999948143959045,Yes
8140,4.134285802592785e-09,No
8141,1.9565669084897763e-09,No
8142,3.2497642354911704e-09,No
8143,0.9556271433830261,Yes
8144,9.306668324882139e-09,No
8145,8.109945603962387e-09,No
8146,0.034662723541259766,No
8147,7.137156643466369e-08,No
8148,6.592002499417049e-10,No
8149,1.5525647434344592e-09,No
8150,6.06211585818528e-07,No
8151,1.2957798389834352e-06,No
8152,3.6700242844744935e-10,No
8153,5.16178155773872e-10,No
8154,3.1548961221261607e-09,No
8155,1.0,Yes
8156,2.7258431622989576e-10,No
8157,3.7037148348240123e-10,No
8158,0.0015621797647327185,No
8159,0.9188979864120483,Yes
8160,1.0,Yes
8161,0.9999990463256836,Yes
8162,6.178774158982492e-10,No
8163,4.894314953318712e-10,No
8164,0.9999986886978149,Yes
8165,1.0,Yes
8166,1.5618373261361285e-09,No
8167,4.4115218145179824e-09,No
8168,0.9999994039535522,Yes
8169,0.9999912977218628,Yes
8170,3.834483841558267e-10,No
8171,3.3781177855018996e-09,No
8172,1.0,Yes
8173,0.9999988079071045,Yes
8174,8.836212872509464e-10,No
8175,9.376437404284843e-10,No
8176,0.9999849796295166,Yes
8177,0.9999998807907104,Yes
8178,6.577421940434647e-10,No
8179,1.003583882663861e-09,No
8180,0.523135781288147,Yes
8181,0.00012825659359805286,No
8182,1.8752026598178873e-09,No
8183,7.815232905272751e-10,No
8184,0.9999997615814209,Yes
8185,0.9999994039535522,Yes
8186,4.0638230558442956e-08,No
8187,7.94893040279021e-09,No
8188,0.8455831408500671,Yes
8189,0.011305798776447773,No
8190,2.101653739927656e-09,No
8191,3.068726828203694e-09,No
8192,0.9998310804367065,Yes
8193,0.9999986886978149,Yes
8194,1.2725045461792206e-09,No
8195,2.5481867726995233e-09,No
8196,0.9999998807907104,Yes
8197,0.9836153388023376,Yes
8198,2.3823887307372615e-10,No
8199,6.429567434018679e-10,No
8200,7.14311554350644e-10,No
8201,8.086212255342673e-11,No
8202,1.502131219410785e-08,No
8203,0.009913215413689613,No
8204,7.90823129204199e-10,No
8205,8.442709864553422e-10,No
8206,0.9999998807907104,Yes
8207,1.8029617194770253e-06,No
8208,7.300287596656574e-10,No
8209,4.013204213393351e-10,No
8210,0.12107754498720169,No
8211,1.6260857194083655e-07,No
8212,6.369149097018578e-10,No
8213,4.2796752253160264e-10,No
8214,7.318819370993879e-06,No
8215,0.0070287082344293594,No
8216,1.3009950894371514e-09,No
8217,5.949758463685839e-10,No
8218,1.0,Yes
8219,0.005334220826625824,No
8220,1.4303824791284114e-09,No
8221,2.3646648528163894e-10,No
8222,5.282358106484253e-09,No
8223,7.231139242946938e-09,No
8224,1.3146628674576277e-08,No
8225,2.4497495143549486e-09,No
8226,4.924340757384016e-08,No
8227,1.6227085097852978e-07,No
8228,5.084392906695712e-10,No
8229,1.8405337698368385e-08,No
8230,0.08410582691431046,No
8231,0.13673125207424164,No
8232,1.302807167702369e-10,No
8233,1.3199008552788882e-09,No
8234,1.4019673200138527e-09,No
8235,3.3427697871957207e-06,No
8236,7.832409165686727e-10,No
8237,2.821934907970558e-10,No
8238,0.9999530911445618,Yes
8239,6.225091908618197e-08,No
8240,6.643869898681487e-10,No
8241,7.357123799067722e-10,No
8242,0.9999849796295166,Yes
8243,1.2975578389529119e-09,No
8244,7.985305749969029e-10,No
8245,6.719724221504464e-10,No
8246,0.9999983310699463,Yes
8247,0.0023434264585375786,No
8248,1.8000361023950973e-07,No
8249,8.700282716489482e-10,No
8250,6.644990548920759e-07,No
8251,3.0528533034868133e-09,No
8252,4.2751310824762356e-10,No
8253,5.727865404203669e-10,No
8254,0.9980947971343994,Yes
8255,0.999998927116394,Yes
8256,1.2065722865273187e-09,No
8257,4.182485024983862e-09,No
8258,0.9999998807907104,Yes
8259,0.9954018592834473,Yes
8260,4.573049994238687e-10,No
8261,4.0939968082298606e-10,No
8262,0.0024220184423029423,No
8263,0.8323255777359009,Yes
8264,5.642971423469589e-09,No
8265,1.1634567975704613e-08,No
8266,4.7361349970742594e-06,No
8267,7.248442125273868e-05,No
8268,1.31032895644978e-09,No
8269,3.692126604448731e-10,No
8270,7.644075594726019e-09,No
8271,5.464040100378043e-07,No
8272,1.6922303835986696e-10,No
8273,1.578547986769152e-10,No
8274,0.9999998807907104,Yes
8275,1.1717663284116497e-07,No
8276,4.926157814999499e-10,No
8277,1.2785640601808979e-10,No
8278,0.9999998807907104,Yes
8279,1.0581988618696414e-07,No
8280,0.9400138854980469,Yes
8281,0.9999995231628418,Yes
8282,3.5254601460366075e-09,No
8283,2.3376118818418945e-09,No
8284,0.9991771578788757,Yes
8285,0.9999651908874512,Yes
8286,1.5441692369222437e-08,No
8287,5.273308456565928e-09,No
8288,0.9999996423721313,Yes
8289,0.9999833106994629,Yes
8290,1.4695238359507812e-09,No
8291,6.583986134067743e-10,No
8292,0.9999997615814209,Yes
8293,0.9999956488609314,Yes
8294,3.3955920297756848e-09,No
8295,2.4045767599290002e-09,No
8296,0.9999901056289673,Yes
8297,0.9999994039535522,Yes
8298,6.624825688028579e-10,No
8299,7.581794081445992e-10,No
8300,0.9999998807907104,Yes
8301,3.12952715830761e-06,No
8302,1.7289909504114576e-09,No
8303,5.8027973537377875e-09,No
8304,0.9999998807907104,Yes
8305,0.9999998807907104,Yes
8306,4.974853862194095e-09,No
8307,2.4106292517700467e-09,No
8308,0.9996611475944519,Yes
8309,0.9988163709640503,Yes
8310,1.4833485550980186e-08,No
8311,1.1439802882762251e-08,No
8312,0.9999760985374451,Yes
8313,0.9999992847442627,Yes
8314,1.80573955788077e-09,No
8315,7.273078583835968e-09,No
8316,0.9999991655349731,Yes
8317,0.8754862546920776,Yes
8318,8.726840361461541e-10,No
8319,1.7066261737141986e-09,No
8320,0.9999998807907104,Yes
8321,0.9999994039535522,Yes
8322,1.2404336446891762e-09,No
8323,7.801679857699639e-10,No
8324,1.0,Yes
8325,1.0,Yes
8326,2.837913459785568e-09,No
8327,1.172424712869713e-09,No
8328,0.9999960064888,Yes
8329,0.7173206210136414,Yes
8330,1.2287210138239857e-09,No
8331,6.563313892371525e-09,No
8332,0.9999998807907104,Yes
8333,0.9999998807907104,Yes
8334,7.214507324881936e-10,No
8335,1.0431858710191477e-09,No
8336,1.0,Yes
8337,0.9999958872795105,Yes
8338,1.8711436844398577e-09,No
8339,8.74720518240224e-10,No
8340,0.09722956269979477,No
8341,0.9999958872795105,Yes
8342,8.391096706361623e-10,No
8343,3.912404622496979e-09,No
8344,0.998864471912384,Yes
8345,0.9696646332740784,Yes
8346,8.992588895750941e-09,No
8347,6.652305373222589e-09,No
8348,0.4704258143901825,No
8349,0.05702604353427887,No
8350,8.878990320759783e-10,No
8351,9.855384286439062e-10,No
8352,1.0,Yes
8353,1.0,Yes
8354,6.849070754988418e-10,No
8355,1.9942703044506516e-09,No
8356,0.9999432563781738,Yes
8357,0.7408004403114319,Yes
8358,9.149960789045508e-10,No
8359,1.096195689775925e-09,No
8360,0.9995960593223572,Yes
8361,0.9999998807907104,Yes
8362,4.51466336537365e-10,No
8363,2.7986396533563607e-10,No
8364,1.0,Yes
8365,1.0,Yes
8366,1.5068709613430542e-09,No
8367,1.8854668937251517e-09,No
8368,0.7828693985939026,Yes
8369,0.999998927116394,Yes
8370,5.066988606472478e-09,No
8371,3.475459697810379e-09,No
8372,1.0,Yes
8373,0.9999998807907104,Yes
8374,1.1205399941260907e-09,No
8375,7.747466002072656e-10,No
8376,0.9999996423721313,Yes
8377,0.9999979734420776,Yes
8378,1.1465965954471358e-09,No
8379,4.091459948618592e-10,No
8380,0.0659886822104454,No
8381,0.9999949336051941,Yes
8382,6.75515310355479e-10,No
8383,4.828648036969696e-10,No
8384,0.9999963641166687,Yes
8385,0.99998539686203,Yes
8386,5.223566024170623e-09,No
8387,3.501950063267145e-09,No
8388,0.965297520160675,Yes
8389,0.1386922150850296,No
8390,1.226445278668109e-09,No
8391,8.90983231638387e-10,No
8392,0.9942960739135742,Yes
8393,1.0,Yes
8394,1.6874159847191095e-09,No
8395,1.4306197337887738e-09,No
8396,0.9705976247787476,Yes
8397,0.927801251411438,Yes
8398,2.549514155347765e-09,No
8399,7.144478342269167e-10,No
8400,4.796273378460114e-10,No
8401,5.428549831876239e-10,No
8402,4.8865874902048745e-08,No
8403,1.7998630363891266e-09,No
8404,7.518130007433399e-10,No
8405,5.574067318825371e-10,No
8406,1.0,Yes
8407,1.0,Yes
8408,6.75011713191509e-10,No
8409,1.1385703491129107e-09,No
8410,0.3943048417568207,No
8411,0.5671351552009583,Yes
8412,2.813770882958977e-10,No
8413,6.67953581334757e-10,No
8414,3.498023943393491e-06,No
8415,0.9999991655349731,Yes
8416,4.895444605246269e-10,No
8417,5.970812733124831e-10,No
8418,0.9999997615814209,Yes
8419,0.9955399036407471,Yes
8420,1.4818589022524975e-07,No
8421,5.74218395055226e-10,No
8422,0.7156817317008972,Yes
8423,1.8294809223107222e-08,No
8424,6.935821916798091e-10,No
8425,1.2508183377946125e-09,No
8426,3.255249936273685e-08,No
8427,3.080655005760491e-05,No
8428,6.6865752934575085e-09,No
8429,1.3464503290094854e-08,No
8430,2.690554445905491e-09,No
8431,2.9169893167591e-09,No
8432,5.487387766400786e-10,No
8433,5.424813376286863e-10,No
8434,0.9999997615814209,Yes
8435,1.2568904805831949e-09,No
8436,8.695852371509716e-10,No
8437,3.681992766235709e-10,No
8438,7.169286959651799e-07,No
8439,0.9999998807907104,Yes
8440,2.2421574319420046e-10,No
8441,2.9486438291037587e-10,No
8442,0.9993095993995667,Yes
8443,0.9999986886978149,Yes
8444,1.5552863885659463e-08,No
8445,5.874242758885373e-10,No
8446,1.0,Yes
8447,0.40805748105049133,No
8448,2.2379884612178103e-09,No
8449,1.0581353571126328e-09,No
8450,0.9602848887443542,Yes
8451,0.9994416236877441,Yes
8452,2.755960182287964e-10,No
8453,3.099543677276273e-10,No
8454,0.999970018863678,Yes
8455,0.999662458896637,Yes
8456,1.707414098994775e-09,No
8457,6.448984679607861e-10,No
8458,0.9999998807907104,Yes
8459,0.8210446834564209,Yes
8460,3.7356736015681236e-07,No
8461,5.968501248787561e-10,No
8462,8.816029017921778e-10,No
8463,2.029686196891589e-09,No
8464,8.736800172215453e-10,No
8465,4.314658852422326e-09,No
8466,8.183676847295374e-09,No
8467,3.0716779292561114e-05,No
8468,3.835780582051029e-09,No
8469,3.8060612439494435e-09,No
8470,1.7161920595754054e-07,No
8471,2.7273057146004476e-09,No
8472,2.2920430831074867e-10,No
8473,1.5641053729975596e-10,No
8474,0.00014600632130168378,No
8475,4.036865008938406e-10,No
8476,1.677185751391974e-10,No
8477,5.085837861962261e-10,No
8478,0.9999733567237854,Yes
8479,6.616205610043835e-07,No
8480,0.9999998807907104,Yes
8481,0.9999958872795105,Yes
8482,9.201694406435479e-10,No
8483,5.421730842058992e-10,No
8484,0.9999996423721313,Yes
8485,0.9999996423721313,Yes
8486,3.4890956790434302e-09,No
8487,1.951550254730705e-09,No
8488,0.9999905824661255,Yes
8489,0.9951827526092529,Yes
8490,1.31254263013858e-09,No
8491,7.263578627458855e-10,No
8492,0.9999998807907104,Yes
8493,0.999995768070221,Yes
8494,1.0069046707528173e-09,No
8495,1.465398247191274e-09,No
8496,0.9999828338623047,Yes
8497,0.9998379349708557,Yes
8498,8.034299892045738e-10,No
8499,6.94862556382958e-10,No
8500,0.02733568660914898,No
8501,0.9985837936401367,Yes
8502,1.1220477880158342e-09,No
8503,1.4423663152740573e-08,No
8504,0.9989381432533264,Yes
8505,0.9999994039535522,Yes
8506,2.4341975102259994e-09,No
8507,1.3725772518569102e-08,No
8508,0.10695409774780273,No
8509,0.00019114586757496,No
8510,1.2366285773168784e-08,No
8511,2.9099207488059164e-09,No
8512,0.9999995231628418,Yes
8513,0.9651849865913391,Yes
8514,9.254480515252794e-10,No
8515,1.1336123151295396e-09,No
8516,0.9999996423721313,Yes
8517,0.9999998807907104,Yes
8518,4.886703264261882e-10,No
8519,1.4427865568933385e-09,No
8520,0.999998927116394,Yes
8521,0.9951021671295166,Yes
8522,1.2711872665605028e-09,No
8523,9.030622361017038e-10,No
8524,0.9999998807907104,Yes
8525,0.9999998807907104,Yes
8526,3.0156754871057956e-09,No
8527,8.86618334305922e-09,No
8528,0.9999961256980896,Yes
8529,0.9999996423721313,Yes
8530,1.603798871485651e-09,No
8531,2.1595523591599886e-08,No
8532,0.9999998807907104,Yes
8533,0.9999998807907104,Yes
8534,2.6294111332703096e-09,No
8535,3.165027795404285e-09,No
8536,0.9999990463256836,Yes
8537,0.9999996423721313,Yes
8538,9.699315794975405e-10,No
8539,3.6898525901385426e-10,No
8540,0.003429408185184002,No
8541,3.5745175409829244e-05,No
8542,9.44057276797139e-10,No
8543,1.2008370964267101e-09,No
8544,0.9995120763778687,Yes
8545,0.9802447557449341,Yes
8546,1.756206202685462e-08,No
8547,1.1479758477150881e-08,No
8548,0.8225529789924622,Yes
8549,0.0035625530872493982,No
8550,2.9825208969214145e-09,No
8551,3.1206510708869928e-09,No
8552,0.9931557774543762,Yes
8553,0.9997636675834656,Yes
8554,1.0539135120168908e-09,No
8555,9.71919167369606e-09,No
8556,0.9999998807907104,Yes
8557,0.34587645530700684,No
8558,3.4959837247328096e-09,No
8559,5.327668528565255e-09,No
8560,0.9988645911216736,Yes
8561,0.5780807137489319,Yes
8562,1.732543886134863e-08,No
8563,8.920357785768829e-10,No
8564,0.9999977946281433,Yes
8565,0.9999998807907104,Yes
8566,6.802024721253019e-09,No
8567,2.8708895261075895e-09,No
8568,0.9998723268508911,Yes
8569,0.18654903769493103,No
8570,5.0409521001881785e-09,No
8571,1.641591573786627e-08,No
8572,0.9999985694885254,Yes
8573,0.9999998807907104,Yes
8574,2.6813025133520796e-09,No
8575,2.8865048129489423e-09,No
8576,0.999998927116394,Yes
8577,0.9999996423721313,Yes
8578,1.8980887972475102e-09,No
8579,9.121331467909499e-10,No
8580,0.0008572718361392617,No
8581,8.642272405268159e-06,No
8582,6.303804589435913e-09,No
8583,1.7110524108687741e-09,No
8584,0.9621443748474121,Yes
8585,0.9999902248382568,Yes
8586,2.17592455165061e-09,No
8587,7.933635259860239e-08,No
8588,0.0019185360288247466,No
8589,1.7229269815288717e-06,No
8590,2.9141478119498743e-09,No
8591,7.129861145926952e-09,No
8592,3.1632625905331224e-05,No
8593,8.461425750283524e-05,No
8594,9.335909822993926e-10,No
8595,1.6768795241262069e-09,No
8596,0.9999635815620422,Yes
8597,0.7797735333442688,Yes
8598,3.853319052726789e-10,No
8599,8.717429444971003e-09,No
8600,6.803733687554825e-10,No
8601,3.8153333270507517e-10,No
8602,0.000579238694626838,No
8603,0.97744220495224,Yes
8604,3.5053113744965003e-09,No
8605,1.2473018173864148e-09,No
8606,1.8079826986650005e-06,No
8607,1.0,Yes
8608,2.522470454735526e-09,No
8609,8.293337128151279e-10,No
8610,0.8399120569229126,Yes
8611,0.8318501114845276,Yes
8612,3.681044913328435e-10,No
8613,1.019780815347815e-09,No
8614,0.012872252613306046,No
8615,6.337856575555634e-06,No
8616,1.5431175226510163e-09,No
8617,1.406327498898463e-09,No
8618,0.9999997615814209,Yes
8619,0.44074100255966187,No
8620,7.780192601281044e-10,No
8621,6.335177749861032e-05,No
8622,1.0163632158111113e-09,No
8623,3.007759818984823e-09,No
8624,5.126352120576882e-10,No
8625,4.0972622517010393e-10,No
8626,4.634370611711347e-07,No
8627,0.010378926061093807,No
8628,1.0401659533698648e-09,No
8629,1.3260983422469508e-09,No
8630,1.778174350874906e-06,No
8631,1.3348332004170516e-06,No
8632,2.5413079973723995e-10,No
8633,9.662547151290113e-11,No
8634,3.233941606595181e-05,No
8635,0.9999997615814209,Yes
8636,8.875281620746023e-10,No
8637,2.4199153791926165e-10,No
8638,0.9898591637611389,Yes
8639,0.999968409538269,Yes
8640,0.9999929666519165,Yes
8641,0.7873665690422058,Yes
8642,2.435892820784602e-09,No
8643,1.8975601090431837e-09,No
8644,0.9999997615814209,Yes
8645,0.9999998807907104,Yes
8646,9.978886161832179e-09,No
8647,3.783038327043187e-09,No
8648,0.999988317489624,Yes
8649,0.9998753666877747,Yes
8650,1.1216739537189824e-08,No
8651,8.012221996978042e-09,No
8652,0.9999998807907104,Yes
8653,0.9999998807907104,Yes
8654,2.075905447540549e-09,No
8655,1.235003876942642e-09,No
8656,0.9999996423721313,Yes
8657,0.9999997615814209,Yes
8658,4.2847494441389244e-09,No
8659,4.565798572553348e-10,No
8660,0.9861322641372681,Yes
8661,0.3180886507034302,No
8662,3.188167951861942e-08,No
8663,2.2195179028017264e-09,No
8664,0.9999994039535522,Yes
8665,0.8511914610862732,Yes
8666,3.3959481893219845e-09,No
8667,8.497448078514935e-09,No
8668,0.885334849357605,Yes
8669,0.007644169963896275,No
8670,2.9402378309839605e-09,No
8671,3.2615188327866917e-09,No
8672,0.7845125794410706,Yes
8673,0.999468982219696,Yes
8674,7.101306209733593e-09,No
8675,1.5134353770207554e-09,No
8676,0.9997751712799072,Yes
8677,0.9243389368057251,Yes
8678,1.6632778487846167e-09,No
8679,2.029484802434922e-09,No
8680,5.836215954957424e-10,No
8681,3.786653213211366e-10,No
8682,9.090372543596459e-08,No
8683,1.919613135115128e-09,No
8684,9.058758743130113e-10,No
8685,5.011068782145855e-10,No
8686,1.0,Yes
8687,4.347928950210189e-08,No
8688,2.4036275192429457e-09,No
8689,7.073643892852033e-10,No
8690,0.37306177616119385,No
8691,0.9982450008392334,Yes
8692,6.612529412919343e-10,No
8693,5.473621000895434e-10,No
8694,1.0,Yes
8695,0.0019572852179408073,No
8696,1.8381894895114215e-09,No
8697,4.065503045325158e-09,No
8698,0.9930390119552612,Yes
8699,0.016929572448134422,No
8700,8.180474075913935e-10,No
8701,3.6088279586898864e-10,No
8702,7.727837258997283e-10,No
8703,0.00012598840112332255,No
8704,1.776574665157682e-09,No
8705,8.491259251286465e-09,No
8706,8.960059361129424e-09,No
8707,3.855834438581951e-05,No
8708,1.6530653512702997e-09,No
8709,3.16190229554536e-09,No
8710,0.9571470618247986,Yes
8711,0.2507458031177521,No
8712,6.166847588140456e-10,No
8713,2.3765206469406053e-10,No
8714,0.0018973390106111765,No
8715,5.189497187529923e-07,No
8716,3.512249657777744e-10,No
8717,9.72515734609658e-10,No
8718,2.2580691094731264e-08,No
8719,0.9957805871963501,Yes
8720,5.97041416305899e-10,No
8721,2.6198579416991663e-10,No
8722,2.5643935863683964e-09,No
8723,0.9956077337265015,Yes
8724,9.153259261651669e-10,No
8725,9.046586257888123e-10,No
8726,1.0,Yes
8727,0.9999743103981018,Yes
8728,7.651545175235697e-09,No
8729,1.7151366993317652e-09,No
8730,0.00017515203217044473,No
8731,0.9069194197654724,Yes
8732,5.086128740394713e-10,No
8733,4.115016938310845e-10,No
8734,0.9999914169311523,Yes
8735,0.9999998807907104,Yes
8736,1.1959021550822513e-09,No
8737,7.776809751725011e-10,No
8738,0.9699079990386963,Yes
8739,0.9999964833259583,Yes
8740,2.8544981933720237e-09,No
8741,1.7182077272082097e-06,No
8742,1.4951131444007615e-09,No
8743,3.0433071618318763e-09,No
8744,2.9623772324072206e-09,No
8745,4.346965010171289e-09,No
8746,6.193576496116293e-07,No
8747,8.80368497746531e-06,No
8748,4.0699935088817085e-10,No
8749,6.441621125397035e-10,No
8750,1.1890186613072729e-07,No
8751,5.4817025585407464e-08,No
8752,2.000971471849411e-10,No
8753,2.457704595393295e-10,No
8754,9.228076081058134e-10,No
8755,4.594752578412908e-09,No
8756,7.654664679890288e-10,No
8757,9.556284652489921e-10,No
8758,0.0013125576078891754,No
8759,0.9999998807907104,Yes
8760,6.446989470054731e-11,No
8761,2.9607374885110005e-10,No
8762,0.8538532257080078,Yes
8763,3.2813815664667345e-08,No
8764,4.1132905415075527e-10,No
8765,7.541698932023166e-10,No
8766,0.9999998807907104,Yes
8767,0.9999863505363464,Yes
8768,9.755979357706224e-10,No
8769,8.144556695732774e-10,No
8770,0.7201546430587769,Yes
8771,0.11952169984579086,No
8772,3.3868904902867314e-10,No
8773,2.595655079762338e-10,No
8774,0.9999951720237732,Yes
8775,0.9999986886978149,Yes
8776,1.1856635673268556e-09,No
8777,6.581863942756172e-10,No
8778,0.999995768070221,Yes
8779,0.9999988079071045,Yes
8780,1.2635630319834945e-09,No
8781,9.36439148446766e-10,No
8782,2.002289667402124e-09,No
8783,0.7197046875953674,Yes
8784,3.749927479645976e-09,No
8785,1.987886522059057e-09,No
8786,6.16283202248269e-08,No
8787,6.952330977583188e-08,No
8788,4.0334632855909547e-10,No
8789,2.6449320511545693e-10,No
8790,5.357937382655109e-08,No
8791,1.5431711020141847e-08,No
8792,1.772992447302002e-10,No
8793,1.0432929520298728e-10,No
8794,7.313109007256458e-10,No
8795,7.38603844752106e-08,No
8796,5.771611522042974e-10,No
8797,5.751599752024106e-10,No
8798,0.999998927116394,Yes
8799,0.9999995231628418,Yes
8800,2.2801001364758378e-10,No
8801,2.2856692927231137e-10,No
8802,0.9999998807907104,Yes
8803,0.08711350709199905,No
8804,1.421631840026194e-10,No
8805,1.5465080605014947e-10,No
8806,1.0,Yes
8807,0.9542158246040344,Yes
8808,2.618099625983916e-10,No
8809,3.902728418214707e-10,No
8810,0.9998230934143066,Yes
8811,1.6685825698914414e-07,No
8812,3.517096336391745e-10,No
8813,4.852847568237451e-10,No
8814,0.998759388923645,Yes
8815,0.9918684363365173,Yes
8816,2.3669527449143857e-10,No
8817,2.7564966975646144e-10,No
8818,0.9999997615814209,Yes
8819,0.4559952914714813,No
8820,2.60402699403528e-09,No
8821,1.7720694356349043e-10,No
8822,1.6416470405289374e-09,No
8823,0.983055591583252,Yes
8824,3.922521418786573e-09,No
8825,2.4723842972917964e-09,No
8826,0.5426616668701172,Yes
8827,0.01844967156648636,No
8828,3.486773980654334e-09,No
8829,5.250994083993987e-10,No
8830,0.9880532622337341,Yes
8831,0.00017217085405718535,No
8832,2.615838656794267e-10,No
8833,2.2781961039886056e-10,No
8834,7.334873819431209e-10,No
8835,3.9489134184833574e-10,No
8836,1.2971020091345764e-10,No
8837,2.054421216479696e-10,No
8838,0.011126256547868252,No
8839,0.9999997615814209,Yes
8840,1.0,Yes
8841,1.0,Yes
8842,8.993905620258147e-10,No
8843,8.290569342150889e-10,No
8844,1.0,Yes
8845,1.0,Yes
8846,3.691668637451073e-10,No
8847,1.0735221600555178e-09,No
8848,1.0,Yes
8849,1.0,Yes
8850,1.4314351093336342e-10,No
8851,1.4305426287997136e-10,No
8852,0.9999998807907104,Yes
8853,1.0,Yes
8854,3.930983039079905e-10,No
8855,5.23317666978329e-10,No
8856,1.0,Yes
8857,1.0,Yes
8858,1.9444082455244427e-10,No
8859,4.824486921073401e-10,No
8860,0.9999998807907104,Yes
8861,0.040350206196308136,No
8862,1.6136298963687068e-09,No
8863,6.503052762951711e-09,No
8864,0.9999998807907104,Yes
8865,1.0,Yes
8866,6.8316694523673505e-09,No
8867,5.977915051857963e-09,No
8868,0.9999554753303528,Yes
8869,0.9999984502792358,Yes
8870,8.085280001068895e-09,No
8871,5.392876367693589e-09,No
8872,1.0,Yes
8873,0.9995461702346802,Yes
8874,6.013534670223919e-10,No
8875,4.287167010286197e-10,No
8876,0.9999971985816956,Yes
8877,0.9024129509925842,Yes
8878,1.5319091550836106e-09,No
8879,1.5430968725027583e-09,No
8880,1.0,Yes
8881,1.0,Yes
8882,2.7972202332193774e-10,No
8883,1.0821297191654367e-09,No
8884,1.0,Yes
8885,1.0,Yes
8886,4.1061104516515456e-10,No
8887,1.330608290217583e-09,No
8888,0.9999971389770508,Yes
8889,0.9999996423721313,Yes
8890,5.145306958276308e-10,No
8891,1.1369751806711292e-09,No
8892,1.0,Yes
8893,1.0,Yes
8894,3.2527203153165374e-10,No
8895,3.12716796901924e-10,No
8896,1.0,Yes
8897,1.0,Yes
8898,8.710078769347263e-10,No
8899,1.8021739656148839e-10,No
8900,0.020140698179602623,No
8901,0.29066145420074463,No
8902,2.376131957859684e-09,No
8903,1.2886197664485621e-09,No
8904,0.9999995231628418,Yes
8905,0.9999997615814209,Yes
8906,4.484747240240949e-09,No
8907,8.568248688334279e-08,No
8908,0.8371961116790771,Yes
8909,0.9999178647994995,Yes
8910,7.596080431326868e-10,No
8911,3.0832106312495e-10,No
8912,0.9999997615814209,Yes
8913,0.6765013337135315,Yes
8914,4.580784362939738e-10,No
8915,9.039238246799641e-10,No
8916,1.0,Yes
8917,1.0,Yes
8918,9.933263239725321e-11,No
8919,3.18849335823046e-10,No
8920,3.3121835829597046e-10,No
8921,2.559398526447154e-10,No
8922,0.9999998807907104,Yes
8923,1.0,Yes
8924,1.6747626896407297e-10,No
8925,6.904420923881105e-10,No
8926,0.9999998807907104,Yes
8927,1.0,Yes
8928,3.5860339697713073e-10,No
8929,4.6023110322757077e-10,No
8930,0.9999961256980896,Yes
8931,0.9615615606307983,Yes
8932,2.860568448781464e-10,No
8933,2.632098983212927e-10,No
8934,0.999857485294342,Yes
8935,1.0,Yes
8936,3.605779841375778e-10,No
8937,2.9709085191953477e-10,No
8938,1.0,Yes
8939,1.0,Yes
8940,6.3179483866804276e-09,No
8941,2.03377048535458e-09,No
8942,1.5884673576493924e-09,No
8943,0.6958606839179993,Yes
8944,1.3541580079490245e-09,No
8945,6.447681277776951e-10,No
8946,0.006661653984338045,No
8947,4.582729218327586e-08,No
8948,1.8891559150358006e-10,No
8949,6.056469770143735e-10,No
8950,8.785570315694713e-08,No
8951,9.329099981414402e-08,No
8952,2.4350832461550453e-10,No
8953,4.181015256232712e-10,No
8954,1.1427109924966317e-08,No
8955,1.0,Yes
8956,5.443674330751769e-11,No
8957,2.5660903957280823e-10,No
8958,0.005254148971289396,No
8959,0.025967583060264587,No
8960,1.0,Yes
8961,1.0,Yes
8962,4.1415842977343686e-10,No
8963,4.090983940496784e-10,No
8964,1.0,Yes
8965,1.0,Yes
8966,3.5083061455942754e-10,No
8967,1.0230674085676128e-09,No
8968,1.0,Yes
8969,0.9999986886978149,Yes
8970,1.6239043443277978e-10,No
8971,3.052391672753174e-10,No
8972,1.0,Yes
8973,1.0,Yes
8974,2.834790457928449e-10,No
8975,2.8688024178435967e-10,No
8976,0.9999998807907104,Yes
8977,1.0,Yes
8978,2.172460683569355e-10,No
8979,3.2853175735425566e-10,No
8980,0.6943148374557495,Yes
8981,0.00019459205213934183,No
8982,2.465259774098172e-09,No
8983,5.419549253815603e-10,No
8984,1.0,Yes
8985,1.0,Yes
8986,2.7230552035462097e-08,No
8987,5.101384648042995e-09,No
8988,0.7194744944572449,Yes
8989,0.9996894001960754,Yes
8990,5.232796973508869e-10,No
8991,4.788504037733787e-10,No
8992,0.999995768070221,Yes
8993,0.9999997615814209,Yes
8994,2.817777400299093e-10,No
8995,5.73150471527839e-10,No
8996,1.0,Yes
8997,0.9994787573814392,Yes
8998,7.07832403801234e-11,No
8999,2.2877628957918006e-10,No
9000,3.3709265934156463e-10,No
9001,7.402430057812381e-11,No
9002,6.169992072813102e-09,No
9003,0.9999925494194031,Yes
9004,2.5609758758093903e-10,No
9005,4.2914866105192573e-10,No
9006,1.0,Yes
9007,0.9990877509117126,Yes
9008,3.3488753437005414e-10,No
9009,1.867677124067768e-10,No
9010,0.9632946252822876,Yes
9011,6.761487725270854e-07,No
9012,2.878833282871085e-10,No
9013,1.6122231327742043e-10,No
9014,0.01951896958053112,No
9015,0.7497169375419617,Yes
9016,1.518726394644787e-10,No
9017,1.2549852823617869e-10,No
9018,1.0,Yes
9019,0.9956400990486145,Yes
9020,1.5296814925847002e-09,No
9021,2.7264304702789843e-10,No
9022,8.643356252946433e-09,No
9023,5.838102978827919e-08,No
9024,5.052541496297636e-09,No
9025,3.6902819688933164e-10,No
9026,3.7159885835080786e-08,No
9027,1.5071339021233143e-07,No
9028,1.8706576565552524e-10,No
9029,1.9291193087411784e-09,No
9030,0.7216957211494446,Yes
9031,0.4320184588432312,No
9032,6.123769547006219e-11,No
9033,6.633651405962837e-10,No
9034,2.5332949071810162e-09,No
9035,2.941721106708428e-07,No
9036,4.592559943450425e-10,No
9037,2.509794871929927e-10,No
9038,0.9999998807907104,Yes
9039,0.00025187362916767597,No
9040,2.5595839336922666e-10,No
9041,9.383933630147112e-10,No
9042,1.0,Yes
9043,1.8587732483865693e-05,No
9044,1.8796454670511054e-10,No
9045,2.8092878023855405e-10,No
9046,1.0,Yes
9047,0.9995700716972351,Yes
9048,1.6229500943154562e-07,No
9049,2.192700743197662e-10,No
9050,3.953642590204254e-05,No
9051,2.284659350593188e-09,No
9052,1.527680482116267e-10,No
9053,3.084469346603669e-10,No
9054,0.9999994039535522,Yes
9055,1.0,Yes
9056,2.341948579509534e-10,No
9057,5.275780368130256e-10,No
9058,1.0,Yes
9059,0.9999861717224121,Yes
9060,5.828940108365543e-10,No
9061,4.3075681910309527e-10,No
9062,0.07359607517719269,No
9063,0.15669527649879456,No
9064,1.7979210342744523e-09,No
9065,2.322842584945306e-09,No
9066,0.0008660898893140256,No
9067,0.8173820972442627,Yes
9068,8.574991827714484e-10,No
9069,2.1238809322365881e-10,No
9070,4.173480228075732e-09,No
9071,2.384219669693266e-06,No
9072,1.1566429064524542e-10,No
9073,1.7793647111297162e-10,No
9074,1.0,Yes
9075,7.116142342056264e-08,No
9076,1.971088153807088e-10,No
9077,5.838962646720347e-11,No
9078,1.0,Yes
9079,4.0349728806177154e-05,No
9080,0.9999996423721313,Yes
9081,1.0,Yes
9082,7.67507335464046e-10,No
9083,7.467282348017079e-10,No
9084,0.9999998807907104,Yes
9085,0.9998821020126343,Yes
9086,7.948440794436351e-10,No
9087,3.517064861568997e-09,No
9088,1.0,Yes
9089,0.9999997615814209,Yes
9090,5.794598689767838e-10,No
9091,2.2038244840150156e-10,No
9092,1.0,Yes
9093,0.9999997615814209,Yes
9094,6.372186667213953e-10,No
9095,9.908782683254458e-10,No
9096,0.9999998807907104,Yes
9097,1.0,Yes
9098,1.4216859633986445e-10,No
9099,2.0009179035884728e-10,No
9100,0.9999998807907104,Yes
9101,0.0011200698791071773,No
9102,1.989479470054789e-09,No
9103,5.674519965026548e-09,No
9104,1.0,Yes
9105,1.0,Yes
9106,5.0166564236064914e-09,No
9107,4.963130351143263e-09,No
9108,0.9999421834945679,Yes
9109,0.9999964237213135,Yes
9110,9.662869615567615e-09,No
9111,4.6040344869879846e-09,No
9112,0.9999992847442627,Yes
9113,1.0,Yes
9114,5.176195028155917e-10,No
9115,1.1176690684067125e-09,No
9116,0.9999996423721313,Yes
9117,0.63660728931427,Yes
9118,2.2089331752628283e-10,No
9119,9.12091402405224e-10,No
9120,1.0,Yes
9121,1.0,Yes
9122,6.588520840011824e-10,No
9123,7.297656368088212e-10,No
9124,1.0,Yes
9125,1.0,Yes
9126,6.264953555934483e-10,No
9127,3.010794669133787e-10,No
9128,0.9999793767929077,Yes
9129,0.9963440895080566,Yes
9130,5.592415974753351e-10,No
9131,7.272935587110396e-10,No
9132,1.0,Yes
9133,1.0,Yes
9134,2.7306043537400626e-10,No
9135,3.37695010843575e-10,No
9136,1.0,Yes
9137,0.9999998807907104,Yes
9138,2.2351888395721886e-10,No
9139,2.5836968675641003e-10,No
9140,0.0004806911456398666,No
9141,0.9999703764915466,Yes
9142,9.798311051412156e-10,No
9143,3.236143797380464e-09,No
9144,0.9999971389770508,Yes
9145,0.9277055859565735,Yes
9146,3.1319449256272947e-09,No
9147,2.006705468460268e-09,No
9148,0.028063448145985603,No
9149,0.9985101819038391,Yes
9150,4.1102868331144293e-10,No
9151,4.905548744993382e-10,No
9152,1.0,Yes
9153,1.0,Yes
9154,2.3541299465357213e-10,No
9155,1.495232826442816e-09,No
9156,0.9999971389770508,Yes
9157,0.19551125168800354,No
9158,1.7431157905978267e-10,No
9159,5.781836676099772e-10,No
9160,0.9999955296516418,Yes
9161,1.0,Yes
9162,3.486798627605481e-10,No
9163,5.199239927478061e-10,No
9164,1.0,Yes
9165,1.0,Yes
9166,4.2136627520505954e-10,No
9167,6.668410268417801e-10,No
9168,0.2329270839691162,No
9169,0.9999997615814209,Yes
9170,9.131566613973519e-10,No
9171,6.821926357147845e-10,No
9172,1.0,Yes
9173,1.0,Yes
9174,2.429108580948025e-10,No
9175,3.078216292973224e-10,No
9176,1.0,Yes
9177,0.9999994039535522,Yes
9178,3.33508110017533e-10,No
9179,2.667599197092585e-10,No
9180,0.000608245434705168,No
9181,0.9999900460243225,Yes
9182,1.6128206548060575e-09,No
9183,4.4190737180649364e-10,No
9184,0.9999998807907104,Yes
9185,0.9999994039535522,Yes
9186,1.1949400358091111e-09,No
9187,1.4724613750516369e-09,No
9188,0.439377099275589,No
9189,0.9992191791534424,Yes
9190,6.109900363426846e-10,No
9191,3.5197203485104467e-10,No
9192,0.9999629855155945,Yes
9193,1.0,Yes
9194,6.603858015985509e-10,No
9195,6.812486130769457e-10,No
9196,0.08467262983322144,No
9197,0.7921453714370728,Yes
9198,2.5766447309116813e-10,No
9199,3.251436064832802e-10,No
9200,2.182565517205859e-10,No
9201,2.3526083858804725e-10,No
9202,0.7634899616241455,Yes
9203,0.0007025615777820349,No
9204,2.8265084717205013e-10,No
9205,1.667457283360818e-10,No
9206,1.0,Yes
9207,1.0,Yes
9208,1.9353875446714852e-10,No
9209,8.604089107855373e-10,No
9210,0.9999924898147583,Yes
9211,0.9767552018165588,Yes
9212,1.3707994461764628e-10,No
9213,6.49355513804295e-10,No
9214,0.5217919945716858,Yes
9215,1.0,Yes
9216,1.645050345944199e-10,No
9217,2.019267114627965e-10,No
9218,1.0,Yes
9219,0.9999995231628418,Yes
9220,1.7199867841100058e-07,No
9221,5.650528933642818e-10,No
9222,0.9993683695793152,Yes
9223,8.006909268942763e-08,No
9224,3.791893188331841e-10,No
9225,9.452897353767753e-10,No
9226,4.616250137701172e-08,No
9227,0.004871262237429619,No
9228,2.9884088537102116e-09,No
9229,1.8419236136324457e-09,No
9230,4.48489245741257e-09,No
9231,2.373424479173991e-08,No
9232,2.6898808180852996e-10,No
9233,4.606974801646402e-10,No
9234,1.0,Yes
9235,8.3374446235851e-10,No
9236,3.5488417760021207e-10,No
9237,1.5467735425822582e-10,No
9238,7.454791193595156e-05,No
9239,1.0,Yes
9240,3.316602548153469e-10,No
9241,1.3955236966012308e-10,No
9242,1.0,Yes
9243,1.0,Yes
9244,3.140139703816658e-09,No
9245,3.7500044736127336e-10,No
9246,1.0,Yes
9247,0.9998868703842163,Yes
9248,3.4980962571040664e-10,No
9249,3.155303796020803e-10,No
9250,0.9652440547943115,Yes
9251,0.9965153336524963,Yes
9252,1.7167134380713378e-10,No
9253,1.658749665400805e-10,No
9254,0.9999998807907104,Yes
9255,0.999210774898529,Yes
9256,2.8424299025608946e-10,No
9257,2.0841565973039877e-10,No
9258,1.0,Yes
9259,0.9999986886978149,Yes
9260,8.6518866737606e-08,No
9261,5.854399742766248e-10,No
9262,8.41228198211752e-10,No
9263,7.953676828265088e-09,No
9264,3.4258076930804293e-10,No
9265,7.112783695362168e-10,No
9266,8.127615025443902e-09,No
9267,0.9229537844657898,Yes
9268,1.3160521561417227e-09,No
9269,1.3545300436845764e-09,No
9270,6.423517362463826e-08,No
9271,5.946154235658696e-09,No
9272,1.4352434518638546e-10,No
9273,1.4844961371274223e-10,No
9274,0.19055332243442535,No
9275,1.8980225724440913e-10,No
9276,8.261283324095814e-11,No
9277,1.1451120607297582e-10,No
9278,0.9999541640281677,Yes
9279,2.4578797820140608e-05,No
9280,1.0,Yes
9281,1.0,Yes
9282,5.04413288915373e-10,No
9283,2.907023788356611e-10,No
9284,1.0,Yes
9285,1.0,Yes
9286,4.5802428516594773e-10,No
9287,4.93627805298047e-10,No
9288,0.999696671962738,Yes
9289,0.9996785521507263,Yes
9290,2.677416899299345e-10,No
9291,5.818287518444265e-10,No
9292,1.0,Yes
9293,0.9999997615814209,Yes
9294,2.5460480945760366e-10,No
9295,6.389700435427415e-10,No
9296,0.999998927116394,Yes
9297,0.999993085861206,Yes
9298,2.816127886440256e-10,No
9299,2.3271519433709642e-10,No
9300,0.9564481973648071,Yes
9301,0.9959168434143066,Yes
9302,1.8845176530390972e-09,No
9303,1.222291245994711e-08,No
9304,0.9999982118606567,Yes
9305,1.0,Yes
9306,1.943085692346358e-09,No
9307,1.642311886485004e-08,No
9308,0.0038252538070082664,No
9309,0.6088984608650208,Yes
9310,6.191613444173072e-09,No
9311,4.310099777082854e-10,No
9312,1.0,Yes
9313,0.9999973177909851,Yes
9314,2.8961263942584026e-10,No
9315,3.189898345468123e-10,No
9316,1.0,Yes
9317,1.0,Yes
9318,1.4373638390630106e-10,No
9319,1.0673766315250077e-09,No
9320,0.9999995231628418,Yes
9321,0.9999780654907227,Yes
9322,5.486812115762518e-10,No
9323,1.0136296246798793e-09,No
9324,1.0,Yes
9325,1.0,Yes
9326,4.993084279369953e-10,No
9327,2.4210058402474033e-09,No
9328,0.999944806098938,Yes
9329,1.0,Yes
9330,3.8584008210662546e-10,No
9331,1.1916876374584717e-09,No
9332,1.0,Yes
9333,1.0,Yes
9334,4.543437848170129e-10,No
9335,2.805571608366364e-10,No
9336,0.9999998807907104,Yes
9337,1.0,Yes
9338,2.5172977591303436e-10,No
9339,1.4091353084388913e-10,No
9340,3.479378210613504e-05,No
9341,0.060356732457876205,No
9342,7.615896802093403e-10,No
9343,1.1939013111472718e-09,No
9344,0.9999979138374329,Yes
9345,0.9952546954154968,Yes
9346,1.0996662247464428e-08,No
9347,4.076187387624941e-09,No
9348,0.00956792663782835,No
9349,0.9975631237030029,Yes
9350,8.886393842999496e-10,No
9351,5.948238013253615e-10,No
9352,0.9999762177467346,Yes
9353,0.9999962449073792,Yes
9354,2.969005041819628e-10,No
9355,1.156323814477389e-09,No
9356,0.9999998807907104,Yes
9357,0.257530152797699,No
9358,5.227590027523377e-10,No
9359,9.811289558570024e-10,No
9360,0.9999175667762756,Yes
9361,0.848949670791626,Yes
9362,4.933240482785095e-09,No
9363,9.18882137046495e-10,No
9364,0.9999997615814209,Yes
9365,1.0,Yes
9366,1.688195028215489e-09,No
9367,1.3915135710362847e-09,No
9368,0.9880431294441223,Yes
9369,0.4902499318122864,No
9370,1.1446060765862853e-09,No
9371,1.4410842519296807e-09,No
9372,0.9999997615814209,Yes
9373,1.0,Yes
9374,7.437361837503431e-10,No
9375,1.0674845452030013e-09,No
9376,0.9999998807907104,Yes
9377,0.9999998807907104,Yes
9378,5.070437403276173e-10,No
9379,4.5029413531239015e-10,No
9380,0.019594162702560425,No
9381,0.0006450390792451799,No
9382,5.181670204024158e-09,No
9383,2.9174289650768515e-09,No
9384,0.9997687339782715,Yes
9385,0.9999972581863403,Yes
9386,1.256420745221476e-09,No
9387,1.214828699858117e-07,No
9388,0.00010405186912976205,No
9389,0.06468187272548676,No
9390,1.0717157161721502e-09,No
9391,1.6851355866265294e-09,No
9392,1.0258317161060404e-05,No
9393,0.29703089594841003,No
9394,5.720255380481376e-10,No
9395,9.156804203769298e-10,No
9396,0.9999698996543884,Yes
9397,0.005310713779181242,No
9398,3.1924851651154995e-10,No
9399,3.3461633464071383e-09,No
9400,3.7831304755542305e-10,No
9401,2.370228180392786e-10,No
9402,0.9959304928779602,Yes
9403,0.9999996423721313,Yes
9404,8.162845954728937e-10,No
9405,3.59087981571804e-10,No
9406,0.0015438373666256666,No
9407,1.0,Yes
9408,4.433358402611276e-10,No
9409,7.895570863780677e-10,No
9410,0.9964366555213928,Yes
9411,0.9567667841911316,Yes
9412,2.1160485863536138e-10,No
9413,7.640719168477972e-10,No
9414,0.20768509805202484,No
9415,0.046819012612104416,No
9416,2.981234148435874e-10,No
9417,2.357041506417801e-10,No
9418,1.0,Yes
9419,0.9999948143959045,Yes
9420,9.324609973049292e-10,No
9421,1.7000638763420284e-05,No
9422,1.0248818460567577e-09,No
9423,3.193546760371646e-09,No
9424,5.788324264344169e-10,No
9425,3.81945447491816e-10,No
9426,1.9896566300303675e-05,No
9427,0.9955829381942749,Yes
9428,4.1904199554743116e-10,No
9429,4.722364721487793e-10,No
9430,4.880730193690397e-05,No
9431,1.0794647096190602e-06,No
9432,1.5554924015503957e-10,No
9433,1.1501400526414685e-10,No
9434,3.1440147722605616e-05,No
9435,0.9999998807907104,Yes
9436,1.8281395841590609e-10,No
9437,1.2747898570086846e-10,No
9438,0.9999638795852661,Yes
9439,0.9999998807907104,Yes
9440,0.9999985694885254,Yes
9441,0.9999968409538269,Yes
9442,7.08829772655406e-10,No
9443,1.5316463652936818e-09,No
9444,1.0,Yes
9445,1.0,Yes
9446,2.6264237451556482e-09,No
9447,1.1166676472385006e-09,No
9448,0.9987548589706421,Yes
9449,0.9999898672103882,Yes
9450,9.480306539799699e-10,No
9451,4.567340394778796e-10,No
9452,1.0,Yes
9453,1.0,Yes
9454,3.696361550176164e-10,No
9455,4.619962468144223e-10,No
9456,1.0,Yes
9457,1.0,Yes
9458,1.2984515684877351e-09,No
9459,2.477878457973759e-10,No
9460,0.41588452458381653,No
9461,0.3972212076187134,No
9462,2.083629979665602e-08,No
9463,2.9418365521394207e-09,No
9464,1.0,Yes
9465,0.816071629524231,Yes
9466,1.2311867081393757e-09,No
9467,6.429938803620416e-09,No
9468,0.028351319953799248,No
9469,0.9959855675697327,Yes
9470,1.074503486186984e-09,No
9471,5.654087198436741e-10,No
9472,0.999006450176239,Yes
9473,0.9999997615814209,Yes
9474,8.449395072496202e-10,No
9475,4.170533640657226e-10,No
9476,0.999813973903656,Yes
9477,0.15481723845005035,No
9478,3.8371980592977195e-10,No
9479,7.338022411929046e-10,No
9480,3.46274037221761e-10,No
9481,2.0175271175926213e-10,No
9482,0.0540514774620533,No
9483,1.8438056770264666e-07,No
9484,2.1498183788715153e-10,No
9485,1.639399588304613e-10,No
9486,1.0,Yes
9487,5.868503194506047e-07,No
9488,5.178367734615108e-10,No
9489,2.715438707223683e-10,No
9490,0.3340987265110016,No
9491,0.9979687333106995,Yes
9492,2.6582994139268123e-10,No
9493,1.578617236930313e-10,No
9494,1.0,Yes
9495,0.007124963216483593,No
9496,3.7431727162307027e-10,No
9497,5.379948708750248e-10,No
9498,0.9999988079071045,Yes
9499,0.9815043210983276,Yes
9500,5.356624033225899e-10,No
9501,6.60742294211758e-10,No
9502,1.50646861651893e-09,No
9503,0.04086918383836746,No
9504,1.7936704344023724e-09,No
9505,5.643387979148429e-10,No
9506,1.3126209452707371e-08,No
9507,0.009139133617281914,No
9508,4.687223942312357e-10,No
9509,1.0477283485244016e-09,No
9510,0.9996927380561829,Yes
9511,0.9815561771392822,Yes
9512,3.9016564978844315e-10,No
9513,1.6558351911832858e-10,No
9514,0.9979826807975769,Yes
9515,6.386806461478045e-08,No
9516,1.2372855517917003e-10,No
9517,5.674116176912491e-10,No
9518,1.8518690581004194e-08,No
9519,0.9999998807907104,Yes
9520,3.437720386134657e-10,No
9521,3.954966354413614e-10,No
9522,8.278851737486548e-08,No
9523,1.0,Yes
9524,3.4832889350688845e-10,No
9525,4.460712910159259e-10,No
9526,1.0,Yes
9527,1.0,Yes
9528,6.629502502519813e-10,No
9529,2.870138016142221e-10,No
9530,0.015532678924500942,No
9531,0.9455803036689758,Yes
9532,2.1593815624498802e-10,No
9533,2.0827338464979306e-10,No
9534,1.0,Yes
9535,1.0,Yes
9536,2.5962690330949556e-10,No
9537,3.760698419341679e-10,No
9538,0.9999995231628418,Yes
9539,1.0,Yes
9540,3.4501915990858834e-08,No
9541,4.779165465151891e-06,No
9542,2.494167095079547e-09,No
9543,3.80091735863175e-09,No
9544,1.3172323232168992e-09,No
9545,6.274412656104289e-10,No
9546,5.595216521214752e-07,No
9547,0.03963854908943176,No
9548,1.665626248037455e-10,No
9549,4.395226127495988e-10,No
9550,8.244861504635992e-08,No
9551,2.3401520365951e-07,No
9552,1.3650593155833946e-10,No
9553,2.662724485347212e-10,No
9554,3.9648626604105175e-09,No
9555,5.429908966902985e-09,No
9556,2.385239783464499e-10,No
9557,3.049418217937472e-10,No
9558,0.5233746767044067,Yes
9559,1.0,Yes
9560,8.97648899655934e-11,No
9561,1.712988084712208e-10,No
9562,1.0,Yes
9563,4.6158147597452626e-05,No
9564,1.5288785515377157e-10,No
9565,4.062013225780703e-10,No
9566,1.0,Yes
9567,1.0,Yes
9568,1.9250789851099626e-10,No
9569,2.37696945459831e-10,No
9570,0.9997955560684204,Yes
9571,0.9689700603485107,Yes
9572,1.897979134968253e-10,No
9573,1.2900257251313718e-10,No
9574,1.0,Yes
9575,1.0,Yes
9576,2.643746888075782e-10,No
9577,1.4029750972088806e-10,No
9578,1.0,Yes
9579,1.0,Yes
9580,1.0479781487049422e-09,No
9581,4.715056123316685e-10,No
9582,2.6925874863081845e-09,No
9583,0.3709781765937805,No
9584,1.096867041638916e-09,No
9585,3.0450592047870373e-10,No
9586,4.119403129720922e-08,No
9587,4.3540119065710314e-08,No
9588,1.348258171773864e-10,No
9589,2.2235847885188065e-10,No
9590,1.0686650142588405e-07,No
9591,5.152983248990495e-07,No
9592,9.441145781829974e-11,No
9593,7.662270817831995e-11,No
9594,1.5168309941415714e-09,No
9595,5.871749522157188e-07,No
9596,9.248812132822692e-11,No
9597,1.417921891011531e-10,No
9598,1.0,Yes
9599,1.0,Yes
9600,9.609847639868718e-12,No
9601,0.9997091889381409,Yes
9602,3.141862117694849e-11,No
9603,0.9999915361404419,Yes
9604,4.399795111575955e-11,No
9605,0.32378673553466797,No
9606,9.83059744719128e-11,No
9607,0.9999778270721436,Yes
9608,2.8228702361743352e-11,No
9609,0.9998796582221985,Yes
9610,5.319073306808697e-11,No
9611,0.9999884366989136,Yes
9612,1.8391625028479908e-11,No
9613,0.999993622303009,Yes
9614,2.718546568414304e-11,No
9615,0.9999830722808838,Yes
9616,6.176144318192911e-11,No
9617,0.9887775182723999,Yes
9618,3.6764959132629116e-11,No
9619,0.9999866485595703,Yes
9620,2.5449689231016315e-11,No
9621,0.9919003248214722,Yes
9622,2.5954113858084327e-11,No
9623,0.9830485582351685,Yes
9624,2.1620384302312168e-11,No
9625,0.9999690055847168,Yes
9626,3.8595765472493326e-11,No
9627,0.9999956488609314,Yes
9628,1.9958626765181897e-11,No
9629,0.013951512984931469,No
9630,4.775650014332555e-11,No
9631,0.9999895691871643,Yes
9632,1.8699502016272795e-11,No
9633,0.9999594688415527,Yes
9634,1.5856628510224624e-11,No
9635,0.9778021574020386,Yes
9636,8.210963159394069e-12,No
9637,0.9996724128723145,Yes
9638,2.4093395681323848e-11,No
9639,0.9999890327453613,Yes
9640,7.123016759758016e-11,No
9641,0.03883656486868858,No
9642,8.699565373637697e-11,No
9643,0.9999829530715942,Yes
9644,3.07066767846198e-11,No
9645,0.9999964237213135,Yes
9646,5.270828912218306e-11,No
9647,0.9999781250953674,Yes
9648,9.005586207311289e-12,No
9649,0.9999393820762634,Yes
9650,3.5131723918890856e-11,No
9651,0.9999942183494568,Yes
9652,6.548727532473819e-11,No
9653,0.9846187829971313,Yes
9654,6.100127347696827e-11,No
9655,0.9999833106994629,Yes
9656,2.4069052306785466e-11,No
9657,0.9997028112411499,Yes
9658,1.8527106931953696e-11,No
9659,0.9999982118606567,Yes
9660,2.276553077995569e-11,No
9661,0.9999781847000122,Yes
9662,4.5319418356948304e-11,No
9663,0.9999995231628418,Yes
9664,2.979197444297199e-11,No
9665,0.9596076607704163,Yes
9666,4.696367253420597e-11,No
9667,0.9999954104423523,Yes
9668,1.7107079641753842e-11,No
9669,0.999952495098114,Yes
9670,2.2996438087119486e-11,No
9671,0.9968646168708801,Yes
9672,2.4425060932142806e-11,No
9673,0.9999850392341614,Yes
9674,3.85577993144981e-11,No
9675,0.9999848008155823,Yes
9676,8.046825705765315e-11,No
9677,0.01886085234582424,No
9678,6.334315710843086e-11,No
9679,0.9970442652702332,Yes
9680,4.1901943720334955e-11,No
9681,0.9999113082885742,Yes
9682,3.9936085688419e-11,No
9683,0.9999849200248718,Yes
9684,2.068748991557179e-11,No
9685,0.9999962449073792,Yes
9686,5.329187438563032e-11,No
9687,0.999984622001648,Yes
9688,8.184122129994975e-11,No
9689,0.413976788520813,No
9690,3.9857474959381634e-11,No
9691,0.9999802112579346,Yes
9692,5.2175860854042355e-11,No
9693,0.9997639060020447,Yes
9694,1.55232927206983e-11,No
9695,0.9999963045120239,Yes
9696,4.0319997340887426e-11,No
9697,0.9999614953994751,Yes
9698,4.732867570078625e-11,No
9699,0.9999973773956299,Yes
9700,3.407760185147879e-11,No
9701,0.998836874961853,Yes
9702,3.928784728102208e-11,No
9703,0.9999232292175293,Yes
9704,3.211930374447114e-11,No
9705,0.9999956488609314,Yes
9706,4.250979429576418e-11,No
9707,0.999910295009613,Yes
9708,1.7260665119422924e-11,No
9709,0.999975860118866,Yes
9710,5.7198159403304416e-11,No
9711,0.9999902248382568,Yes
9712,1.6445578232548996e-10,No
9713,0.9988951683044434,Yes
9714,6.732883695015346e-11,No
9715,0.9995865821838379,Yes
9716,4.623301047557149e-11,No
9717,0.9999986886978149,Yes
9718,3.897481989922902e-11,No
9719,0.9999995231628418,Yes
9720,3.0183713167764026e-11,No
9721,0.9999980330467224,Yes
9722,2.5958124538760785e-11,No
9723,0.9999994039535522,Yes
9724,4.670818593011106e-11,No
9725,0.9955471158027649,Yes
9726,1.2233489221635807e-10,No
9727,0.9999983310699463,Yes
9728,4.685648397062536e-11,No
9729,0.999996542930603,Yes
9730,4.975142867125193e-11,No
9731,0.9997754693031311,Yes
9732,5.28436808200361e-11,No
9733,0.9999933242797852,Yes
9734,4.3940923816210287e-11,No
9735,0.9999974370002747,Yes
9736,4.8575587996424474e-11,No
9737,0.9414923787117004,Yes
9738,3.885635563305456e-11,No
9739,0.997796356678009,Yes
9740,4.954178040028623e-11,No
9741,0.9997791647911072,Yes
9742,5.84898379729637e-11,No
9743,0.9999982118606567,Yes
9744,3.7574415800989414e-11,No
9745,0.9999467134475708,Yes
9746,4.366379827147604e-11,No
9747,0.9999861121177673,Yes
9748,2.4475627080633444e-10,No
9749,0.9908809661865234,Yes
9750,1.0894646296222277e-10,No
9751,0.8720731139183044,Yes
9752,5.575223616105518e-11,No
9753,0.9696177244186401,Yes
9754,5.295356167445142e-11,No
9755,0.9988401532173157,Yes
9756,1.020391202088966e-10,No
9757,0.9996051788330078,Yes
9758,3.223148831166256e-11,No
9759,0.9999632239341736,Yes
9760,6.880215841498227e-11,No
9761,0.9989352822303772,Yes
9762,6.622977166692579e-11,No
9763,0.9993546009063721,Yes
9764,6.299387400598988e-11,No
9765,0.9999816417694092,Yes
9766,6.766290999715707e-11,No
9767,0.4605163037776947,No
9768,4.7926954072075034e-11,No
9769,0.9996625781059265,Yes
9770,2.562142165096759e-11,No
9771,0.9999992847442627,Yes
9772,5.140987982543699e-11,No
9773,0.9804800152778625,Yes
9774,4.9940818841465173e-11,No
9775,0.9936763048171997,Yes
9776,4.243696366534877e-11,No
9777,0.9999755024909973,Yes
9778,5.217675944080291e-11,No
9779,0.9447036981582642,Yes
9780,1.1276872664833792e-11,No
9781,0.9995898604393005,Yes
9782,1.920636566454803e-11,No
9783,0.9999920129776001,Yes
9784,2.3457383604985615e-11,No
9785,0.9730198979377747,Yes
9786,1.054067805261738e-10,No
9787,0.9996610879898071,Yes
9788,3.082944663446163e-11,No
9789,0.999990701675415,Yes
9790,3.8369914884262e-11,No
9791,0.9907415509223938,Yes
9792,1.4940966866494598e-11,No
9793,0.999997079372406,Yes
9794,1.943391281233886e-11,No
9795,0.9999943375587463,Yes
9796,3.333686451889584e-11,No
9797,0.009082277305424213,No
9798,6.725798390450066e-11,No
9799,0.9999952912330627,Yes
9800,2.640943540244134e-11,No
9801,0.9996597170829773,Yes
9802,2.419627866123708e-11,No
9803,0.9997472167015076,Yes
9804,1.3866159956354984e-11,No
9805,0.9999942183494568,Yes
9806,3.2568656105347316e-11,No
9807,0.999971330165863,Yes
9808,1.714127798035925e-11,No
9809,0.08762755244970322,No
9810,3.26249235960141e-11,No
9811,0.999987006187439,Yes
9812,1.4257395611338985e-11,No
9813,0.999945878982544,Yes
9814,1.81474245353197e-11,No
9815,0.9982724785804749,Yes
9816,1.3745532490005985e-11,No
9817,0.999666154384613,Yes
9818,2.4362853748294278e-11,No
9819,0.9999940991401672,Yes
9820,2.805420479257137e-11,No
9821,3.034503424714785e-05,No
9822,7.176090277560832e-11,No
9823,0.9999898076057434,Yes
9824,2.5550415949648908e-11,No
9825,0.9999956488609314,Yes
9826,5.0576175192329487e-11,No
9827,0.9841869473457336,Yes
9828,1.0579768831842085e-11,No
9829,0.9999877214431763,Yes
9830,2.0145728835130328e-11,No
9831,0.9999990463256836,Yes
9832,2.424413621249233e-11,No
9833,0.8946525454521179,Yes
9834,3.840564671842017e-11,No
9835,0.9999903440475464,Yes
9836,3.111168614400306e-11,No
9837,0.9984682202339172,Yes
9838,1.7301769392186195e-11,No
9839,0.9999893307685852,Yes
9840,1.4349799126733842e-11,No
9841,0.9999983310699463,Yes
9842,2.3930260550919513e-11,No
9843,0.9999997615814209,Yes
9844,1.662518039902139e-11,No
9845,0.9925022125244141,Yes
9846,3.8681842451371296e-11,No
9847,0.9999921321868896,Yes
9848,1.673794262913031e-11,No
9849,0.9999281167984009,Yes
9850,1.8543652724467563e-11,No
9851,0.9998839497566223,Yes
9852,2.4568501746924376e-11,No
9853,0.999997079372406,Yes
9854,3.657192604311632e-11,No
9855,0.9999939799308777,Yes
9856,8.025244357945382e-11,No
9857,0.9999796152114868,Yes
9858,1.2872607146885429e-10,No
9859,0.9999833106994629,Yes
9860,6.840463612212133e-11,No
9861,0.9999994039535522,Yes
9862,5.090046786837554e-11,No
9863,0.9999992847442627,Yes
9864,4.495773198165409e-11,No
9865,0.9999995231628418,Yes
9866,4.416282617381029e-11,No
9867,0.9999842643737793,Yes
9868,1.0654072069016252e-10,No
9869,0.9999935626983643,Yes
9870,7.617505931589719e-11,No
9871,0.9999939799308777,Yes
9872,4.8924180678922013e-11,No
9873,0.9999984502792358,Yes
9874,1.4707112264145117e-11,No
9875,0.9999952912330627,Yes
9876,4.9825407688608436e-11,No
9877,0.9999973773956299,Yes
9878,4.7461468782872274e-11,No
9879,0.999998927116394,Yes
9880,3.46061304612455e-11,No
9881,0.9998719096183777,Yes
9882,5.079940981755904e-11,No
9883,0.999987006187439,Yes
9884,2.4195262113280158e-11,No
9885,0.9999990463256836,Yes
9886,3.478606291906772e-11,No
9887,0.9999874830245972,Yes
9888,2.24611128307739e-11,No
9889,0.9999836683273315,Yes
9890,3.6783267404194575e-11,No
9891,0.9999796152114868,Yes
9892,7.826760767271068e-11,No
9893,0.9999520182609558,Yes
9894,1.014164863200051e-10,No
9895,0.9999868869781494,Yes
9896,4.405799336471006e-11,No
9897,0.9999996423721313,Yes
9898,4.4416845201844524e-11,No
9899,0.9999991655349731,Yes
9900,4.3285680595417375e-11,No
9901,0.9999979138374329,Yes
9902,1.414115612802247e-11,No
9903,0.9999995231628418,Yes
9904,6.900086751970846e-11,No
9905,0.9999932050704956,Yes
9906,1.0885195522725155e-10,No
9907,0.9999986886978149,Yes
9908,3.8850502676046617e-11,No
9909,0.9999992847442627,Yes
9910,3.0376555437694464e-11,No
9911,0.9999952912330627,Yes
9912,4.567041536618355e-11,No
9913,0.9999873638153076,Yes
9914,4.194368116716696e-11,No
9915,0.999996542930603,Yes
9916,6.825748993799508e-11,No
9917,0.9999912977218628,Yes
9918,7.238901145179e-11,No
9919,0.9997997283935547,Yes
9920,3.734214326645002e-11,No
9921,0.9999903440475464,Yes
9922,2.7516730213839047e-11,No
9923,0.9999948143959045,Yes
9924,2.666992494904097e-11,No
9925,0.9999610185623169,Yes
9926,4.467624187265429e-11,No
9927,0.9999421834945679,Yes
9928,1.4583263763245924e-10,No
9929,0.999860942363739,Yes
9930,1.9145587892843707e-10,No
9931,0.9999693632125854,Yes
9932,5.0957391084516246e-11,No
9933,0.9999575614929199,Yes
9934,4.895516977909686e-11,No
9935,0.9999949336051941,Yes
9936,1.358752277358377e-10,No
9937,0.9999778866767883,Yes
9938,3.6598234859352985e-11,No
9939,0.9999600648880005,Yes
9940,3.4970203816042655e-11,No
9941,0.9995896220207214,Yes
9942,1.082597761437043e-10,No
9943,0.9999361038208008,Yes
9944,4.357020647050014e-11,No
9945,0.9999976754188538,Yes
9946,6.770693034008346e-11,No
9947,0.996059000492096,Yes
9948,5.491782723021643e-11,No
9949,0.9999637603759766,Yes
9950,1.161158235535309e-11,No
9951,0.9999996423721313,Yes
9952,3.738475848336087e-11,No
9953,0.9999687671661377,Yes
9954,8.171783388855047e-11,No
9955,0.9999863505363464,Yes
9956,4.965293454173292e-11,No
9957,0.9999943375587463,Yes
9958,5.99622504426911e-11,No
9959,0.9999712705612183,Yes
9960,1.860696492717029e-11,No
9961,0.999989926815033,Yes
9962,7.113445249506967e-11,No
9963,0.9999974370002747,Yes
9964,9.29885266010011e-11,No
9965,0.45016390085220337,No
9966,2.156566175637309e-10,No
9967,0.9999945759773254,Yes
9968,9.057234823250937e-11,No
9969,0.9998918771743774,Yes
9970,5.6187575425692415e-11,No
9971,0.9998763799667358,Yes
9972,4.1465459538203575e-11,No
9973,0.9998507499694824,Yes
9974,9.848333260009667e-11,No
9975,0.9999996423721313,Yes
9976,1.5122630925290537e-10,No
9977,0.07857220619916916,No
9978,9.401432410349742e-11,No
9979,0.9999977350234985,Yes
9980,5.853838247471543e-11,No
9981,0.999462366104126,Yes
9982,6.737727042960273e-11,No
9983,0.9997876286506653,Yes
9984,5.853258155941177e-11,No
9985,0.9999933242797852,Yes
9986,5.6284862187672147e-11,No
9987,0.9999887943267822,Yes
9988,2.6206915110238427e-11,No
9989,0.0035913903266191483,No
9990,6.177098416104698e-11,No
9991,0.9999994039535522,Yes
9992,4.136608416915877e-11,No
9993,0.9985169768333435,Yes
9994,4.703108388848243e-11,No
9995,0.9995691180229187,Yes
9996,2.2017098214033304e-11,No
9997,0.999946117401123,Yes
9998,6.935090696158497e-11,No
9999,0.999997615814209,Yes
10000,5.953876280884174e-11,No
10001,0.00029460355290211737,No
10002,2.319490155500148e-10,No
10003,0.9999903440475464,Yes
10004,1.16097943758664e-10,No
10005,0.9999970197677612,Yes
10006,8.592703631959964e-11,No
10007,0.99998539686203,Yes
10008,2.0495671132492177e-11,No
10009,0.9999962449073792,Yes
10010,6.255481549422015e-11,No
10011,0.9999998807907104,Yes
10012,1.7001113017389713e-10,No
10013,0.181985005736351,No
10014,1.769529522910318e-10,No
10015,0.999995768070221,Yes
10016,3.810865858988599e-11,No
10017,0.9706751704216003,Yes
10018,4.160203084802028e-11,No
10019,0.9999864101409912,Yes
10020,3.271091036927132e-11,No
10021,0.9999962449073792,Yes
10022,7.665896389896787e-11,No
10023,0.9999997615814209,Yes
10024,6.562543564125889e-11,No
10025,0.25064975023269653,No
10026,7.103994476009845e-11,No
10027,0.9999935626983643,Yes
10028,3.848623503222015e-11,No
10029,0.9996045231819153,Yes
10030,3.260153258466403e-11,No
10031,0.9999914169311523,Yes
10032,6.456636614249334e-11,No
10033,0.9999944567680359,Yes
10034,1.5208018178114457e-10,No
10035,0.9999984502792358,Yes
10036,1.572507818403679e-10,No
10037,0.9475037455558777,Yes
10038,1.2600678833685208e-10,No
10039,0.9999589920043945,Yes
10040,1.5158729826936224e-10,No
10041,0.999998927116394,Yes
10042,8.632489861826187e-11,No
10043,0.9999996423721313,Yes
10044,1.0380328541170769e-10,No
10045,0.9999996423721313,Yes
10046,9.459170252634763e-11,No
10047,0.9999977350234985,Yes
10048,2.628010864480501e-10,No
10049,0.9977242946624756,Yes
10050,6.680411779314e-11,No
10051,0.9999111890792847,Yes
10052,1.1366949048685626e-10,No
10053,0.9999892115592957,Yes
10054,4.887894256011549e-11,No
10055,0.999998927116394,Yes
10056,4.9882271924150956e-11,No
10057,0.9999908208847046,Yes
10058,1.0559069590909687e-10,No
10059,0.9999992847442627,Yes
10060,5.157635429853258e-11,No
10061,0.9990916848182678,Yes
10062,7.736224855170448e-11,No
10063,0.9999480247497559,Yes
10064,1.1352042916801253e-10,No
10065,0.9999927878379822,Yes
10066,5.7866874486611763e-11,No
10067,0.9999396800994873,Yes
10068,5.1905282155706445e-11,No
10069,0.9999974966049194,Yes
10070,8.254495698079012e-11,No
10071,0.9999990463256836,Yes
10072,1.801218618702194e-10,No
10073,0.9909887313842773,Yes
10074,2.727611192465673e-10,No
10075,0.999977171421051,Yes
10076,1.1440946801055674e-10,No
10077,0.9999996423721313,Yes
10078,7.575646360225008e-11,No
10079,0.9999996423721313,Yes
10080,4.993367871963805e-11,No
10081,0.9999979734420776,Yes
10082,6.806209068566105e-11,No
10083,0.9999998807907104,Yes
10084,2.9029956216675146e-10,No
10085,0.9997549653053284,Yes
10086,1.4397784353636922e-10,No
10087,0.9999985694885254,Yes
10088,7.210597396944962e-11,No
10089,0.999998927116394,Yes
10090,7.725652062529065e-11,No
10091,0.9999841451644897,Yes
10092,8.945587326447679e-11,No
10093,0.9999935030937195,Yes
10094,1.63622254634177e-10,No
10095,0.9999994039535522,Yes
10096,8.825109393262309e-11,No
10097,0.9993381500244141,Yes
10098,8.905189780028522e-11,No
10099,0.9996115565299988,Yes
10100,1.265142018924692e-10,No
10101,0.9998713731765747,Yes
10102,8.472824525318501e-11,No
10103,0.9999909400939941,Yes
10104,7.258616624428171e-11,No
10105,0.9999804496765137,Yes
10106,6.055577567165571e-11,No
10107,0.9999858140945435,Yes
10108,2.196941517595974e-10,No
10109,0.9965898990631104,Yes
10110,1.2810662253226468e-10,No
10111,0.9996340274810791,Yes
10112,1.4376598522769513e-10,No
10113,0.9997615218162537,Yes
10114,8.91314244633179e-11,No
10115,0.9999833106994629,Yes
10116,9.657571964361011e-11,No
10117,0.99995356798172,Yes
10118,7.009629682253049e-11,No
10119,0.9999154806137085,Yes
10120,8.809704354906245e-11,No
10121,0.9964579939842224,Yes
10122,8.073021418031345e-11,No
10123,0.998884379863739,Yes
10124,1.180013725621265e-10,No
10125,0.9999669790267944,Yes
10126,6.258894791333347e-11,No
10127,0.9993458390235901,Yes
10128,5.3958133100495687e-11,No
10129,0.999969482421875,Yes
10130,3.925870739607262e-11,No
10131,0.9999996423721313,Yes
10132,6.163940191594719e-11,No
10133,0.9993232488632202,Yes
10134,8.743914620135129e-11,No
10135,0.9998050928115845,Yes
10136,4.396389155503222e-11,No
10137,0.9999200105667114,Yes
10138,7.4864454913115e-11,No
10139,0.9994678497314453,Yes
10140,4.6148876386986615e-11,No
10141,0.9999182224273682,Yes
10142,7.297194098976334e-11,No
10143,0.9999969005584717,Yes
10144,7.106040755822107e-11,No
10145,9.228409180650488e-05,No
10146,4.4607723070910765e-10,No
10147,0.9999829530715942,Yes
10148,1.3100433238211195e-10,No
10149,0.9998417496681213,Yes
10150,1.1057687404614214e-10,No
10151,0.9999579191207886,Yes
10152,6.241191591316309e-11,No
10153,0.999997615814209,Yes
10154,6.741313757219203e-11,No
10155,0.9999995231628418,Yes
10156,1.153149381538654e-10,No
10157,0.008096322417259216,No
10158,1.9442004950409597e-10,No
10159,0.9999911785125732,Yes
10160,1.182244024899859e-10,No
10161,0.999772310256958,Yes
10162,4.6508782935994475e-11,No
10163,0.9999547004699707,Yes
10164,4.059462835326322e-11,No
10165,0.9999973177909851,Yes
10166,9.444874049524543e-11,No
10167,0.9999921321868896,Yes
10168,3.8846575262097005e-11,No
10169,0.3979804515838623,No
10170,1.361993018367258e-10,No
10171,0.9999985694885254,Yes
10172,4.5851267227448034e-11,No
10173,0.9999831914901733,Yes
10174,3.888334099144686e-11,No
10175,0.9997648000717163,Yes
10176,3.313654212133699e-11,No
10177,0.9999359250068665,Yes
10178,8.998293776762978e-11,No
10179,0.9999930262565613,Yes
10180,1.204561866918752e-10,No
10181,0.0018180585466325283,No
10182,3.499424361397274e-10,No
10183,0.9999876022338867,Yes
10184,1.165350038689894e-10,No
10185,0.9999992847442627,Yes
10186,9.579876475429572e-11,No
10187,0.9996515512466431,Yes
10188,3.344756416279182e-11,No
10189,0.999996542930603,Yes
10190,9.586767490965542e-11,No
10191,0.9999992847442627,Yes
10192,9.46768982656998e-11,No
10193,0.03049156256020069,No
10194,1.2721811104565717e-10,No
10195,0.9999933242797852,Yes
10196,7.68218752500438e-11,No
10197,0.9999523758888245,Yes
10198,4.2800322314073824e-11,No
10199,0.9999983310699463,Yes
10200,5.331515784412488e-11,No
10201,0.999995768070221,Yes
10202,8.897498710025431e-11,No
10203,0.9999996423721313,Yes
10204,3.8136580698955314e-11,No
10205,0.003851098706945777,No
10206,1.1174212943831918e-10,No
10207,0.9999977946281433,Yes
10208,4.363332958834398e-11,No
10209,0.9999854564666748,Yes
10210,5.238686567876627e-11,No
10211,0.9998189806938171,Yes
10212,6.429968363308447e-11,No
10213,0.9999976754188538,Yes
10214,9.232755532329051e-11,No
10215,0.9999980926513672,Yes
10216,1.5563085542513733e-10,No
10217,0.999606728553772,Yes
10218,2.864537496094499e-10,No
10219,0.9999876022338867,Yes
10220,2.7190819040789904e-10,No
10221,0.999998927116394,Yes
10222,5.551962709016145e-11,No
10223,0.9999997615814209,Yes
10224,1.0629897656544429e-10,No
10225,0.9999992847442627,Yes
10226,8.755664249182615e-11,No
10227,0.9999983310699463,Yes
10228,2.550864797168373e-10,No
10229,0.9998754262924194,Yes
10230,1.8579986160727202e-10,No
10231,0.9999902844429016,Yes
10232,1.0269182726396764e-10,No
10233,0.9999990463256836,Yes
10234,5.523486529268595e-11,No
10235,0.9999954104423523,Yes
10236,1.1983104786228438e-10,No
10237,0.999983549118042,Yes
10238,1.2029385820788718e-10,No
10239,0.9999994039535522,Yes
10240,1.0920860743501848e-10,No
10241,0.9996851086616516,Yes
10242,7.513453748053678e-11,No
10243,0.9999867677688599,Yes
10244,8.410768609357078e-11,No
10245,0.9999985694885254,Yes
10246,7.151182424003366e-11,No
10247,0.999994695186615,Yes
10248,4.7626149551893704e-11,No
10249,0.9999867677688599,Yes
10250,1.2232859170069332e-10,No
10251,0.9999920129776001,Yes
10252,1.684324901773948e-10,No
10253,0.9999237060546875,Yes
10254,2.1750229395323117e-10,No
10255,0.9990102648735046,Yes
10256,1.5738460534819865e-10,No
10257,0.9999996423721313,Yes
10258,8.921459404565013e-11,No
10259,0.9999996423721313,Yes
10260,1.3093263973029678e-10,No
10261,0.9999929070472717,Yes
10262,4.0822987351640805e-11,No
10263,0.9999997615814209,Yes
10264,1.3212905769499628e-10,No
10265,0.9994956851005554,Yes
10266,2.1681390016681235e-10,No
10267,0.999997079372406,Yes
10268,9.32309368595341e-11,No
10269,0.9999997615814209,Yes
10270,9.187661048626339e-11,No
10271,0.9999893307685852,Yes
10272,1.115583458943803e-10,No
10273,0.999935507774353,Yes
10274,8.854835614746648e-11,No
10275,0.9999990463256836,Yes
10276,1.2385960312943922e-10,No
10277,0.9996107816696167,Yes
10278,1.2309300800872336e-10,No
10279,0.9999387264251709,Yes
10280,1.576501984512646e-10,No
10281,0.9999699592590332,Yes
10282,7.211876235091452e-11,No
10283,0.9999944567680359,Yes
10284,5.883860759725579e-11,No
10285,0.9992929697036743,Yes
10286,1.1081715406424664e-10,No
10287,0.9999943375587463,Yes
10288,3.159404682318012e-10,No
10289,0.9999847412109375,Yes
10290,5.577172612625247e-10,No
10291,0.9996610283851624,Yes
10292,1.56289148289801e-10,No
10293,0.9999425411224365,Yes
10294,7.56820855984941e-11,No
10295,0.9999991655349731,Yes
10296,2.803244858462506e-10,No
10297,0.9999861717224121,Yes
10298,8.472419987803903e-11,No
10299,0.9999446868896484,Yes
10300,1.4020923311264255e-10,No
10301,0.9999669790267944,Yes
10302,1.8345983066048177e-10,No
10303,0.9999442100524902,Yes
10304,1.1822258449978307e-10,No
10305,0.9999984502792358,Yes
10306,9.137643419698804e-11,No
10307,0.9998099207878113,Yes
10308,1.4497261724422117e-10,No
10309,0.9999251365661621,Yes
10310,5.353199480917503e-11,No
10311,0.9999997615814209,Yes
10312,8.703232579065912e-11,No
10313,0.9999589920043945,Yes
10314,1.3373373242142605e-10,No
10315,0.9999744296073914,Yes
10316,1.7184431655437038e-10,No
10317,0.999994695186615,Yes
10318,1.12175838062889e-10,No
10319,0.9999674558639526,Yes
10320,2.273294226473599e-11,No
10321,0.9968158006668091,Yes
10322,5.292619467689441e-11,No
10323,0.999945878982544,Yes
10324,4.227796931988159e-11,No
10325,0.07821117341518402,No
10326,1.1507631653140393e-10,No
10327,0.9999763369560242,Yes
10328,1.0402229771999671e-10,No
10329,0.9999895691871643,Yes
10330,6.404888425182165e-11,No
10331,0.3472776412963867,No
10332,3.377399401816028e-11,No
10333,0.9999750256538391,Yes
10334,5.449658085909803e-11,No
10335,0.9999992847442627,Yes
10336,6.694391568862201e-11,No
10337,0.834417462348938,Yes
10338,8.949290614124195e-11,No
10339,0.999996542930603,Yes
10340,5.7333818248572754e-11,No
10341,0.9887247085571289,Yes
10342,4.942965134424604e-11,No
10343,0.9926629066467285,Yes
10344,3.333953946249579e-11,No
10345,0.9999904632568359,Yes
10346,6.508443783914686e-11,No
10347,0.9980265498161316,Yes
10348,2.3772627963380977e-11,No
10349,6.4493133322685026e-06,No
10350,6.670887453541496e-11,No
10351,0.9999046921730042,Yes
10352,3.859193867250532e-11,No
10353,0.9940778613090515,Yes
10354,2.9017649394447176e-11,No
10355,0.9927144646644592,Yes
10356,1.8523890754629235e-11,No
10357,0.9979674220085144,Yes
10358,4.515211815547815e-11,No
10359,0.9999930262565613,Yes
10360,6.56300708223867e-11,No
10361,4.9730733309161224e-08,No
10362,1.0190143173716137e-10,No
10363,0.9999592900276184,Yes
10364,8.594948364137878e-11,No
10365,0.9999976754188538,Yes
10366,7.17246401160665e-11,No
10367,0.9999709725379944,Yes
10368,1.650178084455778e-11,No
10369,0.9998114705085754,Yes
10370,5.869871255725911e-11,No
10371,0.9999994039535522,Yes
10372,6.348006842404885e-11,No
10373,0.8165264129638672,Yes
10374,9.639188058852e-11,No
10375,0.9997340440750122,Yes
10376,4.928805974468986e-11,No
10377,0.887441873550415,Yes
10378,3.007515764208435e-11,No
10379,0.9994410276412964,Yes
10380,4.027795458272365e-11,No
10381,0.9999963641166687,Yes
10382,7.355211578685683e-11,No
10383,0.999997079372406,Yes
10384,2.9071607968167434e-11,No
10385,0.0066792964935302734,No
10386,6.214156272887905e-11,No
10387,0.9999039769172668,Yes
10388,3.897734912605699e-11,No
10389,0.9991495013237,Yes
10390,3.205999354882749e-11,No
10391,0.9982942342758179,Yes
10392,9.474789702812458e-11,No
10393,0.9999988079071045,Yes
10394,7.61095630963382e-11,No
10395,0.9999969601631165,Yes
10396,9.347327079023415e-11,No
10397,0.9967992305755615,Yes
10398,1.2530287918366412e-10,No
10399,0.9974523186683655,Yes
10400,1.5795810492935658e-10,No
10401,0.9999988079071045,Yes
10402,5.691803278695673e-11,No
10403,0.9999997615814209,Yes
10404,6.129588503434036e-11,No
10405,0.9999986886978149,Yes
10406,8.081910835011641e-11,No
10407,0.9999948143959045,Yes
10408,1.8748939900614658e-10,No
10409,0.9991186857223511,Yes
10410,8.899043307808441e-11,No
10411,0.9999791383743286,Yes
10412,9.136910672502552e-11,No
10413,0.9999970197677612,Yes
10414,3.2296904733941645e-11,No
10415,0.99998939037323,Yes
10416,4.8633715110657505e-11,No
10417,0.9999819993972778,Yes
10418,1.0349902879180917e-10,No
10419,0.9999955296516418,Yes
10420,8.789412253573659e-11,No
10421,0.9666112065315247,Yes
10422,5.7474185133354894e-11,No
10423,0.9999818801879883,Yes
10424,7.506906901655341e-11,No
10425,0.9999964237213135,Yes
10426,5.253455309661703e-11,No
10427,0.9999638795852661,Yes
10428,3.840601101035013e-11,No
10429,0.9999562501907349,Yes
10430,7.631816706377137e-11,No
10431,0.9999951720237732,Yes
10432,9.310228282766175e-11,No
10433,0.9990619421005249,Yes
10434,1.37988370729758e-10,No
10435,0.9995322823524475,Yes
10436,7.849813854488019e-11,No
10437,0.9999991655349731,Yes
10438,4.375876050399796e-11,No
10439,0.9999858736991882,Yes
10440,5.381331144582724e-11,No
10441,0.9999979138374329,Yes
10442,3.6769306349659914e-11,No
10443,0.9999998807907104,Yes
10444,1.3080209138038867e-10,No
10445,0.999822735786438,Yes
10446,1.404680677330461e-10,No
10447,0.9999971985816956,Yes
10448,5.862867136219307e-11,No
10449,0.9999974966049194,Yes
10450,8.16717110607712e-11,No
10451,0.9999710321426392,Yes
10452,6.16630357885839e-11,No
10453,0.9999951720237732,Yes
10454,9.578104281926514e-11,No
10455,0.9999990463256836,Yes
10456,6.238180805251403e-11,No
10457,0.9992177486419678,Yes
10458,7.749516306443383e-11,No
10459,0.9683592319488525,Yes
10460,2.0395422850594258e-10,No
10461,0.9999585747718811,Yes
10462,5.831361088448617e-11,No
10463,0.9999899864196777,Yes
10464,5.267121114260753e-11,No
10465,0.9997116327285767,Yes
10466,6.597420526555098e-11,No
10467,0.9999859929084778,Yes
10468,2.5888172161536716e-10,No
10469,0.9933247566223145,Yes
10470,1.75546424618922e-10,No
10471,0.9995628595352173,Yes
10472,1.1872607064145058e-10,No
10473,0.9992128610610962,Yes
10474,8.329715389665537e-11,No
10475,0.9999210238456726,Yes
10476,1.4459926311882754e-10,No
10477,0.99965900182724,Yes
10478,6.878785041575242e-11,No
10479,0.9999081492424011,Yes
10480,9.075322437990252e-11,No
10481,0.7348671555519104,Yes
10482,8.499158321573219e-11,No
10483,0.9978181719779968,Yes
10484,7.196884754812061e-11,No
10485,0.9999651908874512,Yes
10486,7.047003258708884e-11,No
10487,0.9898633360862732,Yes
10488,5.416776749367358e-11,No
10489,0.9988970160484314,Yes
10490,4.3213828349042416e-11,No
10491,0.9999980926513672,Yes
10492,6.481005315750465e-11,No
10493,0.9961076974868774,Yes
10494,8.702834286555827e-11,No
10495,0.997778594493866,Yes
10496,8.863148409643529e-11,No
10497,0.9999796152114868,Yes
10498,8.507089477305385e-11,No
10499,0.9954579472541809,Yes
10500,2.443796900952755e-11,No
10501,0.9999842643737793,Yes
10502,5.15776310550109e-11,No
10503,0.9996833205223083,Yes
10504,8.345985014202029e-11,No
10505,6.844675226602703e-05,No
10506,3.1444716275252915e-10,No
10507,0.999923825263977,Yes
10508,8.247429128527273e-11,No
10509,0.997235894203186,Yes
10510,9.155787239478741e-11,No
10511,0.9990663528442383,Yes
10512,4.81940772012468e-11,No
10513,0.9986793398857117,Yes
10514,6.518531547872186e-11,No
10515,0.9999986886978149,Yes
10516,1.7117859907322952e-10,No
10517,0.00024274748284369707,No
10518,1.431347679270445e-10,No
10519,0.9999693632125854,Yes
10520,5.589437940267672e-11,No
10521,0.9968757629394531,Yes
10522,5.055659363373266e-11,No
10523,0.9104060530662537,Yes
10524,6.875715968801543e-11,No
10525,0.9991638660430908,Yes
10526,3.927923264424038e-11,No
10527,0.9999996423721313,Yes
10528,2.931924494853355e-11,No
10529,0.014538297429680824,No
10530,1.1042217834544843e-10,No
10531,0.9999997615814209,Yes
10532,2.398395197722447e-11,No
10533,0.9926123023033142,Yes
10534,3.724078684319565e-11,No
10535,0.46316444873809814,No
10536,1.953470198101659e-11,No
10537,0.9999186992645264,Yes
10538,7.08260464166166e-11,No
10539,0.9997559189796448,Yes
10540,8.605594709054643e-11,No
10541,0.04379797354340553,No
10542,2.5560129013335597e-10,No
10543,0.9998228549957275,Yes
10544,6.358767679071065e-11,No
10545,0.9999785423278809,Yes
10546,7.361920795201371e-11,No
10547,0.6944888234138489,Yes
10548,2.360540582446724e-11,No
10549,0.9999860525131226,Yes
10550,6.860075701942137e-11,No
10551,0.9999997615814209,Yes
10552,1.5372678130454176e-10,No
10553,2.378864519414492e-05,No
10554,1.2991867304190663e-10,No
10555,0.9999956488609314,Yes
10556,2.6357803092902365e-11,No
10557,0.9591496586799622,Yes
10558,3.526397923669933e-11,No
10559,0.9998157620429993,Yes
10560,6.54876430861151e-11,No
10561,0.9994907975196838,Yes
10562,5.3879047057225904e-11,No
10563,0.9999997615814209,Yes
10564,5.096993313524756e-11,No
10565,0.01683826558291912,No
10566,8.990574257294881e-11,No
10567,0.999997615814209,Yes
10568,3.287402988716437e-11,No
10569,0.9990213513374329,Yes
10570,3.935031814283896e-11,No
10571,0.9606010913848877,Yes
10572,6.286256237775234e-11,No
10573,0.9999948143959045,Yes
10574,1.0425429269877995e-10,No
10575,0.9999974370002747,Yes
10576,1.1701700719513042e-10,No
10577,0.2822865843772888,No
10578,1.6179931006110593e-10,No
10579,0.9958125352859497,Yes
10580,1.454187742444546e-10,No
10581,0.9999972581863403,Yes
10582,6.711983746576777e-11,No
10583,0.9999967813491821,Yes
10584,8.568939308117862e-11,No
10585,0.9999994039535522,Yes
10586,9.00126292946446e-11,No
10587,0.9999996423721313,Yes
10588,2.2232453378290273e-10,No
10589,0.39706864953041077,No
10590,1.191725607085914e-10,No
10591,0.999570369720459,Yes
10592,7.864844886462663e-11,No
10593,0.9999480247497559,Yes
10594,3.79815241757786e-11,No
10595,0.9999651908874512,Yes
10596,8.573958210078558e-11,No
10597,0.9999956488609314,Yes
10598,1.1585152975834845e-10,No
10599,0.9999983310699463,Yes
10600,7.552995034965093e-11,No
10601,0.9229814410209656,Yes
10602,8.028245429558822e-11,No
10603,0.9999116659164429,Yes
10604,9.555387037174512e-11,No
10605,0.9997484087944031,Yes
10606,5.01279642795005e-11,No
10607,0.9999548196792603,Yes
10608,8.522582639614029e-11,No
10609,0.9999688863754272,Yes
10610,1.2236499313811322e-10,No
10611,0.9999997615814209,Yes
10612,2.4575827484163426e-10,No
10613,0.0001970243320101872,No
10614,2.0650758880691455e-10,No
10615,0.9994500279426575,Yes
10616,1.769735469281386e-10,No
10617,0.9999997615814209,Yes
10618,9.039269333044331e-11,No
10619,0.9997564554214478,Yes
10620,9.381835586186327e-11,No
10621,0.9999979734420776,Yes
10622,6.613434105906535e-11,No
10623,0.9999998807907104,Yes
10624,2.1112230019770806e-10,No
10625,0.6247416734695435,Yes
10626,2.6008736830895884e-10,No
10627,0.9999964833259583,Yes
10628,9.637295128595014e-11,No
10629,0.9999784231185913,Yes
10630,7.211834601728029e-11,No
10631,0.9996415376663208,Yes
10632,1.5112856799337493e-10,No
10633,0.9999876022338867,Yes
10634,1.0246507115008185e-10,No
10635,0.9999994039535522,Yes
10636,8.879105090064954e-11,No
10637,0.9991505742073059,Yes
10638,1.2531770066104286e-10,No
10639,0.9886640310287476,Yes
10640,1.929618964613411e-10,No
10641,0.9995816946029663,Yes
10642,1.1289101597977691e-10,No
10643,0.9991648197174072,Yes
10644,7.133023338656841e-11,No
10645,0.9998053312301636,Yes
10646,7.318687322843687e-11,No
10647,0.9999950528144836,Yes
10648,2.8451041522714604e-10,No
10649,0.019049687311053276,No
10650,1.9413991247940743e-10,No
10651,0.9998123049736023,Yes
10652,1.1811621125623617e-10,No
10653,0.9997680187225342,Yes
10654,7.255143014139875e-11,No
10655,0.9999353885650635,Yes
10656,1.235168078927984e-10,No
10657,0.9999979138374329,Yes
10658,1.0192922200724652e-10,No
10659,0.9999960064888,Yes
10660,1.229939761149268e-10,No
10661,0.3497079312801361,No
10662,9.561038072369854e-11,No
10663,0.9997085928916931,Yes
10664,7.564932708037375e-11,No
10665,0.9993356466293335,Yes
10666,6.358379101012446e-11,No
10667,0.9875398874282837,Yes
10668,1.0539230599349025e-10,No
10669,0.9998189806938171,Yes
10670,3.4932803177900595e-11,No
10671,0.9999996423721313,Yes
10672,7.233228599412556e-11,No
10673,0.2742374837398529,No
10674,9.179463439368263e-11,No
10675,0.9995627403259277,Yes
10676,7.97933247254079e-11,No
10677,0.9996580481529236,Yes
10678,8.496030268201338e-11,No
10679,0.996421217918396,Yes
10680,2.851763269973162e-11,No
10681,0.9951136112213135,Yes
10682,5.185827808840138e-11,No
10683,0.2503238916397095,No
10684,5.809358202824022e-11,No
10685,1.6739379304908653e-07,No
10686,1.5949605525200639e-10,No
10687,0.9996715188026428,Yes
10688,6.025115822927418e-11,No
10689,0.9617656469345093,Yes
10690,7.13611253422286e-11,No
10691,0.35804176330566406,No
10692,6.2194568939411e-11,No
10693,0.3816200792789459,No
10694,5.6710188628406044e-11,No
10695,0.999855637550354,Yes
10696,7.415359992712922e-11,No
10697,0.00013276464596856385,No
10698,9.288039087840261e-11,No
10699,0.9999774098396301,Yes
10700,5.6531994363506755e-11,No
10701,0.022694934159517288,No
10702,2.6283954179806557e-11,No
10703,0.014181803911924362,No
10704,7.424998116345449e-11,No
10705,0.9992697238922119,Yes
10706,3.194913777981867e-11,No
10707,0.9997764825820923,Yes
10708,2.742592611348904e-11,No
10709,9.253602001990657e-06,No
10710,8.828358877277509e-11,No
10711,0.9999123811721802,Yes
10712,2.8342321545249405e-11,No
10713,0.9064045548439026,Yes
10714,2.5083098792455516e-11,No
10715,0.7178331613540649,Yes
10716,1.702709674644698e-11,No
10717,0.9939683079719543,Yes
10718,4.450860513482979e-11,No
10719,0.9990063905715942,Yes
10720,7.453874323326559e-11,No
10721,1.7603230162421823e-06,No
10722,2.147335087521185e-10,No
10723,0.9870461821556091,Yes
10724,6.011914577275235e-11,No
10725,0.6513904333114624,Yes
10726,3.247889110435942e-11,No
10727,0.6020460724830627,Yes
10728,2.0662568878115906e-11,No
10729,0.9990798234939575,Yes
10730,5.445585302132905e-11,No
10731,0.999962568283081,Yes
10732,9.600344824667317e-11,No
10733,2.62918229054776e-06,No
10734,1.3579544433373059e-10,No
10735,0.9998321533203125,Yes
10736,3.5285978999821666e-11,No
10737,0.28591370582580566,No
10738,3.133023354640052e-11,No
10739,0.9270009398460388,Yes
10740,7.860286033167796e-11,No
10741,0.9794331789016724,Yes
10742,6.230761045999955e-11,No
10743,0.9781745672225952,Yes
10744,4.15453366153784e-11,No
10745,3.872357410728e-05,No
10746,5.848883183334763e-11,No
10747,0.9998494386672974,Yes
10748,3.001624643284018e-11,No
10749,0.8534066677093506,Yes
10750,2.5198712907958942e-11,No
10751,0.3497105538845062,No
10752,7.587185740787206e-11,No
10753,0.9999955296516418,Yes
10754,6.350150266731802e-11,No
10755,0.999998927116394,Yes
10756,8.56449494657241e-11,No
10757,0.19330555200576782,No
10758,1.8321119621411697e-10,No
10759,0.99973464012146,Yes
10760,9.76636271854403e-11,No
10761,0.9999837875366211,Yes
10762,4.869413899877273e-11,No
10763,0.9999858140945435,Yes
10764,7.487073461209803e-11,No
10765,0.9999996423721313,Yes
10766,6.26424467853326e-11,No
10767,0.9999991655349731,Yes
10768,1.6912139744196253e-10,No
10769,0.658087968826294,Yes
10770,1.3299986112436102e-10,No
10771,0.9999107122421265,Yes
10772,7.274694735492915e-11,No
10773,0.999957799911499,Yes
10774,3.1288610591317934e-11,No
10775,0.9960269927978516,Yes
10776,5.898524030323316e-11,No
10777,0.9999650716781616,Yes
10778,7.2541736506615e-11,No
10779,0.9999984502792358,Yes
10780,8.620166386252848e-11,No
10781,0.2578592300415039,No
10782,7.579563365833764e-11,No
10783,0.9999184608459473,Yes
10784,7.378958555293025e-11,No
10785,0.9941474795341492,Yes
10786,4.5403687753964306e-11,No
10787,0.9999551773071289,Yes
10788,5.44399629542891e-11,No
10789,0.9998630285263062,Yes
10790,6.963774695778469e-11,No
10791,0.9999994039535522,Yes
10792,1.9636019199520405e-10,No
10793,0.00046633710735477507,No
10794,2.0559619284821196e-10,No
10795,0.9999080300331116,Yes
10796,1.1552825363025931e-10,No
10797,0.9999937415122986,Yes
10798,5.273192299481977e-11,No
10799,0.9973891973495483,Yes
10800,1.1258095150568082e-10,No
10801,0.9999950528144836,Yes
10802,4.55958257261635e-11,No
10803,0.9999998807907104,Yes
10804,1.8039417182258433e-10,No
10805,0.7430675625801086,Yes
10806,2.7400215429906893e-10,No
10807,0.9999895095825195,Yes
10808,7.007771446465583e-11,No
10809,0.9998091459274292,Yes
10810,6.695642651433076e-11,No
10811,0.999626874923706,Yes
10812,1.3955848976454632e-10,No
10813,0.9999808073043823,Yes
10814,7.59712015518943e-11,No
10815,0.9999998807907104,Yes
10816,6.831128024353816e-11,No
10817,0.9917232394218445,Yes
10818,9.026158293012898e-11,No
10819,0.9999657273292542,Yes
10820,1.7482668090984532e-10,No
10821,0.99797523021698,Yes
10822,9.107002651997931e-11,No
10823,0.9974228739738464,Yes
10824,6.76693631684877e-11,No
10825,0.9981967806816101,Yes
10826,5.1324153260701166e-11,No
10827,0.9999918937683105,Yes
10828,2.1205495692733223e-10,No
10829,0.0009106068755500019,No
10830,2.2608680205760123e-10,No
10831,0.9992140531539917,Yes
10832,1.273445932037376e-10,No
10833,0.9987995028495789,Yes
10834,5.5068342247333035e-11,No
10835,0.9999068379402161,Yes
10836,1.2095301149539495e-10,No
10837,0.9999924302101135,Yes
10838,8.09118050337787e-11,No
10839,0.9999744892120361,Yes
10840,1.750001671352308e-10,No
10841,0.004410237073898315,No
10842,1.223052631393884e-10,No
10843,0.9992253184318542,Yes
10844,7.618101982576064e-11,No
10845,0.9884627461433411,Yes
10846,4.579681425753712e-11,No
10847,0.9977207779884338,Yes
10848,7.48658773863653e-11,No
10849,0.9961839914321899,Yes
10850,2.755680232613411e-11,No
10851,0.9999960064888,Yes
10852,9.234762954335451e-11,No
10853,0.011579884216189384,No
10854,7.475101787557392e-11,No
10855,0.9999668002128601,Yes
10856,4.6423611482770966e-11,No
10857,0.9965130686759949,Yes
10858,9.134942108302013e-11,No
10859,0.9989296197891235,Yes
10860,2.2093745236095863e-11,No
10861,0.9999868869781494,Yes
10862,1.0924276760970741e-10,No
10863,0.9999394416809082,Yes
10864,1.5724628543711816e-10,No
10865,0.002201448194682598,No
10866,5.805583791484992e-10,No
10867,0.999958872795105,Yes
10868,9.817724411220752e-11,No
10869,0.999994158744812,Yes
10870,1.6252894863288958e-10,No
10871,0.9999130964279175,Yes
10872,5.0906490828284134e-11,No
10873,0.999838650226593,Yes
10874,1.1371525249215253e-10,No
10875,0.9999911785125732,Yes
10876,2.3013520256132125e-10,No
10877,0.0008650275995023549,No
10878,3.2055608167880223e-10,No
10879,0.999997079372406,Yes
10880,6.433832633323533e-11,No
10881,0.9872721433639526,Yes
10882,1.206099942141492e-10,No
10883,0.9931183457374573,Yes
10884,8.939021051146412e-11,No
10885,0.9999933838844299,Yes
10886,7.656179162873755e-11,No
10887,0.999998927116394,Yes
10888,7.029511694955914e-11,No
10889,0.9990941286087036,Yes
10890,4.781693097033468e-11,No
10891,0.9999996423721313,Yes
10892,5.474672798433389e-11,No
10893,0.99995356798172,Yes
10894,9.314775339941406e-11,No
10895,0.9260669350624084,Yes
10896,3.0145566598527296e-11,No
10897,0.9999746084213257,Yes
10898,1.1932380084012095e-10,No
10899,0.9999781847000122,Yes
10900,1.3056952741230532e-10,No
10901,0.9963914155960083,Yes
10902,4.5682116422973706e-10,No
10903,0.9997028708457947,Yes
10904,9.028017916579145e-11,No
10905,0.9999933838844299,Yes
10906,2.134097620842823e-10,No
10907,0.9694676995277405,Yes
10908,2.5023271649216028e-11,No
10909,0.9999995231628418,Yes
10910,1.2306836105757668e-10,No
10911,0.9999776482582092,Yes
10912,1.8750119512578323e-10,No
10913,0.23073148727416992,No
10914,1.0145363715796663e-10,No
10915,0.9999991655349731,Yes
10916,5.1073766743625626e-11,No
10917,0.9999745488166809,Yes
10918,7.694652554013359e-11,No
10919,0.9999975562095642,Yes
10920,6.56895579598249e-11,No
10921,0.9999504685401917,Yes
10922,9.379133580900145e-11,No
10923,0.9999977350234985,Yes
10924,9.891951840979019e-11,No
10925,0.012973123230040073,No
10926,7.675098750992149e-11,No
10927,0.9999996423721313,Yes
10928,5.394495961041912e-11,No
10929,0.9999858140945435,Yes
10930,8.721727506877386e-11,No
10931,0.5802739858627319,Yes
10932,1.0464357158568305e-10,No
10933,0.9990549683570862,Yes
10934,1.306572350312507e-10,No
10935,0.9996399283409119,Yes
10936,2.8973143328947515e-10,No
10937,0.9995755553245544,Yes
10938,5.176629680470057e-10,No
10939,0.4936460554599762,No
10940,1.1725427573328062e-10,No
10941,0.9990535974502563,Yes
10942,1.97723309947051e-10,No
10943,0.9999080300331116,Yes
10944,1.5110636353288243e-10,No
10945,0.9991335272789001,Yes
10946,1.873557003984061e-10,No
10947,0.9997774958610535,Yes
10948,5.430154659258335e-10,No
10949,0.9948160648345947,Yes
10950,3.223673272767513e-10,No
10951,0.9215853214263916,Yes
10952,9.426463082329306e-11,No
10953,0.9996801614761353,Yes
10954,9.641486914402364e-11,No
10955,0.9999890923500061,Yes
10956,2.1989286780321748e-10,No
10957,0.9999027848243713,Yes
10958,1.514009195791033e-10,No
10959,0.9999152421951294,Yes
10960,9.286268282115984e-11,No
10961,0.9999715685844421,Yes
10962,1.472314631323357e-10,No
10963,0.9314062595367432,Yes
10964,1.8139233171066138e-10,No
10965,0.9999972581863403,Yes
10966,1.290887258198481e-10,No
10967,0.9969630837440491,Yes
10968,4.867723932266976e-11,No
10969,0.9999117851257324,Yes
10970,1.483231037990862e-10,No
10971,0.9937474727630615,Yes
10972,4.0963091252343986e-10,No
10973,0.9999299645423889,Yes
10974,8.335377388313248e-10,No
10975,0.9599449038505554,Yes
10976,1.1650633235937846e-10,No
10977,0.9999985694885254,Yes
10978,1.695095730447349e-10,No
10979,0.999998927116394,Yes
10980,8.524582428837135e-11,No
10981,0.9999798536300659,Yes
10982,4.0066321788101433e-11,No
10983,0.9999997615814209,Yes
10984,3.46994044608806e-10,No
10985,0.9995366334915161,Yes
10986,1.0327841915014346e-09,No
10987,0.9999368786811829,Yes
10988,4.207661302713106e-11,No
10989,0.9999988079071045,Yes
10990,1.5610414350053503e-10,No
10991,0.9987772703170776,Yes
10992,2.1834983821023002e-10,No
10993,0.9927536249160767,Yes
10994,1.6629723986749667e-10,No
10995,0.9998095035552979,Yes
10996,1.8048330885367392e-10,No
10997,0.9994330406188965,Yes
10998,2.080601663179138e-10,No
10999,0.7757262587547302,Yes
11000,5.819464354850368e-10,No
11001,0.9938017725944519,Yes
11002,1.5353572579979158e-10,No
11003,0.9999859929084778,Yes
11004,4.828618060948031e-11,No
11005,0.999957799911499,Yes
11006,2.315940217378909e-10,No
11007,0.9996622204780579,Yes
11008,7.24195703405428e-10,No
11009,0.9998218417167664,Yes
11010,1.3584264824118009e-09,No
11011,0.8874025940895081,Yes
11012,1.438227592576169e-10,No
11013,0.9815265536308289,Yes
11014,2.8502206150804454e-10,No
11015,0.9999555349349976,Yes
11016,5.311624473591792e-10,No
11017,0.8870877623558044,Yes
11018,2.549435107468412e-10,No
11019,0.9992478489875793,Yes
11020,1.633453650118355e-10,No
11021,0.9999729990959167,Yes
11022,6.855945255956897e-10,No
11023,0.18966877460479736,No
11024,5.525309376697152e-11,No
11025,0.9999984502792358,Yes
11026,5.159822569211769e-10,No
11027,0.9956539273262024,Yes
11028,1.2834973361908197e-10,No
11029,0.9994048476219177,Yes
11030,2.9216247476870905e-11,No
11031,0.9999997615814209,Yes
11032,1.7437941368658727e-10,No
11033,0.9997599720954895,Yes
11034,4.3187156628654577e-10,No
11035,0.9974139928817749,Yes
11036,3.7481737158451267e-10,No
11037,0.9999934434890747,Yes
11038,2.9622060360168234e-10,No
11039,0.9990991353988647,Yes
11040,6.324223089659853e-11,No
11041,0.9999709129333496,Yes
11042,1.339882926831848e-10,No
11043,0.9983027577400208,Yes
11044,1.3936483911347608e-10,No
11045,2.7244476896726155e-08,No
11046,5.421099680269492e-10,No
11047,0.9550535678863525,Yes
11048,1.3227227646517292e-10,No
11049,0.9995967149734497,Yes
11050,1.7405045460439084e-10,No
11051,0.9748716354370117,Yes
11052,2.1883972411984587e-10,No
11053,0.8898993730545044,Yes
11054,1.3917464403156998e-10,No
11055,0.9999046921730042,Yes
11056,1.7586312961448414e-10,No
11057,5.805069349662517e-07,No
11058,1.0237676678626073e-10,No
11059,0.9993237257003784,Yes
11060,1.7882516301082063e-10,No
11061,0.9154924750328064,Yes
11062,5.83046042001989e-11,No
11063,0.0810275673866272,No
11064,1.5840040390457943e-10,No
11065,0.91712486743927,Yes
11066,9.55522258538899e-11,No
11067,0.9999983310699463,Yes
11068,5.4591987180829804e-11,No
11069,0.22823244333267212,No
11070,1.4602356823711915e-10,No
11071,0.999998927116394,Yes
11072,9.426569941295426e-11,No
11073,0.9996209740638733,Yes
11074,7.409845653727487e-11,No
11075,0.007989438250660896,No
11076,4.001492540095519e-11,No
11077,0.9999685287475586,Yes
11078,1.0584234877430987e-10,No
11079,0.9999110698699951,Yes
11080,1.7312538902469754e-10,No
11081,8.26084396976512e-06,No
11082,4.989371138464094e-10,No
11083,0.8474323749542236,Yes
11084,1.6224709076251287e-10,No
11085,0.99090975522995,Yes
11086,1.1060492799419563e-10,No
11087,0.026818756014108658,No
11088,4.0509394449994574e-11,No
11089,0.9999971389770508,Yes
11090,1.163034113460526e-10,No
11091,0.999995768070221,Yes
11092,1.6629025934022934e-10,No
11093,2.485222694303957e-07,No
11094,2.2282080347491018e-10,No
11095,0.9999985694885254,Yes
11096,8.526208211678821e-11,No
11097,0.9997810125350952,Yes
11098,6.489032922107896e-11,No
11099,0.9999949336051941,Yes
11100,1.0508299091993578e-10,No
11101,0.9993383884429932,Yes
11102,1.2080245137546797e-10,No
11103,0.9999979734420776,Yes
11104,7.257730527676642e-11,No
11105,1.1423148293943086e-07,No
11106,1.0575536973922439e-10,No
11107,0.9999979734420776,Yes
11108,6.694097359760676e-11,No
11109,0.9998136758804321,Yes
11110,6.502674093633587e-11,No
11111,0.09086429327726364,No
11112,1.0162018448944821e-10,No
11113,0.9999948143959045,Yes
11114,1.7408266494989277e-10,No
11115,0.9999944567680359,Yes
11116,1.8129445167325287e-10,No
11117,0.0291044432669878,No
11118,2.7187502249503837e-10,No
11119,0.9741795063018799,Yes
11120,1.8801080137187398e-10,No
11121,0.9999930262565613,Yes
11122,1.4596175657022314e-10,No
11123,0.9999969005584717,Yes
11124,1.369038354903651e-10,No
11125,0.9999966025352478,Yes
11126,1.5053132351727783e-10,No
11127,0.999998927116394,Yes
11128,1.9023171926590976e-10,No
11129,0.013217896223068237,No
11130,1.839773888789864e-10,No
11131,0.9999285936355591,Yes
11132,1.3263962150844577e-10,No
11133,0.999961256980896,Yes
11134,7.904382010037736e-11,No
11135,0.9999679327011108,Yes
11136,1.1893820650588083e-10,No
11137,0.9999926686286926,Yes
11138,1.1513406200647225e-10,No
11139,0.9999988079071045,Yes
11140,1.817306582996281e-10,No
11141,0.19261467456817627,No
11142,1.0889244367318085e-10,No
11143,0.9997918605804443,Yes
11144,2.387747499721371e-10,No
11145,0.9999886155128479,Yes
11146,9.756607327604527e-11,No
11147,0.9987829327583313,Yes
11148,5.347331605287664e-11,No
11149,0.999963104724884,Yes
11150,1.5078881199226402e-10,No
11151,0.9999932050704956,Yes
11152,4.259430586017743e-10,No
11153,0.9620286822319031,Yes
11154,4.251062835081143e-10,No
11155,0.8694350719451904,Yes
11156,2.121431502688509e-10,No
11157,0.9999995231628418,Yes
11158,1.4245198076690002e-10,No
11159,0.9999982118606567,Yes
11160,1.8068205265286963e-10,No
11161,0.9999985694885254,Yes
11162,7.933532997217441e-11,No
11163,0.9999997615814209,Yes
11164,1.8750620500718185e-10,No
11165,0.0013781209709122777,No
11166,3.8337452656911353e-10,No
11167,0.9999969601631165,Yes
11168,1.0021162372142456e-10,No
11169,0.9999990463256836,Yes
11170,9.658807087475907e-11,No
11171,0.9997363090515137,Yes
11172,2.6573868106005705e-10,No
11173,0.9999817609786987,Yes
11174,1.2412423866514644e-10,No
11175,0.9999975562095642,Yes
11176,1.415695061179889e-10,No
11177,0.01747730001807213,No
11178,9.237775822068528e-11,No
11179,0.9994169473648071,Yes
11180,2.4529417386176533e-10,No
11181,0.9995871782302856,Yes
11182,1.8243880017809744e-10,No
11183,0.9999962449073792,Yes
11184,1.3920384289711762e-10,No
11185,0.9995744228363037,Yes
11186,1.638568170037047e-10,No
11187,0.999956488609314,Yes
11188,3.399640569057283e-10,No
11189,0.9811815023422241,Yes
11190,4.713248680232596e-10,No
11191,0.9758092164993286,Yes
11192,2.2236525121233086e-10,No
11193,0.9981823563575745,Yes
11194,1.6233654698272204e-10,No
11195,0.9999426603317261,Yes
11196,3.389746816573336e-10,No
11197,0.9999930262565613,Yes
11198,1.2804261817489504e-10,No
11199,0.9999477863311768,Yes
11200,2.9254124123134773e-10,No
11201,0.6972177028656006,Yes
11202,1.9576597287684905e-10,No
11203,0.995959460735321,Yes
11204,1.286246942289182e-10,No
11205,0.9999909400939941,Yes
11206,9.656946076130879e-11,No
11207,0.964739978313446,Yes
11208,9.381065368962993e-11,No
11209,0.9995325207710266,Yes
11210,5.964811283787341e-11,No
11211,0.9999994039535522,Yes
11212,1.853096842641122e-10,No
11213,0.7761414647102356,Yes
11214,1.4456010000163388e-10,No
11215,0.997036874294281,Yes
11216,2.80521300632941e-10,No
11217,0.9999368190765381,Yes
11218,1.0907641456725514e-10,No
11219,0.9993095993995667,Yes
11220,3.7891242921084256e-10,No
11221,0.9998932480812073,Yes
11222,1.2855536635214548e-09,No
11223,0.9638493657112122,Yes
11224,6.040457578571079e-10,No
11225,1.708982289017058e-08,No
11226,2.799404485998025e-09,No
11227,0.02132999338209629,No
11228,2.7674238456398825e-09,No
11229,0.00408583227545023,No
11230,1.020765472148355e-09,No
11231,0.999937891960144,Yes
11232,1.5969612299215896e-09,No
11233,0.3106347620487213,No
11234,1.257907333851449e-09,No
11235,0.9732844829559326,Yes
11236,1.8564763060169298e-09,No
11237,1.7251762756131939e-06,No
11238,1.4244825319309484e-09,No
11239,0.21822001039981842,No
11240,3.1490825502800135e-09,No
11241,0.000669789791572839,No
11242,2.4097498996233924e-10,No
11243,7.852829730836675e-05,No
11244,2.1873343136746826e-09,No
11245,0.2664109468460083,No
11246,5.896086396894873e-10,No
11247,0.999998927116394,Yes
11248,5.211233111701574e-10,No
11249,0.9940932989120483,Yes
11250,7.844144778168527e-10,No
11251,0.999998927116394,Yes
11252,8.291929920467567e-10,No
11253,0.9999852180480957,Yes
11254,1.643134239781574e-10,No
11255,0.00019771991355810314,No
11256,3.0262761741006727e-10,No
11257,0.9999319314956665,Yes
11258,1.339111932452397e-09,No
11259,0.9098914265632629,Yes
11260,1.1861227555698406e-09,No
11261,0.999203085899353,Yes
11262,3.273128879044407e-09,No
11263,0.33892959356307983,No
11264,2.4516755292580683e-09,No
11265,0.28913015127182007,No
11266,5.888657339525594e-10,No
11267,0.013660253025591373,No
11268,5.641644928999767e-10,No
11269,0.9999982118606567,Yes
11270,1.2976444363488326e-09,No
11271,0.9934524297714233,Yes
11272,1.434223517726707e-09,No
11273,3.862900848616846e-05,No
11274,5.360957788802523e-10,No
11275,0.9999958872795105,Yes
11276,1.4535340708832223e-09,No
11277,0.9999351501464844,Yes
11278,4.517135276937978e-10,No
11279,0.9999988079071045,Yes
11280,2.450829317268699e-09,No
11281,0.09043882042169571,No
11282,1.7582095779289375e-09,No
11283,0.9997040629386902,Yes
11284,4.521487906306021e-10,No
11285,5.276510819385294e-07,No
11286,6.612743685963096e-10,No
11287,0.9999982118606567,Yes
11288,1.1180357750717462e-09,No
11289,0.999987006187439,Yes
11290,1.9036239251590814e-10,No
11291,0.0001687306066742167,No
11292,1.8404626711543415e-09,No
11293,0.999561071395874,Yes
11294,1.3531330500526906e-09,No
11295,0.9999969601631165,Yes
11296,1.4867979070132264e-09,No
11297,0.0022262809798121452,No
11298,2.5808761794365864e-09,No
11299,0.9999510645866394,Yes
11300,2.9570199622241944e-09,No
11301,0.9997244477272034,Yes
11302,5.616220821735851e-10,No
11303,0.0037160413339734077,No
11304,1.8428056858255104e-09,No
11305,0.999893069267273,Yes
11306,1.3232684947794837e-09,No
11307,0.9999984502792358,Yes
11308,4.074795612041271e-09,No
11309,0.0007231306517496705,No
11310,1.1199716709597851e-09,No
11311,0.9999662041664124,Yes
11312,4.946186127341434e-09,No
11313,0.999498724937439,Yes
11314,5.356767251996075e-10,No
11315,0.9999943375587463,Yes
11316,4.900716277234096e-09,No
11317,0.9999955296516418,Yes
11318,1.52187051849495e-09,No
11319,0.9999983310699463,Yes
11320,3.415338012402458e-09,No
11321,0.9993780851364136,Yes
11322,1.4736190045994135e-09,No
11323,0.9999685287475586,Yes
11324,3.1080997775490005e-09,No
11325,0.9999976754188538,Yes
11326,4.935280517592844e-10,No
11327,0.0006368439644575119,No
11328,3.837609785506402e-09,No
11329,0.9999942183494568,Yes
11330,1.913621483495831e-09,No
11331,0.9999774098396301,Yes
11332,4.792874097603317e-09,No
11333,0.9999935626983643,Yes
11334,2.5128665814833084e-09,No
11335,0.9987553358078003,Yes
11336,8.46144665445081e-09,No
11337,0.9999984502792358,Yes
11338,1.7727768142350442e-09,No
11339,0.9999970197677612,Yes
11340,4.493506455816032e-09,No
11341,0.9999964237213135,Yes
11342,8.324796407777058e-10,No
11343,0.9999985694885254,Yes
11344,1.1017020629111585e-09,No
11345,0.008277518674731255,No
11346,2.4386634933648565e-09,No
11347,0.9999988079071045,Yes
11348,1.0867468702713268e-08,No
11349,0.9999992847442627,Yes
11350,4.988125468230464e-10,No
11351,2.677757265701075e-06,No
11352,7.540896795887875e-09,No
11353,0.9999933838844299,Yes
11354,1.316775244397661e-09,No
11355,0.9999982118606567,Yes
11356,7.271188651181149e-10,No
11357,0.0586443729698658,No
11358,1.3344689797634146e-09,No
11359,0.9996952414512634,Yes
11360,3.93775367868443e-09,No
11361,0.9998480677604675,Yes
11362,1.701925822494843e-09,No
11363,0.9999968409538269,Yes
11364,1.7824193232485186e-09,No
11365,0.9999938607215881,Yes
11366,1.1061701554737624e-09,No
11367,0.9999725222587585,Yes
11368,7.809976665384966e-09,No
11369,0.9999855160713196,Yes
11370,1.8585346595045849e-09,No
11371,0.9925435185432434,Yes
11372,4.484935089976716e-09,No
11373,0.998235285282135,Yes
11374,4.5322637309830327e-10,No
11375,0.00043131623533554375,No
11376,3.812120397128638e-09,No
11377,0.9974199533462524,Yes
11378,1.260167081795771e-09,No
11379,0.9997802376747131,Yes
11380,2.9397106970918685e-09,No
11381,0.9999638795852661,Yes
11382,8.722580435716054e-10,No
11383,0.9990543127059937,Yes
11384,4.8141854946948115e-09,No
11385,0.9999964237213135,Yes
11386,6.788684614456031e-10,No
11387,2.52322337246369e-07,No
11388,5.171727490704825e-09,No
11389,0.9999898076057434,Yes
11390,6.785059181169117e-10,No
11391,0.9999986886978149,Yes
11392,1.9039081422533854e-09,No
11393,0.9995922446250916,Yes
11394,9.58563894926101e-10,No
11395,0.9999518394470215,Yes
11396,9.332301154074685e-09,No
11397,0.9999958872795105,Yes
11398,5.388668400385654e-10,No
11399,2.154514049834688e-06,No
11400,2.5089474942063816e-10,No
11401,0.9998654723167419,Yes
11402,6.511315375767879e-10,No
11403,0.7068406343460083,Yes
11404,5.327543961541892e-10,No
11405,4.0181413396567223e-07,No
11406,3.0967617359323185e-09,No
11407,0.021119672805070877,No
11408,3.1647982012827924e-09,No
11409,0.2756580114364624,No
11410,1.0655356597055743e-09,No
11411,0.9999852180480957,Yes
11412,7.752358199830667e-10,No
11413,0.0028537975158542395,No
11414,9.410586754299288e-10,No
11415,0.9812547564506531,Yes
11416,2.235735818700846e-09,No
11417,5.157995474291965e-06,No
11418,1.343496980332759e-09,No
11419,0.5946404337882996,Yes
11420,4.2050256610082215e-09,No
11421,5.8257923228666186e-05,No
11422,2.771511076193889e-10,No
11423,1.272385816264432e-06,No
11424,2.350165395625936e-09,No
11425,0.016033180058002472,No
11426,6.241754335611915e-10,No
11427,0.9999984502792358,Yes
11428,5.240638478731796e-10,No
11429,0.9993908405303955,Yes
11430,5.244067957654863e-10,No
11431,0.9999980330467224,Yes
11432,6.367363303283469e-10,No
11433,0.9999696016311646,Yes
11434,2.1653204229643563e-10,No
11435,1.71605970535893e-05,No
11436,3.220158029115794e-10,No
11437,0.9998937249183655,Yes
11438,6.243267014482967e-10,No
11439,0.936450719833374,Yes
11440,1.0560122776226422e-09,No
11441,0.9979637265205383,Yes
11442,1.9490615787987053e-09,No
11443,0.0067445808090269566,No
11444,2.303548907178765e-09,No
11445,0.5919545292854309,Yes
11446,8.604335022255327e-10,No
11447,0.002033097902312875,No
11448,3.7767211580330695e-10,No
11449,0.9999944567680359,Yes
11450,6.613538605648728e-10,No
11451,0.9307059049606323,Yes
11452,1.3155024847222307e-09,No
11453,9.694912478153128e-06,No
11454,7.649556543753988e-10,No
11455,0.9999980926513672,Yes
11456,1.3683916222362313e-09,No
11457,0.9999610185623169,Yes
11458,3.619692323653112e-10,No
11459,0.9999939799308777,Yes
11460,2.2477850691871026e-09,No
11461,0.013742062263190746,No
11462,1.0395927452222509e-09,No
11463,0.9932407140731812,Yes
11464,7.741926544291289e-10,No
11465,5.754563972004689e-05,No
11466,8.987920963043905e-10,No
11467,0.9999967217445374,Yes
11468,4.4964534873237483e-10,No
11469,0.9999714493751526,Yes
11470,1.6172278793913364e-10,No
11471,3.990191544289701e-06,No
11472,6.3360217072983e-10,No
11473,0.9984914660453796,Yes
11474,1.7968102561383148e-09,No
11475,0.9999915361404419,Yes
11476,1.119653370018625e-09,No
11477,0.0005868204752914608,No
11478,4.05507138978578e-09,No
11479,0.9997751712799072,Yes
11480,1.6638489475084839e-09,No
11481,0.9903640747070312,Yes
11482,5.286618920408159e-10,No
11483,0.00010293394007021561,No
11484,2.166606449804931e-09,No
11485,0.9691970348358154,Yes
11486,2.2511359443200263e-09,No
11487,0.9999940991401672,Yes
11488,7.503693666421896e-09,No
11489,0.3405614197254181,No
11490,8.553283636913989e-10,No
11491,0.9922807216644287,Yes
11492,1.9625321368010873e-09,No
11493,0.9267504215240479,Yes
11494,8.342964652463536e-10,No
11495,0.99996018409729,Yes
11496,5.7485101123688764e-09,No
11497,0.9999915361404419,Yes
11498,1.9260715244939774e-09,No
11499,0.9999973177909851,Yes
11500,3.924893743345592e-09,No
11501,0.9993522763252258,Yes
11502,1.3106589147326986e-09,No
11503,0.9987437725067139,Yes
11504,6.196716473283459e-09,No
11505,0.9999910593032837,Yes
11506,8.933195849714082e-10,No
11507,0.0013653133064508438,No
11508,3.607054432919199e-09,No
11509,0.9999828338623047,Yes
11510,1.848117214819922e-09,No
11511,0.9998228549957275,Yes
11512,3.5256078056988827e-09,No
11513,0.9990577697753906,Yes
11514,3.970023421118185e-09,No
11515,0.7844506502151489,Yes
11516,8.766986248076591e-09,No
11517,0.9999932050704956,Yes
11518,2.8123718909256468e-09,No
11519,0.9995539784431458,Yes
11520,2.819698252665148e-09,No
11521,0.9999916553497314,Yes
11522,6.579152778130037e-10,No
11523,0.9999980926513672,Yes
11524,1.1094791751986577e-09,No
11525,0.00010963417298626155,No
11526,1.004777594459938e-08,No
11527,0.9999915361404419,Yes
11528,1.000245841709102e-08,No
11529,0.9999969601631165,Yes
11530,4.709618806053584e-10,No
11531,7.110755291250825e-07,No
11532,4.256370811361876e-09,No
11533,0.9999963641166687,Yes
11534,1.8420149849873724e-09,No
11535,0.9999926090240479,Yes
11536,7.167955118347891e-10,No
11537,0.17837706208229065,No
11538,2.0645924969642238e-09,No
11539,0.9997652769088745,Yes
11540,3.831524875153036e-09,No
11541,0.9882371425628662,Yes
11542,1.516275660584654e-09,No
11543,0.9999744892120361,Yes
11544,2.9240638799166163e-09,No
11545,0.9999588131904602,Yes
11546,1.2492089584981159e-09,No
11547,0.9999334812164307,Yes
11548,6.833637211656196e-09,No
11549,0.999824047088623,Yes
11550,1.7288525056002868e-09,No
11551,0.9759220480918884,Yes
11552,1.6264595226189726e-09,No
11553,0.8532906174659729,Yes
11554,6.601288959906526e-10,No
11555,2.4734366888878867e-05,No
11556,4.624046923140668e-09,No
11557,0.9528432488441467,Yes
11558,1.2275076510803729e-09,No
11559,0.9998857378959656,Yes
11560,3.0130193895416824e-09,No
11561,0.9995929002761841,Yes
11562,5.836271466108656e-10,No
11563,0.9925059080123901,Yes
11564,1.0751538326303489e-08,No
11565,0.9999889135360718,Yes
11566,7.92390375536911e-10,No
11567,1.1488744178222987e-07,No
11568,2.567765999827998e-09,No
11569,0.9999638795852661,Yes
11570,3.537542203613242e-10,No
11571,0.9999973773956299,Yes
11572,9.49023970520102e-10,No
11573,0.9864339828491211,Yes
11574,1.3950984811827993e-09,No
11575,0.9996904730796814,Yes
11576,2.451489677923746e-08,No
11577,0.999900221824646,Yes
11578,6.795796148040267e-10,No
11579,1.0897609172388911e-05,No
11580,8.348436525418279e-11,No
11581,0.9999949336051941,Yes
11582,2.548093125387396e-10,No
11583,0.9999306797981262,Yes
11584,1.670047988788781e-10,No
11585,6.156350991659565e-06,No
11586,2.1899682067783033e-09,No
11587,0.8179269433021545,Yes
11588,9.046723925543176e-10,No
11589,0.9999262690544128,Yes
11590,2.747133076574926e-10,No
11591,0.9999994039535522,Yes
11592,2.2694830736913474e-10,No
11593,0.9996573328971863,Yes
11594,2.8942434560086383e-10,No
11595,0.999987006187439,Yes
11596,2.394164033692192e-10,No
11597,2.8496788218035363e-05,No
11598,8.270763518503088e-10,No
11599,0.9993010759353638,Yes
11600,5.06068853489694e-10,No
11601,0.8347633481025696,Yes
11602,9.315983401370076e-11,No
11603,0.9738941788673401,Yes
11604,3.276494076054348e-10,No
11605,0.9999806880950928,Yes
11606,2.0492046948206166e-10,No
11607,0.9999998807907104,Yes
11608,1.327249005145248e-10,No
11609,0.9750946760177612,Yes
11610,3.349878152647534e-10,No
11611,0.9999994039535522,Yes
11612,2.69238575878461e-10,No
11613,0.9999951720237732,Yes
11614,7.589863459944723e-11,No
11615,0.9723714590072632,Yes
11616,8.514084576249914e-11,No
11617,0.9999977350234985,Yes
11618,2.473463378560581e-10,No
11619,0.9999708533287048,Yes
11620,3.948612270487928e-10,No
11621,0.8655826449394226,Yes
11622,1.551830441925972e-09,No
11623,0.9663169980049133,Yes
11624,6.651071360330718e-10,No
11625,0.9999937415122986,Yes
11626,3.2533406524315467e-10,No
11627,0.9734349250793457,Yes
11628,8.552643315784536e-11,No
11629,0.999998927116394,Yes
11630,2.1219576096243031e-10,No
11631,0.9999740123748779,Yes
11632,1.972434576780202e-10,No
11633,0.00115398655179888,No
11634,3.8122127676842865e-10,No
11635,0.9999990463256836,Yes
11636,5.123693136432905e-10,No
11637,0.9999950528144836,Yes
11638,1.6697136728804907e-10,No
11639,0.9999998807907104,Yes
11640,2.939148646685652e-10,No
11641,0.9999613761901855,Yes
11642,2.6292440447051035e-10,No
11643,0.9999992847442627,Yes
11644,7.780559529990683e-11,No
11645,0.0028851551469415426,No
11646,3.4860203612652185e-10,No
11647,0.9999995231628418,Yes
11648,2.1234637659350852e-10,No
11649,0.9999954104423523,Yes
11650,6.393793133829817e-11,No
11651,0.9957453608512878,Yes
11652,1.8865632667175447e-10,No
11653,0.999994695186615,Yes
11654,3.782026636311997e-10,No
11655,0.9999980926513672,Yes
11656,3.765148193224377e-10,No
11657,0.0051253922283649445,No
11658,2.5928112989959118e-09,No
11659,0.9999961256980896,Yes
11660,5.2884241430462e-10,No
11661,0.9999898672103882,Yes
11662,3.433356376980612e-10,No
11663,0.9999997615814209,Yes
11664,3.278150528807089e-10,No
11665,0.9999991655349731,Yes
11666,5.229155441988098e-10,No
11667,0.9999996423721313,Yes
11668,6.364316296192385e-10,No
11669,0.9478689432144165,Yes
11670,4.466493563892726e-10,No
11671,0.9999567270278931,Yes
11672,9.369716114093762e-10,No
11673,0.9999956488609314,Yes
11674,2.8195085155502397e-10,No
11675,0.9999991655349731,Yes
11676,6.685845210796515e-10,No
11677,0.9999991655349731,Yes
11678,3.2018457329918704e-10,No
11679,0.9999998807907104,Yes
11680,3.235191559092243e-10,No
11681,0.9992420673370361,Yes
11682,4.746321113913154e-10,No
11683,0.9999983310699463,Yes
11684,2.8436679677668053e-09,No
11685,0.9999991655349731,Yes
11686,2.964885559286756e-10,No
11687,0.9999948143959045,Yes
11688,5.306743378064027e-10,No
11689,0.9999992847442627,Yes
11690,4.636647177314046e-10,No
11691,0.9999985694885254,Yes
11692,1.8019962189086414e-09,No
11693,0.999944269657135,Yes
11694,1.6035358596511173e-09,No
11695,0.9999420642852783,Yes
11696,1.8618236952150369e-09,No
11697,0.9999997615814209,Yes
11698,6.17320250473341e-10,No
11699,0.9999998807907104,Yes
11700,4.220346572214595e-10,No
11701,0.9999995231628418,Yes
11702,1.700062729481644e-10,No
11703,0.9999998807907104,Yes
11704,2.5479909848691307e-10,No
11705,0.9089647531509399,Yes
11706,1.44678791169639e-09,No
11707,0.9999997615814209,Yes
11708,3.1970084357624273e-09,No
11709,0.9999998807907104,Yes
11710,2.876643367955012e-10,No
11711,0.9998923540115356,Yes
11712,1.2649422620469863e-09,No
11713,0.9999996423721313,Yes
11714,3.368766932076994e-10,No
11715,0.9999998807907104,Yes
11716,2.35755859279152e-10,No
11717,0.988238513469696,Yes
11718,7.054040684906226e-10,No
11719,0.9999992847442627,Yes
11720,3.7288372389809865e-09,No
11721,0.9999586343765259,Yes
11722,4.554422117220014e-10,No
11723,0.9999996423721313,Yes
11724,5.5411430999186e-10,No
11725,0.9999918937683105,Yes
11726,4.731100511357056e-10,No
11727,0.9999991655349731,Yes
11728,3.5121978658736452e-09,No
11729,0.9991256594657898,Yes
11730,1.1991113657572328e-09,No
11731,0.9904660582542419,Yes
11732,1.2589778108917926e-09,No
11733,0.9996509552001953,Yes
11734,4.4997219839082447e-10,No
11735,0.9999865889549255,Yes
11736,8.865757017417764e-10,No
11737,0.9999950528144836,Yes
11738,4.111204154888526e-10,No
11739,0.9999961256980896,Yes
11740,7.246793165549548e-10,No
11741,0.999790370464325,Yes
11742,4.113047680220916e-10,No
11743,0.999525785446167,Yes
11744,1.941181659859126e-09,No
11745,0.9999988079071045,Yes
11746,4.936061559490668e-10,No
11747,0.9294981360435486,Yes
11748,6.988207235103516e-10,No
11749,0.9999942183494568,Yes
11750,1.121570059048338e-10,No
11751,0.9999998807907104,Yes
11752,4.5154813221870427e-10,No
11753,0.9991917014122009,Yes
11754,5.111345791064537e-10,No
11755,0.9998736381530762,Yes
11756,1.357383450084626e-08,No
11757,0.9999933838844299,Yes
11758,4.0585437788287493e-10,No
11759,0.9967551231384277,Yes
