idx,prob,label
0,0.03358171507716179,No
1,0.0862215906381607,No
2,0.7555260062217712,Yes
3,0.6519024968147278,Yes
4,0.005645262077450752,No
5,0.006988756824284792,No
6,0.6788334250450134,Yes
7,0.5323530435562134,Yes
8,0.05470149591565132,No
9,0.04832571744918823,No
10,0.20365548133850098,No
11,0.34907442331314087,No
12,0.012830356135964394,No
13,0.011309146881103516,No
14,0.3222009241580963,No
15,0.8174309134483337,Yes
16,0.01467567402869463,No
17,0.01673089526593685,No
18,0.13430684804916382,No
19,0.2687092423439026,No
20,0.07828971743583679,No
21,0.06191461533308029,No
22,0.4686641991138458,No
23,0.7074609994888306,Yes
24,0.03360383212566376,No
25,0.029573215171694756,No
26,0.40799346566200256,No
27,0.5936080813407898,Yes
28,0.0106202969327569,No
29,0.009205601178109646,No
30,0.4690265953540802,No
31,0.29498401284217834,No
32,0.012697534635663033,No
33,0.009903102181851864,No
34,0.40752142667770386,No
35,0.03752797842025757,No
36,0.01168383751064539,No
37,0.01450193952769041,No
38,0.8515715003013611,Yes
39,0.755652904510498,Yes
40,0.8807799220085144,Yes
41,0.8933426141738892,Yes
42,0.03765198215842247,No
43,0.11987566202878952,No
44,0.8935607075691223,Yes
45,0.9244155287742615,Yes
46,0.008048411458730698,No
47,0.007242769002914429,No
48,0.7979180216789246,Yes
49,0.8668298721313477,Yes
50,0.0380001924932003,No
51,0.033290255814790726,No
52,0.9050419330596924,Yes
53,0.9050227403640747,Yes
54,0.01005677692592144,No
55,0.012589084915816784,No
56,0.6517175436019897,Yes
57,0.8355616927146912,Yes
58,0.011674266308546066,No
59,0.010205275379121304,No
60,0.835551917552948,Yes
61,0.7772741913795471,Yes
62,0.016218366101384163,No
63,0.02157803624868393,No
64,0.8354654312133789,Yes
65,0.932478666305542,Yes
66,0.020634235814213753,No
67,0.011311300098896027,No
68,0.732256293296814,Yes
69,0.8174380660057068,Yes
70,0.005702899303287268,No
71,0.0043647149577736855,No
72,0.8933115005493164,Yes
73,0.9243584275245667,Yes
74,0.018256405368447304,No
75,0.014171510934829712,No
76,0.7064021825790405,Yes
77,0.26836374402046204,No
78,0.023306112736463547,No
79,0.01439843699336052,No
80,0.6523546576499939,Yes
81,0.6519256234169006,Yes
82,0.03819643333554268,No
83,0.048428237438201904,No
84,0.5016554594039917,Yes
85,0.6517640948295593,Yes
86,0.014954681508243084,No
87,0.011869022622704506,No
88,0.37855327129364014,No
89,0.5948720574378967,Yes
90,0.03902240842580795,No
91,0.07603760063648224,No
92,0.7322496175765991,Yes
93,0.7320790886878967,Yes
94,0.016216419637203217,No
95,0.026193389669060707,No
96,0.16578947007656097,No
97,0.438559889793396,No
98,0.018653618171811104,No
99,0.014332814142107964,No
100,0.06895360350608826,No
101,0.1076739951968193,No
102,0.03385128825902939,No
103,0.024561315774917603,No
104,0.7559476494789124,Yes
105,0.8668148517608643,Yes
106,0.02064446732401848,No
107,0.016221560537815094,No
108,0.5327447056770325,Yes
109,0.623687207698822,Yes
110,0.006614676211029291,No
111,0.005766988731920719,No
112,0.7320976257324219,Yes
113,0.4688299894332886,No
114,0.020684324204921722,No
115,0.018197031691670418,No
116,0.5007083415985107,Yes
117,0.43838924169540405,No
118,0.03365831822156906,No
119,0.01851239800453186,No
120,0.3232801556587219,No
121,0.06055431440472603,No
122,0.8176025152206421,Yes
123,0.798023521900177,Yes
124,0.011519026942551136,No
125,0.012669024057686329,No
126,0.7321420907974243,Yes
127,0.651588499546051,Yes
128,0.07631638646125793,No
129,0.07623074948787689,No
130,0.5937480926513672,Yes
131,0.7322102785110474,Yes
132,0.012947236187756062,No
133,0.020727263763546944,No
134,0.7772680521011353,Yes
135,0.7556507587432861,Yes
136,0.014606902375817299,No
137,0.013017795979976654,No
138,0.43788573145866394,No
139,0.37821125984191895,No
140,0.055558498948812485,No
141,0.055066149681806564,No
142,0.5008772015571594,Yes
143,0.40896353125572205,No
144,0.04796690493822098,No
145,0.02627396583557129,No
146,0.5325849056243896,Yes
147,0.10725614428520203,No
148,0.015075631439685822,No
149,0.009601637721061707,No
150,0.34954994916915894,No
151,0.24535754323005676,No
152,0.02960602380335331,No
153,0.016213925555348396,No
154,0.43771225214004517,No
155,0.6785717606544495,Yes
156,0.020826466381549835,No
157,0.026566525921225548,No
158,0.6228711605072021,Yes
159,0.6515375375747681,Yes
160,0.9243985414505005,Yes
161,0.7556590437889099,Yes
162,0.06876988708972931,No
163,0.06115427240729332,No
164,0.8934720754623413,Yes
165,0.7320617437362671,Yes
166,0.011353226378560066,No
167,0.00789917167276144,No
168,0.8175219893455505,Yes
169,0.6521873474121094,Yes
170,0.02991659753024578,No
171,0.033753618597984314,No
172,0.8354769349098206,Yes
173,0.904983639717102,Yes
174,0.014441023580729961,No
175,0.012611018493771553,No
176,0.7772418856620789,Yes
177,0.46885308623313904,No
178,0.01439589448273182,No
179,0.01310056820511818,No
180,0.22365833818912506,No
181,0.24542103707790375,No
182,0.03339822217822075,No
183,0.018569573760032654,No
184,0.9243754148483276,Yes
185,0.9399770498275757,Yes
186,0.018298892304301262,No
187,0.011271221563220024,No
188,0.34923508763313293,No
189,0.5634546279907227,Yes
190,0.006614187732338905,No
191,0.0054488470777869225,No
192,0.904956579208374,Yes
193,0.9324487447738647,Yes
194,0.01260831207036972,No
195,0.014160391874611378,No
196,0.7555870413780212,Yes
197,0.8353080153465271,Yes
198,0.023356221616268158,No
199,0.010011828504502773,No
200,0.4090186059474945,No
201,0.5011155009269714,Yes
202,0.8354203701019287,Yes
203,0.6516656279563904,Yes
204,0.010150942951440811,No
205,0.012782938778400421,No
206,0.6792839765548706,Yes
207,0.6520025134086609,Yes
208,0.042941272258758545,No
209,0.1084134578704834,No
210,0.6802926063537598,Yes
211,0.32200244069099426,No
212,0.026740755885839462,No
213,0.021001705899834633,No
214,0.16531185805797577,No
215,0.4074617922306061,No
216,0.023602817207574844,No
217,0.020789694041013718,No
218,0.5634185671806335,Yes
219,0.3493621051311493,No
220,0.021573888137936592,No
221,0.10879560559988022,No
222,0.03775685653090477,No
223,0.1077309399843216,No
224,0.0479746013879776,No
225,0.0540243424475193,No
226,0.2032070904970169,No
227,0.11993616819381714,No
228,0.00901477225124836,No
229,0.005413135513663292,No
230,0.32267460227012634,No
231,0.4684574604034424,No
232,0.05409446358680725,No
233,0.014401196502149105,No
234,0.5933648347854614,Yes
235,0.7977473139762878,Yes
236,0.06813133507966995,No
237,0.06841247528791428,No
238,0.8807613253593445,Yes
239,0.5934277176856995,Yes
240,0.05393226444721222,No
241,0.6231714487075806,Yes
242,0.7983405590057373,Yes
243,0.6788327693939209,Yes
244,0.006338033359497786,No
245,0.012782938778400421,No
246,0.5939361453056335,Yes
247,0.7560508251190186,Yes
248,0.054305534809827805,No
249,0.03366759046912193,No
250,0.20276428759098053,No
251,0.43773630261421204,No
252,0.026496456936001778,No
253,0.0182585921138525,No
254,0.7320513725280762,Yes
255,0.7978227734565735,Yes
256,0.02108534798026085,No
257,0.012951451353728771,No
258,0.29535937309265137,No
259,0.37782612442970276,No
260,0.06920173019170761,No
261,0.03810224309563637,No
262,0.43824559450149536,No
263,0.2958775460720062,No
264,0.060737244784832,No
265,0.07652385532855988,No
266,0.8175023794174194,Yes
267,0.8514625430107117,Yes
268,0.007595396600663662,No
269,0.009047089144587517,No
270,0.2957035005092621,No
271,0.4074915945529938,No
272,0.03764290735125542,No
273,0.026384886354207993,No
274,0.5935097932815552,Yes
275,0.8513719439506531,Yes
276,0.009060296230018139,No
277,0.021285584196448326,No
278,0.8174005150794983,Yes
279,0.7555812001228333,Yes
280,0.8808315992355347,Yes
281,0.9150218963623047,Yes
282,0.026438033208251,No
283,0.08555769920349121,No
284,0.8357018828392029,Yes
285,0.88067227602005,Yes
286,0.010419889353215694,No
287,0.0071792821399867535,No
288,0.7772860527038574,Yes
289,0.8178384900093079,Yes
290,0.0483391247689724,No
291,0.026265425607562065,No
292,0.9049946069717407,Yes
293,0.8807334899902344,Yes
294,0.012701167725026608,No
295,0.014252508990466595,No
296,0.7322003245353699,Yes
297,0.7979008555412292,Yes
298,0.0163862481713295,No
299,0.011458207853138447,No
300,0.7778760194778442,Yes
301,0.7558949589729309,Yes
302,0.018445875495672226,No
303,0.03800232335925102,No
304,0.915066659450531,Yes
305,0.9150775074958801,Yes
306,0.014552205801010132,No
307,0.012784912250936031,No
308,0.6517312526702881,Yes
309,0.7978692054748535,Yes
310,0.004991879221051931,No
311,0.003437516512349248,No
312,0.8933262228965759,Yes
313,0.9050034880638123,Yes
314,0.01263606920838356,No
315,0.015919143334031105,No
316,0.7776530981063843,Yes
317,0.7554696202278137,Yes
318,0.016320407390594482,No
319,0.018440628424286842,No
320,0.6526457667350769,Yes
321,0.7558839321136475,Yes
322,0.03439551591873169,No
323,0.13488949835300446,No
324,0.7062338590621948,Yes
325,0.7980067729949951,Yes
326,0.00794233288615942,No
327,0.007594678085297346,No
328,0.706832766532898,Yes
329,0.6534101963043213,Yes
330,0.03847718983888626,No
331,0.048221148550510406,No
332,0.8809259533882141,Yes
333,0.8807468414306641,Yes
334,0.02353374846279621,No
335,0.018389970064163208,No
336,0.43922343850135803,No
337,0.4078601002693176,No
338,0.016457170248031616,No
339,0.011674925684928894,No
340,0.16815818846225739,No
341,0.5333755016326904,Yes
342,0.06148125231266022,No
343,0.03184681385755539,No
344,0.6235937476158142,Yes
345,0.7984284162521362,Yes
346,0.020645353943109512,No
347,0.02342088706791401,No
348,0.43796786665916443,No
349,0.5641500353813171,Yes
350,0.005412694066762924,No
351,0.005163801833987236,No
352,0.7979997992515564,Yes
353,0.7058152556419373,Yes
354,0.02331702411174774,No
355,0.02336830459535122,No
356,0.35039791464805603,No
357,0.16592736542224884,No
358,0.03832022100687027,No
359,0.05385202914476395,No
360,0.6235762238502502,Yes
361,0.7774691581726074,Yes
362,0.06878149509429932,No
363,0.06148897483944893,No
364,0.7325581908226013,Yes
365,0.8175734877586365,Yes
366,0.010338490828871727,No
367,0.00804927945137024,No
368,0.5642122626304626,Yes
369,0.7777040600776672,Yes
370,0.0433049239218235,No
371,0.060578394681215286,No
372,0.7777330875396729,Yes
373,0.623212993144989,Yes
374,0.026386771351099014,No
375,0.029771683737635612,No
376,0.2038658708333969,No
377,0.500571072101593,Yes
378,0.018657177686691284,No
379,0.023424463346600533,No
380,0.22584602236747742,No
381,0.46946051716804504,No
382,0.04889921471476555,No
383,0.031544897705316544,No
384,0.7557758092880249,Yes
385,0.7557226419448853,Yes
386,0.018446600064635277,No
387,0.023427389562129974,No
388,0.3784138858318329,No
389,0.5334279537200928,Yes
390,0.006708256900310516,No
391,0.005838984157890081,No
392,0.7978333234786987,Yes
393,0.7773682475090027,Yes
394,0.02060386911034584,No
395,0.020645353943109512,No
396,0.2953472435474396,No
397,0.18345987796783447,No
398,0.042922019958496094,No
399,0.03375052288174629,No
400,0.013700555078685284,No
401,0.026833653450012207,No
402,0.5634309649467468,Yes
403,0.5938647985458374,Yes
404,0.009378481656312943,No
405,0.012887636199593544,No
406,0.5331680774688721,Yes
407,0.6790140867233276,Yes
408,0.12015651166439056,No
409,0.09660859405994415,No
410,0.20394060015678406,No
411,0.7330961227416992,Yes
412,0.026836473494768143,No
413,0.01626507192850113,No
414,0.6230015754699707,Yes
415,0.7772340774536133,Yes
416,0.02333351969718933,No
417,0.012663139030337334,No
418,0.18405526876449585,No
419,0.183807373046875,No
420,0.12251235544681549,No
421,0.027224769815802574,No
422,0.3798678517341614,No
423,0.08699215948581696,No
424,0.014613022096455097,No
425,0.02337026223540306,No
426,0.29485154151916504,No
427,0.5631111264228821,Yes
428,0.008581792935729027,No
429,0.007223975379019976,No
430,0.34999069571495056,No
431,0.32255685329437256,No
432,0.011402315460145473,No
433,0.014297605492174625,No
434,0.5325744152069092,Yes
435,0.6786289215087891,Yes
436,0.03348759561777115,No
437,0.008265962824225426,No
438,0.1662350594997406,No
439,0.705696702003479,Yes
440,0.29618415236473083,No
441,0.37811559438705444,No
442,0.7557252049446106,Yes
443,0.6791813969612122,Yes
444,0.010097579099237919,No
445,0.006898001302033663,No
446,0.623348593711853,Yes
447,0.5323665142059326,Yes
448,0.1201898381114006,No
449,0.02347325161099434,No
450,0.652538537979126,Yes
451,0.7321287393569946,Yes
452,0.02073090150952339,No
453,0.01444205455482006,No
454,0.6789029836654663,Yes
455,0.7555614709854126,Yes
456,0.018497874960303307,No
457,0.01476000901311636,No
458,0.5630635619163513,Yes
459,0.651585578918457,Yes
460,0.12213477492332458,No
461,0.10849907994270325,No
462,0.13390934467315674,No
463,0.16615557670593262,No
464,0.037836287170648575,No
465,0.03347131982445717,No
466,0.09558526426553726,No
467,0.6230068206787109,Yes
468,0.007122234907001257,No
469,0.006531874183565378,No
470,0.37851807475090027,No
471,0.2949102818965912,No
472,0.015968207269906998,No
473,0.016172830015420914,No
474,0.6227050423622131,Yes
475,0.32178834080696106,No
476,0.023709485307335854,No
477,0.026494186371564865,No
478,0.6515105962753296,Yes
479,0.5932420492172241,Yes
480,0.893384575843811,Yes
481,0.7057945728302002,Yes
482,0.07623530924320221,No
483,0.08560130000114441,No
484,0.8355711102485657,Yes
485,0.8667002320289612,Yes
486,0.011403540149331093,No
487,0.01288409624248743,No
488,0.6230900883674622,Yes
489,0.7562286853790283,Yes
490,0.033859480172395706,No
491,0.04250289499759674,No
492,0.5322719812393188,Yes
493,0.8934300541877747,Yes
494,0.012736552394926548,No
495,0.018173953518271446,No
496,0.7555879950523376,Yes
497,0.7322837114334106,Yes
498,0.03757565841078758,No
499,0.011459439061582088,No
500,0.12045088410377502,No
501,0.29475143551826477,No
502,0.02974899299442768,No
503,0.027229459956288338,No
504,0.7556779980659485,Yes
505,0.893448531627655,Yes
506,0.021005194634199142,No
507,0.012740196660161018,No
508,0.2687899172306061,No
509,0.6518315672874451,Yes
510,0.005645872093737125,No
511,0.005552258342504501,No
512,0.893299400806427,Yes
513,0.705675482749939,Yes
514,0.02323315665125847,No
515,0.023161686956882477,No
516,0.10760854184627533,No
517,0.46900150179862976,No
518,0.020847875624895096,No
519,0.02346772700548172,No
520,0.5633861422538757,Yes
521,0.6519049406051636,Yes
522,0.14968174695968628,No
523,0.06088274344801903,No
524,0.5940024852752686,Yes
525,0.6787025332450867,Yes
526,0.013016571290791035,No
527,0.007121641654521227,No
528,0.6243282556533813,Yes
529,0.6236247420310974,Yes
530,0.06117286533117294,No
531,0.06035493686795235,No
532,0.7557031512260437,Yes
533,0.5008413791656494,Yes
534,0.018335936591029167,No
535,0.02623135969042778,No
536,0.4690113961696625,No
537,0.3496814966201782,No
538,0.023940205574035645,No
539,0.020610103383660316,No
540,0.07682688534259796,No
541,0.2237526774406433,No
542,0.037963125854730606,No
543,0.030461736023426056,No
544,0.7066428661346436,Yes
545,0.7983620762825012,Yes
546,0.018197031691670418,No
547,0.014330875128507614,No
548,0.43812334537506104,No
549,0.5010042190551758,Yes
550,0.006708256900310516,No
551,0.00628881948068738,No
552,0.7059392929077148,Yes
553,0.5630364418029785,Yes
554,0.02341644838452339,No
555,0.03325448930263519,No
556,0.5323665142059326,Yes
557,0.593579113483429,Yes
558,0.03349988907575607,No
559,0.02638033777475357,No
560,0.5636608600616455,Yes
561,0.5329396724700928,Yes
562,0.0487196110188961,No
563,0.029640505090355873,No
564,0.4383251368999481,No
565,0.7321251630783081,Yes
566,0.016446653753519058,No
567,0.011590751819312572,No
568,0.5334267616271973,Yes
569,0.6524865627288818,Yes
570,0.030482394620776176,No
571,0.030215593054890633,No
572,0.6787430644035339,Yes
573,0.40759116411209106,No
574,0.01843911036849022,No
575,0.020541690289974213,No
576,0.40780529379844666,No
577,0.2689632475376129,No
578,0.02643183246254921,No
579,0.02057613991200924,No
580,0.09671362489461899,No
581,0.10779678076505661,No
582,0.038181371986866,No
583,0.05467092990875244,No
584,0.43852341175079346,No
585,0.7774373888969421,Yes
586,0.02083747275173664,No
587,0.020686525851488113,No
588,0.2456119805574417,No
589,0.4081961214542389,No
590,0.009599190205335617,No
591,0.008049629628658295,No
592,0.32201841473579407,No
593,0.4379253387451172,No
594,0.026214851066470146,No
595,0.02946271002292633,No
596,0.2035181224346161,No
597,0.2699412405490875,No
598,0.0379558764398098,No
599,0.033644985407590866,No
600,0.016625119373202324,No
601,0.12031017988920212,No
602,0.7321777939796448,Yes
603,0.6787147521972656,Yes
604,0.011270647868514061,No
605,0.0069551486521959305,No
606,0.5007264614105225,Yes
607,0.7775402665138245,Yes
608,0.08583486080169678,No
609,0.054305534809827805,No
610,0.5328584313392639,Yes
611,0.7057499885559082,Yes
612,0.018656130880117416,No
613,0.014399465173482895,No
614,0.8514341115951538,Yes
615,0.7320458292961121,Yes
616,0.013017795979976654,No
617,0.014763224869966507,No
618,0.5934997797012329,Yes
619,0.5631436109542847,Yes
620,0.08676524460315704,No
621,0.32281652092933655,No
622,0.37830305099487305,No
623,0.18401183187961578,No
624,0.023489804938435555,No
625,0.02966318465769291,No
626,0.7057787775993347,Yes
627,0.8174012303352356,Yes
628,0.005703559145331383,No
629,0.009735998697578907,No
630,0.1492982804775238,No
631,0.2688967287540436,No
632,0.023532258346676826,No
633,0.02347325161099434,No
634,0.8172956705093384,Yes
635,0.797761082649231,Yes
636,0.016131240874528885,No
637,0.01668662205338478,No
638,0.835677981376648,Yes
639,0.8513705730438232,Yes
640,0.5010213255882263,Yes
641,0.4381376802921295,No
642,0.06115427240729332,No
643,0.043293118476867676,No
644,0.6230364441871643,Yes
645,0.6230015754699707,Yes
646,0.01444205455482006,No
647,0.01645183376967907,No
648,0.3784962594509125,No
649,0.5951618552207947,Yes
650,0.05471623316407204,No
651,0.07623530924320221,No
652,0.6788769364356995,Yes
653,0.6515962481498718,Yes
654,0.02063949592411518,No
655,0.02064342610538006,No
656,0.14963394403457642,No
657,0.2691441476345062,No
658,0.03359096497297287,No
659,0.02619791403412819,No
660,0.08629141747951508,No
661,0.09607522189617157,No
662,0.026833653450012207,No
663,0.03863154351711273,No
664,0.756027102470398,Yes
665,0.6787002682685852,Yes
666,0.014444523490965366,No
667,0.012889358215034008,No
668,0.26909297704696655,No
669,0.46944141387939453,No
670,0.008361302316188812,No
671,0.005595437251031399,No
672,0.6232043504714966,Yes
673,0.46860256791114807,No
674,0.029559241607785225,No
675,0.037566326558589935,No
676,0.32353517413139343,No
677,0.07668650895357132,No
678,0.03358171507716179,No
679,0.02664145454764366,No
680,0.07658733427524567,No
681,0.06799633055925369,No
682,0.5007768869400024,Yes
683,0.6231589913368225,Yes
684,0.00906782690435648,No
685,0.007899515330791473,No
686,0.43811455368995667,No
687,0.037760309875011444,No
688,0.06093040108680725,No
689,0.04292929172515869,No
690,0.46885308623313904,No
691,0.6515962481498718,Yes
692,0.011349525302648544,No
693,0.014441023580729961,No
694,0.7555820941925049,Yes
695,0.8514256477355957,Yes
696,0.016621816903352737,No
697,0.011519026942551136,No
698,0.46873733401298523,No
699,0.183460995554924,No
700,0.048912663012742996,No
701,0.06105724722146988,No
702,0.134321391582489,No
703,0.6523606777191162,Yes
704,0.029715795069932938,No
705,0.029610317200422287,No
706,0.06030125170946121,No
707,0.2950155436992645,No
708,0.01042329054325819,No
709,0.007846965454518795,No
710,0.50063157081604,Yes
711,0.5935232043266296,Yes
712,0.01256733201444149,No
713,0.023358682170510292,No
714,0.851410984992981,Yes
715,0.8666713833808899,Yes
716,0.018437083810567856,No
717,0.02341427654027939,No
718,0.8173257112503052,Yes
719,0.732363224029541,Yes
720,0.40820589661598206,No
721,0.37859171628952026,No
722,0.6794429421424866,Yes
723,0.6522806286811829,Yes
724,0.006458896212279797,No
725,0.009013690985739231,No
726,0.6231349110603333,Yes
727,0.5942726135253906,Yes
728,0.13458575308322906,No
729,0.09643246233463287,No
730,0.501439094543457,Yes
731,0.6239898800849915,Yes
732,0.01645633764564991,No
733,0.026267381384968758,No
734,0.651849627494812,Yes
735,0.6516536474227905,Yes
736,0.026948120445013046,No
737,0.02061052806675434,No
738,0.2954402267932892,No
739,0.7069072127342224,Yes
740,0.09759505093097687,No
741,0.15028983354568481,No
742,0.12098114937543869,No
743,0.18415015935897827,No
744,0.06814902275800705,No
745,0.06823153048753738,No
746,0.22417353093624115,No
747,0.5010272264480591,Yes
748,0.01176913920789957,No
749,0.012643001042306423,No
750,0.43852266669273376,No
751,0.24544450640678406,No
752,0.04292592033743858,No
753,0.030336270108819008,No
754,0.6231229901313782,Yes
755,0.6788128614425659,Yes
756,0.04300396144390106,No
757,0.018593378365039825,No
758,0.32258477807044983,No
759,0.7556173801422119,Yes
760,0.3513246476650238,No
761,0.3223506212234497,No
762,0.8176066279411316,Yes
763,0.7326138019561768,Yes
764,0.005838607903569937,No
765,0.011460389010608196,No
766,0.7059783339500427,Yes
767,0.7323894500732422,Yes
768,0.09579315781593323,No
769,0.06843023002147675,No
770,0.4703681468963623,No
771,0.6521873474121094,Yes
772,0.012701167725026608,No
773,0.02347194030880928,No
774,0.7321355938911438,Yes
775,0.7978906035423279,Yes
776,0.013101505115628242,No
777,0.009132454171776772,No
778,0.6516718864440918,Yes
779,0.5007419586181641,Yes
780,0.08834908157587051,No
781,0.1210525631904602,No
782,0.4077775478363037,No
783,0.37864866852760315,No
784,0.02634628303349018,No
785,0.02639426290988922,No
786,0.4079710841178894,No
787,0.09542948752641678,No
788,0.006814652122557163,No
789,0.006900822278112173,No
790,0.438586562871933,No
791,0.22360219061374664,No
792,0.029831301420927048,No
793,0.02336961030960083,No
794,0.5933554172515869,Yes
795,0.6788045763969421,Yes
796,0.034085460007190704,No
797,0.023714782670140266,No
798,0.6788327693939209,Yes
799,0.5935561060905457,Yes
800,0.026679981499910355,No
801,0.054738130420446396,No
802,0.5935730338096619,Yes
803,0.5005689859390259,Yes
804,0.004208231344819069,No
805,0.0038166344165802,No
806,0.8518064618110657,Yes
807,0.26849380135536194,No
808,0.0238789189606905,No
809,0.053739432245492935,No
810,0.3496982753276825,No
811,0.32228192687034607,No
812,0.006172909867018461,No
813,0.006782110780477524,No
814,0.09543871879577637,No
815,0.797738254070282,Yes
816,0.011461436748504639,No
817,0.010059036314487457,No
818,0.09565379470586777,No
819,0.3221712112426758,No
820,0.12244363874197006,No
821,0.03022979386150837,No
822,0.3785519599914551,No
823,0.835537314414978,Yes
824,0.05432353913784027,No
825,0.03794408217072487,No
826,0.6519649624824524,Yes
827,0.4078827202320099,No
828,0.009466946125030518,No
829,0.008921698667109013,No
830,0.469965398311615,No
831,0.24513621628284454,No
832,0.03335726633667946,No
833,0.011050257831811905,No
834,0.34925344586372375,No
835,0.037537261843681335,No
836,0.012702829204499722,No
837,0.00872853584587574,No
838,0.6787320971488953,Yes
839,0.7556405663490295,Yes
840,0.8669334650039673,Yes
841,0.8810220956802368,Yes
842,0.016632944345474243,No
843,0.06792420893907547,No
844,0.9053130745887756,Yes
845,0.905267059803009,Yes
846,0.007029544096440077,No
847,0.0034381994046270847,No
848,0.8176099061965942,Yes
849,0.8934621810913086,Yes
850,0.029579950496554375,No
851,0.02354132942855358,No
852,0.9050984978675842,Yes
853,0.9466210007667542,Yes
854,0.005449358839541674,No
855,0.008711670525372028,No
856,0.8174158334732056,Yes
857,0.756249189376831,Yes
858,0.011461123824119568,No
859,0.008882058784365654,No
860,0.9049986600875854,Yes
861,0.8354995250701904,Yes
862,0.016327571123838425,No
863,0.026278747245669365,No
864,0.9051579236984253,Yes
865,0.9245719909667969,Yes
866,0.01830296963453293,No
867,0.008791742846369743,No
868,0.7065632343292236,Yes
869,0.7556170225143433,Yes
870,0.0049093980342149734,No
871,0.004331347066909075,No
872,0.9150645136833191,Yes
873,0.9578942656517029,Yes
874,0.014198724180459976,No
875,0.009824286215007305,No
876,0.8514752984046936,Yes
877,0.14898371696472168,No
878,0.01613626256585121,No
879,0.014198724180459976,No
880,0.47079941630363464,No
881,0.43892791867256165,No
882,0.034623779356479645,No
883,0.04822749271988869,No
884,0.6528199911117554,Yes
885,0.7566367387771606,Yes
886,0.008466836996376514,No
887,0.0065322513692080975,No
888,0.46963009238243103,No
889,0.68021160364151,Yes
890,0.030671820044517517,No
891,0.04779784008860588,No
892,0.7325418591499329,Yes
893,0.7977585792541504,Yes
894,0.01015019603073597,No
895,0.014331359416246414,No
896,0.4084424674510956,No
897,0.6789853572845459,Yes
898,0.016457170248031616,No
899,0.037554554641246796,No
900,0.24712300300598145,No
901,0.20456495881080627,No
902,0.01924644224345684,No
903,0.01697659306228161,No
904,0.756709635257721,Yes
905,0.8180939555168152,Yes
906,0.016737688332796097,No
907,0.018303576856851578,No
908,0.4106784164905548,No
909,0.5013797879219055,Yes
910,0.005922066979110241,No
911,0.006373952608555555,No
912,0.7323504686355591,Yes
913,0.7775452136993408,Yes
914,0.020607756450772285,No
915,0.01607656106352806,No
916,0.8180153965950012,Yes
917,0.835590124130249,Yes
918,0.026363937184214592,No
919,0.01605033501982689,No
920,0.352314293384552,No
921,0.0680246651172638,No
922,0.7063388824462891,Yes
923,0.7059581279754639,Yes
924,0.00836206879466772,No
925,0.005596301984041929,No
926,0.8670095205307007,Yes
927,0.6800244450569153,Yes
928,0.030121300369501114,No
929,0.13362087309360504,No
930,0.679992139339447,Yes
931,0.7322275042533875,Yes
932,0.009013962931931019,No
933,0.00985011924058199,No
934,0.755842387676239,Yes
935,0.7977952361106873,Yes
936,0.007901047356426716,No
937,0.006990053690969944,No
938,0.3222547471523285,No
939,0.5004275441169739,Yes
940,0.09684868901968002,No
941,0.0483347550034523,No
942,0.24685552716255188,No
943,0.5011966228485107,Yes
944,0.03834633156657219,No
945,0.02085813321173191,No
946,0.652418851852417,Yes
947,0.06825192272663116,No
948,0.01161727774888277,No
949,0.009602499194443226,No
950,0.37973201274871826,No
951,0.2961033880710602,No
952,0.018262676894664764,No
953,0.015937762334942818,No
954,0.3778623938560486,No
955,0.6514880657196045,Yes
956,0.023332346230745316,No
957,0.023232920095324516,No
958,0.678820788860321,Yes
959,0.7056023478507996,Yes
960,0.8934704661369324,Yes
961,0.5635792016983032,Yes
962,0.04409785568714142,No
963,0.038009628653526306,No
964,0.8518859148025513,Yes
965,0.8356501460075378,Yes
966,0.010152332484722137,No
967,0.004331347066909075,No
968,0.8356341123580933,Yes
969,0.7322837114334106,Yes
970,0.03377010300755501,No
971,0.026510130614042282,No
972,0.7558311820030212,Yes
973,0.9324677586555481,Yes
974,0.0077973115257918835,No
975,0.011138305999338627,No
976,0.8177221417427063,Yes
977,0.43840494751930237,No
978,0.009983898140490055,No
979,0.011240330524742603,No
980,0.5019973516464233,Yes
981,0.26974716782569885,No
982,0.03001253679394722,No
983,0.014549335464835167,No
984,0.9152809977531433,Yes
985,0.9400822520256042,Yes
986,0.011313037946820259,No
987,0.011211111210286617,No
988,0.350323885679245,No
989,0.5329074859619141,Yes
990,0.0057709552347660065,No
991,0.005767519120126963,No
992,0.9050398468971252,Yes
993,0.9466098546981812,Yes
994,0.01597469486296177,No
995,0.011058651842176914,No
996,0.924575924873352,Yes
997,0.8933746218681335,Yes
998,0.020727263763546944,No
999,0.012509534135460854,No
1000,0.24688749015331268,No
1001,0.501396894454956,Yes
1002,0.5640397071838379,Yes
1003,0.5323652625083923,Yes
1004,0.005922580603510141,No
1005,0.007944075390696526,No
1006,0.8179707527160645,Yes
1007,0.7323682904243469,Yes
1008,0.020925400778651237,No
1009,0.12002630531787872,No
1010,0.7779495120048523,Yes
1011,0.3494451940059662,No
1012,0.014859064482152462,No
1013,0.014303169213235378,No
1014,0.13357390463352203,No
1015,0.5938930511474609,Yes
1016,0.012954279780387878,No
1017,0.009885312989354134,No
1018,0.4383751153945923,No
1019,0.4684821665287018,No
1020,0.04294557869434357,No
1021,0.055340759456157684,No
1022,0.03800579532980919,No
1023,0.2028835266828537,No
1024,0.043184272944927216,No
1025,0.060951292514801025,No
1026,0.2696641981601715,No
1027,0.12012550979852676,No
1028,0.008583675138652325,No
1029,0.009206440299749374,No
1030,0.34985750913619995,No
1031,0.2954944372177124,No
1032,0.047909460961818695,No
1033,0.014162568375468254,No
1034,0.6227624416351318,Yes
1035,0.8354187607765198,Yes
1036,0.08567213267087936,No
1037,0.07602066546678543,No
1038,0.8518593311309814,Yes
1039,0.6784858107566833,Yes
1040,0.08568017184734344,No
1041,0.7784619331359863,Yes
1042,0.5950915813446045,Yes
1043,0.5935360193252563,Yes
1044,0.0032846122048795223,No
1045,0.006340633612126112,No
1046,0.8179740309715271,Yes
1047,0.8518064618110657,Yes
1048,0.03353611379861832,No
1049,0.047758884727954865,No
1050,0.29547885060310364,No
1051,0.5006555318832397,Yes
1052,0.01274186372756958,No
1053,0.011058651842176914,No
1054,0.7058196067810059,Yes
1055,0.7775417566299438,Yes
1056,0.014497683383524418,No
1057,0.01146205235272646,No
1058,0.3231801390647888,No
1059,0.24490150809288025,No
1060,0.14915843307971954,No
1061,0.02967298962175846,No
1062,0.4707795977592468,No
1063,0.5332044363021851,Yes
1064,0.06136433407664299,No
1065,0.12022364884614944,No
1066,0.8356274962425232,Yes
1067,0.7979359030723572,Yes
1068,0.007592430803924799,No
1069,0.00887600239366293,No
1070,0.22538679838180542,No
1071,0.4092123210430145,No
1072,0.0477086678147316,No
1073,0.029396438971161842,No
1074,0.5006590485572815,Yes
1075,0.851445198059082,Yes
1076,0.012741515412926674,No
1077,0.018580973148345947,No
1078,0.7980126142501831,Yes
1079,0.6784945130348206,Yes
1080,0.8807553052902222,Yes
1081,0.8807905912399292,Yes
1082,0.023780247196555138,No
1083,0.06041950732469559,No
1084,0.8362484574317932,Yes
1085,0.8811076283454895,Yes
1086,0.007072571199387312,No
1087,0.004273859318345785,No
1088,0.8175381422042847,Yes
1089,0.8667830228805542,Yes
1090,0.03337812423706055,No
1091,0.026327883824706078,No
1092,0.9050383567810059,Yes
1093,0.932487428188324,Yes
1094,0.007708946708589792,No
1095,0.011091496795415878,No
1096,0.7326363921165466,Yes
1097,0.7324424982070923,Yes
1098,0.018344346433877945,No
1099,0.011140616610646248,No
1100,0.8669263124465942,Yes
1101,0.8516232371330261,Yes
1102,0.018662815913558006,No
1103,0.060336384922266006,No
1104,0.9245215058326721,Yes
1105,0.9327921867370605,Yes
1106,0.014554677531123161,No
1107,0.010059667751193047,No
1108,0.7329129576683044,Yes
1109,0.7323274612426758,Yes
1110,0.004301148932427168,No
1111,0.005043365526944399,No
1112,0.9150961637496948,Yes
1113,0.9324822425842285,Yes
1114,0.01415253710001707,No
1115,0.011050133034586906,No
1116,0.835457980632782,Yes
1117,0.8173595070838928,Yes
1118,0.012589428573846817,No
1119,0.012498551979660988,No
1120,0.6244212985038757,Yes
1121,0.6799317002296448,Yes
1122,0.022689325734972954,No
1123,0.15020354092121124,No
1124,0.7330309152603149,Yes
1125,0.8181743621826172,Yes
1126,0.007994892075657845,No
1127,0.004405131563544273,No
1128,0.798558235168457,Yes
1129,0.7063809633255005,Yes
1130,0.047908034175634384,No
1131,0.054113585501909256,No
1132,0.8671274185180664,Yes
1133,0.9049797058105469,Yes
1134,0.012835356406867504,No
1135,0.012639625929296017,No
1136,0.6800976395606995,Yes
1137,0.5634205341339111,Yes
1138,0.009070388972759247,No
1139,0.01152550894767046,No
1140,0.5338117480278015,Yes
1141,0.6253203749656677,Yes
1142,0.045391589403152466,No
1143,0.02751416154205799,No
1144,0.6242309212684631,Yes
1145,0.7779167294502258,Yes
1146,0.018662815913558006,No
1147,0.03370843455195427,No
1148,0.38119956851005554,No
1149,0.3800264298915863,No
1150,0.00629823375493288,No
1151,0.004556219559162855,No
1152,0.835783839225769,Yes
1153,0.8807799220085144,Yes
1154,0.018230019137263298,No
1155,0.02057669684290886,No
1156,0.6519516706466675,Yes
1157,0.12031017988920212,No
1158,0.023872165009379387,No
1159,0.05359601229429245,No
1160,0.5939575433731079,Yes
1161,0.5644437670707703,Yes
1162,0.044657886028289795,No
1163,0.05443016067147255,No
1164,0.8520914912223816,Yes
1165,0.778416633605957,Yes
1166,0.014767718501389027,No
1167,0.006956202443689108,No
1168,0.7066397666931152,Yes
1169,0.7778972387313843,Yes
1170,0.04834518954157829,No
1171,0.042947664856910706,No
1172,0.7325563430786133,Yes
1173,0.7557406425476074,Yes
1174,0.02337348461151123,No
1175,0.023422587662935257,No
1176,0.5332351922988892,Yes
1177,0.5632577538490295,Yes
1178,0.00799439288675785,No
1179,0.04233275726437569,No
1180,0.43930765986442566,No
1181,0.5643947124481201,Yes
1182,0.025075899437069893,No
1183,0.023875365033745766,No
1184,0.7780368328094482,Yes
1185,0.7781774401664734,Yes
1186,0.021202541887760162,No
1187,0.02644401602447033,No
1188,0.3522844910621643,No
1189,0.40917959809303284,No
1190,0.005928823724389076,No
1191,0.006532072089612484,No
1192,0.7979604005813599,Yes
1193,0.9150484204292297,Yes
1194,0.012612668797373772,No
1195,0.016078023239970207,No
1196,0.563339352607727,Yes
1197,0.16541217267513275,No
1198,0.026506606489419937,No
1199,0.029618896543979645,No
1200,0.018578851595520973,No
1201,0.033678341656923294,No
1202,0.32399454712867737,No
1203,0.5012092590332031,Yes
1204,0.007596489042043686,No
1205,0.005043002311140299,No
1206,0.8362067341804504,Yes
1207,0.7980336546897888,Yes
1208,0.05402059108018875,No
1209,0.10789551585912704,No
1210,0.3228399455547333,No
1211,0.7331079244613647,Yes
1212,0.009204349480569363,No
1213,0.012589724734425545,No
1214,0.5630236268043518,Yes
1215,0.7321621775627136,Yes
1216,0.029583195224404335,No
1217,0.007596395444124937,No
1218,0.2459540218114853,No
1219,0.18320797383785248,No
1220,0.20609228312969208,No
1221,0.027173379436135292,No
1222,0.2998773455619812,No
1223,0.1342054158449173,No
1224,0.016634706407785416,No
1225,0.03368343785405159,No
1226,0.37886834144592285,No
1227,0.46899911761283875,No
1228,0.009736559353768826,No
1229,0.011875699274241924,No
1230,0.24661466479301453,No
1231,0.27006036043167114,No
1232,0.018343539908528328,No
1233,0.020445944741368294,No
1234,0.500940203666687,Yes
1235,0.705935537815094,Yes
1236,0.0425533689558506,No
1237,0.007770434953272343,No
1238,0.2035176008939743,No
1239,0.8174223303794861,Yes
1240,0.32110995054244995,No
1241,0.29537156224250793,No
1242,0.6527494192123413,Yes
1243,0.6231928467750549,Yes
1244,0.00484527088701725,No
1245,0.0033803849946707487,No
1246,0.8515623211860657,Yes
1247,0.40746673941612244,No
1248,0.0766366645693779,No
1249,0.02313368022441864,No
1250,0.7777197360992432,Yes
1251,0.7058552503585815,Yes
1252,0.007028885185718536,No
1253,0.011090722866356373,No
1254,0.6517825126647949,Yes
1255,0.7320899963378906,Yes
1256,0.007861628197133541,No
1257,0.006142882164567709,No
1258,0.5635014176368713,Yes
1259,0.5933729410171509,Yes
1260,0.10840719938278198,No
1261,0.07676923274993896,No
1262,0.18332618474960327,No
1263,0.1651560515165329,No
1264,0.03379746153950691,No
1265,0.03781655803322792,No
1266,0.24507510662078857,No
1267,0.6517260670661926,Yes
1268,0.007397606037557125,No
1269,0.00896469410508871,No
1270,0.3234754204750061,No
1271,0.16576430201530457,No
1272,0.018097111955285072,No
1273,0.014118337072432041,No
1274,0.7774316668510437,Yes
1275,0.4374871551990509,No
1276,0.023293452337384224,No
1277,0.01248762384057045,No
1278,0.6515042185783386,Yes
1279,0.5931633114814758,Yes
1280,0.8809393644332886,Yes
1281,0.6518381237983704,Yes
1282,0.038112178444862366,No
1283,0.05388933792710304,No
1284,0.7982076406478882,Yes
1285,0.8670192360877991,Yes
1286,0.009986377321183681,No
1287,0.004875317681580782,No
1288,0.6788663864135742,Yes
1289,0.7979301810264587,Yes
1290,0.0380072183907032,No
1291,0.029786674305796623,No
1292,0.43819481134414673,No
1293,0.9243728518486023,Yes
1294,0.011238984763622284,No
1295,0.01811428740620613,No
1296,0.7557785511016846,Yes
1297,0.6518301367759705,Yes
1298,0.047683436423540115,No
1299,0.011462506838142872,No
1300,0.5009951591491699,Yes
1301,0.623212993144989,Yes
1302,0.016840985044836998,No
1303,0.026277940720319748,No
1304,0.7982012033462524,Yes
1305,0.9245181679725647,Yes
1306,0.01858287863433361,No
1307,0.009986141696572304,No
1308,0.3233806788921356,No
1309,0.5634363293647766,Yes
1310,0.005838984157890081,No
1311,0.006396871525794268,No
1312,0.9243723154067993,Yes
1313,0.915034830570221,Yes
1314,0.023163778707385063,No
1315,0.020477905869483948,No
1316,0.5006716847419739,Yes
1317,0.7556489109992981,Yes
1318,0.014495722018182278,No
1319,0.01249624602496624,No
1320,0.5318038463592529,Yes
1321,0.5638377666473389,Yes
1322,0.12095469981431961,No
1323,0.05394713953137398,No
1324,0.7561230659484863,Yes
1325,0.798453688621521,Yes
1326,0.007994174025952816,No
1327,0.004845340270549059,No
1328,0.652553141117096,Yes
1329,0.7059041857719421,Yes
1330,0.060737244784832,No
1331,0.060585156083106995,No
1332,0.7060672044754028,Yes
1333,0.6229428648948669,Yes
1334,0.008847266435623169,No
1335,0.014301717281341553,No
1336,0.7326315641403198,Yes
1337,0.623054027557373,Yes
1338,0.01653968170285225,No
1339,0.0332162007689476,No
1340,0.29670003056526184,No
1341,0.3787115216255188,No
1342,0.02426370233297348,No
1343,0.02387385442852974,No
1344,0.7564077377319336,Yes
1345,0.7983115315437317,Yes
1346,0.014405771158635616,No
1347,0.011274617165327072,No
1348,0.40986180305480957,No
1349,0.37900906801223755,No
1350,0.006120971404016018,No
1351,0.004499271046370268,No
1352,0.7777975797653198,Yes
1353,0.7772473096847534,Yes
1354,0.026109056547284126,No
1355,0.023205911740660667,No
1356,0.7982515692710876,Yes
1357,0.9050478935241699,Yes
1358,0.0205138698220253,No
1359,0.015972793102264404,No
1360,0.5941842794418335,Yes
1361,0.5013585686683655,Yes
1362,0.03953529894351959,No
1363,0.03331557661294937,No
1364,0.6794935464859009,Yes
1365,0.7981175780296326,Yes
1366,0.011404034681618214,No
1367,0.009013962931931019,No
1368,0.6525931358337402,Yes
1369,0.7559183835983276,Yes
1370,0.03784021735191345,No
1371,0.0337044894695282,No
1372,0.7561029195785522,Yes
1373,0.5630708336830139,Yes
1374,0.011310362257063389,No
1375,0.01422892976552248,No
1376,0.5945196151733398,Yes
1377,0.6233323216438293,Yes
1378,0.026436297222971916,No
1379,0.047600530087947845,No
1380,0.27007660269737244,No
1381,0.22460885345935822,No
1382,0.019242629408836365,No
1383,0.023975303396582603,No
1384,0.6799002885818481,Yes
1385,0.8361350297927856,Yes
1386,0.016541915014386177,No
1387,0.014554133638739586,No
1388,0.37964895367622375,No
1389,0.3501662611961365,No
1390,0.0077118100598454475,No
1391,0.00707244360819459,No
1392,0.3224354386329651,No
1393,0.6515973806381226,Yes
1394,0.02950270101428032,No
1395,0.02317863516509533,No
1396,0.5331155061721802,Yes
1397,0.5328481793403625,Yes
1398,0.030081575736403465,No
1399,0.020605023950338364,No
1400,0.02069058269262314,No
1401,0.12011882662773132,No
1402,0.5339796543121338,Yes
1403,0.43787819147109985,No
1404,0.005553232040256262,No
1405,0.004301148932427168,No
1406,0.7779971957206726,Yes
1407,0.8356552720069885,Yes
1408,0.0380106158554554,No
1409,0.07602415978908539,No
1410,0.5632405281066895,Yes
1411,0.6793942451477051,Yes
1412,0.011771202087402344,No
1413,0.009836439974606037,No
1414,0.7772501111030579,Yes
1415,0.6514880657196045,Yes
1416,0.008921610191464424,No
1417,0.012742871418595314,No
1418,0.651923656463623,Yes
1419,0.6517020463943481,Yes
1420,0.18384012579917908,No
1421,0.3227461874485016,No
1422,0.22504223883152008,No
1423,0.26912787556648254,No
1424,0.037877678871154785,No
1425,0.037717755883932114,No
1426,0.7777588963508606,Yes
1427,0.7775911092758179,Yes
1428,0.007243763189762831,No
1429,0.008583675138652325,No
1430,0.24502450227737427,No
1431,0.16564135253429413,No
1432,0.02073947712779045,No
1433,0.0294567309319973,No
1434,0.5627741813659668,Yes
1435,0.7977848649024963,Yes
1436,0.012612965889275074,No
1437,0.012569970451295376,No
1438,0.7557924389839172,Yes
1439,0.9049433469772339,Yes
1440,0.47004491090774536,No
1441,0.4077167510986328,No
1442,0.04436345025897026,No
1443,0.0380072183907032,No
1444,0.7325929999351501,Yes
1445,0.7061426639556885,Yes
1446,0.008881437592208385,No
1447,0.008881437592208385,No
1448,0.5635512471199036,Yes
1449,0.7559425234794617,Yes
1450,0.060520339757204056,No
1451,0.07633648812770844,No
1452,0.732446551322937,Yes
1453,0.8173319101333618,Yes
1454,0.01261194422841072,No
1455,0.014273806475102901,No
1456,0.4707532525062561,No
1457,0.5325849056243896,Yes
1458,0.0380001924932003,No
1459,0.04754316806793213,No
1460,0.20383323729038239,No
1461,0.20403830707073212,No
1462,0.015530351549386978,No
1463,0.018506597727537155,No
1464,0.8184964656829834,Yes
1465,0.7776357531547546,Yes
1466,0.01159650832414627,No
1467,0.010059459134936333,No
1468,0.37967562675476074,No
1469,0.4387475550174713,No
1470,0.006532072089612484,No
1471,0.005703559145331383,No
1472,0.5940519571304321,Yes
1473,0.7554926872253418,Yes
1474,0.03331686556339264,No
1475,0.018171165138483047,No
1476,0.5633156895637512,Yes
1477,0.06841770559549332,No
1478,0.016213925555348396,No
1479,0.01421266421675682,No
1480,0.0539538636803627,No
1481,0.08560223132371902,No
1482,0.3500171899795532,No
1483,0.37784385681152344,No
1484,0.005236073862761259,No
1485,0.0030287790577858686,No
1486,0.7978740930557251,Yes
1487,0.06784162670373917,No
1488,0.026891766116023064,No
1489,0.04232759773731232,No
1490,0.4696684777736664,No
1491,0.5009351372718811,Yes
1492,0.007860921323299408,No
1493,0.009904831647872925,No
1494,0.7320623397827148,Yes
1495,0.8354129195213318,Yes
1496,0.01283558551222086,No
1497,0.011273888871073723,No
1498,0.43793022632598877,No
1499,0.3778751790523529,No
1500,0.08609595894813538,No
1501,0.06792889535427094,No
1502,0.1091809868812561,No
1503,0.7979754209518433,Yes
1504,0.037877365946769714,No
1505,0.026590654626488686,No
1506,0.1335846185684204,No
1507,0.16545222699642181,No
1508,0.009047089144587517,No
1509,0.008362732827663422,No
1510,0.5630079507827759,Yes
1511,0.4685876667499542,No
1512,0.01270339172333479,No
1513,0.020461421459913254,No
1514,0.8808271884918213,Yes
1515,0.8667075037956238,Yes
1516,0.020738914608955383,No
1517,0.03339824825525284,No
1518,0.7556120157241821,Yes
1519,0.7556756138801575,Yes
1520,0.2696297764778137,No
1521,0.37948277592658997,No
1522,0.35190528631210327,No
1523,0.5939995050430298,Yes
1524,0.004556219559162855,No
1525,0.0056472159922122955,No
1526,0.8356412053108215,Yes
1527,0.7058545351028442,Yes
1528,0.05411098524928093,No
1529,0.11970225721597672,No
1530,0.6790972948074341,Yes
1531,0.7064751386642456,Yes
1532,0.00896404217928648,No
1533,0.015974411740899086,No
1534,0.438022255897522,No
1535,0.7057259678840637,Yes
1536,0.014405067078769207,No
1537,0.03321636840701103,No
1538,0.3234075605869293,No
1539,0.6516514420509338,Yes
1540,0.22449786961078644,No
1541,0.13459347188472748,No
1542,0.06992945075035095,No
1543,0.24630995094776154,No
1544,0.04823993891477585,No
1545,0.07625706493854523,No
1546,0.22431541979312897,No
1547,0.24557843804359436,No
1548,0.01006425078958273,No
1549,0.008268299512565136,No
1550,0.24639026820659637,No
1551,0.10762093216180801,No
1552,0.03355846926569939,No
1553,0.023183168843388557,No
1554,0.6517602801322937,Yes
1555,0.6788208484649658,Yes
1556,0.02057483233511448,No
1557,0.011137927882373333,No
1558,0.24532058835029602,No
1559,0.7977473139762878,Yes
1560,0.22428256273269653,No
1561,0.3788488805294037,No
1562,0.6794477701187134,Yes
1563,0.6235286593437195,Yes
1564,0.0037997348699718714,No
1565,0.00494896387681365,No
1566,0.8519454598426819,Yes
1567,0.77772456407547,Yes
1568,0.03810714930295944,No
1569,0.14916177093982697,No
1570,0.5945577621459961,Yes
1571,0.6243385076522827,Yes
1572,0.010101077146828175,No
1573,0.012613452039659023,No
1574,0.7320781350135803,Yes
1575,0.7556380033493042,Yes
1576,0.018663305789232254,No
1577,0.007747529540210962,No
1578,0.6231157183647156,Yes
1579,0.5629589557647705,Yes
1580,0.1089111939072609,No
1581,0.07692905515432358,No
1582,0.24750924110412598,No
1583,0.5332534909248352,Yes
1584,0.02985447458922863,No
1585,0.02985447458922863,No
1586,0.4691132605075836,No
1587,0.06037836894392967,No
1588,0.008845392614603043,No
1589,0.00771330576390028,No
1590,0.3792566657066345,No
1591,0.2043895274400711,No
1592,0.02978011779487133,No
1593,0.020479166880249977,No
1594,0.6785796880722046,Yes
1595,0.6231867074966431,Yes
1596,0.018261633813381195,No
1597,0.01255131233483553,No
1598,0.6792095899581909,Yes
1599,0.7058165073394775,Yes
1600,0.026161862537264824,No
1601,0.08556411415338516,No
1602,0.7770584225654602,Yes
1603,0.5628139972686768,Yes
1604,0.005448129028081894,No
1605,0.004737546667456627,No
1606,0.8806736469268799,Yes
1607,0.26828357577323914,No
1608,0.023291761055588722,No
1609,0.02085067704319954,No
1610,0.5002358555793762,Yes
1611,0.46820175647735596,No
1612,0.007706387434154749,No
1613,0.014142706990242004,No
1614,0.06776668131351471,No
1615,0.8513825535774231,Yes
1616,0.008763907477259636,No
1617,0.011158437468111515,No
1618,0.24483226239681244,No
1619,0.377738356590271,No
1620,0.08556985855102539,No
1621,0.04803229495882988,No
1622,0.5931896567344666,Yes
1623,0.8806734681129456,Yes
1624,0.03745795786380768,No
1625,0.033135198056697845,No
1626,0.7976922988891602,Yes
1627,0.24488060176372528,No
1628,0.006289224606007338,No
1629,0.008847266435623169,No
1630,0.6513150930404663,Yes
1631,0.22273781895637512,No
1632,0.012530247680842876,No
1633,0.015898827463388443,No
1634,0.532011091709137,Yes
1635,0.037380293011665344,No
1636,0.006020568776875734,No
1637,0.006810946390032768,No
1638,0.8806830644607544,Yes
1639,0.8667901754379272,Yes
1640,0.9243500232696533,Yes
1641,0.924380898475647,Yes
1642,0.0294957235455513,No
1643,0.0851747915148735,No
1644,0.9243552684783936,Yes
1645,0.9049384593963623,Yes
1646,0.006873125676065683,No
1647,0.006853362079709768,No
1648,0.8806923627853394,Yes
1649,0.8514341115951538,Yes
1650,0.018167247995734215,No
1651,0.016103044152259827,No
1652,0.9243804812431335,Yes
1653,0.9049270153045654,Yes
1654,0.007826630026102066,No
1655,0.009846271015703678,No
1656,0.8353087306022644,Yes
1657,0.8173387050628662,Yes
1658,0.0077456021681427956,No
1659,0.007941926829516888,No
1660,0.8933120965957642,Yes
1661,0.8513712286949158,Yes
1662,0.018125254660844803,No
1663,0.03741256892681122,No
1664,0.835279643535614,Yes
1665,0.9149854183197021,Yes
1666,0.02311077155172825,No
1667,0.01419784314930439,No
1668,0.7976882457733154,Yes
1669,0.8513537645339966,Yes
1670,0.009833942167460918,No
1671,0.007663600146770477,No
1672,0.9243489503860474,Yes
1673,0.9578849673271179,Yes
1674,0.020415786653757095,No
1675,0.01595708727836609,No
1676,0.914988100528717,Yes
1677,0.37763524055480957,No
1678,0.012584179639816284,No
1679,0.011178896762430668,No
1680,0.7056328654289246,Yes
1681,0.6228660345077515,Yes
1682,0.05380438640713692,No
1683,0.047699935734272,No
1684,0.5629469156265259,Yes
1685,0.6784783601760864,Yes
1686,0.008813844062387943,No
1687,0.006068805232644081,No
1688,0.593380331993103,Yes
1689,0.6229601502418518,Yes
1690,0.023288290947675705,No
1691,0.03745793551206589,No
1692,0.7056072950363159,Yes
1693,0.851372480392456,Yes
1694,0.016173982992768288,No
1695,0.02046775445342064,No
1696,0.34902870655059814,No
1697,0.7318878769874573,Yes
1698,0.011118725873529911,No
1699,0.01809528097510338,No
1700,0.1832057386636734,No
1701,0.18319472670555115,No
1702,0.020510729402303696,No
1703,0.03322078660130501,No
1704,0.6516983509063721,Yes
1705,0.7977226376533508,Yes
1706,0.00990392453968525,No
1707,0.020461000502109528,No
1708,0.5631499290466309,Yes
1709,0.5005092620849609,Yes
1710,0.007707685232162476,No
1711,0.004817221779376268,No
1712,0.7554386258125305,Yes
1713,0.8172762989997864,Yes
1714,0.020542841404676437,No
1715,0.018108809366822243,No
1716,0.7976173758506775,Yes
1717,0.8172628283500671,Yes
1718,0.020487871021032333,No
1719,0.011174936778843403,No
1720,0.5004603266716003,Yes
1721,0.06794526427984238,No
1722,0.7555832266807556,Yes
1723,0.7976475954055786,Yes
1724,0.012781735509634018,No
1725,0.008744806982576847,No
1726,0.8806691765785217,Yes
1727,0.7554308176040649,Yes
1728,0.02325901947915554,No
1729,0.03765198215842247,No
1730,0.6514028906822205,Yes
1731,0.797663688659668,Yes
1732,0.016099542379379272,No
1733,0.02047673799097538,No
1734,0.7771215438842773,Yes
1735,0.7318507432937622,Yes
1736,0.008744360879063606,No
1737,0.009903532452881336,No
1738,0.5311138033866882,Yes
1739,0.37780871987342834,No
1740,0.07631638646125793,No
1741,0.06054817512631416,No
1742,0.2449088990688324,No
1743,0.5321135520935059,Yes
1744,0.03332929685711861,No
1745,0.023229913786053658,No
1746,0.5320103764533997,Yes
1747,0.060260944068431854,No
1748,0.010100152343511581,No
1749,0.008846697397530079,No
1750,0.348943293094635,No
1751,0.4375440776348114,No
1752,0.029391149058938026,No
1753,0.01804058440029621,No
1754,0.5627793669700623,Yes
1755,0.7318640947341919,Yes
1756,0.02310233749449253,No
1757,0.03317571058869362,No
1758,0.8352835178375244,Yes
1759,0.6225568652153015,Yes
1760,0.9399636387825012,Yes
1761,0.835287868976593,Yes
1762,0.053735725581645966,No
1763,0.06036106124520302,No
1764,0.8933141231536865,Yes
1765,0.7773679494857788,Yes
1766,0.008727009408175945,No
1767,0.004711453337222338,No
1768,0.8807038068771362,Yes
1769,0.6514766812324524,Yes
1770,0.018226437270641327,No
1771,0.02067183516919613,No
1772,0.7554529309272766,Yes
1773,0.9243442416191101,Yes
1774,0.012565439566969872,No
1775,0.01598368212580681,No
1776,0.8806886672973633,Yes
1777,0.5001270174980164,Yes
1778,0.00986478477716446,No
1779,0.006113452836871147,No
1780,0.20277829468250275,No
1781,0.500114917755127,Yes
1782,0.033167678862810135,No
1783,0.03738526627421379,No
1784,0.914999783039093,Yes
1785,0.9150011539459229,Yes
1786,0.01110343262553215,No
1787,0.01110380981117487,No
1788,0.5320833325386047,Yes
1789,0.40732938051223755,No
1790,0.006853362079709768,No
1791,0.007690219208598137,No
1792,0.904920756816864,Yes
1793,0.952585756778717,Yes
1794,0.01804753951728344,No
1795,0.012445082888007164,No
1796,0.8932749032974243,Yes
1797,0.9049193263053894,Yes
1798,0.014165998436510563,No
1799,0.006069195922464132,No
1800,0.37790995836257935,No
1801,0.46835631132125854,No
1802,0.7773984670639038,Yes
1803,0.6513249278068542,Yes
1804,0.0047937603667378426,No
1805,0.006033963989466429,No
1806,0.8513780832290649,Yes
1807,0.8172820210456848,Yes
1808,0.014330875128507614,No
1809,0.0479612872004509,No
1810,0.777148425579071,Yes
1811,0.32175084948539734,No
1812,0.018137063831090927,No
1813,0.02604789100587368,No
1814,0.0602257065474987,No
1815,0.56279456615448,Yes
1816,0.00985531322658062,No
1817,0.012519488111138344,No
1818,0.6513435244560242,Yes
1819,0.43747806549072266,No
1820,0.020642271265387535,No
1821,0.04795793443918228,No
1822,0.03312322869896889,No
1823,0.14873136579990387,No
1824,0.026237156242132187,No
1825,0.03757186979055405,No
1826,0.10690595209598541,No
1827,0.0759345069527626,No
1828,0.0160784013569355,No
1829,0.0037653655745089054,No
1830,0.43752041459083557,No
1831,0.43748998641967773,No
1832,0.05364646390080452,No
1833,0.01800740323960781,No
1834,0.7318587303161621,Yes
1835,0.8352780342102051,Yes
1836,0.0757836103439331,No
1837,0.06767751276493073,No
1838,0.9149842262268066,Yes
1839,0.731884777545929,Yes
1840,0.05356580764055252,No
1841,0.6229450702667236,Yes
1842,0.7555820941925049,Yes
1843,0.6784277558326721,Yes
1844,0.0043001240119338036,No
1845,0.007723782677203417,No
1846,0.8172643184661865,Yes
1847,0.8353186249732971,Yes
1848,0.026342848315835,No
1849,0.01444297656416893,No
1850,0.321883887052536,No
1851,0.593142032623291,Yes
1852,0.023200197145342827,No
1853,0.023130115121603012,No
1854,0.7554754614830017,Yes
1855,0.7554473280906677,Yes
1856,0.016046753153204918,No
1857,0.008745534345507622,No
1858,0.5002005696296692,Yes
1859,0.29472410678863525,No
1860,0.09546583145856857,No
1861,0.02604702115058899,No
1862,0.562799870967865,Yes
1863,0.5932515263557434,Yes
1864,0.05377493426203728,No
1865,0.07596270740032196,No
1866,0.8666527271270752,Yes
1867,0.8806779384613037,Yes
1868,0.007028692401945591,No
1869,0.007242769002914429,No
1870,0.20269596576690674,No
1871,0.5319732427597046,Yes
1872,0.05355332791805267,No
1873,0.03314771130681038,No
1874,0.6784362196922302,Yes
1875,0.8666477203369141,Yes
1876,0.004689410328865051,No
1877,0.0205019973218441,No
1878,0.8352685570716858,Yes
1879,0.8806887269020081,Yes
1880,0.9243412017822266,Yes
1881,0.9243419170379639,Yes
1882,0.03324740752577782,No
1883,0.07574910670518875,No
1884,0.8666635155677795,Yes
1885,0.8352962136268616,Yes
1886,0.008763277903199196,No
1887,0.007677147164940834,No
1888,0.8806723952293396,Yes
1889,0.8173950910568237,Yes
1890,0.03325636312365532,No
1891,0.018168402835726738,No
1892,0.915001392364502,Yes
1893,0.9149913787841797,Yes
1894,0.014229651540517807,No
1895,0.014161894097924232,No
1896,0.8173031210899353,Yes
1897,0.8173202872276306,Yes
1898,0.016003375872969627,No
1899,0.008815542794764042,No
1900,0.8806766271591187,Yes
1901,0.866650402545929,Yes
1902,0.020473334938287735,No
1903,0.06009737402200699,No
1904,0.9243442416191101,Yes
1905,0.9324555397033691,Yes
1906,0.014214521273970604,No
1907,0.01252092607319355,No
1908,0.8352777361869812,Yes
1909,0.797627329826355,Yes
1910,0.009801186621189117,No
1911,0.007705950178205967,No
1912,0.9049263000488281,Yes
1913,0.9324468970298767,Yes
1914,0.01592431589961052,No
1915,0.018017830327153206,No
1916,0.8932938575744629,Yes
1917,0.8666461706161499,Yes
1918,0.009832884185016155,No
1919,0.008763277903199196,No
1920,0.7056846022605896,Yes
1921,0.7977535128593445,Yes
1922,0.037760309875011444,No
1923,0.13408222794532776,No
1924,0.6785534620285034,Yes
1925,0.7319373488426208,Yes
1926,0.004210324492305517,No
1927,0.004793450701981783,No
1928,0.8354419469833374,Yes
1929,0.6523714661598206,Yes
1930,0.04231049492955208,No
1931,0.03760832920670509,No
1932,0.8807530999183655,Yes
1933,0.9049179553985596,Yes
1934,0.020542841404676437,No
1935,0.02049100771546364,No
1936,0.6785203814506531,Yes
1937,0.6784231662750244,Yes
1938,0.008765414357185364,No
1939,0.008918549865484238,No
1940,0.3220807909965515,No
1941,0.6515936851501465,Yes
1942,0.03798867017030716,No
1943,0.03336339071393013,No
1944,0.4377410411834717,No
1945,0.777119517326355,Yes
1946,0.011137927882373333,No
1947,0.02049686387181282,No
1948,0.5323153734207153,Yes
1949,0.43815314769744873,No
1950,0.005448346026241779,No
1951,0.007690786849707365,No
1952,0.8667967915534973,Yes
1953,0.8932963013648987,Yes
1954,0.026104573160409927,No
1955,0.029404090717434883,No
1956,0.8172900080680847,Yes
1957,0.1649768352508545,No
1958,0.02063780091702938,No
1959,0.037441957741975784,No
1960,0.6784990429878235,Yes
1961,0.777186930179596,Yes
1962,0.05391155928373337,No
1963,0.06045639514923096,No
1964,0.8173405528068542,Yes
1965,0.7319225072860718,Yes
1966,0.0060516479425132275,No
1967,0.006070564966648817,No
1968,0.7556720972061157,Yes
1969,0.7978692054748535,Yes
1970,0.033228691667318344,No
1971,0.026298359036445618,No
1972,0.7771337628364563,Yes
1973,0.8173098564147949,Yes
1974,0.02617180161178112,No
1975,0.02315017394721508,No
1976,0.4375472068786621,No
1977,0.705479621887207,Yes
1978,0.00878838263452053,No
1979,0.014230828732252121,No
1980,0.29496267437934875,No
1981,0.6229148507118225,Yes
1982,0.029646342620253563,No
1983,0.03750041499733925,No
1984,0.651523768901825,Yes
1985,0.7319758534431458,Yes
1986,0.012611516751348972,No
1987,0.015974411740899086,No
1988,0.5004549026489258,Yes
1989,0.40769997239112854,No
1990,0.006874283775687218,No
1991,0.006172277964651585,No
1992,0.8666738867759705,Yes
1993,0.9243435263633728,Yes
1994,0.018146490678191185,No
1995,0.026059314608573914,No
1996,0.562698245048523,Yes
1997,0.22313298285007477,No
1998,0.023223338648676872,No
1999,0.01833271235227585,No
2000,0.01429932564496994,No
2001,0.023367205634713173,No
2002,0.34919431805610657,No
2003,0.5932955741882324,Yes
2004,0.004908229224383831,No
2005,0.007824068889021873,No
2006,0.8353027105331421,Yes
2007,0.7976872324943542,Yes
2008,0.026388436555862427,No
2009,0.04304305836558342,No
2010,0.5322006940841675,Yes
2011,0.8175219893455505,Yes
2012,0.02063780091702938,No
2013,0.014196548610925674,No
2014,0.6784159541130066,Yes
2015,0.6513648629188538,Yes
2016,0.01804753951728344,No
2017,0.006288569420576096,No
2018,0.37777987122535706,No
2019,0.09542147070169449,No
2020,0.11997795850038528,No
2021,0.014361493289470673,No
2022,0.29520344734191895,No
2023,0.09520487487316132,No
2024,0.014365137554705143,No
2025,0.02620483748614788,No
2026,0.22329652309417725,No
2027,0.3219207525253296,No
2028,0.005595628172159195,No
2029,0.004071641247719526,No
2030,0.18303845822811127,No
2031,0.4071287214756012,No
2032,0.008726564235985279,No
2033,0.020390091463923454,No
2034,0.6227593421936035,Yes
2035,0.6784583330154419,Yes
2036,0.018091250211000443,No
2037,0.005341954529285431,No
2038,0.3776555061340332,No
2039,0.7553533315658569,Yes
2040,0.43748998641967773,No
2041,0.2946668863296509,No
2042,0.7319086790084839,Yes
2043,0.6514773964881897,Yes
2044,0.006817650515586138,No
2045,0.006008325144648552,No
2046,0.8173031210899353,Yes
2047,0.562799870967865,Yes
2048,0.060311224311590195,No
2049,0.012667163275182247,No
2050,0.7553646564483643,Yes
2051,0.7976463437080383,Yes
2052,0.020485958084464073,No
2053,0.023112483322620392,No
2054,0.5932515263557434,Yes
2055,0.7554391026496887,Yes
2056,0.009846271015703678,No
2057,0.012546977028250694,No
2058,0.7773998379707336,Yes
2059,0.6783766746520996,Yes
2060,0.13385361433029175,No
2061,0.14900238811969757,No
2062,0.6513528227806091,Yes
2063,0.14874470233917236,No
2064,0.03753242641687393,No
2065,0.02938220091164112,No
2066,0.14878766238689423,No
2067,0.7770714163780212,Yes
2068,0.006052462384104729,No
2069,0.004772676154971123,No
2070,0.26833707094192505,No
2071,0.26829639077186584,No
2072,0.014112451113760471,No
2073,0.015898454934358597,No
2074,0.7976462244987488,Yes
2075,0.5001204609870911,Yes
2076,0.012516306713223457,No
2077,0.015922268852591515,No
2078,0.7771140336990356,Yes
2079,0.7054569125175476,Yes
2080,0.9150068759918213,Yes
2081,0.7775011658668518,Yes
2082,0.04766468331217766,No
2083,0.09536423534154892,No
2084,0.8353185653686523,Yes
2085,0.8353064656257629,Yes
2086,0.011102993041276932,No
2087,0.006068805232644081,No
2088,0.7976801991462708,Yes
2089,0.7776064276695251,Yes
2090,0.029526598751544952,No
2091,0.023151995614171028,No
2092,0.5932755470275879,Yes
2093,0.9149935245513916,Yes
2094,0.01604573056101799,No
2095,0.015918893739581108,No
2096,0.8173083662986755,Yes
2097,0.7774123549461365,Yes
2098,0.029329409822821617,No
2099,0.007941476069390774,No
2100,0.1830206662416458,No
2101,0.6514082551002502,Yes
2102,0.020560050383210182,No
2103,0.03316688910126686,No
2104,0.6227074861526489,Yes
2105,0.8513779640197754,Yes
2106,0.020546257495880127,No
2107,0.011138642206788063,No
2108,0.4375925362110138,No
2109,0.43779730796813965,No
2110,0.007689884398132563,No
2111,0.008709209971129894,No
2112,0.9149928689002991,Yes
2113,0.893295407295227,Yes
2114,0.029338430613279343,No
2115,0.023089738562703133,No
2116,0.43746218085289,No
2117,0.8172889947891235,Yes
2118,0.011178096756339073,No
2119,0.011368601582944393,No
2120,0.6784990429878235,Yes
2121,0.7320976257324219,Yes
2122,0.13388052582740784,No
2123,0.08543410152196884,No
2124,0.5932416915893555,Yes
2125,0.6784172058105469,Yes
2126,0.004815476480871439,No
2127,0.004723569843918085,No
2128,0.7056252956390381,Yes
2129,0.6515362858772278,Yes
2130,0.05371563136577606,No
2131,0.03741730749607086,No
2132,0.7318707704544067,Yes
2133,0.7554148435592651,Yes
2134,0.01607351563870907,No
2135,0.023154225200414658,No
2136,0.7319150567054749,Yes
2137,0.593289315700531,Yes
2138,0.016215262934565544,No
2139,0.018082035705447197,No
2140,0.1650315672159195,No
2141,0.348965048789978,No
2142,0.0295510683208704,No
2143,0.03746696561574936,No
2144,0.5934661030769348,Yes
2145,0.6784829497337341,Yes
2146,0.012532937340438366,No
2147,0.015973271802067757,No
2148,0.5628483295440674,Yes
2149,0.37773314118385315,No
2150,0.006835222709923983,No
2151,0.006070116069167852,No
2152,0.7319326400756836,Yes
2153,0.7771024107933044,Yes
2154,0.029363863170146942,No
2155,0.02600054070353508,No
2156,0.7770513296127319,Yes
2157,0.8805686831474304,Yes
2158,0.01807684637606144,No
2159,0.018216922879219055,No
2160,0.5933659076690674,Yes
2161,0.5322244167327881,Yes
2162,0.047866787761449814,No
2163,0.047699935734272,No
2164,0.4691888689994812,No
2165,0.6514192223548889,Yes
2166,0.0076866415329277515,No
2167,0.00874386541545391,No
2168,0.7319265007972717,Yes
2169,0.5935298204421997,Yes
2170,0.02317032590508461,No
2171,0.029520288109779358,No
2172,0.6785092949867249,Yes
2173,0.6226910352706909,Yes
2174,0.01833442784845829,No
2175,0.015982363373041153,No
2176,0.531265914440155,Yes
2177,0.5322332382202148,Yes
2178,0.018146490678191185,No
2179,0.02045595645904541,No
2180,0.20286999642848969,No
2181,0.18345987796783447,No
2182,0.026374462991952896,No
2183,0.03345616161823273,No
2184,0.4381597340106964,No
2185,0.7056794166564941,Yes
2186,0.008765414357185364,No
2187,0.012589084915816784,No
2188,0.407600998878479,No
2189,0.2953314483165741,No
2190,0.0077071161940693855,No
2191,0.007706780917942524,No
2192,0.4376353621482849,No
2193,0.731902539730072,Yes
2194,0.02938518114387989,No
2195,0.02310856617987156,No
2196,0.5320900678634644,Yes
2197,0.5002247095108032,Yes
2198,0.01818542368710041,No
2199,0.01435383316129446,No
2200,0.01814890280365944,No
2201,0.10704893618822098,No
2202,0.6785203218460083,Yes
2203,0.5627199411392212,Yes
2204,0.007707422599196434,No
2205,0.004209924954921007,No
2206,0.7773917317390442,Yes
2207,0.8806987404823303,Yes
2208,0.023258022964000702,No
2209,0.026320625096559525,No
2210,0.6513817310333252,Yes
2211,0.8172817826271057,Yes
2212,0.01263606920838356,No
2213,0.01592155173420906,No
2214,0.835300624370575,Yes
2215,0.7976585626602173,Yes
2216,0.009882038459181786,No
2217,0.011102993041276932,No
2218,0.8352993130683899,Yes
2219,0.5932940244674683,Yes
2220,0.1196707934141159,No
2221,0.24494992196559906,No
2222,0.20266781747341156,No
2223,0.26832014322280884,No
2224,0.033135853707790375,No
2225,0.029388515278697014,No
2226,0.8513541221618652,Yes
2227,0.8666463494300842,Yes
2228,0.007691412698477507,No
2229,0.006988994777202606,No
2230,0.24474626779556274,No
2231,0.3776157796382904,No
2232,0.03319791331887245,No
2233,0.047477271407842636,No
2234,0.7554007172584534,Yes
2235,0.8513683676719666,Yes
2236,0.006780036725103855,No
2237,0.011055909097194672,No
2238,0.9049238562583923,Yes
2239,0.8667373061180115,Yes
2240,0.5321200489997864,Yes
2241,0.5002478957176208,Yes
2242,0.06036033481359482,No
2243,0.04237090051174164,No
2244,0.5932295322418213,Yes
2245,0.622654378414154,Yes
2246,0.006780383177101612,No
2247,0.009863090701401234,No
2248,0.6784642934799194,Yes
2249,0.6516156196594238,Yes
2250,0.029432842507958412,No
2251,0.042393747717142105,No
2252,0.6226860880851746,Yes
2253,0.7554184794425964,Yes
2254,0.018193932250142097,No
2255,0.018160896375775337,No
2256,0.26843199133872986,No
2257,0.46836841106414795,No
2258,0.023223338648676872,No
2259,0.020408963784575462,No
2260,0.14903846383094788,No
2261,0.16517816483974457,No
2262,0.020673362538218498,No
2263,0.0204923078417778,No
2264,0.6230750679969788,Yes
2265,0.6226749420166016,Yes
2266,0.009953056462109089,No
2267,0.011182460002601147,No
2268,0.43780431151390076,No
2269,0.37797820568084717,No
2270,0.007676704321056604,No
2271,0.006852790713310242,No
2272,0.6226447224617004,Yes
2273,0.7770923376083374,Yes
2274,0.03317335620522499,No
2275,0.026022380217909813,No
2276,0.6514148712158203,Yes
2277,0.06784627586603165,No
2278,0.011152822524309158,No
2279,0.01263079047203064,No
2280,0.06776067614555359,No
2281,0.06781670451164246,No
2282,0.2448914647102356,No
2283,0.5001031160354614,Yes
2284,0.006205448880791664,No
2285,0.004772033542394638,No
2286,0.7773786187171936,Yes
2287,0.04755891114473343,No
2288,0.020685482770204544,No
2289,0.014362302608788013,No
2290,0.5319871306419373,Yes
2291,0.6783819198608398,Yes
2292,0.01258313748985529,No
2293,0.02044140174984932,No
2294,0.7318522930145264,Yes
2295,0.8173202872276306,Yes
2296,0.011137004010379314,No
2297,0.01256678719073534,No
2298,0.5311270356178284,Yes
2299,0.43759194016456604,No
2300,0.06790336221456528,No
2301,0.060153160244226456,No
2302,0.09537768363952637,No
2303,0.851351797580719,Yes
2304,0.029388515278697014,No
2305,0.02325901947915554,No
2306,0.13343332707881927,No
2307,0.11977940797805786,No
2308,0.009904560633003712,No
2309,0.004404542036354542,No
2310,0.7318553924560547,Yes
2311,0.6795752048492432,Yes
2312,0.009801574982702732,No
2313,0.03735339641571045,No
2314,0.9049238562583923,Yes
2315,0.893299400806427,Yes
2316,0.009847460314631462,No
2317,0.023128025233745575,No
2318,0.8513596057891846,Yes
2319,0.880686342716217,Yes
2320,0.3778490424156189,No
2321,0.43782588839530945,No
2322,0.5934772491455078,Yes
2323,0.6785255074501038,Yes
2324,0.005448346026241779,No
2325,0.00427252659574151,No
2326,0.797690749168396,Yes
2327,0.7055318355560303,Yes
2328,0.037566326558589935,No
2329,0.05387359485030174,No
2330,0.6784173846244812,Yes
2331,0.7555630207061768,Yes
2332,0.011205922812223434,No
2333,0.02311515249311924,No
2334,0.46841710805892944,No
2335,0.5627467036247253,Yes
2336,0.018108809366822243,No
2337,0.020379530265927315,No
2338,0.532059371471405,Yes
2339,0.7055716514587402,Yes
2340,0.13372166454792023,No
2341,0.1832670122385025,No
2342,0.10712028294801712,No
2343,0.34902870655059814,No
2344,0.04771165922284126,No
2345,0.06776668131351471,No
2346,0.10703030973672867,No
2347,0.14908497035503387,No
2348,0.008920320309698582,No
2349,0.007028479129076004,No
2350,0.2448797971010208,No
2351,0.18298301100730896,No
2352,0.042336586862802505,No
2353,0.029375214129686356,No
2354,0.7774356603622437,Yes
2355,0.6784990429878235,Yes
2356,0.014242563396692276,No
2357,0.014184987172484398,No
2358,0.3776555061340332,No
2359,0.7054973244667053,Yes
2360,0.43782588839530945,No
2361,0.3779456317424774,No
2362,0.7771549224853516,Yes
2363,0.7319956421852112,Yes
2364,0.004948456771671772,No
2365,0.00479222321882844,No
2366,0.8513526916503906,Yes
2367,0.7976513504981995,Yes
2368,0.03757023066282272,No
2369,0.03761044144630432,No
2370,0.6785947680473328,Yes
2371,0.7771968245506287,Yes
2372,0.012546079233288765,No
2373,0.02314586751163006,No
2374,0.6784523725509644,Yes
2375,0.705546498298645,Yes
2376,0.011157996021211147,No
2377,0.008697114884853363,No
2378,0.7770912647247314,Yes
2379,0.5628030300140381,Yes
2380,0.07623074948787689,No
2381,0.10705595463514328,No
2382,0.3219621181488037,No
2383,0.5932595729827881,Yes
2384,0.023262571543455124,No
2385,0.023260708898305893,No
2386,0.3218788504600525,No
2387,0.04755321145057678,No
2388,0.007993931882083416,No
2389,0.00639654416590929,No
2390,0.3489740490913391,No
2391,0.26837030053138733,No
2392,0.0205138698220253,No
2393,0.029345782473683357,No
2394,0.7773767113685608,Yes
2395,0.7055599093437195,Yes
2396,0.014206095598638058,No
2397,0.009881478734314442,No
2398,0.8172719478607178,Yes
2399,0.7055394053459167,Yes
2400,0.04780393838882446,No
2401,0.04846755787730217,No
2402,0.5312485694885254,Yes
2403,0.4073607623577118,No
2404,0.003846983192488551,No
2405,0.004229180980473757,No
2406,0.7986289262771606,Yes
2407,0.593452513217926,Yes
2408,0.033629488199949265,No
2409,0.0336311012506485,No
2410,0.2684668004512787,No
2411,0.32215744256973267,No
2412,0.005999146029353142,No
2413,0.005972999148070812,No
2414,0.14889714121818542,No
2415,0.7556224465370178,Yes
2416,0.009134266525506973,No
2417,0.011274505406618118,No
2418,0.2689550817012787,No
2419,0.34920233488082886,No
2420,0.09664761275053024,No
2421,0.03107546642422676,No
2422,0.5936375260353088,Yes
2423,0.8668645620346069,Yes
2424,0.04269177094101906,No
2425,0.029727084562182426,No
2426,0.5639002323150635,Yes
2427,0.6520552635192871,Yes
2428,0.008718772791326046,No
2429,0.00998656079173088,No
2430,0.5003981590270996,Yes
2431,0.32085952162742615,No
2432,0.02600015327334404,No
2433,0.011030103079974651,No
2434,0.4376664161682129,No
2435,0.04229492321610451,No
2436,0.01140579767525196,No
2437,0.012570148333907127,No
2438,0.8514297008514404,Yes
2439,0.8355574607849121,Yes
2440,0.9243923425674438,Yes
2441,0.905198335647583,Yes
2442,0.026138290762901306,No
2443,0.08525946736335754,No
2444,0.9151779413223267,Yes
2445,0.893600583076477,Yes
2446,0.0072439550422132015,No
2447,0.0062468815594911575,No
2448,0.8934221267700195,Yes
2449,0.905072808265686,Yes
2450,0.0373859778046608,No
2451,0.026199785992503166,No
2452,0.9324831366539001,Yes
2453,0.9399704933166504,Yes
2454,0.005316414404660463,No
2455,0.007665419951081276,No
2456,0.7322558760643005,Yes
2457,0.851709246635437,Yes
2458,0.008767874911427498,No
2459,0.008848633617162704,No
2460,0.9325143098831177,Yes
2461,0.8669629096984863,Yes
2462,0.02057884819805622,No
2463,0.03336140140891075,No
2464,0.9151203632354736,Yes
2465,0.9244588017463684,Yes
2466,0.026238441467285156,No
2467,0.011184441857039928,No
2468,0.8809303045272827,Yes
2469,0.8175159096717834,Yes
2470,0.011160967871546745,No
2471,0.007029630709439516,No
2472,0.952604353427887,Yes
2473,0.9707360863685608,Yes
2474,0.014143824577331543,No
2475,0.009787491522729397,No
2476,0.8668327927589417,Yes
2477,0.7056211233139038,Yes
2478,0.023165203630924225,No
2479,0.02948116883635521,No
2480,0.7059658765792847,Yes
2481,0.5015802383422852,Yes
2482,0.04780108481645584,No
2483,0.05402594432234764,No
2484,0.756515383720398,Yes
2485,0.7562329769134521,Yes
2486,0.008583057671785355,No
2487,0.006460878532379866,No
2488,0.706373393535614,Yes
2489,0.6520872116088867,Yes
2490,0.03781655803322792,No
2491,0.03332061320543289,No
2492,0.8353813886642456,Yes
2493,0.8514150381088257,Yes
2494,0.009884268045425415,No
2495,0.014231737703084946,No
2496,0.4710374176502228,No
2497,0.6803174018859863,Yes
2498,0.014447035267949104,No
2499,0.026036931201815605,No
2500,0.46950671076774597,No
2501,0.2247232049703598,No
2502,0.030016977339982986,No
2503,0.03022582456469536,No
2504,0.8357245922088623,Yes
2505,0.8358604907989502,Yes
2506,0.018662501126527786,No
2507,0.018450597301125526,No
2508,0.7330516576766968,Yes
2509,0.6522344946861267,Yes
2510,0.00896469410508871,No
2511,0.009047918021678925,No
2512,0.9050009846687317,Yes
2513,0.8514595627784729,Yes
2514,0.023164793848991394,No
2515,0.01813032664358616,No
2516,0.77826988697052,Yes
2517,0.7980499863624573,Yes
2518,0.03770562633872032,No
2519,0.016106639057397842,No
2520,0.3500526547431946,No
2521,0.04785396531224251,No
2522,0.7978882193565369,Yes
2523,0.7776188254356384,Yes
2524,0.007072571199387312,No
2525,0.005553021561354399,No
2526,0.7983989119529724,Yes
2527,0.8516248464584351,Yes
2528,0.0479801744222641,No
2529,0.07607296109199524,No
2530,0.7056511044502258,Yes
2531,0.8175358772277832,Yes
2532,0.006793655920773745,No
2533,0.007636173628270626,No
2534,0.7774970531463623,Yes
2535,0.7321038842201233,Yes
2536,0.007995141670107841,No
2537,0.008921698667109013,No
2538,0.5315508842468262,Yes
2539,0.40754708647727966,No
2540,0.1079014390707016,No
2541,0.054903898388147354,No
2542,0.3506239652633667,No
2543,0.5012092590332031,Yes
2544,0.033503253012895584,No
2545,0.01844998449087143,No
2546,0.6240448951721191,Yes
2547,0.07626503705978394,No
2548,0.009894054383039474,No
2549,0.00836295448243618,No
2550,0.4689929485321045,No
2551,0.5014231204986572,Yes
2552,0.015949709340929985,No
2553,0.018035920336842537,No
2554,0.5311535596847534,Yes
2555,0.5934817790985107,Yes
2556,0.029852844774723053,No
2557,0.04771396890282631,No
2558,0.8514894247055054,Yes
2559,0.6785873174667358,Yes
2560,0.9243859648704529,Yes
2561,0.7058793902397156,Yes
2562,0.047853030264377594,No
2563,0.047853030264377594,No
2564,0.8809333443641663,Yes
2565,0.8176196813583374,Yes
2566,0.009206270799040794,No
2567,0.005449425894767046,No
2568,0.905072808265686,Yes
2569,0.7778310179710388,Yes
2570,0.042303673923015594,No
2571,0.018512321636080742,No
2572,0.7774773836135864,Yes
2573,0.9399753212928772,Yes
2574,0.009823238477110863,No
2575,0.008674192242324352,No
2576,0.8176225423812866,Yes
2577,0.7561530470848083,Yes
2578,0.007747236639261246,No
2579,0.009905616752803326,No
2580,0.6238084435462952,Yes
2581,0.624474048614502,Yes
2582,0.037844546139240265,No
2583,0.026438456028699875,No
2584,0.9244623184204102,Yes
2585,0.9325512051582336,Yes
2586,0.016273722052574158,No
2587,0.012641333043575287,No
2588,0.6795470714569092,Yes
2589,0.5939744710922241,Yes
2590,0.010271906852722168,No
2591,0.00871822889894247,No
2592,0.9399798512458801,Yes
2593,0.9578922986984253,Yes
2594,0.0159202478826046,No
2595,0.0124603770673275,No
2596,0.924523115158081,Yes
2597,0.9324740171432495,Yes
2598,0.023260708898305893,No
2599,0.018114540725946426,No
2600,0.2691907584667206,No
2601,0.3500075340270996,No
2602,0.5937204957008362,Yes
2603,0.5630728006362915,Yes
2604,0.006990139838308096,No
2605,0.005099891684949398,No
2606,0.7983837127685547,Yes
2607,0.8358365893363953,Yes
2608,0.02967086061835289,No
2609,0.07652988284826279,No
2610,0.797893762588501,Yes
2611,0.3221512734889984,No
2612,0.01600935310125351,No
2613,0.009850602596998215,No
2614,0.2448318600654602,No
2615,0.437863290309906,No
2616,0.01866319216787815,No
2617,0.01430420484393835,No
2618,0.5325444340705872,Yes
2619,0.43787819147109985,No
2620,0.04780445247888565,No
2621,0.0392872579395771,No
2622,0.04785396531224251,No
2623,0.2031150907278061,No
2624,0.042441729456186295,No
2625,0.04294997453689575,No
2626,0.18387609720230103,No
2627,0.12035390734672546,No
2628,0.010622992180287838,No
2629,0.009015356190502644,No
2630,0.5629479289054871,Yes
2631,0.3783106803894043,No
2632,0.037436407059431076,No
2633,0.011020377278327942,No
2634,0.7055343389511108,Yes
2635,0.7977632284164429,Yes
2636,0.1343671828508377,No
2637,0.11987212300300598,No
2638,0.8670125603675842,Yes
2639,0.7555641531944275,Yes
2640,0.11966390907764435,No
2641,0.5023406744003296,Yes
2642,0.7062197923660278,Yes
2643,0.5630079507827759,Yes
2644,0.00430103437975049,No
2645,0.0044483342207968235,No
2646,0.7983075976371765,Yes
2647,0.8811831474304199,Yes
2648,0.03778157755732536,No
2649,0.026111094281077385,No
2650,0.34905943274497986,No
2651,0.46858805418014526,No
2652,0.011091632768511772,No
2653,0.006738375872373581,No
2654,0.7775000333786011,Yes
2655,0.7056845426559448,Yes
2656,0.012954730540513992,No
2657,0.010020121932029724,No
2658,0.37862807512283325,No
2659,0.222976416349411,No
2660,0.11975839734077454,No
2661,0.03794408217072487,No
2662,0.5944393873214722,Yes
2663,0.5332415103912354,Yes
2664,0.060595206916332245,No
2665,0.10753008723258972,No
2666,0.7779541611671448,Yes
2667,0.7777112126350403,Yes
2668,0.007224967237561941,No
2669,0.008362732827663422,No
2670,0.2691907584667206,No
2671,0.46954992413520813,No
2672,0.06013701111078262,No
2673,0.033137012273073196,No
2674,0.6797568798065186,Yes
2675,0.8173362612724304,Yes
2676,0.012834788300096989,No
2677,0.0336061492562294,No
2678,0.8808355927467346,Yes
2679,0.7555550336837769,Yes
2680,0.9243610501289368,Yes
2681,0.9150722622871399,Yes
2682,0.023149391636252403,No
2683,0.08529390394687653,No
2684,0.8520627617835999,Yes
2685,0.851662278175354,Yes
2686,0.00836266204714775,No
2687,0.007771346718072891,No
2688,0.8669607043266296,Yes
2689,0.8670246005058289,Yes
2690,0.0422634556889534,No
2691,0.023297889158129692,No
2692,0.9150131940841675,Yes
2693,0.9399874210357666,Yes
2694,0.007628426421433687,No
2695,0.009824657812714577,No
2696,0.7560657858848572,Yes
2697,0.8176751732826233,Yes
2698,0.016109352931380272,No
2699,0.007709111087024212,No
2700,0.9150619506835938,Yes
2701,0.8934458494186401,Yes
2702,0.026237472891807556,No
2703,0.053739432245492935,No
2704,0.9150891304016113,Yes
2705,0.8935326933860779,Yes
2706,0.023427849635481834,No
2707,0.012641720473766327,No
2708,0.893604576587677,Yes
2709,0.851833164691925,Yes
2710,0.009868101216852665,No
2711,0.006461411248892546,No
2712,0.9466255903244019,Yes
2713,0.9578922986984253,Yes
2714,0.015912629663944244,No
2715,0.011036090552806854,No
2716,0.8668363690376282,Yes
2717,0.866743803024292,Yes
2718,0.011105746030807495,No
2719,0.014215403236448765,No
2720,0.7780303359031677,Yes
2721,0.7330564856529236,Yes
2722,0.030234098434448242,No
2723,0.13412414491176605,No
2724,0.733224093914032,Yes
2725,0.7562440633773804,Yes
2726,0.007243763189762831,No
2727,0.009134456515312195,No
2728,0.8360029458999634,Yes
2729,0.6239754557609558,Yes
2730,0.04775765538215637,No
2731,0.02978646755218506,No
2732,0.8934285044670105,Yes
2733,0.9049621820449829,Yes
2734,0.01815054938197136,No
2735,0.01255131233483553,No
2736,0.6533680558204651,Yes
2737,0.6234869360923767,Yes
2738,0.007798041682690382,No
2739,0.011525704525411129,No
2740,0.7070844769477844,Yes
2741,0.6809354424476624,Yes
2742,0.06967996805906296,No
2743,0.03864726424217224,No
2744,0.7063426971435547,Yes
2745,0.8357366919517517,Yes
2746,0.018663698807358742,No
2747,0.029855579137802124,No
2748,0.6799222826957703,Yes
2749,0.5339337587356567,Yes
2750,0.009381715208292007,No
2751,0.008467445150017738,No
2752,0.8355384469032288,Yes
2753,0.9049808979034424,Yes
2754,0.02318521961569786,No
2755,0.020547427237033844,No
2756,0.6520812511444092,Yes
2757,0.5636419653892517,Yes
2758,0.03793875873088837,No
2759,0.09542716294527054,No
2760,0.7323925495147705,Yes
2761,0.652389645576477,Yes
2762,0.054207608103752136,No
2763,0.054207608103752136,No
2764,0.8360251188278198,Yes
2765,0.818067193031311,Yes
2766,0.009486336261034012,No
2767,0.010152475908398628,No
2768,0.778397798538208,Yes
2769,0.8358460068702698,Yes
2770,0.06042297184467316,No
2771,0.03376922383904457,No
2772,0.7556120753288269,Yes
2773,0.7775844931602478,Yes
2774,0.023232920095324516,No
2775,0.020546870306134224,No
2776,0.5020749568939209,Yes
2777,0.623511016368866,Yes
2778,0.012784912250936031,No
2779,0.03319616988301277,No
2780,0.5336564779281616,Yes
2781,0.565241813659668,Yes
2782,0.04893798008561134,No
2783,0.038339801132678986,No
2784,0.7779470682144165,Yes
2785,0.7984184622764587,Yes
2786,0.023782992735505104,No
2787,0.029935216531157494,No
2788,0.6240050196647644,Yes
2789,0.5637014508247375,Yes
2790,0.009381715208292007,No
2791,0.009047918021678925,No
2792,0.8807735443115234,Yes
2793,0.9324831366539001,Yes
2794,0.01813175342977047,No
2795,0.01605125516653061,No
2796,0.5639444589614868,Yes
2797,0.5635296106338501,Yes
2798,0.033445458859205246,No
2799,0.03349889814853668,No
2800,0.033266227692365646,No
2801,0.04276164248585701,No
2802,0.468700110912323,No
2803,0.40774214267730713,No
2804,0.006340387277305126,No
2805,0.007900905795395374,No
2806,0.7332144975662231,Yes
2807,0.8517504930496216,Yes
2808,0.05410938337445259,No
2809,0.12048325687646866,No
2810,0.3221034109592438,No
2811,0.7778505086898804,Yes
2812,0.009905879385769367,No
2813,0.009824286215007305,No
2814,0.6226419806480408,Yes
2815,0.6786047220230103,Yes
2816,0.02613905631005764,No
2817,0.009287966415286064,No
2818,0.3786473274230957,No
2819,0.20312759280204773,No
2820,0.15124133229255676,No
2821,0.021956132724881172,No
2822,0.40986180305480957,No
2823,0.1498635709285736,No
2824,0.012704644352197647,No
2825,0.02978736348450184,No
2826,0.26948660612106323,No
2827,0.6233137845993042,Yes
2828,0.008362792432308197,No
2829,0.010343037545681,No
2830,0.20304034650325775,No
2831,0.37925055623054504,No
2832,0.01253604143857956,No
2833,0.020420802757143974,No
2834,0.6230147480964661,Yes
2835,0.678773045539856,Yes
2836,0.06041343882679939,No
2837,0.01826411299407482,No
2838,0.37818214297294617,No
2839,0.7322234511375427,Yes
2840,0.32081830501556396,No
2841,0.20287421345710754,No
2842,0.7776601910591125,Yes
2843,0.678730309009552,Yes
2844,0.005342830903828144,No
2845,0.003765809116885066,No
2846,0.7980595231056213,Yes
2847,0.5630105137825012,Yes
2848,0.08547063916921616,No
2849,0.018153129145503044,No
2850,0.7977028489112854,Yes
2851,0.8173950910568237,Yes
2852,0.0059549580328166485,No
2853,0.009787121787667274,No
2854,0.7056649327278137,Yes
2855,0.6786284446716309,Yes
2856,0.006990053690969944,No
2857,0.008818467147648335,No
2858,0.6799550652503967,Yes
2859,0.5629128813743591,Yes
2860,0.10752319544553757,No
2861,0.06105947494506836,No
2862,0.3207606077194214,No
2863,0.16515283286571503,No
2864,0.042423322796821594,No
2865,0.029582660645246506,No
2866,0.22326840460300446,No
2867,0.6516216993331909,Yes
2868,0.008921508677303791,No
2869,0.0068990010768175125,No
2870,0.40742701292037964,No
2871,0.24584732949733734,No
2872,0.025957848876714706,No
2873,0.014110294170677662,No
2874,0.8806981444358826,Yes
2875,0.43747371435165405,No
2876,0.02337583526968956,No
2877,0.014252844266593456,No
2878,0.8173214793205261,Yes
2879,0.6784018278121948,Yes
2880,0.9244214296340942,Yes
2881,0.7980052828788757,Yes
2882,0.05360591784119606,No
2883,0.05373665690422058,No
2884,0.835797905921936,Yes
2885,0.8670720458030701,Yes
2886,0.010208873078227043,No
2887,0.006989835295826197,No
2888,0.8355280160903931,Yes
2889,0.8356855511665344,Yes
2890,0.047652848064899445,No
2891,0.033378493040800095,No
2892,0.5628501176834106,Yes
2893,0.9243680834770203,Yes
2894,0.0076536741107702255,No
2895,0.014185597188770771,No
2896,0.7323925495147705,Yes
2897,0.7557858824729919,Yes
2898,0.047541774809360504,No
2899,0.012836473993957043,No
2900,0.5635566711425781,Yes
2901,0.6792392730712891,Yes
2902,0.026507128030061722,No
2903,0.03344894200563431,No
2904,0.8355008959770203,Yes
2905,0.9467124342918396,Yes
2906,0.023692719638347626,No
2907,0.012670974247157574,No
2908,0.6791374087333679,Yes
2909,0.6517710089683533,Yes
2910,0.010020121932029724,No
2911,0.009287773631513119,No
2912,0.9466091990470886,Yes
2913,0.9466115236282349,Yes
2914,0.01803544908761978,No
2915,0.023164793848991394,No
2916,0.6520745754241943,Yes
2917,0.8669321537017822,Yes
2918,0.0182638056576252,No
2919,0.012611018493771553,No
2920,0.7058294415473938,Yes
2921,0.5942685008049011,Yes
2922,0.11974490433931351,No
2923,0.06037110835313797,No
2924,0.7980566024780273,Yes
2925,0.7981716394424438,Yes
2926,0.006615058518946171,No
2927,0.006143074482679367,No
2928,0.7327016592025757,Yes
2929,0.7778972387313843,Yes
2930,0.08526048064231873,No
2931,0.03751020133495331,No
2932,0.8353545665740967,Yes
2933,0.6799095869064331,Yes
2934,0.009883997961878777,No
2935,0.01423212606459856,No
2936,0.6525344252586365,Yes
2937,0.732188880443573,Yes
2938,0.023479022085666656,No
2939,0.029399290680885315,No
2940,0.501783013343811,Yes
2941,0.4086402952671051,No
2942,0.0337020680308342,No
2943,0.03388575464487076,No
2944,0.8355788588523865,Yes
2945,0.8356177806854248,Yes
2946,0.011274505406618118,No
2947,0.016142962500452995,No
2948,0.7563931345939636,Yes
2949,0.5636893510818481,Yes
2950,0.007944466546177864,No
2951,0.007713006343692541,No
2952,0.8934105038642883,Yes
2953,0.8666895627975464,Yes
2954,0.02039051055908203,No
2955,0.023130115121603012,No
2956,0.8178695440292358,Yes
2957,0.8808493614196777,Yes
2958,0.02613190934062004,No
2959,0.016027258709073067,No
2960,0.77772456407547,Yes
2961,0.5327612161636353,Yes
2962,0.048232946544885635,No
2963,0.04229728505015373,No
2964,0.7061619162559509,Yes
2965,0.8176448941230774,Yes
2966,0.007313929032534361,No
2967,0.011355473659932613,No
2968,0.7982617020606995,Yes
2969,0.7327172160148621,Yes
2970,0.04235458746552467,No
2971,0.026440836489200592,No
2972,0.7977114915847778,Yes
2973,0.6516347527503967,Yes
2974,0.00988297164440155,No
2975,0.015957776457071304,No
2976,0.6241344213485718,Yes
2977,0.678918182849884,Yes
2978,0.020648034289479256,No
2979,0.03315003588795662,No
2980,0.4694303572177887,No
2981,0.32307618856430054,No
2982,0.026583129540085793,No
2983,0.0299228448420763,No
2984,0.7323925495147705,Yes
2985,0.8672803044319153,Yes
2986,0.0147680239751935,No
2987,0.018395470455288887,No
2988,0.6792576909065247,Yes
2989,0.5008196234703064,Yes
2990,0.008921398781239986,No
2991,0.011595863848924637,No
2992,0.5629100799560547,Yes
2993,0.7977024912834167,Yes
2994,0.025971103459596634,No
2995,0.023128800094127655,No
2996,0.6527853608131409,Yes
2997,0.6230992078781128,Yes
2998,0.029705708846449852,No
2999,0.020642271265387535,No
3000,0.033263906836509705,No
3001,0.068168506026268,No
3002,0.7060449123382568,Yes
3003,0.5313549041748047,Yes
3004,0.006875488441437483,No
3005,0.004818067420274019,No
3006,0.7564107179641724,Yes
3007,0.8670746088027954,Yes
3008,0.05395711585879326,No
3009,0.07653843611478806,No
3010,0.7056299448013306,Yes
3011,0.7060947418212891,Yes
3012,0.012499173171818256,No
3013,0.007636260706931353,No
3014,0.7774479389190674,Yes
3015,0.6796848773956299,Yes
3016,0.007180043496191502,No
3017,0.012614266015589237,No
3018,0.7057342529296875,Yes
3019,0.6228542327880859,Yes
3020,0.16564135253429413,No
3021,0.270309716463089,No
3022,0.2961033880710602,No
3023,0.24580542743206024,No
3024,0.033362679183483124,No
3025,0.04776164889335632,No
3026,0.7321776747703552,Yes
3027,0.8353918790817261,Yes
3028,0.008921698667109013,No
3029,0.008051540702581406,No
3030,0.37766584753990173,No
3031,0.3497471511363983,No
3032,0.018132610246539116,No
3033,0.02935749478638172,No
3034,0.7554439306259155,Yes
3035,0.8175044655799866,Yes
3036,0.011210846714675426,No
3037,0.042462307959795,No
3038,0.8807660937309265,Yes
3039,0.8668445348739624,Yes
3040,0.6788386106491089,Yes
3041,0.5004655122756958,Yes
3042,0.04813980683684349,No
3043,0.042559705674648285,No
3044,0.7981072664260864,Yes
3045,0.7560322284698486,Yes
3046,0.007072691339999437,No
3047,0.007861137390136719,No
3048,0.7778650522232056,Yes
3049,0.7779857516288757,Yes
3050,0.05358127877116203,No
3051,0.06058693677186966,No
3052,0.797721266746521,Yes
3053,0.8667809367179871,Yes
3054,0.012497046031057835,No
3055,0.014250031672418118,No
3056,0.4713243544101715,No
3057,0.6788845062255859,Yes
3058,0.026275623589754105,No
3059,0.033118754625320435,No
3060,0.3503618538379669,No
3061,0.24653173983097076,No
3062,0.018580539152026176,No
3063,0.029850469902157784,No
3064,0.8517699837684631,Yes
3065,0.7979741096496582,Yes
3066,0.010343165136873722,No
3067,0.016274020075798035,No
3068,0.6794177889823914,Yes
3069,0.5938898921012878,Yes
3070,0.007771144155412912,No
3071,0.008467445150017738,No
3072,0.7556784152984619,Yes
3073,0.851396381855011,Yes
3074,0.026034222915768623,No
3075,0.023145176470279694,No
3076,0.652177095413208,Yes
3077,0.4383663535118103,No
3078,0.01261194422841072,No
3079,0.011182460002601147,No
3080,0.06778247654438019,No
3081,0.06792735308408737,No
3082,0.24512812495231628,No
3083,0.37785014510154724,No
3084,0.004556284286081791,No
3085,0.003709924640133977,No
3086,0.7324851155281067,Yes
3087,0.06777903437614441,No
3088,0.042947664856910706,No
3089,0.03329189494252205,No
3090,0.6514830589294434,Yes
3091,0.6786432862281799,Yes
3092,0.00868645403534174,No
3093,0.0067822071723639965,No
3094,0.7774935364723206,Yes
3095,0.7556211948394775,Yes
3096,0.009205923415720463,No
3097,0.008818359114229679,No
3098,0.6228619813919067,Yes
3099,0.5629656910896301,Yes
3100,0.05402853712439537,No
3101,0.06809855997562408,No
3102,0.10802876949310303,No
3103,0.8356254696846008,Yes
3104,0.023378415033221245,No
3105,0.026591097936034203,No
3106,0.13383586704730988,No
3107,0.3787216246128082,No
3108,0.008583496324717999,No
3109,0.006461484357714653,No
3110,0.6513835191726685,Yes
3111,0.5324472784996033,Yes
3112,0.014144725166261196,No
3113,0.026035116985440254,No
3114,0.915066659450531,Yes
3115,0.817399799823761,Yes
3116,0.029930315911769867,No
3117,0.10720571130514145,No
3118,0.8173685669898987,Yes
3119,0.8515439033508301,Yes
3120,0.24513518810272217,No
3121,0.18417148292064667,No
3122,0.469230592250824,No
3123,0.6230327486991882,Yes
3124,0.004818067420274019,No
3125,0.00433128559961915,No
3126,0.778091311454773,Yes
3127,0.817685604095459,Yes
3128,0.0681634247303009,No
3129,0.06816493719816208,No
3130,0.7320671677589417,Yes
3131,0.6519790291786194,Yes
3132,0.008665596134960651,No
3133,0.01248840056359768,No
3134,0.6515282988548279,Yes
3135,0.6227322220802307,Yes
3136,0.011356105096638203,No
3137,0.02602377161383629,No
3138,0.5012148022651672,Yes
3139,0.5936156511306763,Yes
3140,0.22378511726856232,No
3141,0.13600000739097595,No
3142,0.1214282438158989,No
3143,0.2695831060409546,No
3144,0.04775984212756157,No
3145,0.060593023896217346,No
3146,0.1348925679922104,No
3147,0.4691210389137268,No
3148,0.008583496324717999,No
3149,0.007123057264834642,No
3150,0.2685421407222748,No
3151,0.1839963048696518,No
3152,0.037551555782556534,No
3153,0.02311788685619831,No
3154,0.7319539785385132,Yes
3155,0.7058247923851013,Yes
3156,0.01826101914048195,No
3157,0.009823943488299847,No
3158,0.5632185339927673,Yes
3159,0.7775807976722717,Yes
3160,0.3497498333454132,No
3161,0.22393880784511566,No
3162,0.7777062654495239,Yes
3163,0.6521492600440979,Yes
3164,0.004448608960956335,No
3165,0.003964300267398357,No
3166,0.8180912733078003,Yes
3167,0.8517575860023499,Yes
3168,0.042947664856910706,No
3169,0.06809619069099426,No
3170,0.7059451937675476,Yes
3171,0.7326315641403198,Yes
3172,0.011079509742558002,No
3173,0.00986729096621275,No
3174,0.7774827480316162,Yes
3175,0.7320960760116577,Yes
3176,0.013107065111398697,No
3177,0.006173474248498678,No
3178,0.7325329780578613,Yes
3179,0.5936156511306763,Yes
3180,0.08598422259092331,No
3181,0.07774756848812103,No
3182,0.40869882702827454,No
3183,0.6238209009170532,Yes
3184,0.029513567686080933,No
3185,0.02985447458922863,No
3186,0.3502395451068878,No
3187,0.06798124313354492,No
3188,0.007397606037557125,No
3189,0.00846791360527277,No
3190,0.4378867447376251,No
3191,0.295941025018692,No
3192,0.023119555786252022,No
3193,0.023096386343240738,No
3194,0.755508542060852,Yes
3195,0.6230373382568359,Yes
3196,0.020793771371245384,No
3197,0.011139440350234509,No
3198,0.8356379866600037,Yes
3199,0.6800692081451416,Yes
3200,0.03750762715935707,No
3201,0.1201898381114006,No
3202,0.755425751209259,Yes
3203,0.5933472514152527,Yes
3204,0.004193861503154039,No
3205,0.0041560400277376175,No
3206,0.8513619303703308,Yes
3207,0.5000292658805847,Yes
3208,0.026374850422143936,No
3209,0.023330869153141975,No
3210,0.5320754647254944,Yes
3211,0.6513648629188538,Yes
3212,0.012589985504746437,No
3213,0.015894852578639984,No
3214,0.09529849886894226,No
3215,0.777398943901062,Yes
3216,0.009952493011951447,No
3217,0.014274852350354195,No
3218,0.2683258056640625,No
3219,0.5002039074897766,Yes
3220,0.16531185805797577,No
3221,0.0959879457950592,No
3222,0.6225659251213074,Yes
3223,0.8806820511817932,Yes
3224,0.05354111269116402,No
3225,0.033152591437101364,No
3226,0.8353621363639832,Yes
3227,0.6513903737068176,Yes
3228,0.006925893481820822,No
3229,0.006805884651839733,No
3230,0.755429208278656,Yes
3231,0.22280821204185486,No
3232,0.016077587381005287,No
3233,0.018023058772087097,No
3234,0.5001930594444275,Yes
3235,0.020428480580449104,No
3236,0.006852790713310242,No
3237,0.008673052303493023,No
3238,0.8353186249732971,Yes
3239,0.8173083662986755,Yes
3240,0.8806920051574707,Yes
3241,0.8807324171066284,Yes
3242,0.03757565841078758,No
3243,0.13355819880962372,No
3244,0.9150052666664124,Yes
3245,0.9150006771087646,Yes
3246,0.004738171584904194,No
3247,0.0068364269100129604,No
3248,0.8668085932731628,Yes
3249,0.8807016611099243,Yes
3250,0.020646164193749428,No
3251,0.01826101914048195,No
3252,0.8933723568916321,Yes
3253,0.9049312472343445,Yes
3254,0.00874672457575798,No
3255,0.014183944091200829,No
3256,0.8666713833808899,Yes
3257,0.8667581677436829,Yes
3258,0.007860415615141392,No
3259,0.006819619797170162,No
3260,0.9049243330955505,Yes
3261,0.8667548894882202,Yes
3262,0.018082035705447197,No
3263,0.03749122470617294,No
3264,0.8666472434997559,Yes
3265,0.8806785345077515,Yes
3266,0.023128800094127655,No
3267,0.014143039472401142,No
3268,0.8353057503700256,Yes
3269,0.8513534069061279,Yes
3270,0.0067818728275597095,No
3271,0.008711432106792927,No
3272,0.9149986505508423,Yes
3273,0.9525861144065857,Yes
3274,0.01419745571911335,No
3275,0.012479549273848534,No
3276,0.8353659510612488,Yes
3277,0.5310618877410889,Yes
3278,0.016071345657110214,No
3279,0.01256678719073534,No
3280,0.731926441192627,Yes
3281,0.5631178021430969,Yes
3282,0.053881410509347916,No
3283,0.07592988759279251,No
3284,0.7319073677062988,Yes
3285,0.8173277974128723,Yes
3286,0.006874049548059702,No
3287,0.004754337016493082,No
3288,0.6515997052192688,Yes
3289,0.7319866418838501,Yes
3290,0.02325901947915554,No
3291,0.04244549572467804,No
3292,0.7977333664894104,Yes
3293,0.8932948708534241,Yes
3294,0.018173035234212875,No
3295,0.01809528097510338,No
3296,0.4375489354133606,No
3297,0.8352720141410828,Yes
3298,0.00986560434103012,No
3299,0.01805156283080578,No
3300,0.5320901870727539,Yes
3301,0.3223728537559509,No
3302,0.02950417436659336,No
3303,0.03744639456272125,No
3304,0.8174019455909729,Yes
3305,0.8667294383049011,Yes
3306,0.011138642206788063,No
3307,0.018096739426255226,No
3308,0.6227365136146545,Yes
3309,0.651373028755188,Yes
3310,0.005989051423966885,No
3311,0.00614249799400568,No
3312,0.817270815372467,Yes
3313,0.8172718286514282,Yes
3314,0.01809528097510338,No
3315,0.015973705798387527,No
3316,0.8172956705093384,Yes
3317,0.8513691425323486,Yes
3318,0.020493457093834877,No
3319,0.0110752172768116,No
3320,0.6515027284622192,Yes
3321,0.13399796187877655,No
3322,0.797694206237793,Yes
3323,0.797637939453125,Yes
3324,0.014231737703084946,No
3325,0.008698003366589546,No
3326,0.8667404055595398,Yes
3327,0.7976170778274536,Yes
3328,0.0332573838531971,No
3329,0.033231399953365326,No
3330,0.6796339750289917,Yes
3331,0.7055909633636475,Yes
3332,0.0181724913418293,No
3333,0.029414024204015732,No
3334,0.777081310749054,Yes
3335,0.7976169586181641,Yes
3336,0.009866507723927498,No
3337,0.011120927520096302,No
3338,0.5311077833175659,Yes
3339,0.5931510925292969,Yes
3340,0.14908497035503387,No
3341,0.06831276416778564,No
3342,0.5001744031906128,Yes
3343,0.7055082321166992,Yes
3344,0.05362565442919731,No
3345,0.03757327422499657,No
3346,0.5932340621948242,Yes
3347,0.10693053156137466,No
3348,0.018263105303049088,No
3349,0.009867551736533642,No
3350,0.5627884268760681,Yes
3351,0.4072226285934448,No
3352,0.037394553422927856,No
3353,0.025988010689616203,No
3354,0.5310900807380676,Yes
3355,0.7773852348327637,Yes
3356,0.02613295242190361,No
3357,0.04758045822381973,No
3358,0.7976304292678833,Yes
3359,0.6784248352050781,Yes
3360,0.9149984121322632,Yes
3361,0.7774713039398193,Yes
3362,0.0761067122220993,No
3363,0.07597680389881134,No
3364,0.8932883143424988,Yes
3365,0.8806661367416382,Yes
3366,0.0067818728275597095,No
3367,0.007635545451194048,No
3368,0.8933449983596802,Yes
3369,0.8172863125801086,Yes
3370,0.0180963147431612,No
3371,0.01617744192481041,No
3372,0.8667930364608765,Yes
3373,0.9324449896812439,Yes
3374,0.014171510934829712,No
3375,0.012497046031057835,No
3376,0.8932886123657227,Yes
3377,0.7773565649986267,Yes
3378,0.0077071161940693855,No
3379,0.006805388256907463,No
3380,0.6796084642410278,Yes
3381,0.5319607257843018,Yes
3382,0.03741994872689247,No
3383,0.037361133843660355,No
3384,0.9324435591697693,Yes
3385,0.9149916172027588,Yes
3386,0.01418313104659319,No
3387,0.012519912794232368,No
3388,0.5320515632629395,Yes
3389,0.6226630806922913,Yes
3390,0.007665122859179974,No
3391,0.007691572420299053,No
3392,0.9243483543395996,Yes
3393,0.9465996026992798,Yes
3394,0.014160391874611378,No
3395,0.014103415422141552,No
3396,0.904900848865509,Yes
3397,0.9243367910385132,Yes
3398,0.015927227213978767,No
3399,0.007682844065129757,No
3400,0.46868276596069336,No
3401,0.4686260223388672,No
3402,0.7976676821708679,Yes
3403,0.6513161659240723,Yes
3404,0.006763863377273083,No
3405,0.004690585192292929,No
3406,0.817287027835846,Yes
3407,0.8513452410697937,Yes
3408,0.026163514703512192,No
3409,0.053691424429416656,No
3410,0.7774434685707092,Yes
3411,0.46832507848739624,No
3412,0.029541553929448128,No
3413,0.03747786954045296,No
3414,0.085139200091362,No
3415,0.5627918839454651,Yes
3416,0.014231310226023197,No
3417,0.01415104791522026,No
3418,0.6783987879753113,Yes
3419,0.46905407309532166,No
3420,0.0260857455432415,No
3421,0.08556985855102539,No
3422,0.06015096232295036,No
3423,0.3775825798511505,No
3424,0.047622133046388626,No
3425,0.0603695772588253,No
3426,0.1829550862312317,No
3427,0.09531988948583603,No
3428,0.012499076314270496,No
3429,0.007644788362085819,No
3430,0.5627183318138123,Yes
3431,0.37763774394989014,No
3432,0.09547487646341324,No
3433,0.023045610636472702,No
3434,0.705464243888855,Yes
3435,0.85136479139328,Yes
3436,0.07579949498176575,No
3437,0.11947367340326309,No
3438,0.851372480392456,Yes
3439,0.6513339281082153,Yes
3440,0.06767172366380692,No
3441,0.7064570784568787,Yes
3442,0.7771915197372437,Yes
3443,0.7318713068962097,Yes
3444,0.004711453337222338,No
3445,0.007664731238037348,No
3446,0.8172681331634521,Yes
3447,0.8667417168617249,Yes
3448,0.02947339601814747,No
3449,0.009954391047358513,No
3450,0.37782058119773865,No
3451,0.500656247138977,Yes
3452,0.03320727124810219,No
3453,0.037453580647706985,No
3454,0.755416750907898,Yes
3455,0.7554348111152649,Yes
3456,0.014214133843779564,No
3457,0.008685821667313576,No
3458,0.4691459834575653,No
3459,0.26834356784820557,No
3460,0.13353422284126282,No
3461,0.03741256892681122,No
3462,0.5931757688522339,Yes
3463,0.6226217150688171,Yes
3464,0.07597513496875763,No
3465,0.13387341797351837,No
3466,0.8806992173194885,Yes
3467,0.8932904601097107,Yes
3468,0.007770574651658535,No
3469,0.007770817261189222,No
3470,0.294853150844574,No
3471,0.4376809597015381,No
3472,0.04770484194159508,No
3473,0.0422414131462574,No
3474,0.6796123385429382,Yes
3475,0.8667441010475159,Yes
3476,0.006804189644753933,No
3477,0.02949405461549759,No
3478,0.8352608680725098,Yes
3479,0.8806807398796082,Yes
3480,0.8932997584342957,Yes
3481,0.9149916172027588,Yes
3482,0.04238010197877884,No
3483,0.11942676454782486,No
3484,0.8806802034378052,Yes
3485,0.8932834267616272,Yes
3486,0.00473789731040597,No
3487,0.00978048238903284,No
3488,0.8667536377906799,Yes
3489,0.817359209060669,Yes
3490,0.03750860318541527,No
3491,0.020546257495880127,No
3492,0.8807016015052795,Yes
3493,0.9049196839332581,Yes
3494,0.015937477350234985,No
3495,0.01593714766204357,No
3496,0.8172944784164429,Yes
3497,0.8667477965354919,Yes
3498,0.014230828732252121,No
3499,0.00773584796115756,No
3500,0.8667678833007812,Yes
3501,0.8806745409965515,Yes
3502,0.02314649149775505,No
3503,0.07572845369577408,No
3504,0.9243444204330444,Yes
3505,0.924347460269928,Yes
3506,0.02043122798204422,No
3507,0.015919754281640053,No
3508,0.8172988891601562,Yes
3509,0.8172767758369446,Yes
3510,0.006749071180820465,No
3511,0.006819193251430988,No
3512,0.8932963013648987,Yes
3513,0.8933073878288269,Yes
3514,0.012507826089859009,No
3515,0.015894629061222076,No
3516,0.8514829874038696,Yes
3517,0.8806685209274292,Yes
3518,0.008664115332067013,No
3519,0.008641395717859268,No
3520,0.7557698488235474,Yes
3521,0.7556977868080139,Yes
3522,0.03821761906147003,No
3523,0.1834033876657486,No
3524,0.8353243470191956,Yes
3525,0.8668031692504883,Yes
3526,0.003286447376012802,No
3527,0.004738041199743748,No
3528,0.8355506062507629,Yes
3529,0.7328821420669556,Yes
3530,0.037394553422927856,No
3531,0.042556360363960266,No
3532,0.8933989405632019,Yes
3533,0.893296480178833,Yes
3534,0.02049850858747959,No
3535,0.020497474819421768,No
3536,0.7056120038032532,Yes
3537,0.7554575800895691,Yes
3538,0.007796861696988344,No
3539,0.00995574425905943,No
3540,0.562929630279541,Yes
3541,0.7058855891227722,Yes
3542,0.0378384105861187,No
3543,0.037568435072898865,No
3544,0.6785454154014587,Yes
3545,0.777209460735321,Yes
3546,0.014253138564527035,No
3547,0.02049802988767624,No
3548,0.5322304368019104,Yes
3549,0.5324245691299438,Yes
3550,0.005398253910243511,No
3551,0.007770434953272343,No
3552,0.851422131061554,Yes
3553,0.8933051228523254,Yes
3554,0.023262029513716698,No
3555,0.01602773927152157,No
3556,0.7320640087127686,Yes
3557,0.3492157757282257,No
3558,0.02073368802666664,No
3559,0.0422186441719532,No
3560,0.7056935429573059,Yes
3561,0.7057374119758606,Yes
3562,0.06814531981945038,No
3563,0.06791969388723373,No
3564,0.880685567855835,Yes
3565,0.86675626039505,Yes
3566,0.004179678857326508,No
3567,0.006771996151655912,No
3568,0.7557592391967773,Yes
3569,0.8353963494300842,Yes
3570,0.033209145069122314,No
3571,0.02953210659325123,No
3572,0.8513907194137573,Yes
3573,0.8667718768119812,Yes
3574,0.02604866586625576,No
3575,0.026064204052090645,No
3576,0.43754279613494873,No
3577,0.7054494619369507,Yes
3578,0.009904560633003712,No
3579,0.02037731744349003,No
3580,0.5628380179405212,Yes
3581,0.6787082552909851,Yes
3582,0.0375639833509922,No
3583,0.037427809089422226,No
3584,0.7555240988731384,Yes
3585,0.7555408477783203,Yes
3586,0.014253138564527035,No
3587,0.020461421459913254,No
3588,0.53204745054245,Yes
3589,0.5933094620704651,Yes
3590,0.00530502712354064,No
3591,0.005377404857426882,No
3592,0.7774916887283325,Yes
3593,0.9243444204330444,Yes
3594,0.020443500950932503,No
3595,0.015989409759640694,No
3596,0.5931581854820251,Yes
3597,0.4070582389831543,No
3598,0.020541690289974213,No
3599,0.016074419021606445,No
3600,0.020686525851488113,No
3601,0.033469852060079575,No
3602,0.46894097328186035,No
3603,0.6227444410324097,Yes
3604,0.006036331877112389,No
3605,0.006052668672055006,No
3606,0.7977157235145569,Yes
3607,0.8513571619987488,Yes
3608,0.06040491908788681,No
3609,0.08540842682123184,No
3610,0.4686099588871002,No
3611,0.7558865547180176,Yes
3612,0.029776019975543022,No
3613,0.02039087377488613,No
3614,0.6514047384262085,Yes
3615,0.7554552555084229,Yes
3616,0.025989001616835594,No
3617,0.010099751874804497,No
3618,0.34900081157684326,No
3619,0.11954568326473236,No
3620,0.2953435480594635,No
3621,0.023276563733816147,No
3622,0.40733709931373596,No
3623,0.22278420627117157,No
3624,0.014303169213235378,No
3625,0.03337380662560463,No
3626,0.3779093623161316,No
3627,0.5627959966659546,Yes
3628,0.006172909867018461,No
3629,0.0068752276711165905,No
3630,0.24482275545597076,No
3631,0.2952723801136017,No
3632,0.011159952729940414,No
3633,0.025989796966314316,No
3634,0.5934035181999207,Yes
3635,0.7774765491485596,Yes
3636,0.023226452991366386,No
3637,0.007677147164940834,No
3638,0.2233203649520874,No
3639,0.755393922328949,Yes
3640,0.4375517964363098,No
3641,0.40745118260383606,No
3642,0.7055878639221191,Yes
3643,0.6785298585891724,Yes
3644,0.007627618033438921,No
3645,0.006793018896132708,No
3646,0.7976312041282654,Yes
3647,0.6512952446937561,Yes
3648,0.08531234413385391,No
3649,0.012550591491162777,No
3650,0.7318518757820129,Yes
3651,0.6786532998085022,Yes
3652,0.026105687022209167,No
3653,0.02934485301375389,No
3654,0.6227142214775085,Yes
3655,0.7554240822792053,Yes
3656,0.012550165876746178,No
3657,0.012518450617790222,No
3658,0.6513695120811462,Yes
3659,0.6784096360206604,Yes
3660,0.18305715918540955,No
3661,0.13383090496063232,No
3662,0.3217969238758087,No
3663,0.24470806121826172,No
3664,0.060291461646556854,No
3665,0.04761664941906929,No
3666,0.20254188776016235,No
3667,0.7318587303161621,Yes
3668,0.008698003366589546,No
3669,0.011078830808401108,No
3670,0.37763503193855286,No
3671,0.18298456072807312,No
3672,0.020382961258292198,No
3673,0.023063287138938904,No
3674,0.7318734526634216,Yes
3675,0.2947019934654236,No
3676,0.016023680567741394,No
3677,0.014154883101582527,No
3678,0.7318713665008545,Yes
3679,0.7054713368415833,Yes
3680,0.9150022864341736,Yes
3681,0.7057329416275024,Yes
3682,0.060464922338724136,No
3683,0.11964334547519684,No
3684,0.8667662739753723,Yes
3685,0.9149951934814453,Yes
3686,0.006772118154913187,No
3687,0.0087105268612504,No
3688,0.7320026755332947,Yes
3689,0.7771968245506287,Yes
3690,0.0260857455432415,No
3691,0.02313065342605114,No
3692,0.6796876788139343,Yes
3693,0.9149885177612305,Yes
3694,0.012507402338087559,No
3695,0.018028782680630684,No
3696,0.7976276874542236,Yes
3697,0.8513564467430115,Yes
3698,0.02935563214123249,No
3699,0.008685821667313576,No
3700,0.56277996301651,Yes
3701,0.6785203218460083,Yes
3702,0.026151325553655624,No
3703,0.04222576320171356,No
3704,0.7771387696266174,Yes
3705,0.8933113813400269,Yes
3706,0.020461421459913254,No
3707,0.01110380981117487,No
3708,0.5002413988113403,Yes
3709,0.5628046989440918,Yes
3710,0.00527858454734087,No
3711,0.009883362799882889,No
3712,0.9149859547615051,Yes
3713,0.9243414402008057,Yes
3714,0.02601717598736286,No
3715,0.015904830768704414,No
3716,0.4072212278842926,No
3717,0.8353166580200195,Yes
3718,0.011180815286934376,No
3719,0.011177169159054756,No
3720,0.7554430365562439,Yes
3721,0.5938382148742676,Yes
3722,0.14952000975608826,No
3723,0.10712846368551254,No
3724,0.7976318597793579,Yes
3725,0.8352686166763306,Yes
3726,0.004772676154971123,No
3727,0.0067633893340826035,No
3728,0.7773469090461731,Yes
3729,0.8172889947891235,Yes
3730,0.05351770669221878,No
3731,0.04237528145313263,No
3732,0.817348062992096,Yes
3733,0.8172944784164429,Yes
3734,0.020477905869483948,No
3735,0.020459968596696854,No
3736,0.7976405620574951,Yes
3737,0.7976405620574951,Yes
3738,0.012668212875723839,No
3739,0.020392177626490593,No
3740,0.5001839995384216,Yes
3741,0.5933859348297119,Yes
3742,0.0332181490957737,No
3743,0.04224748909473419,No
3744,0.777445375919342,Yes
3745,0.7771331071853638,Yes
3746,0.014214521273970604,No
3747,0.012508544139564037,No
3748,0.6226670145988464,Yes
3749,0.5320601463317871,Yes
3750,0.005316348746418953,No
3751,0.007770273368805647,No
3752,0.7774640321731567,Yes
3753,0.7976393103599548,Yes
3754,0.02604789100587368,No
3755,0.02041843719780445,No
3756,0.8352673053741455,Yes
3757,0.8666402697563171,Yes
3758,0.02042020484805107,No
3759,0.012487958185374737,No
3760,0.5321577191352844,Yes
3761,0.4075317680835724,No
3762,0.06840642541646957,No
3763,0.05368807911872864,No
3764,0.5001633167266846,Yes
3765,0.6797048449516296,Yes
3766,0.007706387434154749,No
3767,0.009925958700478077,No
3768,0.6232457756996155,Yes
3769,0.5324007272720337,Yes
3770,0.02949405461549759,No
3771,0.02622746303677559,No
3772,0.5935460925102234,Yes
3773,0.5629100799560547,Yes
3774,0.014363031834363937,No
3775,0.01600508764386177,No
3776,0.5322098135948181,Yes
3777,0.5323350429534912,Yes
3778,0.016025394201278687,No
3779,0.02043122798204422,No
3780,0.2688138782978058,No
3781,0.20311596989631653,No
3782,0.020846163854002953,No
3783,0.02956714853644371,No
3784,0.5325746536254883,Yes
3785,0.7977515459060669,Yes
3786,0.008846697397530079,No
3787,0.012568633072078228,No
3788,0.37782612442970276,No
3789,0.3220294713973999,No
3790,0.005328350700438023,No
3791,0.009883699007332325,No
3792,0.34915992617607117,No
3793,0.6513882279396057,Yes
3794,0.029379121959209442,No
3795,0.02045595645904541,No
3796,0.4074081778526306,No
3797,0.46850016713142395,No
3798,0.014543979428708553,No
3799,0.014488453045487404,No
3800,0.02608705312013626,No
3801,0.14913025498390198,No
3802,0.7055429220199585,Yes
3803,0.6513466835021973,Yes
3804,0.006743071600794792,No
3805,0.0036618970334529877,No
3806,0.7976232767105103,Yes
3807,0.8932886719703674,Yes
3808,0.03331984579563141,No
3809,0.06021830067038536,No
3810,0.6513563990592957,Yes
3811,0.7555297613143921,Yes
3812,0.01605224795639515,No
3813,0.023058079183101654,No
3814,0.7770890593528748,Yes
3815,0.7318817973136902,Yes
3816,0.012534872628748417,No
3817,0.011102993041276932,No
3818,0.7555039525032043,Yes
3819,0.6784046292304993,Yes
3820,0.20267803966999054,No
3821,0.3219999074935913,No
3822,0.3777746260166168,No
3823,0.4374638497829437,No
3824,0.05354160815477371,No
3825,0.03739890828728676,No
3826,0.8353230357170105,Yes
3827,0.8667505383491516,Yes
3828,0.009850723668932915,No
3829,0.007709034252911806,No
3830,0.32059457898139954,No
3831,0.20272015035152435,No
3832,0.042296189814805984,No
3833,0.06011554226279259,No
3834,0.797613799571991,Yes
3835,0.851365864276886,Yes
3836,0.006732473149895668,No
3837,0.029363859444856644,No
3838,0.8667552471160889,Yes
3839,0.8806766271591187,Yes
3840,0.5628656148910522,Yes
3841,0.3223162293434143,No
3842,0.060572247952222824,No
3843,0.05362565442919731,No
3844,0.5932577848434448,Yes
3845,0.7319313287734985,Yes
3846,0.006009520962834358,No
3847,0.0076622809283435345,No
3848,0.6229053139686584,Yes
3849,0.6228943467140198,Yes
3850,0.02946764975786209,No
3851,0.047669585794210434,No
3852,0.70567387342453,Yes
3853,0.817283034324646,Yes
3854,0.016006410121917725,No
3855,0.018127968534827232,No
3856,0.2449018508195877,No
3857,0.6514343023300171,Yes
3858,0.023276563733816147,No
3859,0.023086292669177055,No
3860,0.34902870655059814,No
3861,0.2687899172306061,No
3862,0.018294988200068474,No
3863,0.02312948927283287,No
3864,0.7557197213172913,Yes
3865,0.7319837212562561,Yes
3866,0.009984632954001427,No
3867,0.011159458197653294,No
3868,0.5321323871612549,Yes
3869,0.5001736879348755,Yes
3870,0.005980384536087513,No
3871,0.005377165041863918,No
3872,0.651418924331665,Yes
3873,0.8172749876976013,Yes
3874,0.0294303260743618,No
3875,0.02608196623623371,No
3876,0.6225965619087219,Yes
3877,0.20267418026924133,No
3878,0.01257040910422802,No
3879,0.01258313748985529,No
3880,0.07579949498176575,No
3881,0.11960120499134064,No
3882,0.5322588682174683,Yes
3883,0.6225595474243164,Yes
3884,0.00872874166816473,No
3885,0.0041459971107542515,No
3886,0.7553800344467163,Yes
3887,0.03737577423453331,No
3888,0.04779307544231415,No
3889,0.01602817513048649,No
3890,0.6513359546661377,Yes
3891,0.6784063577651978,Yes
3892,0.014251692220568657,No
3893,0.02934534102678299,No
3894,0.7054651379585266,Yes
3895,0.731859028339386,Yes
3896,0.012589084915816784,No
3897,0.011102993041276932,No
3898,0.7319004535675049,Yes
3899,0.09526485204696655,No
3900,0.09542147070169449,No
3901,0.060193710029125214,No
3902,0.20265386998653412,No
3903,0.8513650298118591,Yes
3904,0.04224361851811409,No
3905,0.04237870126962662,No
3906,0.16484005749225616,No
3907,0.2950044870376587,No
3908,0.012552482075989246,No
3909,0.004724506754428148,No
3910,0.777373731136322,Yes
3911,0.6225805282592773,Yes
3912,0.014161895960569382,No
3913,0.04749838635325432,No
3914,0.8932952880859375,Yes
3915,0.914990246295929,Yes
3916,0.00867339689284563,No
3917,0.04750217869877815,No
3918,0.8513596057891846,Yes
3919,0.851372480392456,Yes
3920,0.4694509506225586,No
3921,0.4381461441516876,No
3922,0.5937585830688477,Yes
3923,0.6785656809806824,Yes
3924,0.006854536477476358,No
3925,0.006874986924231052,No
3926,0.7773920297622681,Yes
3927,0.7976234555244446,Yes
3928,0.04775279387831688,No
3929,0.05373045429587364,No
3930,0.6514913439750671,Yes
3931,0.6518422961235046,Yes
3932,0.01820060983300209,No
3933,0.03736979514360428,No
3934,0.437697172164917,No
3935,0.6226298809051514,Yes
3936,0.018171165138483047,No
3937,0.037330590188503265,No
3938,0.5002963542938232,Yes
3939,0.40799787640571594,No
3940,0.24501442909240723,No
3941,0.26874271035194397,No
3942,0.14904779195785522,No
3943,0.5627435445785522,Yes
3944,0.07590630650520325,No
3945,0.09542445838451385,No
3946,0.16533826291561127,No
3947,0.4073401093482971,No
3948,0.01610756106674671,No
3949,0.007072571199387312,No
3950,0.3219399154186249,No
3951,0.14928145706653595,No
3952,0.07611612975597382,No
3953,0.042273130267858505,No
3954,0.7774336934089661,Yes
3955,0.7775415182113647,Yes
3956,0.01816449873149395,No
3957,0.012536677531898022,No
3958,0.37763288617134094,No
3959,0.7318713665008545,Yes
3960,0.5321765542030334,Yes
3961,0.4073740839958191,No
3962,0.7976791858673096,Yes
3963,0.755508542060852,Yes
3964,0.006874843966215849,No
3965,0.006052668672055006,No
3966,0.8352750539779663,Yes
3967,0.8352780342102051,Yes
3968,0.03750762715935707,No
3969,0.042319685220718384,No
3970,0.7055752873420715,Yes
3971,0.6232043504714966,Yes
3972,0.015959857031702995,No
3973,0.0374634824693203,No
3974,0.6796346306800842,Yes
3975,0.7554335594177246,Yes
3976,0.012612668797373772,No
3977,0.009865939617156982,No
3978,0.7554007172584534,Yes
3979,0.6784132122993469,Yes
3980,0.13380217552185059,No
3981,0.1490633487701416,No
3982,0.43760526180267334,No
3983,0.7054988145828247,Yes
3984,0.04761987924575806,No
3985,0.029613327234983444,No
3986,0.46834224462509155,No
3987,0.0677051693201065,No
3988,0.008818233385682106,No
3989,0.006071560084819794,No
3990,0.37764427065849304,No
3991,0.20267803966999054,No
3992,0.03747748211026192,No
3993,0.0331149697303772,No
3994,0.7554057240486145,Yes
3995,0.73198002576828,Yes
3996,0.014194654300808907,No
3997,0.011102511547505856,No
3998,0.7318522930145264,Yes
3999,0.755405843257904,Yes
4000,0.026193389669060707,No
4001,0.08609595894813538,No
4002,0.7774590253829956,Yes
4003,0.5322743058204651,Yes
4004,0.00266713323071599,No
4005,0.0060916380025446415,No
4006,0.8667637705802917,Yes
4007,0.46834054589271545,No
4008,0.02983936294913292,No
4009,0.04268006607890129,No
4010,0.46846649050712585,No
4011,0.6515870094299316,Yes
4012,0.009903102181851864,No
4013,0.007746408227831125,No
4014,0.10693836957216263,No
4015,0.7976811528205872,Yes
4016,0.007859360426664352,No
4017,0.011271221563220024,No
4018,0.24489544332027435,No
4019,0.09530852735042572,No
4020,0.1077318862080574,No
4021,0.03397637978196144,No
4022,0.6784657835960388,Yes
4023,0.8172988891601562,Yes
4024,0.03743681684136391,No
4025,0.026052076369524002,No
4026,0.7319614291191101,Yes
4027,0.4377605617046356,No
4028,0.005478875245898962,No
4029,0.006071186158806086,No
4030,0.7055549621582031,Yes
4031,0.29467296600341797,No
4032,0.00983475986868143,No
4033,0.008697821758687496,No
4034,0.5003054141998291,Yes
4035,0.037366531789302826,No
4036,0.0053766705095767975,No
4037,0.007795548997819424,No
4038,0.8514012098312378,Yes
4039,0.8933237791061401,Yes
4040,0.9243891835212708,Yes
4041,0.9049974679946899,Yes
4042,0.02944222092628479,No
4043,0.0854533389210701,No
4044,0.9399821162223816,Yes
4045,0.9243614077568054,Yes
4046,0.010099751874804497,No
4047,0.006205718964338303,No
4048,0.8933508396148682,Yes
4049,0.8807615041732788,Yes
4050,0.02956630289554596,No
4051,0.01850832998752594,No
4052,0.9466234445571899,Yes
4053,0.9049780368804932,Yes
4054,0.007746408227831125,No
4055,0.015936775133013725,No
4056,0.8933334350585938,Yes
4057,0.8354323506355286,Yes
4058,0.00698817428201437,No
4059,0.007859761826694012,No
4060,0.9049386382102966,Yes
4061,0.8353053331375122,Yes
4062,0.0126379719004035,No
4063,0.02620483748614788,No
4064,0.8666792511940002,Yes
4065,0.9324550628662109,Yes
4066,0.01610756106674671,No
4067,0.011210297234356403,No
4068,0.7977476716041565,Yes
4069,0.8806732892990112,Yes
4070,0.006835727486759424,No
4071,0.0060530188493430614,No
4072,0.9525859355926514,Yes
4073,0.9324488639831543,Yes
4074,0.018059052526950836,No
4075,0.01592002436518669,No
4076,0.9150065183639526,Yes
4077,0.3776296079158783,No
4078,0.01429932564496994,No
4079,0.011208332143723965,No
4080,0.6228106021881104,Yes
4081,0.6800692081451416,Yes
4082,0.0478389598429203,No
4083,0.06072061508893967,No
4084,0.7977300882339478,Yes
4085,0.8174019455909729,Yes
4086,0.009012174792587757,No
4087,0.005511725787073374,No
4088,0.5936462879180908,Yes
4089,0.7323546409606934,Yes
4090,0.02657467871904373,No
4091,0.03346635773777962,No
4092,0.7977365851402283,Yes
4093,0.8353280425071716,Yes
4094,0.01819853112101555,No
4095,0.0294303260743618,No
4096,0.5005218386650085,Yes
4097,0.6797118782997131,Yes
4098,0.009983465075492859,No
4099,0.01419745571911335,No
4100,0.37824365496635437,No
4101,0.2455444037914276,No
4102,0.02631618082523346,No
4103,0.03340979292988777,No
4104,0.8353978991508484,Yes
4105,0.8667598962783813,Yes
4106,0.01278461143374443,No
4107,0.014447374269366264,No
4108,0.5631074905395508,Yes
4109,0.5630371570587158,Yes
4110,0.006053162273019552,No
4111,0.004948860500007868,No
4112,0.8806830644607544,Yes
4113,0.7555752992630005,Yes
4114,0.020477905869483948,No
4115,0.018082035705447197,No
4116,0.8807621002197266,Yes
4117,0.8173345923423767,Yes
4118,0.01816844381392002,No
4119,0.008843805640935898,No
4120,0.2032572478055954,No
4121,0.05430254340171814,No
4122,0.7977422475814819,Yes
4123,0.7319928407669067,Yes
4124,0.007942678406834602,No
4125,0.009905271232128143,No
4126,0.880678653717041,Yes
4127,0.7054992914199829,Yes
4128,0.033418092876672745,No
4129,0.0680139809846878,No
4130,0.5934197902679443,Yes
4131,0.7556779980659485,Yes
4132,0.014250647276639938,No
4133,0.016106095165014267,No
4134,0.7319841384887695,Yes
4135,0.7774103879928589,Yes
4136,0.0061416891403496265,No
4137,0.008816375397145748,No
4138,0.43753883242607117,No
4139,0.5321343541145325,Yes
4140,0.07617881149053574,No
4141,0.04812738671898842,No
4142,0.3219606578350067,No
4143,0.593349814414978,Yes
4144,0.04246068373322487,No
4145,0.02619737759232521,No
4146,0.5934459567070007,Yes
4147,0.09539265930652618,No
4148,0.010150598362088203,No
4149,0.007860921323299408,No
4150,0.3493141829967499,No
4151,0.43774959444999695,No
4152,0.02604600414633751,No
4153,0.020545566454529762,No
4154,0.5312293767929077,Yes
4155,0.7976558208465576,Yes
4156,0.02320866473019123,No
4157,0.037568435072898865,No
4158,0.7976152300834656,Yes
4159,0.6784063577651978,Yes
4160,0.9399705529212952,Yes
4161,0.7555986046791077,Yes
4162,0.08542769402265549,No
4163,0.060575567185878754,No
4164,0.932458758354187,Yes
4165,0.8352960348129272,Yes
4166,0.008789561688899994,No
4167,0.006874049548059702,No
4168,0.8933471441268921,Yes
4169,0.7555251121520996,Yes
4170,0.026265425607562065,No
4171,0.014614230021834373,No
4172,0.817352831363678,Yes
4173,0.9049447178840637,Yes
4174,0.014273806475102901,No
4175,0.01594742015004158,No
4176,0.8667059540748596,Yes
4177,0.5932307839393616,Yes
4178,0.007724615279585123,No
4179,0.006090570241212845,No
4180,0.5004076361656189,Yes
4181,0.3778623640537262,No
4182,0.029470479115843773,No
4183,0.03317571058869362,No
4184,0.932458758354187,Yes
4185,0.9243597388267517,Yes
4186,0.009955537505447865,No
4187,0.01118276547640562,No
4188,0.4684016704559326,No
4189,0.6514990925788879,Yes
4190,0.007769376505166292,No
4191,0.005342597607523203,No
4192,0.9324539303779602,Yes
4193,0.9399560689926147,Yes
4194,0.014159965328872204,No
4195,0.01588650420308113,No
4196,0.9466047286987305,Yes
4197,0.9049129486083984,Yes
4198,0.012505730614066124,No
4199,0.004754544701427221,No
4200,0.29544708132743835,No
4201,0.4381391108036041,No
4202,0.7319409847259521,Yes
4203,0.5628743767738342,Yes
4204,0.004755041096359491,No
4205,0.006819193251430988,No
4206,0.8807227611541748,Yes
4207,0.7976730465888977,Yes
4208,0.026233257725834846,No
4209,0.0764126181602478,No
4210,0.7556518912315369,Yes
4211,0.3219999074935913,No
4212,0.020574025809764862,No
4213,0.01617911085486412,No
4214,0.0758671760559082,No
4215,0.5002253651618958,Yes
4216,0.008846346288919449,No
4217,0.00990392453968525,No
4218,0.6784906387329102,Yes
4219,0.5319501757621765,Yes
4220,0.016176743432879448,No
4221,0.030008777976036072,No
4222,0.029401807114481926,No
4223,0.05354682728648186,No
4224,0.06792646646499634,No
4225,0.04785485193133354,No
4226,0.16528472304344177,No
4227,0.08547215908765793,No
4228,0.014233250170946121,No
4229,0.003356540109962225,No
4230,0.5321187376976013,Yes
4231,0.5320029258728027,Yes
4232,0.033231399953365326,No
4233,0.009813067503273487,No
4234,0.6796544194221497,Yes
4235,0.8667510151863098,Yes
4236,0.10696153342723846,No
4237,0.14894285798072815,No
4238,0.8806887269020081,Yes
4239,0.8172710537910461,Yes
4240,0.03745122253894806,No
4241,0.6232994198799133,Yes
4242,0.7978495359420776,Yes
4243,0.6514453291893005,Yes
4244,0.0026434247847646475,No
4245,0.00874654296785593,No
4246,0.7976687550544739,Yes
4247,0.8353468775749207,Yes
4248,0.03341683745384216,No
4249,0.029710687696933746,No
4250,0.5003153681755066,Yes
4251,0.5629783868789673,Yes
4252,0.029423845931887627,No
4253,0.02057669684290886,No
4254,0.7055490612983704,Yes
4255,0.8173434138298035,Yes
4256,0.012781735509634018,No
4257,0.009954729117453098,No
4258,0.4072590470314026,No
4259,0.2947358787059784,No
4260,0.06783882528543472,No
4261,0.018230395391583443,No
4262,0.500392496585846,Yes
4263,0.5321084260940552,Yes
4264,0.06052500754594803,No
4265,0.0681634247303009,No
4266,0.8666858077049255,Yes
4267,0.8807023167610168,Yes
4268,0.005646707024425268,No
4269,0.004948607180267572,No
4270,0.11974205821752548,No
4271,0.5002527832984924,Yes
4272,0.03316207602620125,No
4273,0.02064685709774494,No
4274,0.7056711316108704,Yes
4275,0.8513495326042175,Yes
4276,0.0061141131445765495,No
4277,0.026341352611780167,No
4278,0.8513453006744385,Yes
4279,0.8806857466697693,Yes
4280,0.9150024056434631,Yes
4281,0.9243773221969604,Yes
4282,0.029439134523272514,No
4283,0.07596861571073532,No
4284,0.9150087237358093,Yes
4285,0.9049243330955505,Yes
4286,0.007826318964362144,No
4287,0.006874680984765291,No
4288,0.8807334303855896,Yes
4289,0.866777777671814,Yes
4290,0.04245436191558838,No
4291,0.018392104655504227,No
4292,0.9049447178840637,Yes
4293,0.9049432873725891,Yes
4294,0.01253423560410738,No
4295,0.01591876894235611,No
4296,0.8173688054084778,Yes
4297,0.797710657119751,Yes
4298,0.014273189008235931,No
4299,0.0068975575268268585,No
4300,0.9049285054206848,Yes
4301,0.866773784160614,Yes
4302,0.012668212875723839,No
4303,0.047496382147073746,No
4304,0.9399685263633728,Yes
4305,0.9243659377098083,Yes
4306,0.012613226659595966,No
4307,0.007797798607498407,No
4308,0.7774590253829956,Yes
4309,0.851381242275238,Yes
4310,0.00866435281932354,No
4311,0.005359095521271229,No
4312,0.9324544072151184,Yes
4313,0.9243596792221069,Yes
4314,0.015925630927085876,No
4315,0.02036176063120365,No
4316,0.9150243401527405,Yes
4317,0.8806718587875366,Yes
4318,0.009849412366747856,No
4319,0.007706780917942524,No
4320,0.706191897392273,Yes
4321,0.777783215045929,Yes
4322,0.04784594476222992,No
4323,0.14998207986354828,No
4324,0.8173996210098267,Yes
4325,0.7977365851402283,Yes
4326,0.004844604525715113,No
4327,0.007860103622078896,No
4328,0.7980929017066956,Yes
4329,0.7779748439788818,Yes
4330,0.04249604046344757,No
4331,0.030009910464286804,No
4332,0.8514975905418396,Yes
4333,0.9049331545829773,Yes
4334,0.018228553235530853,No
4335,0.020477350801229477,No
4336,0.7557734847068787,Yes
4337,0.6227537989616394,Yes
4338,0.007796286139637232,No
4339,0.00896246638149023,No
4340,0.4687291085720062,No
4341,0.6235149502754211,Yes
4342,0.042934972792863846,No
4343,0.033672086894512177,No
4344,0.7321140766143799,Yes
4345,0.7774839401245117,Yes
4346,0.014333070255815983,No
4347,0.018263105303049088,No
4348,0.5631037950515747,Yes
4349,0.5632498264312744,Yes
4350,0.00634006317704916,No
4351,0.0061156717129051685,No
4352,0.9243696928024292,Yes
4353,0.8514113426208496,Yes
4354,0.026135887950658798,No
4355,0.0231837946921587,No
4356,0.8514302372932434,Yes
4357,0.22331207990646362,No
4358,0.023275237530469894,No
4359,0.05361803621053696,No
4360,0.5325444340705872,Yes
4361,0.7323901653289795,Yes
4362,0.07604730874300003,No
4363,0.06073465943336487,No
4364,0.8514533042907715,Yes
4365,0.8353363871574402,Yes
4366,0.0070272949524223804,No
4367,0.006070357747375965,No
4368,0.7558408379554749,Yes
4369,0.7979736924171448,Yes
4370,0.023372700437903404,No
4371,0.029844241216778755,No
4372,0.777461588382721,Yes
4373,0.7776160836219788,Yes
4374,0.02945277839899063,No
4375,0.03320827707648277,No
4376,0.6229093670845032,Yes
4377,0.7054747939109802,Yes
4378,0.007860103622078896,No
4379,0.011137486435472965,No
4380,0.5323812365531921,Yes
4381,0.6790570020675659,Yes
4382,0.04282702878117561,No
4383,0.03336736187338829,No
4384,0.777548611164093,Yes
4385,0.7775805592536926,Yes
4386,0.014366419985890388,No
4387,0.0182638056576252,No
4388,0.5004205107688904,Yes
4389,0.5323487520217896,Yes
4390,0.007028692401945591,No
4391,0.003881045849993825,No
4392,0.904934823513031,Yes
4393,0.8807111382484436,Yes
4394,0.023163778707385063,No
4395,0.020478803664445877,No
4396,0.5933665633201599,Yes
4397,0.2685374319553375,No
4398,0.018225515261292458,No
4399,0.014361493289470673,No
4400,0.012886907905340195,No
4401,0.016537480056285858,No
4402,0.43782272934913635,No
4403,0.5004296898841858,Yes
4404,0.004364391788840294,No
4405,0.007826896384358406,No
4406,0.8667405247688293,Yes
4407,0.7977699637413025,Yes
4408,0.047897692769765854,No
4409,0.06854269653558731,No
4410,0.5004391670227051,Yes
4411,0.7982025742530823,Yes
4412,0.023258022964000702,No
4413,0.009984293952584267,No
4414,0.5312432646751404,Yes
4415,0.7774314880371094,Yes
4416,0.01255131233483553,No
4417,0.006458896212279797,No
4418,0.3492594361305237,No
4419,0.22331207990646362,No
4420,0.1499914526939392,No
4421,0.009379899129271507,No
4422,0.40764620900154114,No
4423,0.04770258441567421,No
4424,0.008881228044629097,No
4425,0.023295795544981956,No
4426,0.24556495249271393,No
4427,0.37793806195259094,No
4428,0.0044987499713897705,No
4429,0.003555141855031252,No
4430,0.20277129113674164,No
4431,0.3491976857185364,No
4432,0.005359095521271229,No
4433,0.014252508990466595,No
4434,0.6515427231788635,Yes
4435,0.7774705290794373,Yes
4436,0.0182585921138525,No
4437,0.005478303879499435,No
4438,0.46825212240219116,No
4439,0.7774115800857544,Yes
4440,0.37776240706443787,No
4441,0.2951861321926117,No
4442,0.7555514574050903,Yes
4443,0.5934210419654846,Yes
4444,0.004737735725939274,No
4445,0.006035896949470043,No
4446,0.8352954983711243,Yes
4447,0.5320759415626526,Yes
4448,0.09550559520721436,No
4449,0.023293452337384224,No
4450,0.6785109639167786,Yes
4451,0.7320780754089355,Yes
4452,0.023177340626716614,No
4453,0.012611018493771553,No
4454,0.407191663980484,No
4455,0.731889009475708,Yes
4456,0.0077456021681427956,No
4457,0.011156943626701832,No
4458,0.6784557700157166,Yes
4459,0.7318578362464905,Yes
4460,0.12010978162288666,No
4461,0.06832526624202728,No
4462,0.6513267159461975,Yes
4463,0.09517043828964233,No
4464,0.03329508751630783,No
4465,0.03329508751630783,No
4466,0.16498011350631714,No
4467,0.7555069327354431,Yes
4468,0.005397767759859562,No
4469,0.0053766705095767975,No
4470,0.2948214113712311,No
4471,0.22286932170391083,No
4472,0.008627571165561676,No
4473,0.009849682450294495,No
4474,0.7773996591567993,Yes
4475,0.4681849777698517,No
4476,0.008765414357185364,No
4477,0.018165994435548782,No
4478,0.7318359613418579,Yes
4479,0.7554160952568054,Yes
4480,0.9150242805480957,Yes
4481,0.7557167410850525,Yes
4482,0.06773946434259415,No
4483,0.13399027287960052,No
4484,0.9150157570838928,Yes
4485,0.9149925112724304,Yes
4486,0.011209155432879925,No
4487,0.006140362471342087,No
4488,0.7775039672851562,Yes
4489,0.7776975631713867,Yes
4490,0.029607586562633514,No
4491,0.026349274441599846,No
4492,0.7055675387382507,Yes
4493,0.8807324171066284,Yes
4494,0.014272465370595455,No
4495,0.020398326218128204,No
4496,0.866766631603241,Yes
4497,0.8173497319221497,Yes
4498,0.02604600414633751,No
4499,0.007826318964362144,No
4500,0.349301278591156,No
4501,0.6786745190620422,Yes
4502,0.023363258689641953,No
4503,0.020477905869483948,No
4504,0.7555821537971497,Yes
4505,0.9049433469772339,Yes
4506,0.016222717240452766,No
4507,0.009955301880836487,No
4508,0.3778797686100006,No
4509,0.6227179169654846,Yes
4510,0.008789561688899994,No
4511,0.006874492391943932,No
4512,0.9399591088294983,Yes
4513,0.9243490099906921,Yes
4514,0.03314535692334175,No
4515,0.029318807646632195,No
4516,0.6785370111465454,Yes
4517,0.8173314332962036,Yes
4518,0.011238157749176025,No
4519,0.00698522524908185,No
4520,0.5630185604095459,Yes
4521,0.6790482997894287,Yes
4522,0.11986427754163742,No
4523,0.10737838596105576,No
4524,0.6785193085670471,Yes
4525,0.7976651191711426,Yes
4526,0.006987420376390219,No
4527,0.006924247834831476,No
4528,0.7322354912757874,Yes
4529,0.7321622371673584,Yes
4530,0.0477910116314888,No
4531,0.03332804515957832,No
4532,0.7977546453475952,Yes
4533,0.5630016326904297,Yes
4534,0.01826101914048195,No
4535,0.0294303260743618,No
4536,0.7555563449859619,Yes
4537,0.6786143183708191,Yes
4538,0.016322610899806023,No
4539,0.014183944091200829,No
4540,0.22348490357398987,No
4541,0.4379074275493622,No
4542,0.029703592881560326,No
4543,0.03764932230114937,No
4544,0.8514803051948547,Yes
4545,0.7977572679519653,Yes
4546,0.012612668797373772,No
4547,0.01118276547640562,No
4548,0.5323407649993896,Yes
4549,0.5629338622093201,Yes
4550,0.006955359131097794,No
4551,0.0054488470777869225,No
4552,0.8173706531524658,Yes
4553,0.731949508190155,Yes
4554,0.033146604895591736,No
4555,0.03738051652908325,No
4556,0.8667528033256531,Yes
4557,0.8805737495422363,Yes
4558,0.01600121520459652,No
4559,0.009952493011951447,No
4560,0.5934885144233704,Yes
4561,0.6232994198799133,Yes
4562,0.067934051156044,No
4563,0.0540056936442852,No
4564,0.7056266069412231,Yes
4565,0.7319481372833252,Yes
4566,0.009981034323573112,No
4567,0.011235742829740047,No
4568,0.7324284315109253,Yes
4569,0.7060297131538391,Yes
4570,0.026290288195014,No
4571,0.02673884481191635,No
4572,0.7774828672409058,Yes
4573,0.5007419586181641,Yes
4574,0.01833943836390972,No
4575,0.023228919133543968,No
4576,0.5935987234115601,Yes
4577,0.5631199479103088,Yes
4578,0.014362302608788013,No
4579,0.0231607798486948,No
4580,0.2957940101623535,No
4581,0.2244911938905716,No
4582,0.023524027317762375,No
4583,0.04831261187791824,No
4584,0.6790682077407837,Yes
4585,0.8354889154434204,Yes
4586,0.008114011958241463,No
4587,0.011239323765039444,No
4588,0.34957000613212585,No
4589,0.4075949788093567,No
4590,0.007070890627801418,No
4591,0.006898190826177597,No
4592,0.7318915724754333,Yes
4593,0.679837167263031,Yes
4594,0.02315978892147541,No
4595,0.03317272663116455,No
4596,0.6518216133117676,Yes
4597,0.5322551727294922,Yes
4598,0.01439589448273182,No
4599,0.010095064528286457,No
4600,0.014401927590370178,No
4601,0.10740508884191513,No
4602,0.7319900393486023,Yes
4603,0.5002797245979309,Yes
4604,0.004772676154971123,No
4605,0.0037094277795404196,No
4606,0.7774219512939453,Yes
4607,0.8666669130325317,Yes
4608,0.037658244371414185,No
4609,0.04255495220422745,No
4610,0.5629045367240906,Yes
4611,0.7320363521575928,Yes
4612,0.014301233924925327,No
4613,0.008816375397145748,No
4614,0.7976743578910828,Yes
4615,0.7318964600563049,Yes
4616,0.008880061097443104,No
4617,0.016025394201278687,No
4618,0.77719646692276,Yes
4619,0.4684991240501404,No
4620,0.16519269347190857,No
4621,0.22323612868785858,No
4622,0.3208664059638977,No
4623,0.26843559741973877,No
4624,0.02608884684741497,No
4625,0.026052076369524002,No
4626,0.866776168346405,Yes
4627,0.8513777852058411,Yes
4628,0.00683654984459281,No
4629,0.006091782357543707,No
4630,0.32059141993522644,No
4631,0.32186374068260193,No
4632,0.02320254035294056,No
4633,0.04235077649354935,No
4634,0.7773873209953308,Yes
4635,0.8806954622268677,Yes
4636,0.006818295922130346,No
4637,0.018171878531575203,No
4638,0.9049320220947266,Yes
4639,0.9049069881439209,Yes
4640,0.4378170371055603,No
4641,0.5006792545318604,Yes
4642,0.06794991344213486,No
4643,0.054012756794691086,No
4644,0.7555075883865356,Yes
4645,0.7055797576904297,Yes
4646,0.007795947138220072,No
4647,0.008814476430416107,No
4648,0.6517640948295593,Yes
4649,0.7557592391967773,Yes
4650,0.03760598599910736,No
4651,0.04812738671898842,No
4652,0.7555511593818665,Yes
4653,0.7320513725280762,Yes
4654,0.018196111544966698,No
4655,0.020495370030403137,No
4656,0.3782503306865692,No
4657,0.5934571027755737,Yes
4658,0.026228923350572586,No
4659,0.023144401609897614,No
4660,0.3225417137145996,No
4661,0.2456330507993698,No
4662,0.016383115202188492,No
4663,0.02631618082523346,No
4664,0.8355314135551453,Yes
4665,0.7056795358657837,Yes
4666,0.007942993193864822,No
4667,0.007028885185718536,No
4668,0.46860313415527344,No
4669,0.5933865904808044,Yes
4670,0.008728296495974064,No
4671,0.004875216167420149,No
4672,0.7774032950401306,Yes
4673,0.7976676821708679,Yes
4674,0.033206164836883545,No
4675,0.0374101959168911,No
4676,0.731983482837677,Yes
4677,0.11988568305969238,No
4678,0.009949375875294209,No
4679,0.007857190445065498,No
4680,0.06039094924926758,No
4681,0.060578394681215286,No
4682,0.3219999074935913,No
4683,0.6784970760345459,Yes
4684,0.0033559470903128386,No
4685,0.005342263262718916,No
4686,0.7318696975708008,Yes
4687,0.016024582087993622,No
4688,0.05401827394962311,No
4689,0.026265425607562065,No
4690,0.43764635920524597,No
4691,0.5629813075065613,Yes
4692,0.009903102181851864,No
4693,0.012738997116684914,No
4694,0.755484402179718,Yes
4695,0.8352875709533691,Yes
4696,0.007825578562915325,No
4697,0.011207845993340015,No
4698,0.6785826086997986,Yes
4699,0.2947240471839905,No
4700,0.06064798682928085,No
4701,0.042352572083473206,No
4702,0.13363493978977203,No
4703,0.7774039506912231,Yes
4704,0.023186473175883293,No
4705,0.033375442028045654,No
4706,0.08512839674949646,No
4707,0.22336234152317047,No
4708,0.007746408227831125,No
4709,0.004300793632864952,No
4710,0.7554430365562439,Yes
4711,0.6225805878639221,Yes
4712,0.00981202069669962,No
4713,0.03318506479263306,No
4714,0.8933120965957642,Yes
4715,0.8932900428771973,Yes
4716,0.0077456021681427956,No
4717,0.020518235862255096,No
4718,0.8806769847869873,Yes
4719,0.904961109161377,Yes
4720,0.34975725412368774,No
4721,0.37862807512283325,No
4722,0.6518789529800415,Yes
4723,0.5935401320457458,Yes
4724,0.003744443180039525,No
4725,0.0060916380025446415,No
4726,0.8173460960388184,Yes
4727,0.7774772644042969,Yes
4728,0.06045639514923096,No
4729,0.06823153048753738,No
4730,0.651585578918457,Yes
4731,0.6789346933364868,Yes
4732,0.016047656536102295,No
4733,0.020686525851488113,No
4734,0.6228768825531006,Yes
4735,0.5932576656341553,Yes
4736,0.0126379719004035,No
4737,0.020444951951503754,No
4738,0.5323681235313416,Yes
4739,0.817415177822113,Yes
4740,0.20315705239772797,No
4741,0.12017522752285004,No
4742,0.1338394284248352,No
4743,0.2685472369194031,No
4744,0.08528812974691391,No
4745,0.060467805713415146,No
4746,0.12001650035381317,No
4747,0.295134037733078,No
4748,0.007028479129076004,No
4749,0.006245913915336132,No
4750,0.322081059217453,No
4751,0.14903728663921356,No
4752,0.029536496847867966,No
4753,0.02623135969042778,No
4754,0.7319445013999939,Yes
4755,0.8353171348571777,Yes
4756,0.014328154735267162,No
4757,0.01819777302443981,No
4758,0.5000625252723694,Yes
4759,0.7773872017860413,Yes
4760,0.29541823267936707,No
4761,0.29573410749435425,No
4762,0.7556037902832031,Yes
4763,0.5937632918357849,Yes
4764,0.0034377386327832937,No
4765,0.00777008943259716,No
4766,0.8667235374450684,Yes
4767,0.8353365659713745,Yes
4768,0.04784771800041199,No
4769,0.06064798682928085,No
4770,0.5935291647911072,Yes
4771,0.7062152624130249,Yes
4772,0.016025394201278687,No
4773,0.02632175013422966,No
4774,0.6797244548797607,Yes
4775,0.7774876356124878,Yes
4776,0.010100800544023514,No
4777,0.009954391047358513,No
4778,0.755470335483551,Yes
4779,0.6784796714782715,Yes
4780,0.07632400095462799,No
4781,0.08558997511863708,No
4782,0.32224857807159424,No
4783,0.4377226233482361,No
4784,0.033297378569841385,No
4785,0.026451043784618378,No
4786,0.29521554708480835,No
4787,0.05369603633880615,No
4788,0.005595798138529062,No
4789,0.003964052069932222,No
4790,0.3221011757850647,No
4791,0.223063126206398,No
4792,0.020493457093834877,No
4793,0.033234383910894394,No
4794,0.7319168448448181,Yes
4795,0.7555534839630127,Yes
4796,0.012636782601475716,No
4797,0.012666519731283188,No
4798,0.7976927757263184,Yes
4799,0.7977535128593445,Yes
4800,0.03335929661989212,No
4801,0.13402096927165985,No
4802,0.7319982051849365,Yes
4803,0.5322409868240356,Yes
4804,0.004844884853810072,No
4805,0.004794273991137743,No
4806,0.8353137373924255,Yes
4807,0.5002210736274719,Yes
4808,0.04268306493759155,No
4809,0.06030125170946121,No
4810,0.5003207921981812,Yes
4811,0.37775278091430664,No
4812,0.018261633813381195,No
4813,0.018175434321165085,No
4814,0.20273739099502563,No
4815,0.6517297029495239,Yes
4816,0.00896246638149023,No
4817,0.014446641318500042,No
4818,0.37764427065849304,No
4819,0.32193028926849365,No
4820,0.12011757493019104,No
4821,0.06105947494506836,No
4822,0.7555199861526489,Yes
4823,0.8353129029273987,Yes
4824,0.03748505935072899,No
4825,0.04760025814175606,No
4826,0.7977722883224487,Yes
4827,0.5314117670059204,Yes
4828,0.007798370439559221,No
4829,0.014234253205358982,No
4830,0.6797162294387817,Yes
4831,0.40765389800071716,No
4832,0.012702482752501965,No
4833,0.015975385904312134,No
4834,0.6226847171783447,Yes
4835,0.03321456164121628,No
4836,0.007827132940292358,No
4837,0.012612668797373772,No
4838,0.8933138251304626,Yes
4839,0.8513922691345215,Yes
4840,0.8934096097946167,Yes
4841,0.893363893032074,Yes
4842,0.03766254708170891,No
4843,0.11979895830154419,No
4844,0.9324728846549988,Yes
4845,0.9049826860427856,Yes
4846,0.0062464759685099125,No
4847,0.006989835295826197,No
4848,0.8514478802680969,Yes
4849,0.9150126576423645,Yes
4850,0.023374812677502632,No
4851,0.029541553929448128,No
4852,0.9050256609916687,Yes
4853,0.8933735489845276,Yes
4854,0.016107939183712006,No
4855,0.011273888871073723,No
4856,0.7776675224304199,Yes
4857,0.8354511260986328,Yes
4858,0.007796861696988344,No
4859,0.009836439974606037,No
4860,0.893333911895752,Yes
4861,0.8353115320205688,Yes
4862,0.01602773927152157,No
4863,0.042298246175050735,No
4864,0.8667846918106079,Yes
4865,0.9049487709999084,Yes
4866,0.020499926060438156,No
4867,0.011160499416291714,No
4868,0.8667951822280884,Yes
4869,0.8806887269020081,Yes
4870,0.008818359114229679,No
4871,0.007726691197603941,No
4872,0.904952883720398,Yes
4873,0.9150022864341736,Yes
4874,0.02043033204972744,No
4875,0.015992185100913048,No
4876,0.904987633228302,Yes
4877,0.22280438244342804,No
4878,0.01819853112101555,No
4879,0.015961116179823875,No
4880,0.6517873406410217,Yes
4881,0.5934939980506897,Yes
4882,0.05431418865919113,No
4883,0.07632719725370407,No
4884,0.7977667450904846,Yes
4885,0.8174708485603333,Yes
4886,0.011355912312865257,No
4887,0.006989563815295696,No
4888,0.6799294948577881,Yes
4889,0.7978003025054932,Yes
4890,0.026379380375146866,No
4891,0.0376138798892498,No
4892,0.7320671677589417,Yes
4893,0.8353294730186462,Yes
4894,0.020648034289479256,No
4895,0.02623588964343071,No
4896,0.5933274626731873,Yes
4897,0.732023298740387,Yes
4898,0.007746408227831125,No
4899,0.033194951713085175,No
4900,0.6230275630950928,Yes
4901,0.43801411986351013,No
4902,0.029665235430002213,No
4903,0.03328479081392288,No
4904,0.8515571355819702,Yes
4905,0.8669947981834412,Yes
4906,0.016079895198345184,No
4907,0.014406251721084118,No
4908,0.7775223255157471,Yes
4909,0.7055118083953857,Yes
4910,0.006875669118016958,No
4911,0.004301148932427168,No
4912,0.8514437079429626,Yes
4913,0.7320394515991211,Yes
4914,0.020522164180874825,No
4915,0.023166196420788765,No
4916,0.8933231830596924,Yes
4917,0.8353317975997925,Yes
4918,0.029538901522755623,No
4919,0.01596023142337799,No
4920,0.3497312068939209,No
4921,0.07611612975597382,No
4922,0.7321519255638123,Yes
4923,0.7319836616516113,Yes
4924,0.01278426218777895,No
4925,0.011273888871073723,No
4926,0.7774310111999512,Yes
4927,0.7319053411483765,Yes
4928,0.04779784008860588,No
4929,0.07585140317678452,No
4930,0.6515347361564636,Yes
4931,0.7555260062217712,Yes
4932,0.02342088706791401,No
4933,0.02962125465273857,No
4934,0.777461588382721,Yes
4935,0.7055978775024414,Yes
4936,0.006989563815295696,No
4937,0.011273187585175037,No
4938,0.5311232805252075,Yes
4939,0.6796315908432007,Yes
4940,0.12011631578207016,No
4941,0.0764126181602478,No
4942,0.5933870673179626,Yes
4943,0.6227203011512756,Yes
4944,0.04256054013967514,No
4945,0.023425357416272163,No
4946,0.5933395624160767,Yes
4947,0.09548742324113846,No
4948,0.008767874911427498,No
4949,0.01427733525633812,No
4950,0.5934044718742371,Yes
4951,0.5629589557647705,Yes
4952,0.02616536058485508,No
4953,0.029509225860238075,No
4954,0.6226929426193237,Yes
4955,0.6797645688056946,Yes
4956,0.029612427577376366,No
4957,0.06791771203279495,No
4958,0.8667532801628113,Yes
4959,0.7553935647010803,Yes
4960,0.9324700236320496,Yes
4961,0.7057209610939026,Yes
4962,0.08573955297470093,No
4963,0.07611855864524841,No
4964,0.9243568778038025,Yes
4965,0.8353331089019775,Yes
4966,0.00683692516759038,No
4967,0.007770817261189222,No
4968,0.9049500226974487,Yes
4969,0.8667835593223572,Yes
4970,0.03337610512971878,No
4971,0.014446641318500042,No
4972,0.835482120513916,Yes
4973,0.8933208584785461,Yes
4974,0.020546257495880127,No
4975,0.01266993023455143,No
4976,0.8807024955749512,Yes
4977,0.5932844877243042,Yes
4978,0.011138642206788063,No
4979,0.01419916469603777,No
4980,0.7055978775024414,Yes
4981,0.5001769661903381,Yes
4982,0.03747748211026192,No
4983,0.03737841546535492,No
4984,0.9243642687797546,Yes
4985,0.932487964630127,Yes
4986,0.012590602040290833,No
4987,0.012704013846814632,No
4988,0.7320030331611633,Yes
4989,0.7774220108985901,Yes
4990,0.0068989223800599575,No
4991,0.00605372991412878,No
4992,0.9049719572067261,Yes
4993,0.9243436455726624,Yes
4994,0.01594785414636135,No
4995,0.015929456800222397,No
4996,0.939967691898346,Yes
4997,0.9243552684783936,Yes
4998,0.020442890003323555,No
4999,0.011057619005441666,No
5000,0.37842822074890137,No
5001,0.43800076842308044,No
5002,0.7056031823158264,Yes
5003,0.5629306435585022,Yes
5004,0.00605358649045229,No
5005,0.005553021561354399,No
5006,0.8353264927864075,Yes
5007,0.7977516055107117,Yes
5008,0.0375429205596447,No
5009,0.08528964221477509,No
5010,0.7556590437889099,Yes
5011,0.3489951491355896,No
5012,0.03341921046376228,No
5013,0.029622377827763557,No
5014,0.09535375982522964,No
5015,0.5324582457542419,Yes
5016,0.01820187084376812,No
5017,0.016051631420850754,No
5018,0.6513626575469971,Yes
5019,0.6796139478683472,Yes
5020,0.023334410041570663,No
5021,0.048051655292510986,No
5022,0.06770195811986923,No
5023,0.14878784120082855,No
5024,0.04250962287187576,No
5025,0.06816940009593964,No
5026,0.18321596086025238,No
5027,0.09566850960254669,No
5028,0.018232306465506554,No
5029,0.008713155053555965,No
5030,0.6785600781440735,Yes
5031,0.5932931303977966,Yes
5032,0.07633816450834274,No
5033,0.015950234606862068,No
5034,0.7319102883338928,Yes
5035,0.777442991733551,Yes
5036,0.14884164929389954,No
5037,0.1651638299226761,No
5038,0.8807017207145691,Yes
5039,0.7773661613464355,Yes
5040,0.060334667563438416,No
5041,0.7058979868888855,Yes
5042,0.7058700323104858,Yes
5043,0.6514773964881897,Yes
5044,0.004300691653043032,No
5045,0.006989835295826197,No
5046,0.7976558208465576,Yes
5047,0.8353317975997925,Yes
5048,0.04771396890282631,No
5049,0.04235335811972618,No
5050,0.3220260441303253,No
5051,0.4074273705482483,No
5052,0.04245734587311745,No
5053,0.04238571599125862,No
5054,0.7555261254310608,Yes
5055,0.7056649327278137,Yes
5056,0.016221560537815094,No
5057,0.014332814142107964,No
5058,0.46917083859443665,No
5059,0.5311464667320251,Yes
5060,0.11995092779397964,No
5061,0.02054869383573532,No
5062,0.6514773964881897,Yes
5063,0.5312175154685974,Yes
5064,0.06816747784614563,No
5065,0.09592703729867935,No
5066,0.9049569964408875,Yes
5067,0.8933336734771729,Yes
5068,0.007862204685807228,No
5069,0.012670706026256084,No
5070,0.3209173381328583,No
5071,0.5002998113632202,Yes
5072,0.060411661863327026,No
5073,0.029542839154601097,No
5074,0.7319560050964355,Yes
5075,0.8513761162757874,Yes
5076,0.007827132940292358,No
5077,0.04775279387831688,No
5078,0.8513559103012085,Yes
5079,0.8667464852333069,Yes
5080,0.8667982220649719,Yes
5081,0.8933348655700684,Yes
5082,0.03766552358865738,No
5083,0.09539433568716049,No
5084,0.9049553275108337,Yes
5085,0.8668248057365417,Yes
5086,0.005421835463494062,No
5087,0.007726950570940971,No
5088,0.8807069063186646,Yes
5089,0.9049312472343445,Yes
5090,0.042507071048021317,No
5091,0.0261983759701252,No
5092,0.8934056162834167,Yes
5093,0.8933287858963013,Yes
5094,0.016029860824346542,No
5095,0.014303868636488914,No
5096,0.8514095544815063,Yes
5097,0.8173417448997498,Yes
5098,0.01819968968629837,No
5099,0.01425339374691248,No
5100,0.8668304085731506,Yes
5101,0.8668026924133301,Yes
5102,0.02323160134255886,No
5103,0.06764768064022064,No
5104,0.9150097370147705,Yes
5105,0.924390971660614,Yes
5106,0.018232041969895363,No
5107,0.009905879385769367,No
5108,0.8807017207145691,Yes
5109,0.8667699098587036,Yes
5110,0.008712692186236382,No
5111,0.006115758791565895,No
5112,0.9049575328826904,Yes
5113,0.9049467444419861,Yes
5114,0.01416111085563898,No
5115,0.01593904383480549,No
5116,0.915034830570221,Yes
5117,0.8806857466697693,Yes
5118,0.011079217307269573,No
5119,0.014152164570987225,No
5120,0.6801939010620117,Yes
5121,0.7557327151298523,Yes
5122,0.05443016067147255,No
5123,0.16605108976364136,No
5124,0.8354054093360901,Yes
5125,0.8354601263999939,Yes
5126,0.004949325229972601,No
5127,0.008051327429711819,No
5128,0.8176984190940857,Yes
5129,0.7981030344963074,Yes
5130,0.04246068373322487,No
5131,0.023374812677502632,No
5132,0.8357880711555481,Yes
5133,0.8933261632919312,Yes
5134,0.029579950496554375,No
5135,0.023424943909049034,No
5136,0.7775701880455017,Yes
5137,0.5936979651451111,Yes
5138,0.007796861696988344,No
5139,0.011274239979684353,No
5140,0.5323652625083923,Yes
5141,0.7322077751159668,Yes
5142,0.06074143573641777,No
5143,0.029848316684365273,No
5144,0.7057342529296875,Yes
5145,0.8175552487373352,Yes
5146,0.023297466337680817,No
5147,0.02074139378964901,No
5148,0.7057323455810547,Yes
5149,0.6228693127632141,Yes
5150,0.005647582467645407,No
5151,0.006926401983946562,No
5152,0.8934335112571716,Yes
5153,0.817352294921875,Yes
5154,0.023334801197052002,No
5155,0.023376967757940292,No
5156,0.8354296684265137,Yes
5157,0.16534316539764404,No
5158,0.02068822644650936,No
5159,0.06019621342420578,No
5160,0.5632712841033936,Yes
5161,0.6787755489349365,Yes
5162,0.06843339651823044,No
5163,0.06833798438310623,No
5164,0.8514715433120728,Yes
5165,0.8514993786811829,Yes
5166,0.00620711874216795,No
5167,0.0068988376297056675,No
5168,0.7558337450027466,Yes
5169,0.8514715433120728,Yes
5170,0.03762025386095047,No
5171,0.03757894039154053,No
5172,0.797804594039917,Yes
5173,0.7978065013885498,Yes
5174,0.026136422529816628,No
5175,0.029622377827763557,No
5176,0.562889039516449,Yes
5177,0.755259096622467,Yes
5178,0.008790574967861176,No
5179,0.023185933008790016,No
5180,0.5630444884300232,Yes
5181,0.7322558760643005,Yes
5182,0.04804128035902977,No
5183,0.037617672234773636,No
5184,0.7978828549385071,Yes
5185,0.7557479739189148,Yes
5186,0.0182651299983263,No
5187,0.018231889232993126,No
5188,0.6228619813919067,Yes
5189,0.6227439641952515,Yes
5190,0.006990288849920034,No
5191,0.005449542310088873,No
5192,0.8175949454307556,Yes
5193,0.8668020367622375,Yes
5194,0.018152453005313873,No
5195,0.023264456540346146,No
5196,0.7774085402488708,Yes
5197,0.20281992852687836,No
5198,0.023292671889066696,No
5199,0.026066550984978676,No
5200,0.02085593342781067,No
5201,0.02971501648426056,No
5202,0.2694437503814697,No
5203,0.5004791021347046,Yes
5204,0.007827348075807095,No
5205,0.007994581945240498,No
5206,0.7776325345039368,Yes
5207,0.7775518894195557,Yes
5208,0.06808625161647797,No
5209,0.11994266510009766,No
5210,0.4379788339138031,No
5211,0.817525327205658,Yes
5212,0.04822957515716553,No
5213,0.01425339374691248,No
5214,0.6228848099708557,Yes
5215,0.651648759841919,Yes
5216,0.02943536639213562,No
5217,0.011524791829288006,No
5218,0.40745991468429565,No
5219,0.29484114050865173,No
5220,0.18417148292064667,No
5221,0.018448706716299057,No
5222,0.5006174445152283,Yes
5223,0.09528927505016327,No
5224,0.014448175206780434,No
5225,0.03772255405783653,No
5226,0.2687934637069702,No
5227,0.37794622778892517,No
5228,0.006207195110619068,No
5229,0.007828343659639359,No
5230,0.32098251581192017,No
5231,0.4074286222457886,No
5232,0.011240128427743912,No
5233,0.02046266384422779,No
5234,0.651721715927124,Yes
5235,0.6800422072410583,Yes
5236,0.0295339934527874,No
5237,0.011239895597100258,No
5238,0.3489290773868561,No
5239,0.7554355263710022,Yes
5240,0.3779308497905731,No
5241,0.2686590850353241,No
5242,0.7057666778564453,Yes
5243,0.5935609340667725,Yes
5244,0.009866740554571152,No
5245,0.006955984979867935,No
5246,0.8172861337661743,Yes
5247,0.5628588795661926,Yes
5248,0.10708940029144287,No
5249,0.02608945220708847,No
5250,0.7056164741516113,Yes
5251,0.7774884104728699,Yes
5252,0.029666386544704437,No
5253,0.020520344376564026,No
5254,0.5934459567070007,Yes
5255,0.7321015000343323,Yes
5256,0.014232754707336426,No
5257,0.016139864921569824,No
5258,0.7554000020027161,Yes
5259,0.731887698173523,Yes
5260,0.18358515202999115,No
5261,0.12046367675065994,No
5262,0.6796742081642151,Yes
5263,0.14878489077091217,No
5264,0.04275956377387047,No
5265,0.03342413157224655,No
5266,0.148868128657341,No
5267,0.777519166469574,Yes
5268,0.007709034252911806,No
5269,0.011122822761535645,No
5270,0.46934187412261963,No
5271,0.26843884587287903,No
5272,0.016008857637643814,No
5273,0.012590602040290833,No
5274,0.755316436290741,Yes
5275,0.4074594974517822,No
5276,0.018173953518271446,No
5277,0.029451798647642136,No
5278,0.7773852348327637,Yes
5279,0.7054409980773926,Yes
5280,0.9049733281135559,Yes
5281,0.7320355176925659,Yes
5282,0.09559235721826553,No
5283,0.1338384598493576,No
5284,0.9049482941627502,Yes
5285,0.8807312846183777,Yes
5286,0.006836847402155399,No
5287,0.008920050226151943,No
5288,0.7977313995361328,Yes
5289,0.8353930115699768,Yes
5290,0.03766626864671707,No
5291,0.03329852595925331,No
5292,0.6799031496047974,Yes
5293,0.8807058930397034,Yes
5294,0.020477350801229477,No
5295,0.01820209249854088,No
5296,0.8667676448822021,Yes
5297,0.7776057720184326,Yes
5298,0.02939584106206894,No
5299,0.011122532188892365,No
5300,0.6227300763130188,Yes
5301,0.7057183980941772,Yes
5302,0.02622746303677559,No
5303,0.03321189805865288,No
5304,0.8668108582496643,Yes
5305,0.9150588512420654,Yes
5306,0.020523477345705032,No
5307,0.011313230730593204,No
5308,0.6797469258308411,Yes
5309,0.7774093151092529,Yes
5310,0.008791297674179077,No
5311,0.0077087427489459515,No
5312,0.9243524670600891,Yes
5313,0.9243583679199219,Yes
5314,0.033156681805849075,No
5315,0.029399065300822258,No
5316,0.5629693269729614,Yes
5317,0.817361056804657,Yes
5318,0.014302873983979225,No
5319,0.01110343262553215,No
5320,0.6515704393386841,Yes
5321,0.6518541574478149,Yes
5322,0.1665978729724884,No
5323,0.10760807245969772,No
5324,0.7977054119110107,Yes
5325,0.797804594039917,Yes
5326,0.0062068128027021885,No
5327,0.007798041682690382,No
5328,0.777738630771637,Yes
5329,0.8353731632232666,Yes
5330,0.060416318476200104,No
5331,0.04250149056315422,No
5332,0.7556756138801575,Yes
5333,0.6514903903007507,Yes
5334,0.023294147104024887,No
5335,0.02061052806675434,No
5336,0.8354054093360901,Yes
5337,0.7555099129676819,Yes
5338,0.020648034289479256,No
5339,0.03317898139357567,No
5340,0.4684087038040161,No
5341,0.6228496432304382,Yes
5342,0.03761044144630432,No
5343,0.03750384598970413,No
5344,0.8354145288467407,Yes
5345,0.8515090346336365,Yes
5346,0.020549576729536057,No
5347,0.012670706026256084,No
5348,0.7319836616516113,Yes
5349,0.6226606369018555,Yes
5350,0.006173360161483288,No
5351,0.005398650653660297,No
5352,0.7776146531105042,Yes
5353,0.6797609925270081,Yes
5354,0.03755027800798416,No
5355,0.03323684260249138,No
5356,0.9049360156059265,Yes
5357,0.8807207345962524,Yes
5358,0.020475246012210846,No
5359,0.018096739426255226,No
5360,0.5936829447746277,Yes
5361,0.5631651878356934,Yes
5362,0.07661023736000061,No
5363,0.060737244784832,No
5364,0.679858922958374,Yes
5365,0.7557591795921326,Yes
5366,0.012702099978923798,No
5367,0.0162703488022089,No
5368,0.7326004505157471,Yes
5369,0.732274055480957,Yes
5370,0.042417027056217194,No
5371,0.029655786231160164,No
5372,0.6517252922058105,Yes
5373,0.4380829930305481,No
5374,0.016221072524785995,No
5375,0.02353896200656891,No
5376,0.678957998752594,Yes
5377,0.5632303953170776,Yes
5378,0.02064446732401848,No
5379,0.03753043711185455,No
5380,0.5006635785102844,Yes
5381,0.407871276140213,No
5382,0.02360132336616516,No
5383,0.04273998737335205,No
5384,0.7061082124710083,Yes
5385,0.8356672525405884,Yes
5386,0.011596104130148888,No
5387,0.011273888871073723,No
5388,0.5935533046722412,Yes
5389,0.43767496943473816,No
5390,0.005449542310088873,No
5391,0.006071560084819794,No
5392,0.5629938840866089,Yes
5393,0.5934024453163147,Yes
5394,0.02943119779229164,No
5395,0.03771202638745308,No
5396,0.6803410649299622,Yes
5397,0.5935905575752258,Yes
5398,0.01857415959239006,No
5399,0.016219187527894974,No
5400,0.0261983759701252,No
5401,0.16521096229553223,No
5402,0.6516055464744568,Yes
5403,0.5321735143661499,Yes
5404,0.011105327866971493,No
5405,0.0037448450457304716,No
5406,0.7319372296333313,Yes
5407,0.817366361618042,Yes
5408,0.04250526800751686,No
5409,0.07594470679759979,No
5410,0.5932705402374268,Yes
5411,0.75554358959198,Yes
5412,0.02627747878432274,No
5413,0.012590210884809494,No
5414,0.7554996013641357,Yes
5415,0.6229151487350464,Yes
5416,0.007861761376261711,No
5417,0.023206539452075958,No
5418,0.7774147987365723,Yes
5419,0.7055293321609497,Yes
5420,0.18314993381500244,No
5421,0.3492667078971863,No
5422,0.5003328919410706,Yes
5423,0.37767013907432556,No
5424,0.03754556551575661,No
5425,0.0476842001080513,No
5426,0.8521182537078857,Yes
5427,0.8513976335525513,Yes
5428,0.009867845103144646,No
5429,0.012614373117685318,No
5430,0.4076105058193207,No
5431,0.29496926069259644,No
5432,0.03767303749918938,No
5433,0.05360373854637146,No
5434,0.7318618893623352,Yes
5435,0.7977104783058167,Yes
5436,0.011068182997405529,No
5437,0.03323543444275856,No
5438,0.9049577713012695,Yes
5439,0.8806732892990112,Yes
5440,0.5313922166824341,Yes
5441,0.3780418634414673,No
5442,0.08595249056816101,No
5443,0.060739465057849884,No
5444,0.7775807976722717,Yes
5445,0.7321855425834656,Yes
5446,0.007798041682690382,No
5447,0.012669024057686329,No
5448,0.6518054604530334,Yes
5449,0.7776638269424438,Yes
5450,0.04246068373322487,No
5451,0.053732044994831085,No
5452,0.651923656463623,Yes
5453,0.7320712804794312,Yes
5454,0.020648516714572906,No
5455,0.020648939535021782,No
5456,0.3779347240924835,No
5457,0.6229389309883118,Yes
5458,0.023293452337384224,No
5459,0.04757718741893768,No
5460,0.5315056443214417,Yes
5461,0.40753117203712463,No
5462,0.02085067704319954,No
5463,0.026161862537264824,No
5464,0.8517126441001892,Yes
5465,0.7776188254356384,Yes
5466,0.011274377815425396,No
5467,0.008921610191464424,No
5468,0.6797609925270081,Yes
5469,0.6226845383644104,Yes
5470,0.007747672498226166,No
5471,0.005449487827718258,No
5472,0.6799650192260742,Yes
5473,0.777428150177002,Yes
5474,0.03755027800798416,No
5475,0.03349979221820831,No
5476,0.8173792362213135,Yes
5477,0.11999870836734772,No
5478,0.011271221563220024,No
5479,0.01602671667933464,No
5480,0.08536604791879654,No
5481,0.09543154388666153,No
5482,0.18348965048789978,No
5483,0.6784891486167908,Yes
5484,0.007860921323299408,No
5485,0.004773496184498072,No
5486,0.6513379812240601,Yes
5487,0.02948116883635521,No
5488,0.06058693677186966,No
5489,0.04227982088923454,No
5490,0.5312248468399048,Yes
5491,0.7055842280387878,Yes
5492,0.018341874703764915,No
5493,0.020609064027667046,No
5494,0.7319332957267761,Yes
5495,0.6515304446220398,Yes
5496,0.012741515412926674,No
5497,0.014330875128507614,No
5498,0.6514269709587097,Yes
5499,0.5311228036880493,Yes
5500,0.08576241135597229,No
5501,0.060336384922266006,No
5502,0.24503931403160095,No
5503,0.7976691722869873,Yes
5504,0.02616790495812893,No
5505,0.026441991329193115,No
5506,0.14884670078754425,No
5507,0.22343935072422028,No
5508,0.009905879385769367,No
5509,0.008747749961912632,No
5510,0.7774479389190674,Yes
5511,0.7055771946907043,Yes
5512,0.012535746209323406,No
5513,0.06030033528804779,No
5514,0.8513834476470947,Yes
5515,0.8933118581771851,Yes
5516,0.011160342022776604,No
5517,0.042323846369981766,No
5518,0.8667392134666443,Yes
5519,0.8933139443397522,Yes
5520,0.3783963620662689,No
5521,0.4381864666938782,No
5522,0.5641782283782959,Yes
5523,0.6230394840240479,Yes
5524,0.00782769639045,No
5525,0.006289677694439888,No
5526,0.7556012272834778,Yes
5527,0.7775302529335022,Yes
5528,0.06802836060523987,No
5529,0.09553022682666779,No
5530,0.62286376953125,Yes
5531,0.6789853572845459,Yes
5532,0.029618896543979645,No
5533,0.037673693150281906,No
5534,0.6228563189506531,Yes
5535,0.531592071056366,Yes
5536,0.020738914608955383,No
5537,0.033195916563272476,No
5538,0.6227074861526489,Yes
5539,0.6789840459823608,Yes
5540,0.24525998532772064,No
5541,0.22330942749977112,No
5542,0.20286846160888672,No
5543,0.3778679668903351,No
5544,0.08553485572338104,No
5545,0.06834252923727036,No
5546,0.12012390792369843,No
5547,0.32242095470428467,No
5548,0.008791297674179077,No
5549,0.012704312801361084,No
5550,0.34921127557754517,No
5551,0.18320797383785248,No
5552,0.05395248532295227,No
5553,0.037577494978904724,No
5554,0.7977423071861267,Yes
5555,0.7059581279754639,Yes
5556,0.023182477802038193,No
5557,0.029528269544243813,No
5558,0.37765929102897644,No
5559,0.7773881554603577,Yes
5560,0.32250717282295227,No
5561,0.3210383951663971,No
5562,0.6786686182022095,Yes
5563,0.563274085521698,Yes
5564,0.007943722419440746,No
5565,0.0055960845202207565,No
5566,0.8173382878303528,Yes
5567,0.7977294325828552,Yes
5568,0.04797603189945221,No
5569,0.0759420171380043,No
5570,0.6231635808944702,Yes
5571,0.7059613466262817,Yes
5572,0.026163514703512192,No
5573,0.042507071048021317,No
5574,0.7055996060371399,Yes
5575,0.7057304978370667,Yes
5576,0.02354132942855358,No
5577,0.014404430985450745,No
5578,0.7554532289505005,Yes
5579,0.6796478629112244,Yes
5580,0.09592001140117645,No
5581,0.12015177309513092,No
5582,0.5323524475097656,Yes
5583,0.5002553462982178,Yes
5584,0.03342367708683014,No
5585,0.026511140167713165,No
5586,0.32081612944602966,No
5587,0.08533185720443726,No
5588,0.006990288849920034,No
5589,0.011241056025028229,No
5590,0.43788960576057434,No
5591,0.22319437563419342,No
5592,0.03771365433931351,No
5593,0.04238726943731308,No
5594,0.7554919123649597,Yes
5595,0.679983377456665,Yes
5596,0.01811286248266697,No
5597,0.023331651464104652,No
5598,0.8514013886451721,Yes
5599,0.8353115320205688,Yes
5600,0.023610420525074005,No
5601,0.06153528019785881,No
5602,0.46948379278182983,No
5603,0.3511759340763092,No
5604,0.010342071764171124,No
5605,0.00901477225124836,No
5606,0.7068877816200256,Yes
5607,0.3220033049583435,No
5608,0.047853030264377594,No
5609,0.05395248532295227,No
5610,0.24543072283267975,No
5611,0.1834973692893982,No
5612,0.01830022782087326,No
5613,0.018511170521378517,No
5614,0.1201220229268074,No
5615,0.6519200205802917,Yes
5616,0.018658922985196114,No
5617,0.02967086061835289,No
5618,0.134024977684021,No
5619,0.29592570662498474,No
5620,0.13639512658119202,No
5621,0.03928607702255249,No
5622,0.35039016604423523,No
5623,0.6240257024765015,Yes
5624,0.030515536665916443,No
5625,0.04367128014564514,No
5626,0.43946680426597595,No
5627,0.4083232879638672,No
5628,0.0168515145778656,No
5629,0.010272396728396416,No
5630,0.5318673849105835,Yes
5631,0.2232625037431717,No
5632,0.029611432924866676,No
5633,0.012703834101557732,No
5634,0.2954975962638855,No
5635,0.04785071685910225,No
5636,0.020923251286149025,No
5637,0.020445315167307854,No
5638,0.4074656665325165,No
5639,0.7061784863471985,Yes
5640,0.732469916343689,Yes
5641,0.7781001329421997,Yes
5642,0.020856985822319984,No
5643,0.06119655817747116,No
5644,0.7782924175262451,Yes
5645,0.7566776871681213,Yes
5646,0.012785404920578003,No
5647,0.014333515428006649,No
5648,0.8175819516181946,Yes
5649,0.8176395893096924,Yes
5650,0.0377802848815918,No
5651,0.03792556747794151,No
5652,0.7562586665153503,Yes
5653,0.7327709794044495,Yes
5654,0.014497383497655392,No
5655,0.02068953961133957,No
5656,0.7778310179710388,Yes
5657,0.817672073841095,Yes
5658,0.01654118485748768,No
5659,0.01486009731888771,No
5660,0.8669686317443848,Yes
5661,0.7981370687484741,Yes
5662,0.030120493844151497,No
5663,0.03859051316976547,No
5664,0.79852694272995,Yes
5665,0.8676875233650208,Yes
5666,0.02085842564702034,No
5667,0.012641595676541328,No
5668,0.8179807662963867,Yes
5669,0.7568991780281067,Yes
5670,0.010058723390102386,No
5671,0.008882058784365654,No
5672,0.7777109146118164,Yes
5673,0.8669279217720032,Yes
5674,0.020577600225806236,No
5675,0.014253835193812847,No
5676,0.7323344945907593,Yes
5677,0.348985493183136,No
5678,0.026274843141436577,No
5679,0.026322776451706886,No
5680,0.4403532147407532,No
5681,0.40886351466178894,No
5682,0.038651276379823685,No
5683,0.04893496260046959,No
5684,0.534690260887146,Yes
5685,0.5958587527275085,Yes
5686,0.018853522837162018,No
5687,0.01627221144735813,No
5688,0.5330525636672974,Yes
5689,0.5941417217254639,Yes
5690,0.06135419383645058,No
5691,0.09573011845350266,No
5692,0.5639697909355164,Yes
5693,0.6522699594497681,Yes
5694,0.016458528116345406,No
5695,0.029850469902157784,No
5696,0.4709819555282593,No
5697,0.6234467029571533,Yes
5698,0.02677810937166214,No
5699,0.04780469834804535,No
5700,0.594920814037323,Yes
5701,0.5341222286224365,Yes
5702,0.03409726172685623,No
5703,0.034614477306604385,No
5704,0.8190403580665588,Yes
5705,0.8532779216766357,Yes
5706,0.02412598207592964,No
5707,0.026382122188806534,No
5708,0.6803612112998962,Yes
5709,0.680339515209198,Yes
5710,0.009134456515312195,No
5711,0.011200478300452232,No
5712,0.7982515692710876,Yes
5713,0.6523013114929199,Yes
5714,0.029618896543979645,No
5715,0.023422587662935257,No
5716,0.7561126947402954,Yes
5717,0.7978227734565735,Yes
5718,0.042551521211862564,No
5719,0.02347325161099434,No
5720,0.15158294141292572,No
5721,0.043317001312971115,No
5722,0.5644400715827942,Yes
5723,0.43972358107566833,No
5724,0.016459578648209572,No
5725,0.012954279780387878,No
5726,0.6807270646095276,Yes
5727,0.46964308619499207,No
5728,0.06052727997303009,No
5729,0.09582112729549408,No
5730,0.500904381275177,Yes
5731,0.5636492967605591,Yes
5732,0.023477142676711082,No
5733,0.018751461058855057,No
5734,0.5938708186149597,Yes
5735,0.5319516658782959,Yes
5736,0.01654023863375187,No
5737,0.026278380304574966,No
5738,0.3783915638923645,No
5739,0.3215397000312805,No
5740,0.0970955565571785,No
5741,0.07727347314357758,No
5742,0.3242514133453369,No
5743,0.380014568567276,No
5744,0.034006211906671524,No
5745,0.03086337074637413,No
5746,0.4710933566093445,No
5747,0.07664981484413147,No
5748,0.017499927431344986,No
5749,0.01199133601039648,No
5750,0.35119280219078064,No
5751,0.2965642511844635,No
5752,0.023294774815440178,No
5753,0.01834249310195446,No
5754,0.32118597626686096,No
5755,0.4697093069553375,No
5756,0.05410562455654144,No
5757,0.04767164587974548,No
5758,0.6229772567749023,Yes
5759,0.5630516409873962,Yes
5760,0.8356655240058899,Yes
5761,0.47006577253341675,No
5762,0.04859906807541847,No
5763,0.04387325420975685,No
5764,0.7065876722335815,Yes
5765,0.623622477054596,Yes
5766,0.016327908262610435,No
5767,0.020611528307199478,No
5768,0.77772456407547,Yes
5769,0.6231459975242615,Yes
5770,0.03801353648304939,No
5771,0.04294810816645622,No
5772,0.5636492967605591,Yes
5773,0.835785984992981,Yes
5774,0.018446600064635277,No
5775,0.018343042582273483,No
5776,0.6521590948104858,Yes
5777,0.7062029242515564,Yes
5778,0.023295795544981956,No
5779,0.016327571123838425,No
5780,0.6795015335083008,Yes
5781,0.501696765422821,Yes
5782,0.04804898798465729,No
5783,0.038308922201395035,No
5784,0.9052854180335999,Yes
5785,0.9054526686668396,Yes
5786,0.018581686541438103,No
5787,0.018303191289305687,No
5788,0.6530932188034058,Yes
5789,0.7331967353820801,Yes
5790,0.006709438748657703,No
5791,0.008268495090305805,No
5792,0.8176344037055969,Yes
5793,0.893423318862915,Yes
5794,0.016079019755125046,No
5795,0.014253835193812847,No
5796,0.8811044692993164,Yes
5797,0.8667374849319458,Yes
5798,0.03339526057243347,No
5799,0.023374181240797043,No
5800,0.13487832248210907,No
5801,0.29589390754699707,No
5802,0.46921074390411377,No
5803,0.3502117693424225,No
5804,0.011406593024730682,No
5805,0.01858135685324669,No
5806,0.7065632343292236,Yes
5807,0.6231867074966431,Yes
5808,0.03356318548321724,No
5809,0.1659044623374939,No
5810,0.5945490002632141,Yes
5811,0.18331627547740936,No
5812,0.03800579532980919,No
5813,0.023778101429343224,No
5814,0.14948298037052155,No
5815,0.40893885493278503,No
5816,0.026508014649152756,No
5817,0.03329174220561981,No
5818,0.37852734327316284,No
5819,0.18386349081993103,No
5820,0.05421126261353493,No
5821,0.04915313795208931,No
5822,0.06844200938940048,No
5823,0.08597539365291595,No
5824,0.0692252442240715,No
5825,0.08706866949796677,No
5826,0.1662464141845703,No
5827,0.14973530173301697,No
5828,0.010343335568904877,No
5829,0.018582791090011597,No
5830,0.468965083360672,No
5831,0.34941670298576355,No
5832,0.03791926056146622,No
5833,0.03326268866658211,No
5834,0.5316553711891174,Yes
5835,0.7981477975845337,Yes
5836,0.18398377299308777,No
5837,0.09535861015319824,No
5838,0.5936945080757141,Yes
5839,0.5009180307388306,Yes
5840,0.060747288167476654,No
5841,0.3511597812175751,No
5842,0.4396924078464508,No
5843,0.37921756505966187,No
5844,0.00920519232749939,No
5845,0.014767718501389027,No
5846,0.6239626407623291,Yes
5847,0.7780164480209351,Yes
5848,0.0334002785384655,No
5849,0.020648939535021782,No
5850,0.2455405443906784,No
5851,0.3496982753276825,No
5852,0.02972211316227913,No
5853,0.023479918017983437,No
5854,0.5637014508247375,Yes
5855,0.5638470649719238,Yes
5856,0.02658751979470253,No
5857,0.023480115458369255,No
5858,0.24597299098968506,No
5859,0.18342158198356628,No
5860,0.09603387117385864,No
5861,0.033898383378982544,No
5862,0.47046762704849243,No
5863,0.2970840334892273,No
5864,0.06136489287018776,No
5865,0.0968618243932724,No
5866,0.680801510810852,Yes
5867,0.7059776186943054,Yes
5868,0.01341945305466652,No
5869,0.011618460528552532,No
5870,0.29657551646232605,No
5871,0.4394208490848541,No
5872,0.0425533689558506,No
5873,0.02978314831852913,No
5874,0.43857163190841675,No
5875,0.6518484950065613,Yes
5876,0.023777171969413757,No
5877,0.05411098524928093,No
5878,0.7059190273284912,Yes
5879,0.7057018280029297,Yes
5880,0.7778552174568176,Yes
5881,0.7776945233345032,Yes
5882,0.029931118711829185,No
5883,0.06120257452130318,No
5884,0.6533926725387573,Yes
5885,0.6811025738716125,Yes
5886,0.012890838086605072,No
5887,0.018176110461354256,No
5888,0.7321494817733765,Yes
5889,0.7065766453742981,Yes
5890,0.037850089371204376,No
5891,0.03387400135397911,No
5892,0.7981289029121399,Yes
5893,0.817983865737915,Yes
5894,0.0182638056576252,No
5895,0.026326294988393784,No
5896,0.563787579536438,Yes
5897,0.6517559885978699,Yes
5898,0.02668052539229393,No
5899,0.018661104142665863,No
5900,0.835709273815155,Yes
5901,0.8357791304588318,Yes
5902,0.03848913684487343,No
5903,0.06856600195169449,No
5904,0.8519842028617859,Yes
5905,0.8545467257499695,Yes
5906,0.01858287863433361,No
5907,0.014449390582740307,No
5908,0.7983989119529724,Yes
5909,0.8179011940956116,Yes
5910,0.007828343659639359,No
5911,0.008051441051065922,No
5912,0.8176690340042114,Yes
5913,0.851827085018158,Yes
5914,0.020577965304255486,No
5915,0.016053279861807823,No
5916,0.7323456406593323,Yes
5917,0.755480170249939,Yes
5918,0.02054869383573532,No
5919,0.016141166910529137,No
5920,0.5656080842018127,Yes
5921,0.4704847037792206,No
5922,0.035071324557065964,No
5923,0.08732415735721588,No
5924,0.5648834109306335,Yes
5925,0.6536470651626587,Yes
5926,0.01851155236363411,No
5927,0.014448379166424274,No
5928,0.7328914403915405,Yes
5929,0.756858229637146,Yes
5930,0.06815972179174423,No
5931,0.07677941024303436,No
5932,0.6241867542266846,Yes
5933,0.6804553866386414,Yes
5934,0.030018143355846405,No
5935,0.02085593342781067,No
5936,0.5950033664703369,Yes
5937,0.6233728528022766,Yes
5938,0.023780247196555138,No
5939,0.02109847590327263,No
5940,0.40944093465805054,No
5941,0.6253136992454529,Yes
5942,0.07029267400503159,No
5943,0.044351644814014435,No
5944,0.7336623072624207,Yes
5945,0.7993288636207581,Yes
5946,0.03036396950483322,No
5947,0.03370843455195427,No
5948,0.5950787663459778,Yes
5949,0.5026465654373169,Yes
5950,0.007847997359931469,No
5951,0.006340910214930773,No
5952,0.7982133030891418,Yes
5953,0.7325418591499329,Yes
5954,0.020925967022776604,No
5955,0.026509515941143036,No
5956,0.5942726135253906,Yes
5957,0.32098686695098877,No
5958,0.04317278042435646,No
5959,0.09546919167041779,No
5960,0.47043848037719727,No
5961,0.47047916054725647,No
5962,0.06966876983642578,No
5963,0.04993433877825737,No
5964,0.652662456035614,Yes
5965,0.6249423027038574,Yes
5966,0.026507128030061722,No
5967,0.018264591693878174,No
5968,0.6530765295028687,Yes
5969,0.7064064741134644,Yes
5970,0.07652988284826279,No
5971,0.07664407789707184,No
5972,0.40827101469039917,No
5973,0.5020527839660645,Yes
5974,0.037843286991119385,No
5975,0.03848525881767273,No
5976,0.5013732314109802,Yes
5977,0.6517769694328308,Yes
5978,0.016327908262610435,No
5979,0.06059342250227928,No
5980,0.40886351466178894,No
5981,0.5026389956474304,Yes
5982,0.03883083909749985,No
5983,0.03883486986160278,No
5984,0.8364066481590271,Yes
5985,0.7791470289230347,Yes
5986,0.03067893534898758,No
5987,0.02985573001205921,No
5988,0.6246961355209351,Yes
5989,0.5023341178894043,Yes
5990,0.009381351992487907,No
5991,0.009894054383039474,No
5992,0.6523486375808716,Yes
5993,0.8177362084388733,Yes
5994,0.020648939535021782,No
5995,0.02353966422379017,No
5996,0.4690575897693634,No
5997,0.32213303446769714,No
5998,0.038100793957710266,No
5999,0.04293843358755112,No
6000,0.02650880254805088,No
6001,0.030113432556390762,No
6002,0.20494019985198975,No
6003,0.2712779641151428,No
6004,0.011677698232233524,No
6005,0.014963136985898018,No
6006,0.6249423027038574,Yes
6007,0.6521329283714294,Yes
6008,0.08559267967939377,No
6009,0.16588307917118073,No
6010,0.29558005928993225,No
6011,0.5959099531173706,Yes
6012,0.026584461331367493,No
6013,0.026508014649152756,No
6014,0.2952723801136017,No
6015,0.5320548415184021,Yes
6016,0.04798155650496483,No
6017,0.02119981124997139,No
6018,0.26963359117507935,No
6019,0.12076663225889206,No
6020,0.1683468371629715,No
6021,0.034422632306814194,No
6022,0.29857707023620605,No
6023,0.08625102788209915,No
6024,0.024634959176182747,No
6025,0.03884236887097359,No
6026,0.296838641166687,No
6027,0.43922123312950134,No
6028,0.021599533036351204,No
6029,0.018857138231396675,No
6030,0.22478987276554108,No
6031,0.35090237855911255,No
6032,0.01826218143105507,No
6033,0.03350056707859039,No
6034,0.43964412808418274,No
6035,0.4701949954032898,No
6036,0.06064798682928085,No
6037,0.02054903842508793,No
6038,0.24596944451332092,No
6039,0.6230364441871643,Yes
6040,0.134114608168602,No
6041,0.1343475878238678,No
6042,0.5349085330963135,Yes
6043,0.38078561425209045,No
6044,0.01270339172333479,No
6045,0.011356266215443611,No
6046,0.6522184610366821,Yes
6047,0.32080772519111633,No
6048,0.09547926485538483,No
6049,0.012640958651900291,No
6050,0.6520518660545349,Yes
6051,0.5639039278030396,Yes
6052,0.026377005502581596,No
6053,0.02109585702419281,No
6054,0.5014064908027649,Yes
6055,0.5635465383529663,Yes
6056,0.014551768079400063,No
6057,0.02069137431681156,No
6058,0.4697926342487335,No
6059,0.34960079193115234,No
6060,0.0876406580209732,No
6061,0.061727020889520645,No
6062,0.40827617049217224,No
6063,0.1204727292060852,No
6064,0.05473935976624489,No
6065,0.04834767058491707,No
6066,0.18386679887771606,No
6067,0.5317710041999817,Yes
6068,0.014617099426686764,No
6069,0.01461681816726923,No
6070,0.35064762830734253,No
6071,0.24692875146865845,No
6072,0.023233462125062943,No
6073,0.01617955043911934,No
6074,0.6516304016113281,Yes
6075,0.37770509719848633,No
6076,0.03362062945961952,No
6077,0.033190637826919556,No
6078,0.593447744846344,Yes
6079,0.5320702791213989,Yes
6080,0.8178307414054871,Yes
6081,0.5319375991821289,Yes
6082,0.0377802848815918,No
6083,0.06868737936019897,No
6084,0.5942550301551819,Yes
6085,0.6806004047393799,Yes
6086,0.016273340210318565,No
6087,0.018302403390407562,No
6088,0.6231760382652283,Yes
6089,0.6520432233810425,Yes
6090,0.04791271314024925,No
6091,0.05395932123064995,No
6092,0.4700249433517456,No
6093,0.8178225755691528,Yes
6094,0.016221560537815094,No
6095,0.03339969366788864,No
6096,0.6522387862205505,Yes
6097,0.7059482932090759,Yes
6098,0.06809619069099426,No
6099,0.013199929147958755,No
6100,0.7327238917350769,Yes
6101,0.7327016592025757,Yes
6102,0.02667027898132801,No
6103,0.030361611396074295,No
6104,0.8671890497207642,Yes
6105,0.915363609790802,Yes
6106,0.01885795034468174,No
6107,0.016181251034140587,No
6108,0.6524807810783386,Yes
6109,0.6795015335083008,Yes
6110,0.01020821277052164,No
6111,0.009381351992487907,No
6112,0.8668231964111328,Yes
6113,0.8355386853218079,Yes
6114,0.029579266905784607,No
6115,0.02337624877691269,No
6116,0.5008590817451477,Yes
6117,0.6799031496047974,Yes
6118,0.029784636572003365,No
6119,0.020642271265387535,No
6120,0.4080813229084015,No
6121,0.4084605574607849,No
6122,0.10839217156171799,No
6123,0.06134536489844322,No
6124,0.5947267413139343,Yes
6125,0.6243591904640198,Yes
6126,0.023476354777812958,No
6127,0.018231505528092384,No
6128,0.6808542609214783,Yes
6129,0.623308539390564,Yes
6130,0.1342271864414215,No
6131,0.09565632045269012,No
6132,0.5321640372276306,Yes
6133,0.3505741357803345,No
6134,0.01850753277540207,No
6135,0.026438456028699875,No
6136,0.6241344213485718,Yes
6137,0.6518257856369019,Yes
6138,0.029852844774723053,No
6139,0.06803387403488159,No
6140,0.4396055340766907,No
6141,0.6524954438209534,Yes
6142,0.03833796828985214,No
6143,0.03847718983888626,No
6144,0.7786632776260376,Yes
6145,0.8362446427345276,Yes
6146,0.023542139679193497,No
6147,0.0234263613820076,No
6148,0.6797161102294922,Yes
6149,0.6243944764137268,Yes
6150,0.007179452106356621,No
6151,0.008268299512565136,No
6152,0.5944353342056274,Yes
6153,0.5010566711425781,Yes
6154,0.033445458859205246,No
6155,0.03344712033867836,No
6156,0.756095826625824,Yes
6157,0.8668639063835144,Yes
6158,0.033314164727926254,No
6159,0.026158412918448448,No
6160,0.5323314666748047,Yes
6161,0.4088893234729767,No
6162,0.05532551929354668,No
6163,0.04859906807541847,No
6164,0.5947579741477966,Yes
6165,0.6243019700050354,Yes
6166,0.023606332018971443,No
6167,0.026325145736336708,No
6168,0.6803889274597168,Yes
6169,0.6526157855987549,Yes
6170,0.0606556162238121,No
6171,0.060947395861148834,No
6172,0.5934309363365173,Yes
6173,0.5017088651657104,Yes
6174,0.02360725589096546,No
6175,0.02637597732245922,No
6176,0.5332108736038208,Yes
6177,0.7060610055923462,Yes
6178,0.029668252915143967,No
6179,0.042510081082582474,No
6180,0.5944420695304871,Yes
6181,0.5336384773254395,Yes
6182,0.03863555192947388,No
6183,0.04385052248835564,No
6184,0.7570744752883911,Yes
6185,0.8816311359405518,Yes
6186,0.02120101824402809,No
6187,0.02085891366004944,No
6188,0.6239230632781982,Yes
6189,0.6241435408592224,Yes
6190,0.010517606511712074,No
6191,0.01159650832414627,No
6192,0.500731885433197,Yes
6193,0.6523606777191162,Yes
6194,0.029575463384389877,No
6195,0.03770722076296806,No
6196,0.5947445631027222,Yes
6197,0.5938611030578613,Yes
6198,0.04821242764592171,No
6199,0.029771747067570686,No
6200,0.023479918017983437,No
6201,0.09630473703145981,No
6202,0.47050705552101135,No
6203,0.29612767696380615,No
6204,0.014405324123799801,No
6205,0.01152550894767046,No
6206,0.5942327380180359,Yes
6207,0.6801895499229431,Yes
6208,0.06052820011973381,No
6209,0.07653423398733139,No
6210,0.5012203454971313,Yes
6211,0.501050591468811,Yes
6212,0.02354174666106701,No
6213,0.020856985822319984,No
6214,0.532701313495636,Yes
6215,0.4076293706893921,No
6216,0.016460411250591278,No
6217,0.026237156242132187,No
6218,0.6233990788459778,Yes
6219,0.37853920459747314,No
6220,0.1500377357006073,No
6221,0.2241111546754837,No
6222,0.3242879807949066,No
6223,0.24636194109916687,No
6224,0.02702573500573635,No
6225,0.03820879012346268,No
6226,0.5936955809593201,Yes
6227,0.6799413561820984,Yes
6228,0.01135674212127924,No
6229,0.011876213364303112,No
6230,0.29531121253967285,No
6231,0.3504229784011841,No
6232,0.02337583526968956,No
6233,0.02638053148984909,No
6234,0.5004396438598633,Yes
6235,0.6804867386817932,Yes
6236,0.014447035267949104,No
6237,0.03321315348148346,No
6238,0.5009351372718811,Yes
6239,0.7774950861930847,Yes
6240,0.40842869877815247,No
6241,0.47016990184783936,No
6242,0.0551014319062233,No
6243,0.055340759456157684,No
6244,0.6530672311782837,Yes
6245,0.5645965933799744,Yes
6246,0.023477841168642044,No
6247,0.02616582252085209,No
6248,0.6231157183647156,Yes
6249,0.5639444589614868,Yes
6250,0.07625706493854523,No
6251,0.10751759260892868,No
6252,0.5637955069541931,Yes
6253,0.6236017942428589,Yes
6254,0.02643934078514576,No
6255,0.029850469902157784,No
6256,0.533018946647644,Yes
6257,0.6520010232925415,Yes
6258,0.0427582822740078,No
6259,0.05383586511015892,No
6260,0.47009047865867615,No
6261,0.40885403752326965,No
6262,0.024271193891763687,No
6263,0.027169447392225266,No
6264,0.8367312550544739,Yes
6265,0.7987695932388306,Yes
6266,0.01673797145485878,No
6267,0.018512677401304245,No
6268,0.6239559650421143,Yes
6269,0.5646309852600098,Yes
6270,0.008964482694864273,No
6271,0.008268667384982109,No
6272,0.5947380065917969,Yes
6273,0.732410192489624,Yes
6274,0.02962125465273857,No
6275,0.026377886533737183,No
6276,0.652286171913147,Yes
6277,0.20304860174655914,No
6278,0.02336830459535122,No
6279,0.023326480761170387,No
6280,0.042558737099170685,No
6281,0.04797834903001785,No
6282,0.15019790828227997,No
6283,0.2691945731639862,No
6284,0.013024876825511456,No
6285,0.009070954285562038,No
6286,0.5936579704284668,Yes
6287,0.08522818982601166,No
6288,0.05395794287323952,No
6289,0.029622871428728104,No
6290,0.43855321407318115,No
6291,0.40769997239112854,No
6292,0.02073829434812069,No
6293,0.018658922985196114,No
6294,0.5632577538490295,Yes
6295,0.531582772731781,Yes
6296,0.016389921307563782,No
6297,0.02623588964343071,No
6298,0.321123868227005,No
6299,0.1504276543855667,No
6300,0.06868737936019897,No
6301,0.0766521468758583,No
6302,0.135186105966568,No
6303,0.3506722152233124,No
6304,0.043184272944927216,No
6305,0.030361611396074295,No
6306,0.1655452847480774,No
6307,0.2462044209241867,No
6308,0.010623067617416382,No
6309,0.013107157312333584,No
6310,0.6517193913459778,Yes
6311,0.46879464387893677,No
6312,0.020578311756253242,No
6313,0.023477142676711082,No
6314,0.7980461120605469,Yes
6315,0.7321355938911438,Yes
6316,0.03810714930295944,No
6317,0.04241909086704254,No
6318,0.531535804271698,Yes
6319,0.6233457326889038,Yes
6320,0.1342271864414215,No
6321,0.1506521999835968,No
6322,0.35229095816612244,No
6323,0.3511888384819031,No
6324,0.013024607673287392,No
6325,0.018753601238131523,No
6326,0.594573438167572,Yes
6327,0.6232693791389465,Yes
6328,0.08568017184734344,No
6329,0.1339271068572998,No
6330,0.532189130783081,Yes
6331,0.4703802168369293,No
6332,0.026276331394910812,No
6333,0.029930315911769867,No
6334,0.4086850583553314,No
6335,0.5318470001220703,Yes
6336,0.02650880254805088,No
6337,0.08533228188753128,No
6338,0.29609501361846924,No
6339,0.32289639115333557,No
6340,0.16643543541431427,No
6341,0.09707170724868774,No
6342,0.13539917767047882,No
6343,0.24788977205753326,No
6344,0.06856434792280197,No
6345,0.08625681698322296,No
6346,0.2053009569644928,No
6347,0.35043030977249146,No
6348,0.012281239964067936,No
6349,0.011200003325939178,No
6350,0.323729008436203,No
6351,0.22506055235862732,No
6352,0.02643742598593235,No
6353,0.026584461331367493,No
6354,0.6790682077407837,Yes
6355,0.5644071102142334,Yes
6356,0.03765644133090973,No
6357,0.023147031664848328,No
6358,0.40818580985069275,No
6359,0.5325744152069092,Yes
6360,0.15090630948543549,No
6361,0.150657057762146,No
6362,0.5345476865768433,Yes
6363,0.3812374472618103,No
6364,0.011596311815083027,No
6365,0.013106337748467922,No
6366,0.5944576263427734,Yes
6367,0.651934027671814,Yes
6368,0.06066226214170456,No
6369,0.10752060264348984,No
6370,0.5022943019866943,Yes
6371,0.4707469344139099,No
6372,0.02978394739329815,No
6373,0.030357711017131805,No
6374,0.5938930511474609,Yes
6375,0.5638428330421448,Yes
6376,0.03428373485803604,No
6377,0.03332365304231644,No
6378,0.46964019536972046,No
6379,0.43939408659935,No
6380,0.07802950590848923,No
6381,0.08706128597259521,No
6382,0.3522973954677582,No
6383,0.29786890745162964,No
6384,0.034135326743125916,No
6385,0.0434894897043705,No
6386,0.2963312864303589,No
6387,0.0763431116938591,No
6388,0.007597107440233231,No
6389,0.009243128821253777,No
6390,0.4400521218776703,No
6391,0.3792566657066345,No
6392,0.026377886533737183,No
6393,0.037845686078071594,No
6394,0.532945454120636,Yes
6395,0.4710689187049866,No
6396,0.03349408507347107,No
6397,0.033233411610126495,No
6398,0.5945396423339844,Yes
6399,0.5328766703605652,Yes
6400,0.0265914686024189,No
6401,0.06120648607611656,No
6402,0.7979333996772766,Yes
6403,0.3500426411628723,No
6404,0.004250143188983202,No
6405,0.0037894693668931723,No
6406,0.8515907526016235,Yes
6407,0.5932031273841858,Yes
6408,0.03831545636057854,No
6409,0.037762612104415894,No
6410,0.37885555624961853,No
6411,0.2951362133026123,No
6412,0.008767643012106419,No
6413,0.007726786192506552,No
6414,0.20274527370929718,No
6415,0.7982298135757446,Yes
6416,0.008818413130939007,No
6417,0.016010021790862083,No
6418,0.3498929738998413,No
6419,0.26859912276268005,No
6420,0.07912362366914749,No
6421,0.044114064425230026,No
6422,0.7978869676589966,Yes
6423,0.8935286998748779,Yes
6424,0.03356504812836647,No
6425,0.029673414304852486,No
6426,0.7560190558433533,Yes
6427,0.6520578265190125,Yes
6428,0.007593350484967232,No
6429,0.009135211817920208,No
6430,0.6518794298171997,Yes
6431,0.4692714810371399,No
6432,0.012535746209323406,No
6433,0.011091632768511772,No
6434,0.5630709528923035,Yes
6435,0.018152233213186264,No
6436,0.00869863573461771,No
6437,0.01802978664636612,No
6438,0.8808704614639282,Yes
6439,0.8178176879882812,Yes
6440,0.9151885509490967,Yes
6441,0.9151854515075684,Yes
6442,0.023376967757940292,No
6443,0.1072692722082138,No
6444,0.952617883682251,Yes
6445,0.940061628818512,Yes
6446,0.005422276444733143,No
6447,0.008729787543416023,No
6448,0.9151740074157715,Yes
6449,0.905072808265686,Yes
6450,0.02632756717503071,No
6451,0.023377738893032074,No
6452,0.9400383830070496,Yes
6453,0.9244050979614258,Yes
6454,0.006092209368944168,No
6455,0.008881622925400734,No
6456,0.7556405663490295,Yes
6457,0.9050039649009705,Yes
6458,0.006990053690969944,No
6459,0.01283580344170332,No
6460,0.9526435732841492,Yes
6461,0.9244409203529358,Yes
6462,0.012640958651900291,No
6463,0.04771715775132179,No
6464,0.9325161576271057,Yes
6465,0.9400417804718018,Yes
6466,0.02333643101155758,No
6467,0.009906585328280926,No
6468,0.8519707322120667,Yes
6469,0.880791187286377,Yes
6470,0.005596756935119629,No
6471,0.006246935110539198,No
6472,0.9579076170921326,Yes
6473,0.9400100708007812,Yes
6474,0.009787380695343018,No
6475,0.00769220944494009,No
6476,0.924395740032196,Yes
6477,0.7054545879364014,Yes
6478,0.01600824110209942,No
6479,0.023207079619169235,No
6480,0.7067754864692688,Yes
6481,0.6527320742607117,Yes
6482,0.06834252923727036,No
6483,0.05431418865919113,No
6484,0.8176279067993164,Yes
6485,0.8672822117805481,Yes
6486,0.007123556453734636,No
6487,0.006990219000726938,No
6488,0.7332144975662231,Yes
6489,0.7328866124153137,Yes
6490,0.016851341351866722,No
6491,0.033334340900182724,No
6492,0.8175883293151855,Yes
6493,0.8515016436576843,Yes
6494,0.011239895597100258,No
6495,0.018393153324723244,No
6496,0.6520386934280396,Yes
6497,0.8175381422042847,Yes
6498,0.00901477225124836,No
6499,0.02318722940981388,No
6500,0.471171498298645,No
6501,0.5018187761306763,Yes
6502,0.029930315911769867,No
6503,0.030354904010891914,No
6504,0.893652081489563,Yes
6505,0.9247868061065674,Yes
6506,0.011462889611721039,No
6507,0.016143087297677994,No
6508,0.7991227507591248,Yes
6509,0.7330864667892456,Yes
6510,0.006709810812026262,No
6511,0.007397606037557125,No
6512,0.9244034886360168,Yes
6513,0.851654052734375,Yes
6514,0.012589985504746437,No
6515,0.014366419985890388,No
6516,0.9151304364204407,Yes
6517,0.9150546193122864,Yes
6518,0.02658751979470253,No
6519,0.012702099978923798,No
6520,0.2706338167190552,No
6521,0.05421175807714462,No
6522,0.8670868277549744,Yes
6523,0.7560943365097046,Yes
6524,0.008881933055818081,No
6525,0.003964368253946304,No
6526,0.8514856100082397,Yes
6527,0.8174209594726562,Yes
6528,0.04823765531182289,No
6529,0.06792735308408737,No
6530,0.706209123134613,Yes
6531,0.8516584634780884,Yes
6532,0.012640411034226418,No
6533,0.012670156545937061,No
6534,0.8355296850204468,Yes
6535,0.8669279217720032,Yes
6536,0.0048455651849508286,No
6537,0.012641333043575287,No
6538,0.6516544222831726,Yes
6539,0.5320979952812195,Yes
6540,0.08734653890132904,No
6541,0.054571185261011124,No
6542,0.5941092371940613,Yes
6543,0.5644127726554871,Yes
6544,0.03801294416189194,No
6545,0.015079652890563011,No
6546,0.6233184337615967,Yes
6547,0.10727814584970474,No
6548,0.008374104276299477,No
6549,0.007713689003139734,No
6550,0.6244853734970093,Yes
6551,0.6525781154632568,Yes
6552,0.01600935310125351,No
6553,0.018230019137263298,No
6554,0.7056845426559448,Yes
6555,0.8669228553771973,Yes
6556,0.018231282010674477,No
6557,0.03316979855298996,No
6558,0.8809606432914734,Yes
6559,0.732128918170929,Yes
6560,0.9400560259819031,Yes
6561,0.8176999688148499,Yes
6562,0.06816493719816208,No
6563,0.04846377298235893,No
6564,0.9325132369995117,Yes
6565,0.8669049739837646,Yes
6566,0.00884883850812912,No
6567,0.008768136613070965,No
6568,0.8936019539833069,Yes
6569,0.7779857516288757,Yes
6570,0.02644413895905018,No
6571,0.01834600418806076,No
6572,0.8174487948417664,Yes
6573,0.9244135022163391,Yes
6574,0.012589985504746437,No
6575,0.007726581767201424,No
6576,0.8515025973320007,Yes
6577,0.817508339881897,Yes
6578,0.006926195230334997,No
6579,0.010059160180389881,No
6580,0.77809739112854,Yes
6581,0.756249189376831,Yes
6582,0.03781430050730705,No
6583,0.02972211316227913,No
6584,0.9627992510795593,Yes
6585,0.9579725861549377,Yes
6586,0.0113140307366848,No
6587,0.01605374738574028,No
6588,0.7786096334457397,Yes
6589,0.6807852387428284,Yes
6590,0.00784878060221672,No
6591,0.0073979701846838,No
6592,0.9325055480003357,Yes
6593,0.9526028037071228,Yes
6594,0.0124987056478858,No
6595,0.008686614222824574,No
6596,0.9244858622550964,Yes
6597,0.9466160535812378,Yes
6598,0.014404430985450745,No
6599,0.016008572652935982,No
6600,0.2472393661737442,No
6601,0.3790457844734192,No
6602,0.678922176361084,Yes
6603,0.4688902795314789,No
6604,0.006071789190173149,No
6605,0.0034382385201752186,No
6606,0.866838276386261,Yes
6607,0.8667865991592407,Yes
6608,0.026443585753440857,No
6609,0.060663431882858276,No
6610,0.7983961701393127,Yes
6611,0.29506731033325195,No
6612,0.02064930647611618,No
6613,0.014333515428006649,No
6614,0.13354384899139404,No
6615,0.651947021484375,Yes
6616,0.014367465861141682,No
6617,0.02607055753469467,No
6618,0.6520140171051025,Yes
6619,0.5631392002105713,Yes
6620,0.023691698908805847,No
6621,0.03834867849946022,No
6622,0.06052500754594803,No
6623,0.16543079912662506,No
6624,0.026382895186543465,No
6625,0.034612081944942474,No
6626,0.203237384557724,No
6627,0.1493157297372818,No
6628,0.006709928158670664,No
6629,0.008115474134683609,No
6630,0.6235392093658447,Yes
6631,0.5632817149162292,Yes
6632,0.042300522327423096,No
6633,0.012510234490036964,No
6634,0.8353676199913025,Yes
6635,0.9050568342208862,Yes
6636,0.14889714121818542,No
6637,0.08516449481248856,No
6638,0.8672729730606079,Yes
6639,0.7775328159332275,Yes
6640,0.0762644112110138,No
6641,0.5330917239189148,Yes
6642,0.8811326622962952,Yes
6643,0.3785425126552582,No
6644,0.004250094760209322,No
6645,0.0035120192915201187,No
6646,0.8175463080406189,Yes
6647,0.905037522315979,Yes
6648,0.029786674305796623,No
6649,0.018175212666392326,No
6650,0.2454630732536316,No
6651,0.40747275948524475,No
6652,0.018302403390407562,No
6653,0.014277174137532711,No
6654,0.835498034954071,Yes
6655,0.8515585660934448,Yes
6656,0.012671033851802349,No
6657,0.012591183185577393,No
6658,0.5323982238769531,Yes
6659,0.26860520243644714,No
6660,0.10790897905826569,No
6661,0.03350422531366348,No
6662,0.8177497386932373,Yes
6663,0.5942644476890564,Yes
6664,0.04306134581565857,No
6665,0.10893750935792923,No
6666,0.8808562755584717,Yes
6667,0.8514768481254578,Yes
6668,0.006525334902107716,No
6669,0.00887643825262785,No
6670,0.29790791869163513,No
6671,0.6527494192123413,Yes
6672,0.04755428805947304,No
6673,0.03771493583917618,No
6674,0.8174687623977661,Yes
6675,0.8933656811714172,Yes
6676,0.007709034252911806,No
6677,0.03757894039154053,No
6678,0.9051213264465332,Yes
6679,0.8356144428253174,Yes
6680,0.9050434231758118,Yes
6681,0.9325059652328491,Yes
6682,0.033263057470321655,No
6683,0.09554044902324677,No
6684,0.915117084980011,Yes
6685,0.9050751328468323,Yes
6686,0.0054222336038947105,No
6687,0.008686915971338749,No
6688,0.9150816798210144,Yes
6689,0.8808469772338867,Yes
6690,0.04251144453883171,No
6691,0.026238441467285156,No
6692,0.9400111436843872,Yes
6693,0.9325240254402161,Yes
6694,0.009850933216512203,No
6695,0.011313657276332378,No
6696,0.8354416489601135,Yes
6697,0.8933523893356323,Yes
6698,0.014405859634280205,No
6699,0.008768062107264996,No
6700,0.946714460849762,Yes
6701,0.9400120377540588,Yes
6702,0.014405947178602219,No
6703,0.05366447940468788,No
6704,0.9466587901115417,Yes
6705,0.9526742696762085,Yes
6706,0.0182658564299345,No
6707,0.012591651640832424,No
6708,0.905237078666687,Yes
6709,0.8671294450759888,Yes
6710,0.0048758662305772305,No
6711,0.006397535093128681,No
6712,0.9466294646263123,Yes
6713,0.9244070649147034,Yes
6714,0.012472899630665779,No
6715,0.011059083975851536,No
6716,0.9324890375137329,Yes
6717,0.9049237370491028,Yes
6718,0.006036832462996244,No
6719,0.011122269555926323,No
6720,0.7571350932121277,Yes
6721,0.7564259171485901,Yes
6722,0.04846940189599991,No
6723,0.15065470337867737,No
6724,0.8354946970939636,Yes
6725,0.8357143998146057,Yes
6726,0.005479852203279734,No
6727,0.008882356807589531,No
6728,0.852369487285614,Yes
6729,0.6807491183280945,Yes
6730,0.033563416451215744,No
6731,0.03360837697982788,No
6732,0.8808690905570984,Yes
6733,0.8933859467506409,Yes
6734,0.014366419985890388,No
6735,0.012742427177727222,No
6736,0.7779397368431091,Yes
6737,0.817447304725647,Yes
6738,0.006143074482679367,No
6739,0.013025330379605293,No
6740,0.654377818107605,Yes
6741,0.8364019393920898,Yes
6742,0.061361782252788544,No
6743,0.03412916511297226,No
6744,0.8177679181098938,Yes
6745,0.8811343312263489,Yes
6746,0.029727187007665634,No
6747,0.026238441467285156,No
6748,0.7073848843574524,Yes
6749,0.6240196228027344,Yes
6750,0.006901560816913843,No
6751,0.005164492409676313,No
6752,0.9325506091117859,Yes
6753,0.9051016569137573,Yes
6754,0.01427733525633812,No
6755,0.014405324123799801,No
6756,0.8175145983695984,Yes
6757,0.6226715445518494,Yes
6758,0.018580034375190735,No
6759,0.06777650862932205,No
6760,0.6807876229286194,Yes
6761,0.7329379320144653,Yes
6762,0.10762425512075424,No
6763,0.04894692450761795,No
6764,0.9050433039665222,Yes
6765,0.8517529368400574,Yes
6766,0.008882398717105389,No
6767,0.009906250983476639,No
6768,0.7570796012878418,Yes
6769,0.7983989119529724,Yes
6770,0.023884208872914314,No
6771,0.03811288997530937,No
6772,0.732323408126831,Yes
6773,0.7980165481567383,Yes
6774,0.018173953518271446,No
6775,0.023477841168642044,No
6776,0.6787779331207275,Yes
6777,0.8173807859420776,Yes
6778,0.01020821277052164,No
6779,0.01820276863873005,No
6780,0.624707043170929,Yes
6781,0.7567163109779358,Yes
6782,0.048601165413856506,No
6783,0.04305636137723923,No
6784,0.9051332473754883,Yes
6785,0.8939043879508972,Yes
6786,0.018451020121574402,No
6787,0.026238776743412018,No
6788,0.6534296274185181,Yes
6789,0.5946475863456726,Yes
6790,0.006705958396196365,No
6791,0.007593113463371992,No
6792,0.9243789911270142,Yes
6793,0.9244980812072754,Yes
6794,0.012590424157679081,No
6795,0.011313230730593204,No
6796,0.7058221697807312,Yes
6797,0.6514155268669128,Yes
6798,0.01627138815820217,No
6799,0.020547905936837196,No
6800,0.01507891621440649,No
6801,0.02678193524479866,No
6802,0.6235256195068359,Yes
6803,0.35019275546073914,No
6804,0.005513492505997419,No
6805,0.005596301984041929,No
6806,0.8176919221878052,Yes
6807,0.866959273815155,Yes
6808,0.05431579798460007,No
6809,0.1349879652261734,No
6810,0.3511806130409241,No
6811,0.77843177318573,Yes
6812,0.020691007375717163,No
6813,0.018262676894664764,No
6814,0.5933955311775208,Yes
6815,0.8355664610862732,Yes
6816,0.023150378838181496,No
6817,0.016461653634905815,No
6818,0.5018233060836792,Yes
6819,0.24557150900363922,No
6820,0.10993994772434235,No
6821,0.015367700718343258,No
6822,0.534522294998169,Yes
6823,0.10804729163646698,No
6824,0.01042507030069828,No
6825,0.024127643555402756,No
6826,0.34990978240966797,No
6827,0.6520578265190125,Yes
6828,0.006532659754157066,No
6829,0.00904876459389925,No
6830,0.3512223958969116,No
6831,0.5337154865264893,Yes
6832,0.008790915831923485,No
6833,0.01607951708137989,No
6834,0.7777804136276245,Yes
6835,0.851668655872345,Yes
6836,0.03326570615172386,No
6837,0.014254432171583176,No
6838,0.47006088495254517,No
6839,0.7777183055877686,Yes
6840,0.22412949800491333,No
6841,0.295363187789917,No
6842,0.817603349685669,Yes
6843,0.6240281462669373,Yes
6844,0.007692133076488972,No
6845,0.004845399875193834,No
6846,0.8668304085731506,Yes
6847,0.5312093496322632,Yes
6848,0.14939279854297638,No
6849,0.023335671052336693,No
6850,0.7561486959457397,Yes
6851,0.8174836039543152,Yes
6852,0.015991585329174995,No
6853,0.011159952729940414,No
6854,0.7557388544082642,Yes
6855,0.8175444602966309,Yes
6856,0.007678189780563116,No
6857,0.012614373117685318,No
6858,0.7978620529174805,Yes
6859,0.5630571842193604,Yes
6860,0.12176139652729034,No
6861,0.0686958059668541,No
6862,0.7775396704673767,Yes
6863,0.14909228682518005,No
6864,0.03792426735162735,No
6865,0.018858162686228752,No
6866,0.18311403691768646,No
6867,0.7321741580963135,Yes
6868,0.007243763189762831,No
6869,0.007995330728590488,No
6870,0.5324600338935852,Yes
6871,0.4080177843570709,No
6872,0.01592077873647213,No
6873,0.012569970451295376,No
6874,0.8807321786880493,Yes
6875,0.2948063910007477,No
6876,0.02316591516137123,No
6877,0.020430808886885643,No
6878,0.8354172706604004,Yes
6879,0.6784712076187134,Yes
6880,0.9325886964797974,Yes
6881,0.8670283555984497,Yes
6882,0.05378391966223717,No
6883,0.07633458077907562,No
6884,0.9244166016578674,Yes
6885,0.915113627910614,Yes
6886,0.008729946799576283,No
6887,0.008791484870016575,No
6888,0.8175917863845825,Yes
6889,0.7983673810958862,Yes
6890,0.04294997453689575,No
6891,0.04256395250558853,No
6892,0.7056945562362671,Yes
6893,0.9325240254402161,Yes
6894,0.00876733660697937,No
6895,0.012743351049721241,No
6896,0.866837203502655,Yes
6897,0.85142582654953,Yes
6898,0.03753180429339409,No
6899,0.014448718167841434,No
6900,0.6809424161911011,Yes
6901,0.8670592308044434,Yes
6902,0.02353896200656891,No
6903,0.037762612104415894,No
6904,0.9050576686859131,Yes
6905,0.9580354690551758,Yes
6906,0.016224775463342667,No
6907,0.012671266682446003,No
6908,0.7329257130622864,Yes
6909,0.7064530849456787,Yes
6910,0.005922763142734766,No
6911,0.009288479574024677,No
6912,0.9466196298599243,Yes
6913,0.9244409203529358,Yes
6914,0.018083643168210983,No
6915,0.018114540725946426,No
6916,0.6787614226341248,Yes
6917,0.9049726128578186,Yes
6918,0.011356105096638203,No
6919,0.009953564032912254,No
6920,0.6520472168922424,Yes
6921,0.756081759929657,Yes
6922,0.16552850604057312,No
6923,0.054202236235141754,No
6924,0.8515129685401917,Yes
6925,0.8809162974357605,Yes
6926,0.004818012472242117,No
6927,0.006806063465774059,No
6928,0.77843177318573,Yes
6929,0.817672073841095,Yes
6930,0.060844600200653076,No
6931,0.03317118436098099,No
6932,0.8354296684265137,Yes
6933,0.7058700323104858,Yes
6934,0.014303169213235378,No
6935,0.01830127276480198,No
6936,0.7978760600090027,Yes
6937,0.8667567372322083,Yes
6938,0.023781709372997284,No
6939,0.02607055753469467,No
6940,0.595062792301178,Yes
6941,0.7063268423080444,Yes
6942,0.054202236235141754,No
6943,0.03379238396883011,No
6944,0.9051043391227722,Yes
6945,0.9152125120162964,Yes
6946,0.014277804642915726,No
6947,0.012641518376767635,No
6948,0.7786157131195068,Yes
6949,0.6525627374649048,Yes
6950,0.00693170353770256,No
6951,0.006709769368171692,No
6952,0.8934744596481323,Yes
6953,0.8515339493751526,Yes
6954,0.020445315167307854,No
6955,0.020499926060438156,No
6956,0.9244094491004944,Yes
6957,0.9324941635131836,Yes
6958,0.016106095165014267,No
6959,0.012588279321789742,No
6960,0.7327846884727478,Yes
6961,0.6521092653274536,Yes
6962,0.06094337999820709,No
6963,0.03771655261516571,No
6964,0.797897219657898,Yes
6965,0.8177331686019897,Yes
6966,0.006990053690969944,No
6967,0.01121098455041647,No
6968,0.8181584477424622,Yes
6969,0.7564743757247925,Yes
6970,0.023609936237335205,No
6971,0.023690827190876007,No
6972,0.732231616973877,Yes
6973,0.6519019603729248,Yes
6974,0.009984934702515602,No
6975,0.01610756106674671,No
6976,0.705935537815094,Yes
6977,0.7773278951644897,Yes
6978,0.012785176746547222,No
6979,0.026052838191390038,No
6980,0.5029715895652771,Yes
6981,0.43931904435157776,No
6982,0.02109503000974655,No
6983,0.026881441473960876,No
6984,0.7982245683670044,Yes
6985,0.9247804880142212,Yes
6986,0.010343228466808796,No
6987,0.011313953436911106,No
6988,0.7073779702186584,Yes
6989,0.5638586282730103,Yes
6990,0.007066990714520216,No
6991,0.009071451611816883,No
6992,0.7056604027748108,Yes
6993,0.7980723977088928,Yes
6994,0.015948228538036346,No
6995,0.023232920095324516,No
6996,0.7064167857170105,Yes
6997,0.651811420917511,Yes
6998,0.018577322363853455,No
6999,0.011237670667469501,No
7000,0.016329387202858925,No
7001,0.0958310067653656,No
7002,0.7982388734817505,Yes
7003,0.5008612275123596,Yes
7004,0.008729787543416023,No
7005,0.003380499081686139,No
7006,0.8175538778305054,Yes
7007,0.9150863289833069,Yes
7008,0.04285069555044174,No
7009,0.06834651529788971,No
7010,0.7060380578041077,Yes
7011,0.7777909636497498,Yes
7012,0.014333993196487427,No
7013,0.008818233385682106,No
7014,0.7977902293205261,Yes
7015,0.6515682935714722,Yes
7016,0.006990402936935425,No
7017,0.018132762983441353,No
7018,0.8175525665283203,Yes
7019,0.5937042236328125,Yes
7020,0.16723309457302094,No
7021,0.29613199830055237,No
7022,0.5010818839073181,Yes
7023,0.32227057218551636,No
7024,0.029673593118786812,No
7025,0.033403512090444565,No
7026,0.7776300311088562,Yes
7027,0.8514609336853027,Yes
7028,0.006533139850944281,No
7029,0.007315497379750013,No
7030,0.5313692092895508,Yes
7031,0.5635989308357239,Yes
7032,0.018231026828289032,No
7033,0.029544943943619728,No
7034,0.7319139838218689,Yes
7035,0.9151145219802856,Yes
7036,0.008665528148412704,No
7037,0.0331379733979702,No
7038,0.915134608745575,Yes
7039,0.8515571355819702,Yes
7040,0.5942922830581665,Yes
7041,0.5938864350318909,Yes
7042,0.06824745982885361,No
7043,0.042846642434597015,No
7044,0.8516083359718323,Yes
7045,0.835709273815155,Yes
7046,0.005449631251394749,No
7047,0.009851017035543919,No
7048,0.7981072664260864,Yes
7049,0.7563931345939636,Yes
7050,0.03344940394163132,No
7051,0.06052727997303009,No
7052,0.7978377938270569,Yes
7053,0.7978003025054932,Yes
7054,0.014232754707336426,No
7055,0.012669667601585388,No
7056,0.469965398311615,No
7057,0.777442455291748,Yes
7058,0.01834467425942421,No
7059,0.03316377475857735,No
7060,0.5334582328796387,Yes
7061,0.4389340579509735,No
7062,0.01654118485748768,No
7063,0.026585595682263374,No
7064,0.9152467846870422,Yes
7065,0.893653929233551,Yes
7066,0.009015502408146858,No
7067,0.010020415298640728,No
7068,0.7787901759147644,Yes
7069,0.7064505219459534,Yes
7070,0.00639747129753232,No
7071,0.007491806522011757,No
7072,0.8515521287918091,Yes
7073,0.8175064921379089,Yes
7074,0.02318521961569786,No
7075,0.015974964946508408,No
7076,0.8354371786117554,Yes
7077,0.40716615319252014,No
7078,0.007860415615141392,No
7079,0.011181742884218693,No
7080,0.0684506818652153,No
7081,0.05411645770072937,No
7082,0.29531121253967285,No
7083,0.563217043876648,Yes
7084,0.004331347066909075,No
7085,0.0029776901938021183,No
7086,0.7555631399154663,Yes
7087,0.07579564303159714,No
7088,0.054917462170124054,No
7089,0.029544943943619728,No
7090,0.531850278377533,Yes
7091,0.7321855425834656,Yes
7092,0.009905449114739895,No
7093,0.011239323765039444,No
7094,0.8174728751182556,Yes
7095,0.7061188817024231,Yes
7096,0.008882356807589531,No
7097,0.012552778236567974,No
7098,0.7057875394821167,Yes
7099,0.6789185404777527,Yes
7100,0.04877306893467903,No
7101,0.08560827374458313,No
7102,0.15001365542411804,No
7103,0.8669357299804688,Yes
7104,0.029583796858787537,No
7105,0.014964936301112175,No
7106,0.2449435293674469,No
7107,0.40789562463760376,No
7108,0.008006288670003414,No
7109,0.006931880488991737,No
7110,0.7557054162025452,Yes
7111,0.7320857644081116,Yes
7112,0.014234045520424843,No
7113,0.02619791403412819,No
7114,0.924399733543396,Yes
7115,0.8807835578918457,Yes
7116,0.016052940860390663,No
7117,0.04755900800228119,No
7118,0.8515503406524658,Yes
7119,0.8178150057792664,Yes
7120,0.2700740396976471,No
7121,0.24664558470249176,No
7122,0.7330888509750366,Yes
7123,0.5944631695747375,Yes
7124,0.0037657662760466337,No
7125,0.00401550717651844,No
7126,0.7323254346847534,Yes
7127,0.8515877723693848,Yes
7128,0.06106480211019516,No
7129,0.060747288167476654,No
7130,0.7062122225761414,Yes
7131,0.6793888211250305,Yes
7132,0.01440556813031435,No
7133,0.018200984224677086,No
7134,0.7556522488594055,Yes
7135,0.755699634552002,Yes
7136,0.014277475886046886,No
7137,0.04752865806221962,No
7138,0.6242202520370483,Yes
7139,0.652036190032959,Yes
7140,0.15066491067409515,No
7141,0.1672021746635437,No
7142,0.18433323502540588,No
7143,0.37901389598846436,No
7144,0.03360855206847191,No
7145,0.048610955476760864,No
7146,0.16667833924293518,No
7147,0.5012814998626709,Yes
7148,0.008598491549491882,No
7149,0.007491742726415396,No
7150,0.3800811469554901,No
7151,0.2698538601398468,No
7152,0.03332187235355377,No
7153,0.023295795544981956,No
7154,0.8515300750732422,Yes
7155,0.8668996095657349,Yes
7156,0.023147914558649063,No
7157,0.01592044159770012,No
7158,0.6521222591400146,Yes
7159,0.7979475259780884,Yes
7160,0.2475740611553192,No
7161,0.29657551646232605,No
7162,0.8358055949211121,Yes
7163,0.6804307103157043,Yes
7164,0.0034722485579550266,No
7165,0.00322787300683558,No
7166,0.8515934348106384,Yes
7167,0.8934066891670227,Yes
7168,0.04834722355008125,No
7169,0.06797610968351364,No
7170,0.6534069776535034,Yes
7171,0.7561569809913635,Yes
7172,0.014276797883212566,No
7173,0.016179930418729782,No
7174,0.8354725241661072,Yes
7175,0.8516584634780884,Yes
7176,0.016391988843679428,No
7177,0.016080422326922417,No
7178,0.817744791507721,Yes
7179,0.7058247923851013,Yes
7180,0.055118076503276825,No
7181,0.08683190494775772,No
7182,0.5942766070365906,Yes
7183,0.6525387763977051,Yes
7184,0.016223706305027008,No
7185,0.02176826074719429,No
7186,0.4691283404827118,No
7187,0.07607696950435638,No
7188,0.005756568629294634,No
7189,0.00637476472184062,No
7190,0.6242561936378479,Yes
7191,0.4706301689147949,No
7192,0.02320796623826027,No
7193,0.023263849318027496,No
7194,0.8668186664581299,Yes
7195,0.7980802059173584,Yes
7196,0.012613452039659023,No
7197,0.014173016883432865,No
7198,0.8936796188354492,Yes
7199,0.7979861497879028,Yes
7200,0.06052500754594803,No
7201,0.13468025624752045,No
7202,0.8515079617500305,Yes
7203,0.7560744881629944,Yes
7204,0.008919005282223225,No
7205,0.006115185096859932,No
7206,0.8669293522834778,Yes
7207,0.6787575483322144,Yes
7208,0.09559030085802078,No
7209,0.07625539600849152,No
7210,0.5006989240646362,Yes
7211,0.7320458292961121,Yes
7212,0.023262029513716698,No
7213,0.018132610246539116,No
7214,0.6517800092697144,Yes
7215,0.7776819467544556,Yes
7216,0.010148663073778152,No
7217,0.01850832998752594,No
7218,0.5633940100669861,Yes
7219,0.6528199911117554,Yes
7220,0.1693856418132782,No
7221,0.0976623147726059,No
7222,0.7064446806907654,Yes
7223,0.8935309052467346,Yes
7224,0.02702629379928112,No
7225,0.03835049271583557,No
7226,0.8180099725723267,Yes
7227,0.8358689546585083,Yes
7228,0.013707892969250679,No
7229,0.009381875395774841,No
7230,0.7071508765220642,Yes
7231,0.6231952905654907,Yes
7232,0.02042003907263279,No
7233,0.018061639741063118,No
7234,0.6517769694328308,Yes
7235,0.10693609714508057,No
7236,0.029479695484042168,No
7237,0.02613292820751667,No
7238,0.8354816436767578,Yes
7239,0.851987361907959,Yes
7240,0.9244573712348938,Yes
7241,0.9245364665985107,Yes
7242,0.033235806971788406,No
7243,0.2230585515499115,No
7244,0.9151601195335388,Yes
7245,0.9400179386138916,Yes
7246,0.007746804039925337,No
7247,0.011209800839424133,No
7248,0.91505366563797,Yes
7249,0.9151007533073425,Yes
7250,0.08532608300447464,No
7251,0.09535720944404602,No
7252,0.9466425776481628,Yes
7253,0.946644127368927,Yes
7254,0.009884268045425415,No
7255,0.015991315245628357,No
7256,0.777312159538269,Yes
7257,0.8357223868370056,Yes
7258,0.014446206390857697,No
7259,0.020926455035805702,No
7260,0.9401659369468689,Yes
7261,0.9151740074157715,Yes
7262,0.018395083025097847,No
7263,0.04791693761944771,No
7264,0.9326278567314148,Yes
7265,0.9467277526855469,Yes
7266,0.01608005352318287,No
7267,0.007862204685807228,No
7268,0.8810930252075195,Yes
7269,0.8516672253608704,Yes
7270,0.008848210796713829,No
7271,0.008921121247112751,No
7272,0.9669819474220276,Yes
7273,0.952604353427887,Yes
7274,0.015946941450238228,No
7275,0.01248878799378872,No
7276,0.9150716066360474,Yes
7277,0.731976330280304,Yes
7278,0.03744981810450554,No
7279,0.03757565841078758,No
7280,0.7986347675323486,Yes
7281,0.8518513441085815,Yes
7282,0.054113585501909256,No
7283,0.09665374457836151,No
7284,0.8671172857284546,Yes
7285,0.8935426473617554,Yes
7286,0.011873405426740646,No
7287,0.011594531126320362,No
7288,0.8179998993873596,Yes
7289,0.8672949075698853,Yes
7290,0.07633816450834274,No
7291,0.09538883715867996,No
7292,0.9325309991836548,Yes
7293,0.9400314092636108,Yes
7294,0.02057613991200924,No
7295,0.029580553993582726,No
7296,0.7331597208976746,Yes
7297,0.7780199646949768,Yes
7298,0.01632625423371792,No
7299,0.033291205763816833,No
7300,0.8187997937202454,Yes
7301,0.7988860607147217,Yes
7302,0.05473332479596138,No
7303,0.054432161152362823,No
7304,0.9248488545417786,Yes
7305,0.9402642846107483,Yes
7306,0.011525704525411129,No
7307,0.014617099426686764,No
7308,0.8373438715934753,Yes
7309,0.7997821569442749,Yes
7310,0.00948680192232132,No
7311,0.013245431706309319,No
7312,0.9626699686050415,Yes
7313,0.952619194984436,Yes
7314,0.029508434236049652,No
7315,0.016079019755125046,No
7316,0.9325946569442749,Yes
7317,0.8809865713119507,Yes
7318,0.03347257524728775,No
7319,0.021090542897582054,No
7320,0.32289639115333557,No
7321,0.09559030085802078,No
7322,0.905052900314331,Yes
7323,0.8355788588523865,Yes
7324,0.010340714827179909,No
7325,0.0060916380025446415,No
7326,0.9151777625083923,Yes
7327,0.866943359375,Yes
7328,0.1071433424949646,No
7329,0.11986254900693893,No
7330,0.7774373888969421,Yes
7331,0.9050003886222839,Yes
7332,0.018200984224677086,No
7333,0.023235062137246132,No
7334,0.8356127738952637,Yes
7335,0.8355489373207092,Yes
7336,0.009013383649289608,No
7337,0.01627138815820217,No
7338,0.6517360210418701,Yes
7339,0.6526897549629211,Yes
7340,0.22571535408496857,No
7341,0.15040382742881775,No
7342,0.7778877019882202,Yes
7343,0.817751944065094,Yes
7344,0.01839485764503479,No
7345,0.012891554273664951,No
7346,0.8670762777328491,Yes
7347,0.1836191713809967,No
7348,0.01713932305574417,No
7349,0.012868236750364304,No
7350,0.756709635257721,Yes
7351,0.7784736156463623,Yes
7352,0.03319455310702324,No
7353,0.029368888586759567,No
7354,0.7321417331695557,Yes
7355,0.8354296684265137,Yes
7356,0.04256054013967514,No
7357,0.0853569433093071,No
7358,0.8174921274185181,Yes
7359,0.777500569820404,Yes
7360,0.9466844201087952,Yes
7361,0.8935511112213135,Yes
7362,0.13433507084846497,No
7363,0.085873082280159,No
7364,0.9051799178123474,Yes
7365,0.9050309062004089,Yes
7366,0.014447374269366264,No
7367,0.008817925117909908,No
7368,0.9325138926506042,Yes
7369,0.9052512049674988,Yes
7370,0.08533261716365814,No
7371,0.0538913756608963,No
7372,0.8935511112213135,Yes
7373,0.9466267824172974,Yes
7374,0.0181724913418293,No
7375,0.014302537776529789,No
7376,0.8808861970901489,Yes
7377,0.5642899870872498,Yes
7378,0.011182121932506561,No
7379,0.018753163516521454,No
7380,0.8940489292144775,Yes
7381,0.8359065651893616,Yes
7382,0.042845357209444046,No
7383,0.06802986562252045,No
7384,0.9466981291770935,Yes
7385,0.9627870917320251,Yes
7386,0.008818467147648335,No
7387,0.01124094519764185,No
7388,0.8524853587150574,Yes
7389,0.836685836315155,Yes
7390,0.010738538578152657,No
7391,0.010065571404993534,No
7392,0.9399906992912292,Yes
7393,0.9627354741096497,Yes
7394,0.02311515249311924,No
7395,0.009780810214579105,No
7396,0.9579975008964539,Yes
7397,0.924430787563324,Yes
7398,0.029657091945409775,No
7399,0.02068822644650936,No
7400,0.46995532512664795,No
7401,0.4695237874984741,No
7402,0.7978647351264954,Yes
7403,0.7058404684066772,Yes
7404,0.016142060980200768,No
7405,0.011312601156532764,No
7406,0.9051671028137207,Yes
7407,0.8669201731681824,Yes
7408,0.03754350543022156,No
7409,0.1495964229106903,No
7410,0.8356663584709167,Yes
7411,0.7056736350059509,Yes
7412,0.03323644399642944,No
7413,0.029545599594712257,No
7414,0.5631037950515747,Yes
7415,0.7063020467758179,Yes
7416,0.01440476905554533,No
7417,0.014446641318500042,No
7418,0.7059469223022461,Yes
7419,0.5322458744049072,Yes
7420,0.021315017715096474,No
7421,0.06250069290399551,No
7422,0.060842566192150116,No
7423,0.2032211869955063,No
7424,0.026328856125473976,No
7425,0.023782726377248764,No
7426,0.6789266467094421,Yes
7427,0.2958018481731415,No
7428,0.0075973267666995525,No
7429,0.013304347172379494,No
7430,0.7565035223960876,Yes
7431,0.6520745754241943,Yes
7432,0.042325858026742935,No
7433,0.026011226698756218,No
7434,0.817395031452179,Yes
7435,0.9150694012641907,Yes
7436,0.1833302229642868,No
7437,0.16535434126853943,No
7438,0.8672239184379578,Yes
7439,0.7325496673583984,Yes
7440,0.1200273334980011,No
7441,0.6239407062530518,Yes
7442,0.8809318542480469,Yes
7443,0.7775530219078064,Yes
7444,0.007071720901876688,No
7445,0.00896404217928648,No
7446,0.8809619545936584,Yes
7447,0.8811424374580383,Yes
7448,0.05373341962695122,No
7449,0.0759345069527626,No
7450,0.6228898167610168,Yes
7451,0.7057175636291504,Yes
7452,0.037604156881570816,No
7453,0.02945810742676258,No
7454,0.7774616479873657,Yes
7455,0.8357034921646118,Yes
7456,0.012834051623940468,No
7457,0.023537253960967064,No
7458,0.5329533815383911,Yes
7459,0.40796634554862976,No
7460,0.12148689478635788,No
7461,0.03389715030789375,No
7462,0.7987544536590576,Yes
7463,0.7777975797653198,Yes
7464,0.03379848971962929,No
7465,0.0864291787147522,No
7466,0.9051623344421387,Yes
7467,0.8935697078704834,Yes
7468,0.011714807711541653,No
7469,0.01101425476372242,No
7470,0.680149257183075,Yes
7471,0.7573138475418091,Yes
7472,0.09520966559648514,No
7473,0.06018010526895523,No
7474,0.7979058027267456,Yes
7475,0.9150135517120361,Yes
7476,0.023260708898305893,No
7477,0.06868737936019897,No
7478,0.9050353169441223,Yes
7479,0.8177180290222168,Yes
7480,0.905052900314331,Yes
7481,0.9400075078010559,Yes
7482,0.04780108481645584,No
7483,0.26860520243644714,No
7484,0.8672491312026978,Yes
7485,0.8934450149536133,Yes
7486,0.008963643573224545,No
7487,0.008791297674179077,No
7488,0.9324971437454224,Yes
7489,0.8936216831207275,Yes
7490,0.09539904445409775,No
7491,0.0678841844201088,No
7492,0.9325336813926697,Yes
7493,0.9466487169265747,Yes
7494,0.012551868334412575,No
7495,0.01599200628697872,No
7496,0.8356552720069885,Yes
7497,0.817766010761261,Yes
7498,0.018448706716299057,No
7499,0.011312025599181652,No
7500,0.9246804118156433,Yes
7501,0.9400597214698792,Yes
7502,0.029933445155620575,No
7503,0.06788784265518188,No
7504,0.9401034712791443,Yes
7505,0.9250025749206543,Yes
7506,0.012704934924840927,No
7507,0.009015667252242565,No
7508,0.893589973449707,Yes
7509,0.8672963380813599,Yes
7510,0.009986377321183681,No
7511,0.012954279780387878,No
7512,0.9578943848609924,Yes
7513,0.9399836659431458,Yes
7514,0.02044220268726349,No
7515,0.012480942532420158,No
7516,0.8935421109199524,Yes
7517,0.8669263124465942,Yes
7518,0.011105138808488846,No
7519,0.01617862470448017,No
7520,0.867131769657135,Yes
7521,0.8520462512969971,Yes
7522,0.06943860650062561,No
7523,0.26931488513946533,No
7524,0.9051499366760254,Yes
7525,0.9051164984703064,Yes
7526,0.009985650889575481,No
7527,0.011312835849821568,No
7528,0.8810575604438782,Yes
7529,0.8183501958847046,Yes
7530,0.08528964221477509,No
7531,0.08553358912467957,No
7532,0.9244895577430725,Yes
7533,0.9325098395347595,Yes
7534,0.020609622821211815,No
7535,0.03328920900821686,No
7536,0.8179581165313721,Yes
7537,0.6798251271247864,Yes
7538,0.014446641318500042,No
7539,0.020925967022776604,No
7540,0.7578985095024109,Yes
7541,0.9059310555458069,Yes
7542,0.09735915809869766,No
7543,0.05473511293530464,No
7544,0.9327186942100525,Yes
7545,0.9326549172401428,Yes
7546,0.020650627091526985,No
7547,0.02985447458922863,No
7548,0.8373620510101318,Yes
7549,0.8373823761940002,Yes
7550,0.007713166996836662,No
7551,0.0066154720261693,No
7552,0.940036952495575,Yes
7553,0.9466526508331299,Yes
7554,0.026326758787035942,No
7555,0.02616582252085209,No
7556,0.817832350730896,Yes
7557,0.47039124369621277,No
7558,0.02677810937166214,No
7559,0.09559030085802078,No
7560,0.7982831001281738,Yes
7561,0.8180853724479675,Yes
7562,0.1344614177942276,No
7563,0.1204807385802269,No
7564,0.8936336636543274,Yes
7565,0.893452525138855,Yes
7566,0.014364705421030521,No
7567,0.012569532729685307,No
7568,0.8670521378517151,Yes
7569,0.9053663015365601,Yes
7570,0.11969935148954391,No
7571,0.14916075766086578,No
7572,0.7776819467544556,Yes
7573,0.8356086611747742,Yes
7574,0.029509907588362694,No
7575,0.033288534730672836,No
7576,0.7564822435379028,Yes
7577,0.7057329416275024,Yes
7578,0.023479022085666656,No
7579,0.02616582252085209,No
7580,0.7334014773368835,Yes
7581,0.894152820110321,Yes
7582,0.07774431258440018,No
7583,0.08625681698322296,No
7584,0.9403146505355835,Yes
7585,0.9246885776519775,Yes
7586,0.018395470455288887,No
7587,0.026512566953897476,No
7588,0.8532828092575073,Yes
7589,0.8371379375457764,Yes
7590,0.008875365369021893,No
7591,0.008598051965236664,No
7592,0.9400139451026917,Yes
7593,0.9669849872589111,Yes
7594,0.02049850858747959,No
7595,0.020609622821211815,No
7596,0.7560081481933594,Yes
7597,0.5333858132362366,Yes
7598,0.02360725589096546,No
7599,0.026846230030059814,No
7600,0.04250149056315422,No
7601,0.04790468513965607,No
7602,0.7325055599212646,Yes
7603,0.7326578497886658,Yes
7604,0.014446206390857697,No
7605,0.007826896384358406,No
7606,0.881183385848999,Yes
7607,0.851678192615509,Yes
7608,0.09551884233951569,No
7609,0.15002882480621338,No
7610,0.5010042190551758,Yes
7611,0.8517985939979553,Yes
7612,0.033421095460653305,No
7613,0.026137685403227806,No
7614,0.7557663321495056,Yes
7615,0.835526704788208,Yes
7616,0.03763594850897789,No
7617,0.014859064482152462,No
7618,0.5329898595809937,Yes
7619,0.3787885010242462,No
7620,0.29935741424560547,No
7621,0.023946238681674004,No
7622,0.7334173321723938,Yes
7623,0.2036018967628479,No
7624,0.011312835849821568,No
7625,0.020857414230704308,No
7626,0.7779183983802795,Yes
7627,0.7560859322547913,Yes
7628,0.015079057775437832,No
7629,0.012280697003006935,No
7630,0.6247314214706421,Yes
7631,0.7336360812187195,Yes
7632,0.012589428573846817,No
7633,0.026052076369524002,No
7634,0.7558597922325134,Yes
7635,0.8667807579040527,Yes
7636,0.11996883153915405,No
7637,0.01834249310195446,No
7638,0.40800991654396057,No
7639,0.8358805775642395,Yes
7640,0.5004421472549438,Yes
7641,0.531684160232544,Yes
7642,0.851662278175354,Yes
7643,0.8176364898681641,Yes
7644,0.012612668797373772,No
7645,0.009905271232128143,No
7646,0.8934662938117981,Yes
7647,0.593677818775177,Yes
7648,0.18310081958770752,No
7649,0.02616582252085209,No
7650,0.8354603052139282,Yes
7651,0.8807901740074158,Yes
7652,0.018113981932401657,No
7653,0.026111457496881485,No
7654,0.7775392532348633,Yes
7655,0.8514983057975769,Yes
7656,0.008919746614992619,No
7657,0.014446206390857697,No
7658,0.8174868226051331,Yes
7659,0.6519256234169006,Yes
7660,0.18540871143341064,No
7661,0.18509161472320557,No
7662,0.531850278377533,Yes
7663,0.22312332689762115,No
7664,0.030123138800263405,No
7665,0.02100871503353119,No
7666,0.6232025623321533,Yes
7667,0.7995548248291016,Yes
7668,0.016390936449170113,No
7669,0.013106608763337135,No
7670,0.7334350943565369,Yes
7671,0.6242202520370483,Yes
7672,0.02307087369263172,No
7673,0.029381684958934784,No
7674,0.8807334303855896,Yes
7675,0.8933051824569702,Yes
7676,0.04245734587311745,No
7677,0.04237528145313263,No
7678,0.7976687550544739,Yes
7679,0.7773301601409912,Yes
7680,0.9400815963745117,Yes
7681,0.9050864577293396,Yes
7682,0.18319952487945557,No
7683,0.18342158198356628,No
7684,0.9050881862640381,Yes
7685,0.9050776362419128,Yes
7686,0.012613452039659023,No
7687,0.018260302022099495,No
7688,0.8668152689933777,Yes
7689,0.8671818375587463,Yes
7690,0.10715005546808243,No
7691,0.09536191821098328,No
7692,0.7979058027267456,Yes
7693,0.939993143081665,Yes
7694,0.011138305999338627,No
7695,0.015991810709238052,No
7696,0.8354426026344299,Yes
7697,0.7778772711753845,Yes
7698,0.04230109229683876,No
7699,0.023883875459432602,No
7700,0.8938758969306946,Yes
7701,0.9053009748458862,Yes
7702,0.03410295024514198,No
7703,0.04262296110391617,No
7704,0.9402345418930054,Yes
7705,0.9707918763160706,Yes
7706,0.0144489835947752,No
7707,0.011313230730593204,No
7708,0.8362178206443787,Yes
7709,0.7572969198226929,Yes
7710,0.007179731037467718,No
7711,0.009736789390444756,No
7712,0.9669559001922607,Yes
7713,0.9669904708862305,Yes
7714,0.03318965807557106,No
7715,0.01809743419289589,No
7716,0.8808861970901489,Yes
7717,0.8808660507202148,Yes
7718,0.01830127276480198,No
7719,0.030093543231487274,No
7720,0.8176383376121521,Yes
7721,0.851866602897644,Yes
7722,0.29588815569877625,No
7723,0.15002882480621338,No
7724,0.8809213638305664,Yes
7725,0.8935426473617554,Yes
7726,0.014364219270646572,No
7727,0.009928432293236256,No
7728,0.8810684084892273,Yes
7729,0.8937195539474487,Yes
7730,0.16522575914859772,No
7731,0.10696710646152496,No
7732,0.8934817314147949,Yes
7733,0.8808886408805847,Yes
7734,0.026196064427495003,No
7735,0.0261983759701252,No
7736,0.8356719017028809,Yes
7737,0.6532841324806213,Yes
7738,0.038110554218292236,No
7739,0.02318689413368702,No
7740,0.7338605523109436,Yes
7741,0.8673425912857056,Yes
7742,0.061351582407951355,No
7743,0.05410761386156082,No
7744,0.9468480348587036,Yes
7745,0.9467657208442688,Yes
7746,0.014277475886046886,No
7747,0.012671081349253654,No
7748,0.8190403580665588,Yes
7749,0.8371201753616333,Yes
7750,0.010737869888544083,No
7751,0.01006465032696724,No
7752,0.9325469732284546,Yes
7753,0.9150656461715698,Yes
7754,0.03747483342885971,No
7755,0.04764990881085396,No
7756,0.9245374798774719,Yes
7757,0.8811541199684143,Yes
7758,0.023330869153141975,No
7759,0.02085067704319954,No
7760,0.8517891764640808,Yes
7761,0.818030059337616,Yes
7762,0.1351734846830368,No
7763,0.07652522623538971,No
7764,0.7983195781707764,Yes
7765,0.866941511631012,Yes
7766,0.01295201200991869,No
7767,0.02073589526116848,No
7768,0.8357714414596558,Yes
7769,0.8359612822532654,Yes
7770,0.0853641927242279,No
7771,0.08540842682123184,No
7772,0.8668851852416992,Yes
7773,0.7980379462242126,Yes
7774,0.018388008698821068,No
7775,0.03323014825582504,No
7776,0.7983774542808533,Yes
7777,0.6807371377944946,Yes
7778,0.02068822644650936,No
7779,0.047716520726680756,No
7780,0.8369815945625305,Yes
7781,0.7792335152626038,Yes
7782,0.0555836521089077,No
7783,0.06919755786657333,No
7784,0.905813992023468,Yes
7785,0.9327773451805115,Yes
7786,0.012890838086605072,No
7787,0.01455350499600172,No
7788,0.7796505093574524,Yes
7789,0.7578474283218384,Yes
7790,0.01481784787029028,No
7791,0.009486336261034012,No
7792,0.8933932185173035,Yes
7793,0.9050397872924805,Yes
7794,0.0374261736869812,No
7795,0.03328479081392288,No
7796,0.8362917900085449,Yes
7797,0.7562681436538696,Yes
7798,0.04832571744918823,No
7799,0.02687675505876541,No
7800,0.04241909086704254,No
7801,0.18384601175785065,No
7802,0.8356672525405884,Yes
7803,0.678728461265564,Yes
7804,0.01820060983300209,No
7805,0.006874986924231052,No
7806,0.8357884287834167,Yes
7807,0.8515481352806091,Yes
7808,0.1071433424949646,No
7809,0.09593162685632706,No
7810,0.7558078169822693,Yes
7811,0.8354769349098206,Yes
7812,0.016030041500926018,No
7813,0.02052365057170391,No
7814,0.7556756138801575,Yes
7815,0.7772775292396545,Yes
7816,0.009014209732413292,No
7817,0.03349408507347107,No
7818,0.7321122288703918,Yes
7819,0.7063390016555786,Yes
7820,0.35152411460876465,No
7821,0.4394059181213379,No
7822,0.6529245972633362,Yes
7823,0.5009679198265076,Yes
7824,0.026783986017107964,No
7825,0.020859453827142715,No
7826,0.8670012950897217,Yes
7827,0.8517217636108398,Yes
7828,0.007995330728590488,No
7829,0.013721894472837448,No
7830,0.6521444320678711,Yes
7831,0.7067487835884094,Yes
7832,0.023264717310667038,No
7833,0.05355999246239662,No
7834,0.9324938058853149,Yes
7835,0.904987633228302,Yes
7836,0.023162463679909706,No
7837,0.04246068373322487,No
7838,0.8669790029525757,Yes
7839,0.8518000245094299,Yes
7840,0.817744791507721,Yes
7841,0.8176538944244385,Yes
7842,0.09630473703145981,No
7843,0.07693488895893097,No
7844,0.8356347680091858,Yes
7845,0.851615846157074,Yes
7846,0.008847266435623169,No
7847,0.011312025599181652,No
7848,0.8516238331794739,Yes
7849,0.8359232544898987,Yes
7850,0.10709363967180252,No
7851,0.1652141809463501,No
7852,0.9050881862640381,Yes
7853,0.9050465226173401,Yes
7854,0.02613292820751667,No
7855,0.018173035234212875,No
7856,0.6805955171585083,Yes
7857,0.7066596746444702,Yes
7858,0.03360169380903244,No
7859,0.042303700000047684,No
7860,0.8192054629325867,Yes
7861,0.7790277004241943,Yes
7862,0.030359899625182152,No
7863,0.05402958765625954,No
7864,0.946876585483551,Yes
7865,0.915319561958313,Yes
7866,0.011313389986753464,No
7867,0.011406431905925274,No
7868,0.7994948029518127,Yes
7869,0.7790900468826294,Yes
7870,0.00896435510367155,No
7871,0.010483394376933575,No
7872,0.9244515895843506,Yes
7873,0.9466330409049988,Yes
7874,0.0604664571583271,No
7875,0.026105687022209167,No
7876,0.8357316851615906,Yes
7877,0.3793293535709381,No
7878,0.02078852988779545,No
7879,0.029910895973443985,No
7880,0.13361531496047974,No
7881,0.11974956840276718,No
7882,0.6231681108474731,Yes
7883,0.6787397861480713,Yes
7884,0.012639280408620834,No
7885,0.005397916305810213,No
7886,0.8515517115592957,Yes
7887,0.07596588879823685,No
7888,0.09566295146942139,No
7889,0.03751020133495331,No
7890,0.7057692408561707,Yes
7891,0.8354466557502747,Yes
7892,0.0160784013569355,No
7893,0.026237156242132187,No
7894,0.8356341123580933,Yes
7895,0.7056795358657837,Yes
7896,0.011404872871935368,No
7897,0.014403117820620537,No
7898,0.7320569157600403,Yes
7899,0.7327172160148621,Yes
7900,0.12100224196910858,No
7901,0.0684487521648407,No
7902,0.24638691544532776,No
7903,0.8517217636108398,Yes
7904,0.023612454533576965,No
7905,0.016461044549942017,No
7906,0.40743905305862427,No
7907,0.7324832677841187,Yes
7908,0.01647433452308178,No
7909,0.010483859106898308,No
7910,0.7560839653015137,Yes
7911,0.7778474688529968,Yes
7912,0.014173549599945545,No
7913,0.037417393177747726,No
7914,0.9150445461273193,Yes
7915,0.9049500226974487,Yes
7916,0.029578473418951035,No
7917,0.09552519023418427,No
7918,0.8514915108680725,Yes
7919,0.8671310544013977,Yes
7920,0.623461902141571,Yes
7921,0.35001254081726074,No
7922,0.733036458492279,Yes
7923,0.7983033061027527,Yes
7924,0.011354167945683002,No
7925,0.010057175531983376,No
7926,0.867101788520813,Yes
7927,0.8357160091400146,Yes
7928,0.14914923906326294,No
7929,0.20344161987304688,No
7930,0.798055112361908,Yes
7931,0.7981089949607849,Yes
7932,0.04245971888303757,No
7933,0.04771715775132179,No
7934,0.7563631534576416,Yes
7935,0.817672073841095,Yes
7936,0.014444523490965366,No
7937,0.05363179370760918,No
7938,0.6246711611747742,Yes
7939,0.757230818271637,Yes
7940,0.40949779748916626,No
7941,0.4101848900318146,No
7942,0.3236831724643707,No
7943,0.7565504908561707,Yes
7944,0.02632756717503071,No
7945,0.03784753382205963,No
7946,0.46956774592399597,No
7947,0.777714192867279,Yes
7948,0.010484245605766773,No
7949,0.011713736690580845,No
7950,0.6250202059745789,Yes
7951,0.5953510403633118,Yes
7952,0.060335587710142136,No
7953,0.04759763926267624,No
7954,0.8667991757392883,Yes
7955,0.8807851076126099,Yes
7956,0.0680740624666214,No
7957,0.05376889184117317,No
7958,0.6518109440803528,Yes
7959,0.8358003497123718,Yes
7960,0.5016024708747864,Yes
7961,0.501086413860321,Yes
7962,0.8516339659690857,Yes
7963,0.8357322216033936,Yes
7964,0.008881437592208385,No
7965,0.007861322723329067,No
7966,0.905136227607727,Yes
7967,0.8669766783714294,Yes
7968,0.11994152516126633,No
7969,0.1201101541519165,No
7970,0.7778229713439941,Yes
7971,0.8809943795204163,Yes
7972,0.02320835366845131,No
7973,0.03329157456755638,No
7974,0.8175381422042847,Yes
7975,0.8355796337127686,Yes
7976,0.011525063775479794,No
7977,0.014446641318500042,No
7978,0.8174348473548889,Yes
7979,0.7323546409606934,Yes
7980,0.10892105102539062,No
7981,0.2052893489599228,No
7982,0.7330646514892578,Yes
7983,0.8177595138549805,Yes
7984,0.03342454880475998,No
7985,0.023781709372997284,No
7986,0.8177627325057983,Yes
7987,0.2030491828918457,No
7988,0.009243041276931763,No
7989,0.00884602777659893,No
7990,0.7567192912101746,Yes
7991,0.7332474589347839,Yes
7992,0.0332125686109066,No
7993,0.04762323573231697,No
7994,0.8354535102844238,Yes
7995,0.7980531454086304,Yes
7996,0.02972024492919445,No
7997,0.042676180601119995,No
7998,0.8935564160346985,Yes
7999,0.8359935879707336,Yes
8000,0.07626201212406158,No
8001,0.1669115424156189,No
8002,0.8515946269035339,Yes
8003,0.7558949589729309,Yes
8004,0.011404872871935368,No
8005,0.006875110790133476,No
8006,0.8935607075691223,Yes
8007,0.6801323294639587,Yes
8008,0.11969184130430222,No
8009,0.06780906766653061,No
8010,0.468415230512619,No
8011,0.7558597922325134,Yes
8012,0.02616482600569725,No
8013,0.018263481557369232,No
8014,0.6518484950065613,Yes
8015,0.7322077751159668,Yes
8016,0.012832554057240486,No
8017,0.02079314924776554,No
8018,0.6521998047828674,Yes
8019,0.5633094906806946,Yes
8020,0.20439691841602325,No
8021,0.08993993699550629,No
8022,0.6809577345848083,Yes
8023,0.8937431573867798,Yes
8024,0.03463517501950264,No
8025,0.030024433508515358,No
8026,0.7985300421714783,Yes
8027,0.7984184622764587,Yes
8028,0.022174425423145294,No
8029,0.011678479611873627,No
8030,0.7981590628623962,Yes
8031,0.6803867816925049,Yes
8032,0.02608705312013626,No
8033,0.020461000502109528,No
8034,0.6519367098808289,Yes
8035,0.13354073464870453,No
8036,0.03754061833024025,No
8037,0.03750384598970413,No
8038,0.866793692111969,Yes
8039,0.8358916640281677,Yes
8040,0.9466581344604492,Yes
8041,0.9326217174530029,Yes
8042,0.033421095460653305,No
8043,0.20310218632221222,No
8044,0.9245104193687439,Yes
8045,0.9526364207267761,Yes
8046,0.009955301880836487,No
8047,0.0143321817740798,No
8048,0.9399965405464172,Yes
8049,0.946620523929596,Yes
8050,0.06769329309463501,No
8051,0.06797610968351364,No
8052,0.9400314092636108,Yes
8053,0.9400374889373779,Yes
8054,0.014331790618598461,No
8055,0.016029665246605873,No
8056,0.8669300079345703,Yes
8057,0.8669151067733765,Yes
8058,0.016106095165014267,No
8059,0.02333351969718933,No
8060,0.9467000961303711,Yes
8061,0.915244996547699,Yes
8062,0.014617099426686764,No
8063,0.060747288167476654,No
8064,0.9326562285423279,Yes
8065,0.9401029944419861,Yes
8066,0.016109056770801544,No
8067,0.007944653742015362,No
8068,0.8811507821083069,Yes
8069,0.8357279300689697,Yes
8070,0.011211317032575607,No
8071,0.007123333867639303,No
8072,0.946620523929596,Yes
8073,0.9579020142555237,Yes
8074,0.02047673799097538,No
8075,0.012510005384683609,No
8076,0.9244178533554077,Yes
8077,0.5929835438728333,Yes
8078,0.03318125382065773,No
8079,0.033233411610126495,No
8080,0.8810696601867676,Yes
8081,0.893791913986206,Yes
8082,0.08610258251428604,No
8083,0.10841909795999527,No
8084,0.8811689615249634,Yes
8085,0.9151566624641418,Yes
8086,0.01319658849388361,No
8087,0.01653968170285225,No
8088,0.8518132567405701,Yes
8089,0.9150941967964172,Yes
8090,0.07607486099004745,No
8091,0.0855264887213707,No
8092,0.9245057106018066,Yes
8093,0.9244412183761597,Yes
8094,0.02966737560927868,No
8095,0.03339969366788864,No
8096,0.7566587924957275,Yes
8097,0.8357279300689697,Yes
8098,0.01850832998752594,No
8099,0.02318621426820755,No
8100,0.8936970829963684,Yes
8101,0.7797326445579529,Yes
8102,0.0690169632434845,No
8103,0.07727763056755066,No
8104,0.9328962564468384,Yes
8105,0.9580774307250977,Yes
8106,0.011462150141596794,No
8107,0.014687463641166687,No
8108,0.8371201753616333,Yes
8109,0.8520433902740479,Yes
8110,0.007944653742015362,No
8111,0.011713273823261261,No
8112,0.9466748833656311,Yes
8113,0.9325398206710815,Yes
8114,0.029579266905784607,No
8115,0.023296598345041275,No
8116,0.9325472116470337,Yes
8117,0.9244943261146545,Yes
8118,0.04274899885058403,No
8119,0.023370785638689995,No
8120,0.2957833409309387,No
8121,0.10762093216180801,No
8122,0.8809716105461121,Yes
8123,0.851701021194458,Yes
8124,0.021094124764204025,No
8125,0.006925893481820822,No
8126,0.9245632886886597,Yes
8127,0.8516766428947449,Yes
8128,0.14915266633033752,No
8129,0.08522666990756989,No
8130,0.817458987236023,Yes
8131,0.9051534533500671,Yes
8132,0.023332975804805756,No
8133,0.026325145736336708,No
8134,0.8177221417427063,Yes
8135,0.8175862431526184,Yes
8136,0.012833616696298122,No
8137,0.02073947712779045,No
8138,0.679080605506897,Yes
8139,0.6520745754241943,Yes
8140,0.32277941703796387,No
8141,0.13602305948734283,No
8142,0.778606653213501,Yes
8143,0.8178809881210327,Yes
8144,0.02085813321173191,No
8145,0.018857138231396675,No
8146,0.8809769153594971,Yes
8147,0.1837388128042221,No
8148,0.01572898030281067,No
8149,0.018856804817914963,No
8150,0.7781184315681458,Yes
8151,0.7787929773330688,Yes
8152,0.03323543444275856,No
8153,0.03326127678155899,No
8154,0.7323070764541626,Yes
8155,0.8174012303352356,Yes
8156,0.03771953284740448,No
8157,0.08531537652015686,No
8158,0.8514909744262695,Yes
8159,0.7775730490684509,Yes
8160,0.952653169631958,Yes
8161,0.9152743816375732,Yes
8162,0.10761284083127975,No
8163,0.09614742547273636,No
8164,0.9244987368583679,Yes
8165,0.9244492053985596,Yes
8166,0.014447374269366264,No
8167,0.011210297234356403,No
8168,0.9526318907737732,Yes
8169,0.9244178533554077,Yes
8170,0.08529651165008545,No
8171,0.042762480676174164,No
8172,0.8935107588768005,Yes
8173,0.9466748833656311,Yes
8174,0.02627396583557129,No
8175,0.018201613798737526,No
8176,0.8669201731681824,Yes
8177,0.6524547934532166,Yes
8178,0.01425212062895298,No
8179,0.018301701173186302,No
8180,0.9245399832725525,Yes
8181,0.8521291017532349,Yes
8182,0.06833599507808685,No
8183,0.06808378547430038,No
8184,0.9627875685691833,Yes
8185,0.9670295119285583,Yes
8186,0.00692611001431942,No
8187,0.012785621918737888,No
8188,0.8363666534423828,Yes
8189,0.8360148668289185,Yes
8190,0.011596672236919403,No
8191,0.0118634644895792,No
8192,0.9325090050697327,Yes
8193,0.9627373218536377,Yes
8194,0.029393501579761505,No
8195,0.014153066091239452,No
8196,0.9670541882514954,Yes
8197,0.9325210452079773,Yes
8198,0.029615499079227448,No
8199,0.03325941786170006,No
8200,0.4693926274776459,No
8201,0.53346848487854,Yes
8202,0.7775392532348633,Yes
8203,0.651923656463623,Yes
8204,0.014333313331007957,No
8205,0.011274239979684353,No
8206,0.924580991268158,Yes
8207,0.8809897303581238,Yes
8208,0.037577494978904724,No
8209,0.10720384865999222,No
8210,0.8669834733009338,Yes
8211,0.7058979868888855,Yes
8212,0.04785396531224251,No
8213,0.03792497515678406,No
8214,0.5323624014854431,Yes
8215,0.3782232403755188,No
8216,0.018393583595752716,No
8217,0.016141166910529137,No
8218,0.7561171650886536,Yes
8219,0.532076895236969,Yes
8220,0.04269050434231758,No
8221,0.0499427430331707,No
8222,0.09592441469430923,No
8223,0.1495964229106903,No
8224,0.026444561779499054,No
8225,0.054322678595781326,No
8226,0.6522873044013977,Yes
8227,0.37927594780921936,No
8228,0.008718921802937984,No
8229,0.018858259543776512,No
8230,0.7324832677841187,Yes
8231,0.6525430679321289,Yes
8232,0.06797357648611069,No
8233,0.026069262996315956,No
8234,0.8174780011177063,Yes
8235,0.8668394088745117,Yes
8236,0.16535112261772156,No
8237,0.16528217494487762,No
8238,0.8519160151481628,Yes
8239,0.7556726932525635,Yes
8240,0.1496121883392334,No
8241,0.707097589969635,Yes
8242,0.8811244368553162,Yes
8243,0.7775248289108276,Yes
8244,0.008963397704064846,No
8245,0.011461944319307804,No
8246,0.8809167742729187,Yes
8247,0.9051973223686218,Yes
8248,0.0760156586766243,No
8249,0.06019505485892296,No
8250,0.6228237152099609,Yes
8251,0.732381284236908,Yes
8252,0.042556360363960266,No
8253,0.0375429205596447,No
8254,0.7558121681213379,Yes
8255,0.817639946937561,Yes
8256,0.01850832998752594,No
8257,0.023477841168642044,No
8258,0.7064951062202454,Yes
8259,0.5009679198265076,Yes
8260,0.1500512659549713,No
8261,0.034285031259059906,No
8262,0.757094144821167,Yes
8263,0.7781259417533875,Yes
8264,0.03370899334549904,No
8265,0.1206391379237175,No
8266,0.8671807646751404,Yes
8267,0.8810232281684875,Yes
8268,0.014537391252815723,No
8269,0.014071875251829624,No
8270,0.6522788405418396,Yes
8271,0.7336586117744446,Yes
8272,0.10699440538883209,No
8273,0.053627025336027145,No
8274,0.7979475259780884,Yes
8275,0.9049537777900696,Yes
8276,0.029577597975730896,No
8277,0.06844097375869751,No
8278,0.905038595199585,Yes
8279,0.8355754017829895,Yes
8280,0.9400309920310974,Yes
8281,0.9400633573532104,Yes
8282,0.04238426685333252,No
8283,0.1833370178937912,No
8284,0.9052127599716187,Yes
8285,0.9400202035903931,Yes
8286,0.01005809661000967,No
8287,0.012640958651900291,No
8288,0.946648120880127,Yes
8289,0.9244415760040283,Yes
8290,0.08516635000705719,No
8291,0.06059455871582031,No
8292,0.9400516748428345,Yes
8293,0.9400403499603271,Yes
8294,0.01605125516653061,No
8295,0.015992185100913048,No
8296,0.8178499341011047,Yes
8297,0.8178605437278748,Yes
8298,0.018229098990559578,No
8299,0.0182638056576252,No
8300,0.9400548338890076,Yes
8301,0.9401000738143921,Yes
8302,0.021008823066949844,No
8303,0.07619097083806992,No
8304,0.9245473742485046,Yes
8305,0.9328428506851196,Yes
8306,0.0144489835947752,No
8307,0.011407238431274891,No
8308,0.8811670541763306,Yes
8309,0.8671274185180664,Yes
8310,0.012641595676541328,No
8311,0.009134620428085327,No
8312,0.9399847388267517,Yes
8313,0.9324755072593689,Yes
8314,0.02945277839899063,No
8315,0.018036825582385063,No
8316,0.9051103591918945,Yes
8317,0.866898775100708,Yes
8318,0.011120591312646866,No
8319,0.01811286248266697,No
8320,0.905198335647583,Yes
8321,0.8813358545303345,Yes
8322,0.08661015331745148,No
8323,0.269616961479187,No
8324,0.9245374798774719,Yes
8325,0.9151381850242615,Yes
8326,0.011273187585175037,No
8327,0.010058542713522911,No
8328,0.9051761627197266,Yes
8329,0.8810892701148987,Yes
8330,0.08532995730638504,No
8331,0.07633960992097855,No
8332,0.9152728915214539,Yes
8333,0.9325529336929321,Yes
8334,0.023477142676711082,No
8335,0.023335127159953117,No
8336,0.8360072374343872,Yes
8337,0.6526364684104919,Yes
8338,0.011354553513228893,No
8339,0.014497383497655392,No
8340,0.817832350730896,Yes
8341,0.9254165291786194,Yes
8342,0.15159256756305695,No
8343,0.06195249781012535,No
8344,0.9468472003936768,Yes
8345,0.9401243329048157,Yes
8346,0.02079625613987446,No
8347,0.023691555485129356,No
8348,0.8192903399467468,Yes
8349,0.8188546895980835,Yes
8350,0.010272053070366383,No
8351,0.005635902285575867,No
8352,0.9467083811759949,Yes
8353,0.946652352809906,Yes
8354,0.03350056707859039,No
8355,0.029544616118073463,No
8356,0.8518256545066833,Yes
8357,0.47053763270378113,No
8358,0.029924504458904266,No
8359,0.10720188170671463,No
8360,0.8669686317443848,Yes
8361,0.8813337683677673,Yes
8362,0.16622048616409302,No
8363,0.10821783542633057,No
8364,0.9152800440788269,Yes
8365,0.9244691729545593,Yes
8366,0.0162703488022089,No
8367,0.01610756106674671,No
8368,0.8935813307762146,Yes
8369,0.9325351715087891,Yes
8370,0.107054203748703,No
8371,0.08568169921636581,No
8372,0.8357064723968506,Yes
8373,0.8179666996002197,Yes
8374,0.03347369283437729,No
8375,0.03766697272658348,No
8376,0.77826988697052,Yes
8377,0.7776519656181335,Yes
8378,0.02085593342781067,No
8379,0.016028882935643196,No
8380,0.7980165481567383,Yes
8381,0.8819226622581482,Yes
8382,0.08799536526203156,No
8383,0.08705459535121918,No
8384,0.9329609274864197,Yes
8385,0.9326549172401428,Yes
8386,0.018582260236144066,No
8387,0.02651227079331875,No
8388,0.8198648691177368,Yes
8389,0.8363902568817139,Yes
8390,0.011678282171487808,No
8391,0.007818058133125305,No
8392,0.9244464039802551,Yes
8393,0.9579399824142456,Yes
8394,0.020548328757286072,No
8395,0.01826411299407482,No
8396,0.7780584096908569,Yes
8397,0.5633094906806946,Yes
8398,0.023684103041887283,No
8399,0.029840800911188126,No
8400,0.04797834903001785,No
8401,0.04822749271988869,No
8402,0.6525250673294067,Yes
8403,0.7561171650886536,Yes
8404,0.014404038898646832,No
8405,0.009985830634832382,No
8406,0.9153547286987305,Yes
8407,0.8810107111930847,Yes
8408,0.13370555639266968,No
8409,0.18325823545455933,No
8410,0.4685393273830414,No
8411,0.8671817183494568,Yes
8412,0.05388675257563591,No
8413,0.02337348461151123,No
8414,0.6790084838867188,Yes
8415,0.8174687623977661,Yes
8416,0.02954385057091713,No
8417,0.021198168396949768,No
8418,0.6793280839920044,Yes
8419,0.3498618006706238,No
8420,0.32435163855552673,No
8421,0.019254252314567566,No
8422,0.7334014773368835,Yes
8423,0.1841602325439453,No
8424,0.014553245157003403,No
8425,0.023480640724301338,No
8426,0.8180040717124939,Yes
8427,0.7064644694328308,Yes
8428,0.0173080675303936,No
8429,0.01750010810792446,No
8430,0.6234179735183716,Yes
8431,0.7076340913772583,Yes
8432,0.020546257495880127,No
8433,0.029432669281959534,No
8434,0.7778772711753845,Yes
8435,0.8174209594726562,Yes
8436,0.1071193739771843,No
8437,0.023331651464104652,No
8438,0.43812334537506104,No
8439,0.817530632019043,Yes
8440,0.3779411315917969,No
8441,0.5637791752815247,Yes
8442,0.835785984992981,Yes
8443,0.8176196813583374,Yes
8444,0.018262676894664764,No
8445,0.008712362498044968,No
8446,0.8935303092002869,Yes
8447,0.5631319284439087,Yes
8448,0.2028835266828537,No
8449,0.037434473633766174,No
8450,0.8668267130851746,Yes
8451,0.8517399430274963,Yes
8452,0.03335803374648094,No
8453,0.018301701173186302,No
8454,0.7776960134506226,Yes
8455,0.7556081414222717,Yes
8456,0.010018575936555862,No
8457,0.016221560537815094,No
8458,0.8175734877586365,Yes
8459,0.678820788860321,Yes
8460,0.2248363196849823,No
8461,0.13726291060447693,No
8462,0.6804934740066528,Yes
8463,0.22378021478652954,No
8464,0.03379618376493454,No
8465,0.029726747423410416,No
8466,0.6520386934280396,Yes
8467,0.7991102933883667,Yes
8468,0.016737045720219612,No
8469,0.014617099426686764,No
8470,0.6791967749595642,Yes
8471,0.5946527719497681,Yes
8472,0.03316056355834007,No
8473,0.023164793848991394,No
8474,0.8514787554740906,Yes
8475,0.8807023167610168,Yes
8476,0.03775870054960251,No
8477,0.0423470102250576,No
8478,0.817359209060669,Yes
8479,0.7774932384490967,Yes
8480,0.9466888904571533,Yes
8481,0.9152337908744812,Yes
8482,0.09553404897451401,No
8483,0.20329736173152924,No
8484,0.9244776964187622,Yes
8485,0.9400076270103455,Yes
8486,0.0161085594445467,No
8487,0.02337348461151123,No
8488,0.9150369763374329,Yes
8489,0.8668445944786072,Yes
8490,0.09544198215007782,No
8491,0.085537850856781,No
8492,0.8355963230133057,Yes
8493,0.9244515895843506,Yes
8494,0.016106639057397842,No
8495,0.02316591516137123,No
8496,0.8669415712356567,Yes
8497,0.8177262544631958,Yes
8498,0.03328776732087135,No
8499,0.026277940720319748,No
8500,0.8936461806297302,Yes
8501,0.9055184721946716,Yes
8502,0.04859407618641853,No
8503,0.042848724871873856,No
8504,0.9402692317962646,Yes
8505,0.9741291403770447,Yes
8506,0.014498875476419926,No
8507,0.012785621918737888,No
8508,0.852225661277771,Yes
8509,0.8361141681671143,Yes
8510,0.011406732723116875,No
8511,0.011028915643692017,No
8512,0.9525985717773438,Yes
8513,0.9627469182014465,Yes
8514,0.03747623413801193,No
8515,0.026051398366689682,No
8516,0.9050597548484802,Yes
8517,0.8934604525566101,Yes
8518,0.018299611285328865,No
8519,0.029601940885186195,No
8520,0.8934975862503052,Yes
8521,0.8672910928726196,Yes
8522,0.2957167625427246,No
8523,0.12009759992361069,No
8524,0.8935064077377319,Yes
8525,0.915093719959259,Yes
8526,0.016178078949451447,No
8527,0.011183029040694237,No
8528,0.9051809906959534,Yes
8529,0.8934450149536133,Yes
8530,0.14900845289230347,No
8531,0.09547926485538483,No
8532,0.8809560537338257,Yes
8533,0.7779720425605774,Yes
8534,0.029618896543979645,No
8535,0.03763722628355026,No
8536,0.8670915961265564,Yes
8537,0.7326071262359619,Yes
8538,0.03810572624206543,No
8539,0.026089705526828766,No
8540,0.8355330228805542,Yes
8541,0.8816431760787964,Yes
8542,0.07801567763090134,No
8543,0.07675836235284805,No
8544,0.9402692317962646,Yes
8545,0.9579858183860779,Yes
8546,0.014333690516650677,No
8547,0.00998647604137659,No
8548,0.7992908954620361,Yes
8549,0.818082332611084,Yes
8550,0.01042507030069828,No
8551,0.010483711026608944,No
8552,0.9051506519317627,Yes
8553,0.866819441318512,Yes
8554,0.0477086678147316,No
8555,0.05360439792275429,No
8556,0.9401164650917053,Yes
8557,0.9152531027793884,Yes
8558,0.026230238378047943,No
8559,0.02060694806277752,No
8560,0.8936319947242737,Yes
8561,0.8520095348358154,Yes
8562,0.10802876949310303,No
8563,0.07663345336914062,No
8564,0.8358741998672485,Yes
8565,0.8669478297233582,Yes
8566,0.016457170248031616,No
8567,0.026322776451706886,No
8568,0.8809331059455872,Yes
8569,0.8355679512023926,Yes
8570,0.06784388422966003,No
8571,0.08575969934463501,No
8572,0.8669826984405518,Yes
8573,0.6526264548301697,Yes
8574,0.023371785879135132,No
8575,0.03760253265500069,No
8576,0.7986356019973755,Yes
8577,0.7328029274940491,Yes
8578,0.020645353943109512,No
8579,0.026068584993481636,No
8580,0.799250602722168,Yes
8581,0.8010569214820862,Yes
8582,0.04937227442860603,No
8583,0.07867470383644104,No
8584,0.9057006239891052,Yes
8585,0.9628615379333496,Yes
8586,0.013024301268160343,No
8587,0.01455350499600172,No
8588,0.7796687483787537,Yes
8589,0.7566717863082886,Yes
8590,0.01355189923197031,No
8591,0.010871922597289085,No
8592,0.8807801604270935,Yes
8593,0.8669371604919434,Yes
8594,0.03750220686197281,No
8595,0.04238343611359596,No
8596,0.8522502183914185,Yes
8597,0.7780379056930542,Yes
8598,0.037763290107250214,No
8599,0.03352239727973938,No
8600,0.04242292791604996,No
8601,0.22452135384082794,No
8602,0.8359372615814209,Yes
8603,0.7059317231178284,Yes
8604,0.020548328757286072,No
8605,0.00774734653532505,No
8606,0.8517802953720093,Yes
8607,0.8934630155563354,Yes
8608,0.11974490433931351,No
8609,0.13362625241279602,No
8610,0.8515010476112366,Yes
8611,0.8669937252998352,Yes
8612,0.026381436735391617,No
8613,0.018263481557369232,No
8614,0.7979058027267456,Yes
8615,0.817508339881897,Yes
8616,0.011312835849821568,No
8617,0.03355946019291878,No
8618,0.8356443643569946,Yes
8619,0.5938501358032227,Yes
8620,0.321452796459198,No
8621,0.38005462288856506,No
8622,0.6240089535713196,Yes
8623,0.5007488131523132,Yes
8624,0.03012518770992756,No
8625,0.029856448993086815,No
8626,0.86700040102005,Yes
8627,0.8671314716339111,Yes
8628,0.009205923415720463,No
8629,0.01673830859363079,No
8630,0.6801295876502991,Yes
8631,0.5948659181594849,Yes
8632,0.03335929661989212,No
8633,0.05366203561425209,No
8634,0.9243963956832886,Yes
8635,0.8807542324066162,Yes
8636,0.023163778707385063,No
8637,0.042461518198251724,No
8638,0.8809047937393188,Yes
8639,0.8667676448822021,Yes
8640,0.8669703602790833,Yes
8641,0.8357603549957275,Yes
8642,0.09629561752080917,No
8643,0.09629900008440018,No
8644,0.8517466187477112,Yes
8645,0.866926372051239,Yes
8646,0.011238602921366692,No
8647,0.016270898282527924,No
8648,0.8808661103248596,Yes
8649,0.8808518052101135,Yes
8650,0.0852324441075325,No
8651,0.14939279854297638,No
8652,0.8935468196868896,Yes
8653,0.880840539932251,Yes
8654,0.03761528804898262,No
8655,0.020577965304255486,No
8656,0.7073061466217041,Yes
8657,0.7565035223960876,Yes
8658,0.02978011779487133,No
8659,0.042302731424570084,No
8660,0.8184821605682373,Yes
8661,0.780019223690033,Yes
8662,0.03481001406908035,No
8663,0.07692062109708786,No
8664,0.9403099417686462,Yes
8665,0.946749210357666,Yes
8666,0.010152332484722137,No
8667,0.01283580344170332,No
8668,0.7790975570678711,Yes
8669,0.778282642364502,Yes
8670,0.009135017171502113,No
8671,0.010730111971497536,No
8672,0.9325258731842041,Yes
8673,0.9324992895126343,Yes
8674,0.06816171109676361,No
8675,0.03321189805865288,No
8676,0.8809022307395935,Yes
8677,0.4080408811569214,No
8678,0.02341591566801071,No
8679,0.029766693711280823,No
8680,0.1336720734834671,No
8681,0.12002265453338623,No
8682,0.6520140171051025,Yes
8683,0.7323875427246094,Yes
8684,0.01834249310195446,No
8685,0.005342597607523203,No
8686,0.8355352878570557,Yes
8687,0.07592716068029404,No
8688,0.08547063916921616,No
8689,0.047525130212306976,No
8690,0.777590811252594,Yes
8691,0.8356766104698181,Yes
8692,0.02068953961133957,No
8693,0.033534225076436996,No
8694,0.8177331686019897,Yes
8695,0.7775805592536926,Yes
8696,0.016270898282527924,No
8697,0.018261633813381195,No
8698,0.7979001998901367,Yes
8699,0.6791428327560425,Yes
8700,0.12034504115581512,No
8701,0.06945022940635681,No
8702,0.24639618396759033,No
8703,0.818107008934021,Yes
8704,0.023884998634457588,No
8705,0.023883052170276642,No
8706,0.4076721966266632,No
8707,0.7560859322547913,Yes
8708,0.017498861998319626,No
8709,0.01897110790014267,No
8710,0.7979797720909119,Yes
8711,0.7784712910652161,Yes
8712,0.020479511469602585,No
8713,0.047755103558301926,No
8714,0.9150608777999878,Yes
8715,0.9049552083015442,Yes
8716,0.03328687697649002,No
8717,0.07606545090675354,No
8718,0.8354364037513733,Yes
8719,0.8357334733009338,Yes
8720,0.6232925653457642,Yes
8721,0.37922754883766174,No
8722,0.7784702777862549,Yes
8723,0.7777813076972961,Yes
8724,0.01617955043911934,No
8725,0.014446641318500042,No
8726,0.8936006426811218,Yes
8727,0.8809665441513062,Yes
8728,0.14915266633033752,No
8729,0.16505858302116394,No
8730,0.8668866157531738,Yes
8731,0.7983032464981079,Yes
8732,0.042504169046878815,No
8733,0.05377652868628502,No
8734,0.7563793659210205,Yes
8735,0.7557920217514038,Yes
8736,0.01834249310195446,No
8737,0.053662750869989395,No
8738,0.7335976362228394,Yes
8739,0.8180753588676453,Yes
8740,0.40816760063171387,No
8741,0.32550710439682007,No
8742,0.29630380868911743,No
8743,0.707129180431366,Yes
8744,0.029853977262973785,No
8745,0.06066453829407692,No
8746,0.5324501991271973,Yes
8747,0.7782213687896729,Yes
8748,0.011617946438491344,No
8749,0.00928813312202692,No
8750,0.67918860912323,Yes
8751,0.5950956344604492,Yes
8752,0.05365918576717377,No
8753,0.05362565442919731,No
8754,0.8668054938316345,Yes
8755,0.817395031452179,Yes
8756,0.06786990165710449,No
8757,0.06786389648914337,No
8758,0.7321844696998596,Yes
8759,0.817501962184906,Yes
8760,0.5331159234046936,Yes
8761,0.5016160607337952,Yes
8762,0.8518317341804504,Yes
8763,0.8178150057792664,Yes
8764,0.011312025599181652,No
8765,0.008848336525261402,No
8766,0.9152633547782898,Yes
8767,0.8935232162475586,Yes
8768,0.13384608924388885,No
8769,0.07598075270652771,No
8770,0.8176166415214539,Yes
8771,0.8361709713935852,Yes
8772,0.029669050127267838,No
8773,0.03350124508142471,No
8774,0.8176323771476746,Yes
8775,0.8175901174545288,Yes
8776,0.013303176499903202,No
8777,0.014405067078769207,No
8778,0.8516074419021606,Yes
8779,0.777738630771637,Yes
8780,0.1204892098903656,No
8781,0.16836659610271454,No
8782,0.6801532506942749,Yes
8783,0.7782025337219238,Yes
8784,0.0336061492562294,No
8785,0.02985524758696556,No
8786,0.817764163017273,Yes
8787,0.20334434509277344,No
8788,0.006901011802256107,No
8789,0.007848487235605717,No
8790,0.7560046315193176,Yes
8791,0.7073958516120911,Yes
8792,0.04238137602806091,No
8793,0.05369603633880615,No
8794,0.8354946970939636,Yes
8795,0.7979223728179932,Yes
8796,0.026377886533737183,No
8797,0.04790261387825012,No
8798,0.8935521245002747,Yes
8799,0.8356221914291382,Yes
8800,0.030111508443951607,No
8801,0.06135419383645058,No
8802,0.8668901920318604,Yes
8803,0.7568522691726685,Yes
8804,0.004136068746447563,No
8805,0.007028239779174328,No
8806,0.915237307548523,Yes
8807,0.7778095602989197,Yes
8808,0.04822749271988869,No
8809,0.06094140186905861,No
8810,0.3788731098175049,No
8811,0.46892115473747253,No
8812,0.016008572652935982,No
8813,0.01440476905554533,No
8814,0.6517422795295715,Yes
8815,0.7557142376899719,Yes
8816,0.00724113779142499,No
8817,0.009483236819505692,No
8818,0.5331861972808838,Yes
8819,0.5330525636672974,Yes
8820,0.25082266330718994,No
8821,0.13602305948734283,No
8822,0.6791685223579407,Yes
8823,0.9055817723274231,Yes
8824,0.030235063284635544,No
8825,0.02689366228878498,No
8826,0.8364042639732361,Yes
8827,0.81820148229599,Yes
8828,0.03359878063201904,No
8829,0.011029602028429508,No
8830,0.7590550780296326,Yes
8831,0.624707043170929,Yes
8832,0.02057669684290886,No
8833,0.011312835849821568,No
8834,0.7776638269424438,Yes
8835,0.07617606967687607,No
8836,0.011459439061582088,No
8837,0.016269007697701454,No
8838,0.7985138893127441,Yes
8839,0.8517737984657288,Yes
8840,0.9400865435600281,Yes
8841,0.9400991201400757,Yes
8842,0.026305660605430603,No
8843,0.12098432332277298,No
8844,0.9526784420013428,Yes
8845,0.9467629790306091,Yes
8846,0.006246233358979225,No
8847,0.00717886770144105,No
8848,0.9151167273521423,Yes
8849,0.9245651364326477,Yes
8850,0.038009073585271835,No
8851,0.09580812603235245,No
8852,0.946652352809906,Yes
8853,0.9401010274887085,Yes
8854,0.007900740951299667,No
8855,0.01617744192481041,No
8856,0.8186302185058594,Yes
8857,0.8674911260604858,Yes
8858,0.012952524237334728,No
8859,0.01663244515657425,No
8860,0.9467868804931641,Yes
8861,0.9052478671073914,Yes
8862,0.026379991322755814,No
8863,0.08625409007072449,No
8864,0.9579440355300903,Yes
8865,0.9401010274887085,Yes
8866,0.016180826351046562,No
8867,0.007029198110103607,No
8868,0.8383119702339172,Yes
8869,0.8520405292510986,Yes
8870,0.011771202087402344,No
8871,0.009486336261034012,No
8872,0.9627342224121094,Yes
8873,0.9707751274108887,Yes
8874,0.011138642206788063,No
8875,0.012612668797373772,No
8876,0.9245941042900085,Yes
8877,0.4692716598510742,No
8878,0.029652679339051247,No
8879,0.03341376781463623,No
8880,0.8361005187034607,Yes
8881,0.8937728404998779,Yes
8882,0.055111441761255264,No
8883,0.06248177960515022,No
8884,0.932788074016571,Yes
8885,0.8939158320426941,Yes
8886,0.010621539317071438,No
8887,0.009891888126730919,No
8888,0.818187415599823,Yes
8889,0.8677120804786682,Yes
8890,0.0483391247689724,No
8891,0.06082707643508911,No
8892,0.9466748833656311,Yes
8893,0.9151890873908997,Yes
8894,0.016270898282527924,No
8895,0.02073589526116848,No
8896,0.7779600024223328,Yes
8897,0.8522705435752869,Yes
8898,0.018578123301267624,No
8899,0.011355709284543991,No
8900,0.8673980832099915,Yes
8901,0.8362003564834595,Yes
8902,0.05402732267975807,No
8903,0.07151734083890915,No
8904,0.9528205990791321,Yes
8905,0.9581478834152222,Yes
8906,0.011462150141596794,No
8907,0.014860264956951141,No
8908,0.820557177066803,Yes
8909,0.8379114866256714,Yes
8910,0.011028915643692017,No
8911,0.01496588159352541,No
8912,0.9707547426223755,Yes
8913,0.940280020236969,Yes
8914,0.02073829434812069,No
8915,0.01638898439705372,No
8916,0.9526647925376892,Yes
8917,0.9247792959213257,Yes
8918,0.03011297434568405,No
8919,0.021194173023104668,No
8920,0.29627200961112976,No
8921,0.04822253808379173,No
8922,0.9152698516845703,Yes
8923,0.8363564014434814,Yes
8924,0.009047089144587517,No
8925,0.008961619809269905,No
8926,0.8934836983680725,Yes
8927,0.8672876954078674,Yes
8928,0.06083250790834427,No
8929,0.07663941383361816,No
8930,0.7327548265457153,Yes
8931,0.8518332242965698,Yes
8932,0.020609622821211815,No
8933,0.01850832998752594,No
8934,0.8174983263015747,Yes
8935,0.8176735043525696,Yes
8936,0.007122477516531944,No
8937,0.008265431970357895,No
8938,0.5326945185661316,Yes
8939,0.624327540397644,Yes
8940,0.3508894443511963,No
8941,0.15119221806526184,No
8942,0.851718544960022,Yes
8943,0.7335976362228394,Yes
8944,0.01866084337234497,No
8945,0.013198886066675186,No
8946,0.7980723977088928,Yes
8947,0.13462932407855988,No
8948,0.02443702332675457,No
8949,0.0144929438829422,No
8950,0.7581921219825745,Yes
8951,0.7352490425109863,Yes
8952,0.02616536058485508,No
8953,0.023538174107670784,No
8954,0.8174389004707336,Yes
8955,0.8356608152389526,Yes
8956,0.03800848126411438,No
8957,0.06842651963233948,No
8958,0.8356865644454956,Yes
8959,0.7778280377388,Yes
8960,0.946713387966156,Yes
8961,0.9052405953407288,Yes
8962,0.06082991510629654,No
8963,0.0624774806201458,No
8964,0.9466935992240906,Yes
8965,0.9151890873908997,Yes
8966,0.009985650889575481,No
8967,0.006339654792100191,No
8968,0.9152107238769531,Yes
8969,0.893758237361908,Yes
8970,0.08559723943471909,No
8971,0.042941272258758545,No
8972,0.9400050044059753,Yes
8973,0.9325621724128723,Yes
8974,0.012889795005321503,No
8975,0.010100152343511581,No
8976,0.8808816075325012,Yes
8977,0.8179721236228943,Yes
8978,0.011311300098896027,No
8979,0.021198881790041924,No
8980,0.8940061330795288,Yes
8981,0.8364555239677429,Yes
8982,0.08576241135597229,No
8983,0.054900873452425,No
8984,0.9670352935791016,Yes
8985,0.952716052532196,Yes
8986,0.010151977650821209,No
8987,0.007943910546600819,No
8988,0.8201205730438232,Yes
8989,0.8379021883010864,Yes
8990,0.014292883686721325,No
8991,0.011394485831260681,No
8992,0.946637749671936,Yes
8993,0.957910418510437,Yes
8994,0.0181112177670002,No
8995,0.012534872628748417,No
8996,0.967088520526886,Yes
8997,0.9245520234107971,Yes
8998,0.0378384105861187,No
8999,0.020645353943109512,No
9000,0.2709106206893921,No
9001,0.5641500353813171,Yes
9002,0.7061994671821594,Yes
9003,0.6793758273124695,Yes
9004,0.007861873134970665,No
9005,0.009380590170621872,No
9006,0.9151116013526917,Yes
9007,0.8936813473701477,Yes
9008,0.018447773531079292,No
9009,0.0770958885550499,No
9010,0.8178176283836365,Yes
9011,0.5010620355606079,Yes
9012,0.047756921499967575,No
9013,0.03413161635398865,No
9014,0.46873512864112854,No
9015,0.6524234414100647,Yes
9016,0.014686566777527332,No
9017,0.006205966230481863,No
9018,0.7561379075050354,Yes
9019,0.6230595111846924,Yes
9020,0.03865685313940048,No
9021,0.09735270589590073,No
9022,0.22381891310214996,No
9023,0.205250546336174,No
9024,0.026591097936034203,No
9025,0.030233202502131462,No
9026,0.5635901689529419,Yes
9027,0.22394712269306183,No
9028,0.008006008341908455,No
9029,0.01750010810792446,No
9030,0.7799777984619141,Yes
9031,0.7338117957115173,Yes
9032,0.047756921499967575,No
9033,0.020648939535021782,No
9034,0.8807070851325989,Yes
9035,0.8669717311859131,Yes
9036,0.18333207070827484,No
9037,0.1342271864414215,No
9038,0.8190902471542358,Yes
9039,0.866904079914093,Yes
9040,0.0765317901968956,No
9041,0.7787816524505615,Yes
9042,0.9155439734458923,Yes
9043,0.7987291812896729,Yes
9044,0.003663052339106798,No
9045,0.01042329054325819,No
9046,0.8935064077377319,Yes
9047,0.9158629179000854,Yes
9048,0.04268306493759155,No
9049,0.023477142676711082,No
9050,0.6522699594497681,Yes
9051,0.5331006646156311,Yes
9052,0.023262571543455124,No
9053,0.023477841168642044,No
9054,0.8354713916778564,Yes
9055,0.8672179579734802,Yes
9056,0.009133214130997658,No
9057,0.007943264208734035,No
9058,0.40876540541648865,No
9059,0.4385817348957062,No
9060,0.09708116948604584,No
9061,0.04331861436367035,No
9062,0.8808584809303284,Yes
9063,0.7568058371543884,Yes
9064,0.02667936310172081,No
9065,0.12146810442209244,No
9066,0.8813294172286987,Yes
9067,0.8935530781745911,Yes
9068,0.010476776398718357,No
9069,0.013721481896936893,No
9070,0.6266312003135681,Yes
9071,0.7347953915596008,Yes
9072,0.08527743071317673,No
9073,0.0609365813434124,No
9074,0.8516903519630432,Yes
9075,0.8933773040771484,Yes
9076,0.011675519868731499,No
9077,0.034411437809467316,No
9078,0.9051713347434998,Yes
9079,0.8358601331710815,Yes
9080,0.9051799178123474,Yes
9081,0.9526681303977966,Yes
9082,0.033298004418611526,No
9083,0.10804729163646698,No
9084,0.9401233196258545,Yes
9085,0.9152107238769531,Yes
9086,0.007122888695448637,No
9087,0.0062070307321846485,No
9088,0.9151052832603455,Yes
9089,0.924534261226654,Yes
9090,0.060663431882858276,No
9091,0.07633816450834274,No
9092,0.9627598524093628,Yes
9093,0.9401494860649109,Yes
9094,0.008818359114229679,No
9095,0.016140349209308624,No
9096,0.8936336636543274,Yes
9097,0.8812160491943359,Yes
9098,0.018446600064635277,No
9099,0.011312601156532764,No
9100,0.940280020236969,Yes
9101,0.9401188492774963,Yes
9102,0.03368343785405159,No
9103,0.07693319767713547,No
9104,0.9670625329017639,Yes
9105,0.9471900463104248,Yes
9106,0.01167892012745142,No
9107,0.007179853040724993,No
9108,0.8379701375961304,Yes
9109,0.8820570111274719,Yes
9110,0.013199929147958755,No
9111,0.015537903644144535,No
9112,0.9627367854118347,Yes
9113,0.9400991201400757,Yes
9114,0.014252508990466595,No
9115,0.014215643517673016,No
9116,0.9402937889099121,Yes
9117,0.8936280608177185,Yes
9118,0.01610756106674671,No
9119,0.020607756450772285,No
9120,0.8814020752906799,Yes
9121,0.8812971115112305,Yes
9122,0.0553445965051651,No
9123,0.20657452940940857,No
9124,0.9401553273200989,Yes
9125,0.9053002595901489,Yes
9126,0.007944217883050442,No
9127,0.007712379097938538,No
9128,0.9054022431373596,Yes
9129,0.8369680047035217,Yes
9130,0.07624611258506775,No
9131,0.06093917787075043,No
9132,0.9579440355300903,Yes
9133,0.9400708675384521,Yes
9134,0.01627182960510254,No
9135,0.018445875495672226,No
9136,0.8361005187034607,Yes
9137,0.7069978713989258,Yes
9138,0.01167602650821209,No
9139,0.026891766116023064,No
9140,0.8525882959365845,Yes
9141,0.8943695425987244,Yes
9142,0.16691921651363373,No
9143,0.07265941053628922,No
9144,0.9326391816139221,Yes
9145,0.9401567578315735,Yes
9146,0.026591097936034203,No
9147,0.018449414521455765,No
9148,0.8197997212409973,Yes
9149,0.8011738657951355,Yes
9150,0.01514346245676279,No
9151,0.00887600239366293,No
9152,0.9627840518951416,Yes
9153,0.9467431306838989,Yes
9154,0.026440836489200592,No
9155,0.01654023863375187,No
9156,0.8672298789024353,Yes
9157,0.7331308722496033,Yes
9158,0.03459662199020386,No
9159,0.09581205248832703,No
9160,0.8520857691764832,Yes
9161,0.8361184000968933,Yes
9162,0.1349659115076065,No
9163,0.07910112291574478,No
9164,0.9527090787887573,Yes
9165,0.9153916835784912,Yes
9166,0.011313037946820259,No
9167,0.010151526890695095,No
9168,0.8520572781562805,Yes
9169,0.8938780426979065,Yes
9170,0.08566942811012268,No
9171,0.09572712332010269,No
9172,0.8934748768806458,Yes
9173,0.8812770843505859,Yes
9174,0.023538174107670784,No
9175,0.026506096124649048,No
9176,0.7327372431755066,Yes
9177,0.7778362035751343,Yes
9178,0.02658751979470253,No
9179,0.01653968170285225,No
9180,0.7570162415504456,Yes
9181,0.836471676826477,Yes
9182,0.06105947494506836,No
9183,0.0888470858335495,No
9184,0.9527878165245056,Yes
9185,0.9468622803688049,Yes
9186,0.020927900448441505,No
9187,0.023781288415193558,No
9188,0.8011738657951355,Yes
9189,0.8027706742286682,Yes
9190,0.01311174314469099,No
9191,0.011617792770266533,No
9192,0.9579216837882996,Yes
9193,0.9527332186698914,Yes
9194,0.014497043564915657,No
9195,0.014684580266475677,No
9196,0.8356174826622009,Yes
9197,0.7561607956886292,Yes
9198,0.038828421384096146,No
9199,0.03034554421901703,No
9200,0.024067744612693787,No
9201,0.042934972792863846,No
9202,0.6529289484024048,Yes
9203,0.7338302731513977,Yes
9204,0.008185544051229954,No
9205,0.00928593147546053,No
9206,0.8811919093132019,Yes
9207,0.8938523530960083,Yes
9208,0.08574463427066803,No
9209,0.15089908242225647,No
9210,0.2981068789958954,No
9211,0.798858642578125,Yes
9212,0.023374812677502632,No
9213,0.01622052490711212,No
9214,0.6519436240196228,Yes
9215,0.8355006575584412,Yes
9216,0.010152159258723259,No
9217,0.0077118100598454475,No
9218,0.4088204801082611,No
9219,0.47009047865867615,No
9220,0.41243481636047363,No
9221,0.03188144043087959,No
9222,0.798740029335022,Yes
9223,0.1884094923734665,No
9224,0.016633396968245506,No
9225,0.026965167373418808,No
9226,0.6795792579650879,Yes
9227,0.7562776207923889,Yes
9228,0.018565339967608452,No
9229,0.01803552731871605,No
9230,0.4423236548900604,No
9231,0.5368666052818298,Yes
9232,0.012742427177727222,No
9233,0.02079314924776554,No
9234,0.8176289796829224,Yes
9235,0.7986775040626526,Yes
9236,0.03809504210948944,No
9237,0.019099418073892593,No
9238,0.40935224294662476,No
9239,0.8811689615249634,Yes
9240,0.3497093617916107,No
9241,0.5014804601669312,Yes
9242,0.8672754764556885,Yes
9243,0.8183121681213379,Yes
9244,0.010101525112986565,No
9245,0.008963126689195633,No
9246,0.8934488296508789,Yes
9247,0.6805201172828674,Yes
9248,0.13401560485363007,No
9249,0.020740386098623276,No
9250,0.8176614046096802,Yes
9251,0.7982802987098694,Yes
9252,0.026135282590985298,No
9253,0.018658922985196114,No
9254,0.777631938457489,Yes
9255,0.755746066570282,Yes
9256,0.006955359131097794,No
9257,0.004447549115866423,No
9258,0.7561607956886292,Yes
9259,0.6793071627616882,Yes
9260,0.2257123738527298,No
9261,0.1515706479549408,No
9262,0.5326008796691895,Yes
9263,0.18576860427856445,No
9264,0.02100639045238495,No
9265,0.014686263166368008,No
9266,0.43860936164855957,No
9267,0.7984703779220581,Yes
9268,0.014538128860294819,No
9269,0.013878676109015942,No
9270,0.6261581778526306,Yes
9271,0.5044638514518738,Yes
9272,0.03315300866961479,No
9273,0.014686566777527332,No
9274,0.893386721611023,Yes
9275,0.8176661729812622,Yes
9276,0.03376820310950279,No
9277,0.016323529183864594,No
9278,0.7774608731269836,Yes
9279,0.6789462566375732,Yes
9280,0.9400880932807922,Yes
9281,0.9152407050132751,Yes
9282,0.06797610968351364,No
9283,0.13558714091777802,No
9284,0.9325998425483704,Yes
9285,0.9245308041572571,Yes
9286,0.009928816929459572,No
9287,0.012951451353728771,No
9288,0.8669247627258301,Yes
9289,0.8812591433525085,Yes
9290,0.08597539365291595,No
9291,0.09565510600805283,No
9292,0.8668097853660583,Yes
9293,0.924555242061615,Yes
9294,0.011312025599181652,No
9295,0.018200183287262917,No
9296,0.904972493648529,Yes
9297,0.8177537322044373,Yes
9298,0.033259253948926926,No
9299,0.021097766235470772,No
9300,0.9054080247879028,Yes
9301,0.8938452005386353,Yes
9302,0.042939409613609314,No
9303,0.04876876249909401,No
9304,0.9628432989120483,Yes
9305,0.9708322286605835,Yes
9306,0.014768925495445728,No
9307,0.007900905795395374,No
9308,0.8000363111495972,Yes
9309,0.8373125791549683,Yes
9310,0.01102940458804369,No
9311,0.011200974695384502,No
9312,0.957889974117279,Yes
9313,0.9670211672782898,Yes
9314,0.023294774815440178,No
9315,0.014302873983979225,No
9316,0.8937578201293945,Yes
9317,0.9050759673118591,Yes
9318,0.02368723228573799,No
9319,0.018338408321142197,No
9320,0.866901159286499,Yes
9321,0.867319643497467,Yes
9322,0.18397605419158936,No
9323,0.05557549372315407,No
9324,0.9244401454925537,Yes
9325,0.8935589790344238,Yes
9326,0.009069866500794888,No
9327,0.007899829186499119,No
9328,0.8674041628837585,Yes
9329,0.8674307465553284,Yes
9330,0.14959299564361572,No
9331,0.06073465943336487,No
9332,0.9244335293769836,Yes
9333,0.8179908990859985,Yes
9334,0.01834249310195446,No
9335,0.020852897316217422,No
9336,0.8363173007965088,Yes
9337,0.7777678966522217,Yes
9338,0.026676960289478302,No
9339,0.012742427177727222,No
9340,0.8181160092353821,Yes
9341,0.8937522172927856,Yes
9342,0.06135419383645058,No
9343,0.0555836521089077,No
9344,0.9527387022972107,Yes
9345,0.9401823878288269,Yes
9346,0.018449414521455765,No
9347,0.009014610201120377,No
9348,0.8000277876853943,Yes
9349,0.8201310634613037,Yes
9350,0.014535889029502869,No
9351,0.011394035071134567,No
9352,0.9579465389251709,Yes
9353,0.9245632886886597,Yes
9354,0.033444471657276154,No
9355,0.026377886533737183,No
9356,0.9467329978942871,Yes
9357,0.9328731894493103,Yes
9358,0.02984202280640602,No
9359,0.02347194030880928,No
9360,0.851966142654419,Yes
9361,0.818390965461731,Yes
9362,0.08681298792362213,No
9363,0.05532551929354668,No
9364,0.8810107111930847,Yes
9365,0.8810689449310303,Yes
9366,0.012952962890267372,No
9367,0.013103082776069641,No
9368,0.8520714044570923,Yes
9369,0.8366407155990601,Yes
9370,0.07632049918174744,No
9371,0.08574463427066803,No
9372,0.8934288620948792,Yes
9373,0.7784823179244995,Yes
9374,0.01850753277540207,No
9375,0.03332310542464256,No
9376,0.8180776834487915,Yes
9377,0.7569343447685242,Yes
9378,0.02637597732245922,No
9379,0.014365528710186481,No
9380,0.8526783585548401,Yes
9381,0.8191210627555847,Yes
9382,0.055332742631435394,No
9383,0.057479728013277054,No
9384,0.9155718088150024,Yes
9385,0.9582319259643555,Yes
9386,0.009485915303230286,No
9387,0.011770680546760559,No
9388,0.7584959864616394,Yes
9389,0.7793248891830444,Yes
9390,0.01647109165787697,No
9391,0.011770958080887794,No
9392,0.9400160312652588,Yes
9393,0.9153736233711243,Yes
9394,0.05368807911872864,No
9395,0.037836287170648575,No
9396,0.8940826654434204,Yes
9397,0.7988942861557007,Yes
9398,0.061686642467975616,No
9399,0.03000854142010212,No
9400,0.029666386544704437,No
9401,0.13461346924304962,No
9402,0.867131769657135,Yes
9403,0.7560152411460876,Yes
9404,0.012742871418595314,No
9405,0.006955359131097794,No
9406,0.893511176109314,Yes
9407,0.8938431143760681,Yes
9408,0.042681653052568436,No
9409,0.06921738386154175,No
9410,0.7776948809623718,Yes
9411,0.7777887582778931,Yes
9412,0.029581977054476738,No
9413,0.014685076661407948,No
9414,0.7772612571716309,Yes
9415,0.7980621457099915,Yes
9416,0.0085823442786932,No
9417,0.006205448880791664,No
9418,0.7563501596450806,Yes
9419,0.6792095899581909,Yes
9420,0.501396894454956,Yes
9421,0.5017754435539246,Yes
9422,0.6523853540420532,Yes
9423,0.5336393117904663,Yes
9424,0.03379802033305168,No
9425,0.04276394098997116,No
9426,0.8182212710380554,Yes
9427,0.8517618179321289,Yes
9428,0.012281754985451698,No
9429,0.014092742465436459,No
9430,0.6544007658958435,Yes
9431,0.53575199842453,Yes
9432,0.029581565409898758,No
9433,0.061063252389431,No
9434,0.8514429926872253,Yes
9435,0.8935641646385193,Yes
9436,0.014365137554705143,No
9437,0.04284394159913063,No
9438,0.8521854281425476,Yes
9439,0.9152358770370483,Yes
9440,0.8177863955497742,Yes
9441,0.818030059337616,Yes
9442,0.06884720176458359,No
9443,0.05027215555310249,No
9444,0.893674910068512,Yes
9445,0.8518110513687134,Yes
9446,0.007943504489958286,No
9447,0.013022033497691154,No
9448,0.8180662393569946,Yes
9449,0.8677240014076233,Yes
9450,0.06855248659849167,No
9451,0.15000708401203156,No
9452,0.9325693249702454,Yes
9453,0.8809665441513062,Yes
9454,0.01622200198471546,No
9455,0.018445082008838654,No
9456,0.5945802927017212,Yes
9457,0.7574569582939148,Yes
9458,0.033469852060079575,No
9459,0.016052519902586937,No
9460,0.8183721899986267,Yes
9461,0.7790384888648987,Yes
9462,0.030359899625182152,No
9463,0.062488991767168045,No
9464,0.9671390056610107,Yes
9465,0.9326315522193909,Yes
9466,0.008114987052977085,No
9467,0.007243509404361248,No
9468,0.7600004076957703,Yes
9469,0.8013136982917786,Yes
9470,0.010737576521933079,No
9471,0.01072978787124157,No
9472,0.9400796294212341,Yes
9473,0.9400869607925415,Yes
9474,0.047908034175634384,No
9475,0.02368278056383133,No
9476,0.8810333013534546,Yes
9477,0.5647899508476257,Yes
9478,0.02677140198647976,No
9479,0.023684103041887283,No
9480,0.06815505772829056,No
9481,0.12001284956932068,No
9482,0.6792924404144287,Yes
9483,0.7064257264137268,Yes
9484,0.009204939939081669,No
9485,0.0048444392159581184,No
9486,0.8515016436576843,Yes
9487,0.32265740633010864,No
9488,0.06105724722146988,No
9489,0.033445458859205246,No
9490,0.7324863076210022,Yes
9491,0.7560842633247375,Yes
9492,0.018229592591524124,No
9493,0.021308593451976776,No
9494,0.8668060898780823,Yes
9495,0.755751371383667,Yes
9496,0.010270153172314167,No
9497,0.0072415489703416824,No
9498,0.62330561876297,Yes
9499,0.7059613466262817,Yes
9500,0.13638241589069366,No
9501,0.08642730861902237,No
9502,0.5012299418449402,Yes
9503,0.7784573435783386,Yes
9504,0.026591097936034203,No
9505,0.0152094392105937,No
9506,0.29540735483169556,No
9507,0.6804934740066528,Yes
9508,0.0144929438829422,No
9509,0.011013994924724102,No
9510,0.798484742641449,Yes
9511,0.7566879391670227,Yes
9512,0.01599200628697872,No
9513,0.029927272349596024,No
9514,0.9244239926338196,Yes
9515,0.8514736890792847,Yes
9516,0.020738914608955383,No
9517,0.07675377279520035,No
9518,0.8807617425918579,Yes
9519,0.8809995651245117,Yes
9520,0.5947842597961426,Yes
9521,0.5334205627441406,Yes
9522,0.8184937834739685,Yes
9523,0.7341650724411011,Yes
9524,0.0052357809618115425,No
9525,0.007711080368608236,No
9526,0.8360208868980408,Yes
9527,0.9057322144508362,Yes
9528,0.09601642936468124,No
9529,0.09685435891151428,No
9530,0.8179615139961243,Yes
9531,0.7568871378898621,Yes
9532,0.020577965304255486,No
9533,0.03370337188243866,No
9534,0.8360029458999634,Yes
9535,0.7561289668083191,Yes
9536,0.013104043900966644,No
9537,0.012785176746547222,No
9538,0.7092911601066589,Yes
9539,0.8192054629325867,Yes
9540,0.502352237701416,Yes
9541,0.2716277837753296,No
9542,0.5334530472755432,Yes
9543,0.6547472476959229,Yes
9544,0.03822246193885803,No
9545,0.04305506870150566,No
9546,0.4708152711391449,No
9547,0.7982982993125916,Yes
9548,0.012473801150918007,No
9549,0.010699141770601273,No
9550,0.5044205188751221,Yes
9551,0.47456032037734985,No
9552,0.05395612493157387,No
9553,0.04317626357078552,No
9554,0.9325514435768127,Yes
9555,0.8521987199783325,Yes
9556,0.03366997838020325,No
9557,0.018849503248929977,No
9558,0.7565768361091614,Yes
9559,0.9053249359130859,Yes
9560,0.5017502307891846,Yes
9561,0.4699040651321411,No
9562,0.8811848163604736,Yes
9563,0.7995373606681824,Yes
9564,0.005839144811034203,No
9565,0.009600640274584293,No
9566,0.9151307344436646,Yes
9567,0.9247614145278931,Yes
9568,0.05410761386156082,No
9569,0.05457458272576332,No
9570,0.7332528233528137,Yes
9571,0.7789304256439209,Yes
9572,0.02619737759232521,No
9573,0.02667592093348503,No
9574,0.8808466196060181,Yes
9575,0.8357504606246948,Yes
9576,0.010736685246229172,No
9577,0.0059212869964540005,No
9578,0.8356270790100098,Yes
9579,0.6798461079597473,Yes
9580,0.2052861452102661,No
9581,0.18541723489761353,No
9582,0.7561530470848083,Yes
9583,0.7785987257957458,Yes
9584,0.02109869197010994,No
9585,0.01896977610886097,No
9586,0.7062122225761414,Yes
9587,0.1496007889509201,No
9588,0.010236878879368305,No
9589,0.01211536768823862,No
9590,0.5675411820411682,Yes
9591,0.5689709186553955,Yes
9592,0.023233462125062943,No
9593,0.04348607733845711,No
9594,0.8933742642402649,Yes
9595,0.798579216003418,Yes
9596,0.02079314924776554,No
9597,0.021437499672174454,No
9598,0.881425678730011,Yes
9599,0.905306875705719,Yes
9600,0.024780966341495514,No
9601,0.9051256775856018,Yes
9602,0.00475409347563982,No
9603,0.7320914268493652,Yes
9604,0.029497146606445312,No
9605,0.8667605519294739,Yes
9606,0.012700618244707584,No
9607,0.835343062877655,Yes
9608,0.010163869708776474,No
9609,0.7772127389907837,Yes
9610,0.021376458927989006,No
9611,0.8518065810203552,Yes
9612,0.020629828795790672,No
9613,0.7776519656181335,Yes
9614,0.006069851573556662,No
9615,0.8667087554931641,Yes
9616,0.023819860070943832,No
9617,0.8353963494300842,Yes
9618,0.008743303827941418,No
9619,0.731976330280304,Yes
9620,0.006242353469133377,No
9621,0.8353808522224426,Yes
9622,0.020572105422616005,No
9623,0.7556447982788086,Yes
9624,0.0181724913418293,No
9625,0.7977831363677979,Yes
9626,0.0075881085358560085,No
9627,0.9150608777999878,Yes
9628,0.09587854146957397,No
9629,0.9051947593688965,Yes
9630,0.03821595013141632,No
9631,0.9526050686836243,Yes
9632,0.033767636865377426,No
9633,0.817895233631134,Yes
9634,0.023420004174113274,No
9635,0.7557121515274048,Yes
9636,0.021736009046435356,No
9637,0.915019690990448,Yes
9638,0.007731678429991007,No
9639,0.65146404504776,Yes
9640,0.02695842646062374,No
9641,0.8935813307762146,Yes
9642,0.023078415542840958,No
9643,0.7320030331611633,Yes
9644,0.014297605492174625,No
9645,0.817366898059845,Yes
9646,0.023368339985609055,No
9647,0.8353560566902161,Yes
9648,0.027064019814133644,No
9649,0.9050189852714539,Yes
9650,0.006923893932253122,No
9651,0.8353659510612488,Yes
9652,0.02953309752047062,No
9653,0.8176228404045105,Yes
9654,0.016219187527894974,No
9655,0.9324682354927063,Yes
9656,0.013096872717142105,No
9657,0.8933262228965759,Yes
9658,0.018686598166823387,No
9659,0.8934482336044312,Yes
9660,0.020596031099557877,No
9661,0.8514614105224609,Yes
9662,0.006872734986245632,No
9663,0.6516979336738586,Yes
9664,0.0677938461303711,No
9665,0.8514572381973267,Yes
9666,0.03352876380085945,No
9667,0.9466134309768677,Yes
9668,0.023480098694562912,No
9669,0.8515715003013611,Yes
9670,0.026573002338409424,No
9671,0.8174921274185181,Yes
9672,0.026106705889105797,No
9673,0.8807451725006104,Yes
9674,0.011119292117655277,No
9675,0.9324564337730408,Yes
9676,0.026227088645100594,No
9677,0.8933119773864746,Yes
9678,0.03745122253894806,No
9679,0.8933289647102356,Yes
9680,0.008789860643446445,No
9681,0.8667032122612,Yes
9682,0.0260857455432415,No
9683,0.8807539343833923,Yes
9684,0.04237528145313263,No
9685,0.9243474006652832,Yes
9686,0.011119773611426353,No
9687,0.9149944186210632,Yes
9688,0.026225212961435318,No
9689,0.8514688014984131,Yes
9690,0.016049792990088463,No
9691,0.9049432873725891,Yes
9692,0.014251209795475006,No
9693,0.8667688369750977,Yes
9694,0.018341874703764915,No
9695,0.915039598941803,Yes
9696,0.03761044144630432,No
9697,0.9243545532226562,Yes
9698,0.016023680567741394,No
9699,0.8933265805244446,Yes
9700,0.10718265920877457,No
9701,0.9150378704071045,Yes
9702,0.03741642087697983,No
9703,0.9243569374084473,Yes
9704,0.016138684004545212,No
9705,0.9049477577209473,Yes
9706,0.020785735920071602,No
9707,0.8806972503662109,Yes
9708,0.03755103051662445,No
9709,0.9399864673614502,Yes
9710,0.012611018493771553,No
9711,0.9150042533874512,Yes
9712,0.0953437015414238,No
9713,0.8805804252624512,Yes
9714,0.029385589063167572,No
9715,0.9324564337730408,Yes
9716,0.01819509081542492,No
9717,0.9049432873725891,Yes
9718,0.02320205606520176,No
9719,0.8933346271514893,Yes
9720,0.026438033208251,No
9721,0.939978301525116,Yes
9722,0.008744806982576847,No
9723,0.9399710297584534,Yes
9724,0.04230787232518196,No
9725,0.9049322605133057,Yes
9726,0.02051735483109951,No
9727,0.9399771094322205,Yes
9728,0.020568188279867172,No
9729,0.924376368522644,Yes
9730,0.018226437270641327,No
9731,0.9150195717811584,Yes
9732,0.037427809089422226,No
9733,0.9324649572372437,Yes
9734,0.020493457093834877,No
9735,0.9243528842926025,Yes
9736,0.04759065434336662,No
9737,0.8932986259460449,Yes
9738,0.042237743735313416,No
9739,0.9150054454803467,Yes
9740,0.01817038282752037,No
9741,0.8807305097579956,Yes
9742,0.0478389598429203,No
9743,0.9244074821472168,Yes
9744,0.04237326607108116,No
9745,0.9466151595115662,Yes
9746,0.01256733201444149,No
9747,0.9243493676185608,Yes
9748,0.053711898624897,No
9749,0.915019690990448,Yes
9750,0.042348410934209824,No
9751,0.9324578046798706,Yes
9752,0.0181112177670002,No
9753,0.8933334350585938,Yes
9754,0.026065073907375336,No
9755,0.9049506187438965,Yes
9756,0.033223140984773636,No
9757,0.924349308013916,Yes
9758,0.020440522581338882,No
9759,0.9243525266647339,Yes
9760,0.07616938650608063,No
9761,0.9324588775634766,Yes
9762,0.0159464031457901,No
9763,0.9049309492111206,Yes
9764,0.01822333224117756,No
9765,0.924366295337677,Yes
9766,0.018197815865278244,No
9767,0.8933051824569702,Yes
9768,0.03749597445130348,No
9769,0.9324641823768616,Yes
9770,0.011353226378560066,No
9771,0.962739109992981,Yes
9772,0.16494931280612946,No
9773,0.8666903972625732,Yes
9774,0.02935943938791752,No
9775,0.94660884141922,Yes
9776,0.016173982992768288,No
9777,0.8933312892913818,Yes
9778,0.02942165732383728,No
9779,0.8667268753051758,Yes
9780,0.023608047515153885,No
9781,0.9051383137702942,Yes
9782,0.004738675430417061,No
9783,0.7979130148887634,Yes
9784,0.020578138530254364,No
9785,0.7979682087898254,Yes
9786,0.00995609164237976,No
9787,0.8356254696846008,Yes
9788,0.014234206639230251,No
9789,0.7322558760643005,Yes
9790,0.013417957350611687,No
9791,0.924587607383728,Yes
9792,0.012590210884809494,No
9793,0.8354964256286621,Yes
9794,0.007665753830224276,No
9795,0.7978174090385437,Yes
9796,0.016328705474734306,No
9797,0.7781505584716797,Yes
9798,0.007654826156795025,No
9799,0.7977657318115234,Yes
9800,0.006115329917520285,No
9801,0.8175715208053589,Yes
9802,0.014333313331007957,No
9803,0.817577064037323,Yes
9804,0.009867430664598942,No
9805,0.7977889776229858,Yes
9806,0.009381547570228577,No
9807,0.932832658290863,Yes
9808,0.04814025014638901,No
9809,0.8532617092132568,Yes
9810,0.023610420525074005,No
9811,0.9526466131210327,Yes
9812,0.030122609809041023,No
9813,0.8183023929595947,Yes
9814,0.020740754902362823,No
9815,0.7978003025054932,Yes
9816,0.01627138815820217,No
9817,0.8810930252075195,Yes
9818,0.00866570882499218,No
9819,0.7057304978370667,Yes
9820,0.0480504184961319,No
9821,0.9152982831001282,Yes
9822,0.012591022998094559,No
9823,0.7977644801139832,Yes
9824,0.007726311217993498,No
9825,0.7320712804794312,Yes
9826,0.0233354102820158,No
9827,0.8356637954711914,Yes
9828,0.023263048380613327,No
9829,0.8935060501098633,Yes
9830,0.006782290525734425,No
9831,0.8353645205497742,Yes
9832,0.018345575779676437,No
9833,0.7329010963439941,Yes
9834,0.011273453012108803,No
9835,0.9400032758712769,Yes
9836,0.011461123824119568,No
9837,0.8670998811721802,Yes
9838,0.023425914347171783,No
9839,0.8810499310493469,Yes
9840,0.012535899877548218,No
9841,0.8515585660934448,Yes
9842,0.0060226405039429665,No
9843,0.6788986325263977,Yes
9844,0.016078732907772064,No
9845,0.7979130148887634,Yes
9846,0.020795615389943123,No
9847,0.946670413017273,Yes
9848,0.029582660645246506,No
9849,0.8179536461830139,Yes
9850,0.03757894039154053,No
9851,0.8668285012245178,Yes
9852,0.01820209249854088,No
9853,0.8807799220085144,Yes
9854,0.00868635531514883,No
9855,0.9049633741378784,Yes
9856,0.01823071949183941,No
9857,0.8356443643569946,Yes
9858,0.025991246104240417,No
9859,0.9049712419509888,Yes
9860,0.00983657967299223,No
9861,0.8353345394134521,Yes
9862,0.009956355206668377,No
9863,0.7321944236755371,Yes
9864,0.016028551384806633,No
9865,0.9150225520133972,Yes
9866,0.011079373769462109,No
9867,0.8934715390205383,Yes
9868,0.018115142360329628,No
9869,0.8518121838569641,Yes
9870,0.008698430843651295,No
9871,0.915000855922699,Yes
9872,0.007770817261189222,No
9873,0.8807399272918701,Yes
9874,0.026379991322755814,No
9875,0.880838930606842,Yes
9876,0.02941492199897766,No
9877,0.8935235738754272,Yes
9878,0.01805245317518711,No
9879,0.8807812929153442,Yes
9880,0.047714900225400925,No
9881,0.9050449728965759,Yes
9882,0.018115142360329628,No
9883,0.9324700236320496,Yes
9884,0.018263105303049088,No
9885,0.9049744606018066,Yes
9886,0.018302077427506447,No
9887,0.7981193661689758,Yes
9888,0.03314928710460663,No
9889,0.9151033163070679,Yes
9890,0.008698430843651295,No
9891,0.9243797063827515,Yes
9892,0.060416318476200104,No
9893,0.8808466196060181,Yes
9894,0.01597469486296177,No
9895,0.9324600100517273,Yes
9896,0.02318480983376503,No
9897,0.8810118436813354,Yes
9898,0.02608945220708847,No
9899,0.7981345653533936,Yes
9900,0.014252508990466595,No
9901,0.9466425776481628,Yes
9902,0.011183946393430233,No
9903,0.9466358423233032,Yes
9904,0.016028551384806633,No
9905,0.9050222635269165,Yes
9906,0.018113981932401657,No
9907,0.9050286412239075,Yes
9908,0.03321552649140358,No
9909,0.9050637483596802,Yes
9910,0.008791189640760422,No
9911,0.8514803051948547,Yes
9912,0.02608884684741497,No
9913,0.9244613647460938,Yes
9914,0.01809799298644066,No
9915,0.9243730902671814,Yes
9916,0.02608758583664894,No
9917,0.8809047937393188,Yes
9918,0.023087723180651665,No
9919,0.9243762493133545,Yes
9920,0.006010249722748995,No
9921,0.9049471616744995,Yes
9922,0.060663431882858276,No
9923,0.8935468196868896,Yes
9924,0.03752999007701874,No
9925,0.932486891746521,Yes
9926,0.01249897014349699,No
9927,0.9049915671348572,Yes
9928,0.1069784089922905,No
9929,0.880918562412262,Yes
9930,0.03313770145177841,No
9931,0.924367368221283,Yes
9932,0.018115434795618057,No
9933,0.8514993786811829,Yes
9934,0.018132228404283524,No
9935,0.7978084683418274,Yes
9936,0.047547128051519394,No
9937,0.9049791097640991,Yes
9938,0.029330434277653694,No
9939,0.8933656811714172,Yes
9940,0.06041748449206352,No
9941,0.9325335025787354,Yes
9942,0.014152364805340767,No
9943,0.8933077454566956,Yes
9944,0.02608758583664894,No
9945,0.8807721734046936,Yes
9946,0.020523276180028915,No
9947,0.8175463080406189,Yes
9948,0.06013987958431244,No
9949,0.8808153867721558,Yes
9950,0.026052076369524002,No
9951,0.957915186882019,Yes
9952,0.09535861015319824,No
9953,0.8809897303581238,Yes
9954,0.0293691735714674,No
9955,0.9324576258659363,Yes
9956,0.033259253948926926,No
9957,0.8356474041938782,Yes
9958,0.0601288266479969,No
9959,0.8174665570259094,Yes
9960,0.01822333224117756,No
9961,0.9324415922164917,Yes
9962,0.0067393290810287,No
9963,0.7773881554603577,Yes
9964,0.04225557669997215,No
9965,0.8667603731155396,Yes
9966,0.014150661416351795,No
9967,0.8667525053024292,Yes
9968,0.008653474040329456,No
9969,0.8172951340675354,Yes
9970,0.016108402982354164,No
9971,0.9324461817741394,Yes
9972,0.015928931534290314,No
9973,0.8513635396957397,Yes
9974,0.006732269190251827,No
9975,0.8352884650230408,Yes
9976,0.03316688910126686,No
9977,0.8666681051254272,Yes
9978,0.007614497561007738,No
9979,0.7773852944374084,Yes
9980,0.009799077175557613,No
9981,0.8806806802749634,Yes
9982,0.02606520801782608,No
9983,0.866662859916687,Yes
9984,0.01802823506295681,No
9985,0.866766631603241,Yes
9986,0.004248436540365219,No
9987,0.8932861089706421,Yes
9988,0.05381559953093529,No
9989,0.880774736404419,Yes
9990,0.023129327222704887,No
9991,0.9324488639831543,Yes
9992,0.026194410398602486,No
9993,0.893307626247406,Yes
9994,0.02934279851615429,No
9995,0.8513672947883606,Yes
9996,0.018086835741996765,No
9997,0.8805651664733887,Yes
9998,0.006723836529999971,No
9999,0.7553948760032654,Yes
10000,0.053592290729284286,No
10001,0.9149901270866394,Yes
10002,0.026092207059264183,No
10003,0.8513606786727905,Yes
10004,0.009777361527085304,No
10005,0.8173055648803711,Yes
10006,0.0675954595208168,No
10007,0.8513613343238831,Yes
10008,0.009897889569401741,No
10009,0.9149889945983887,Yes
10010,0.007590232416987419,No
10011,0.7773659825325012,Yes
10012,0.042238835245370865,No
10013,0.8666688799858093,Yes
10014,0.007706780917942524,No
10015,0.9150087237358093,Yes
10016,0.011101318523287773,No
10017,0.8666730523109436,Yes
10018,0.02047436684370041,No
10019,0.9243489503860474,Yes
10020,0.01588127203285694,No
10021,0.8932937383651733,Yes
10022,0.008629652671515942,No
10023,0.7554118037223816,Yes
10024,0.05350023880600929,No
10025,0.8513635396957397,Yes
10026,0.02944222092628479,No
10027,0.924353301525116,Yes
10028,0.029418421909213066,No
10029,0.8667946457862854,Yes
10030,0.04217272624373436,No
10031,0.8666457533836365,Yes
10032,0.02930869720876217,No
10033,0.9049331545829773,Yes
10034,0.007620600983500481,No
10035,0.9049220085144043,Yes
10036,0.06010870635509491,No
10037,0.8806924223899841,Yes
10038,0.042148638516664505,No
10039,0.8932943344116211,Yes
10040,0.020355988293886185,No
10041,0.8513637781143188,Yes
10042,0.037337567657232285,No
10043,0.8667444586753845,Yes
10044,0.018013985827565193,No
10045,0.8806895613670349,Yes
10046,0.014103773050010204,No
10047,0.9324461817741394,Yes
10048,0.037335243076086044,No
10049,0.8806908130645752,Yes
10050,0.01800917647778988,No
10051,0.9049230217933655,Yes
10052,0.01248728297650814,No
10053,0.893303394317627,Yes
10054,0.04755057021975517,No
10055,0.8933120965957642,Yes
10056,0.04748189076781273,No
10057,0.893304169178009,Yes
10058,0.015887849032878876,No
10059,0.8806782364845276,Yes
10060,0.10684511065483093,No
10061,0.8932989239692688,Yes
10062,0.053480204194784164,No
10063,0.9149944186210632,Yes
10064,0.037448734045028687,No
10065,0.9049332737922668,Yes
10066,0.037356261163949966,No
10067,0.8513825535774231,Yes
10068,0.03310127183794975,No
10069,0.9149927496910095,Yes
10070,0.012445313856005669,No
10071,0.8932927846908569,Yes
10072,0.13336989283561707,No
10073,0.9049192070960999,Yes
10074,0.037305038422346115,No
10075,0.91499924659729,Yes
10076,0.03734288737177849,No
10077,0.9049252867698669,Yes
10078,0.04747605323791504,No
10079,0.8806766271591187,Yes
10080,0.023089194670319557,No
10081,0.9324477910995483,Yes
10082,0.014154869131743908,No
10083,0.9399585127830505,Yes
10084,0.060116954147815704,No
10085,0.8933141231536865,Yes
10086,0.025987407192587852,No
10087,0.924359917640686,Yes
10088,0.04749516025185585,No
10089,0.9149949550628662,Yes
10090,0.03731387481093407,No
10091,0.8932927846908569,Yes
10092,0.060104984790086746,No
10093,0.8933141231536865,Yes
10094,0.02036893367767334,No
10095,0.9149951934814453,Yes
10096,0.053465891629457474,No
10097,0.8933106660842896,Yes
10098,0.037309303879737854,No
10099,0.9049200415611267,Yes
10100,0.03308345004916191,No
10101,0.8806809782981873,Yes
10102,0.10685314983129501,No
10103,0.9049192070960999,Yes
10104,0.09514471888542175,No
10105,0.9049369096755981,Yes
10106,0.014116412959992886,No
10107,0.9049217700958252,Yes
10108,0.11941812932491302,No
10109,0.9149877429008484,Yes
10110,0.08507542312145233,No
10111,0.914989173412323,Yes
10112,0.04216548427939415,No
10113,0.8806914687156677,Yes
10114,0.06760130822658539,No
10115,0.9049177169799805,Yes
10116,0.053443823009729385,No
10117,0.9049238562583923,Yes
10118,0.03729709982872009,No
10119,0.9049116969108582,Yes
10120,0.09518035501241684,No
10121,0.9149889349937439,Yes
10122,0.02595936506986618,No
10123,0.924347460269928,Yes
10124,0.06763137876987457,No
10125,0.8933120965957642,Yes
10126,0.04746408760547638,No
10127,0.8806908130645752,Yes
10128,0.04745301976799965,No
10129,0.914990246295929,Yes
10130,0.025975912809371948,No
10131,0.9466009736061096,Yes
10132,0.2946665585041046,No
10133,0.9149886965751648,Yes
10134,0.06008315458893776,No
10135,0.9149969816207886,Yes
10136,0.06011500209569931,No
10137,0.9049287438392639,Yes
10138,0.07570631802082062,No
10139,0.8667477965354919,Yes
10140,0.053833361715078354,No
10141,0.8808153867721558,Yes
10142,0.007665917277336121,No
10143,0.7977113723754883,Yes
10144,0.05352463945746422,No
10145,0.8174795508384705,Yes
10146,0.04238802567124367,No
10147,0.7977311015129089,Yes
10148,0.01112296711653471,No
10149,0.7323254346847534,Yes
10150,0.04268725961446762,No
10151,0.9051213264465332,Yes
10152,0.018098212778568268,No
10153,0.8933480381965637,Yes
10154,0.008649362251162529,No
10155,0.8353553414344788,Yes
10156,0.0603388175368309,No
10157,0.7979697585105896,Yes
10158,0.020421698689460754,No
10159,0.7977968454360962,Yes
10160,0.015992185100913048,No
10161,0.8354129195213318,Yes
10162,0.04757838323712349,No
10163,0.8353666663169861,Yes
10164,0.015921035781502724,No
10165,0.8354042172431946,Yes
10166,0.016327571123838425,No
10167,0.91535884141922,Yes
10168,0.053837090730667114,No
10169,0.8936341404914856,Yes
10170,0.06803432106971741,No
10171,0.9526165127754211,Yes
10172,0.04805595427751541,No
10173,0.8934162259101868,Yes
10174,0.053663983941078186,No
10175,0.8514696359634399,Yes
10176,0.042559705674648285,No
10177,0.8516176342964172,Yes
10178,0.009795529767870903,No
10179,0.7557438015937805,Yes
10180,0.10735159367322922,No
10181,0.9050916433334351,Yes
10182,0.029428809881210327,No
10183,0.8807068467140198,Yes
10184,0.012509863823652267,No
10185,0.8173845410346985,Yes
10186,0.10692160576581955,No
10187,0.8514878749847412,Yes
10188,0.018230395391583443,No
10189,0.8935658931732178,Yes
10190,0.011068553663790226,No
10191,0.7320168614387512,Yes
10192,0.037532467395067215,No
10193,0.8515111804008484,Yes
10194,0.016052745282649994,No
10195,0.94661945104599,Yes
10196,0.0182638056576252,No
10197,0.8355574607849121,Yes
10198,0.04780469834804535,No
10199,0.9051579236984253,Yes
10200,0.026036756113171577,No
10201,0.7977632284164429,Yes
10202,0.011042766273021698,No
10203,0.7555171251296997,Yes
10204,0.042228300124406815,No
10205,0.8514675498008728,Yes
10206,0.07607395201921463,No
10207,0.9399896264076233,Yes
10208,0.03763928264379501,No
10209,0.8517597913742065,Yes
10210,0.09543871879577637,No
10211,0.7978813052177429,Yes
10212,0.04223797470331192,No
10213,0.915000855922699,Yes
10214,0.011058760806918144,No
10215,0.9150137305259705,Yes
10216,0.07585591077804565,No
10217,0.8807542324066162,Yes
10218,0.04747604951262474,No
10219,0.9049739241600037,Yes
10220,0.02043307013809681,No
10221,0.8514652252197266,Yes
10222,0.033163607120513916,No
10223,0.7976924180984497,Yes
10224,0.033178381621837616,No
10225,0.9049417972564697,Yes
10226,0.012522093951702118,No
10227,0.8933371305465698,Yes
10228,0.03315003588795662,No
10229,0.851662278175354,Yes
10230,0.023107048124074936,No
10231,0.9150029420852661,Yes
10232,0.03749462962150574,No
10233,0.893310010433197,Yes
10234,0.06792735308408737,No
10235,0.9050021171569824,Yes
10236,0.042255502194166183,No
10237,0.9050716161727905,Yes
10238,0.01591341756284237,No
10239,0.8934096097946167,Yes
10240,0.09539694339036942,No
10241,0.9049960374832153,Yes
10242,0.0676780641078949,No
10243,0.9399663805961609,Yes
10244,0.04771715775132179,No
10245,0.8807591795921326,Yes
10246,0.042422469705343246,No
10247,0.8807660937309265,Yes
10248,0.04752449691295624,No
10249,0.9244347810745239,Yes
10250,0.008665528148412704,No
10251,0.8807553052902222,Yes
10252,0.14831578731536865,No
10253,0.9150775074958801,Yes
10254,0.047514334321022034,No
10255,0.9324544668197632,Yes
10256,0.03326069563627243,No
10257,0.8808608651161194,Yes
10258,0.06792543828487396,No
10259,0.817744791507721,Yes
10260,0.020478803664445877,No
10261,0.924470841884613,Yes
10262,0.011091496795415878,No
10263,0.9324654340744019,Yes
10264,0.03314928710460663,No
10265,0.915034830570221,Yes
10266,0.060199759900569916,No
10267,0.9466153383255005,Yes
10268,0.03317801654338837,No
10269,0.893517017364502,Yes
10270,0.02943589724600315,No
10271,0.817508339881897,Yes
10272,0.033161114901304245,No
10273,0.915036678314209,Yes
10274,0.020400414243340492,No
10275,0.9150175452232361,Yes
10276,0.053558267652988434,No
10277,0.8933607935905457,Yes
10278,0.04749346897006035,No
10279,0.9243777394294739,Yes
10280,0.02936941757798195,No
10281,0.8354371786117554,Yes
10282,0.13372556865215302,No
10283,0.8934004306793213,Yes
10284,0.06767486035823822,No
10285,0.9526032209396362,Yes
10286,0.018061969429254532,No
10287,0.8807007670402527,Yes
10288,0.18299272656440735,No
10289,0.9244515895843506,Yes
10290,0.13336540758609772,No
10291,0.9049487709999084,Yes
10292,0.033149562776088715,No
10293,0.8352909088134766,Yes
10294,0.053486984223127365,No
10295,0.866786777973175,Yes
10296,0.07576120644807816,No
10297,0.9243693947792053,Yes
10298,0.023059627041220665,No
10299,0.8933305740356445,Yes
10300,0.1482400894165039,No
10301,0.9150928854942322,Yes
10302,0.023096611723303795,No
10303,0.9149900674819946,Yes
10304,0.04227609559893608,No
10305,0.8668267130851746,Yes
10306,0.06020263209939003,No
10307,0.8353694081306458,Yes
10308,0.03746667876839638,No
10309,0.9150685667991638,Yes
10310,0.04223762825131416,No
10311,0.924395740032196,Yes
10312,0.11966194957494736,No
10313,0.9150450825691223,Yes
10314,0.0757426768541336,No
10315,0.9324551224708557,Yes
10316,0.09532538801431656,No
10317,0.7978867292404175,Yes
10318,0.0851193368434906,No
10319,0.8514993786811829,Yes
10320,0.0376138798892498,No
10321,0.8935154676437378,Yes
10322,0.00978677999228239,No
10323,0.8352760076522827,Yes
10324,0.042260996997356415,No
10325,0.8353211283683777,Yes
10326,0.053496602922677994,No
10327,0.8172900080680847,Yes
10328,0.037371352314949036,No
10329,0.8513688445091248,Yes
10330,0.029614102095365524,No
10331,0.9324988722801208,Yes
10332,0.0260077603161335,No
10333,0.8806769251823425,Yes
10334,0.007603072095662355,No
10335,0.7976223230361938,Yes
10336,0.11948037892580032,No
10337,0.8667190670967102,Yes
10338,0.033096324652433395,No
10339,0.7773842215538025,Yes
10340,0.020405609160661697,No
10341,0.8513809442520142,Yes
10342,0.06767295300960541,No
10343,0.8806846737861633,Yes
10344,0.020408716052770615,No
10345,0.8513727784156799,Yes
10346,0.012611516751348972,No
10347,0.9049789905548096,Yes
10348,0.3206520080566406,No
10349,0.9050140976905823,Yes
10350,0.053602203726768494,No
10351,0.9324675798416138,Yes
10352,0.05388873443007469,No
10353,0.8934042453765869,Yes
10354,0.05355673283338547,No
10355,0.8513521552085876,Yes
10356,0.047589171677827835,No
10357,0.8933324813842773,Yes
10358,0.02304166555404663,No
10359,0.705447793006897,Yes
10360,0.1830470710992813,No
10361,0.8807071447372437,Yes
10362,0.060138385742902756,No
10363,0.8806739449501038,Yes
10364,0.014165062457323074,No
10365,0.8172826170921326,Yes
10366,0.13332200050354004,No
10367,0.8667401075363159,Yes
10368,0.03736836090683937,No
10369,0.9324434995651245,Yes
10370,0.011009936220943928,No
10371,0.7773743271827698,Yes
10372,0.1195058599114418,No
10373,0.8806796669960022,Yes
10374,0.01253423560410738,No
10375,0.8933068513870239,Yes
10376,0.037366531789302826,No
10377,0.8932931423187256,Yes
10378,0.0757935419678688,No
10379,0.9324466586112976,Yes
10380,0.05344359949231148,No
10381,0.8513641953468323,Yes
10382,0.015898454934358597,No
10383,0.8172784447669983,Yes
10384,0.06018010526895523,No
10385,0.8172945976257324,Yes
10386,0.09525075554847717,No
10387,0.9149944186210632,Yes
10388,0.10682246088981628,No
10389,0.9049197435379028,Yes
10390,0.08509921282529831,No
10391,0.8513498902320862,Yes
10392,0.06011383235454559,No
10393,0.9149934649467468,Yes
10394,0.008630149997770786,No
10395,0.9049193263053894,Yes
10396,0.1480327844619751,No
10397,0.8806806802749634,Yes
10398,0.0951196476817131,No
10399,0.9243462681770325,Yes
10400,0.03740981966257095,No
10401,0.851365864276886,Yes
10402,0.05347359925508499,No
10403,0.8806805610656738,Yes
10404,0.012448695488274097,No
10405,0.8932963013648987,Yes
10406,0.02304394729435444,No
10407,0.9243426322937012,Yes
10408,0.10678433626890182,No
10409,0.8806857466697693,Yes
10410,0.029297618195414543,No
10411,0.8806895613670349,Yes
10412,0.03744201362133026,No
10413,0.9149918556213379,Yes
10414,0.0676364153623581,No
10415,0.8932982087135315,Yes
10416,0.10677188634872437,No
10417,0.904916524887085,Yes
10418,0.03740144893527031,No
10419,0.8932963013648987,Yes
10420,0.22278420627117157,No
10421,0.9049181342124939,Yes
10422,0.09517503529787064,No
10423,0.9149918556213379,Yes
10424,0.042213670909404755,No
10425,0.9049229025840759,Yes
10426,0.08507887274026871,No
10427,0.9049086570739746,Yes
10428,0.09514717757701874,No
10429,0.9049298167228699,Yes
10430,0.01589374803006649,No
10431,0.9049179553985596,Yes
10432,0.20258134603500366,No
10433,0.9150011539459229,Yes
10434,0.042142853140830994,No
10435,0.9243476390838623,Yes
10436,0.07570584118366241,No
10437,0.8806875944137573,Yes
10438,0.1333402544260025,No
10439,0.8806749582290649,Yes
10440,0.03742652013897896,No
10441,0.9243474006652832,Yes
10442,0.023085173219442368,No
10443,0.9466028213500977,Yes
10444,0.042176131159067154,No
10445,0.9049110412597656,Yes
10446,0.05344288796186447,No
10447,0.9324544072151184,Yes
10448,0.08507855236530304,No
10449,0.9149916172027588,Yes
10450,0.06761708110570908,No
10451,0.8806908130645752,Yes
10452,0.10678931325674057,No
10453,0.9150028228759766,Yes
10454,0.02037190832197666,No
10455,0.8806862831115723,Yes
10456,0.11940556764602661,No
10457,0.8667532205581665,Yes
10458,0.09512834250926971,No
10459,0.9243462681770325,Yes
10460,0.06760130822658539,No
10461,0.8933014273643494,Yes
10462,0.1828751266002655,No
10463,0.924353301525116,Yes
10464,0.1067931279540062,No
10465,0.9243434071540833,Yes
10466,0.04213309288024902,No
10467,0.8932967185974121,Yes
10468,0.2946785092353821,No
10469,0.9324453473091125,Yes
10470,0.10676299035549164,No
10471,0.8933022618293762,Yes
10472,0.06763944774866104,No
10473,0.9049196839332581,Yes
10474,0.06010414659976959,No
10475,0.8806796669960022,Yes
10476,0.1067604199051857,No
10477,0.904918909072876,Yes
10478,0.0951196476817131,No
10479,0.9149888157844543,Yes
10480,0.18290238082408905,No
10481,0.8807051777839661,Yes
10482,0.04745996370911598,No
10483,0.9049230217933655,Yes
10484,0.09517382085323334,No
10485,0.904913604259491,Yes
10486,0.11939185112714767,No
10487,0.9049104452133179,Yes
10488,0.16479328274726868,No
10489,0.9243462085723877,Yes
10490,0.06013621762394905,No
10491,0.939959704875946,Yes
10492,0.4073537588119507,No
10493,0.9324477314949036,Yes
10494,0.053438276052474976,No
10495,0.9243410229682922,Yes
10496,0.13333526253700256,No
10497,0.8933022618293762,Yes
10498,0.20244191586971283,No
10499,0.9049091935157776,Yes
10500,0.0162703488022089,No
10501,0.9466026425361633,Yes
10502,0.005987439304590225,No
10503,0.7773758769035339,Yes
10504,0.02316431887447834,No
10505,0.8667017221450806,Yes
10506,0.011139209382236004,No
10507,0.8667699098587036,Yes
10508,0.00985531322658062,No
10509,0.8172847032546997,Yes
10510,0.01825951598584652,No
10511,0.9466046094894409,Yes
10512,0.008710147812962532,No
10513,0.8666642904281616,Yes
10514,0.0052653769962489605,No
10515,0.8806835412979126,Yes
10516,0.03326442092657089,No
10517,0.880727231502533,Yes
10518,0.006819006055593491,No
10519,0.8172934055328369,Yes
10520,0.011157996021211147,No
10521,0.8666595220565796,Yes
10522,0.020465370267629623,No
10523,0.8513648509979248,Yes
10524,0.012550165876746178,No
10525,0.8806895613670349,Yes
10526,0.005478303879499435,No
10527,0.9324845671653748,Yes
10528,0.07617606967687607,No
10529,0.9050227403640747,Yes
10530,0.023373393341898918,No
10531,0.9525916576385498,Yes
10532,0.020646164193749428,No
10533,0.8933570384979248,Yes
10534,0.02045867033302784,No
10535,0.8666580319404602,Yes
10536,0.020675813779234886,No
10537,0.9150102138519287,Yes
10538,0.005979460664093494,No
10539,0.7553975582122803,Yes
10540,0.04245734587311745,No
10541,0.924355685710907,Yes
10542,0.012550591491162777,No
10543,0.8513749837875366,Yes
10544,0.01417606882750988,No
10545,0.8666532039642334,Yes
10546,0.029372667893767357,No
10547,0.8932986855506897,Yes
10548,0.009880844503641129,No
10549,0.9324487447738647,Yes
10550,0.0059982165694236755,No
10551,0.817267656326294,Yes
10552,0.03329296410083771,No
10553,0.8666738867759705,Yes
10554,0.006874049548059702,No
10555,0.9399657845497131,Yes
10556,0.011157511733472347,No
10557,0.9150087237358093,Yes
10558,0.018171878531575203,No
10559,0.9399605989456177,Yes
10560,0.02041788399219513,No
10561,0.9049160480499268,Yes
10562,0.005991842597723007,No
10563,0.7976291179656982,Yes
10564,0.018129834905266762,No
10565,0.8667061924934387,Yes
10566,0.02953309752047062,No
10567,0.9466130137443542,Yes
10568,0.020497474819421768,No
10569,0.8933216333389282,Yes
10570,0.02940479665994644,No
10571,0.8806747198104858,Yes
10572,0.029364729300141335,No
10573,0.9149870872497559,Yes
10574,0.008664115332067013,No
10575,0.9149935245513916,Yes
10576,0.053504396229982376,No
10577,0.8666678667068481,Yes
10578,0.0260077603161335,No
10579,0.9049183130264282,Yes
10580,0.018096739426255226,No
10581,0.8667505383491516,Yes
10582,0.026018818840384483,No
10583,0.8806827664375305,Yes
10584,0.01805851049721241,No
10585,0.904916524887085,Yes
10586,0.01248762384057045,No
10587,0.9243456125259399,Yes
10588,0.042293522506952286,No
10589,0.8933119773864746,Yes
10590,0.023117003962397575,No
10591,0.9149904847145081,Yes
10592,0.015958944335579872,No
10593,0.8933006525039673,Yes
10594,0.02939695678651333,No
10595,0.9149982333183289,Yes
10596,0.09522823244333267,No
10597,0.8933000564575195,Yes
10598,0.014197029173374176,No
10599,0.9149889945983887,Yes
10600,0.14892295002937317,No
10601,0.9243493676185608,Yes
10602,0.026034222915768623,No
10603,0.9243521690368652,Yes
10604,0.03317660838365555,No
10605,0.9149986505508423,Yes
10606,0.026019519194960594,No
10607,0.904920756816864,Yes
10608,0.02937820367515087,No
10609,0.9324502944946289,Yes
10610,0.009812520816922188,No
10611,0.9149874448776245,Yes
10612,0.08513524383306503,No
10613,0.9049298167228699,Yes
10614,0.03312433138489723,No
10615,0.9243476986885071,Yes
10616,0.03317458927631378,No
10617,0.9243561625480652,Yes
10618,0.04757290333509445,No
10619,0.9149986505508423,Yes
10620,0.016006950289011,No
10621,0.9399605393409729,Yes
10622,0.011077326722443104,No
10623,0.9324519634246826,Yes
10624,0.03311944380402565,No
10625,0.914993166923523,Yes
10626,0.02313065342605114,No
10627,0.9399692416191101,Yes
10628,0.02604997158050537,No
10629,0.9324514865875244,Yes
10630,0.02605050429701805,No
10631,0.9049167037010193,Yes
10632,0.06766307353973389,No
10633,0.914997398853302,Yes
10634,0.014128675684332848,No
10635,0.9049177169799805,Yes
10636,0.047529611736536026,No
10637,0.9049243330955505,Yes
10638,0.047555215656757355,No
10639,0.9243490099906921,Yes
10640,0.026020122691988945,No
10641,0.893293023109436,Yes
10642,0.07584284991025925,No
10643,0.9324471354484558,Yes
10644,0.07577390968799591,No
10645,0.9466046094894409,Yes
10646,0.012487918138504028,No
10647,0.9243456125259399,Yes
10648,0.11947833001613617,No
10649,0.9399599432945251,Yes
10650,0.06769087165594101,No
10651,0.9324470162391663,Yes
10652,0.03312201052904129,No
10653,0.9049282073974609,Yes
10654,0.037347275763750076,No
10655,0.9049163460731506,Yes
10656,0.06765116751194,No
10657,0.9399589896202087,Yes
10658,0.018022501841187477,No
10659,0.9243418574333191,Yes
10660,0.13347335159778595,No
10661,0.9466004967689514,Yes
10662,0.02038845419883728,No
10663,0.9049243330955505,Yes
10664,0.047574713826179504,No
10665,0.939960777759552,Yes
10666,0.0373963825404644,No
10667,0.9049182534217834,Yes
10668,0.06763539463281631,No
10669,0.932450532913208,Yes
10670,0.02044565975666046,No
10671,0.9525859355926514,Yes
10672,0.1648569405078888,No
10673,0.9324490427970886,Yes
10674,0.037382107228040695,No
10675,0.9243493676185608,Yes
10676,0.06019621342420578,No
10677,0.9324539303779602,Yes
10678,0.060130175203084946,No
10679,0.8932967185974121,Yes
10680,0.053662750869989395,No
10681,0.904972493648529,Yes
10682,0.006010323762893677,No
10683,0.7774230241775513,Yes
10684,0.029623968526721,No
10685,0.7557226419448853,Yes
10686,0.012891335412859917,No
10687,0.866803765296936,Yes
10688,0.016008572652935982,No
10689,0.7976575493812561,Yes
10690,0.029434684664011,No
10691,0.9050116539001465,Yes
10692,0.009884501807391644,No
10693,0.851385772228241,Yes
10694,0.006819735746830702,No
10695,0.7976585030555725,Yes
10696,0.02651040069758892,No
10697,0.7776057720184326,Yes
10698,0.012590755708515644,No
10699,0.8353110551834106,Yes
10700,0.02608884684741497,No
10701,0.8173027634620667,Yes
10702,0.03321370482444763,No
10703,0.8513936996459961,Yes
10704,0.014277174137532711,No
10705,0.8173856735229492,Yes
10706,0.009735668078064919,No
10707,0.9244070053100586,Yes
10708,0.08586477488279343,No
10709,0.8810384273529053,Yes
10710,0.06788784265518188,No
10711,0.9324907660484314,Yes
10712,0.03379802033305168,No
10713,0.8668858408927917,Yes
10714,0.02958107367157936,No
10715,0.8173362612724304,Yes
10716,0.026965167373418808,No
10717,0.8807702660560608,Yes
10718,0.008656304329633713,No
10719,0.8172802329063416,Yes
10720,0.13345657289028168,No
10721,0.8807681798934937,Yes
10722,0.020463423803448677,No
10723,0.8667885661125183,Yes
10724,0.01813175342977047,No
10725,0.7774310111999512,Yes
10726,0.03743594139814377,No
10727,0.8513715267181396,Yes
10728,0.018149513751268387,No
10729,0.9049432873725891,Yes
10730,0.014136969111859798,No
10731,0.8806707859039307,Yes
10732,0.042423147708177567,No
10733,0.7978118062019348,Yes
10734,0.016180552542209625,No
10735,0.8933310508728027,Yes
10736,0.018447773531079292,No
10737,0.8514232039451599,Yes
10738,0.029433785006403923,No
10739,0.9150304198265076,Yes
10740,0.07574212551116943,No
10741,0.851357102394104,Yes
10742,0.008685977198183537,No
10743,0.7774220108985901,Yes
10744,0.026236791163682938,No
10745,0.7321444749832153,Yes
10746,0.0336061492562294,No
10747,0.9324868321418762,Yes
10748,0.04764736071228981,No
10749,0.8668124079704285,Yes
10750,0.1195090115070343,No
10751,0.8513727784156799,Yes
10752,0.037433698773384094,No
10753,0.904922366142273,Yes
10754,0.012498163618147373,No
10755,0.8933010101318359,Yes
10756,0.053577031940221786,No
10757,0.835315465927124,Yes
10758,0.06016293168067932,No
10759,0.9049424529075623,Yes
10760,0.05349794402718544,No
10761,0.8513617515563965,Yes
10762,0.037465065717697144,No
10763,0.8806899189949036,Yes
10764,0.023147504776716232,No
10765,0.8932974934577942,Yes
10766,0.015948228538036346,No
10767,0.9149860739707947,Yes
10768,0.04757290333509445,No
10769,0.8514043688774109,Yes
10770,0.05347616970539093,No
10771,0.9049203395843506,Yes
10772,0.018072672188282013,No
10773,0.893311083316803,Yes
10774,0.042280279099941254,No
10775,0.8933127522468567,Yes
10776,0.08522818982601166,No
10777,0.9049248099327087,Yes
10778,0.023130115121603012,No
10779,0.8806796669960022,Yes
10780,0.22282668948173523,No
10781,0.8807041049003601,Yes
10782,0.04224437475204468,No
10783,0.9150065779685974,Yes
10784,0.042256467044353485,No
10785,0.8933089375495911,Yes
10786,0.04227728396654129,No
10787,0.8667569756507874,Yes
10788,0.06018010526895523,No
10789,0.914999783039093,Yes
10790,0.018029456958174706,No
10791,0.9149869680404663,Yes
10792,0.13339298963546753,No
10793,0.8807078003883362,Yes
10794,0.053522467613220215,No
10795,0.880696177482605,Yes
10796,0.04225924611091614,No
10797,0.8807039260864258,Yes
10798,0.060198232531547546,No
10799,0.8806862831115723,Yes
10800,0.0535091832280159,No
10801,0.9243442416191101,Yes
10802,0.015928752720355988,No
10803,0.9243443012237549,Yes
10804,0.033233411610126495,No
10805,0.8666821122169495,Yes
10806,0.03319455310702324,No
10807,0.9150053858757019,Yes
10808,0.04227786883711815,No
10809,0.914996325969696,Yes
10810,0.06015133857727051,No
10811,0.9049193263053894,Yes
10812,0.08511584252119064,No
10813,0.9243444204330444,Yes
10814,0.018070997670292854,No
10815,0.8932982087135315,Yes
10816,0.042271729558706284,No
10817,0.835315465927124,Yes
10818,0.060198232531547546,No
10819,0.9149962067604065,Yes
10820,0.04750257357954979,No
10821,0.8806835412979126,Yes
10822,0.10687330365180969,No
10823,0.9049388766288757,Yes
10824,0.09525694698095322,No
10825,0.9399696588516235,Yes
10826,0.026021113619208336,No
10827,0.893294632434845,Yes
10828,0.16489054262638092,No
10829,0.9150011539459229,Yes
10830,0.1480703055858612,No
10831,0.9324470162391663,Yes
10832,0.06013943627476692,No
10833,0.8933021426200867,Yes
10834,0.042204856872558594,No
10835,0.8806972503662109,Yes
10836,0.053537365049123764,No
10837,0.9149953722953796,Yes
10838,0.053474828600883484,No
10839,0.9243425130844116,Yes
10840,0.20258477330207825,No
10841,0.9049234986305237,Yes
10842,0.033126313239336014,No
10843,0.9049237370491028,Yes
10844,0.06030448153614998,No
10845,0.924355685710907,Yes
10846,0.05353917181491852,No
10847,0.8667603731155396,Yes
10848,0.09521780163049698,No
10849,0.9243460297584534,Yes
10850,0.07575535774230957,No
10851,0.9399576783180237,Yes
10852,0.20260204374790192,No
10853,0.9150009155273438,Yes
10854,0.04759763926267624,No
10855,0.9049208760261536,Yes
10856,0.06775283068418503,No
10857,0.9049388766288757,Yes
10858,0.0851040929555893,No
10859,0.914988100528717,Yes
10860,0.027526967227458954,No
10861,0.6813282370567322,Yes
10862,0.009905616752803326,No
10863,0.6231760382652283,Yes
10864,0.029667815193533897,No
10865,0.5642210245132446,Yes
10866,0.03356112912297249,No
10867,0.6235368847846985,Yes
10868,0.02619992010295391,No
10869,0.5946319699287415,Yes
10870,0.036396175622940063,No
10871,0.7992653250694275,Yes
10872,0.020610103383660316,No
10873,0.7060182094573975,Yes
10874,0.012639923021197319,No
10875,0.5316712260246277,Yes
10876,0.03801742196083069,No
10877,0.5328196883201599,Yes
10878,0.029416358098387718,No
10879,0.6518484950065613,Yes
10880,0.02073996141552925,No
10881,0.5937875509262085,Yes
10882,0.037779103964567184,No
10883,0.7061681151390076,Yes
10884,0.018511170521378517,No
10885,0.5336915254592896,Yes
10886,0.02463298849761486,No
10887,0.7336505055427551,Yes
10888,0.04834518954157829,No
10889,0.7590057253837585,Yes
10890,0.03131366893649101,No
10891,0.798386812210083,Yes
10892,0.0433242991566658,No
10893,0.7082443833351135,Yes
10894,0.03848525881767273,No
10895,0.6523606777191162,Yes
10896,0.023688027635216713,No
10897,0.6533680558204651,Yes
10898,0.015992185100913048,No
10899,0.532957136631012,Yes
10900,0.03481622040271759,No
10901,0.7572827339172363,Yes
10902,0.03340129554271698,No
10903,0.6521329283714294,Yes
10904,0.014615561813116074,No
10905,0.5319734811782837,Yes
10906,0.06844620406627655,No
10907,0.7326645255088806,Yes
10908,0.03350056707859039,No
10909,0.7334125638008118,Yes
10910,0.011139828711748123,No
10911,0.4699625074863434,No
10912,0.04805367812514305,No
10913,0.5945990681648254,Yes
10914,0.02085593342781067,No
10915,0.7979931831359863,Yes
10916,0.018579477444291115,No
10917,0.6240010261535645,Yes
10918,0.042762480676174164,No
10919,0.707321286201477,Yes
10920,0.023376967757940292,No
10921,0.5942685008049011,Yes
10922,0.01823071949183941,No
10923,0.5326976180076599,Yes
10924,0.029775114730000496,No
10925,0.5637050867080688,Yes
10926,0.0302325040102005,No
10927,0.7983008027076721,Yes
10928,0.04250938072800636,No
10929,0.5656142830848694,Yes
10930,0.04294668883085251,No
10931,0.6241867542266846,Yes
10932,0.026166940107941628,No
10933,0.6231833696365356,Yes
10934,0.016052519902586937,No
10935,0.7057743072509766,Yes
10936,0.04250623658299446,No
10937,0.6520140171051025,Yes
10938,0.05352539196610451,No
10939,0.7058271765708923,Yes
10940,0.03332328423857689,No
10941,0.5319669842720032,Yes
10942,0.029785241931676865,No
10943,0.6231721043586731,Yes
10944,0.026440836489200592,No
10945,0.7057787775993347,Yes
10946,0.02616582252085209,No
10947,0.6799198389053345,Yes
10948,0.04235511273145676,No
10949,0.6236340999603271,Yes
10950,0.03763774409890175,No
10951,0.6800244450569153,Yes
10952,0.01826411299407482,No
10953,0.651923656463623,Yes
10954,0.05473511293530464,No
10955,0.7561609745025635,Yes
10956,0.029622377827763557,No
10957,0.7780062556266785,Yes
10958,0.03749499097466469,No
10959,0.7058819532394409,Yes
10960,0.04823671281337738,No
10961,0.7983759641647339,Yes
10962,0.05369757115840912,No
10963,0.7776888012886047,Yes
10964,0.033628031611442566,No
10965,0.706209123134613,Yes
10966,0.03810565173625946,No
10967,0.6519730091094971,Yes
10968,0.037552520632743835,No
10969,0.7982710599899292,Yes
10970,0.01826411299407482,No
10971,0.7063294053077698,Yes
10972,0.06074611842632294,No
10973,0.8357437252998352,Yes
10974,0.04235335811972618,No
10975,0.7556427717208862,Yes
10976,0.04250526800751686,No
10977,0.7982133030891418,Yes
10978,0.06788226962089539,No
10979,0.7986145615577698,Yes
10980,0.03810565173625946,No
10981,0.8178962469100952,Yes
10982,0.02342575043439865,No
10983,0.8669792413711548,Yes
10984,0.029669050127267838,No
10985,0.6232693791389465,Yes
10986,0.0603756420314312,No
10987,0.8515154123306274,Yes
10988,0.03760543093085289,No
10989,0.8518836498260498,Yes
10990,0.03002241998910904,No
10991,0.6525300741195679,Yes
10992,0.04239765182137489,No
10993,0.8356443643569946,Yes
10994,0.03332061320543289,No
10995,0.7978101968765259,Yes
10996,0.037635188549757004,No
10997,0.7558165192604065,Yes
10998,0.047559767961502075,No
10999,0.817508339881897,Yes
11000,0.029581977054476738,No
11001,0.6233927011489868,Yes
11002,0.08610657602548599,No
11003,0.8518420457839966,Yes
11004,0.06825051456689835,No
11005,0.7981438636779785,Yes
11006,0.03326229006052017,No
11007,0.7320071458816528,Yes
11008,0.09539694339036942,No
11009,0.798610270023346,Yes
11010,0.0678841844201088,No
11011,0.6518541574478149,Yes
11012,0.02948354370892048,No
11013,0.6800141930580139,Yes
11014,0.03793976828455925,No
11015,0.7060210108757019,Yes
11016,0.09539088606834412,No
11017,0.8175099492073059,Yes
11018,0.06766479462385178,No
11019,0.7321103811264038,Yes
11020,0.06844751536846161,No
11021,0.7983903288841248,Yes
11022,0.037577684968709946,No
11023,0.7775874733924866,Yes
11024,0.03349979221820831,No
11025,0.7980723977088928,Yes
11026,0.05389038473367691,No
11027,0.7062029242515564,Yes
11028,0.07583346962928772,No
11029,0.8180853724479675,Yes
11030,0.037762612104415894,No
11031,0.8356730937957764,Yes
11032,0.07606901228427887,No
11033,0.8179666996002197,Yes
11034,0.04771396890282631,No
11035,0.7320749759674072,Yes
11036,0.05388933792710304,No
11037,0.7323901653289795,Yes
11038,0.08533185720443726,No
11039,0.7781758904457092,Yes
11040,0.04805530980229378,No
11041,0.8934221267700195,Yes
11042,0.008768136613070965,No
11043,0.777502715587616,Yes
11044,0.11947353184223175,No
11045,0.8807562589645386,Yes
11046,0.04242400452494621,No
11047,0.880765438079834,Yes
11048,0.020650530233979225,No
11049,0.8668458461761475,Yes
11050,0.04276394098997116,No
11051,0.9245123863220215,Yes
11052,0.020523477345705032,No
11053,0.8514583706855774,Yes
11054,0.02309739775955677,No
11055,0.7775080800056458,Yes
11056,0.04776092246174812,No
11057,0.866915225982666,Yes
11058,0.02962510474026203,No
11059,0.9049808979034424,Yes
11060,0.01813243329524994,No
11061,0.8353936076164246,Yes
11062,0.06792817264795303,No
11063,0.8514878749847412,Yes
11064,0.08512090146541595,No
11065,0.8668705821037292,Yes
11066,0.0209281537681818,No
11067,0.9627998471260071,Yes
11068,0.1342497169971466,No
11069,0.9401648640632629,Yes
11070,0.08577702194452286,No
11071,0.9466545581817627,Yes
11072,0.04285036399960518,No
11073,0.8810182213783264,Yes
11074,0.13341602683067322,No
11075,0.7978161573410034,Yes
11076,0.06066626310348511,No
11077,0.8668491244316101,Yes
11078,0.009885684587061405,No
11079,0.8667463660240173,Yes
11080,0.09566617757081985,No
11081,0.893556535243988,Yes
11082,0.04780565947294235,No
11083,0.8668416738510132,Yes
11084,0.042206667363643646,No
11085,0.8514723181724548,Yes
11086,0.0953046903014183,No
11087,0.8807905912399292,Yes
11088,0.02967212349176407,No
11089,0.9400169849395752,Yes
11090,0.012510005384683609,No
11091,0.7555139660835266,Yes
11092,0.09548742324113846,No
11093,0.8515646457672119,Yes
11094,0.04760025814175606,No
11095,0.9579201340675354,Yes
11096,0.0297857653349638,No
11097,0.9050195217132568,Yes
11098,0.06066795438528061,No
11099,0.9400931000709534,Yes
11100,0.029369642958045006,No
11101,0.8174298405647278,Yes
11102,0.018202628940343857,No
11103,0.7056674361228943,Yes
11104,0.09522242099046707,No
11105,0.8807865977287292,Yes
11106,0.08553861081600189,No
11107,0.9526302814483643,Yes
11108,0.048240531235933304,No
11109,0.9151725769042969,Yes
11110,0.07594470679759979,No
11111,0.8175131678581238,Yes
11112,0.07585757970809937,No
11113,0.8668216466903687,Yes
11114,0.02306574210524559,No
11115,0.9150205254554749,Yes
11116,0.08514916896820068,No
11117,0.8933383822441101,Yes
11118,0.09536578506231308,No
11119,0.9399992227554321,Yes
11120,0.042206455022096634,No
11121,0.8173362612724304,Yes
11122,0.07602821290493011,No
11123,0.7774849534034729,Yes
11124,0.09517113119363785,No
11125,0.8807361721992493,Yes
11126,0.02934718132019043,No
11127,0.904928982257843,Yes
11128,0.04233275726437569,No
11129,0.8669308423995972,Yes
11130,0.033127278089523315,No
11131,0.9049431085586548,Yes
11132,0.03760681301355362,No
11133,0.8807405233383179,Yes
11134,0.14815887808799744,No
11135,0.9050078988075256,Yes
11136,0.10689860582351685,No
11137,0.9243796467781067,Yes
11138,0.033238060772418976,No
11139,0.9150326251983643,Yes
11140,0.09530264139175415,No
11141,0.92442786693573,Yes
11142,0.09536578506231308,No
11143,0.9399843215942383,Yes
11144,0.0952802374958992,No
11145,0.8807702660560608,Yes
11146,0.10685527324676514,No
11147,0.8807891011238098,Yes
11148,0.13355034589767456,No
11149,0.9466271996498108,Yes
11150,0.014162568375468254,No
11151,0.8933222889900208,Yes
11152,0.18315644562244415,No
11153,0.9050347208976746,Yes
11154,0.10680410265922546,No
11155,0.9324775338172913,Yes
11156,0.07594656199216843,No
11157,0.9324822425842285,Yes
11158,0.10721232742071152,No
11159,0.8669321537017822,Yes
11160,0.02941613458096981,No
11161,0.9324949979782104,Yes
11162,0.026199785992503166,No
11163,0.9243829250335693,Yes
11164,0.06766479462385178,No
11165,0.8933735489845276,Yes
11166,0.10692302137613297,No
11167,0.9526053071022034,Yes
11168,0.06798017770051956,No
11169,0.9466448426246643,Yes
11170,0.03747968375682831,No
11171,0.8174551725387573,Yes
11172,0.09533093124628067,No
11173,0.9150602221488953,Yes
11174,0.04750797152519226,No
11175,0.8933383822441101,Yes
11176,0.042205262929201126,No
11177,0.9324715733528137,Yes
11178,0.0953056663274765,No
11179,0.9466370344161987,Yes
11180,0.03315003588795662,No
11181,0.8353368639945984,Yes
11182,0.20313365757465363,No
11183,0.8934715390205383,Yes
11184,0.22276099026203156,No
11185,0.946620523929596,Yes
11186,0.02935796231031418,No
11187,0.9149960875511169,Yes
11188,0.20270460844039917,No
11189,0.9466319680213928,Yes
11190,0.09522119909524918,No
11191,0.9049386382102966,Yes
11192,0.05358172953128815,No
11193,0.8520668745040894,Yes
11194,0.1194000393152237,No
11195,0.866798996925354,Yes
11196,0.1194889023900032,No
11197,0.9324594736099243,Yes
11198,0.04755166172981262,No
11199,0.9150018692016602,Yes
11200,0.1650337278842926,No
11201,0.9150609374046326,Yes
11202,0.060184165835380554,No
11203,0.915006160736084,Yes
11204,0.08518712222576141,No
11205,0.9049704670906067,Yes
11206,0.08516635000705719,No
11207,0.8520872592926025,Yes
11208,0.11956228315830231,No
11209,0.9399774074554443,Yes
11210,0.06767921894788742,No
11211,0.9399782419204712,Yes
11212,0.2449863851070404,No
11213,0.9150573015213013,Yes
11214,0.1828310787677765,No
11215,0.952597439289093,Yes
11216,0.0853734239935875,No
11217,0.8807452321052551,Yes
11218,0.08526343107223511,No
11219,0.9049678444862366,Yes
11220,0.0859660655260086,No
11221,0.9150806665420532,Yes
11222,0.012569271959364414,No
11223,0.8354983329772949,Yes
11224,0.09543638676404953,No
11225,0.7978526949882507,Yes
11226,0.05395932123064995,No
11227,0.8668009042739868,Yes
11228,0.023209447041153908,No
11229,0.880840539932251,Yes
11230,0.06854958832263947,No
11231,0.9527056813240051,Yes
11232,0.023148303851485252,No
11233,0.8667294383049011,Yes
11234,0.014276006259024143,No
11235,0.8353824019432068,Yes
11236,0.07642770558595657,No
11237,0.8356174826622009,Yes
11238,0.047653891146183014,No
11239,0.8934937715530396,Yes
11240,0.016107123345136642,No
11241,0.8933680057525635,Yes
11242,0.10700555145740509,No
11243,0.8668171167373657,Yes
11244,0.04760025814175606,No
11245,0.7978450059890747,Yes
11246,0.034598786383867264,No
11247,0.9579917192459106,Yes
11248,0.35003939270973206,No
11249,0.9246892333030701,Yes
11250,0.16577209532260895,No
11251,0.9707592725753784,Yes
11252,0.16690267622470856,No
11253,0.8519160151481628,Yes
11254,0.08547063916921616,No
11255,0.8515760898590088,Yes
11256,0.06883861869573593,No
11257,0.9050944447517395,Yes
11258,0.018114762380719185,No
11259,0.835590124130249,Yes
11260,0.3496047258377075,No
11261,0.957942008972168,Yes
11262,0.05366532877087593,No
11263,0.9151327013969421,Yes
11264,0.020611239597201347,No
11265,0.8667539954185486,Yes
11266,0.08547452837228775,No
11267,0.8515439033508301,Yes
11268,0.06809214502573013,No
11269,0.9326084852218628,Yes
11270,0.01815054938197136,No
11271,0.7977952361106873,Yes
11272,0.07590766996145248,No
11273,0.8668361902236938,Yes
11274,0.05389220267534256,No
11275,0.957919716835022,Yes
11276,0.042942870408296585,No
11277,0.9325258731842041,Yes
11278,0.09566295146942139,No
11279,0.9580038189888,Yes
11280,0.05355999246239662,No
11281,0.8354910612106323,Yes
11282,0.026109663769602776,No
11283,0.8354983329772949,Yes
11284,0.08525711297988892,No
11285,0.8354142904281616,Yes
11286,0.12012305110692978,No
11287,0.9670019745826721,Yes
11288,0.13403187692165375,No
11289,0.9151541590690613,Yes
11290,0.10719960927963257,No
11291,0.8808543682098389,Yes
11292,0.09525694698095322,No
11293,0.8933697938919067,Yes
11294,0.029435038566589355,No
11295,0.880735456943512,Yes
11296,0.09525308012962341,No
11297,0.880763590335846,Yes
11298,0.11956377327442169,No
11299,0.9150996804237366,Yes
11300,0.03329157456755638,No
11301,0.8667050004005432,Yes
11302,0.08523319661617279,No
11303,0.8515198826789856,Yes
11304,0.06773024797439575,No
11305,0.8807291388511658,Yes
11306,0.047576673328876495,No
11307,0.8667835593223572,Yes
11308,0.08520828932523727,No
11309,0.86689293384552,Yes
11310,0.04762323573231697,No
11311,0.9049761295318604,Yes
11312,0.04754212871193886,No
11313,0.8933426141738892,Yes
11314,0.183510422706604,No
11315,0.9150775074958801,Yes
11316,0.11970595270395279,No
11317,0.9150609374046326,Yes
11318,0.06020229682326317,No
11319,0.8807961344718933,Yes
11320,0.3208487927913666,No
11321,0.9324812889099121,Yes
11322,0.10689911991357803,No
11323,0.9466338157653809,Yes
11324,0.16535738110542297,No
11325,0.8514404892921448,Yes
11326,0.09527285397052765,No
11327,0.8515198826789856,Yes
11328,0.18293538689613342,No
11329,0.9399946331977844,Yes
11330,0.03745616599917412,No
11331,0.9049577713012695,Yes
11332,0.3207642138004303,No
11333,0.9399975538253784,Yes
11334,0.07591280341148376,No
11335,0.9150161743164062,Yes
11336,0.06788329780101776,No
11337,0.904971182346344,Yes
11338,0.18302862346172333,No
11339,0.8809560537338257,Yes
11340,0.0758717954158783,No
11341,0.9466285705566406,Yes
11342,0.05357801914215088,No
11343,0.9526021480560303,Yes
11344,0.07582834362983704,No
11345,0.8933216333389282,Yes
11346,0.20279042422771454,No
11347,0.9578981399536133,Yes
11348,0.09532911330461502,No
11349,0.9244292378425598,Yes
11350,0.047596268355846405,No
11351,0.8808101415634155,Yes
11352,0.13347908854484558,No
11353,0.9243902564048767,Yes
11354,0.05357801914215088,No
11355,0.8667858242988586,Yes
11356,0.06765764206647873,No
11357,0.9049541354179382,Yes
11358,0.07581587880849838,No
11359,0.9243977665901184,Yes
11360,0.053519949316978455,No
11361,0.8353677988052368,Yes
11362,0.26846256852149963,No
11363,0.9150835871696472,Yes
11364,0.13354073464870453,No
11365,0.9466170072555542,Yes
11366,0.04755856841802597,No
11367,0.8667662739753723,Yes
11368,0.29492583870887756,No
11369,0.9324953556060791,Yes
11370,0.22302260994911194,No
11371,0.9399816989898682,Yes
11372,0.05352539196610451,No
11373,0.9049376845359802,Yes
11374,0.06016659736633301,No
11375,0.8933556079864502,Yes
11376,0.0757935419678688,No
11377,0.9324565529823303,Yes
11378,0.10682622343301773,No
11379,0.915032684803009,Yes
11380,0.3778751790523529,No
11381,0.939991295337677,Yes
11382,0.06771324574947357,No
11383,0.9466177225112915,Yes
11384,0.11975161731243134,No
11385,0.9049514532089233,Yes
11386,0.053524188697338104,No
11387,0.8668432235717773,Yes
11388,0.18303115665912628,No
11389,0.9325300455093384,Yes
11390,0.13358114659786224,No
11391,0.9669783115386963,Yes
11392,0.3778240382671356,No
11393,0.9243783354759216,Yes
11394,0.09527777135372162,No
11395,0.9399712085723877,Yes
11396,0.1485365927219391,No
11397,0.8354765772819519,Yes
11398,0.16491606831550598,No
11399,0.8933746814727783,Yes
11400,0.14972852170467377,No
11401,0.9579229354858398,Yes
11402,0.02069058269262314,No
11403,0.8515105247497559,Yes
11404,0.11965620517730713,No
11405,0.866884708404541,Yes
11406,0.04814143851399422,No
11407,0.851668655872345,Yes
11408,0.02085593342781067,No
11409,0.8933989405632019,Yes
11410,0.08642517030239105,No
11411,0.9467726349830627,Yes
11412,0.03766626864671707,No
11413,0.8808184266090393,Yes
11414,0.020609622821211815,No
11415,0.8354187607765198,Yes
11416,0.11987212300300598,No
11417,0.8176136016845703,Yes
11418,0.033478621393442154,No
11419,0.9050078988075256,Yes
11420,0.05369685962796211,No
11421,0.9150959849357605,Yes
11422,0.06809496134519577,No
11423,0.8667717576026917,Yes
11424,0.04768248274922371,No
11425,0.905037522315979,Yes
11426,0.04876876249909401,No
11427,0.9527666568756104,Yes
11428,0.20414406061172485,No
11429,0.9401783347129822,Yes
11430,0.1498822420835495,No
11431,0.9670422077178955,Yes
11432,0.12080938369035721,No
11433,0.7988919019699097,Yes
11434,0.07642671465873718,No
11435,0.8668080568313599,Yes
11436,0.06824423372745514,No
11437,0.9400865435600281,Yes
11438,0.014275281690061092,No
11439,0.8353903293609619,Yes
11440,0.32171010971069336,No
11441,0.9526696801185608,Yes
11442,0.06845150887966156,No
11443,0.81764155626297,Yes
11444,0.02978314831852913,No
11445,0.8934087157249451,Yes
11446,0.0857669860124588,No
11447,0.8669667840003967,Yes
11448,0.03784021735191345,No
11449,0.9325604438781738,Yes
11450,0.023207079619169235,No
11451,0.8515154123306274,Yes
11452,0.13393762707710266,No
11453,0.817464292049408,Yes
11454,0.07693634182214737,No
11455,0.9627672433853149,Yes
11456,0.04305636137723923,No
11457,0.9400849938392639,Yes
11458,0.07652248442173004,No
11459,0.9526640772819519,Yes
11460,0.07591335475444794,No
11461,0.8808608651161194,Yes
11462,0.03350056707859039,No
11463,0.7979031205177307,Yes
11464,0.11980647593736649,No
11465,0.8933514356613159,Yes
11466,0.10806238651275635,No
11467,0.9627859592437744,Yes
11468,0.06856372207403183,No
11469,0.8809506297111511,Yes
11470,0.09565949440002441,No
11471,0.8669583201408386,Yes
11472,0.13373114168643951,No
11473,0.8668196797370911,Yes
11474,0.03332187235355377,No
11475,0.8933454751968384,Yes
11476,0.09529542177915573,No
11477,0.8667474985122681,Yes
11478,0.07602716982364655,No
11479,0.9399896860122681,Yes
11480,0.07594538480043411,No
11481,0.9049761295318604,Yes
11482,0.053960397839546204,No
11483,0.8174487948417664,Yes
11484,0.07590630650520325,No
11485,0.8933495879173279,Yes
11486,0.04229908064007759,No
11487,0.8668175935745239,Yes
11488,0.07587815821170807,No
11489,0.866719663143158,Yes
11490,0.10710391402244568,No
11491,0.92440265417099,Yes
11492,0.06803514063358307,No
11493,0.8933683633804321,Yes
11494,0.14910240471363068,No
11495,0.9325039982795715,Yes
11496,0.16507016122341156,No
11497,0.9244285821914673,Yes
11498,0.042278070002794266,No
11499,0.915012538433075,Yes
11500,0.26860520243644714,No
11501,0.9526117444038391,Yes
11502,0.09566996246576309,No
11503,0.9400040507316589,Yes
11504,0.06041858717799187,No
11505,0.9049726128578186,Yes
11506,0.06037245690822601,No
11507,0.7979151606559753,Yes
11508,0.13342387974262238,No
11509,0.9578973054885864,Yes
11510,0.0332125686109066,No
11511,0.8933525085449219,Yes
11512,0.2951362133026123,No
11513,0.9399742484092712,Yes
11514,0.08553696423768997,No
11515,0.9243856072425842,Yes
11516,0.0954827144742012,No
11517,0.9150656461715698,Yes
11518,0.16506162285804749,No
11519,0.8934406638145447,Yes
11520,0.11961939930915833,No
11521,0.9526111483573914,Yes
11522,0.06809619069099426,No
11523,0.9525994658470154,Yes
11524,0.08520045876502991,No
11525,0.8807302117347717,Yes
11526,0.20284506678581238,No
11527,0.9526147246360779,Yes
11528,0.11969935148954391,No
11529,0.9324861764907837,Yes
11530,0.053603027015924454,No
11531,0.866856575012207,Yes
11532,0.20283956825733185,No
11533,0.9399838447570801,Yes
11534,0.05365918576717377,No
11535,0.8807312846183777,Yes
11536,0.10686200857162476,No
11537,0.9243795871734619,Yes
11538,0.0678136944770813,No
11539,0.9526103138923645,Yes
11540,0.060199759900569916,No
11541,0.8514249920845032,Yes
11542,0.2453618198633194,No
11543,0.9400050044059753,Yes
11544,0.22290410101413727,No
11545,0.9578974843025208,Yes
11546,0.03753043711185455,No
11547,0.8807105422019958,Yes
11548,0.24501019716262817,No
11549,0.9526036381721497,Yes
11550,0.10710249096155167,No
11551,0.9466257691383362,Yes
11552,0.07602586597204208,No
11553,0.915023148059845,Yes
11554,0.09543760120868683,No
11555,0.8933557271957397,Yes
11556,0.106869637966156,No
11557,0.9243781566619873,Yes
11558,0.053540538996458054,No
11559,0.9399672746658325,Yes
11560,0.2687288522720337,No
11561,0.9579039216041565,Yes
11562,0.05389415845274925,No
11563,0.9244007468223572,Yes
11564,0.10720384865999222,No
11565,0.9400075078010559,Yes
11566,0.05363108217716217,No
11567,0.8354995250701904,Yes
11568,0.16499903798103333,No
11569,0.915034294128418,Yes
11570,0.14841872453689575,No
11571,0.9740917682647705,Yes
11572,0.46944665908813477,No
11573,0.924395740032196,Yes
11574,0.14910730719566345,No
11575,0.9526061415672302,Yes
11576,0.14847013354301453,No
11577,0.8808676600456238,Yes
11578,0.07593807578086853,No
11579,0.8514817357063293,Yes
11580,0.1666700690984726,No
11581,0.9579550623893738,Yes
11582,0.012568976730108261,No
11583,0.8669247627258301,Yes
11584,0.03784666955471039,No
11585,0.8810684084892273,Yes
11586,0.18311119079589844,No
11587,0.8516025543212891,Yes
11588,0.020925400778651237,No
11589,0.8355990648269653,Yes
11590,0.07709711790084839,No
11591,0.9579917192459106,Yes
11592,0.04235335811972618,No
11593,0.8515129685401917,Yes
11594,0.01602817513048649,No
11595,0.8808520436286926,Yes
11596,0.07619287073612213,No
11597,0.7570413947105408,Yes
11598,0.026237156242132187,No
11599,0.8933426141738892,Yes
11600,0.029781274497509003,No
11601,0.835494875907898,Yes
11602,0.08536208420991898,No
11603,0.8355117440223694,Yes
11604,0.04791608825325966,No
11605,0.8176833391189575,Yes
11606,0.04268725961446762,No
11607,0.9672030806541443,Yes
11608,0.1541193723678589,No
11609,0.9403790235519409,Yes
11610,0.3790457844734192,No
11611,0.9707726836204529,Yes
11612,0.08705459535121918,No
11613,0.9057243466377258,Yes
11614,0.10762425512075424,No
11615,0.8356663584709167,Yes
11616,0.14931190013885498,No
11617,0.9468122720718384,Yes
11618,0.014214521273970604,No
11619,0.8667570352554321,Yes
11620,0.18399906158447266,No
11621,0.9466890096664429,Yes
11622,0.13372503221035004,No
11623,0.9050881862640381,Yes
11624,0.029723599553108215,No
11625,0.851837158203125,Yes
11626,0.10691874474287033,No
11627,0.7980929017066956,Yes
11628,0.05410761386156082,No
11629,0.9401550889015198,Yes
11630,0.020522164180874825,No
11631,0.8354142904281616,Yes
11632,0.05373566970229149,No
11633,0.8518921136856079,Yes
11634,0.04780270904302597,No
11635,0.967003345489502,Yes
11636,0.047801971435546875,No
11637,0.9400981664657593,Yes
11638,0.06074143573641777,No
11639,0.9527103304862976,Yes
11640,0.06784630566835403,No
11641,0.8354535102844238,Yes
11642,0.01811365969479084,No
11643,0.8668818473815918,Yes
11644,0.0479801744222641,No
11645,0.8809419274330139,Yes
11646,0.5003494024276733,Yes
11647,0.9627674221992493,Yes
11648,0.04846377298235893,No
11649,0.9054365158081055,Yes
11650,0.1496007889509201,No
11651,0.8175457715988159,Yes
11652,0.13362687826156616,No
11653,0.8934300541877747,Yes
11654,0.020478803664445877,No
11655,0.9150691032409668,Yes
11656,0.13343243300914764,No
11657,0.7977867126464844,Yes
11658,0.09539806097745895,No
11659,0.9243693947792053,Yes
11660,0.03350238874554634,No
11661,0.8667735457420349,Yes
11662,0.05363108217716217,No
11663,0.8808194398880005,Yes
11664,0.07585352659225464,No
11665,0.8353845477104187,Yes
11666,0.029381277039647102,No
11667,0.8667303919792175,Yes
11668,0.04235077649354935,No
11669,0.8667745590209961,Yes
11670,0.07607296109199524,No
11671,0.8933306932449341,Yes
11672,0.05363025888800621,No
11673,0.8934391736984253,Yes
11674,0.1490011364221573,No
11675,0.8808221817016602,Yes
11676,0.2229023426771164,No
11677,0.9150806069374084,Yes
11678,0.0231837946921587,No
11679,0.9150192141532898,Yes
11680,0.37843748927116394,No
11681,0.9400104284286499,Yes
11682,0.1335824728012085,No
11683,0.9466496109962463,Yes
11684,0.07607045769691467,No
11685,0.8808374404907227,Yes
11686,0.182990163564682,No
11687,0.7979526519775391,Yes
11688,0.2026568353176117,No
11689,0.9579060673713684,Yes
11690,0.023295318707823753,No
11691,0.893362820148468,Yes
11692,0.18309944868087769,No
11693,0.9151556491851807,Yes
11694,0.14896376430988312,No
11695,0.932502806186676,Yes
11696,0.10694878548383713,No
11697,0.8808635473251343,Yes
11698,0.14903168380260468,No
11699,0.8668038249015808,Yes
11700,0.13372144103050232,No
11701,0.9324873685836792,Yes
11702,0.026234038174152374,No
11703,0.9526299238204956,Yes
11704,0.04757383465766907,No
11705,0.8356016874313354,Yes
11706,0.14892855286598206,No
11707,0.9399839043617249,Yes
11708,0.14835228025913239,No
11709,0.9243918657302856,Yes
11710,0.05411297827959061,No
11711,0.8515623211860657,Yes
11712,0.14883241057395935,No
11713,0.9400198459625244,Yes
11714,0.02313065342605114,No
11715,0.8933899402618408,Yes
11716,0.11950807273387909,No
11717,0.8174540996551514,Yes
11718,0.0953008234500885,No
11719,0.9525969624519348,Yes
11720,0.06037110835313797,No
11721,0.7555452585220337,Yes
11722,0.26876649260520935,No
11723,0.8935564160346985,Yes
11724,0.2686555087566376,No
11725,0.962746798992157,Yes
11726,0.033127278089523315,No
11727,0.8514025211334229,Yes
11728,0.22296376526355743,No
11729,0.9324918985366821,Yes
11730,0.2686525285243988,No
11731,0.9466214776039124,Yes
11732,0.047574713826179504,No
11733,0.9049970507621765,Yes
11734,0.0758802741765976,No
11735,0.8516433835029602,Yes
11736,0.1648583710193634,No
11737,0.9049647450447083,Yes
11738,0.03743414953351021,No
11739,0.9150054454803467,Yes
11740,0.2454647421836853,No
11741,0.9325138926506042,Yes
11742,0.05352175608277321,No
11743,0.9466198086738586,Yes
11744,0.14915266633033752,No
11745,0.9050531983375549,Yes
11746,0.09527616202831268,No
11747,0.7776119709014893,Yes
11748,0.1652141809463501,No
11749,0.9400222301483154,Yes
11750,0.08553540706634521,No
11751,0.9579156637191772,Yes
11752,0.37799179553985596,No
11753,0.9466755390167236,Yes
11754,0.18298915028572083,No
11755,0.9526066780090332,Yes
11756,0.22317422926425934,No
11757,0.7557592391967773,Yes
11758,0.07618534564971924,No
11759,0.8353868126869202,Yes
