idx,prob,label,entailed
6480,0.05791975185275078,No,True
6481,0.05928454175591469,No,True
6482,0.031144486740231514,No,True
6483,0.0914306640625,No,True
6484,0.03784293308854103,No,True
6485,0.0019426306243985891,No,True
6486,0.07723254710435867,No,True
6487,0.013394839130342007,No,True
6488,0.08214537799358368,No,True
6489,0.04174845665693283,No,True
6490,0.09719060361385345,No,True
6491,0.5395961999893188,Yes,True
6492,0.18956522643566132,No,True
6493,0.39855265617370605,No,True
6494,0.03444359079003334,No,True
6495,0.20929013192653656,No,True
6496,0.29179641604423523,No,True
6497,0.038033630698919296,No,True
6498,0.07728538662195206,No,True
6499,0.12275034934282303,No,True
6500,0.090114526450634,No,True
6501,0.09615403413772583,No,True
6502,0.04454591125249863,No,True
6503,0.12795180082321167,No,True
6504,0.007716115564107895,No,True
6505,0.024416156113147736,No,True
6506,0.09573518484830856,No,True
6507,0.021129922941327095,No,True
6508,0.02635965310037136,No,True
6509,0.05621864274144173,No,True
6510,0.25480136275291443,No,True
6511,0.542975127696991,Yes,True
6512,0.15494349598884583,No,True
6513,0.25534215569496155,No,True
6514,0.23191553354263306,No,True
6515,0.2405042201280594,No,True
6516,0.050018519163131714,No,True
6517,0.039889801293611526,No,True
6518,0.0795505940914154,No,True
6519,0.13532690703868866,No,True
6520,0.04054946079850197,No,True
6521,0.03211912885308266,No,True
6522,0.04473065212368965,No,True
6523,0.08204084634780884,No,True
6524,0.06284480541944504,No,True
6525,0.04205766320228577,No,True
6526,0.06603080034255981,No,True
6527,0.016251273453235626,No,True
6528,0.058534447103738785,No,True
6529,0.024595467373728752,No,True
6530,0.13719713687896729,No,True
6531,0.2235986739397049,No,True
6532,0.18529044091701508,No,True
6533,0.14492525160312653,No,True
6534,0.0755707174539566,No,True
6535,0.07002492994070053,No,True
6536,0.12591901421546936,No,True
6537,0.08645185083150864,No,True
6538,0.1288456916809082,No,True
6539,0.022393114864826202,No,True
6540,0.04617986083030701,No,True
6541,0.03344428166747093,No,True
6542,0.03797995671629906,No,True
6543,0.14000459015369415,No,True
6544,0.07198239117860794,No,True
6545,0.01136357057839632,No,True
6546,0.09092788398265839,No,True
6547,0.050067950040102005,No,True
6548,0.1292797178030014,No,True
6549,0.012857109308242798,No,True
6550,0.35667020082473755,No,True
6551,0.43496420979499817,No,True
6552,0.35225576162338257,No,True
6553,0.3191607892513275,No,True
6554,0.16836029291152954,No,True
6555,0.06339751183986664,No,True
6556,0.21868650615215302,No,True
6557,0.07947385311126709,No,True
6558,0.2636255621910095,No,True
6559,0.024666497483849525,No,True
6560,0.1492065042257309,No,True
6561,0.10697264969348907,No,True
6562,0.02593543566763401,No,True
6563,0.16307677328586578,No,True
6564,0.06634588539600372,No,True
6565,0.004491930361837149,No,True
6566,0.018446074798703194,No,True
6567,0.025453675538301468,No,True
6568,0.031888946890830994,No,True
6569,0.0032722875475883484,No,True
6570,0.31112468242645264,No,True
6571,0.36925747990608215,No,True
6572,0.45955508947372437,No,True
6573,0.4654778242111206,No,True
6574,0.10264741629362106,No,True
6575,0.24047337472438812,No,True
6576,0.3279697299003601,No,True
6577,0.5077574849128723,Yes,True
6578,0.18975792825222015,No,True
6579,0.02352837845683098,No,True
6580,0.05256045609712601,No,True
6581,0.09536322951316833,No,True
6582,0.049270667135715485,No,True
6583,0.1025465577840805,No,True
6584,0.03851018100976944,No,True
6585,0.0017095109215006232,No,True
6586,0.05634736269712448,No,True
6587,0.019077245146036148,No,True
6588,0.10570692270994186,No,True
6589,0.04191664978861809,No,True
6590,0.04271596297621727,No,True
6591,0.5497051477432251,Yes,True
6592,0.2205558866262436,No,True
6593,0.4473615884780884,No,True
6594,0.01064603216946125,No,True
6595,0.09617716819047928,No,True
6596,0.22056475281715393,No,True
6597,0.039624523371458054,No,True
6598,0.07379978895187378,No,True
6599,0.16437537968158722,No,True
6600,0.0737186074256897,No,True
6601,0.13778892159461975,No,True
6602,0.062424059957265854,No,True
6603,0.11146826297044754,No,True
6604,0.005738482810556889,No,True
6605,0.0137092350050807,No,True
6606,0.06402544677257538,No,True
6607,0.027760757133364677,No,True
6608,0.027424342930316925,No,True
6609,0.05207590386271477,No,True
6610,0.3096391558647156,No,True
6611,0.579792320728302,Yes,True
6612,0.18458165228366852,No,True
6613,0.23461729288101196,No,True
6614,0.21716122329235077,No,True
6615,0.12709414958953857,No,True
6616,0.025209274142980576,No,True
6617,0.045465461909770966,No,True
6618,0.07494724541902542,No,True
6619,0.18223683536052704,No,True
6620,0.06434622406959534,No,True
6621,0.059097085148096085,No,True
6622,0.060870714485645294,No,True
6623,0.12200500816106796,No,True
6624,0.06968189030885696,No,True
6625,0.034889817237854004,No,True
6626,0.10572413355112076,No,True
6627,0.027437454089522362,No,True
6628,0.08223339170217514,No,True
6629,0.03255806863307953,No,True
6630,0.1565701812505722,No,True
6631,0.2649852931499481,No,True
6632,0.17487384378910065,No,True
6633,0.19201304018497467,No,True
6634,0.032301198691129684,No,True
6635,0.024788090959191322,No,True
6636,0.09896966069936752,No,True
6637,0.06301401555538177,No,True
6638,0.1587892770767212,No,True
6639,0.02590286359190941,No,True
6640,0.04943511635065079,No,True
6641,0.053079456090927124,No,True
6642,0.04508202522993088,No,True
6643,0.13528351485729218,No,True
6644,0.039149608463048935,No,True
6645,0.008347383700311184,No,True
6646,0.07388351112604141,No,True
6647,0.034473564475774765,No,True
6648,0.10960778594017029,No,True
6649,0.0127401789650321,No,True
6650,0.32018864154815674,No,True
6651,0.4666092097759247,No,True
6652,0.26465511322021484,No,True
6653,0.2506733238697052,No,True
6654,0.04204249009490013,No,True
6655,0.027433132752776146,No,True
6656,0.14195814728736877,No,True
6657,0.06427528709173203,No,True
6658,0.2364116758108139,No,True
6659,0.020281363278627396,No,True
6660,0.14954189956188202,No,True
6661,0.16225241124629974,No,True
6662,0.05394287779927254,No,True
6663,0.2057298868894577,No,True
6664,0.06383943557739258,No,True
6665,0.003907856997102499,No,True
6666,0.030124004930257797,No,True
6667,0.02079317905008793,No,True
6668,0.04064646735787392,No,True
6669,0.006574432831257582,No,True
6670,0.21722644567489624,No,True
6671,0.3184455931186676,No,True
6672,0.43183258175849915,No,True
6673,0.5385225415229797,Yes,True
6674,0.05950095131993294,No,True
6675,0.14664237201213837,No,True
6676,0.3782832622528076,No,True
6677,0.4656810164451599,No,True
6678,0.23424005508422852,No,True
6679,0.03991622477769852,No,True
6680,0.0896100401878357,No,True
6681,0.10303742438554764,No,True
6682,0.10114330053329468,No,True
6683,0.22918233275413513,No,True
6684,0.08398314565420151,No,True
6685,0.0036735315807163715,No,True
6686,0.14072167873382568,No,True
6687,0.061298299580812454,No,True
6688,0.15494859218597412,No,True
6689,0.12701337039470673,No,True
6690,0.07378003001213074,No,True
6691,0.4212246537208557,No,True
6692,0.23224574327468872,No,True
6693,0.4654254615306854,No,True
6694,0.022567227482795715,No,True
6695,0.140371635556221,No,True
6696,0.26130950450897217,No,True
6697,0.06411833316087723,No,True
6698,0.09619367122650146,No,True
6699,0.24112404882907867,No,True
6700,0.11905142664909363,No,True
6701,0.1469109058380127,No,True
6702,0.11499684303998947,No,True
6703,0.2521188259124756,No,True
6704,0.011914904229342937,No,True
6705,0.04067405313253403,No,True
6706,0.16417402029037476,No,True
6707,0.0807865634560585,No,True
6708,0.048006344586610794,No,True
6709,0.14741839468479156,No,True
6710,0.34815335273742676,No,True
6711,0.4671156406402588,No,True
6712,0.213706836104393,No,True
6713,0.23721301555633545,No,True
6714,0.29077088832855225,No,True
6715,0.17458948493003845,No,True
6716,0.04785601794719696,No,True
6717,0.07077036052942276,No,True
6718,0.09933922439813614,No,True
6719,0.26301345229148865,No,True
6720,0.042510755360126495,No,True
6721,0.03731203451752663,No,True
6722,0.056254688650369644,No,True
6723,0.1311948597431183,No,True
6724,0.046633608639240265,No,True
6725,0.02630677819252014,No,True
6726,0.07761617749929428,No,True
6727,0.036785829812288284,No,True
6728,0.11524175107479095,No,True
6729,0.06562786549329758,No,True
6730,0.07539128512144089,No,True
6731,0.09077005088329315,No,True
6732,0.13515175879001617,No,True
6733,0.15850712358951569,No,True
6734,0.04485475644469261,No,True
6735,0.027660854160785675,No,True
6736,0.05624115839600563,No,True
6737,0.0782458558678627,No,True
6738,0.07121270149946213,No,True
6739,0.040687445551157,No,True
6740,0.046638909727334976,No,True
6741,0.03997921943664551,No,True
6742,0.05023246258497238,No,True
6743,0.12671595811843872,No,True
6744,0.0455995537340641,No,True
6745,0.02040867879986763,No,True
6746,0.062329791486263275,No,True
6747,0.06149904802441597,No,True
6748,0.10249923914670944,No,True
6749,0.05029827356338501,No,True
6750,0.24223795533180237,No,True
6751,0.2550888955593109,No,True
6752,0.3048759996891022,No,True
6753,0.3227839767932892,No,True
6754,0.1044057235121727,No,True
6755,0.04537225142121315,No,True
6756,0.11072858422994614,No,True
6757,0.12622585892677307,No,True
6758,0.14298762381076813,No,True
6759,0.042485687881708145,No,True
6760,0.07338523864746094,No,True
6761,0.04657187685370445,No,True
6762,0.02922152541577816,No,True
6763,0.13384197652339935,No,True
6764,0.03809129446744919,No,True
6765,0.008310724049806595,No,True
6766,0.03103698417544365,No,True
6767,0.023220423609018326,No,True
6768,0.056879013776779175,No,True
6769,0.021564295515418053,No,True
6770,0.254289835691452,No,True
6771,0.3477608561515808,No,True
6772,0.3929181396961212,No,True
6773,0.517915666103363,Yes,True
6774,0.09981188923120499,No,True
6775,0.11054492741823196,No,True
6776,0.2670765817165375,No,True
6777,0.4781217873096466,No,True
6778,0.24139274656772614,No,True
6779,0.06595385819673538,No,True
6780,0.24525713920593262,No,True
6781,0.305746465921402,No,True
6782,0.23935185372829437,No,True
6783,0.45465677976608276,No,True
6784,0.11010070890188217,No,True
6785,0.008155103772878647,No,True
6786,0.17659181356430054,No,True
6787,0.07539752870798111,No,True
6788,0.3412289023399353,No,True
6789,0.2773881256580353,No,True
6790,0.14694391191005707,No,True
6791,0.6182202696800232,Yes,True
6792,0.3623286783695221,No,True
6793,0.6204405426979065,Yes,True
6794,0.025627855211496353,No,True
6795,0.24422115087509155,No,True
6796,0.3159010410308838,No,True
6797,0.11571736633777618,No,True
6798,0.24177901446819305,No,True
6799,0.41706129908561707,No,True
6800,0.26089704036712646,No,True
6801,0.3340838849544525,No,True
6802,0.24503543972969055,No,True
6803,0.44251346588134766,No,True
6804,0.01791495271027088,No,True
6805,0.0719187781214714,No,True
6806,0.18811221420764923,No,True
6807,0.09746594727039337,No,True
6808,0.1212378516793251,No,True
6809,0.25796666741371155,No,True
6810,0.5031155347824097,Yes,True
6811,0.6304572820663452,Yes,True
6812,0.3267783224582672,No,True
6813,0.39095088839530945,No,True
6814,0.31116628646850586,No,True
6815,0.2954317033290863,No,True
6816,0.03559882193803787,No,True
6817,0.11658447980880737,No,True
6818,0.23657187819480896,No,True
6819,0.4004453718662262,No,True
6820,0.1331125646829605,No,True
6821,0.11660819500684738,No,True
6822,0.19499249756336212,No,True
6823,0.25973016023635864,No,True
6824,0.1507701873779297,No,True
6825,0.10536536574363708,No,True
6826,0.19116903841495514,No,True
6827,0.07095064222812653,No,True
6828,0.24073411524295807,No,True
6829,0.1858815848827362,No,True
6830,0.30570024251937866,No,True
6831,0.340119868516922,No,True
6832,0.3301791250705719,No,True
6833,0.319637268781662,No,True
6834,0.09132993221282959,No,True
6835,0.09828183799982071,No,True
6836,0.14659400284290314,No,True
6837,0.14984895288944244,No,True
6838,0.25394564867019653,No,True
6839,0.1309645026922226,No,True
6840,0.13597114384174347,No,True
6841,0.12495066225528717,No,True
6842,0.16295737028121948,No,True
6843,0.3001538813114166,No,True
6844,0.11926931887865067,No,True
6845,0.05827780067920685,No,True
6846,0.14870035648345947,No,True
6847,0.11037056148052216,No,True
6848,0.2291823774576187,No,True
6849,0.12331527471542358,No,True
6850,0.4307302236557007,No,True
6851,0.46598225831985474,No,True
6852,0.422855943441391,No,True
6853,0.432077556848526,No,True
6854,0.10686831921339035,No,True
6855,0.088302843272686,No,True
6856,0.17491987347602844,No,True
6857,0.17371487617492676,No,True
6858,0.32343485951423645,No,True
6859,0.13222573697566986,No,True
6860,0.22607919573783875,No,True
6861,0.18464148044586182,No,True
6862,0.12506796419620514,No,True
6863,0.34855788946151733,No,True
6864,0.12005281448364258,No,True
6865,0.031395323574543,No,True
6866,0.07322615385055542,No,True
6867,0.0470152385532856,No,True
6868,0.16750259697437286,No,True
6869,0.07647829502820969,No,True
6870,0.30927178263664246,No,True
6871,0.3996524214744568,No,True
6872,0.46066001057624817,No,True
6873,0.572017252445221,Yes,True
6874,0.12146312743425369,No,True
6875,0.29518046975135803,No,True
6876,0.4057084023952484,No,True
6877,0.5830241441726685,Yes,True
6878,0.48061832785606384,No,True
6879,0.23228098452091217,No,True
6880,0.04187006875872612,No,True
6881,0.06815305352210999,No,True
6882,0.044256120920181274,No,True
6883,0.12595175206661224,No,True
6884,0.032910943031311035,No,True
6885,0.0018582590855658054,No,True
6886,0.09619373828172684,No,True
6887,0.040580738335847855,No,True
6888,0.10775808990001678,No,True
6889,0.051778651773929596,No,True
6890,0.025803854689002037,No,True
6891,0.4985544979572296,No,True
6892,0.15793828666210175,No,True
6893,0.4689246714115143,No,True
6894,0.011018085293471813,No,True
6895,0.15451426804065704,No,True
6896,0.3260865807533264,No,True
6897,0.03959004208445549,No,True
6898,0.052206575870513916,No,True
6899,0.2118665874004364,No,True
6900,0.06350887566804886,No,True
6901,0.0987217053771019,No,True
6902,0.05513443797826767,No,True
6903,0.15374840795993805,No,True
6904,0.003629780374467373,No,True
6905,0.03265666216611862,No,True
6906,0.11349987238645554,No,True
6907,0.05450078099966049,No,True
6908,0.01806175895035267,No,True
6909,0.0585048608481884,No,True
6910,0.24823394417762756,No,True
6911,0.5268404483795166,Yes,True
6912,0.1356687694787979,No,True
6913,0.18131031095981598,No,True
6914,0.2489015907049179,No,True
6915,0.19371743500232697,No,True
6916,0.028882956132292747,No,True
6917,0.046144235879182816,No,True
6918,0.05826098099350929,No,True
6919,0.23525342345237732,No,True
6920,0.015728123486042023,No,True
6921,0.020199967548251152,No,True
6922,0.026299413293600082,No,True
6923,0.058269720524549484,No,True
6924,0.025611964985728264,No,True
6925,0.019183527678251266,No,True
6926,0.04981826990842819,No,True
6927,0.017917202785611153,No,True
6928,0.04836247116327286,No,True
6929,0.03143543377518654,No,True
6930,0.03579942509531975,No,True
6931,0.07931764423847198,No,True
6932,0.08987612277269363,No,True
6933,0.07537224888801575,No,True
6934,0.027422724291682243,No,True
6935,0.01782630756497383,No,True
6936,0.0462191067636013,No,True
6937,0.04056095704436302,No,True
6938,0.045123934745788574,No,True
6939,0.01753409579396248,No,True
6940,0.021548941731452942,No,True
6941,0.02382786199450493,No,True
6942,0.02358008176088333,No,True
6943,0.08649980276823044,No,True
6944,0.02491770125925541,No,True
6945,0.011788317933678627,No,True
6946,0.0391370914876461,No,True
6947,0.0475149005651474,No,True
6948,0.06718463450670242,No,True
6949,0.01710677519440651,No,True
6950,0.14057980477809906,No,True
6951,0.3161148428916931,No,True
6952,0.18318770825862885,No,True
6953,0.20074987411499023,No,True
6954,0.05546422302722931,No,True
6955,0.027116721495985985,No,True
6956,0.10755866020917892,No,True
6957,0.08428572863340378,No,True
6958,0.11658719182014465,No,True
6959,0.021196560934185982,No,True
6960,0.030327612534165382,No,True
6961,0.030474986881017685,No,True
6962,0.011283040046691895,No,True
6963,0.07419117540121078,No,True
6964,0.023749111220240593,No,True
6965,0.003323750337585807,No,True
6966,0.011422130279242992,No,True
6967,0.012500598095357418,No,True
6968,0.016040045768022537,No,True
6969,0.005537382327020168,No,True
6970,0.11132868379354477,No,True
6971,0.2141205221414566,No,True
6972,0.24386020004749298,No,True
6973,0.40428951382637024,No,True
6974,0.044717662036418915,No,True
6975,0.0678282305598259,No,True
6976,0.22480866312980652,No,True
6977,0.44998326897621155,No,True
6978,0.14628669619560242,No,True
6979,0.021486345678567886,No,True
6980,0.08395081758499146,No,True
6981,0.10032397508621216,No,True
6982,0.07798215746879578,No,True
6983,0.14886289834976196,No,True
6984,0.026585489511489868,No,True
6985,0.005709481425583363,No,True
6986,0.042165834456682205,No,True
6987,0.05609920993447304,No,True
6988,0.0391538105905056,No,True
6989,0.06058375537395477,No,True
6990,0.07973726838827133,No,True
6991,0.3586732745170593,No,True
6992,0.1807996928691864,No,True
6993,0.29643887281417847,No,True
6994,0.01380786020308733,No,True
6995,0.07337228208780289,No,True
6996,0.11060119420289993,No,True
6997,0.07111452519893646,No,True
6998,0.09752266108989716,No,True
6999,0.11654458194971085,No,True
7000,0.10864982008934021,No,True
7001,0.13138103485107422,No,True
7002,0.0912037044763565,No,True
7003,0.16996949911117554,No,True
7004,0.009626262821257114,No,True
7005,0.031181704252958298,No,True
7006,0.05145096033811569,No,True
7007,0.07160831987857819,No,True
7008,0.026780061423778534,No,True
7009,0.06717802584171295,No,True
7010,0.205570787191391,No,True
7011,0.3800636827945709,No,True
7012,0.17604877054691315,No,True
7013,0.22104144096374512,No,True
7014,0.08451265096664429,No,True
7015,0.08949843049049377,No,True
7016,0.03464839607477188,No,True
7017,0.07848738878965378,No,True
7018,0.1016528457403183,No,True
7019,0.11768771708011627,No,True
7020,0.06380811333656311,No,True
7021,0.07184996455907822,No,True
7022,0.05704191327095032,No,True
7023,0.09417536854743958,No,True
7024,0.021104596555233,No,True
7025,0.02345709502696991,No,True
7026,0.03283517435193062,No,True
7027,0.06764085590839386,No,True
7028,0.05097547173500061,No,True
7029,0.03137028217315674,No,True
7030,0.05865303799510002,No,True
7031,0.09899936616420746,No,True
7032,0.09281408041715622,No,True
7033,0.11493340879678726,No,True
7034,0.04935738816857338,No,True
7035,0.026547715067863464,No,True
7036,0.026746729388833046,No,True
7037,0.0456291027367115,No,True
7038,0.032594725489616394,No,True
7039,0.03243120014667511,No,True
7040,0.07681909948587418,No,True
7041,0.08881659060716629,No,True
7042,0.05915044993162155,No,True
7043,0.08223511278629303,No,True
7044,0.025653619319200516,No,True
7045,0.03271813690662384,No,True
7046,0.025699881836771965,No,True
7047,0.06649130582809448,No,True
7048,0.03270817548036575,No,True
7049,0.03577055782079697,No,True
7050,0.16470642387866974,No,True
7051,0.2974526286125183,No,True
7052,0.2325793355703354,No,True
7053,0.24277178943157196,No,True
7054,0.09931148588657379,No,True
7055,0.06544323265552521,No,True
7056,0.057433947920799255,No,True
7057,0.12146200239658356,No,True
7058,0.09295214712619781,No,True
7059,0.03962938115000725,No,True
7060,0.054706502705812454,No,True
7061,0.04007985070347786,No,True
7062,0.033107414841651917,No,True
7063,0.05860321223735809,No,True
7064,0.010585444048047066,No,True
7065,0.013051089830696583,No,True
7066,0.01705102249979973,No,True
7067,0.017850501462817192,No,True
7068,0.018620235845446587,No,True
7069,0.009572580456733704,No,True
7070,0.18767404556274414,No,True
7071,0.3158283531665802,No,True
7072,0.27400800585746765,No,True
7073,0.3399586081504822,No,True
7074,0.07105232775211334,No,True
7075,0.07842801511287689,No,True
7076,0.1356968879699707,No,True
7077,0.24193203449249268,No,True
7078,0.15135568380355835,No,True
7079,0.037246447056531906,No,True
7080,0.2096899002790451,No,True
7081,0.15071208775043488,No,True
7082,0.11593612283468246,No,True
7083,0.21300780773162842,No,True
7084,0.09773673862218857,No,True
7085,0.00990352313965559,No,True
7086,0.10964410752058029,No,True
7087,0.1257399171590805,No,True
7088,0.11535084247589111,No,True
7089,0.12488283962011337,No,True
7090,0.09635192155838013,No,True
7091,0.33696675300598145,No,True
7092,0.17758844792842865,No,True
7093,0.33520928025245667,No,True
7094,0.029140522703528404,No,True
7095,0.2046896070241928,No,True
7096,0.2793949246406555,No,True
7097,0.08279422670602798,No,True
7098,0.16456206142902374,No,True
7099,0.25321197509765625,No,True
7100,0.24388642609119415,No,True
7101,0.18011252582073212,No,True
7102,0.13299991190433502,No,True
7103,0.23650294542312622,No,True
7104,0.020028751343488693,No,True
7105,0.09242092818021774,No,True
7106,0.12237600237131119,No,True
7107,0.14434440433979034,No,True
7108,0.051082100719213486,No,True
7109,0.1287074089050293,No,True
7110,0.2745569348335266,No,True
7111,0.34953927993774414,No,True
7112,0.16843651235103607,No,True
7113,0.25614917278289795,No,True
7114,0.1941423863172531,No,True
7115,0.22088871896266937,No,True
7116,0.06400401145219803,No,True
7117,0.09425549954175949,No,True
7118,0.1669965386390686,No,True
7119,0.24746987223625183,No,True
7120,0.10692644119262695,No,True
7121,0.0854916200041771,No,True
7122,0.07617244869470596,No,True
7123,0.0800107792019844,No,True
7124,0.07610271871089935,No,True
7125,0.06438281387090683,No,True
7126,0.07081415504217148,No,True
7127,0.12689152359962463,No,True
7128,0.08191344141960144,No,True
7129,0.08803785592317581,No,True
7130,0.14404946565628052,No,True
7131,0.142068013548851,No,True
7132,0.13832511007785797,No,True
7133,0.1357165426015854,No,True
7134,0.09337717294692993,No,True
7135,0.07462558150291443,No,True
7136,0.06580768525600433,No,True
7137,0.1211981400847435,No,True
7138,0.09122829884290695,No,True
7139,0.08089035749435425,No,True
7140,0.13455934822559357,No,True
7141,0.09920372068881989,No,True
7142,0.087822824716568,No,True
7143,0.16051463782787323,No,True
7144,0.10570177435874939,No,True
7145,0.058753613382577896,No,True
7146,0.07665794342756271,No,True
7147,0.2108684480190277,No,True
7148,0.14056670665740967,No,True
7149,0.051411960273981094,No,True
7150,0.35320043563842773,No,True
7151,0.3713780343532562,No,True
7152,0.2945718765258789,No,True
7153,0.27762463688850403,No,True
7154,0.18949759006500244,No,True
7155,0.1029207780957222,No,True
7156,0.1456957757472992,No,True
7157,0.19994623959064484,No,True
7158,0.22593897581100464,No,True
7159,0.09307501465082169,No,True
7160,0.17726591229438782,No,True
7161,0.08802863210439682,No,True
7162,0.03802661597728729,No,True
7163,0.10575921088457108,No,True
7164,0.04717742279171944,No,True
7165,0.022497110068798065,No,True
7166,0.0229954794049263,No,True
7167,0.07009276002645493,No,True
7168,0.032097987830638885,No,True
7169,0.020413486286997795,No,True
7170,0.30790337920188904,No,True
7171,0.36207565665245056,No,True
7172,0.3551117181777954,No,True
7173,0.44381794333457947,No,True
7174,0.1567310243844986,No,True
7175,0.20526337623596191,No,True
7176,0.29820483922958374,No,True
7177,0.4269975423812866,No,True
7178,0.29630258679389954,No,True
7179,0.08377693593502045,No,True
7180,0.11972212791442871,No,True
7181,0.10222481936216354,No,True
7182,0.11142750829458237,No,True
7183,0.2877829670906067,No,True
7184,0.04070358723402023,No,True
7185,0.010055677965283394,No,True
7186,0.2101447433233261,No,True
7187,0.05279265344142914,No,True
7188,0.27103832364082336,No,True
7189,0.11312411725521088,No,True
7190,0.11372770369052887,No,True
7191,0.47006329894065857,No,True
7192,0.17580348253250122,No,True
7193,0.4407072961330414,No,True
7194,0.02021867223083973,No,True
7195,0.26607924699783325,No,True
7196,0.37976211309432983,No,True
7197,0.036789119243621826,No,True
7198,0.20292934775352478,No,True
7199,0.32202449440956116,No,True
7200,0.15395067632198334,No,True
7201,0.1530294269323349,No,True
7202,0.14456334710121155,No,True
7203,0.29728853702545166,No,True
7204,0.00924511719495058,No,True
7205,0.11456283926963806,No,True
7206,0.22396665811538696,No,True
7207,0.07968967407941818,No,True
7208,0.13228793442249298,No,True
7209,0.12250667810440063,No,True
7210,0.3999786674976349,No,True
7211,0.5028486251831055,Yes,True
7212,0.16478750109672546,No,True
7213,0.24173015356063843,No,True
7214,0.21149717271327972,No,True
7215,0.3141237199306488,No,True
7216,0.09017463773488998,No,True
7217,0.04787902906537056,No,True
7218,0.19531455636024475,No,True
7219,0.31927919387817383,No,True
7220,0.046333033591508865,No,True
7221,0.04371969774365425,No,True
7222,0.04341694712638855,No,True
7223,0.13218280673027039,No,True
7224,0.11510048806667328,No,True
7225,0.11716213822364807,No,True
7226,0.24053509533405304,No,True
7227,0.05195058137178421,No,True
7228,0.14753617346286774,No,True
7229,0.08910607546567917,No,True
7230,0.2514413595199585,No,True
7231,0.2526050806045532,No,True
7232,0.1948402374982834,No,True
7233,0.14174897968769073,No,True
7234,0.06585682928562164,No,True
7235,0.0773567333817482,No,True
7236,0.18428008258342743,No,True
7237,0.1103602945804596,No,True
7238,0.2700687050819397,No,True
7239,0.06749408692121506,No,True
7240,0.04697972536087036,No,True
7241,0.0419359989464283,No,True
7242,0.04769112169742584,No,True
7243,0.2086348831653595,No,True
7244,0.07352069020271301,No,True
7245,0.02629876509308815,No,True
7246,0.16367916762828827,No,True
7247,0.14470168948173523,No,True
7248,0.1928442269563675,No,True
7249,0.023285334929823875,No,True
7250,0.43528223037719727,No,True
7251,0.38166847825050354,No,True
7252,0.15314839780330658,No,True
7253,0.1725459098815918,No,True
7254,0.06536610424518585,No,True
7255,0.049917276948690414,No,True
7256,0.1719350516796112,No,True
7257,0.05380072072148323,No,True
7258,0.26273313164711,No,True
7259,0.04891699180006981,No,True
7260,0.16674496233463287,No,True
7261,0.13406981527805328,No,True
7262,0.03681878745555878,No,True
7263,0.2619885504245758,No,True
7264,0.0601758174598217,No,True
7265,0.011559379287064075,No,True
7266,0.028512591496109962,No,True
7267,0.06965786218643188,No,True
7268,0.062185317277908325,No,True
7269,0.013153602369129658,No,True
7270,0.18257375061511993,No,True
7271,0.13958391547203064,No,True
7272,0.14168766140937805,No,True
7273,0.4687582552433014,No,True
7274,0.04523223638534546,No,True
7275,0.13447311520576477,No,True
7276,0.3284541368484497,No,True
7277,0.23559710383415222,No,True
7278,0.19160565733909607,No,True
7279,0.05990001931786537,No,True
7280,0.2498936653137207,No,True
7281,0.337823748588562,No,True
7282,0.26454272866249084,No,True
7283,0.3471839129924774,No,True
7284,0.13042354583740234,No,True
7285,0.015740688890218735,No,True
7286,0.24978333711624146,No,True
7287,0.11124984920024872,No,True
7288,0.21590332686901093,No,True
7289,0.23768393695354462,No,True
7290,0.1675158590078354,No,True
7291,0.6038602590560913,Yes,True
7292,0.39883673191070557,No,True
7293,0.5417347550392151,Yes,True
7294,0.04088149592280388,No,True
7295,0.2370159924030304,No,True
7296,0.3764864504337311,No,True
7297,0.1701977401971817,No,True
7298,0.22327359020709991,No,True
7299,0.32347729802131653,No,True
7300,0.271102637052536,No,True
7301,0.38588905334472656,No,True
7302,0.26677122712135315,No,True
7303,0.35730090737342834,No,True
7304,0.030200688168406487,No,True
7305,0.10778646916151047,No,True
7306,0.26047906279563904,No,True
7307,0.12297505885362625,No,True
7308,0.1093762144446373,No,True
7309,0.2391638606786728,No,True
7310,0.41952112317085266,No,True
7311,0.6159487962722778,Yes,True
7312,0.37013521790504456,No,True
7313,0.36797410249710083,No,True
7314,0.2576450705528259,No,True
7315,0.26182469725608826,No,True
7316,0.1357213854789734,No,True
7317,0.1724747121334076,No,True
7318,0.2203483134508133,No,True
7319,0.31307968497276306,No,True
7320,0.18750308454036713,No,True
7321,0.22039341926574707,No,True
7322,0.21683435142040253,No,True
7323,0.2485295683145523,No,True
7324,0.15804347395896912,No,True
7325,0.10839053243398666,No,True
7326,0.23157885670661926,No,True
7327,0.1581602692604065,No,True
7328,0.22093291580677032,No,True
7329,0.1974276900291443,No,True
7330,0.20304127037525177,No,True
7331,0.3689156174659729,No,True
7332,0.30241549015045166,No,True
7333,0.28293466567993164,No,True
7334,0.1574038565158844,No,True
7335,0.11384815722703934,No,True
7336,0.23536205291748047,No,True
7337,0.16230334341526031,No,True
7338,0.18298417329788208,No,True
7339,0.13942672312259674,No,True
7340,0.18581996858119965,No,True
7341,0.2148149609565735,No,True
7342,0.21254569292068481,No,True
7343,0.2828523814678192,No,True
7344,0.1578194946050644,No,True
7345,0.09990415722131729,No,True
7346,0.1832321584224701,No,True
7347,0.17111456394195557,No,True
7348,0.20638348162174225,No,True
7349,0.13808870315551758,No,True
7350,0.32155096530914307,No,True
7351,0.514826238155365,Yes,True
7352,0.4377285838127136,No,True
7353,0.39210939407348633,No,True
7354,0.21171770989894867,No,True
7355,0.18876391649246216,No,True
7356,0.2848355770111084,No,True
7357,0.28326794505119324,No,True
7358,0.27065423130989075,No,True
7359,0.16925178468227386,No,True
7360,0.20540232956409454,No,True
7361,0.20265384018421173,No,True
7362,0.174868643283844,No,True
7363,0.27108827233314514,No,True
7364,0.1052316203713417,No,True
7365,0.05870336294174194,No,True
7366,0.09653345495462418,No,True
7367,0.07070311903953552,No,True
7368,0.13338536024093628,No,True
7369,0.07139397412538528,No,True
7370,0.34946468472480774,No,True
7371,0.46260562539100647,No,True
7372,0.49470195174217224,No,True
7373,0.5064882636070251,Yes,True
7374,0.1989145576953888,No,True
7375,0.2623443603515625,No,True
7376,0.43109050393104553,No,True
7377,0.5019906759262085,Yes,True
7378,0.3937295079231262,No,True
7379,0.19216322898864746,No,True
7380,0.19387628138065338,No,True
7381,0.26349785923957825,No,True
7382,0.25468170642852783,No,True
7383,0.3295346200466156,No,True
7384,0.139620840549469,No,True
7385,0.035179708153009415,No,True
7386,0.22909508645534515,No,True
7387,0.21813300251960754,No,True
7388,0.17861570417881012,No,True
7389,0.20925167202949524,No,True
7390,0.10852313786745071,No,True
7391,0.3805842995643616,No,True
7392,0.23041702806949615,No,True
7393,0.3958553671836853,No,True
7394,0.02441079542040825,No,True
7395,0.26732465624809265,No,True
7396,0.3449411690235138,No,True
7397,0.14750774204730988,No,True
7398,0.22512054443359375,No,True
7399,0.25622087717056274,No,True
7400,0.23323751986026764,No,True
7401,0.2934243679046631,No,True
7402,0.2854168117046356,No,True
7403,0.34731432795524597,No,True
7404,0.03502549231052399,No,True
7405,0.21386033296585083,No,True
7406,0.26025259494781494,No,True
7407,0.2485048472881317,No,True
7408,0.07702774554491043,No,True
7409,0.23405981063842773,No,True
7410,0.257441908121109,No,True
7411,0.41100311279296875,No,True
7412,0.23674404621124268,No,True
7413,0.31898796558380127,No,True
7414,0.18654276430606842,No,True
7415,0.31203123927116394,No,True
7416,0.11425425857305527,No,True
7417,0.14097058773040771,No,True
7418,0.22412917017936707,No,True
7419,0.2645149528980255,No,True
7420,0.06710869818925858,No,True
7421,0.06598170846700668,No,True
7422,0.13167430460453033,No,True
7423,0.1470790058374405,No,True
7424,0.16876277327537537,No,True
7425,0.12682528793811798,No,True
7426,0.14422178268432617,No,True
7427,0.16572442650794983,No,True
7428,0.0857025533914566,No,True
7429,0.10209549218416214,No,True
7430,0.25666576623916626,No,True
7431,0.268334299325943,No,True
7432,0.29674649238586426,No,True
7433,0.23626790940761566,No,True
7434,0.13215960562229156,No,True
7435,0.17669205367565155,No,True
7436,0.26410025358200073,No,True
7437,0.22708368301391602,No,True
7438,0.23682136833667755,No,True
7439,0.12081468105316162,No,True
7440,0.08136656880378723,No,True
7441,0.07926583290100098,No,True
7442,0.1309453696012497,No,True
7443,0.23034481704235077,No,True
7444,0.13114573061466217,No,True
7445,0.08531394600868225,No,True
7446,0.121725894510746,No,True
7447,0.2174997478723526,No,True
7448,0.10589504987001419,No,True
7449,0.05154191702604294,No,True
7450,0.3659202456474304,No,True
7451,0.4186992049217224,No,True
7452,0.36633968353271484,No,True
7453,0.336465448141098,No,True
7454,0.1768466681241989,No,True
7455,0.1737351268529892,No,True
7456,0.3159630596637726,No,True
7457,0.19700314104557037,No,True
7458,0.3434743881225586,No,True
7459,0.1303960531949997,No,True
7460,0.18667718768119812,No,True
7461,0.17548653483390808,No,True
7462,0.09635142982006073,No,True
7463,0.2345777004957199,No,True
7464,0.1490851193666458,No,True
7465,0.045715898275375366,No,True
7466,0.041367024183273315,No,True
7467,0.12476539611816406,No,True
7468,0.035301025956869125,No,True
7469,0.02448374778032303,No,True
7470,0.33840101957321167,No,True
7471,0.3773534595966339,No,True
7472,0.39254558086395264,No,True
7473,0.5137602090835571,Yes,True
7474,0.1664782166481018,No,True
7475,0.3859197497367859,No,True
7476,0.45936599373817444,No,True
7477,0.5464157462120056,Yes,True
7478,0.2880653142929077,No,True
7479,0.15968096256256104,No,True
7480,0.10522560775279999,No,True
7481,0.13958066701889038,No,True
7482,0.1382434368133545,No,True
7483,0.2596522867679596,No,True
7484,0.0639181062579155,No,True
7485,0.0218175258487463,No,True
7486,0.2721084952354431,No,True
7487,0.11599590629339218,No,True
7488,0.12605449557304382,No,True
7489,0.1752539873123169,No,True
7490,0.08603567630052567,No,True
7491,0.24138127267360687,No,True
7492,0.1485675424337387,No,True
7493,0.31184011697769165,No,True
7494,0.023537952452898026,No,True
7495,0.15548022091388702,No,True
7496,0.3458305299282074,No,True
7497,0.13395872712135315,No,True
7498,0.22957149147987366,No,True
7499,0.19406504929065704,No,True
7500,0.14031779766082764,No,True
7501,0.15841129422187805,No,True
7502,0.16506971418857574,No,True
7503,0.2895714342594147,No,True
7504,0.02663923241198063,No,True
7505,0.13880248367786407,No,True
7506,0.29576683044433594,No,True
7507,0.14333660900592804,No,True
7508,0.06827019155025482,No,True
7509,0.19859614968299866,No,True
7510,0.17558817565441132,No,True
7511,0.27455592155456543,No,True
7512,0.17942048609256744,No,True
7513,0.2969437837600708,No,True
7514,0.11285823583602905,No,True
7515,0.19469241797924042,No,True
7516,0.14242693781852722,No,True
7517,0.14042803645133972,No,True
7518,0.23368391394615173,No,True
7519,0.18137210607528687,No,True
7520,0.0536968894302845,No,True
7521,0.04259840026497841,No,True
7522,0.08369680494070053,No,True
7523,0.11641890555620193,No,True
7524,0.1411781758069992,No,True
7525,0.11399704962968826,No,True
7526,0.24233469367027283,No,True
7527,0.11350347101688385,No,True
7528,0.07625695317983627,No,True
7529,0.191936194896698,No,True
7530,0.2640061378479004,No,True
7531,0.28397810459136963,No,True
7532,0.25600090622901917,No,True
7533,0.22077515721321106,No,True
7534,0.16783611476421356,No,True
7535,0.18631517887115479,No,True
7536,0.29019105434417725,No,True
7537,0.2750449776649475,No,True
7538,0.2763584852218628,No,True
7539,0.13813306391239166,No,True
7540,0.0841016098856926,No,True
7541,0.07270961999893188,No,True
7542,0.09988096356391907,No,True
7543,0.22507013380527496,No,True
7544,0.11889582127332687,No,True
7545,0.043239738792181015,No,True
7546,0.19824568927288055,No,True
7547,0.18700946867465973,No,True
7548,0.11546029150485992,No,True
7549,0.06725665926933289,No,True
7550,0.4093267321586609,No,True
7551,0.44940322637557983,No,True
7552,0.3113393485546112,No,True
7553,0.31979262828826904,No,True
7554,0.21297115087509155,No,True
7555,0.12036273628473282,No,True
7556,0.3709148168563843,No,True
7557,0.23802025616168976,No,True
7558,0.3628573417663574,No,True
7559,0.10738009959459305,No,True
7560,0.1740371584892273,No,True
7561,0.13509111106395721,No,True
7562,0.05258413776755333,No,True
7563,0.2180553823709488,No,True
7564,0.10759482532739639,No,True
7565,0.017448322847485542,No,True
7566,0.07470040768384933,No,True
7567,0.10624763369560242,No,True
7568,0.02509433589875698,No,True
7569,0.02722395770251751,No,True
7570,0.36566162109375,No,True
7571,0.3655396103858948,No,True
7572,0.30796557664871216,No,True
7573,0.5137964487075806,Yes,True
7574,0.19268478453159332,No,True
7575,0.40478840470314026,No,True
7576,0.5544883012771606,Yes,True
7577,0.6025564074516296,Yes,True
7578,0.27536845207214355,No,True
7579,0.1563018560409546,No,True
7580,0.24777039885520935,No,True
7581,0.2961124777793884,No,True
7582,0.18369263410568237,No,True
7583,0.32559528946876526,No,True
7584,0.11514601856470108,No,True
7585,0.014269160106778145,No,True
7586,0.1975162923336029,No,True
7587,0.13659372925758362,No,True
7588,0.19586153328418732,No,True
7589,0.13709138333797455,No,True
7590,0.18256571888923645,No,True
7591,0.7349709272384644,Yes,True
7592,0.4541604220867157,No,True
7593,0.556538999080658,Yes,True
7594,0.03780187666416168,No,True
7595,0.3790437579154968,No,True
7596,0.4071704149246216,No,True
7597,0.29345765709877014,No,True
7598,0.3670268654823303,No,True
7599,0.28292611241340637,No,True
7600,0.30944061279296875,No,True
7601,0.37640661001205444,No,True
7602,0.24001657962799072,No,True
7603,0.3603171408176422,No,True
7604,0.021087083965539932,No,True
7605,0.16517040133476257,No,True
7606,0.2395382672548294,No,True
7607,0.18497881293296814,No,True
7608,0.05604833364486694,No,True
7609,0.1889868527650833,No,True
7610,0.5564230680465698,Yes,True
7611,0.7361774444580078,Yes,True
7612,0.420218825340271,No,True
7613,0.48148423433303833,No,True
7614,0.3020362854003906,No,True
7615,0.4016665816307068,No,True
7616,0.12969669699668884,No,True
7617,0.2816600799560547,No,True
7618,0.3503776490688324,No,True
7619,0.28666242957115173,No,True
7620,0.18874330818653107,No,True
7621,0.05325058102607727,No,True
7622,0.15656501054763794,No,True
7623,0.10528580844402313,No,True
7624,0.18356071412563324,No,True
7625,0.15676285326480865,No,True
7626,0.07908810675144196,No,True
7627,0.0657762661576271,No,True
7628,0.04883629083633423,No,True
7629,0.047422174364328384,No,True
7630,0.28246718645095825,No,True
7631,0.2649998962879181,No,True
7632,0.25994637608528137,No,True
7633,0.2496359795331955,No,True
7634,0.14731164276599884,No,True
7635,0.21017679572105408,No,True
7636,0.26445987820625305,No,True
7637,0.2693685293197632,No,True
7638,0.28064000606536865,No,True
7639,0.05780716985464096,No,True
7640,0.3322960436344147,No,True
7641,0.13847289979457855,No,True
7642,0.2696329355239868,No,True
7643,0.25226685404777527,No,True
7644,0.21672506630420685,No,True
7645,0.11346475780010223,No,True
7646,0.08722083270549774,No,True
7647,0.30602726340293884,No,True
7648,0.08534321188926697,No,True
7649,0.022826790809631348,No,True
7650,0.6770679950714111,Yes,True
7651,0.7098444700241089,Yes,True
7652,0.6174080967903137,Yes,True
7653,0.6303489208221436,Yes,True
7654,0.28076300024986267,No,True
7655,0.37079182267189026,No,True
7656,0.5520229935646057,Yes,True
7657,0.27189889550209045,No,True
7658,0.5709800720214844,Yes,True
7659,0.10083481669425964,No,True
7660,0.5311996936798096,Yes,True
7661,0.31001412868499756,No,True
7662,0.20135290920734406,No,True
7663,0.2776465117931366,No,True
7664,0.1709289252758026,No,True
7665,0.03741232305765152,No,True
7666,0.033406537026166916,No,True
7667,0.12306410819292068,No,True
7668,0.01948734186589718,No,True
7669,0.008819139562547207,No,True
7670,0.7922616004943848,Yes,True
7671,0.7410562038421631,Yes,True
7672,0.8001277446746826,Yes,True
7673,0.7168489098548889,Yes,True
7674,0.2737938463687897,No,True
7675,0.6541740894317627,Yes,True
7676,0.7803959250450134,Yes,True
7677,0.8891092538833618,Yes,True
7678,0.5902734994888306,Yes,True
7679,0.15747442841529846,No,True
3600,0.5691289901733398,gextravaganza,True
3601,0.8821513652801514,daxday,True
3602,0.5311203598976135,gextravaganza,True
3603,0.6481920480728149,daxday,True
3604,0.5813835859298706,daxday,True
3605,0.6453835964202881,wugfest,True
3606,0.570871889591217,fepfestival,True
3607,0.8685612678527832,wugfest,True
3608,0.8751722574234009,gextravaganza,True
3609,0.6468266248703003,gextravaganza,True
3610,0.9905216097831726,fepfestival,True
3611,0.9061799049377441,wugfest,True
3612,0.986113429069519,wugfest,True
3613,0.8162180185317993,daxday,True
3614,0.7099872827529907,fepfestival,True
3615,0.8927492499351501,wugfest,True
3616,0.8411229252815247,wugfest,True
3617,0.9358189105987549,blicketbash,True
3618,0.8269519805908203,daxday,True
3619,0.9732620120048523,daxday,True
3620,0.7049712538719177,wugfest,True
3621,0.6372126340866089,fepfestival,True
3622,0.6935628652572632,gextravaganza,True
3623,0.7860307693481445,gextravaganza,True
3624,0.7871055006980896,daxday,True
3625,0.7444789409637451,fepfestival,True
3626,0.7472413778305054,gextravaganza,True
3627,0.9204878807067871,gextravaganza,True
3628,0.5938410758972168,daxday,True
3629,0.5347877740859985,daxday,True
3630,0.8054677248001099,wugfest,True
3631,0.5372248888015747,fepfestival,True
3632,0.9713482856750488,wugfest,True
3633,0.6666308641433716,daxday,True
3634,0.9494639039039612,fepfestival,True
3635,0.7621831893920898,wugfest,True
3636,0.8980337977409363,daxday,True
3637,0.9241577982902527,blicketbash,True
3638,0.7783855199813843,daxday,True
3639,0.8150933980941772,wugfest,True
3640,0.7265952825546265,gextravaganza,True
3641,0.6514127254486084,wugfest,True
3642,0.6550500392913818,gextravaganza,True
3643,0.559256374835968,daxday,True
3644,0.7830889821052551,fepfestival,True
3645,0.8816519379615784,wugfest,True
3646,0.542746901512146,daxday,True
3647,0.5329464077949524,daxday,True
3648,0.5676263570785522,gextravaganza,True
3649,0.8396214246749878,gextravaganza,True
3650,0.6481967568397522,blicketbash,True
3651,0.9704204797744751,fepfestival,True
3652,0.7155141830444336,gextravaganza,True
3653,0.5091351270675659,gextravaganza,True
3654,0.91426682472229,daxday,True
3655,0.9733774662017822,wugfest,True
3656,0.5724171996116638,wugfest,True
3657,0.7140037417411804,wugfest,True
3658,0.592319130897522,daxday,True
3659,0.5664523243904114,wugfest,True
3660,0.9648615121841431,daxday,True
3661,0.8079363107681274,blicketbash,True
3662,0.9852033257484436,wugfest,True
3663,0.9757934808731079,fepfestival,True
3664,0.745025098323822,wugfest,True
3665,0.5678766965866089,gextravaganza,True
3666,0.6260998249053955,daxday,True
3667,0.8845415711402893,wugfest,True
3668,0.8604434132575989,wugfest,True
3669,0.8387314081192017,daxday,True
3670,0.5824364423751831,fepfestival,True
3671,0.8259717226028442,wugfest,True
3672,0.5204721689224243,wugfest,True
3673,0.8773223161697388,gextravaganza,True
3674,0.8582579493522644,daxday,True
3675,0.6156233549118042,gextravaganza,True
3676,0.5756597518920898,gextravaganza,True
3677,0.7266548275947571,gextravaganza,True
3678,0.5292001962661743,daxday,True
3679,0.9134542942047119,fepfestival,True
3680,0.7837196588516235,fepfestival,True
3681,0.6919252872467041,wugfest,True
3682,0.516668975353241,wugfest,True
3683,0.6456455588340759,wugfest,True
3684,0.5088958144187927,wugfest,True
3685,0.9078860878944397,gextravaganza,True
3686,0.709220826625824,fepfestival,True
3687,0.9643077850341797,gextravaganza,True
3688,0.8949402570724487,daxday,True
3689,0.5462299585342407,daxday,True
3690,0.6747299432754517,wugfest,True
3691,0.6609311103820801,daxday,True
3692,0.5752229690551758,wugfest,True
3693,0.8362898826599121,daxday,True
3694,0.8042505979537964,gextravaganza,True
3695,0.8776378631591797,gextravaganza,True
3696,0.5195533037185669,gextravaganza,True
3697,0.5564789772033691,daxday,True
3698,0.7750645279884338,fepfestival,True
3699,0.5200393199920654,fepfestival,True
3700,0.7846458554267883,fepfestival,True
3701,0.8421993255615234,wugfest,True
3702,0.8660825490951538,gextravaganza,True
3703,0.6291472315788269,fepfestival,True
3704,0.6939507126808167,gextravaganza,True
3705,0.7486836910247803,gextravaganza,True
3706,0.6084171533584595,daxday,True
3707,0.6456220746040344,daxday,True
3708,0.9524909257888794,fepfestival,True
3709,0.6728785037994385,gextravaganza,True
3710,0.927238404750824,wugfest,True
3711,0.603801965713501,daxday,True
3712,0.9599994421005249,fepfestival,True
3713,0.5364048480987549,wugfest,True
3714,0.8993876576423645,daxday,True
3715,0.5714478492736816,gextravaganza,True
3716,0.8429964780807495,gextravaganza,True
3717,0.806706964969635,gextravaganza,True
3718,0.74187833070755,wugfest,True
3719,0.6468296647071838,daxday,True
3720,0.8235942125320435,daxday,True
3721,0.9924284815788269,fepfestival,True
3722,0.8388882279396057,wugfest,True
3723,0.6783773303031921,fepfestival,True
3724,0.871364951133728,wugfest,True
3725,0.7326965928077698,daxday,True
3726,0.8192538022994995,blicketbash,True
3727,0.9323293566703796,wugfest,True
3728,0.9820011854171753,wugfest,True
3729,0.9671187400817871,daxday,True
3730,0.8254492878913879,wugfest,True
3731,0.6258284449577332,daxday,True
3732,0.9522351026535034,fepfestival,True
3733,0.6262341737747192,gextravaganza,True
3734,0.7388231158256531,wugfest,True
3735,0.8917564749717712,daxday,True
3736,0.6724007725715637,wugfest,True
3737,0.6140114068984985,daxday,True
3738,0.9723871350288391,wugfest,True
3739,0.5218575596809387,blicketbash,True
3740,0.961846113204956,wugfest,True
3741,0.767989993095398,daxday,True
3742,0.9809625744819641,wugfest,True
3743,0.9732755422592163,daxday,True
3744,0.9262141585350037,blicketbash,True
3745,0.8695954084396362,fepfestival,True
3746,0.7905147075653076,wugfest,True
3747,0.9950613379478455,fepfestival,True
3748,0.8186221718788147,daxday,True
3749,0.939903736114502,wugfest,True
3750,0.9712021946907043,wugfest,True
3751,0.9698386192321777,daxday,True
3752,0.8262664079666138,wugfest,True
3753,0.9905332922935486,wugfest,True
3754,0.8988701701164246,wugfest,True
3755,0.9729469418525696,blicketbash,True
3756,0.9500965476036072,fepfestival,True
3757,0.8589081764221191,daxday,True
3758,0.6885250806808472,fepfestival,True
3759,0.8132550716400146,daxday,True
3760,0.5558526515960693,daxday,True
3761,0.6862462759017944,gextravaganza,True
3762,0.6679443120956421,gextravaganza,True
3763,0.822504460811615,daxday,True
3764,0.502254843711853,gextravaganza,True
3765,0.6067938804626465,wugfest,True
3766,0.8578158020973206,gextravaganza,True
3767,0.9377355575561523,fepfestival,True
3768,0.892687976360321,wugfest,True
3769,0.5455914735794067,daxday,True
3770,0.7774556875228882,wugfest,True
3771,0.6274862289428711,gextravaganza,True
3772,0.8587646484375,fepfestival,True
3773,0.5862906575202942,daxday,True
3774,0.9152230024337769,gextravaganza,True
3775,0.6183584928512573,fepfestival,True
3776,0.5744720101356506,daxday,True
3777,0.6551993489265442,gextravaganza,True
3778,0.8199630975723267,gextravaganza,True
3779,0.805335521697998,daxday,True
3780,0.639853298664093,fepfestival,True
3781,0.5186901688575745,wugfest,True
3782,0.5246323347091675,wugfest,True
3783,0.9344460368156433,fepfestival,True
3784,0.5814551711082458,gextravaganza,True
3785,0.6630825400352478,daxday,True
3786,0.5896620154380798,daxday,True
3787,0.8953414559364319,gextravaganza,True
3788,0.9180040955543518,wugfest,True
3789,0.6774189472198486,gextravaganza,True
3790,0.9758561253547668,wugfest,True
3791,0.9321049451828003,daxday,True
3792,0.6378867626190186,blicketbash,True
3793,0.737612783908844,wugfest,True
3794,0.6415018439292908,wugfest,True
3795,0.6631879806518555,gextravaganza,True
3796,0.9543865919113159,fepfestival,True
3797,0.5666025876998901,daxday,True
3798,0.7256611585617065,daxday,True
3799,0.6978452205657959,wugfest,True
3800,0.7593781352043152,fepfestival,True
3801,0.9417739510536194,wugfest,True
3802,0.9229720830917358,wugfest,True
3803,0.9725308418273926,daxday,True
3804,0.8647733330726624,daxday,True
3805,0.9941633343696594,fepfestival,True
3806,0.9843658804893494,blicketbash,True
3807,0.8963544964790344,daxday,True
3808,0.977486252784729,wugfest,True
3809,0.9910698533058167,wugfest,True
3810,0.7836160659790039,daxday,True
3811,0.5126966238021851,gextravaganza,True
3812,0.769210934638977,daxday,True
3813,0.9642901420593262,daxday,True
3814,0.9425087571144104,wugfest,True
3815,0.9694845676422119,blicketbash,True
3816,0.9688676595687866,wugfest,True
3817,0.9795688390731812,fepfestival,True
3818,0.8799337148666382,wugfest,True
3819,0.8455073237419128,wugfest,True
3820,0.6431066989898682,daxday,True
3821,0.5451636910438538,gextravaganza,True
3822,0.5834681391716003,wugfest,True
3823,0.7423112392425537,gextravaganza,True
3824,0.5548780560493469,wugfest,True
3825,0.5800653696060181,gextravaganza,True
3826,0.6930030584335327,gextravaganza,True
3827,0.5858781933784485,daxday,True
3828,0.895703136920929,fepfestival,True
3829,0.8299328088760376,daxday,True
3830,0.5086203813552856,gextravaganza,True
3831,0.918025553226471,daxday,True
3832,0.6599679589271545,wugfest,True
3833,0.9735409021377563,wugfest,True
3834,0.5882200002670288,wugfest,True
3835,0.5816145539283752,daxday,True
3836,0.6410534977912903,wugfest,True
3837,0.6772003173828125,gextravaganza,True
3838,0.6942348480224609,gextravaganza,True
3839,0.9637542366981506,fepfestival,True
3840,0.5686249732971191,daxday,True
3841,0.8842363357543945,daxday,True
3842,0.551941990852356,blicketbash,True
3843,0.6892029643058777,daxday,True
3844,0.5590927600860596,daxday,True
3845,0.6324832439422607,wugfest,True
3846,0.5247732400894165,blicketbash,True
3847,0.8313275575637817,wugfest,True
3848,0.9032843112945557,gextravaganza,True
3849,0.5703963041305542,gextravaganza,True
3850,0.9882081747055054,fepfestival,True
3851,0.8624573945999146,wugfest,True
3852,0.9834497570991516,wugfest,True
3853,0.771687388420105,daxday,True
3854,0.6674805283546448,fepfestival,True
3855,0.8670459985733032,wugfest,True
3856,0.9044111371040344,wugfest,True
3857,0.8369082808494568,blicketbash,True
3858,0.8898233771324158,daxday,True
3859,0.9685307741165161,daxday,True
3860,0.6805808544158936,wugfest,True
3861,0.6606390476226807,fepfestival,True
3862,0.5876073837280273,gextravaganza,True
3863,0.7914793491363525,gextravaganza,True
3864,0.8075183629989624,daxday,True
3865,0.772271990776062,fepfestival,True
3866,0.8229212164878845,gextravaganza,True
3867,0.8951092958450317,gextravaganza,True
3868,0.598495364189148,daxday,True
3869,0.5866036415100098,daxday,True
3870,0.8476797342300415,wugfest,True
3871,0.5450801849365234,gextravaganza,True
3872,0.9669251441955566,wugfest,True
3873,0.7606646418571472,daxday,True
3874,0.951697587966919,fepfestival,True
3875,0.7019538879394531,wugfest,True
3876,0.9077274799346924,daxday,True
3877,0.8784183263778687,blicketbash,True
3878,0.7160478234291077,daxday,True
3879,0.8590266704559326,wugfest,True
3880,0.6228350400924683,gextravaganza,True
3881,0.6800065040588379,wugfest,True
3882,0.5848144292831421,gextravaganza,True
3883,0.5532492399215698,daxday,True
3884,0.8633728623390198,fepfestival,True
3885,0.885942816734314,wugfest,True
3886,0.5807706117630005,daxday,True
3887,0.5151817798614502,daxday,True
3888,0.5050493478775024,gextravaganza,True
3889,0.8173986077308655,gextravaganza,True
3890,0.675542414188385,blicketbash,True
3891,0.9708777070045471,fepfestival,True
3892,0.6951730251312256,gextravaganza,True
3893,0.5483658313751221,daxday,True
3894,0.899362325668335,daxday,True
3895,0.9786123037338257,wugfest,True
3896,0.6010817289352417,wugfest,True
3897,0.8332165479660034,wugfest,True
3898,0.6162474155426025,daxday,True
3899,0.5982247591018677,daxday,True
3900,0.9518427848815918,daxday,True
3901,0.5558186769485474,blicketbash,True
3902,0.9792497158050537,wugfest,True
3903,0.9771396517753601,fepfestival,True
3904,0.7410348057746887,wugfest,True
3905,0.5363398790359497,gextravaganza,True
3906,0.6407308578491211,daxday,True
3907,0.8063197135925293,wugfest,True
3908,0.8063246011734009,wugfest,True
3909,0.7849664092063904,daxday,True
3910,0.7030134201049805,fepfestival,True
3911,0.5571454167366028,wugfest,True
3912,0.7384589910507202,fepfestival,True
3913,0.9376122355461121,gextravaganza,True
3914,0.738024890422821,daxday,True
3915,0.7333791255950928,gextravaganza,True
3916,0.6365056037902832,gextravaganza,True
3917,0.8440939784049988,gextravaganza,True
3918,0.7173053026199341,daxday,True
3919,0.85854572057724,fepfestival,True
3920,0.8678783178329468,fepfestival,True
3921,0.7144438624382019,wugfest,True
3922,0.5799189209938049,wugfest,True
3923,0.6973524689674377,wugfest,True
3924,0.5333544611930847,wugfest,True
3925,0.889434814453125,gextravaganza,True
3926,0.7381038665771484,fepfestival,True
3927,0.9371720552444458,gextravaganza,True
3928,0.8961904048919678,daxday,True
3929,0.6044624447822571,daxday,True
3930,0.7723089456558228,wugfest,True
3931,0.515671968460083,daxday,True
3932,0.645009458065033,wugfest,True
3933,0.9218506813049316,daxday,True
3934,0.7100121378898621,gextravaganza,True
3935,0.8103441596031189,gextravaganza,True
3936,0.5122742652893066,wugfest,True
3937,0.59214186668396,daxday,True
3938,0.8919240832328796,fepfestival,True
3939,0.6065065264701843,daxday,True
3940,0.8261530995368958,fepfestival,True
3941,0.8807522058486938,wugfest,True
3942,0.8619740605354309,gextravaganza,True
3943,0.625773549079895,fepfestival,True
3944,0.6545010805130005,gextravaganza,True
3945,0.724733829498291,gextravaganza,True
3946,0.5884414911270142,daxday,True
3947,0.6017701625823975,daxday,True
3948,0.9764410853385925,fepfestival,True
3949,0.6550732851028442,gextravaganza,True
3950,0.9170573353767395,wugfest,True
3951,0.60001540184021,daxday,True
3952,0.9780703783035278,fepfestival,True
3953,0.594282865524292,wugfest,True
3954,0.8985235691070557,daxday,True
3955,0.5611227750778198,gextravaganza,True
3956,0.8522406220436096,gextravaganza,True
3957,0.794270396232605,gextravaganza,True
3958,0.7204167246818542,wugfest,True
3959,0.6560842990875244,daxday,True
3960,0.7724930644035339,daxday,True
3961,0.9872769713401794,fepfestival,True
3962,0.8101871013641357,wugfest,True
3963,0.652816116809845,fepfestival,True
3964,0.8370105028152466,wugfest,True
3965,0.6668558716773987,daxday,True
3966,0.7950053215026855,blicketbash,True
3967,0.8993242979049683,wugfest,True
3968,0.980012059211731,wugfest,True
3969,0.9593668580055237,daxday,True
3970,0.7759857177734375,wugfest,True
3971,0.5403459072113037,daxday,True
3972,0.9673049449920654,fepfestival,True
3973,0.5922260284423828,gextravaganza,True
3974,0.7523638606071472,wugfest,True
3975,0.8563045263290405,daxday,True
3976,0.704747200012207,wugfest,True
3977,0.5709433555603027,daxday,True
3978,0.9663335680961609,wugfest,True
3979,0.6216424703598022,gextravaganza,True
3980,0.9334679245948792,wugfest,True
3981,0.7346940636634827,daxday,True
3982,0.988608717918396,wugfest,True
3983,0.965864896774292,daxday,True
3984,0.8393777012825012,blicketbash,True
3985,0.8323635458946228,fepfestival,True
3986,0.8275994062423706,wugfest,True
3987,0.9971501231193542,fepfestival,True
3988,0.7558449506759644,daxday,True
3989,0.8834558725357056,wugfest,True
3990,0.9422785639762878,wugfest,True
3991,0.9290699362754822,daxday,True
3992,0.792097806930542,wugfest,True
3993,0.9871986508369446,wugfest,True
3994,0.8804072737693787,wugfest,True
3995,0.912916898727417,blicketbash,True
3996,0.9764542579650879,fepfestival,True
3997,0.8085869550704956,daxday,True
3998,0.7262664437294006,fepfestival,True
3999,0.8179181814193726,daxday,True
4000,0.6053645610809326,daxday,True
4001,0.6859011054039001,gextravaganza,True
4002,0.5950906872749329,gextravaganza,True
4003,0.840349555015564,daxday,True
4004,0.524497389793396,daxday,True
4005,0.622053861618042,wugfest,True
4006,0.8618768453598022,gextravaganza,True
4007,0.9556133151054382,fepfestival,True
4008,0.8499594926834106,wugfest,True
4009,0.6340662240982056,daxday,True
4010,0.5387561917304993,wugfest,True
4011,0.6844443082809448,gextravaganza,True
4012,0.7027320861816406,fepfestival,True
4013,0.5159017443656921,daxday,True
4014,0.9440646767616272,gextravaganza,True
4015,0.7684264779090881,fepfestival,True
4016,0.7656487822532654,daxday,True
4017,0.78739994764328,gextravaganza,True
4018,0.9094613194465637,gextravaganza,True
4019,0.848292350769043,daxday,True
4020,0.7698267102241516,fepfestival,True
4021,0.5219977498054504,wugfest,True
4022,0.5662710070610046,wugfest,True
4023,0.9663646221160889,fepfestival,True
4024,0.5322723984718323,gextravaganza,True
4025,0.659063458442688,daxday,True
4026,0.6757690906524658,daxday,True
4027,0.900346040725708,gextravaganza,True
4028,0.9071593284606934,wugfest,True
4029,0.657523512840271,gextravaganza,True
4030,0.9625800251960754,wugfest,True
4031,0.8733367919921875,daxday,True
4032,0.679908275604248,blicketbash,True
4033,0.694997251033783,wugfest,True
4034,0.6471866369247437,wugfest,True
4035,0.6193525791168213,gextravaganza,True
4036,0.9714683890342712,fepfestival,True
4037,0.5327832102775574,daxday,True
4038,0.6717861294746399,daxday,True
4039,0.5908260941505432,wugfest,True
4040,0.6575103402137756,fepfestival,True
4041,0.9079432487487793,wugfest,True
4042,0.9109255075454712,wugfest,True
4043,0.9662132859230042,daxday,True
4044,0.8715390563011169,daxday,True
4045,0.990043580532074,fepfestival,True
4046,0.9874714612960815,blicketbash,True
4047,0.8565475344657898,daxday,True
4048,0.9534051418304443,wugfest,True
4049,0.9878372550010681,wugfest,True
4050,0.7767148613929749,daxday,True
4051,0.5775032639503479,gextravaganza,True
4052,0.7711417078971863,daxday,True
4053,0.9572039246559143,daxday,True
4054,0.9427282810211182,wugfest,True
4055,0.9253590703010559,blicketbash,True
4056,0.9753615856170654,wugfest,True
4057,0.9897626638412476,fepfestival,True
4058,0.835684597492218,wugfest,True
4059,0.7779363989830017,wugfest,True
4060,0.5727201700210571,daxday,True
4061,0.592802882194519,daxday,True
4062,0.7237040996551514,wugfest,True
4063,0.6208665370941162,gextravaganza,True
4064,0.6375043392181396,wugfest,True
4065,0.5226267576217651,wugfest,True
4066,0.648622453212738,gextravaganza,True
4067,0.6198884844779968,daxday,True
4068,0.952697217464447,fepfestival,True
4069,0.9125210642814636,daxday,True
4070,0.5444742441177368,gextravaganza,True
4071,0.8638973236083984,daxday,True
4072,0.5559328198432922,wugfest,True
4073,0.9672003388404846,wugfest,True
4074,0.5883920192718506,wugfest,True
4075,0.5462237596511841,daxday,True
4076,0.6316760778427124,wugfest,True
4077,0.6885294914245605,gextravaganza,True
4078,0.6733022928237915,gextravaganza,True
4079,0.9620364904403687,fepfestival,True
4080,0.5554810762405396,gextravaganza,True
4081,0.8795557022094727,daxday,True
4082,0.500311553478241,blicketbash,True
4083,0.6595955491065979,daxday,True
4084,0.5044845342636108,daxday,True
4085,0.6397759318351746,wugfest,True
4086,0.6136122941970825,blicketbash,True
4087,0.9106354713439941,wugfest,True
4088,0.8877836465835571,gextravaganza,True
4089,0.6552637815475464,gextravaganza,True
4090,0.983443021774292,fepfestival,True
4091,0.9151749014854431,wugfest,True
4092,0.9886232614517212,wugfest,True
4093,0.7897137999534607,daxday,True
4094,0.7469088435173035,fepfestival,True
4095,0.8872596621513367,wugfest,True
4096,0.849716305732727,wugfest,True
4097,0.8938571214675903,blicketbash,True
4098,0.8681416511535645,daxday,True
4099,0.9684374332427979,daxday,True
4100,0.7465794086456299,wugfest,True
4101,0.6404339075088501,fepfestival,True
4102,0.6623736619949341,gextravaganza,True
4103,0.7619079351425171,gextravaganza,True
4104,0.8034293055534363,daxday,True
4105,0.7750903367996216,fepfestival,True
4106,0.6783662438392639,gextravaganza,True
4107,0.8670789003372192,gextravaganza,True
4108,0.606591522693634,daxday,True
4109,0.5237694978713989,daxday,True
4110,0.8325563669204712,wugfest,True
4111,0.5055122971534729,fepfestival,True
4112,0.9737133979797363,wugfest,True
4113,0.62503582239151,daxday,True
4114,0.9400767683982849,fepfestival,True
4115,0.7627108097076416,wugfest,True
4116,0.9439494609832764,daxday,True
4117,0.8284180760383606,blicketbash,True
4118,0.7721930742263794,daxday,True
4119,0.781362771987915,wugfest,True
4120,0.7154407501220703,gextravaganza,True
4121,0.6687093377113342,wugfest,True
4122,0.6428486108779907,gextravaganza,True
4123,0.520068347454071,wugfest,True
4124,0.7894119620323181,fepfestival,True
4125,0.8735478520393372,wugfest,True
4126,0.5642070770263672,daxday,True
4127,0.540511965751648,daxday,True
4128,0.5012140274047852,gextravaganza,True
4129,0.8222651481628418,gextravaganza,True
4130,0.6664564609527588,blicketbash,True
4131,0.9627709984779358,fepfestival,True
4132,0.7091922163963318,gextravaganza,True
4133,0.5101086497306824,daxday,True
4134,0.9169330596923828,daxday,True
4135,0.9756617546081543,wugfest,True
4136,0.5428422689437866,wugfest,True
4137,0.7579200863838196,wugfest,True
4138,0.6331896185874939,daxday,True
4139,0.5918287038803101,wugfest,True
4140,0.9612417221069336,daxday,True
4141,0.7091028690338135,blicketbash,True
4142,0.9871155619621277,wugfest,True
4143,0.9730371832847595,fepfestival,True
4144,0.8197189569473267,wugfest,True
4145,0.5694941282272339,gextravaganza,True
4146,0.7155749797821045,daxday,True
4147,0.8240495324134827,wugfest,True
4148,0.7890578508377075,wugfest,True
4149,0.8036825656890869,daxday,True
4150,0.5264827013015747,fepfestival,True
4151,0.8368459343910217,wugfest,True
4152,0.5146235227584839,fepfestival,True
4153,0.8275907039642334,gextravaganza,True
4154,0.7772419452667236,daxday,True
4155,0.6390209197998047,gextravaganza,True
4156,0.5500129461288452,gextravaganza,True
4157,0.722155749797821,gextravaganza,True
4158,0.6057041883468628,daxday,True
4159,0.9060825109481812,fepfestival,True
4160,0.6989048719406128,fepfestival,True
4161,0.7116097211837769,wugfest,True
4162,0.5498725771903992,wugfest,True
4163,0.6226251125335693,wugfest,True
4164,0.5677329897880554,wugfest,True
4165,0.8968271017074585,gextravaganza,True
4166,0.6989753246307373,fepfestival,True
4167,0.9507115483283997,gextravaganza,True
4168,0.9139603972434998,daxday,True
4169,0.5318120718002319,daxday,True
4170,0.6849675178527832,wugfest,True
4171,0.6651461124420166,daxday,True
4172,0.576016366481781,wugfest,True
4173,0.7761189341545105,daxday,True
4174,0.7849718928337097,gextravaganza,True
4175,0.8840187191963196,gextravaganza,True
4176,0.6074713468551636,gextravaganza,True
4177,0.5512977242469788,daxday,True
4178,0.8247679471969604,fepfestival,True
4179,0.5294286012649536,fepfestival,True
4180,0.6615648865699768,fepfestival,True
4181,0.8870486617088318,wugfest,True
4182,0.8648852109909058,gextravaganza,True
4183,0.6717208623886108,fepfestival,True
4184,0.8274885416030884,gextravaganza,True
4185,0.7410516738891602,gextravaganza,True
4186,0.6173061728477478,daxday,True
4187,0.6690150499343872,daxday,True
4188,0.9675375819206238,fepfestival,True
4189,0.6972193717956543,gextravaganza,True
4190,0.9353315234184265,wugfest,True
4191,0.5832397937774658,daxday,True
4192,0.9744547605514526,fepfestival,True
4193,0.5596542954444885,wugfest,True
4194,0.8899376392364502,daxday,True
4195,0.5550302267074585,gextravaganza,True
4196,0.8792182803153992,gextravaganza,True
4197,0.7730178833007812,gextravaganza,True
4198,0.7029668688774109,wugfest,True
4199,0.6214989423751831,daxday,True
4200,0.8161588907241821,daxday,True
4201,0.9905824661254883,fepfestival,True
4202,0.8640686869621277,wugfest,True
4203,0.7518261671066284,fepfestival,True
4204,0.8777734041213989,wugfest,True
4205,0.7089646458625793,daxday,True
4206,0.8753992915153503,blicketbash,True
4207,0.8887732625007629,wugfest,True
4208,0.9848945140838623,wugfest,True
4209,0.9632968306541443,daxday,True
4210,0.8481029272079468,wugfest,True
4211,0.6331021785736084,daxday,True
4212,0.9641513824462891,fepfestival,True
4213,0.6480276584625244,gextravaganza,True
4214,0.6813722848892212,wugfest,True
4215,0.8812700510025024,daxday,True
4216,0.6983041167259216,wugfest,True
4217,0.5664909482002258,daxday,True
4218,0.9723306894302368,wugfest,True
4219,0.5402768850326538,gextravaganza,True
4220,0.9705178141593933,wugfest,True
4221,0.787579357624054,daxday,True
4222,0.9884348511695862,wugfest,True
4223,0.9640458226203918,daxday,True
4224,0.9596428275108337,blicketbash,True
4225,0.8541828989982605,fepfestival,True
4226,0.8029898405075073,wugfest,True
4227,0.9916355609893799,fepfestival,True
4228,0.8440163731575012,daxday,True
4229,0.936617374420166,wugfest,True
4230,0.975064218044281,wugfest,True
4231,0.9657688736915588,daxday,True
4232,0.8555759787559509,wugfest,True
4233,0.9873285293579102,wugfest,True
4234,0.9064484238624573,wugfest,True
4235,0.9597242474555969,blicketbash,True
4236,0.9715168476104736,fepfestival,True
4237,0.7605618834495544,daxday,True
4238,0.6871556639671326,fepfestival,True
4239,0.8298174738883972,daxday,True
4240,0.5660108327865601,daxday,True
4241,0.6428418159484863,gextravaganza,True
4242,0.6490627527236938,gextravaganza,True
4243,0.7104544639587402,daxday,True
4244,0.5085716843605042,daxday,True
4245,0.6094278693199158,wugfest,True
4246,0.8869749903678894,gextravaganza,True
4247,0.9395869374275208,fepfestival,True
4248,0.9048675894737244,wugfest,True
4249,0.5325968265533447,daxday,True
4250,0.8462011218070984,wugfest,True
4251,0.6149004697799683,gextravaganza,True
4252,0.8080222010612488,fepfestival,True
4253,0.5380640029907227,fepfestival,True
4254,0.9241441488265991,gextravaganza,True
4255,0.5579301714897156,fepfestival,True
4256,0.6132031679153442,daxday,True
4257,0.6503215432167053,gextravaganza,True
4258,0.8105358481407166,gextravaganza,True
4259,0.8082889914512634,daxday,True
4260,0.5736804008483887,fepfestival,True
4261,0.5057886242866516,daxday,True
4262,0.5465526580810547,wugfest,True
4263,0.946829080581665,fepfestival,True
4264,0.5617948770523071,gextravaganza,True
4265,0.639640212059021,daxday,True
4266,0.7388546466827393,daxday,True
4267,0.8580693602561951,gextravaganza,True
4268,0.9279610514640808,wugfest,True
4269,0.7245950698852539,gextravaganza,True
4270,0.9749864339828491,wugfest,True
4271,0.9205202460289001,daxday,True
4272,0.6591735482215881,blicketbash,True
4273,0.7505545616149902,wugfest,True
4274,0.6326664686203003,wugfest,True
4275,0.6573030948638916,gextravaganza,True
4276,0.9731029868125916,fepfestival,True
4277,0.5041024684906006,daxday,True
4278,0.7496324181556702,daxday,True
4279,0.7275985479354858,wugfest,True
4280,0.6394466757774353,fepfestival,True
4281,0.9336472749710083,wugfest,True
4282,0.9375399351119995,wugfest,True
4283,0.963672399520874,daxday,True
4284,0.8394515514373779,daxday,True
4285,0.9884157180786133,fepfestival,True
4286,0.984712541103363,blicketbash,True
4287,0.8077993392944336,daxday,True
4288,0.9698885083198547,wugfest,True
4289,0.992286205291748,wugfest,True
4290,0.7904189825057983,daxday,True
4291,0.5106797218322754,gextravaganza,True
4292,0.8174697160720825,daxday,True
4293,0.9493870735168457,daxday,True
4294,0.9516988396644592,wugfest,True
4295,0.9635252952575684,blicketbash,True
4296,0.9796792268753052,wugfest,True
4297,0.9675164222717285,fepfestival,True
4298,0.8023589253425598,wugfest,True
4299,0.8303098082542419,wugfest,True
4300,0.6046161651611328,daxday,True
4301,0.5152135491371155,daxday,True
4302,0.6461672186851501,wugfest,True
4303,0.7363860607147217,gextravaganza,True
4304,0.5848994851112366,wugfest,True
4305,0.5485318899154663,gextravaganza,True
4306,0.7304880023002625,gextravaganza,True
4307,0.6203358769416809,daxday,True
4308,0.9387123584747314,fepfestival,True
4309,0.8050588369369507,daxday,True
4310,0.5092422366142273,daxday,True
4311,0.9204436540603638,daxday,True
4312,0.629585325717926,wugfest,True
4313,0.9652608633041382,wugfest,True
4314,0.5616343021392822,wugfest,True
4315,0.5953145623207092,daxday,True
4316,0.6793126463890076,wugfest,True
4317,0.7340444922447205,gextravaganza,True
4318,0.6886686682701111,gextravaganza,True
4319,0.9641411900520325,fepfestival,True
4320,0.5883485078811646,daxday,True
4321,0.8919498920440674,daxday,True
4322,0.5237199664115906,blicketbash,True
4323,0.6848000884056091,daxday,True
4324,0.544021725654602,daxday,True
4325,0.6230207085609436,wugfest,True
4326,0.5563675165176392,blicketbash,True
4327,0.8755329251289368,wugfest,True
4328,0.8893987536430359,gextravaganza,True
4329,0.6065834760665894,gextravaganza,True
4330,0.9879310727119446,fepfestival,True
4331,0.9195553064346313,wugfest,True
4332,0.9844753742218018,wugfest,True
4333,0.7791882753372192,daxday,True
4334,0.6570730805397034,fepfestival,True
4335,0.821264386177063,wugfest,True
4336,0.9018540382385254,wugfest,True
4337,0.7206907868385315,blicketbash,True
4338,0.9321105480194092,daxday,True
4339,0.9605298638343811,daxday,True
4340,0.7139459848403931,wugfest,True
4341,0.672469973564148,fepfestival,True
4342,0.6425625085830688,gextravaganza,True
4343,0.7845420837402344,gextravaganza,True
4344,0.7936832308769226,daxday,True
4345,0.7875168919563293,fepfestival,True
4346,0.8236600160598755,gextravaganza,True
4347,0.86338871717453,gextravaganza,True
4348,0.5916928052902222,daxday,True
4349,0.5066369771957397,wugfest,True
4350,0.8542163372039795,wugfest,True
4351,0.6146974563598633,fepfestival,True
4352,0.9604395031929016,wugfest,True
4353,0.7187604308128357,daxday,True
4354,0.947932243347168,fepfestival,True
4355,0.6081002950668335,wugfest,True
4356,0.9145491123199463,daxday,True
4357,0.7446674704551697,blicketbash,True
4358,0.7390466928482056,daxday,True
4359,0.8633959889411926,wugfest,True
4360,0.6227754354476929,gextravaganza,True
4361,0.6602006554603577,wugfest,True
4362,0.5797096490859985,gextravaganza,True
4363,0.5298354029655457,wugfest,True
4364,0.8735207915306091,fepfestival,True
4365,0.9352378249168396,wugfest,True
4366,0.6032121777534485,daxday,True
4367,0.7384334802627563,daxday,True
4368,0.515824019908905,gextravaganza,True
4369,0.7879393100738525,gextravaganza,True
4370,0.7159572839736938,blicketbash,True
4371,0.9787994623184204,fepfestival,True
4372,0.7021937370300293,gextravaganza,True
4373,0.5089934468269348,daxday,True
4374,0.8888526558876038,daxday,True
4375,0.94710373878479,wugfest,True
4376,0.5972167253494263,wugfest,True
4377,0.780066967010498,wugfest,True
4378,0.6389780044555664,daxday,True
4379,0.6045495867729187,wugfest,True
4380,0.9391577243804932,daxday,True
4381,0.6728295683860779,blicketbash,True
4382,0.9741021990776062,wugfest,True
4383,0.9706595540046692,fepfestival,True
4384,0.7539615631103516,wugfest,True
4385,0.5979206562042236,gextravaganza,True
4386,0.6362805366516113,daxday,True
4387,0.7771701216697693,wugfest,True
4388,0.8070326447486877,wugfest,True
4389,0.7914383411407471,daxday,True
4390,0.7300513982772827,fepfestival,True
4391,0.6182466149330139,wugfest,True
4392,0.7467642426490784,fepfestival,True
4393,0.9249969124794006,gextravaganza,True
4394,0.7127171158790588,daxday,True
4395,0.7215547561645508,gextravaganza,True
4396,0.6622819900512695,gextravaganza,True
4397,0.8267154693603516,gextravaganza,True
4398,0.6681792736053467,daxday,True
4399,0.8179933428764343,fepfestival,True
4400,0.8743999600410461,fepfestival,True
4401,0.6622745990753174,wugfest,True
4402,0.5808407068252563,wugfest,True
4403,0.6801789999008179,wugfest,True
4404,0.5561448931694031,wugfest,True
4405,0.827246904373169,gextravaganza,True
4406,0.7307389974594116,fepfestival,True
4407,0.9268630743026733,gextravaganza,True
4408,0.876968502998352,daxday,True
4409,0.5914790034294128,daxday,True
4410,0.7903974652290344,wugfest,True
4411,0.5263223648071289,daxday,True
4412,0.6610446572303772,wugfest,True
4413,0.8821682929992676,daxday,True
4414,0.7137213945388794,gextravaganza,True
4415,0.7182349562644958,gextravaganza,True
4416,0.5011632442474365,wugfest,True
4417,0.6488502621650696,daxday,True
4418,0.8371938467025757,fepfestival,True
4419,0.5580232739448547,daxday,True
4420,0.8217215538024902,fepfestival,True
4421,0.8795225620269775,wugfest,True
4422,0.8068132400512695,gextravaganza,True
4423,0.6051449775695801,fepfestival,True
4424,0.6478187441825867,gextravaganza,True
4425,0.640173077583313,gextravaganza,True
4426,0.5822370648384094,daxday,True
4427,0.8595611453056335,daxday,True
4428,0.9482576251029968,fepfestival,True
4429,0.7078726291656494,gextravaganza,True
4430,0.9158074259757996,wugfest,True
4431,0.571308970451355,daxday,True
4432,0.9741045832633972,fepfestival,True
4433,0.6360699534416199,wugfest,True
4434,0.8803801536560059,daxday,True
4435,0.5936436653137207,gextravaganza,True
4436,0.8245182037353516,gextravaganza,True
4437,0.7605072855949402,gextravaganza,True
4438,0.7280717492103577,wugfest,True
4439,0.6551151871681213,daxday,True
4440,0.7863921523094177,daxday,True
4441,0.9931125044822693,fepfestival,True
4442,0.7111106514930725,wugfest,True
4443,0.6764283776283264,fepfestival,True
4444,0.827930748462677,wugfest,True
4445,0.6019494533538818,daxday,True
4446,0.766791820526123,blicketbash,True
4447,0.8795776963233948,wugfest,True
4448,0.981675922870636,wugfest,True
4449,0.9498293995857239,daxday,True
4450,0.776202380657196,wugfest,True
4451,0.6265539526939392,daxday,True
4452,0.9630362391471863,fepfestival,True
4453,0.5789941549301147,gextravaganza,True
4454,0.7279652953147888,wugfest,True
4455,0.818652331829071,daxday,True
4456,0.6884157657623291,wugfest,True
4457,0.6342524886131287,daxday,True
4458,0.9563693404197693,wugfest,True
4459,0.5578157901763916,gextravaganza,True
4460,0.9631824493408203,wugfest,True
4461,0.8886352777481079,daxday,True
4462,0.9907593131065369,wugfest,True
4463,0.9568822979927063,daxday,True
4464,0.8683401346206665,blicketbash,True
4465,0.7630664706230164,fepfestival,True
4466,0.8488659262657166,wugfest,True
4467,0.9979375004768372,fepfestival,True
4468,0.7756137251853943,daxday,True
4469,0.9237518310546875,wugfest,True
4470,0.9538708925247192,wugfest,True
4471,0.9621145129203796,daxday,True
4472,0.7496381998062134,wugfest,True
4473,0.984275758266449,wugfest,True
4474,0.8815354704856873,wugfest,True
4475,0.8744952082633972,blicketbash,True
4476,0.9761694669723511,fepfestival,True
4477,0.8366967439651489,daxday,True
4478,0.759066641330719,fepfestival,True
4479,0.8270738124847412,daxday,True
4480,0.6245954036712646,daxday,True
4481,0.6507279276847839,gextravaganza,True
4482,0.612736165523529,gextravaganza,True
4483,0.7357140779495239,daxday,True
4484,0.5340224504470825,daxday,True
4485,0.6119561791419983,wugfest,True
4486,0.8283916711807251,gextravaganza,True
4487,0.9551100134849548,fepfestival,True
4488,0.8520023822784424,wugfest,True
4489,0.5472850799560547,daxday,True
4490,0.5033290386199951,blicketbash,True
4491,0.741763710975647,gextravaganza,True
4492,0.783064067363739,fepfestival,True
4493,0.5988819599151611,fepfestival,True
4494,0.9439765810966492,gextravaganza,True
4495,0.7403134107589722,fepfestival,True
4496,0.7906023859977722,daxday,True
4497,0.7900753021240234,gextravaganza,True
4498,0.9058201313018799,gextravaganza,True
4499,0.7698859572410583,daxday,True
4500,0.7303122878074646,fepfestival,True
4501,0.5666655898094177,wugfest,True
4502,0.55885249376297,wugfest,True
4503,0.9653642177581787,fepfestival,True
4504,0.5144315361976624,gextravaganza,True
4505,0.7079448699951172,daxday,True
4506,0.7182791829109192,daxday,True
4507,0.8679674863815308,gextravaganza,True
4508,0.9124322533607483,wugfest,True
4509,0.656744122505188,gextravaganza,True
4510,0.9612473249435425,wugfest,True
4511,0.8955163955688477,daxday,True
4512,0.6305491924285889,blicketbash,True
4513,0.7429397106170654,wugfest,True
4514,0.642613410949707,wugfest,True
4515,0.6544084548950195,gextravaganza,True
4516,0.9707480072975159,fepfestival,True
4517,0.6007660627365112,daxday,True
4518,0.6998756527900696,daxday,True
4519,0.6819822788238525,wugfest,True
4520,0.70243901014328,fepfestival,True
4521,0.9442929625511169,wugfest,True
4522,0.8354070782661438,wugfest,True
4523,0.9544934630393982,daxday,True
4524,0.895673930644989,daxday,True
4525,0.9884122610092163,fepfestival,True
4526,0.9800755977630615,blicketbash,True
4527,0.8679893016815186,daxday,True
4528,0.9608777165412903,wugfest,True
4529,0.9894972443580627,wugfest,True
4530,0.791366457939148,daxday,True
4531,0.596116840839386,fepfestival,True
4532,0.8028470873832703,daxday,True
4533,0.937879204750061,daxday,True
4534,0.9485811591148376,wugfest,True
4535,0.9055995345115662,blicketbash,True
4536,0.9773897528648376,wugfest,True
4537,0.9886916875839233,fepfestival,True
4538,0.8766210079193115,wugfest,True
4539,0.8052381277084351,wugfest,True
4540,0.5447680950164795,daxday,True
4541,0.5191740393638611,daxday,True
4542,0.7487196326255798,wugfest,True
4543,0.6287100911140442,gextravaganza,True
4544,0.6328487992286682,wugfest,True
4545,0.5266376733779907,wugfest,True
4546,0.6246960163116455,gextravaganza,True
4547,0.6861884593963623,daxday,True
4548,0.9325248003005981,fepfestival,True
4549,0.8519884347915649,daxday,True
4550,0.5518865585327148,gextravaganza,True
4551,0.8931121230125427,daxday,True
4552,0.505535364151001,wugfest,True
4553,0.9597387909889221,wugfest,True
4554,0.5713587403297424,wugfest,True
4555,0.5534149408340454,daxday,True
4556,0.6214743852615356,wugfest,True
4557,0.7865312099456787,gextravaganza,True
4558,0.6583117246627808,gextravaganza,True
4559,0.9604583382606506,fepfestival,True
4560,0.5692880153656006,daxday,True
4561,0.8963614702224731,daxday,True
4562,0.5884811282157898,blicketbash,True
4563,0.7102179527282715,daxday,True
4564,0.5122055411338806,wugfest,True
4565,0.6940723061561584,wugfest,True
4566,0.5996116995811462,fepfestival,True
4567,0.9509007930755615,wugfest,True
4568,0.873065173625946,gextravaganza,True
4569,0.5939948558807373,gextravaganza,True
4570,0.9882499575614929,fepfestival,True
4571,0.9353722929954529,wugfest,True
4572,0.9823433756828308,wugfest,True
4573,0.7337249517440796,daxday,True
4574,0.530863881111145,gextravaganza,True
4575,0.8260565400123596,wugfest,True
4576,0.8442030549049377,wugfest,True
4577,0.75303715467453,blicketbash,True
4578,0.8282507658004761,daxday,True
4579,0.9542422294616699,daxday,True
4580,0.664246678352356,wugfest,True
4581,0.6002439856529236,fepfestival,True
4582,0.6617004871368408,gextravaganza,True
4583,0.7925013303756714,gextravaganza,True
4584,0.7654661536216736,daxday,True
4585,0.8027764558792114,fepfestival,True
4586,0.8174117207527161,gextravaganza,True
4587,0.9006401300430298,gextravaganza,True
4588,0.6425905823707581,daxday,True
4589,0.5471374988555908,wugfest,True
4590,0.8154829740524292,wugfest,True
4591,0.5232443809509277,fepfestival,True
4592,0.9746631979942322,wugfest,True
4593,0.6398675441741943,daxday,True
4594,0.9168574810028076,fepfestival,True
4595,0.5939932465553284,wugfest,True
4596,0.9327952265739441,daxday,True
4597,0.7014919519424438,blicketbash,True
4598,0.7563666701316833,daxday,True
4599,0.8073736429214478,wugfest,True
4600,0.584696888923645,gextravaganza,True
4601,0.7348006963729858,wugfest,True
4602,0.6616859436035156,gextravaganza,True
4603,0.6073855757713318,wugfest,True
4604,0.7796366810798645,fepfestival,True
4605,0.9458118677139282,wugfest,True
4606,0.6432920098304749,daxday,True
4607,0.6940905451774597,daxday,True
4608,0.5217815637588501,daxday,True
4609,0.8507865071296692,gextravaganza,True
4610,0.9146661162376404,blicketbash,True
4611,0.969581663608551,fepfestival,True
4612,0.707890510559082,gextravaganza,True
4613,0.5394807457923889,daxday,True
4614,0.8993955254554749,daxday,True
4615,0.9671404957771301,wugfest,True
4616,0.6094589829444885,wugfest,True
4617,0.844578742980957,wugfest,True
4618,0.6807729005813599,daxday,True
4619,0.66595458984375,wugfest,True
4620,0.927483081817627,daxday,True
4621,0.608911395072937,blicketbash,True
4622,0.9713218212127686,wugfest,True
4623,0.9636865854263306,fepfestival,True
4624,0.6405487060546875,wugfest,True
4625,0.624340295791626,gextravaganza,True
4626,0.6055755019187927,daxday,True
4627,0.798786997795105,wugfest,True
4628,0.7544535398483276,wugfest,True
4629,0.8160660266876221,daxday,True
4630,0.5749125480651855,fepfestival,True
4631,0.7493841052055359,wugfest,True
4632,0.5075247287750244,fepfestival,True
4633,0.8209831714630127,gextravaganza,True
4634,0.745527982711792,daxday,True
4635,0.5040605068206787,daxday,True
4636,0.5633336305618286,gextravaganza,True
4637,0.732884407043457,gextravaganza,True
4638,0.6089153289794922,daxday,True
4639,0.885006844997406,fepfestival,True
4640,0.761059045791626,fepfestival,True
4641,0.8105691075325012,wugfest,True
4642,0.5958795547485352,wugfest,True
4643,0.6183369159698486,wugfest,True
4644,0.6219775676727295,wugfest,True
4645,0.875056803226471,gextravaganza,True
4646,0.6837061643600464,fepfestival,True
4647,0.9553976655006409,gextravaganza,True
4648,0.9235653877258301,daxday,True
4649,0.6515198349952698,daxday,True
4650,0.7992307543754578,wugfest,True
4651,0.5671443343162537,daxday,True
4652,0.5952063798904419,wugfest,True
4653,0.873845100402832,daxday,True
4654,0.7173385620117188,gextravaganza,True
4655,0.7835954427719116,gextravaganza,True
4656,0.5048578381538391,wugfest,True
4657,0.679585337638855,daxday,True
4658,0.9179255962371826,fepfestival,True
4659,0.5953261852264404,daxday,True
4660,0.8578580617904663,fepfestival,True
4661,0.910354495048523,wugfest,True
4662,0.8408651947975159,gextravaganza,True
4663,0.757830023765564,fepfestival,True
4664,0.6992735862731934,gextravaganza,True
4665,0.7573266625404358,gextravaganza,True
4666,0.6953070163726807,daxday,True
4667,0.7577248811721802,daxday,True
4668,0.9784587621688843,fepfestival,True
4669,0.6801897287368774,gextravaganza,True
4670,0.8517253994941711,wugfest,True
4671,0.5621522068977356,daxday,True
4672,0.9813461303710938,fepfestival,True
4673,0.6492422819137573,wugfest,True
4674,0.9086257219314575,daxday,True
4675,0.5076588988304138,daxday,True
4676,0.8518036603927612,gextravaganza,True
4677,0.8068405389785767,gextravaganza,True
4678,0.8264099955558777,wugfest,True
4679,0.7099981307983398,daxday,True
4680,0.7663850784301758,daxday,True
4681,0.9878361225128174,fepfestival,True
4682,0.7924398183822632,wugfest,True
4683,0.62469083070755,fepfestival,True
4684,0.7442739009857178,wugfest,True
4685,0.7464354038238525,daxday,True
4686,0.7953729033470154,blicketbash,True
4687,0.9009366631507874,wugfest,True
4688,0.965934693813324,wugfest,True
4689,0.9422289133071899,daxday,True
4690,0.7810549736022949,wugfest,True
4691,0.5851815342903137,daxday,True
4692,0.9648306965827942,fepfestival,True
4693,0.6892838478088379,gextravaganza,True
4694,0.5741757750511169,wugfest,True
4695,0.8942504525184631,daxday,True
4696,0.6107844710350037,wugfest,True
4697,0.6728953719139099,daxday,True
4698,0.9528093934059143,wugfest,True
4699,0.6134573817253113,gextravaganza,True
4700,0.9539009928703308,wugfest,True
4701,0.736912727355957,daxday,True
4702,0.9597471356391907,wugfest,True
4703,0.9201935529708862,daxday,True
4704,0.7716837525367737,blicketbash,True
4705,0.6993755102157593,fepfestival,True
4706,0.7746986746788025,wugfest,True
4707,0.9937903881072998,fepfestival,True
4708,0.7370139360427856,daxday,True
4709,0.8894933462142944,wugfest,True
4710,0.9585852026939392,wugfest,True
4711,0.9403700232505798,daxday,True
4712,0.8038579821586609,wugfest,True
4713,0.9691125154495239,wugfest,True
4714,0.8065744638442993,wugfest,True
4715,0.931937575340271,blicketbash,True
4716,0.9526687264442444,fepfestival,True
4717,0.7858319878578186,daxday,True
4718,0.5961499214172363,fepfestival,True
4719,0.8177011609077454,daxday,True
4720,0.6371654868125916,daxday,True
4721,0.6381212472915649,gextravaganza,True
4722,0.6700959205627441,gextravaganza,True
4723,0.6755540370941162,daxday,True
4724,0.5601959228515625,daxday,True
4725,0.6519442200660706,wugfest,True
4726,0.8733102083206177,gextravaganza,True
4727,0.9523558020591736,fepfestival,True
4728,0.8321398496627808,wugfest,True
4729,0.5021737813949585,daxday,True
4730,0.674745500087738,wugfest,True
4731,0.5754297375679016,gextravaganza,True
4732,0.802014172077179,fepfestival,True
4733,0.5284618139266968,fepfestival,True
4734,0.8385733962059021,gextravaganza,True
4735,0.6383804678916931,fepfestival,True
4736,0.6997793912887573,daxday,True
4737,0.6908504366874695,gextravaganza,True
4738,0.8667654991149902,gextravaganza,True
4739,0.8084710240364075,daxday,True
4740,0.6616818904876709,fepfestival,True
4741,0.5808814764022827,wugfest,True
4742,0.5920161008834839,wugfest,True
4743,0.9587496519088745,fepfestival,True
4744,0.5047639608383179,gextravaganza,True
4745,0.6698904633522034,daxday,True
4746,0.6469921469688416,daxday,True
4747,0.884456217288971,gextravaganza,True
4748,0.9411880970001221,wugfest,True
4749,0.5017238259315491,blicketbash,True
4750,0.9498645067214966,wugfest,True
4751,0.9197379350662231,daxday,True
4752,0.7200928926467896,blicketbash,True
4753,0.7811572551727295,wugfest,True
4754,0.5847697854042053,wugfest,True
4755,0.6733755469322205,gextravaganza,True
4756,0.9674085378646851,fepfestival,True
4757,0.629245936870575,daxday,True
4758,0.7383676767349243,daxday,True
4759,0.6286348104476929,wugfest,True
4760,0.5316691994667053,fepfestival,True
4761,0.8920323848724365,wugfest,True
4762,0.9137232899665833,wugfest,True
4763,0.9302574396133423,daxday,True
4764,0.7239274382591248,daxday,True
4765,0.9905904531478882,fepfestival,True
4766,0.9850200414657593,blicketbash,True
4767,0.8319669365882874,daxday,True
4768,0.9801088571548462,wugfest,True
4769,0.9777621626853943,wugfest,True
4770,0.7432777881622314,daxday,True
4771,0.5955438017845154,gextravaganza,True
4772,0.7148420810699463,daxday,True
4773,0.9024117588996887,daxday,True
4774,0.9107942581176758,wugfest,True
4775,0.919331431388855,blicketbash,True
4776,0.9446079730987549,wugfest,True
4777,0.984528124332428,fepfestival,True
4778,0.7950989007949829,wugfest,True
4779,0.7936301231384277,wugfest,True
4780,0.5035527348518372,wugfest,True
4781,0.6263368129730225,daxday,True
4782,0.8246159553527832,wugfest,True
4783,0.6839608550071716,gextravaganza,True
4784,0.6858505606651306,wugfest,True
4785,0.5884923934936523,wugfest,True
4786,0.5232555866241455,blicketbash,True
4787,0.7114240527153015,daxday,True
4788,0.9751317501068115,fepfestival,True
4789,0.9236146807670593,daxday,True
4790,0.5639554262161255,gextravaganza,True
4791,0.9049466252326965,daxday,True
4792,0.5893977284431458,wugfest,True
4793,0.9454838633537292,wugfest,True
4794,0.5108376741409302,gextravaganza,True
4795,0.7029661536216736,daxday,True
4796,0.6875167489051819,wugfest,True
4797,0.802465558052063,gextravaganza,True
4798,0.7310396432876587,gextravaganza,True
4799,0.9573894143104553,fepfestival,True
4800,0.5547211766242981,daxday,True
4801,0.9081676602363586,daxday,True
4802,0.6586272716522217,blicketbash,True
4803,0.760750412940979,daxday,True
4804,0.5552146434783936,daxday,True
4805,0.7058076858520508,wugfest,True
4806,0.6076881289482117,fepfestival,True
4807,0.9169427156448364,wugfest,True
4808,0.8740101456642151,gextravaganza,True
4809,0.5583992004394531,gextravaganza,True
4810,0.9926191568374634,fepfestival,True
4811,0.9014506340026855,wugfest,True
4812,0.976624071598053,wugfest,True
4813,0.5672533512115479,daxday,True
4814,0.5688087344169617,gextravaganza,True
4815,0.8151604533195496,wugfest,True
4816,0.6881649494171143,wugfest,True
4817,0.7469870448112488,blicketbash,True
4818,0.8068583607673645,daxday,True
4819,0.9344120025634766,daxday,True
4820,0.557517945766449,wugfest,True
4821,0.7518206238746643,fepfestival,True
4822,0.6182337999343872,gextravaganza,True
4823,0.7700256109237671,gextravaganza,True
4824,0.8570775985717773,daxday,True
4825,0.7699030637741089,fepfestival,True
4826,0.6716581583023071,gextravaganza,True
4827,0.8838766813278198,gextravaganza,True
4828,0.6511726379394531,daxday,True
4829,0.5513347387313843,wugfest,True
4830,0.8270218968391418,wugfest,True
4831,0.5133434534072876,gextravaganza,True
4832,0.9441089630126953,wugfest,True
4833,0.7109480500221252,daxday,True
4834,0.953863799571991,fepfestival,True
4835,0.6194180250167847,wugfest,True
4836,0.915442168712616,daxday,True
4837,0.7728658318519592,blicketbash,True
4838,0.6886671781539917,daxday,True
4839,0.839988648891449,wugfest,True
4840,0.599902868270874,gextravaganza,True
4841,0.710544228553772,wugfest,True
4842,0.6212689876556396,gextravaganza,True
4843,0.5883082151412964,wugfest,True
4844,0.8526430130004883,fepfestival,True
4845,0.9181918501853943,wugfest,True
4846,0.6357035636901855,daxday,True
4847,0.527508020401001,blicketbash,True
4848,0.5708979964256287,daxday,True
4849,0.8289575576782227,gextravaganza,True
4850,0.8512240052223206,blicketbash,True
4851,0.97769695520401,fepfestival,True
4852,0.6901789307594299,gextravaganza,True
4853,0.5517409443855286,daxday,True
4854,0.9272881150245667,daxday,True
4855,0.9783961772918701,wugfest,True
4856,0.601300060749054,wugfest,True
4857,0.8670713901519775,wugfest,True
4858,0.7388958930969238,daxday,True
4859,0.6722646951675415,wugfest,True
4860,0.9174602031707764,daxday,True
4861,0.5262395143508911,gextravaganza,True
4862,0.9502427577972412,wugfest,True
4863,0.9537898898124695,fepfestival,True
4864,0.5213977098464966,wugfest,True
4865,0.6324971914291382,gextravaganza,True
4866,0.6252641081809998,daxday,True
4867,0.7923413515090942,wugfest,True
4868,0.7252674698829651,wugfest,True
4869,0.777253270149231,daxday,True
4870,0.741582989692688,fepfestival,True
4871,0.5837529897689819,blicketbash,True
4872,0.6723487973213196,fepfestival,True
4873,0.8830054402351379,gextravaganza,True
4874,0.7976251840591431,daxday,True
4875,0.7371360063552856,gextravaganza,True
4876,0.6772303581237793,gextravaganza,True
4877,0.8634945154190063,gextravaganza,True
4878,0.7220768928527832,daxday,True
4879,0.7621148228645325,fepfestival,True
4880,0.7392213344573975,fepfestival,True
4881,0.7738426327705383,wugfest,True
4882,0.6568393111228943,wugfest,True
4883,0.5538029670715332,wugfest,True
4884,0.5219016671180725,wugfest,True
4885,0.8790869116783142,gextravaganza,True
4886,0.7817709445953369,fepfestival,True
4887,0.9257739186286926,gextravaganza,True
4888,0.9187151193618774,daxday,True
4889,0.6698774695396423,daxday,True
4890,0.7986873984336853,wugfest,True
4891,0.5278966426849365,daxday,True
4892,0.7031177282333374,wugfest,True
4893,0.9068351984024048,daxday,True
4894,0.6610543131828308,gextravaganza,True
4895,0.7071682810783386,gextravaganza,True
4896,0.580483078956604,wugfest,True
4897,0.6210379004478455,daxday,True
4898,0.919537365436554,fepfestival,True
4899,0.6430591940879822,daxday,True
4900,0.8630099296569824,fepfestival,True
4901,0.8973580002784729,wugfest,True
4902,0.8095440864562988,gextravaganza,True
4903,0.6824413537979126,fepfestival,True
4904,0.5730041265487671,gextravaganza,True
4905,0.7592535614967346,gextravaganza,True
4906,0.6580100059509277,daxday,True
4907,0.6280099749565125,blicketbash,True
4908,0.9707460999488831,fepfestival,True
4909,0.7376909255981445,gextravaganza,True
4910,0.8830806612968445,wugfest,True
4911,0.6229614019393921,daxday,True
4912,0.980651319026947,fepfestival,True
4913,0.703610897064209,wugfest,True
4914,0.9378787875175476,daxday,True
4915,0.581713080406189,gextravaganza,True
4916,0.8376075029373169,gextravaganza,True
4917,0.8001113533973694,gextravaganza,True
4918,0.7818559408187866,wugfest,True
4919,0.7153894901275635,daxday,True
4920,0.7592868804931641,daxday,True
4921,0.9840759634971619,fepfestival,True
4922,0.7070247530937195,wugfest,True
4923,0.6125274896621704,gextravaganza,True
4924,0.7793879508972168,wugfest,True
4925,0.6092053651809692,daxday,True
4926,0.6454627513885498,blicketbash,True
4927,0.9280834794044495,wugfest,True
4928,0.9621611833572388,wugfest,True
4929,0.9028376936912537,daxday,True
4930,0.7552053928375244,wugfest,True
4931,0.5409279465675354,daxday,True
4932,0.9560651779174805,fepfestival,True
4933,0.7206780910491943,gextravaganza,True
4934,0.60399329662323,wugfest,True
4935,0.8205421566963196,daxday,True
4936,0.5186690092086792,wugfest,True
4937,0.6111630201339722,daxday,True
4938,0.9243330955505371,wugfest,True
4939,0.6290507316589355,gextravaganza,True
4940,0.9649964570999146,wugfest,True
4941,0.7478870749473572,daxday,True
4942,0.9624791741371155,wugfest,True
4943,0.8729053735733032,daxday,True
4944,0.6445121765136719,blicketbash,True
4945,0.6875421404838562,fepfestival,True
4946,0.6943433880805969,wugfest,True
4947,0.9928560853004456,fepfestival,True
4948,0.6323474049568176,daxday,True
4949,0.9068422317504883,wugfest,True
4950,0.9600784778594971,wugfest,True
4951,0.9174665212631226,daxday,True
4952,0.7416984438896179,wugfest,True
4953,0.9475499987602234,wugfest,True
4954,0.8234320282936096,wugfest,True
4955,0.9328569173812866,blicketbash,True
4956,0.9628369808197021,fepfestival,True
4957,0.6982336640357971,daxday,True
4958,0.5153018832206726,fepfestival,True
4959,0.782706618309021,daxday,True
4960,0.627403199672699,daxday,True
4961,0.6463030576705933,gextravaganza,True
4962,0.6528509855270386,gextravaganza,True
4963,0.683747410774231,daxday,True
4964,0.6529117822647095,daxday,True
4965,0.6903659701347351,wugfest,True
4966,0.8724758625030518,gextravaganza,True
4967,0.9564865827560425,fepfestival,True
4968,0.7585421800613403,wugfest,True
4969,0.5026426315307617,wugfest,True
4970,0.5063249468803406,wugfest,True
4971,0.6465470790863037,gextravaganza,True
4972,0.7760358452796936,fepfestival,True
4973,0.5814728140830994,fepfestival,True
4974,0.9241951107978821,gextravaganza,True
4975,0.8079495429992676,fepfestival,True
4976,0.7565746307373047,daxday,True
4977,0.7436635494232178,gextravaganza,True
4978,0.9077690839767456,gextravaganza,True
4979,0.7502508759498596,daxday,True
4980,0.744587242603302,fepfestival,True
4981,0.5611629486083984,wugfest,True
4982,0.6305811405181885,wugfest,True
4983,0.9588882327079773,fepfestival,True
4984,0.5453532338142395,daxday,True
4985,0.6852187514305115,daxday,True
4986,0.727218747138977,daxday,True
4987,0.9004772901535034,gextravaganza,True
4988,0.9408462643623352,wugfest,True
4989,0.5107376575469971,blicketbash,True
4990,0.9549384713172913,wugfest,True
4991,0.875917375087738,daxday,True
4992,0.6766676902770996,blicketbash,True
4993,0.6788159012794495,wugfest,True
4994,0.5967897176742554,wugfest,True
4995,0.6680717468261719,gextravaganza,True
4996,0.9718636870384216,fepfestival,True
4997,0.5223749876022339,daxday,True
4998,0.6724518537521362,daxday,True
4999,0.5964518189430237,wugfest,True
5000,0.5109550952911377,fepfestival,True
5001,0.8566217422485352,wugfest,True
5002,0.8544058799743652,wugfest,True
5003,0.8711908459663391,daxday,True
5004,0.8148863315582275,daxday,True
5005,0.9853082895278931,fepfestival,True
5006,0.92707759141922,blicketbash,True
5007,0.7469649314880371,daxday,True
5008,0.9369340538978577,wugfest,True
5009,0.9721472859382629,wugfest,True
5010,0.7366126179695129,daxday,True
5011,0.6473896503448486,gextravaganza,True
5012,0.6329973936080933,daxday,True
5013,0.8518000841140747,daxday,True
5014,0.9288691878318787,wugfest,True
5015,0.925264298915863,blicketbash,True
5016,0.952206552028656,wugfest,True
5017,0.9797123670578003,fepfestival,True
5018,0.8149605393409729,wugfest,True
5019,0.7605167627334595,wugfest,True
5020,0.5124855637550354,daxday,True
5021,0.6903552412986755,daxday,True
5022,0.8393186926841736,wugfest,True
5023,0.587302565574646,gextravaganza,True
5024,0.6478026509284973,wugfest,True
5025,0.6244669556617737,wugfest,True
5026,0.5986195206642151,blicketbash,True
5027,0.6886385679244995,daxday,True
5028,0.9743013978004456,fepfestival,True
5029,0.935768187046051,daxday,True
5030,0.5564307570457458,gextravaganza,True
5031,0.9039996862411499,daxday,True
5032,0.5544461011886597,wugfest,True
5033,0.9157029390335083,wugfest,True
5034,0.5080281496047974,gextravaganza,True
5035,0.5561850666999817,daxday,True
5036,0.6366424560546875,wugfest,True
5037,0.71490079164505,gextravaganza,True
5038,0.7370055913925171,gextravaganza,True
5039,0.9529702067375183,fepfestival,True
5040,0.6039036512374878,gextravaganza,True
5041,0.7807994484901428,daxday,True
5042,0.5759963393211365,gextravaganza,True
5043,0.5584275126457214,daxday,True
5044,0.701076090335846,daxday,True
5045,0.5475708246231079,wugfest,True
5046,0.5905712246894836,fepfestival,True
5047,0.518473744392395,blicketbash,True
5048,0.8914928436279297,gextravaganza,True
5049,0.7073415517807007,gextravaganza,True
5050,0.9935190081596375,fepfestival,True
5051,0.9757348299026489,wugfest,True
5052,0.9948983788490295,wugfest,True
5053,0.9614148736000061,daxday,True
5054,0.8859663009643555,fepfestival,True
5055,0.9512150883674622,wugfest,True
5056,0.9932010173797607,wugfest,True
5057,0.9970232844352722,blicketbash,True
5058,0.9959052801132202,daxday,True
5059,0.9934268593788147,daxday,True
5060,0.7072240710258484,wugfest,True
5061,0.5522311925888062,fepfestival,True
5062,0.7259839177131653,gextravaganza,True
5063,0.7144100666046143,gextravaganza,True
5064,0.7920895218849182,daxday,True
5065,0.8435989618301392,fepfestival,True
5066,0.6655728816986084,gextravaganza,True
5067,0.8668248057365417,gextravaganza,True
5068,0.5616617202758789,daxday,True
5069,0.6094726324081421,daxday,True
5070,0.8153550028800964,wugfest,True
5071,0.8852440118789673,fepfestival,True
5072,0.994644284248352,wugfest,True
5073,0.6635363698005676,daxday,True
5074,0.9858376979827881,fepfestival,True
5075,0.9208537936210632,wugfest,True
5076,0.9816129803657532,daxday,True
5077,0.9942729473114014,blicketbash,True
5078,0.9696971774101257,daxday,True
5079,0.8267605900764465,wugfest,True
5080,0.7595678567886353,gextravaganza,True
5081,0.6175709366798401,wugfest,True
5082,0.6826704740524292,gextravaganza,True
5083,0.5455245971679688,daxday,True
5084,0.893197774887085,fepfestival,True
5085,0.7676632404327393,wugfest,True
5086,0.5358984470367432,daxday,True
5087,0.7156561017036438,daxday,True
5088,0.5563932657241821,gextravaganza,True
5089,0.8028609752655029,gextravaganza,True
5090,0.9501240253448486,blicketbash,True
5091,0.9812944531440735,fepfestival,True
5092,0.5740317702293396,fepfestival,True
5093,0.5242900252342224,daxday,True
5094,0.9402986764907837,daxday,True
5095,0.9904574155807495,wugfest,True
5096,0.6018602252006531,wugfest,True
5097,0.93819260597229,wugfest,True
5098,0.7050832509994507,daxday,True
5099,0.6369922161102295,wugfest,True
5100,0.9900912642478943,daxday,True
5101,0.9486621618270874,blicketbash,True
5102,0.9930996894836426,wugfest,True
5103,0.992725670337677,fepfestival,True
5104,0.876713216304779,wugfest,True
5105,0.5197185277938843,fepfestival,True
5106,0.8910528421401978,daxday,True
5107,0.9409911036491394,wugfest,True
5108,0.9580063819885254,wugfest,True
5109,0.9476156234741211,daxday,True
5110,0.5007348656654358,fepfestival,True
5111,0.793991208076477,wugfest,True
5112,0.5145553350448608,fepfestival,True
5113,0.7757871747016907,gextravaganza,True
5114,0.9221003651618958,daxday,True
5115,0.5423900485038757,gextravaganza,True
5116,0.5109103322029114,wugfest,True
5117,0.6641069650650024,gextravaganza,True
5118,0.5152617692947388,wugfest,True
5119,0.9231231808662415,fepfestival,True
5120,0.8315176367759705,fepfestival,True
5121,0.6293148994445801,wugfest,True
5122,0.5221111178398132,wugfest,True
5123,0.6472088694572449,wugfest,True
5124,0.5912066698074341,daxday,True
5125,0.8589175343513489,gextravaganza,True
5126,0.7725574374198914,fepfestival,True
5127,0.9544947147369385,gextravaganza,True
5128,0.8296932578086853,daxday,True
5129,0.5148071050643921,daxday,True
5130,0.5438414812088013,blicketbash,True
5131,0.7346512675285339,daxday,True
5132,0.5835976600646973,wugfest,True
5133,0.5600526332855225,daxday,True
5134,0.8372085690498352,gextravaganza,True
5135,0.8763022422790527,gextravaganza,True
5136,0.6690746545791626,gextravaganza,True
5137,0.54959636926651,daxday,True
5138,0.689802885055542,fepfestival,True
5139,0.6201150417327881,fepfestival,True
5140,0.7257139086723328,fepfestival,True
5141,0.7436878085136414,wugfest,True
5142,0.7927180528640747,gextravaganza,True
5143,0.626884400844574,fepfestival,True
5144,0.6149041056632996,gextravaganza,True
5145,0.6377253532409668,gextravaganza,True
5146,0.5130480527877808,daxday,True
5147,0.8099071979522705,daxday,True
5148,0.9487836360931396,fepfestival,True
5149,0.7672073245048523,gextravaganza,True
5150,0.9464465975761414,wugfest,True
5151,0.5222498178482056,wugfest,True
5152,0.9603456854820251,fepfestival,True
5153,0.5078267455101013,wugfest,True
5154,0.8951723575592041,daxday,True
5155,0.515936553478241,daxday,True
5156,0.7525800466537476,gextravaganza,True
5157,0.7597752213478088,gextravaganza,True
5158,0.6572052240371704,wugfest,True
5159,0.6017232537269592,daxday,True
5160,0.9568010568618774,daxday,True
5161,0.9983007311820984,fepfestival,True
5162,0.9827327132225037,wugfest,True
5163,0.9301258325576782,fepfestival,True
5164,0.9319131374359131,wugfest,True
5165,0.8236663937568665,daxday,True
5166,0.9732943773269653,blicketbash,True
5167,0.9796304106712341,wugfest,True
5168,0.9988602995872498,wugfest,True
5169,0.9883553385734558,daxday,True
5170,0.9436888098716736,wugfest,True
5171,0.8334941864013672,daxday,True
5172,0.9794332981109619,fepfestival,True
5173,0.6627338528633118,fepfestival,True
5174,0.8390400409698486,wugfest,True
5175,0.9047185182571411,daxday,True
5176,0.8949807286262512,wugfest,True
5177,0.8222510814666748,daxday,True
5178,0.986648440361023,wugfest,True
5179,0.8554797172546387,blicketbash,True
5180,0.9786601662635803,wugfest,True
5181,0.9092857241630554,daxday,True
5182,0.9873277544975281,wugfest,True
5183,0.9906767010688782,daxday,True
5184,0.9865397214889526,blicketbash,True
5185,0.8860560059547424,fepfestival,True
5186,0.9692031145095825,wugfest,True
5187,0.9988147020339966,fepfestival,True
5188,0.968805193901062,daxday,True
5189,0.9788015484809875,wugfest,True
5190,0.9973704814910889,wugfest,True
5191,0.9957299828529358,daxday,True
5192,0.984466552734375,wugfest,True
5193,0.999396800994873,wugfest,True
5194,0.9708227515220642,wugfest,True
5195,0.9892635345458984,blicketbash,True
5196,0.9885415434837341,fepfestival,True
5197,0.9816341996192932,daxday,True
5198,0.975248396396637,fepfestival,True
5199,0.9709515571594238,daxday,True
5200,0.5315519571304321,daxday,True
5201,0.6352404952049255,gextravaganza,True
5202,0.6754966974258423,gextravaganza,True
5203,0.8174134492874146,daxday,True
5204,0.5085352659225464,daxday,True
5205,0.5256137847900391,wugfest,True
5206,0.7362250685691833,gextravaganza,True
5207,0.914753794670105,fepfestival,True
5208,0.9289847016334534,wugfest,True
5209,0.6474580764770508,daxday,True
5210,0.7449357509613037,wugfest,True
5211,0.6317811012268066,gextravaganza,True
5212,0.8525838255882263,fepfestival,True
5213,0.5032485127449036,fepfestival,True
5214,0.9028955698013306,gextravaganza,True
5215,0.6031869649887085,fepfestival,True
5216,0.5486788749694824,daxday,True
5217,0.6804996728897095,gextravaganza,True
5218,0.9038710594177246,gextravaganza,True
5219,0.8278675675392151,daxday,True
5220,0.5672534704208374,fepfestival,True
5221,0.5766052007675171,daxday,True
5222,0.508463442325592,wugfest,True
5223,0.941160261631012,fepfestival,True
5224,0.5207754373550415,gextravaganza,True
5225,0.6345656514167786,daxday,True
5226,0.8067448735237122,daxday,True
5227,0.8451355695724487,gextravaganza,True
5228,0.7502601146697998,wugfest,True
5229,0.7282370328903198,gextravaganza,True
5230,0.9890210628509521,wugfest,True
5231,0.9555263519287109,daxday,True
5232,0.921772837638855,blicketbash,True
5233,0.9088414311408997,wugfest,True
5234,0.7730414271354675,wugfest,True
5235,0.552497386932373,gextravaganza,True
5236,0.9855695962905884,fepfestival,True
5237,0.8102943301200867,daxday,True
5238,0.9091588258743286,daxday,True
5239,0.8653463125228882,wugfest,True
5240,0.8486804366111755,fepfestival,True
5241,0.9811806678771973,wugfest,True
5242,0.9903258681297302,wugfest,True
5243,0.9937087297439575,daxday,True
5244,0.961159884929657,daxday,True
5245,0.9936602115631104,fepfestival,True
5246,0.9983909130096436,blicketbash,True
5247,0.9745945334434509,daxday,True
5248,0.9978100061416626,wugfest,True
5249,0.9970196485519409,wugfest,True
5250,0.9406374096870422,daxday,True
5251,0.8198972940444946,fepfestival,True
5252,0.9470579028129578,daxday,True
5253,0.9872395396232605,daxday,True
5254,0.9779148101806641,wugfest,True
5255,0.9952883720397949,blicketbash,True
5256,0.9938176870346069,wugfest,True
5257,0.9954207539558411,fepfestival,True
5258,0.9947457313537598,wugfest,True
5259,0.9579610228538513,wugfest,True
5260,0.7535609006881714,daxday,True
5261,0.667474627494812,gextravaganza,True
5262,0.6803184151649475,blicketbash,True
5263,0.8321201801300049,gextravaganza,True
5264,0.5927401185035706,fepfestival,True
5265,0.66135573387146,gextravaganza,True
5266,0.8242404460906982,gextravaganza,True
5267,0.5261585116386414,fepfestival,True
5268,0.7923424243927002,fepfestival,True
5269,0.6126114726066589,daxday,True
5270,0.7164486646652222,daxday,True
5271,0.9509528875350952,daxday,True
5272,0.8255144953727722,wugfest,True
5273,0.9824071526527405,wugfest,True
5274,0.6509546041488647,wugfest,True
5275,0.6883379220962524,daxday,True
5276,0.833310067653656,wugfest,True
5277,0.6005199551582336,blicketbash,True
5278,0.5462338328361511,fepfestival,True
5279,0.9777615666389465,fepfestival,True
5280,0.5124086141586304,daxday,True
5281,0.8208391666412354,daxday,True
5282,0.5649559497833252,gextravaganza,True
5283,0.5739572644233704,daxday,True
5284,0.6272552609443665,daxday,True
5285,0.563988983631134,wugfest,True
5286,0.5662717819213867,blicketbash,True
5287,0.5870994329452515,wugfest,True
5288,0.8964282274246216,gextravaganza,True
5289,0.663811445236206,gextravaganza,True
5290,0.9929566383361816,fepfestival,True
5291,0.9438596963882446,wugfest,True
5292,0.9884644150733948,wugfest,True
5293,0.9204865097999573,daxday,True
5294,0.8006933927536011,fepfestival,True
5295,0.917251467704773,wugfest,True
5296,0.9829479455947876,wugfest,True
5297,0.9567937850952148,blicketbash,True
5298,0.9859712719917297,daxday,True
5299,0.9847462773323059,daxday,True
5300,0.7075099945068359,wugfest,True
5301,0.6520044803619385,fepfestival,True
5302,0.645102322101593,gextravaganza,True
5303,0.7467554807662964,gextravaganza,True
5304,0.7667361497879028,daxday,True
5305,0.8539474606513977,fepfestival,True
5306,0.8293380737304688,gextravaganza,True
5307,0.8142905235290527,gextravaganza,True
5308,0.568021297454834,daxday,True
5309,0.6463897228240967,daxday,True
5310,0.845564067363739,wugfest,True
5311,0.8111612200737,fepfestival,True
5312,0.9830280542373657,wugfest,True
5313,0.7259283065795898,daxday,True
5314,0.973805844783783,fepfestival,True
5315,0.9007012248039246,wugfest,True
5316,0.9521933197975159,daxday,True
5317,0.9217534065246582,blicketbash,True
5318,0.8914521932601929,daxday,True
5319,0.8260270357131958,wugfest,True
5320,0.7213565111160278,gextravaganza,True
5321,0.6137586236000061,wugfest,True
5322,0.6275821924209595,gextravaganza,True
5323,0.5003088712692261,wugfest,True
5324,0.9163200259208679,fepfestival,True
5325,0.7979756593704224,wugfest,True
5326,0.5850199460983276,daxday,True
5327,0.671024739742279,daxday,True
5328,0.5581469535827637,gextravaganza,True
5329,0.7645098567008972,gextravaganza,True
5330,0.9371728301048279,blicketbash,True
5331,0.9832999110221863,fepfestival,True
5332,0.734129786491394,fepfestival,True
5333,0.5514427423477173,daxday,True
5334,0.8797144293785095,daxday,True
5335,0.995450496673584,wugfest,True
5336,0.5959479212760925,wugfest,True
5337,0.9587609171867371,wugfest,True
5338,0.6507990956306458,daxday,True
5339,0.6170800924301147,daxday,True
5340,0.9751625657081604,daxday,True
5341,0.76326984167099,blicketbash,True
5342,0.9866708517074585,wugfest,True
5343,0.9851369261741638,fepfestival,True
5344,0.8317817449569702,wugfest,True
5345,0.5793918967247009,fepfestival,True
5346,0.7924127578735352,daxday,True
5347,0.8308023810386658,wugfest,True
5348,0.8388484120368958,wugfest,True
5349,0.8972663283348083,daxday,True
5350,0.6776068210601807,fepfestival,True
5351,0.5503440499305725,blicketbash,True
5352,0.8854300379753113,fepfestival,True
5353,0.8974050283432007,gextravaganza,True
5354,0.8050185441970825,daxday,True
5355,0.7903167009353638,gextravaganza,True
5356,0.7401578426361084,gextravaganza,True
5357,0.86854088306427,gextravaganza,True
5358,0.7805678248405457,daxday,True
5359,0.8154499530792236,fepfestival,True
5360,0.7828280925750732,fepfestival,True
5361,0.5962511897087097,wugfest,True
5362,0.5258771777153015,wugfest,True
5363,0.6305570602416992,wugfest,True
5364,0.5003944039344788,wugfest,True
5365,0.8648741245269775,gextravaganza,True
5366,0.758297860622406,fepfestival,True
5367,0.8912566900253296,gextravaganza,True
5368,0.852479875087738,daxday,True
5369,0.5907487869262695,daxday,True
5370,0.7231506109237671,wugfest,True
5371,0.5188167691230774,daxday,True
5372,0.6047281622886658,wugfest,True
5373,0.7892405390739441,daxday,True
5374,0.767453670501709,gextravaganza,True
5375,0.8341118693351746,gextravaganza,True
5376,0.519187331199646,gextravaganza,True
5377,0.6243324279785156,daxday,True
5378,0.8218045830726624,fepfestival,True
5379,0.5713807940483093,daxday,True
5380,0.5140455961227417,fepfestival,True
5381,0.7419919371604919,wugfest,True
5382,0.7569756507873535,gextravaganza,True
5383,0.600077748298645,fepfestival,True
5384,0.5426685810089111,gextravaganza,True
5385,0.6271846294403076,gextravaganza,True
5386,0.5035686492919922,wugfest,True
5387,0.859674334526062,daxday,True
5388,0.9624044299125671,fepfestival,True
5389,0.6750014424324036,gextravaganza,True
5390,0.9420452117919922,wugfest,True
5391,0.535659670829773,wugfest,True
5392,0.9715136289596558,fepfestival,True
5393,0.592282772064209,wugfest,True
5394,0.8630790114402771,daxday,True
5395,0.5417107343673706,daxday,True
5396,0.7777467966079712,gextravaganza,True
5397,0.7553866505622864,gextravaganza,True
5398,0.6650445461273193,wugfest,True
5399,0.6525138020515442,daxday,True
5400,0.8748552203178406,daxday,True
5401,0.996057391166687,fepfestival,True
5402,0.9247052669525146,wugfest,True
5403,0.8379993438720703,fepfestival,True
5404,0.7946221828460693,wugfest,True
5405,0.6862817406654358,daxday,True
5406,0.8191677331924438,blicketbash,True
5407,0.8623843193054199,wugfest,True
5408,0.9788010716438293,wugfest,True
5409,0.9722594022750854,daxday,True
5410,0.8846079707145691,wugfest,True
5411,0.7005296349525452,daxday,True
5412,0.9821158051490784,fepfestival,True
5413,0.5493212342262268,fepfestival,True
5414,0.81550532579422,wugfest,True
5415,0.8908034563064575,daxday,True
5416,0.8269952535629272,wugfest,True
5417,0.717934250831604,daxday,True
5418,0.9681512713432312,wugfest,True
5419,0.5355381965637207,blicketbash,True
5420,0.9589853882789612,wugfest,True
5421,0.9080779552459717,daxday,True
5422,0.9907592535018921,wugfest,True
5423,0.9754789471626282,daxday,True
5424,0.9292696118354797,blicketbash,True
5425,0.9102427959442139,fepfestival,True
5426,0.9200044870376587,wugfest,True
5427,0.9967209696769714,fepfestival,True
5428,0.8228074312210083,daxday,True
5429,0.8866822719573975,wugfest,True
5430,0.9797888994216919,wugfest,True
5431,0.9837812781333923,daxday,True
5432,0.9167630672454834,wugfest,True
5433,0.9874453544616699,wugfest,True
5434,0.9078501462936401,wugfest,True
5435,0.9353127479553223,blicketbash,True
5436,0.9835760593414307,fepfestival,True
5437,0.8831580281257629,daxday,True
5438,0.8827033638954163,fepfestival,True
5439,0.9482409358024597,daxday,True
5440,0.5895422101020813,daxday,True
5441,0.6882096529006958,gextravaganza,True
5442,0.6330876350402832,gextravaganza,True
5443,0.8034582734107971,daxday,True
5444,0.5181509852409363,daxday,True
5445,0.596571683883667,wugfest,True
5446,0.8137955665588379,gextravaganza,True
5447,0.9223569631576538,fepfestival,True
5448,0.8623170852661133,wugfest,True
5449,0.713246762752533,daxday,True
5450,0.5463597774505615,wugfest,True
5451,0.7599460482597351,gextravaganza,True
5452,0.581718385219574,fepfestival,True
5453,0.6602538228034973,fepfestival,True
5454,0.9527354836463928,gextravaganza,True
5455,0.8374335169792175,fepfestival,True
5456,0.792427122592926,daxday,True
5457,0.8375809788703918,gextravaganza,True
5458,0.9275434017181396,gextravaganza,True
5459,0.8792856931686401,daxday,True
5460,0.6568832397460938,fepfestival,True
5461,0.5051754713058472,wugfest,True
5462,0.5137888789176941,wugfest,True
5463,0.9601520895957947,fepfestival,True
5464,0.5280517339706421,gextravaganza,True
5465,0.634184718132019,daxday,True
5466,0.8002762794494629,daxday,True
5467,0.8355959057807922,gextravaganza,True
5468,0.7742376923561096,wugfest,True
5469,0.7584038972854614,gextravaganza,True
5470,0.9722718000411987,wugfest,True
5471,0.9134837985038757,daxday,True
5472,0.7557660937309265,blicketbash,True
5473,0.8013635873794556,wugfest,True
5474,0.7129012942314148,wugfest,True
5475,0.5287102460861206,gextravaganza,True
5476,0.9747003316879272,fepfestival,True
5477,0.6308839917182922,daxday,True
5478,0.8412136435508728,daxday,True
5479,0.6151357293128967,wugfest,True
5480,0.8252920508384705,fepfestival,True
5481,0.9488701224327087,wugfest,True
5482,0.9675156474113464,wugfest,True
5483,0.9789614677429199,daxday,True
5484,0.9377017021179199,daxday,True
5485,0.9924999475479126,fepfestival,True
5486,0.9830197691917419,blicketbash,True
5487,0.8978244662284851,daxday,True
5488,0.9779842495918274,wugfest,True
5489,0.9891030192375183,wugfest,True
5490,0.9111038446426392,daxday,True
5491,0.7128215432167053,fepfestival,True
5492,0.8612181544303894,daxday,True
5493,0.9632991552352905,daxday,True
5494,0.9620916247367859,wugfest,True
5495,0.9574339389801025,blicketbash,True
5496,0.9779620170593262,wugfest,True
5497,0.9871624708175659,fepfestival,True
5498,0.9171077013015747,wugfest,True
5499,0.8346946239471436,wugfest,True
5500,0.6627739667892456,daxday,True
5501,0.6046150922775269,gextravaganza,True
5502,0.565970242023468,wugfest,True
5503,0.7722395062446594,gextravaganza,True
5504,0.536590576171875,wugfest,True
5505,0.6082891225814819,gextravaganza,True
5506,0.752457857131958,gextravaganza,True
5507,0.5695310831069946,daxday,True
5508,0.8951425552368164,fepfestival,True
5509,0.8547722101211548,daxday,True
5510,0.6526051163673401,daxday,True
5511,0.9321882724761963,daxday,True
5512,0.6763443946838379,wugfest,True
5513,0.9638984203338623,wugfest,True
5514,0.6288939118385315,wugfest,True
5515,0.6493687629699707,daxday,True
5516,0.7734174132347107,wugfest,True
5517,0.5396512150764465,blicketbash,True
5518,0.5301177501678467,gextravaganza,True
5519,0.9796218276023865,fepfestival,True
5520,0.5576996803283691,gextravaganza,True
5521,0.7923978567123413,daxday,True
5522,0.5695899724960327,gextravaganza,True
5523,0.5847119688987732,daxday,True
5524,0.6418991088867188,daxday,True
5525,0.5028114914894104,fepfestival,True
5526,0.601709246635437,fepfestival,True
5527,0.5787356495857239,wugfest,True
5528,0.871035635471344,gextravaganza,True
5529,0.6997287273406982,gextravaganza,True
5530,0.987461268901825,fepfestival,True
5531,0.9793198108673096,wugfest,True
5532,0.9947329759597778,wugfest,True
5533,0.9730126857757568,daxday,True
5534,0.8952763676643372,fepfestival,True
5535,0.9815968871116638,wugfest,True
5536,0.9846933484077454,wugfest,True
5537,0.9975184202194214,blicketbash,True
5538,0.9936767816543579,daxday,True
5539,0.9915736317634583,daxday,True
5540,0.7670894861221313,wugfest,True
5541,0.5199918150901794,wugfest,True
5542,0.709040105342865,gextravaganza,True
5543,0.7070303559303284,gextravaganza,True
5544,0.7252905964851379,daxday,True
5545,0.7767800092697144,fepfestival,True
5546,0.6118555068969727,gextravaganza,True
5547,0.8353297114372253,gextravaganza,True
5548,0.5716896653175354,daxday,True
5549,0.5923736095428467,daxday,True
5550,0.8012282252311707,wugfest,True
5551,0.8327221274375916,fepfestival,True
5552,0.9914721250534058,wugfest,True
5553,0.7618727684020996,daxday,True
5554,0.9789401292800903,fepfestival,True
5555,0.9612279534339905,wugfest,True
5556,0.9802148342132568,daxday,True
5557,0.9952383041381836,blicketbash,True
5558,0.9537036418914795,daxday,True
5559,0.8214390873908997,wugfest,True
5560,0.7126222848892212,gextravaganza,True
5561,0.673592209815979,wugfest,True
5562,0.692929744720459,gextravaganza,True
5563,0.5582558512687683,daxday,True
5564,0.8390172719955444,fepfestival,True
5565,0.7213131785392761,wugfest,True
5566,0.5819295048713684,daxday,True
5567,0.6413663625717163,daxday,True
5568,0.5757830739021301,gextravaganza,True
5569,0.772189736366272,gextravaganza,True
5570,0.9575334787368774,blicketbash,True
5571,0.9752945303916931,fepfestival,True
5572,0.5721594095230103,fepfestival,True
5573,0.5667549967765808,daxday,True
5574,0.924531877040863,daxday,True
5575,0.9965474009513855,wugfest,True
5576,0.6192003488540649,wugfest,True
5577,0.9625287652015686,wugfest,True
5578,0.6930146813392639,daxday,True
5579,0.6538801193237305,wugfest,True
5580,0.9751611948013306,daxday,True
5581,0.9214540719985962,blicketbash,True
5582,0.9928253293037415,wugfest,True
5583,0.9864658117294312,fepfestival,True
5584,0.9209718108177185,wugfest,True
5585,0.7558860182762146,fepfestival,True
5586,0.8683237433433533,daxday,True
5587,0.9365459680557251,wugfest,True
5588,0.9370120763778687,wugfest,True
5589,0.9381203651428223,daxday,True
5590,0.5255017280578613,fepfestival,True
5591,0.8270658254623413,wugfest,True
5592,0.5614566802978516,fepfestival,True
5593,0.779647946357727,gextravaganza,True
5594,0.8678719401359558,daxday,True
5595,0.6405441164970398,gextravaganza,True
5596,0.5252293348312378,gextravaganza,True
5597,0.698567271232605,gextravaganza,True
5598,0.5304304361343384,wugfest,True
5599,0.9148569703102112,fepfestival,True
5600,0.7821507453918457,fepfestival,True
5601,0.6604007482528687,wugfest,True
5602,0.5002332925796509,wugfest,True
5603,0.58343505859375,wugfest,True
5604,0.5333186984062195,daxday,True
5605,0.8902778625488281,gextravaganza,True
5606,0.8006977438926697,fepfestival,True
5607,0.9261361956596375,gextravaganza,True
5608,0.8289492726325989,daxday,True
5609,0.5454995036125183,daxday,True
5610,0.5452068448066711,wugfest,True
5611,0.7133183479309082,daxday,True
5612,0.5184500813484192,wugfest,True
5613,0.6345557570457458,daxday,True
5614,0.8590267896652222,gextravaganza,True
5615,0.9362503886222839,gextravaganza,True
5616,0.6683557033538818,gextravaganza,True
5617,0.5128682851791382,gextravaganza,True
5618,0.7169148921966553,fepfestival,True
5619,0.625009298324585,fepfestival,True
5620,0.6734632849693298,fepfestival,True
5621,0.7451461553573608,wugfest,True
5622,0.7963581681251526,gextravaganza,True
5623,0.5929199457168579,fepfestival,True
5624,0.6887242197990417,gextravaganza,True
5625,0.7326258420944214,gextravaganza,True
5626,0.5842671394348145,daxday,True
5627,0.5736546516418457,daxday,True
5628,0.9358605742454529,fepfestival,True
5629,0.7706658244132996,gextravaganza,True
5630,0.9251269102096558,wugfest,True
5631,0.5801765322685242,wugfest,True
5632,0.9658405780792236,fepfestival,True
5633,0.5340102910995483,wugfest,True
5634,0.8716349005699158,daxday,True
5635,0.5611062049865723,daxday,True
5636,0.803959846496582,gextravaganza,True
5637,0.7428588271141052,gextravaganza,True
5638,0.6685760617256165,wugfest,True
5639,0.6177049279212952,daxday,True
5640,0.8915838003158569,daxday,True
5641,0.9980776906013489,fepfestival,True
5642,0.9809753894805908,wugfest,True
5643,0.9029605984687805,fepfestival,True
5644,0.9511414170265198,wugfest,True
5645,0.9159550666809082,daxday,True
5646,0.9653400182723999,blicketbash,True
5647,0.9740292429924011,wugfest,True
5648,0.9985402822494507,wugfest,True
5649,0.9869591593742371,daxday,True
5650,0.8836983442306519,wugfest,True
5651,0.7993015050888062,daxday,True
5652,0.9784461855888367,fepfestival,True
5653,0.5302141904830933,fepfestival,True
5654,0.8876386284828186,wugfest,True
5655,0.9427620768547058,daxday,True
5656,0.828558623790741,wugfest,True
5657,0.810849130153656,daxday,True
5658,0.982883095741272,wugfest,True
5659,0.7949766516685486,blicketbash,True
5660,0.9628258943557739,wugfest,True
5661,0.9048046469688416,daxday,True
5662,0.9904609322547913,wugfest,True
5663,0.9888989329338074,daxday,True
5664,0.990424633026123,blicketbash,True
5665,0.9819963574409485,fepfestival,True
5666,0.9428277015686035,wugfest,True
5667,0.9975485801696777,fepfestival,True
5668,0.9456102848052979,daxday,True
5669,0.9797097444534302,wugfest,True
5670,0.9908653497695923,wugfest,True
5671,0.9937674403190613,daxday,True
5672,0.9854135513305664,wugfest,True
5673,0.9988663792610168,wugfest,True
5674,0.9816369414329529,wugfest,True
5675,0.9978117942810059,blicketbash,True
5676,0.9880234599113464,fepfestival,True
5677,0.9758666753768921,daxday,True
5678,0.9628047347068787,fepfestival,True
5679,0.9738051891326904,daxday,True
5680,0.585689902305603,daxday,True
5681,0.5564595460891724,gextravaganza,True
5682,0.6846868395805359,gextravaganza,True
5683,0.861946702003479,daxday,True
5684,0.5009770393371582,gextravaganza,True
5685,0.5045648217201233,wugfest,True
5686,0.759271502494812,gextravaganza,True
5687,0.9253675937652588,fepfestival,True
5688,0.9388275146484375,wugfest,True
5689,0.6218663454055786,daxday,True
5690,0.7519427537918091,wugfest,True
5691,0.5494397282600403,gextravaganza,True
5692,0.7937896251678467,fepfestival,True
5693,0.5977166891098022,daxday,True
5694,0.9419143795967102,gextravaganza,True
5695,0.7465319633483887,fepfestival,True
5696,0.5917525291442871,daxday,True
5697,0.6869927644729614,gextravaganza,True
5698,0.863436758518219,gextravaganza,True
5699,0.809729278087616,daxday,True
5700,0.5228009223937988,fepfestival,True
5701,0.5611167550086975,daxday,True
5702,0.5124273300170898,gextravaganza,True
5703,0.9523770213127136,fepfestival,True
5704,0.5684486627578735,gextravaganza,True
5705,0.6373310089111328,daxday,True
5706,0.8693280816078186,daxday,True
5707,0.8288410305976868,gextravaganza,True
5708,0.7553514838218689,wugfest,True
5709,0.710614800453186,gextravaganza,True
5710,0.9759846925735474,wugfest,True
5711,0.9477892518043518,daxday,True
5712,0.9245230555534363,blicketbash,True
5713,0.8798613548278809,wugfest,True
5714,0.8376442790031433,wugfest,True
5715,0.6271868944168091,fepfestival,True
5716,0.9859508275985718,fepfestival,True
5717,0.7463786602020264,daxday,True
5718,0.9036870002746582,daxday,True
5719,0.8553449511528015,wugfest,True
5720,0.7319850921630859,fepfestival,True
5721,0.978173017501831,wugfest,True
5722,0.990871012210846,wugfest,True
5723,0.9910631775856018,daxday,True
5724,0.9504032731056213,daxday,True
5725,0.9987761378288269,fepfestival,True
5726,0.994340717792511,blicketbash,True
5727,0.9738950729370117,daxday,True
5728,0.9973573684692383,wugfest,True
5729,0.9960799217224121,wugfest,True
5730,0.8728736042976379,daxday,True
5731,0.7928726673126221,fepfestival,True
5732,0.944182813167572,daxday,True
5733,0.9842095375061035,daxday,True
5734,0.988820493221283,wugfest,True
5735,0.998908519744873,blicketbash,True
5736,0.9922828078269958,wugfest,True
5737,0.991881787776947,fepfestival,True
5738,0.9937416911125183,wugfest,True
5739,0.9576495885848999,wugfest,True
5740,0.672944188117981,daxday,True
5741,0.5803087949752808,gextravaganza,True
5742,0.6905784606933594,blicketbash,True
5743,0.8302976489067078,gextravaganza,True
5744,0.5333001613616943,fepfestival,True
5745,0.7591176629066467,gextravaganza,True
5746,0.8219001293182373,gextravaganza,True
5747,0.5331434011459351,fepfestival,True
5748,0.808795690536499,fepfestival,True
5749,0.6371591091156006,daxday,True
5750,0.5993648171424866,daxday,True
5751,0.9484362006187439,daxday,True
5752,0.7639597654342651,wugfest,True
5753,0.9761070013046265,wugfest,True
5754,0.6903195977210999,wugfest,True
5755,0.7215554714202881,daxday,True
5756,0.7795790433883667,wugfest,True
5757,0.703311562538147,blicketbash,True
5758,0.5015560388565063,gextravaganza,True
5759,0.9767150282859802,fepfestival,True
5760,0.5142279863357544,daxday,True
5761,0.8242466449737549,daxday,True
5762,0.5104790329933167,gextravaganza,True
5763,0.5693110823631287,daxday,True
5764,0.6345425248146057,daxday,True
5765,0.519880473613739,wugfest,True
5766,0.62125164270401,fepfestival,True
5767,0.5400710701942444,wugfest,True
5768,0.887803852558136,gextravaganza,True
5769,0.7221664190292358,gextravaganza,True
5770,0.9943619966506958,fepfestival,True
5771,0.9631415009498596,wugfest,True
5772,0.9816769957542419,wugfest,True
5773,0.9422010779380798,daxday,True
5774,0.8337839841842651,fepfestival,True
5775,0.907819390296936,wugfest,True
5776,0.9507774114608765,wugfest,True
5777,0.9715515971183777,blicketbash,True
5778,0.9896463751792908,daxday,True
5779,0.9779531955718994,daxday,True
5780,0.6920332312583923,wugfest,True
5781,0.6807922124862671,fepfestival,True
5782,0.5987334251403809,gextravaganza,True
5783,0.7364242076873779,gextravaganza,True
5784,0.7828143239021301,daxday,True
5785,0.8523439764976501,fepfestival,True
5786,0.6660138368606567,gextravaganza,True
5787,0.8108117580413818,gextravaganza,True
5788,0.5925189852714539,daxday,True
5789,0.5273615121841431,daxday,True
5790,0.8447124361991882,wugfest,True
5791,0.8400899171829224,fepfestival,True
5792,0.9719725847244263,wugfest,True
5793,0.7326016426086426,daxday,True
5794,0.9744036197662354,fepfestival,True
5795,0.834684431552887,wugfest,True
5796,0.9564732909202576,daxday,True
5797,0.9590433835983276,blicketbash,True
5798,0.904289186000824,daxday,True
5799,0.8536717891693115,wugfest,True
5800,0.6916691064834595,gextravaganza,True
5801,0.6182584166526794,wugfest,True
5802,0.5985877513885498,gextravaganza,True
5803,0.5244454145431519,wugfest,True
5804,0.9080061316490173,fepfestival,True
5805,0.8471933603286743,wugfest,True
5806,0.6352384686470032,daxday,True
5807,0.7604039907455444,daxday,True
5808,0.5392337441444397,gextravaganza,True
5809,0.7118765115737915,gextravaganza,True
5810,0.9749619960784912,blicketbash,True
5811,0.9875418543815613,fepfestival,True
5812,0.6478288173675537,fepfestival,True
5813,0.5829923748970032,daxday,True
5814,0.9041706919670105,daxday,True
5815,0.9899285435676575,wugfest,True
5816,0.5546095371246338,wugfest,True
5817,0.9626662135124207,wugfest,True
5818,0.6705953478813171,daxday,True
5819,0.644771933555603,wugfest,True
5820,0.9759836196899414,daxday,True
5821,0.8502683639526367,blicketbash,True
5822,0.9781490564346313,wugfest,True
5823,0.9850488305091858,fepfestival,True
5824,0.8175711631774902,wugfest,True
5825,0.5275349617004395,fepfestival,True
5826,0.8050557374954224,daxday,True
5827,0.8985687494277954,wugfest,True
5828,0.8487383723258972,wugfest,True
5829,0.9077727198600769,daxday,True
5830,0.7982932329177856,fepfestival,True
5831,0.6427867412567139,blicketbash,True
5832,0.8417165279388428,fepfestival,True
5833,0.8678510785102844,gextravaganza,True
5834,0.8162381649017334,daxday,True
5835,0.74774569272995,gextravaganza,True
5836,0.774222731590271,gextravaganza,True
5837,0.8666220307350159,gextravaganza,True
5838,0.786128580570221,daxday,True
5839,0.7288933396339417,fepfestival,True
5840,0.8901921510696411,fepfestival,True
5841,0.6045145392417908,wugfest,True
5842,0.5597330331802368,wugfest,True
5843,0.6425440311431885,wugfest,True
5844,0.5267908573150635,daxday,True
5845,0.8267509937286377,gextravaganza,True
5846,0.8529708385467529,fepfestival,True
5847,0.8730899691581726,gextravaganza,True
5848,0.8547694087028503,daxday,True
5849,0.5367646813392639,daxday,True
5850,0.6951398253440857,wugfest,True
5851,0.5077459812164307,daxday,True
5852,0.6406365633010864,wugfest,True
5853,0.7859985828399658,daxday,True
5854,0.7626562118530273,gextravaganza,True
5855,0.8102822303771973,gextravaganza,True
5856,0.5163002014160156,gextravaganza,True
5857,0.6053581833839417,daxday,True
5858,0.7984389662742615,fepfestival,True
5859,0.5047217607498169,fepfestival,True
5860,0.7757815718650818,fepfestival,True
5861,0.7974177598953247,wugfest,True
5862,0.7526671886444092,gextravaganza,True
5863,0.6006737947463989,fepfestival,True
5864,0.5268794298171997,gextravaganza,True
5865,0.5290699005126953,gextravaganza,True
5866,0.5114744901657104,wugfest,True
5867,0.893721878528595,daxday,True
5868,0.958065927028656,fepfestival,True
5869,0.7291336059570312,gextravaganza,True
5870,0.9380931258201599,wugfest,True
5871,0.5121028423309326,wugfest,True
5872,0.9645371437072754,fepfestival,True
5873,0.618863582611084,wugfest,True
5874,0.8599283695220947,daxday,True
5875,0.5358415842056274,daxday,True
5876,0.7974709272384644,gextravaganza,True
5877,0.7343311309814453,gextravaganza,True
5878,0.6767985224723816,wugfest,True
5879,0.6365964412689209,daxday,True
5880,0.8750182390213013,daxday,True
5881,0.9960377812385559,fepfestival,True
5882,0.9266679883003235,wugfest,True
5883,0.8421072959899902,fepfestival,True
5884,0.8379452228546143,wugfest,True
5885,0.7042784690856934,daxday,True
5886,0.781367838382721,blicketbash,True
5887,0.8960322141647339,wugfest,True
5888,0.9778026938438416,wugfest,True
5889,0.954092264175415,daxday,True
5890,0.8848890662193298,wugfest,True
5891,0.7728421688079834,daxday,True
5892,0.973061740398407,fepfestival,True
5893,0.5398054718971252,fepfestival,True
5894,0.8145135641098022,wugfest,True
5895,0.867324709892273,daxday,True
5896,0.7312381267547607,wugfest,True
5897,0.780769944190979,daxday,True
5898,0.9672192931175232,wugfest,True
5899,0.6448790431022644,blicketbash,True
5900,0.9801168441772461,wugfest,True
5901,0.9652522802352905,daxday,True
5902,0.9866231083869934,wugfest,True
5903,0.9826323390007019,daxday,True
5904,0.9489856362342834,blicketbash,True
5905,0.9103186130523682,fepfestival,True
5906,0.8473950028419495,wugfest,True
5907,0.9990825653076172,fepfestival,True
5908,0.8691205382347107,daxday,True
5909,0.9455335736274719,wugfest,True
5910,0.985245406627655,wugfest,True
5911,0.9878987669944763,daxday,True
5912,0.9236462712287903,wugfest,True
5913,0.9887260794639587,wugfest,True
5914,0.9340162873268127,wugfest,True
5915,0.9325576424598694,blicketbash,True
5916,0.9859406352043152,fepfestival,True
5917,0.914588987827301,daxday,True
5918,0.9023270010948181,fepfestival,True
5919,0.95224529504776,daxday,True
5920,0.6162223815917969,daxday,True
5921,0.629194974899292,gextravaganza,True
5922,0.6108919382095337,gextravaganza,True
5923,0.8131321668624878,daxday,True
5924,0.5722202062606812,daxday,True
5925,0.5651671886444092,wugfest,True
5926,0.780190110206604,gextravaganza,True
5927,0.9258329272270203,fepfestival,True
5928,0.8779897093772888,wugfest,True
5929,0.6183687448501587,daxday,True
5930,0.6316712498664856,blicketbash,True
5931,0.7844007015228271,gextravaganza,True
5932,0.6495525240898132,fepfestival,True
5933,0.6753709316253662,fepfestival,True
5934,0.965176522731781,gextravaganza,True
5935,0.847467839717865,fepfestival,True
5936,0.7618495225906372,daxday,True
5937,0.834192156791687,gextravaganza,True
5938,0.9190068244934082,gextravaganza,True
5939,0.7679114937782288,daxday,True
5940,0.663788914680481,fepfestival,True
5941,0.5069549679756165,wugfest,True
5942,0.5607976317405701,wugfest,True
5943,0.9618936777114868,fepfestival,True
5944,0.5522352457046509,daxday,True
5945,0.6948808431625366,daxday,True
5946,0.8795968294143677,daxday,True
5947,0.8343717455863953,gextravaganza,True
5948,0.7848470211029053,wugfest,True
5949,0.7012161612510681,gextravaganza,True
5950,0.9648191332817078,wugfest,True
5951,0.9063458442687988,daxday,True
5952,0.7661584615707397,blicketbash,True
5953,0.799458920955658,wugfest,True
5954,0.7081603407859802,wugfest,True
5955,0.5691264867782593,gextravaganza,True
5956,0.9802787899971008,fepfestival,True
5957,0.6718040704727173,daxday,True
5958,0.8481566309928894,daxday,True
5959,0.7327402830123901,wugfest,True
5960,0.8805872797966003,fepfestival,True
5961,0.967025637626648,wugfest,True
5962,0.9637454152107239,wugfest,True
5963,0.9828903079032898,daxday,True
5964,0.9603695869445801,daxday,True
5965,0.9929643273353577,fepfestival,True
5966,0.9595010280609131,blicketbash,True
5967,0.9272712469100952,daxday,True
5968,0.9831416010856628,wugfest,True
5969,0.9914376139640808,wugfest,True
5970,0.9108348488807678,daxday,True
5971,0.8262024521827698,fepfestival,True
5972,0.8567330241203308,daxday,True
5973,0.9647891521453857,daxday,True
5974,0.9644861221313477,wugfest,True
5975,0.9537213444709778,blicketbash,True
5976,0.983528733253479,wugfest,True
5977,0.9928589463233948,fepfestival,True
5978,0.917858362197876,wugfest,True
5979,0.8942746520042419,wugfest,True
5980,0.7080755233764648,daxday,True
5981,0.6030230522155762,gextravaganza,True
5982,0.5626806020736694,wugfest,True
5983,0.786281943321228,gextravaganza,True
5984,0.5007416009902954,fepfestival,True
5985,0.6165293455123901,gextravaganza,True
5986,0.7580729126930237,gextravaganza,True
5987,0.5668383240699768,daxday,True
5988,0.886822521686554,fepfestival,True
5989,0.7579551935195923,daxday,True
5990,0.5800384283065796,daxday,True
5991,0.9362680315971375,daxday,True
5992,0.7012410163879395,wugfest,True
5993,0.962911069393158,wugfest,True
5994,0.6096346378326416,wugfest,True
5995,0.6569393873214722,daxday,True
5996,0.7627412676811218,wugfest,True
5997,0.612538754940033,blicketbash,True
5998,0.5112121105194092,gextravaganza,True
5999,0.9769571423530579,fepfestival,True
6000,0.5539162755012512,daxday,True
6001,0.8960868120193481,daxday,True
6002,0.5642243027687073,blicketbash,True
6003,0.7132952213287354,daxday,True
6004,0.5163264274597168,daxday,True
6005,0.6481175422668457,wugfest,True
6006,0.5904830694198608,fepfestival,True
6007,0.8571807742118835,wugfest,True
6008,0.8685195446014404,gextravaganza,True
6009,0.6106443405151367,gextravaganza,True
6010,0.9961051344871521,fepfestival,True
6011,0.984120786190033,wugfest,True
6012,0.9928459525108337,wugfest,True
6013,0.8894578218460083,daxday,True
6014,0.8004636764526367,fepfestival,True
6015,0.9076869487762451,wugfest,True
6016,0.9713699817657471,wugfest,True
6017,0.9674530029296875,blicketbash,True
6018,0.8638754487037659,daxday,True
6019,0.9743222594261169,daxday,True
6020,0.7562966346740723,wugfest,True
6021,0.5710734128952026,fepfestival,True
6022,0.71321040391922,gextravaganza,True
6023,0.7593405842781067,gextravaganza,True
6024,0.8621870279312134,daxday,True
6025,0.8655573129653931,fepfestival,True
6026,0.7919942736625671,gextravaganza,True
6027,0.855205774307251,gextravaganza,True
6028,0.6423182487487793,daxday,True
6029,0.5104524493217468,wugfest,True
6030,0.7949475646018982,wugfest,True
6031,0.823032021522522,fepfestival,True
6032,0.9900212287902832,wugfest,True
6033,0.7322691082954407,daxday,True
6034,0.9880431294441223,fepfestival,True
6035,0.8273785710334778,wugfest,True
6036,0.9658458828926086,daxday,True
6037,0.9467265009880066,blicketbash,True
6038,0.8486620187759399,daxday,True
6039,0.7720104455947876,wugfest,True
6040,0.6526240110397339,gextravaganza,True
6041,0.6508930921554565,wugfest,True
6042,0.6824853420257568,gextravaganza,True
6043,0.5340608358383179,daxday,True
6044,0.8500493168830872,fepfestival,True
6045,0.8610091805458069,wugfest,True
6046,0.6394779086112976,daxday,True
6047,0.714676022529602,daxday,True
6048,0.5203293561935425,daxday,True
6049,0.7974818348884583,gextravaganza,True
6050,0.9689673185348511,blicketbash,True
6051,0.9869205951690674,fepfestival,True
6052,0.5219460725784302,fepfestival,True
6053,0.5878774523735046,daxday,True
6054,0.9554194211959839,daxday,True
6055,0.9833813905715942,wugfest,True
6056,0.6821353435516357,wugfest,True
6057,0.9703312516212463,wugfest,True
6058,0.7307066917419434,daxday,True
6059,0.7045221924781799,wugfest,True
6060,0.9770724773406982,daxday,True
6061,0.8143566250801086,blicketbash,True
6062,0.9827675819396973,wugfest,True
6063,0.9871487021446228,fepfestival,True
6064,0.8230292797088623,wugfest,True
6065,0.5112514495849609,gextravaganza,True
6066,0.8044636249542236,daxday,True
6067,0.9208434224128723,wugfest,True
6068,0.7469360828399658,wugfest,True
6069,0.8922904133796692,daxday,True
6070,0.5873231887817383,daxday,True
6071,0.697559118270874,wugfest,True
6072,0.5325051546096802,fepfestival,True
6073,0.8156470060348511,gextravaganza,True
6074,0.8124648332595825,daxday,True
6075,0.5429169535636902,gextravaganza,True
6076,0.5411347150802612,gextravaganza,True
6077,0.7153594493865967,gextravaganza,True
6078,0.5820414423942566,daxday,True
6079,0.9100607633590698,fepfestival,True
6080,0.6309013366699219,fepfestival,True
6081,0.7404977083206177,wugfest,True
6082,0.5840641260147095,wugfest,True
6083,0.5699891448020935,wugfest,True
6084,0.624251663684845,wugfest,True
6085,0.8584668040275574,gextravaganza,True
6086,0.7928054332733154,fepfestival,True
6087,0.9140712022781372,gextravaganza,True
6088,0.9152700304985046,daxday,True
6089,0.5926344990730286,daxday,True
6090,0.75302654504776,wugfest,True
6091,0.6056777238845825,daxday,True
6092,0.5885199308395386,wugfest,True
6093,0.8932232856750488,daxday,True
6094,0.7301902770996094,gextravaganza,True
6095,0.7602341175079346,gextravaganza,True
6096,0.509753406047821,gextravaganza,True
6097,0.6312782764434814,daxday,True
6098,0.9085608720779419,fepfestival,True
6099,0.5468240976333618,daxday,True
6100,0.6152232885360718,fepfestival,True
6101,0.7928597927093506,wugfest,True
6102,0.8198069334030151,gextravaganza,True
6103,0.6970860958099365,fepfestival,True
6104,0.8202271461486816,gextravaganza,True
6105,0.6945030689239502,gextravaganza,True
6106,0.6345575451850891,daxday,True
6107,0.760382354259491,daxday,True
6108,0.9389296770095825,fepfestival,True
6109,0.7849193215370178,gextravaganza,True
6110,0.9205432534217834,wugfest,True
6111,0.5237528085708618,daxday,True
6112,0.9803875088691711,fepfestival,True
6113,0.6201591491699219,wugfest,True
6114,0.9337149262428284,daxday,True
6115,0.5519050359725952,daxday,True
6116,0.8246133327484131,gextravaganza,True
6117,0.778310239315033,gextravaganza,True
6118,0.791426956653595,wugfest,True
6119,0.6877508759498596,daxday,True
6120,0.9097621440887451,daxday,True
6121,0.9972311854362488,fepfestival,True
6122,0.908499538898468,wugfest,True
6123,0.5930026173591614,fepfestival,True
6124,0.8739087581634521,wugfest,True
6125,0.7660112380981445,daxday,True
6126,0.8976036310195923,blicketbash,True
6127,0.9516583681106567,wugfest,True
6128,0.9703837037086487,wugfest,True
6129,0.9499942064285278,daxday,True
6130,0.8907549381256104,wugfest,True
6131,0.755659818649292,daxday,True
6132,0.9828261137008667,fepfestival,True
6133,0.636170506477356,gextravaganza,True
6134,0.7251995205879211,wugfest,True
6135,0.9288089871406555,daxday,True
6136,0.768470287322998,wugfest,True
6137,0.7981506586074829,daxday,True
6138,0.9371675252914429,wugfest,True
6139,0.6021909117698669,blicketbash,True
6140,0.9708279967308044,wugfest,True
6141,0.9004104137420654,daxday,True
6142,0.9744700789451599,wugfest,True
6143,0.9680814146995544,daxday,True
6144,0.9575216174125671,blicketbash,True
6145,0.802250325679779,fepfestival,True
6146,0.8845469951629639,wugfest,True
6147,0.9975711703300476,fepfestival,True
6148,0.7774978876113892,daxday,True
6149,0.884365439414978,wugfest,True
6150,0.9893331527709961,wugfest,True
6151,0.9853941202163696,daxday,True
6152,0.9320446252822876,wugfest,True
6153,0.9882415533065796,wugfest,True
6154,0.9402657747268677,wugfest,True
6155,0.9591000080108643,blicketbash,True
6156,0.9783520102500916,fepfestival,True
6157,0.8784555196762085,daxday,True
6158,0.6087371110916138,fepfestival,True
6159,0.8706674575805664,daxday,True
6160,0.5852726101875305,daxday,True
6161,0.6451401114463806,gextravaganza,True
6162,0.7118870615959167,gextravaganza,True
6163,0.8727485537528992,daxday,True
6164,0.5638152956962585,daxday,True
6165,0.5791963338851929,wugfest,True
6166,0.8366837501525879,gextravaganza,True
6167,0.9365562796592712,fepfestival,True
6168,0.8399525284767151,wugfest,True
6169,0.5561536550521851,daxday,True
6170,0.7340822219848633,wugfest,True
6171,0.6387991905212402,gextravaganza,True
6172,0.7871826887130737,fepfestival,True
6173,0.6302617192268372,daxday,True
6174,0.9037061929702759,gextravaganza,True
6175,0.7513546347618103,fepfestival,True
6176,0.6686086654663086,daxday,True
6177,0.6664160490036011,gextravaganza,True
6178,0.8120552897453308,gextravaganza,True
6179,0.8793702721595764,daxday,True
6180,0.5499634742736816,fepfestival,True
6181,0.5687143802642822,wugfest,True
6182,0.5526376366615295,wugfest,True
6183,0.97116619348526,fepfestival,True
6184,0.5299898386001587,daxday,True
6185,0.7171931266784668,daxday,True
6186,0.7456660866737366,daxday,True
6187,0.8694039583206177,gextravaganza,True
6188,0.9267401099205017,wugfest,True
6189,0.5268896222114563,gextravaganza,True
6190,0.9787561893463135,wugfest,True
6191,0.9387343525886536,daxday,True
6192,0.8610695600509644,blicketbash,True
6193,0.8083257675170898,wugfest,True
6194,0.7254987955093384,wugfest,True
6195,0.5417983531951904,gextravaganza,True
6196,0.9849186539649963,fepfestival,True
6197,0.6905272006988525,daxday,True
6198,0.7931596636772156,daxday,True
6199,0.7228666543960571,wugfest,True
6200,0.6538228988647461,fepfestival,True
6201,0.9613053798675537,wugfest,True
6202,0.9662885069847107,wugfest,True
6203,0.97395259141922,daxday,True
6204,0.9228187799453735,daxday,True
6205,0.9922521114349365,fepfestival,True
6206,0.9893705248832703,blicketbash,True
6207,0.8965578079223633,daxday,True
6208,0.962191104888916,wugfest,True
6209,0.97735196352005,wugfest,True
6210,0.900964081287384,daxday,True
6211,0.7447546124458313,fepfestival,True
6212,0.8596680760383606,daxday,True
6213,0.9587261080741882,daxday,True
6214,0.9787339568138123,wugfest,True
6215,0.967763364315033,blicketbash,True
6216,0.9640865325927734,wugfest,True
6217,0.9916077852249146,fepfestival,True
6218,0.8554178476333618,wugfest,True
6219,0.8312492370605469,wugfest,True
6220,0.6309534311294556,daxday,True
6221,0.5201475024223328,daxday,True
6222,0.6595744490623474,wugfest,True
6223,0.7237700819969177,gextravaganza,True
6224,0.5830605030059814,wugfest,True
6225,0.5347214937210083,gextravaganza,True
6226,0.6526758074760437,gextravaganza,True
6227,0.6194480657577515,daxday,True
6228,0.9489469528198242,fepfestival,True
6229,0.8606806397438049,daxday,True
6230,0.6723095774650574,daxday,True
6231,0.9464235305786133,daxday,True
6232,0.6602219939231873,wugfest,True
6233,0.9628886580467224,wugfest,True
6234,0.5658773183822632,wugfest,True
6235,0.7570142149925232,daxday,True
6236,0.8098796606063843,wugfest,True
6237,0.5292465686798096,gextravaganza,True
6238,0.6434585452079773,gextravaganza,True
6239,0.9728875756263733,fepfestival,True
6240,0.5426067113876343,daxday,True
6241,0.8950892686843872,daxday,True
6242,0.6258553862571716,blicketbash,True
6243,0.6914834380149841,daxday,True
6244,0.6056227684020996,daxday,True
6245,0.6461346745491028,wugfest,True
6246,0.5912451148033142,fepfestival,True
6247,0.8432638645172119,wugfest,True
6248,0.8587635159492493,gextravaganza,True
6249,0.5777066946029663,gextravaganza,True
6250,0.9953776001930237,fepfestival,True
6251,0.9639160633087158,wugfest,True
6252,0.979729175567627,wugfest,True
6253,0.7658648490905762,daxday,True
6254,0.5270346999168396,fepfestival,True
6255,0.8639642000198364,wugfest,True
6256,0.8482598662376404,wugfest,True
6257,0.8634176254272461,blicketbash,True
6258,0.8629998564720154,daxday,True
6259,0.9591259956359863,daxday,True
6260,0.6449105143547058,wugfest,True
6261,0.678240180015564,fepfestival,True
6262,0.6645187735557556,gextravaganza,True
6263,0.7615819573402405,gextravaganza,True
6264,0.8707465529441833,daxday,True
6265,0.8522486090660095,fepfestival,True
6266,0.6959316730499268,gextravaganza,True
6267,0.8238799571990967,gextravaganza,True
6268,0.6320748925209045,daxday,True
6269,0.5293622016906738,wugfest,True
6270,0.8043251633644104,wugfest,True
6271,0.7372933626174927,fepfestival,True
6272,0.9588096737861633,wugfest,True
6273,0.7367247343063354,daxday,True
6274,0.9818730354309082,fepfestival,True
6275,0.730730414390564,wugfest,True
6276,0.9560219049453735,daxday,True
6277,0.8345124125480652,blicketbash,True
6278,0.7954448461532593,daxday,True
6279,0.7716468572616577,wugfest,True
6280,0.7038770914077759,gextravaganza,True
6281,0.6438686847686768,wugfest,True
6282,0.603930652141571,gextravaganza,True
6283,0.5461708307266235,wugfest,True
6284,0.9233680367469788,fepfestival,True
6285,0.8637958765029907,wugfest,True
6286,0.62005215883255,daxday,True
6287,0.6961458921432495,daxday,True
6288,0.5420761704444885,daxday,True
6289,0.7596508860588074,gextravaganza,True
6290,0.9642086625099182,blicketbash,True
6291,0.9875686764717102,fepfestival,True
6292,0.504940390586853,gextravaganza,True
6293,0.6186693906784058,daxday,True
6294,0.9470666646957397,daxday,True
6295,0.9924747943878174,wugfest,True
6296,0.5577924847602844,wugfest,True
6297,0.9689673185348511,wugfest,True
6298,0.7493125200271606,daxday,True
6299,0.6939135789871216,wugfest,True
6300,0.9587976336479187,daxday,True
6301,0.6747676730155945,blicketbash,True
6302,0.9575600028038025,wugfest,True
6303,0.9852713346481323,fepfestival,True
6304,0.5930797457695007,wugfest,True
6305,0.5059347152709961,gextravaganza,True
6306,0.733112096786499,daxday,True
6307,0.86373370885849,wugfest,True
6308,0.6903910040855408,wugfest,True
6309,0.8420974612236023,daxday,True
6310,0.8813487887382507,fepfestival,True
6311,0.8571345806121826,blicketbash,True
6312,0.8227095603942871,fepfestival,True
6313,0.9135236144065857,gextravaganza,True
6314,0.7774896621704102,daxday,True
6315,0.7698198556900024,gextravaganza,True
6316,0.7609806060791016,gextravaganza,True
6317,0.8636395931243896,gextravaganza,True
6318,0.7306070923805237,daxday,True
6319,0.756939172744751,fepfestival,True
6320,0.7412207722663879,fepfestival,True
6321,0.6969965696334839,wugfest,True
6322,0.6029024124145508,wugfest,True
6323,0.5840068459510803,wugfest,True
6324,0.5046411752700806,daxday,True
6325,0.8361341953277588,gextravaganza,True
6326,0.8343318700790405,fepfestival,True
6327,0.8985825777053833,gextravaganza,True
6328,0.9065104126930237,daxday,True
6329,0.6046484708786011,daxday,True
6330,0.8053593039512634,wugfest,True
6331,0.5352382063865662,daxday,True
6332,0.6506401896476746,wugfest,True
6333,0.8704361915588379,daxday,True
6334,0.6625576019287109,gextravaganza,True
6335,0.7677764296531677,gextravaganza,True
6336,0.5548115372657776,wugfest,True
6337,0.6728179454803467,daxday,True
6338,0.9259065985679626,fepfestival,True
6339,0.581828773021698,daxday,True
6340,0.87598717212677,fepfestival,True
6341,0.811234712600708,wugfest,True
6342,0.7621358633041382,gextravaganza,True
6343,0.7799848318099976,fepfestival,True
6344,0.5360329151153564,gextravaganza,True
6345,0.7098007202148438,gextravaganza,True
6346,0.5784289836883545,daxday,True
6347,0.8393828272819519,daxday,True
6348,0.9469780921936035,fepfestival,True
6349,0.7863478064537048,gextravaganza,True
6350,0.9208593368530273,wugfest,True
6351,0.5389243364334106,daxday,True
6352,0.9796348810195923,fepfestival,True
6353,0.6609303951263428,wugfest,True
6354,0.9399538636207581,daxday,True
6355,0.5022760033607483,daxday,True
6356,0.8066555261611938,gextravaganza,True
6357,0.759294331073761,gextravaganza,True
6358,0.7651110291481018,wugfest,True
6359,0.6861188411712646,daxday,True
6360,0.8263580799102783,daxday,True
6361,0.9937816262245178,fepfestival,True
6362,0.7371978759765625,wugfest,True
6363,0.5959830284118652,fepfestival,True
6364,0.7347577810287476,wugfest,True
6365,0.6590893268585205,daxday,True
6366,0.6714379787445068,blicketbash,True
6367,0.9123537540435791,wugfest,True
6368,0.9468879699707031,wugfest,True
6369,0.9212489724159241,daxday,True
6370,0.8108664155006409,wugfest,True
6371,0.6707046031951904,daxday,True
6372,0.9753784537315369,fepfestival,True
6373,0.6373738646507263,gextravaganza,True
6374,0.5958253145217896,wugfest,True
6375,0.8699702620506287,daxday,True
6376,0.6478195190429688,wugfest,True
6377,0.7773223519325256,daxday,True
6378,0.9177599549293518,wugfest,True
6379,0.5226079821586609,blicketbash,True
6380,0.969570517539978,wugfest,True
6381,0.9033714532852173,daxday,True
6382,0.9719592332839966,wugfest,True
6383,0.9582310318946838,daxday,True
6384,0.735434889793396,blicketbash,True
6385,0.879027247428894,fepfestival,True
6386,0.7790207862854004,wugfest,True
6387,0.9980783462524414,fepfestival,True
6388,0.7364464998245239,daxday,True
6389,0.8688557147979736,wugfest,True
6390,0.9669767618179321,wugfest,True
6391,0.9767215847969055,daxday,True
6392,0.7904108166694641,wugfest,True
6393,0.9704174399375916,wugfest,True
6394,0.8463805913925171,wugfest,True
6395,0.956188440322876,blicketbash,True
6396,0.9772283434867859,fepfestival,True
6397,0.8026981949806213,daxday,True
6398,0.5518556237220764,fepfestival,True
6399,0.8293423056602478,daxday,True
6400,0.6361665725708008,daxday,True
6401,0.6539514064788818,gextravaganza,True
6402,0.6499965786933899,gextravaganza,True
6403,0.7479223608970642,daxday,True
6404,0.61126309633255,daxday,True
6405,0.6241981387138367,wugfest,True
6406,0.8190538883209229,gextravaganza,True
6407,0.9437985420227051,fepfestival,True
6408,0.7639299035072327,wugfest,True
6409,0.5501726865768433,daxday,True
6410,0.5943573713302612,blicketbash,True
6411,0.7372498512268066,gextravaganza,True
6412,0.7467778921127319,fepfestival,True
6413,0.6657679677009583,fepfestival,True
6414,0.920346736907959,gextravaganza,True
6415,0.8911007642745972,fepfestival,True
6416,0.7383683919906616,daxday,True
6417,0.7739218473434448,gextravaganza,True
6418,0.8603710532188416,gextravaganza,True
6419,0.8065602779388428,daxday,True
6420,0.6415040493011475,fepfestival,True
6421,0.5748077034950256,wugfest,True
6422,0.5507239699363708,wugfest,True
6423,0.9665043950080872,fepfestival,True
6424,0.5485860705375671,daxday,True
6425,0.6809138655662537,daxday,True
6426,0.746791660785675,daxday,True
6427,0.8662937879562378,gextravaganza,True
6428,0.9131034016609192,wugfest,True
6429,0.5416041016578674,gextravaganza,True
6430,0.9635267853736877,wugfest,True
6431,0.9123573303222656,daxday,True
6432,0.7585854530334473,blicketbash,True
6433,0.7517706155776978,wugfest,True
6434,0.609107494354248,wugfest,True
6435,0.5652984380722046,gextravaganza,True
6436,0.9802108407020569,fepfestival,True
6437,0.6345376372337341,daxday,True
6438,0.7312853932380676,daxday,True
6439,0.6570701003074646,wugfest,True
6440,0.6651312112808228,fepfestival,True
6441,0.9236820340156555,wugfest,True
6442,0.8466663360595703,wugfest,True
6443,0.961946427822113,daxday,True
6444,0.8915847539901733,daxday,True
6445,0.9946050643920898,fepfestival,True
6446,0.8896568417549133,blicketbash,True
6447,0.8171219825744629,daxday,True
6448,0.9233173727989197,wugfest,True
6449,0.9671080708503723,wugfest,True
6450,0.8396610617637634,daxday,True
6451,0.6261377334594727,fepfestival,True
6452,0.8248215913772583,daxday,True
6453,0.9338404536247253,daxday,True
6454,0.9242013096809387,wugfest,True
6455,0.9620226621627808,blicketbash,True
6456,0.9500848650932312,wugfest,True
6457,0.9918369054794312,fepfestival,True
6458,0.7565165758132935,wugfest,True
6459,0.7576088905334473,wugfest,True
6460,0.6133795976638794,daxday,True
6461,0.5539722442626953,daxday,True
6462,0.7376734018325806,wugfest,True
6463,0.6894811391830444,gextravaganza,True
6464,0.6058699488639832,wugfest,True
6465,0.5237379670143127,gextravaganza,True
6466,0.6002060770988464,gextravaganza,True
6467,0.6624950170516968,daxday,True
6468,0.9505916237831116,fepfestival,True
6469,0.8828479647636414,daxday,True
6470,0.5398018956184387,daxday,True
6471,0.9277231097221375,daxday,True
6472,0.5176853537559509,wugfest,True
6473,0.9362494349479675,wugfest,True
6474,0.5036904215812683,wugfest,True
6475,0.6285096406936646,daxday,True
6476,0.7309510111808777,wugfest,True
6477,0.5682307481765747,gextravaganza,True
6478,0.624521017074585,gextravaganza,True
6479,0.970188558101654,fepfestival,True
0,0.16101422905921936,No,True
1,0.11124264448881149,No,True
2,0.2887625992298126,No,True
3,0.3044780492782593,No,True
4,0.0511694960296154,No,True
5,0.22606201469898224,No,True
6,0.6407383680343628,Yes,True
7,0.40762364864349365,No,True
8,0.14352034032344818,No,True
9,0.10431090742349625,No,True
10,0.5009324550628662,Yes,True
11,0.2538295388221741,No,True
12,0.33385828137397766,No,True
13,0.29915326833724976,No,True
0,0.0922122672200203,No,True
1,0.08038046956062317,No,True
16,0.1571924090385437,No,True
17,0.1482178121805191,No,True
18,0.3414159417152405,No,True
19,0.31824779510498047,No,True
20,0.03311845287680626,No,True
21,0.146422877907753,No,True
22,0.03057827055454254,No,True
23,0.13826166093349457,No,True
24,0.010196013376116753,No,True
25,0.1817864030599594,No,True
26,0.343777596950531,No,True
27,0.2823506295681,No,True
28,0.04153015837073326,No,True
29,0.06512295454740524,No,True
30,0.031370870769023895,No,True
31,0.08567100018262863,No,True
32,0.42258745431900024,No,True
33,0.13724564015865326,No,True
2,0.09852275252342224,No,True
3,0.2144235521554947,No,True
36,0.1793278306722641,No,True
37,0.10845818370580673,No,True
38,0.17854814231395721,No,True
39,0.26699063181877136,No,True
40,0.25721797347068787,No,True
41,0.30724021792411804,No,True
42,0.2570013105869293,No,True
43,0.4466699957847595,No,True
44,0.040142644196748734,No,True
45,0.2346646785736084,No,True
46,0.4412590265274048,No,True
47,0.5172097086906433,Yes,True
48,0.09917238354682922,No,True
49,0.21334658563137054,No,True
50,0.5948849320411682,Yes,True
51,0.3529592454433441,No,True
52,0.5982781052589417,Yes,True
53,0.440269410610199,No,True
4,0.006021871231496334,No,True
5,0.026596998795866966,No,True
56,0.18935483694076538,No,True
57,0.14899234473705292,No,True
58,0.07954465597867966,No,True
59,0.20010994374752045,No,True
60,0.1507648080587387,No,True
61,0.391148179769516,No,True
62,0.10268587619066238,No,True
63,0.30245500802993774,No,True
64,0.008367433212697506,No,True
65,0.1450328826904297,No,True
66,0.3435203433036804,No,True
67,0.41524362564086914,No,True
68,0.05918130651116371,No,True
69,0.2567887008190155,No,True
70,0.22211597859859467,No,True
71,0.2667784094810486,No,True
72,0.4749123454093933,No,True
73,0.38593387603759766,No,True
6,0.02482689917087555,No,True
7,0.5761423110961914,Yes,True
76,0.06922024488449097,No,True
77,0.1407485157251358,No,True
78,0.14469322562217712,No,True
79,0.2937745451927185,No,True
80,0.14028140902519226,No,True
81,0.28459593653678894,No,True
82,0.11775881052017212,No,True
83,0.18935973942279816,No,True
84,0.0243392251431942,No,True
85,0.11031239479780197,No,True
86,0.23729248344898224,No,True
87,0.22714689373970032,No,True
88,0.07320688664913177,No,True
89,0.21659809350967407,No,True
90,0.04922744259238243,No,True
91,0.0861748605966568,No,True
92,0.4260881245136261,No,True
93,0.2929673492908478,No,True
8,0.09867830574512482,No,True
9,0.09662842005491257,No,True
96,0.4023580849170685,No,True
97,0.15133273601531982,No,True
98,0.1098097637295723,No,True
99,0.2165060043334961,No,True
100,0.07100450247526169,No,True
101,0.21535298228263855,No,True
102,0.3406613767147064,No,True
103,0.48951128125190735,No,True
104,0.04285244643688202,No,True
105,0.12622833251953125,No,True
106,0.23961520195007324,No,True
107,0.30698665976524353,No,True
108,0.3124818503856659,No,True
109,0.51454758644104,Yes,True
110,0.14112353324890137,No,True
111,0.13844703137874603,No,True
112,0.42075690627098083,No,True
113,0.3143588602542877,No,True
10,0.17911288142204285,No,True
11,0.5257484912872314,Yes,True
116,0.3290850818157196,No,True
117,0.11585486680269241,No,True
118,0.20088182389736176,No,True
119,0.3217489719390869,No,True
120,0.16898967325687408,No,True
121,0.27349457144737244,No,True
122,0.0172287505120039,No,True
123,0.220815971493721,No,True
124,0.10047316551208496,No,True
125,0.2685367465019226,No,True
126,0.6756898164749146,Yes,True
127,0.37310147285461426,No,True
128,0.3733965754508972,No,True
129,0.2773195505142212,No,True
130,0.10290388017892838,No,True
131,0.37494295835494995,No,True
132,0.13878656923770905,No,True
133,0.31645485758781433,No,True
12,0.0866837352514267,No,True
13,0.14371933043003082,No,True
136,0.12680554389953613,No,True
137,0.20178163051605225,No,True
138,0.11705949157476425,No,True
139,0.15357725322246552,No,True
140,0.025335414335131645,No,True
141,0.07299090176820755,No,True
142,0.20672215521335602,No,True
143,0.3096536099910736,No,True
144,0.02660195156931877,No,True
145,0.23075208067893982,No,True
146,0.4721377491950989,No,True
147,0.33049476146698,No,True
148,0.051314182579517365,No,True
149,0.15229254961013794,No,True
150,0.5182830095291138,Yes,True
151,0.282615065574646,No,True
152,0.3185288906097412,No,True
153,0.3195442259311676,No,True
14,0.1633167266845703,No,True
15,0.4151027202606201,No,True
156,0.2594265937805176,No,True
157,0.15227408707141876,No,True
158,0.1585557609796524,No,True
159,0.2373284101486206,No,True
160,0.04316241666674614,No,True
161,0.18439200520515442,No,True
162,0.11982019990682602,No,True
163,0.36636805534362793,No,True
164,0.03520492836833,No,True
165,0.07991265505552292,No,True
166,0.24710221588611603,No,True
167,0.48845019936561584,No,True
168,0.25464287400245667,No,True
169,0.3821446895599365,No,True
170,0.3390665054321289,No,True
171,0.35226041078567505,No,True
172,0.36664462089538574,No,True
173,0.4206019639968872,No,True
16,0.05776046961545944,No,True
17,0.07445330172777176,No,True
176,0.03802895545959473,No,True
177,0.10606542974710464,No,True
178,0.0718749538064003,No,True
179,0.21736451983451843,No,True
180,0.1521872878074646,No,True
181,0.4191889464855194,No,True
182,0.21979601681232452,No,True
183,0.49391627311706543,No,True
184,0.027022812515497208,No,True
185,0.12302760034799576,No,True
186,0.68339604139328,Yes,True
187,0.511719822883606,Yes,True
188,0.2830123007297516,No,True
189,0.4219067096710205,No,True
190,0.3699033558368683,No,True
191,0.37804606556892395,No,True
192,0.3756314218044281,No,True
193,0.35034260153770447,No,True
18,0.1259692907333374,No,True
19,0.5512749552726746,Yes,True
196,0.0897352546453476,No,True
197,0.20033816993236542,No,True
198,0.06881345063447952,No,True
199,0.2148245871067047,No,True
200,0.09156955033540726,No,True
201,0.027683809399604797,No,True
202,0.017678016796708107,No,True
203,0.31430456042289734,No,True
204,0.029903829097747803,No,True
205,0.20807330310344696,No,True
206,0.20782026648521423,No,True
207,0.12096810340881348,No,True
208,0.38189736008644104,No,True
209,0.47736871242523193,No,True
210,0.36681509017944336,No,True
211,0.3646102845668793,No,True
212,0.5701780319213867,Yes,True
213,0.5776318311691284,Yes,True
20,0.048130862414836884,No,True
21,0.06194281205534935,No,True
216,0.1316375732421875,No,True
217,0.11454100161790848,No,True
218,0.3012486696243286,No,True
219,0.18181023001670837,No,True
220,0.0992950052022934,No,True
221,0.11340469121932983,No,True
222,0.48685476183891296,No,True
223,0.46168187260627747,No,True
224,0.06941065192222595,No,True
225,0.41245582699775696,No,True
226,0.6192812919616699,Yes,True
227,0.42451953887939453,No,True
228,0.13443481922149658,No,True
229,0.22713232040405273,No,True
230,0.4004761278629303,No,True
231,0.4344308078289032,No,True
232,0.4383718967437744,No,True
233,0.4334990680217743,No,True
22,0.04354768991470337,No,True
23,0.36841151118278503,No,True
236,0.4140184223651886,No,True
237,0.31420090794563293,No,True
238,0.20585715770721436,No,True
239,0.2438204437494278,No,True
240,0.16504764556884766,No,True
241,0.31065279245376587,No,True
242,0.05908875912427902,No,True
243,0.10610257089138031,No,True
244,0.01627516932785511,No,True
245,0.1263856589794159,No,True
246,0.14241427183151245,No,True
247,0.4267256259918213,No,True
248,0.10448353737592697,No,True
249,0.23228105902671814,No,True
250,0.12453607469797134,No,True
251,0.07562433183193207,No,True
252,0.5532785058021545,Yes,True
253,0.23550918698310852,No,True
24,0.04440542310476303,No,True
25,0.1347169429063797,No,True
256,0.16349321603775024,No,True
257,0.19609412550926208,No,True
258,0.04419799894094467,No,True
259,0.10955584049224854,No,True
260,0.06936062127351761,No,True
261,0.17183531820774078,No,True
262,0.1587812900543213,No,True
263,0.4080308675765991,No,True
264,0.03250632807612419,No,True
265,0.1952098309993744,No,True
266,0.12886641919612885,No,True
267,0.3741895258426666,No,True
268,0.22368590533733368,No,True
269,0.23408998548984528,No,True
270,0.6151450276374817,Yes,True
271,0.3944433033466339,No,True
272,0.6615996360778809,Yes,True
273,0.41390934586524963,No,True
26,0.07638585567474365,No,True
27,0.14032025635242462,No,True
276,0.49138346314430237,No,True
277,0.3036021888256073,No,True
278,0.12136541306972504,No,True
279,0.2493201345205307,No,True
280,0.036229755729436874,No,True
281,0.19967174530029297,No,True
282,0.10505890846252441,No,True
283,0.20668987929821014,No,True
284,0.036241739988327026,No,True
285,0.18577159941196442,No,True
286,0.31426751613616943,No,True
287,0.49357524514198303,No,True
288,0.10646922141313553,No,True
289,0.11971600353717804,No,True
290,0.18372870981693268,No,True
291,0.2234925478696823,No,True
292,0.20464113354682922,No,True
293,0.32762816548347473,No,True
28,0.06431116163730621,No,True
29,0.04634981229901314,No,True
296,0.1674545556306839,No,True
297,0.2052699476480484,No,True
298,0.14275813102722168,No,True
299,0.32295623421669006,No,True
300,0.0647745206952095,No,True
301,0.4239199757575989,No,True
302,0.23442430794239044,No,True
303,0.3069731295108795,No,True
304,0.10825610905885696,No,True
305,0.20603841543197632,No,True
306,0.48551440238952637,No,True
307,0.3524795472621918,No,True
308,0.4192984700202942,No,True
309,0.38960081338882446,No,True
310,0.5849653482437134,Yes,True
311,0.32395920157432556,No,True
312,0.7040280699729919,Yes,True
313,0.4108864963054657,No,True
30,0.08422716706991196,No,True
31,0.44607052206993103,No,True
316,0.14954616129398346,No,True
317,0.14019769430160522,No,True
318,0.08688075840473175,No,True
319,0.22507093846797943,No,True
320,0.2976827025413513,No,True
321,0.3253338634967804,No,True
322,0.27814894914627075,No,True
323,0.31355032324790955,No,True
324,0.08289166539907455,No,True
325,0.16484379768371582,No,True
326,0.5835159420967102,Yes,True
327,0.5166140198707581,Yes,True
328,0.15457779169082642,No,True
329,0.1346713900566101,No,True
330,0.6172347664833069,Yes,True
331,0.4340105652809143,No,True
332,0.7930208444595337,Yes,True
333,0.628672182559967,Yes,True
32,0.0190549548715353,No,True
33,0.050857286900281906,No,True
336,0.40600985288619995,No,True
337,0.24697360396385193,No,True
338,0.11704043298959732,No,True
339,0.2808019816875458,No,True
340,0.07792496681213379,No,True
341,0.19360853731632233,No,True
342,0.08309306204319,No,True
343,0.23447081446647644,No,True
344,0.06449136883020401,No,True
345,0.2682170569896698,No,True
346,0.09068801254034042,No,True
347,0.2098160833120346,No,True
348,0.43330124020576477,No,True
349,0.5997928380966187,Yes,True
350,0.06774675101041794,No,True
351,0.26719051599502563,No,True
352,0.08296152204275131,No,True
353,0.38071033358573914,No,True
34,0.0661853477358818,No,True
35,0.16351978480815887,No,True
356,0.18093910813331604,No,True
357,0.0795997679233551,No,True
358,0.07004626840353012,No,True
359,0.1585817039012909,No,True
360,0.17883217334747314,No,True
361,0.3005618155002594,No,True
362,0.42637649178504944,No,True
363,0.5322748422622681,Yes,True
364,0.018440887331962585,No,True
365,0.18325679004192352,No,True
366,0.5345836877822876,Yes,True
367,0.5372114181518555,Yes,True
368,0.33074629306793213,No,True
369,0.5527985095977783,Yes,True
370,0.20052365958690643,No,True
371,0.2540613114833832,No,True
372,0.4595184028148651,No,True
373,0.4836958944797516,No,True
36,0.007565341889858246,No,True
37,0.011090297251939774,No,True
376,0.24058043956756592,No,True
377,0.2515343725681305,No,True
378,0.09018668532371521,No,True
379,0.24547870457172394,No,True
380,0.21392755210399628,No,True
381,0.2538261115550995,No,True
382,0.35417234897613525,No,True
383,0.5084357261657715,Yes,True
384,0.04139721021056175,No,True
385,0.20087361335754395,No,True
386,0.5991013050079346,Yes,True
387,0.5270357728004456,Yes,True
388,0.434347003698349,No,True
389,0.5513129234313965,Yes,True
390,0.42352399230003357,No,True
391,0.27690717577934265,No,True
392,0.436424195766449,No,True
393,0.35614025592803955,No,True
38,0.038761164993047714,No,True
39,0.029394542798399925,No,True
396,0.2367432564496994,No,True
397,0.19711317121982574,No,True
398,0.2740586996078491,No,True
399,0.353280633687973,No,True
400,0.035756971687078476,No,False
401,0.17942571640014648,No,False
402,0.19798992574214935,No,False
403,0.4200393855571747,No,False
404,0.030808113515377045,No,False
405,0.2348482459783554,No,False
406,0.5678502321243286,Yes,False
407,0.6125435829162598,Yes,False
408,0.28007376194000244,No,False
409,0.18726153671741486,No,False
410,0.322308212518692,No,False
411,0.5941205620765686,Yes,False
412,0.47592976689338684,No,False
413,0.47278591990470886,No,False
40,0.02174302190542221,No,False
41,0.039470914751291275,No,False
416,0.409063458442688,No,False
417,0.7021905779838562,Yes,False
418,0.3741336166858673,No,False
419,0.5576212406158447,Yes,False
420,0.04238865524530411,No,False
421,0.4942236542701721,No,False
422,0.0624995157122612,No,False
423,0.4753551483154297,No,False
424,0.004566781688481569,No,False
425,0.15600727498531342,No,False
426,0.09590006619691849,No,False
427,0.8037402629852295,Yes,False
428,0.026264220476150513,No,False
429,0.19022433459758759,No,False
430,0.031262002885341644,No,False
431,0.5378703474998474,Yes,False
432,0.11202859878540039,No,False
433,0.7160434722900391,Yes,False
42,0.04893261566758156,No,False
43,0.21130667626857758,No,False
436,0.08029554039239883,No,False
437,0.61790931224823,Yes,False
438,0.14150936901569366,No,False
439,0.6309443712234497,Yes,False
440,0.28741776943206787,No,False
441,0.7658716440200806,Yes,False
442,0.14429308474063873,No,False
443,0.69324791431427,Yes,False
444,0.06886664032936096,No,False
445,0.4330088496208191,No,False
446,0.3096711337566376,No,False
447,0.9384934306144714,Yes,False
448,0.2869180738925934,No,False
449,0.5250881314277649,Yes,False
450,0.34903234243392944,No,False
451,0.7604851722717285,Yes,False
452,0.4187389612197876,No,False
453,0.8156706690788269,Yes,False
44,0.10467759519815445,No,False
45,0.15890316665172577,No,False
456,0.1793351173400879,No,False
457,0.6905345320701599,Yes,False
458,0.0814325362443924,No,False
459,0.27861788868904114,No,False
460,0.44693154096603394,No,False
461,0.7672508358955383,Yes,False
462,0.17974042892456055,No,False
463,0.6084135174751282,Yes,False
464,0.11244158446788788,No,False
465,0.4018608033657074,No,False
466,0.2282843291759491,No,False
467,0.7301636338233948,Yes,False
468,0.22472427785396576,No,False
469,0.4601682424545288,No,False
470,0.1995246261358261,No,False
471,0.5724011063575745,Yes,False
472,0.5882496237754822,Yes,False
473,0.8005502820014954,Yes,False
46,0.1988227218389511,No,False
47,0.48162275552749634,No,False
476,0.16498491168022156,No,False
477,0.5347821712493896,Yes,False
478,0.3081369698047638,No,False
479,0.5915940999984741,Yes,False
480,0.2049582153558731,No,False
481,0.6219778656959534,Yes,False
482,0.13244430720806122,No,False
483,0.6109782457351685,Yes,False
484,0.05601104721426964,No,False
485,0.16085201501846313,No,False
486,0.047583527863025665,No,False
487,0.6839778423309326,Yes,False
488,0.05147175490856171,No,False
489,0.34818997979164124,No,False
490,0.043025948107242584,No,False
491,0.5863862633705139,Yes,False
492,0.21416831016540527,No,False
493,0.8542157411575317,Yes,False
48,0.07341153174638748,No,False
49,0.11665131151676178,No,False
496,0.06059832125902176,No,False
497,0.5788692235946655,Yes,False
498,0.06225653737783432,No,False
499,0.39305856823921204,No,False
500,0.3053622841835022,No,False
501,0.6851394176483154,Yes,False
502,0.5187174081802368,Yes,False
503,0.752607524394989,Yes,False
504,0.13006579875946045,No,False
505,0.21084752678871155,No,False
506,0.2678857743740082,No,False
507,0.60205078125,Yes,False
508,0.16837650537490845,No,False
509,0.5794482231140137,Yes,False
510,0.11808860301971436,No,False
511,0.5439180135726929,Yes,False
512,0.2698391079902649,No,False
513,0.690251886844635,Yes,False
50,0.06913647800683975,No,False
51,0.4507662057876587,No,False
516,0.1906295269727707,No,False
517,0.4675796329975128,No,False
518,0.2526904046535492,No,False
519,0.5278906226158142,Yes,False
520,0.06064961478114128,No,False
521,0.5326387286186218,Yes,False
522,0.11924117803573608,No,False
523,0.5490013957023621,Yes,False
524,0.07554754614830017,No,False
525,0.4148058593273163,No,False
526,0.27118203043937683,No,False
527,0.7358438372612,Yes,False
528,0.5188325047492981,Yes,False
529,0.3566715121269226,No,False
530,0.24147260189056396,No,False
531,0.47539007663726807,No,False
532,0.3574552536010742,No,False
533,0.7301897406578064,Yes,False
52,0.05289050564169884,No,False
53,0.12364491075277328,No,False
536,0.32282575964927673,No,False
537,0.5336160659790039,Yes,False
538,0.21843798458576202,No,False
539,0.36456185579299927,No,False
540,0.0320759043097496,No,False
541,0.39196309447288513,No,False
542,0.13543114066123962,No,False
543,0.5782975554466248,Yes,False
544,0.01798834279179573,No,False
545,0.3330335319042206,No,False
546,0.1654682606458664,No,False
547,0.8578001856803894,Yes,False
548,0.13506768643856049,No,False
549,0.44301286339759827,No,False
550,0.2133646309375763,No,False
551,0.7076933979988098,Yes,False
552,0.16599997878074646,No,False
553,0.7976914048194885,Yes,False
54,0.13992981612682343,No,False
55,0.52037513256073,Yes,False
556,0.09562405198812485,No,False
557,0.6123373508453369,Yes,False
558,0.22868315875530243,No,False
559,0.654066801071167,Yes,False
560,0.10659181326627731,No,False
561,0.3592115640640259,No,False
562,0.14595268666744232,No,False
563,0.661939799785614,Yes,False
564,0.10233621299266815,No,False
565,0.1634044200181961,No,False
566,0.15635553002357483,No,False
567,0.7383949756622314,Yes,False
568,0.19286680221557617,No,False
569,0.5187990069389343,Yes,False
570,0.2096264809370041,No,False
571,0.5741679668426514,Yes,False
572,0.21297913789749146,No,False
573,0.6717847585678101,Yes,False
56,0.016828160732984543,No,False
57,0.03927193582057953,No,False
576,0.0715971365571022,No,False
577,0.6550010442733765,Yes,False
578,0.17083872854709625,No,False
579,0.44663411378860474,No,False
580,0.10958022624254227,No,False
581,0.6256204843521118,Yes,False
582,0.1528150588274002,No,False
583,0.6251406073570251,Yes,False
584,0.11037763953208923,No,False
585,0.42486292123794556,No,False
586,0.46137508749961853,No,False
587,0.8076984882354736,Yes,False
588,0.2083248645067215,No,False
589,0.5246875882148743,Yes,False
590,0.16437563300132751,No,False
591,0.5639657378196716,Yes,False
592,0.27070438861846924,No,False
593,0.7312217950820923,Yes,False
58,0.07763608545064926,No,False
59,0.3196873068809509,No,False
596,0.09420455992221832,No,False
597,0.5638245344161987,Yes,False
598,0.1832345873117447,No,False
599,0.570375919342041,Yes,False
600,0.3164787292480469,No,False
601,0.20711927115917206,No,False
602,0.1152152419090271,No,False
603,0.6743404269218445,Yes,False
604,0.053647059947252274,No,False
605,0.39836806058883667,No,False
606,0.2720530331134796,No,False
607,0.6457160711288452,Yes,False
608,0.3926047384738922,No,False
609,0.47681885957717896,No,False
610,0.23376406729221344,No,False
611,0.46618813276290894,No,False
612,0.2561320662498474,No,False
613,0.7618401050567627,Yes,False
60,0.10334373265504837,No,False
61,0.09073323011398315,No,False
616,0.1522783786058426,No,False
617,0.6502200365066528,Yes,False
618,0.2802276611328125,No,False
619,0.6205039024353027,Yes,False
620,0.029841184616088867,No,False
621,0.17891286313533783,No,False
622,0.580859899520874,Yes,False
623,0.6979370713233948,Yes,False
624,0.07501576095819473,No,False
625,0.547908365726471,Yes,False
626,0.6209259033203125,Yes,False
627,0.6341790556907654,Yes,False
628,0.32395073771476746,No,False
629,0.5383146405220032,Yes,False
630,0.24277283251285553,No,False
631,0.5692586302757263,Yes,False
632,0.5858194828033447,Yes,False
633,0.7315365672111511,Yes,False
62,0.0811009332537651,No,False
63,0.37442106008529663,No,False
636,0.29440420866012573,No,False
637,0.6314289569854736,Yes,False
638,0.21450482308864594,No,False
639,0.5248175263404846,Yes,False
640,0.21845793724060059,No,False
641,0.6546436548233032,Yes,False
642,0.1992264837026596,No,False
643,0.4913922846317291,No,False
644,0.026249123737215996,No,False
645,0.25138622522354126,No,False
646,0.04185158759355545,No,False
647,0.8312918543815613,Yes,False
648,0.023670630529522896,No,False
649,0.22115695476531982,No,False
650,0.11355241388082504,No,False
651,0.5312291383743286,Yes,False
652,0.2871902585029602,No,False
653,0.880117654800415,Yes,False
64,0.0326818972826004,No,False
65,0.09908618032932281,No,False
656,0.14577607810497284,No,False
657,0.714494526386261,Yes,False
658,0.05663853511214256,No,False
659,0.17214339971542358,No,False
660,0.21251681447029114,No,False
661,0.7064814567565918,Yes,False
662,0.1747971922159195,No,False
663,0.7997864484786987,Yes,False
664,0.12771564722061157,No,False
665,0.5536555647850037,Yes,False
666,0.25569310784339905,No,False
667,0.8828040957450867,Yes,False
668,0.3141540288925171,No,False
669,0.4764969050884247,No,False
670,0.2706025242805481,No,False
671,0.7174789905548096,Yes,False
672,0.5023781061172485,Yes,False
673,0.77806556224823,Yes,False
66,0.10598721355199814,No,False
67,0.671473503112793,Yes,False
676,0.20682337880134583,No,False
677,0.7033803462982178,Yes,False
678,0.23333533108234406,No,False
679,0.6262421011924744,Yes,False
680,0.07894570380449295,No,False
681,0.561174750328064,Yes,False
682,0.11509688198566437,No,False
683,0.4903287887573242,No,False
684,0.06676269322633743,No,False
685,0.4578963816165924,No,False
686,0.3004938066005707,No,False
687,0.8482334017753601,Yes,False
688,0.08818047493696213,No,False
689,0.31913405656814575,No,False
690,0.17178462445735931,No,False
691,0.6086098551750183,Yes,False
692,0.3203860819339752,No,False
693,0.7092558741569519,Yes,False
68,0.01938958466053009,No,False
69,0.057978782802820206,No,False
696,0.1741078495979309,No,False
697,0.6467378735542297,Yes,False
698,0.21286246180534363,No,False
699,0.5086612105369568,Yes,False
700,0.12323126941919327,No,False
701,0.7933533191680908,Yes,False
702,0.33602267503738403,No,False
703,0.5499817132949829,Yes,False
704,0.0931767076253891,No,False
705,0.2759992778301239,No,False
706,0.2981526553630829,No,False
707,0.5183632969856262,Yes,False
708,0.4398207366466522,No,False
709,0.4986872673034668,No,False
710,0.3654783368110657,No,False
711,0.6342453956604004,Yes,False
712,0.6443072557449341,Yes,False
713,0.673313319683075,Yes,False
70,0.05537620931863785,No,False
71,0.25649186968803406,No,False
716,0.2405046671628952,No,False
717,0.6033469438552856,Yes,False
718,0.2548467814922333,No,False
719,0.5095675587654114,Yes,False
720,0.23742376267910004,No,False
721,0.6471142768859863,Yes,False
722,0.2583271861076355,No,False
723,0.5920657515525818,Yes,False
724,0.12715932726860046,No,False
725,0.35278886556625366,No,False
726,0.5369921922683716,Yes,False
727,0.942964494228363,Yes,False
728,0.19847500324249268,No,False
729,0.4158695638179779,No,False
730,0.38862451910972595,No,False
731,0.722104012966156,Yes,False
732,0.5015178322792053,Yes,False
733,0.7812738418579102,Yes,False
72,0.07765588909387589,No,False
73,0.15169446170330048,No,False
736,0.26542380452156067,No,False
737,0.6607955694198608,Yes,False
738,0.2591541111469269,No,False
739,0.5045120120048523,Yes,False
740,0.3381931483745575,No,False
741,0.5687880516052246,Yes,False
742,0.08760622143745422,No,False
743,0.3859085738658905,No,False
744,0.07442358881235123,No,False
745,0.1569087952375412,No,False
746,0.12589003145694733,No,False
747,0.7016335725784302,Yes,False
748,0.3313954174518585,No,False
749,0.6200153827667236,Yes,False
750,0.09925153851509094,No,False
751,0.49305614829063416,No,False
752,0.13903453946113586,No,False
753,0.7559856176376343,Yes,False
74,0.11358679085969925,No,False
75,0.249334916472435,No,False
756,0.13160084187984467,No,False
757,0.5686312317848206,Yes,False
758,0.14994549751281738,No,False
759,0.3209053874015808,No,False
760,0.44783535599708557,No,False
761,0.6277372241020203,Yes,False
762,0.4021393656730652,No,False
763,0.6745554804801941,Yes,False
764,0.15167617797851562,No,False
765,0.45888617634773254,No,False
766,0.714340090751648,Yes,False
767,0.9178430438041687,Yes,False
768,0.48933255672454834,No,False
769,0.7241369485855103,Yes,False
770,0.2828565835952759,No,False
771,0.5209494829177856,Yes,False
772,0.5842129588127136,Yes,False
773,0.7651870250701904,Yes,False
76,0.08622269332408905,No,False
77,0.09625805914402008,No,False
776,0.30982741713523865,No,False
777,0.6703683733940125,Yes,False
778,0.27174821496009827,No,False
779,0.5329528450965881,Yes,False
780,0.4356181025505066,No,False
781,0.5567775368690491,Yes,False
782,0.544934868812561,Yes,False
783,0.7265022993087769,Yes,False
784,0.2924472987651825,No,False
785,0.5346155166625977,Yes,False
786,0.5566340088844299,Yes,False
787,0.8143614530563354,Yes,False
788,0.4788169264793396,No,False
789,0.6058955192565918,Yes,False
790,0.38688305020332336,No,False
791,0.5283482670783997,Yes,False
792,0.6361017823219299,Yes,False
793,0.7323171496391296,Yes,False
78,0.06607916206121445,No,False
79,0.11320017278194427,No,False
796,0.38871023058891296,No,False
797,0.6548193693161011,Yes,False
798,0.381555438041687,No,False
799,0.5779788494110107,Yes,False
800,0.06990639865398407,No,True
801,0.04422372207045555,No,True
802,0.041642919182777405,No,True
803,0.12940695881843567,No,True
804,0.006417327560484409,No,True
805,0.0839819386601448,No,True
806,0.37378132343292236,No,True
807,0.2274148315191269,No,True
808,0.11043603718280792,No,True
809,0.08971762657165527,No,True
810,0.6601845622062683,Yes,True
811,0.19545026123523712,No,True
812,0.19082824885845184,No,True
813,0.3351385295391083,No,True
80,0.06521949172019958,No,True
81,0.10086832195520401,No,True
816,0.12149287015199661,No,True
817,0.09024691581726074,No,True
818,0.1875765323638916,No,True
819,0.23519906401634216,No,True
820,0.014445517212152481,No,True
821,0.06013709679245949,No,True
822,0.005191540811210871,No,True
823,0.03815707191824913,No,True
824,0.0023494965862482786,No,True
825,0.08469634503126144,No,True
826,0.2015337496995926,No,True
827,0.23070229589939117,No,True
828,0.008232356980443,No,True
829,0.04124581813812256,No,True
830,0.016102800145745277,No,True
831,0.08412472158670425,No,True
832,0.6066403388977051,Yes,True
833,0.17158931493759155,No,True
82,0.08688534796237946,No,True
83,0.37829962372779846,No,True
836,0.2623023986816406,No,True
837,0.10871873795986176,No,True
838,0.10795962065458298,No,True
839,0.19238071143627167,No,True
840,0.23381392657756805,No,True
841,0.2701477110385895,No,True
842,0.07782793790102005,No,True
843,0.2009047418832779,No,True
844,0.028679771348834038,No,True
845,0.1727689802646637,No,True
846,0.2822139263153076,No,True
847,0.3222115933895111,No,True
848,0.05689898505806923,No,True
849,0.09576936811208725,No,True
850,0.6825969815254211,Yes,True
851,0.339550256729126,No,True
852,0.6993242502212524,Yes,True
853,0.30942410230636597,No,True
84,0.0049021486192941666,No,True
85,0.04762808606028557,No,True
856,0.334574431180954,No,True
857,0.16025902330875397,No,True
858,0.14448599517345428,No,True
859,0.12821753323078156,No,True
860,0.09758687019348145,No,True
861,0.32933494448661804,No,True
862,0.016685951501131058,No,True
863,0.1174333393573761,No,True
864,0.0021317137870937586,No,True
865,0.06541965156793594,No,True
866,0.22980284690856934,No,True
867,0.3073432147502899,No,True
868,0.035368721932172775,No,True
869,0.18336394429206848,No,True
870,0.39451315999031067,No,True
871,0.2945387661457062,No,True
872,0.40351399779319763,No,True
873,0.4317966401576996,No,True
86,0.030841674655675888,No,True
87,0.8412351608276367,Yes,True
876,0.05552245303988457,No,True
877,0.14021466672420502,No,True
878,0.11570959538221359,No,True
879,0.23788195848464966,No,True
880,0.1593906432390213,No,True
881,0.12538307905197144,No,True
882,0.0449533611536026,No,True
883,0.09727206826210022,No,True
884,0.019677629694342613,No,True
885,0.08754207193851471,No,True
886,0.1350434571504593,No,True
887,0.2568107843399048,No,True
888,0.015059108845889568,No,True
889,0.09099549055099487,No,True
890,0.019464677199721336,No,True
891,0.08398883044719696,No,True
892,0.4005017578601837,No,True
893,0.2426554262638092,No,True
88,0.20928089320659637,No,True
89,0.13932856917381287,No,True
896,0.6356170773506165,Yes,True
897,0.12802982330322266,No,True
898,0.1188172772526741,No,True
899,0.147169291973114,No,True
900,0.029185425490140915,No,True
901,0.1872711032629013,No,True
902,0.055845968425273895,No,True
903,0.23279932141304016,No,True
904,0.008296369574964046,No,True
905,0.055996231734752655,No,True
906,0.0634181872010231,No,True
907,0.13740551471710205,No,True
908,0.09369022399187088,No,True
909,0.25605717301368713,No,True
910,0.1557193100452423,No,True
911,0.11797551065683365,No,True
912,0.28675156831741333,No,True
913,0.1538075953722,No,True
90,0.18761886656284332,No,True
91,0.6985175013542175,Yes,True
916,0.36962366104125977,No,True
917,0.08813586831092834,No,True
918,0.19204282760620117,No,True
919,0.24372337758541107,No,True
920,0.07882251590490341,No,True
921,0.175583153963089,No,True
922,0.002852960955351591,No,True
923,0.07787510007619858,No,True
924,0.027413394302129745,No,True
925,0.1866293102502823,No,True
926,0.5907077789306641,Yes,True
927,0.2833907902240753,No,True
928,0.17642557621002197,No,True
929,0.1572931706905365,No,True
930,0.3807452917098999,No,True
931,0.4313555359840393,No,True
932,0.1528811901807785,No,True
933,0.2676723003387451,No,True
92,0.10155199468135834,No,True
93,0.17946161329746246,No,True
936,0.09364952892065048,No,True
937,0.1591409295797348,No,True
938,0.10908553004264832,No,True
939,0.14748139679431915,No,True
940,0.022159524261951447,No,True
941,0.04656977951526642,No,True
942,0.04657583311200142,No,True
943,0.16695605218410492,No,True
944,0.008821426890790462,No,True
945,0.16986913979053497,No,True
946,0.3146859407424927,No,True
947,0.2719257175922394,No,True
948,0.020126361399888992,No,True
949,0.07373422384262085,No,True
950,0.6870014667510986,Yes,True
951,0.2516542673110962,No,True
952,0.43401461839675903,No,True
953,0.25411516427993774,No,True
94,0.174211323261261,No,True
95,0.5854818820953369,Yes,True
956,0.33886295557022095,No,True
957,0.1385258436203003,No,True
958,0.10993378609418869,No,True
959,0.15276624262332916,No,True
960,0.023642171174287796,No,True
961,0.14913402497768402,No,True
962,0.030522160232067108,No,True
963,0.10773398727178574,No,True
964,0.011158453300595284,No,True
965,0.06501469761133194,No,True
966,0.16228941082954407,No,True
967,0.32924866676330566,No,True
968,0.12546874582767487,No,True
969,0.14238548278808594,No,True
970,0.5548983216285706,Yes,True
971,0.3588632643222809,No,True
972,0.6433076858520508,Yes,True
973,0.38956063985824585,No,True
96,0.08190162479877472,No,True
97,0.09942898154258728,No,True
976,0.06200355663895607,No,True
977,0.12325061857700348,No,True
978,0.1548869013786316,No,True
979,0.23770061135292053,No,True
980,0.12321732193231583,No,True
981,0.292667418718338,No,True
982,0.04847988858819008,No,True
983,0.16454561054706573,No,True
984,0.006018291227519512,No,True
985,0.0668676346540451,No,True
986,0.5340068936347961,Yes,True
987,0.381182461977005,No,True
988,0.15810003876686096,No,True
989,0.18387489020824432,No,True
990,0.6208682060241699,Yes,True
991,0.42037054896354675,No,True
992,0.626280665397644,Yes,True
993,0.3000320494174957,No,True
98,0.11332583427429199,No,True
99,0.8617008924484253,Yes,True
996,0.15891456604003906,No,True
997,0.19035179913043976,No,True
998,0.15359175205230713,No,True
999,0.17438144981861115,No,True
1000,0.03686826303601265,No,True
1001,0.023673519492149353,No,True
1002,0.0021001091226935387,No,True
1003,0.08918517082929611,No,True
1004,0.00574198504909873,No,True
1005,0.1288394331932068,No,True
1006,0.08353707939386368,No,True
1007,0.061748407781124115,No,True
1008,0.12981799244880676,No,True
1009,0.26701709628105164,No,True
1010,0.5817800164222717,Yes,True
1011,0.36692628264427185,No,True
1012,0.3980981707572937,No,True
1013,0.4451911151409149,No,True
100,0.04459284245967865,No,True
101,0.12006597220897675,No,True
1016,0.07314274460077286,No,True
1017,0.1032957211136818,No,True
1018,0.11969403922557831,No,True
1019,0.0879046693444252,No,True
1020,0.029934441670775414,No,True
1021,0.054762694984674454,No,True
1022,0.1442212015390396,No,True
1023,0.23085975646972656,No,True
1024,0.012498060241341591,No,True
1025,0.2718295156955719,No,True
1026,0.4060279130935669,No,True
1027,0.2774614095687866,No,True
1028,0.09910310059785843,No,True
1029,0.20201711356639862,No,True
1030,0.45447292923927307,No,True
1031,0.4845575988292694,No,True
1032,0.34728506207466125,No,True
1033,0.43513989448547363,No,True
102,0.04872535169124603,No,True
103,0.5380972623825073,Yes,True
1036,0.2025233805179596,No,True
1037,0.26767969131469727,No,True
1038,0.07780662924051285,No,True
1039,0.16468501091003418,No,True
1040,0.16921153664588928,No,True
1041,0.17270946502685547,No,True
1042,0.0111836614087224,No,True
1043,0.03731662034988403,No,True
1044,0.004836482461541891,No,True
1045,0.10030661523342133,No,True
1046,0.04320495203137398,No,True
1047,0.2664760947227478,No,True
1048,0.0410710871219635,No,True
1049,0.15398730337619781,No,True
1050,0.26203304529190063,No,True
1051,0.10329785943031311,No,True
1052,0.7174935340881348,Yes,True
1053,0.29051387310028076,No,True
104,0.034424979239702225,No,True
105,0.2449779063463211,No,True
1056,0.24061496555805206,No,True
1057,0.1325843334197998,No,True
1058,0.09304878115653992,No,True
1059,0.07017545402050018,No,True
1060,0.030546752735972404,No,True
1061,0.14423437416553497,No,True
1062,0.024273870512843132,No,True
1063,0.1306399405002594,No,True
1064,0.010591414757072926,No,True
1065,0.13719771802425385,No,True
1066,0.03787863254547119,No,True
1067,0.20085997879505157,No,True
1068,0.10918363183736801,No,True
1069,0.16568924486637115,No,True
1070,0.7116512656211853,Yes,True
1071,0.37062036991119385,No,True
1072,0.7145567536354065,Yes,True
1073,0.4163649380207062,No,True
106,0.05884866043925285,No,True
107,0.26339539885520935,No,True
1076,0.5430060029029846,Yes,True
1077,0.22990718483924866,No,True
1078,0.16672289371490479,No,True
1079,0.24525217711925507,No,True
1080,0.03673531115055084,No,True
1081,0.16103993356227875,No,True
1082,0.044405438005924225,No,True
1083,0.07066719233989716,No,True
1084,0.00958668626844883,No,True
1085,0.13246116042137146,No,True
1086,0.1310979425907135,No,True
1087,0.3326717019081116,No,True
1088,0.10878583043813705,No,True
1089,0.10503122955560684,No,True
1090,0.29929953813552856,No,True
1091,0.224830761551857,No,True
1092,0.3145514726638794,No,True
1093,0.3370964825153351,No,True
108,0.11375323683023453,No,True
109,0.11189916729927063,No,True
1096,0.18204054236412048,No,True
1097,0.21134163439273834,No,True
1098,0.20610427856445312,No,True
1099,0.28028300404548645,No,True
1100,0.026003731414675713,No,True
1101,0.3560917377471924,No,True
1102,0.05232202261686325,No,True
1103,0.12710970640182495,No,True
1104,0.039432235062122345,No,True
1105,0.1145595833659172,No,True
1106,0.40706944465637207,No,True
1107,0.30482402443885803,No,True
1108,0.15998895466327667,No,True
1109,0.22367624938488007,No,True
1110,0.5838514566421509,Yes,True
1111,0.22946752607822418,No,True
1112,0.4646669924259186,No,True
1113,0.30567097663879395,No,True
110,0.12462028861045837,No,True
111,0.7993224263191223,Yes,True
1116,0.11692508310079575,No,True
1117,0.10294792801141739,No,True
1118,0.13624271750450134,No,True
1119,0.16728930175304413,No,True
1120,0.2652468979358673,No,True
1121,0.247085303068161,No,True
1122,0.09288731962442398,No,True
1123,0.12339570373296738,No,True
1124,0.028947947546839714,No,True
1125,0.13925901055335999,No,True
1126,0.41941574215888977,No,True
1127,0.403786301612854,No,True
1128,0.10265547037124634,No,True
1129,0.10071796178817749,No,True
1130,0.6089866757392883,Yes,True
1131,0.3915676176548004,No,True
1132,0.7767168879508972,Yes,True
1133,0.5461086630821228,Yes,True
112,0.05828940495848656,No,True
113,0.10197793692350388,No,True
1136,0.4778990149497986,No,True
1137,0.1940075010061264,No,True
1138,0.16443032026290894,No,True
1139,0.17320330440998077,No,True
1140,0.060318294912576675,No,True
1141,0.1721075177192688,No,True
1142,0.014493769966065884,No,True
1143,0.08491083979606628,No,True
1144,0.013679496943950653,No,True
1145,0.08953029662370682,No,True
1146,0.04702877253293991,No,True
1147,0.11950312554836273,No,True
1148,0.21486230194568634,No,True
1149,0.40110886096954346,No,True
1150,0.13127464056015015,No,True
1151,0.2702741324901581,No,True
1152,0.13090236485004425,No,True
1153,0.39890778064727783,No,True
114,0.05953602492809296,No,True
115,0.35832536220550537,No,True
1156,0.07809413224458694,No,True
1157,0.08286462724208832,No,True
1158,0.05209577456116676,No,True
1159,0.10814414173364639,No,True
1160,0.09399225562810898,No,True
1161,0.15426170825958252,No,True
1162,0.061667170375585556,No,True
1163,0.24314136803150177,No,True
1164,0.0037456979043781757,No,True
1165,0.07472790777683258,No,True
1166,0.37165555357933044,No,True
1167,0.3991141617298126,No,True
1168,0.13590744137763977,No,True
1169,0.2918941080570221,No,True
1170,0.3685407042503357,No,True
1171,0.28037163615226746,No,True
1172,0.23889847099781036,No,True
1173,0.2923123240470886,No,True
116,0.028368066996335983,No,True
117,0.028433792293071747,No,True
1176,0.16300617158412933,No,True
1177,0.20394249260425568,No,True
1178,0.11301671713590622,No,True
1179,0.1845182329416275,No,True
1180,0.12423985451459885,No,True
1181,0.14625170826911926,No,True
1182,0.07129678875207901,No,True
1183,0.22149129211902618,No,True
1184,0.011717877350747585,No,True
1185,0.13417558372020721,No,True
1186,0.46860915422439575,No,True
1187,0.3102191686630249,No,True
1188,0.2669821083545685,No,True
1189,0.36020100116729736,No,True
1190,0.6196267008781433,Yes,True
1191,0.3255876302719116,No,True
1192,0.2648528218269348,No,True
1193,0.2387971729040146,No,True
118,0.04704566299915314,No,True
119,0.10258888453245163,No,True
1196,0.18211551010608673,No,True
1197,0.18142689764499664,No,True
1198,0.24410094320774078,No,True
1199,0.30858755111694336,No,True
1200,0.013303750194609165,No,False
1201,0.15891394019126892,No,False
1202,0.03636127710342407,No,False
1203,0.2656090557575226,No,False
1204,0.007161425426602364,No,False
1205,0.13720184564590454,No,False
1206,0.46994730830192566,No,False
1207,0.6536661386489868,Yes,False
1208,0.3084430694580078,No,False
1209,0.2957984209060669,No,False
1210,0.5889790654182434,Yes,False
1211,0.8556476831436157,Yes,False
1212,0.4627596437931061,No,False
1213,0.5669859051704407,Yes,False
120,0.007397312205284834,No,False
121,0.0312553234398365,No,False
1216,0.5045316219329834,Yes,False
1217,0.7993451952934265,Yes,False
1218,0.2947268486022949,No,False
1219,0.5162709355354309,Yes,False
1220,0.02545299381017685,No,False
1221,0.4490378201007843,No,False
1222,0.007556216791272163,No,False
1223,0.30069446563720703,No,False
1224,0.001271451241336763,No,False
1225,0.12102262675762177,No,False
1226,0.04095454514026642,No,False
1227,0.8661983609199524,Yes,False
1228,0.014004293829202652,No,False
1229,0.3209933340549469,No,False
1230,0.13973106443881989,No,False
1231,0.90361487865448,Yes,False
1232,0.13961802423000336,No,False
1233,0.8580271005630493,Yes,False
122,0.05283857882022858,No,False
123,0.28700968623161316,No,False
1236,0.13105140626430511,No,False
1237,0.836867094039917,Yes,False
1238,0.11808226257562637,No,False
1239,0.6931165456771851,Yes,False
1240,0.30887365341186523,No,False
1241,0.824005126953125,Yes,False
1242,0.05548808351159096,No,False
1243,0.5137373208999634,Yes,False
1244,0.041538894176483154,No,False
1245,0.39856284856796265,No,False
1246,0.14597482979297638,No,False
1247,0.8925650715827942,Yes,False
1248,0.16717393696308136,No,False
1249,0.39316943287849426,No,False
1250,0.5006547570228577,Yes,False
1251,0.8890312910079956,Yes,False
1252,0.4710060954093933,No,False
1253,0.7915445566177368,Yes,False
124,0.12199359387159348,No,False
125,0.22493281960487366,No,False
1256,0.3115890324115753,No,False
1257,0.6840260624885559,Yes,False
1258,0.17783984541893005,No,False
1259,0.2955864667892456,No,False
1260,0.502903401851654,Yes,False
1261,0.7973202466964722,Yes,False
1262,0.056293074041604996,No,False
1263,0.41646429896354675,No,False
1264,0.0455172099173069,No,False
1265,0.32132968306541443,No,False
1266,0.2888602614402771,No,False
1267,0.8035880327224731,Yes,False
1268,0.14954403042793274,No,False
1269,0.38198399543762207,No,False
1270,0.6330065727233887,Yes,False
1271,0.8361541032791138,Yes,False
1272,0.5556184649467468,Yes,False
1273,0.8526911735534668,Yes,False
126,0.19958870112895966,No,False
127,0.5675332546234131,Yes,False
1276,0.2758030295372009,No,False
1277,0.5826929211616516,Yes,False
1278,0.29776036739349365,No,False
1279,0.5794265866279602,Yes,False
1280,0.14489801228046417,No,False
1281,0.5071004033088684,Yes,False
1282,0.052214667201042175,No,False
1283,0.3487737774848938,No,False
1284,0.04555204138159752,No,False
1285,0.2115098237991333,No,False
1286,0.0462365448474884,No,False
1287,0.8072457909584045,Yes,False
1288,0.017953721806406975,No,False
1289,0.15200430154800415,No,False
1290,0.12981751561164856,No,False
1291,0.89853435754776,Yes,False
1292,0.21693463623523712,No,False
1293,0.9287027716636658,Yes,False
128,0.07390981912612915,No,False
129,0.11921419203281403,No,False
1296,0.0651027262210846,No,False
1297,0.7704339027404785,Yes,False
1298,0.09652917087078094,No,False
1299,0.4128928482532501,No,False
1300,0.2878609001636505,No,False
1301,0.6402413845062256,Yes,False
1302,0.3435034155845642,No,False
1303,0.5823643207550049,Yes,False
1304,0.026679694652557373,No,False
1305,0.16431881487369537,No,False
1306,0.22804372012615204,No,False
1307,0.6929861903190613,Yes,False
1308,0.11827895045280457,No,False
1309,0.5180647969245911,Yes,False
1310,0.24705007672309875,No,False
1311,0.8164851069450378,Yes,False
1312,0.21269108355045319,No,False
1313,0.666313648223877,Yes,False
130,0.12329722940921783,No,False
131,0.8185272812843323,Yes,False
1316,0.27601781487464905,No,False
1317,0.5623034834861755,Yes,False
1318,0.30407068133354187,No,False
1319,0.522882878780365,Yes,False
1320,0.028847819194197655,No,False
1321,0.44783610105514526,No,False
1322,0.04077302664518356,No,False
1323,0.40692174434661865,No,False
1324,0.04790051281452179,No,False
1325,0.3418143689632416,No,False
1326,0.3683542311191559,No,False
1327,0.7953494787216187,Yes,False
1328,0.42921504378318787,No,False
1329,0.3314164876937866,No,False
1330,0.6337194442749023,Yes,False
1331,0.7749239802360535,Yes,False
1332,0.3677613139152527,No,False
1333,0.7825457453727722,Yes,False
132,0.12152086943387985,No,False
133,0.1760474294424057,No,False
1336,0.485522598028183,No,False
1337,0.7132465839385986,Yes,False
1338,0.35197511315345764,No,False
1339,0.4221765398979187,No,False
1340,0.019539711996912956,No,False
1341,0.49076899886131287,No,False
1342,0.040896572172641754,No,False
1343,0.48135411739349365,No,False
1344,0.009712772443890572,No,False
1345,0.38042131066322327,No,False
1346,0.1058930829167366,No,False
1347,0.8884915113449097,Yes,False
1348,0.08759985119104385,No,False
1349,0.41625139117240906,No,False
1350,0.4224933683872223,No,False
1351,0.9334308505058289,Yes,False
1352,0.21953518688678741,No,False
1353,0.8802959322929382,Yes,False
134,0.10645688325166702,No,False
135,0.621091902256012,Yes,False
1356,0.1732141673564911,No,False
1357,0.8097009062767029,Yes,False
1358,0.2014474719762802,No,False
1359,0.6959936618804932,Yes,False
1360,0.06830938905477524,No,False
1361,0.2914530336856842,No,False
1362,0.05960264429450035,No,False
1363,0.4330787658691406,No,False
1364,0.02254670485854149,No,False
1365,0.11687217652797699,No,False
1366,0.1477062851190567,No,False
1367,0.7500134706497192,Yes,False
1368,0.11995875090360641,No,False
1369,0.3235114514827728,No,False
1370,0.4341949224472046,No,False
1371,0.7870413661003113,Yes,False
1372,0.30694693326950073,No,False
1373,0.6003831624984741,Yes,False
136,0.02382642962038517,No,False
137,0.07478134334087372,No,False
1376,0.16120758652687073,No,False
1377,0.7236364483833313,Yes,False
1378,0.25286152958869934,No,False
1379,0.4104646146297455,No,False
1380,0.15171097218990326,No,False
1381,0.6627890467643738,Yes,False
1382,0.03865521028637886,No,False
1383,0.3922172784805298,No,False
1384,0.03697514906525612,No,False
1385,0.3114292025566101,No,False
1386,0.5683555603027344,Yes,False
1387,0.8295071721076965,Yes,False
1388,0.13948802649974823,No,False
1389,0.3808331787586212,No,False
1390,0.3867773413658142,No,False
1391,0.770628809928894,Yes,False
1392,0.31421560049057007,No,False
1393,0.6734240055084229,Yes,False
138,0.072221539914608,No,False
139,0.45703864097595215,No,False
1396,0.1769375056028366,No,False
1397,0.5083968639373779,Yes,False
1398,0.3075108528137207,No,False
1399,0.5409079194068909,Yes,False
1400,0.2754335105419159,No,False
1401,0.17549018561840057,No,False
1402,0.025478512048721313,No,False
1403,0.46526074409484863,No,False
1404,0.01643684320151806,No,False
1405,0.32259029150009155,No,False
1406,0.1941225379705429,No,False
1407,0.6096804141998291,Yes,False
1408,0.18385043740272522,No,False
1409,0.31334376335144043,No,False
1410,0.6543034315109253,Yes,False
1411,0.7688419818878174,Yes,False
1412,0.18279670178890228,No,False
1413,0.6878517270088196,Yes,False
140,0.09466356039047241,No,False
141,0.1809394210577011,No,False
1416,0.12611223757266998,No,False
1417,0.6484095454216003,Yes,False
1418,0.19101998209953308,No,False
1419,0.5926833152770996,Yes,False
1420,0.011377680115401745,No,False
1421,0.13535280525684357,No,False
1422,0.3911346197128296,No,False
1423,0.526556134223938,Yes,False
1424,0.021151449531316757,No,False
1425,0.4407901465892792,No,False
1426,0.545271098613739,Yes,False
1427,0.6162096858024597,Yes,False
1428,0.2543768882751465,No,False
1429,0.481967955827713,No,False
1430,0.514159083366394,Yes,False
1431,0.8089330196380615,Yes,False
1432,0.5158657431602478,Yes,False
1433,0.7373319864273071,Yes,False
142,0.11808144301176071,No,False
143,0.627917468547821,Yes,False
1436,0.37070873379707336,No,False
1437,0.6711351871490479,Yes,False
1438,0.16929998993873596,No,False
1439,0.5304324626922607,Yes,False
1440,0.17146429419517517,No,False
1441,0.5743779540061951,Yes,False
1442,0.08060705661773682,No,False
1443,0.37897902727127075,No,False
1444,0.01201450265944004,No,False
1445,0.301870733499527,No,False
1446,0.019719060510396957,No,False
1447,0.7938666939735413,Yes,False
1448,0.01530812680721283,No,False
1449,0.2751345932483673,No,False
1450,0.40220406651496887,No,False
1451,0.9041116237640381,Yes,False
1452,0.3477989733219147,No,False
1453,0.9579523205757141,Yes,False
144,0.05648866668343544,No,False
145,0.15087230503559113,No,False
1456,0.19937652349472046,No,False
1457,0.7166916728019714,Yes,False
1458,0.14547564089298248,No,False
1459,0.19358612596988678,No,False
1460,0.1626846045255661,No,False
1461,0.6101617813110352,Yes,False
1462,0.03682046756148338,No,False
1463,0.4766331613063812,No,False
1464,0.07188047468662262,No,False
1465,0.4963723123073578,No,False
1466,0.24599924683570862,No,False
1467,0.8533370494842529,Yes,False
1468,0.1597701609134674,No,False
1469,0.3433121144771576,No,False
1470,0.49890902638435364,No,False
1471,0.8573654890060425,Yes,False
1472,0.5171310901641846,Yes,False
1473,0.7783368229866028,Yes,False
146,0.08356311172246933,No,False
147,0.7037584781646729,Yes,False
1476,0.2746971547603607,No,False
1477,0.6947367191314697,Yes,False
1478,0.2873256802558899,No,False
1479,0.625038743019104,Yes,False
1480,0.04555859789252281,No,False
1481,0.4947754144668579,No,False
1482,0.053218673914670944,No,False
1483,0.2881716787815094,No,False
1484,0.02516939491033554,No,False
1485,0.37463295459747314,No,False
1486,0.15083594620227814,No,False
1487,0.7763519287109375,Yes,False
1488,0.0969265028834343,No,False
1489,0.349604994058609,No,False
1490,0.36307206749916077,No,False
1491,0.775388240814209,Yes,False
1492,0.3443060517311096,No,False
1493,0.6745551228523254,Yes,False
148,0.013633507303893566,No,False
149,0.023923244327306747,No,False
1496,0.2416922003030777,No,False
1497,0.6333739161491394,Yes,False
1498,0.2946566939353943,No,False
1499,0.5356945991516113,Yes,False
1500,0.13501812517642975,No,False
1501,0.7507561445236206,Yes,False
1502,0.16352277994155884,No,False
1503,0.36437278985977173,No,False
1504,0.07664455473423004,No,False
1505,0.2267528772354126,No,False
1506,0.40867161750793457,No,False
1507,0.7027738690376282,Yes,False
1508,0.19398127496242523,No,False
1509,0.37598341703414917,No,False
1510,0.6020269393920898,Yes,False
1511,0.8555454015731812,Yes,False
1512,0.5636178255081177,Yes,False
1513,0.6489614248275757,Yes,False
150,0.04251416027545929,No,False
151,0.345988929271698,No,False
1516,0.3094273805618286,No,False
1517,0.6401662826538086,Yes,False
1518,0.34894973039627075,No,False
1519,0.5400029420852661,Yes,False
1520,0.14486563205718994,No,False
1521,0.6091014742851257,Yes,False
1522,0.10372171550989151,No,False
1523,0.4048798084259033,No,False
1524,0.0554218590259552,No,False
1525,0.33232027292251587,No,False
1526,0.42720258235931396,No,False
1527,0.9050776958465576,Yes,False
1528,0.1245792955160141,No,False
1529,0.30312177538871765,No,False
1530,0.5018358826637268,Yes,False
1531,0.8219195008277893,Yes,False
1532,0.4782457947731018,No,False
1533,0.7548956871032715,Yes,False
152,0.0691138207912445,No,False
153,0.10593271255493164,No,False
1536,0.36253002285957336,No,False
1537,0.6789626479148865,Yes,False
1538,0.3298843801021576,No,False
1539,0.5106368660926819,Yes,False
1540,0.35958540439605713,No,False
1541,0.5513308048248291,Yes,False
1542,0.01862991973757744,No,False
1543,0.23749493062496185,No,False
1544,0.024978505447506905,No,False
1545,0.07486935704946518,No,False
1546,0.07626322656869888,No,False
1547,0.6172327995300293,Yes,False
1548,0.2852083146572113,No,False
1549,0.5231629014015198,Yes,False
1550,0.2846738398075104,No,False
1551,0.6908801794052124,Yes,False
1552,0.2016303390264511,No,False
1553,0.8163899183273315,Yes,False
154,0.0838308334350586,No,False
155,0.3614015579223633,No,False
1556,0.16814957559108734,No,False
1557,0.6654822826385498,Yes,False
1558,0.1414409726858139,No,False
1559,0.2992077171802521,No,False
1560,0.25731149315834045,No,False
1561,0.4509366452693939,No,False
1562,0.1440749317407608,No,False
1563,0.44838398694992065,No,False
1564,0.04621574655175209,No,False
1565,0.31746184825897217,No,False
1566,0.6978114247322083,Yes,False
1567,0.860305905342102,Yes,False
1568,0.28977325558662415,No,False
1569,0.5661294460296631,Yes,False
1570,0.5297514796257019,Yes,False
1571,0.7530825734138489,Yes,False
1572,0.5518665909767151,Yes,False
1573,0.6320651173591614,Yes,False
156,0.06691290438175201,No,False
157,0.13888485729694366,No,False
1576,0.4341106116771698,No,False
1577,0.6871001720428467,Yes,False
1578,0.3570821285247803,No,False
1579,0.541987419128418,Yes,False
1580,0.28556692600250244,No,False
1581,0.4594442844390869,No,False
1582,0.22518493235111237,No,False
1583,0.48877060413360596,No,False
1584,0.13055062294006348,No,False
1585,0.48776134848594666,No,False
1586,0.6167029142379761,Yes,False
1587,0.7974244356155396,Yes,False
1588,0.32086002826690674,No,False
1589,0.4924984872341156,No,False
1590,0.5955256819725037,Yes,False
1591,0.7879561185836792,Yes,False
1592,0.6658976078033447,Yes,False
1593,0.6374555826187134,Yes,False
158,0.07354773581027985,No,False
159,0.3642546236515045,No,False
1596,0.5069273710250854,Yes,False
1597,0.6936695575714111,Yes,False
1598,0.4082394540309906,No,False
1599,0.6080638766288757,Yes,False
1600,0.1312924027442932,No,True
1601,0.1657579094171524,No,True
1602,0.16171379387378693,No,True
1603,0.21825431287288666,No,True
1604,0.025114983320236206,No,True
1605,0.1516605019569397,No,True
1606,0.5236648321151733,Yes,True
1607,0.2983672618865967,No,True
1608,0.17134606838226318,No,True
1609,0.12181638181209564,No,True
1610,0.5467647910118103,Yes,True
1611,0.24563835561275482,No,True
1612,0.31939586997032166,No,True
1613,0.34153273701667786,No,True
160,0.09566280245780945,No,True
161,0.1403927057981491,No,True
1616,0.2085009515285492,No,True
1617,0.1385493278503418,No,True
1618,0.2672390341758728,No,True
1619,0.3372116684913635,No,True
1620,0.10789724439382553,No,True
1621,0.24539344012737274,No,True
1622,0.04574069008231163,No,True
1623,0.10080187767744064,No,True
1624,0.014519925229251385,No,True
1625,0.1868588775396347,No,True
1626,0.27531757950782776,No,True
1627,0.19950994849205017,No,True
1628,0.04141569137573242,No,True
1629,0.11135666817426682,No,True
1630,0.124756820499897,No,True
1631,0.17271944880485535,No,True
1632,0.33721187710762024,No,True
1633,0.20859555900096893,No,True
162,0.12677012383937836,No,True
163,0.3529283404350281,No,True
1636,0.3180947005748749,No,True
1637,0.1465163379907608,No,True
1638,0.10796567797660828,No,True
1639,0.22834378480911255,No,True
1640,0.37948736548423767,No,True
1641,0.4296562969684601,No,True
1642,0.2175990492105484,No,True
1643,0.30018842220306396,No,True
1644,0.05841260403394699,No,True
1645,0.18688322603702545,No,True
1646,0.37988221645355225,No,True
1647,0.3698174059391022,No,True
1648,0.15718460083007812,No,True
1649,0.27016985416412354,No,True
1650,0.5822745561599731,Yes,True
1651,0.4946666359901428,No,True
1652,0.45600059628486633,No,True
1653,0.4843500554561615,No,True
164,0.0274517685174942,No,True
165,0.09439337998628616,No,True
1656,0.3458632826805115,No,True
1657,0.2532263398170471,No,True
1658,0.22552348673343658,No,True
1659,0.2845538556575775,No,True
1660,0.2450709491968155,No,True
1661,0.47486719489097595,No,True
1662,0.0808032676577568,No,True
1663,0.13672523200511932,No,True
1664,0.01437204796820879,No,True
1665,0.1446453332901001,No,True
1666,0.27866363525390625,No,True
1667,0.2717902362346649,No,True
1668,0.0986650362610817,No,True
1669,0.2813889980316162,No,True
1670,0.3500640094280243,No,True
1671,0.4853493273258209,No,True
1672,0.317440927028656,No,True
1673,0.38907697796821594,No,True
166,0.07722018659114838,No,True
167,0.6852537989616394,Yes,True
1676,0.13337334990501404,No,True
1677,0.19865474104881287,No,True
1678,0.16824062168598175,No,True
1679,0.29332107305526733,No,True
1680,0.29355111718177795,No,True
1681,0.33673763275146484,No,True
1682,0.13135068118572235,No,True
1683,0.1472446322441101,No,True
1684,0.05470716208219528,No,True
1685,0.13483279943466187,No,True
1686,0.24133768677711487,No,True
1687,0.2378375381231308,No,True
1688,0.07452347129583359,No,True
1689,0.3084455728530884,No,True
1690,0.17741861939430237,No,True
1691,0.20798468589782715,No,True
1692,0.3884058892726898,No,True
1693,0.35232818126678467,No,True
168,0.23879356682300568,No,True
169,0.165835440158844,No,True
1696,0.42181476950645447,No,True
1697,0.17315785586833954,No,True
1698,0.17732618749141693,No,True
1699,0.2753344774246216,No,True
1700,0.20155546069145203,No,True
1701,0.2901972532272339,No,True
1702,0.23463690280914307,No,True
1703,0.29286131262779236,No,True
1704,0.045072294771671295,No,True
1705,0.11276637017726898,No,True
1706,0.14144326746463776,No,True
1707,0.19299693405628204,No,True
1708,0.2952587902545929,No,True
1709,0.45334315299987793,No,True
1710,0.2861270606517792,No,True
1711,0.15710893273353577,No,True
1712,0.19621391594409943,No,True
1713,0.23647832870483398,No,True
170,0.2416863888502121,No,True
171,0.6179047226905823,Yes,True
1716,0.4280257523059845,No,True
1717,0.1106528639793396,No,True
1718,0.436043381690979,No,True
1719,0.3906134366989136,No,True
1720,0.14962680637836456,No,True
1721,0.3986239433288574,No,True
1722,0.020218897610902786,No,True
1723,0.13183608651161194,No,True
1724,0.09698577225208282,No,True
1725,0.1823205202817917,No,True
1726,0.6477309465408325,Yes,True
1727,0.23933357000350952,No,True
1728,0.2657124996185303,No,True
1729,0.21818919479846954,No,True
1730,0.39881449937820435,No,True
1731,0.6231107115745544,Yes,True
1732,0.2315252125263214,No,True
1733,0.20857082307338715,No,True
172,0.10614611953496933,No,True
173,0.16949132084846497,No,True
1736,0.15627147257328033,No,True
1737,0.16721774637699127,No,True
1738,0.1903650313615799,No,True
1739,0.2217332422733307,No,True
1740,0.10248251259326935,No,True
1741,0.18037809431552887,No,True
1742,0.18670038878917694,No,True
1743,0.27181705832481384,No,True
1744,0.03987030312418938,No,True
1745,0.25665634870529175,No,True
1746,0.38112860918045044,No,True
1747,0.2549647092819214,No,True
1748,0.11540263146162033,No,True
1749,0.24097873270511627,No,True
1750,0.620265007019043,Yes,True
1751,0.38697245717048645,No,True
1752,0.3286129832267761,No,True
1753,0.32747408747673035,No,True
174,0.19209545850753784,No,True
175,0.5252283811569214,Yes,True
1756,0.41201087832450867,No,True
1757,0.20230169594287872,No,True
1758,0.16736336052417755,No,True
1759,0.25552499294281006,No,True
1760,0.2602854073047638,No,True
1761,0.3356505036354065,No,True
1762,0.16051457822322845,No,True
1763,0.1847268044948578,No,True
1764,0.05428173020482063,No,True
1765,0.15986813604831696,No,True
1766,0.3578141927719116,No,True
1767,0.359893798828125,No,True
1768,0.22427409887313843,No,True
1769,0.3443305194377899,No,True
1770,0.49209848046302795,No,True
1771,0.4777650237083435,No,True
1772,0.40604323148727417,No,True
1773,0.4076094627380371,No,True
176,0.1973899006843567,No,True
177,0.14286889135837555,No,True
1776,0.22236277163028717,No,True
1777,0.23190267384052277,No,True
1778,0.21110416948795319,No,True
1779,0.2895292639732361,No,True
1780,0.43537020683288574,No,True
1781,0.5133621692657471,Yes,True
1782,0.1944611817598343,No,True
1783,0.2961031198501587,No,True
1784,0.04721352830529213,No,True
1785,0.16426323354244232,No,True
1786,0.6117514371871948,Yes,True
1787,0.3810449242591858,No,True
1788,0.2648997902870178,No,True
1789,0.3797568678855896,No,True
1790,0.5375403165817261,Yes,True
1791,0.5192042589187622,Yes,True
1792,0.39713430404663086,No,True
1793,0.41761913895606995,No,True
178,0.176570862531662,No,True
179,0.7531432509422302,Yes,True
1796,0.2589511275291443,No,True
1797,0.3052423894405365,No,True
1798,0.27239954471588135,No,True
1799,0.3229545056819916,No,True
1800,0.2298298180103302,No,True
1801,0.06765756756067276,No,True
1802,0.020420098677277565,No,True
1803,0.1931467056274414,No,True
1804,0.026126036420464516,No,True
1805,0.19294743239879608,No,True
1806,0.15677602589130402,No,True
1807,0.09449019283056259,No,True
1808,0.345365971326828,No,True
1809,0.47287046909332275,No,True
1810,0.5424323081970215,Yes,True
1811,0.4185079336166382,No,True
1812,0.4250812232494354,No,True
1813,0.5038018226623535,Yes,True
180,0.06343811750411987,No,True
181,0.15301819145679474,No,True
1816,0.10525057464838028,No,True
1817,0.17319312691688538,No,True
1818,0.17320896685123444,No,True
1819,0.14198234677314758,No,True
1820,0.09007743000984192,No,True
1821,0.16732385754585266,No,True
1822,0.23930715024471283,No,True
1823,0.24653631448745728,No,True
1824,0.048015229403972626,No,True
1825,0.35465699434280396,No,True
1826,0.5339930653572083,Yes,True
1827,0.32137149572372437,No,True
1828,0.1355113387107849,No,True
1829,0.24178650975227356,No,True
1830,0.39684802293777466,No,True
1831,0.5142287015914917,Yes,True
1832,0.29915156960487366,No,True
1833,0.3443361520767212,No,True
182,0.06907390058040619,No,True
183,0.565442681312561,Yes,True
1836,0.28123825788497925,No,True
1837,0.2845076024532318,No,True
1838,0.10590503364801407,No,True
1839,0.2152131050825119,No,True
1840,0.3233031630516052,No,True
1841,0.404916912317276,No,True
1842,0.08830679208040237,No,True
1843,0.10919231176376343,No,True
1844,0.028059853240847588,No,True
1845,0.17153960466384888,No,True
1846,0.21220619976520538,No,True
1847,0.2925489842891693,No,True
1848,0.12479117512702942,No,True
1849,0.24751922488212585,No,True
1850,0.2427651584148407,No,True
1851,0.18693634867668152,No,True
1852,0.4824921488761902,No,True
1853,0.2625487148761749,No,True
184,0.06255117803812027,No,True
185,0.2899458706378937,No,True
1856,0.31593966484069824,No,True
1857,0.22632697224617004,No,True
1858,0.15727637708187103,No,True
1859,0.18128208816051483,No,True
1860,0.19796812534332275,No,True
1861,0.2816868722438812,No,True
1862,0.12748916447162628,No,True
1863,0.20693053305149078,No,True
1864,0.03389957547187805,No,True
1865,0.1810111701488495,No,True
1866,0.17988449335098267,No,True
1867,0.31374791264533997,No,True
1868,0.23878009617328644,No,True
1869,0.3242568075656891,No,True
1870,0.6346837878227234,Yes,True
1871,0.5669257044792175,Yes,True
1872,0.5322508215904236,Yes,True
1873,0.4826837182044983,No,True
186,0.13016752898693085,No,True
187,0.2722577750682831,No,True
1876,0.4604266881942749,No,True
1877,0.3497929275035858,No,True
1878,0.22340844571590424,No,True
1879,0.3378021717071533,No,True
1880,0.08680238574743271,No,True
1881,0.2784995436668396,No,True
1882,0.15052282810211182,No,True
1883,0.14036330580711365,No,True
1884,0.026412302628159523,No,True
1885,0.17200486361980438,No,True
1886,0.28052079677581787,No,True
1887,0.3723026514053345,No,True
1888,0.1655540019273758,No,True
1889,0.1810186803340912,No,True
1890,0.3135024607181549,No,True
1891,0.4603024423122406,No,True
1892,0.35491520166397095,No,True
1893,0.3683273196220398,No,True
188,0.2115224450826645,No,True
189,0.18503956496715546,No,True
1896,0.292084276676178,No,True
1897,0.279952734708786,No,True
1898,0.23358745872974396,No,True
1899,0.38528862595558167,No,True
1900,0.12495195120573044,No,True
1901,0.5135045647621155,Yes,True
1902,0.16522182524204254,No,True
1903,0.15104955434799194,No,True
1904,0.12791994214057922,No,True
1905,0.19174008071422577,No,True
1906,0.38525497913360596,No,True
1907,0.25342780351638794,No,True
1908,0.2613179683685303,No,True
1909,0.30398133397102356,No,True
1910,0.5926532745361328,Yes,True
1911,0.3204028904438019,No,True
1912,0.4608227610588074,No,True
1913,0.42329514026641846,No,True
190,0.15145272016525269,No,True
191,0.7497063279151917,Yes,True
1916,0.20192715525627136,No,True
1917,0.17622493207454681,No,True
1918,0.24329131841659546,No,True
1919,0.2635568082332611,No,True
1920,0.357139527797699,No,True
1921,0.4113425016403198,No,True
1922,0.22506427764892578,No,True
1923,0.17386645078659058,No,True
1924,0.08742684125900269,No,True
1925,0.1844557821750641,No,True
1926,0.4012402594089508,No,True
1927,0.3799327611923218,No,True
1928,0.17025166749954224,No,True
1929,0.19123105704784393,No,True
1930,0.5387703776359558,Yes,True
1931,0.5195974111557007,Yes,True
1932,0.6067471504211426,Yes,True
1933,0.627903401851654,Yes,True
192,0.06902485340833664,No,True
193,0.08554428070783615,No,True
1936,0.35250619053840637,No,True
1937,0.27293074131011963,No,True
1938,0.19147497415542603,No,True
1939,0.2829517722129822,No,True
1940,0.17229071259498596,No,True
1941,0.28884053230285645,No,True
1942,0.10435105860233307,No,True
1943,0.16087666153907776,No,True
1944,0.06295538693666458,No,True
1945,0.21003848314285278,No,True
1946,0.0793968215584755,No,True
1947,0.14906619489192963,No,True
1948,0.35353806614875793,No,True
1949,0.47141045331954956,No,True
1950,0.1872924566268921,No,True
1951,0.3679593503475189,No,True
1952,0.16108430922031403,No,True
1953,0.33179330825805664,No,True
194,0.09862315654754639,No,True
195,0.3545723259449005,No,True
1956,0.20372147858142853,No,True
1957,0.15041226148605347,No,True
1958,0.10031376779079437,No,True
1959,0.23131245374679565,No,True
1960,0.24104911088943481,No,True
1961,0.40068480372428894,No,True
1962,0.20688848197460175,No,True
1963,0.3057415783405304,No,True
1964,0.01860228180885315,No,True
1965,0.17068244516849518,No,True
1966,0.39861854910850525,No,True
1967,0.3804282248020172,No,True
1968,0.2286156862974167,No,True
1969,0.4377272129058838,No,True
1970,0.3405460715293884,No,True
1971,0.41990047693252563,No,True
1972,0.2688896059989929,No,True
1973,0.2740415334701538,No,True
196,0.06479129940271378,No,True
197,0.06202894076704979,No,True
1976,0.24909548461437225,No,True
1977,0.23200631141662598,No,True
1978,0.15071555972099304,No,True
1979,0.27900147438049316,No,True
1980,0.24262376129627228,No,True
1981,0.3422422409057617,No,True
1982,0.2115626037120819,No,True
1983,0.2780340909957886,No,True
1984,0.031786397099494934,No,True
1985,0.19052530825138092,No,True
1986,0.4139425754547119,No,True
1987,0.2914676368236542,No,True
1988,0.3839414119720459,No,True
1989,0.47798454761505127,No,True
1990,0.5272725224494934,Yes,True
1991,0.48893728852272034,No,True
1992,0.3351602554321289,No,True
1993,0.2232474386692047,No,True
198,0.09701844304800034,No,True
199,0.1955881267786026,No,True
1996,0.25805503129959106,No,True
1997,0.18999166786670685,No,True
1998,0.28583499789237976,No,True
1999,0.32315903902053833,No,True
2000,0.034922659397125244,No,False
2001,0.3442266583442688,No,False
2002,0.1195380911231041,No,False
2003,0.34563329815864563,No,False
2004,0.020330701023340225,No,False
2005,0.21964886784553528,No,False
2006,0.5233389139175415,Yes,False
2007,0.6510530710220337,Yes,False
2008,0.3270981013774872,No,False
2009,0.3106518089771271,No,False
2010,0.6299430131912231,Yes,False
2011,0.7912634015083313,Yes,False
2012,0.4049161374568939,No,False
2013,0.6043868064880371,Yes,False
200,0.028044840320944786,No,False
201,0.08075863867998123,No,False
2016,0.56243497133255,Yes,False
2017,0.7566392421722412,Yes,False
2018,0.3587765395641327,No,False
2019,0.5473397374153137,Yes,False
2020,0.07060878723859787,No,False
2021,0.5507428646087646,Yes,False
2022,0.056157004088163376,No,False
2023,0.4569132626056671,No,False
2024,0.006249990779906511,No,False
2025,0.2310114949941635,No,False
2026,0.07847068458795547,No,False
2027,0.7852388620376587,Yes,False
2028,0.031013749539852142,No,False
2029,0.4208565354347229,No,False
2030,0.16169056296348572,No,False
2031,0.8193304538726807,Yes,False
2032,0.09377471357584,No,False
2033,0.8206758499145508,Yes,False
202,0.07054737955331802,No,False
203,0.2910740375518799,No,False
2036,0.17708010971546173,No,False
2037,0.7812753319740295,Yes,False
2038,0.14678654074668884,No,False
2039,0.6295871734619141,Yes,False
2040,0.2775408625602722,No,False
2041,0.718269944190979,Yes,False
2042,0.1626247763633728,No,False
2043,0.5821981430053711,Yes,False
2044,0.069875568151474,No,False
2045,0.38585737347602844,No,False
2046,0.23478521406650543,No,False
2047,0.8171660304069519,Yes,False
2048,0.2677161395549774,No,False
2049,0.4960239827632904,No,False
2050,0.500582754611969,Yes,False
2051,0.8524816632270813,Yes,False
2052,0.3734641969203949,No,False
2053,0.8029547333717346,Yes,False
204,0.12377489358186722,No,False
205,0.20852717757225037,No,False
2056,0.29568588733673096,No,False
2057,0.6854346394538879,Yes,False
2058,0.2244551181793213,No,False
2059,0.43162643909454346,No,False
2060,0.4309081733226776,No,False
2061,0.7325385808944702,Yes,False
2062,0.1592421680688858,No,False
2063,0.4179220497608185,No,False
2064,0.13076891005039215,No,False
2065,0.41597846150398254,No,False
2066,0.38242337107658386,No,False
2067,0.7350510358810425,Yes,False
2068,0.24893032014369965,No,False
2069,0.46020129323005676,No,False
2070,0.6833586096763611,Yes,False
2071,0.8634904026985168,Yes,False
2072,0.5382369160652161,Yes,False
2073,0.7961586117744446,Yes,False
206,0.25763794779777527,No,False
207,0.5010478496551514,Yes,False
2076,0.39531993865966797,No,False
2077,0.5942084193229675,Yes,False
2078,0.43138131499290466,No,False
2079,0.5866252779960632,Yes,False
2080,0.2307308465242386,No,False
2081,0.6775416135787964,Yes,False
2082,0.08346778899431229,No,False
2083,0.38565266132354736,No,False
2084,0.09036443382501602,No,False
2085,0.2816177308559418,No,False
2086,0.08472748100757599,No,False
2087,0.6947081089019775,Yes,False
2088,0.07046815007925034,No,False
2089,0.4126361608505249,No,False
2090,0.16015638411045074,No,False
2091,0.8554336428642273,Yes,False
2092,0.21370574831962585,No,False
2093,0.8991988301277161,Yes,False
208,0.1455153375864029,No,False
209,0.17529736459255219,No,False
2096,0.12797385454177856,No,False
2097,0.730560839176178,Yes,False
2098,0.1567671298980713,No,False
2099,0.5192627906799316,Yes,False
2100,0.32545405626296997,No,False
2101,0.6985726952552795,Yes,False
2102,0.4290631115436554,No,False
2103,0.5799556970596313,Yes,False
2104,0.0843760222196579,No,False
2105,0.2434687465429306,No,False
2106,0.2823719382286072,No,False
2107,0.632792055606842,Yes,False
2108,0.23977988958358765,No,False
2109,0.6225728392601013,Yes,False
2110,0.3883424401283264,No,False
2111,0.7828818559646606,Yes,False
2112,0.23534876108169556,No,False
2113,0.749018669128418,Yes,False
210,0.13609355688095093,No,False
211,0.7195777297019958,Yes,False
2116,0.43702447414398193,No,False
2117,0.5600756406784058,Yes,False
2118,0.5134133696556091,Yes,False
2119,0.5871285796165466,Yes,False
2120,0.06285280734300613,No,False
2121,0.5792997479438782,Yes,False
2122,0.12523724138736725,No,False
2123,0.3979116380214691,No,False
2124,0.12105382233858109,No,False
2125,0.4085693657398224,No,False
2126,0.37967631220817566,No,False
2127,0.7012035846710205,Yes,False
2128,0.48821109533309937,No,False
2129,0.3504306972026825,No,False
2130,0.6328377723693848,Yes,False
2131,0.7898319959640503,Yes,False
2132,0.4222314953804016,No,False
2133,0.7534255981445312,Yes,False
212,0.11799166351556778,No,False
213,0.15734732151031494,No,False
2136,0.49234846234321594,No,False
2137,0.655002772808075,Yes,False
2138,0.3868885934352875,No,False
2139,0.5071679353713989,Yes,False
2140,0.034296996891498566,No,False
2141,0.6076669692993164,Yes,False
2142,0.12622596323490143,No,False
2143,0.6119772791862488,Yes,False
2144,0.02462063543498516,No,False
2145,0.443511426448822,No,False
2146,0.1330672800540924,No,False
2147,0.8183993697166443,Yes,False
2148,0.1856754869222641,No,False
2149,0.5659124255180359,Yes,False
2150,0.4417418837547302,No,False
2151,0.866618275642395,Yes,False
2152,0.18389692902565002,No,False
2153,0.8396194577217102,Yes,False
214,0.20026840269565582,No,False
215,0.561917781829834,Yes,False
2156,0.2445671409368515,No,False
2157,0.7960447669029236,Yes,False
2158,0.24137580394744873,No,False
2159,0.6941335797309875,Yes,False
2160,0.22730691730976105,No,False
2161,0.5000261664390564,Yes,False
2162,0.18266308307647705,No,False
2163,0.4732826054096222,No,False
2164,0.09394403547048569,No,False
2165,0.26146066188812256,No,False
2166,0.2841482162475586,No,False
2167,0.6938484311103821,Yes,False
2168,0.26793038845062256,No,False
2169,0.5447481870651245,Yes,False
2170,0.5120914578437805,Yes,False
2171,0.7570352554321289,Yes,False
2172,0.36320924758911133,No,False
2173,0.6788257360458374,Yes,False
216,0.09029951691627502,No,False
217,0.09076886624097824,No,False
2176,0.3595147728919983,No,False
2177,0.6574727892875671,Yes,False
2178,0.3624301552772522,No,False
2179,0.48827970027923584,No,False
2180,0.26309528946876526,No,False
2181,0.6876296401023865,Yes,False
2182,0.2023925632238388,No,False
2183,0.5048317313194275,Yes,False
2184,0.10087189823389053,No,False
2185,0.4165729582309723,No,False
2186,0.5370813608169556,Yes,False
2187,0.7720392346382141,Yes,False
2188,0.2874845564365387,No,False
2189,0.5610185265541077,Yes,False
2190,0.45142918825149536,No,False
2191,0.7398887872695923,Yes,False
2192,0.3179077208042145,No,False
2193,0.7389687895774841,Yes,False
218,0.17223390936851501,No,False
219,0.46037429571151733,No,False
2196,0.31441086530685425,No,False
2197,0.6056013703346252,Yes,False
2198,0.40942299365997314,No,False
2199,0.5834296345710754,Yes,False
2200,0.3290378153324127,No,False
2201,0.41581451892852783,No,False
2202,0.08902643620967865,No,False
2203,0.5479761958122253,Yes,False
2204,0.04031866043806076,No,False
2205,0.4161711037158966,No,False
2206,0.24670764803886414,No,False
2207,0.552083432674408,Yes,False
2208,0.3947388231754303,No,False
2209,0.5571525692939758,Yes,False
2210,0.6681483387947083,Yes,False
2211,0.7747918367385864,Yes,False
2212,0.2672210931777954,No,False
2213,0.748775064945221,Yes,False
220,0.12979236245155334,No,False
221,0.19130727648735046,No,False
2216,0.23422254621982574,No,False
2217,0.6369547843933105,Yes,False
2218,0.3046456277370453,No,False
2219,0.6259496212005615,Yes,False
2220,0.03190843388438225,No,False
2221,0.2981583774089813,No,False
2222,0.406171977519989,No,False
2223,0.536250114440918,Yes,False
2224,0.046697963029146194,No,False
2225,0.5507920980453491,Yes,False
2226,0.5912785530090332,Yes,False
2227,0.6489430069923401,Yes,False
2228,0.28365880250930786,No,False
2229,0.5185279846191406,Yes,False
2230,0.5452110767364502,Yes,False
2231,0.7976880073547363,Yes,False
2232,0.5077066421508789,Yes,False
2233,0.6548874378204346,Yes,False
222,0.1378350406885147,No,False
223,0.62476646900177,Yes,False
2236,0.3618692457675934,No,False
2237,0.6617735624313354,Yes,False
2238,0.22474662959575653,No,False
2239,0.6192778944969177,Yes,False
2240,0.2609001100063324,No,False
2241,0.6367272734642029,Yes,False
2242,0.1651705950498581,No,False
2243,0.49416500329971313,No,False
2244,0.028266875073313713,No,False
2245,0.34612831473350525,No,False
2246,0.09901205450296402,No,False
2247,0.7582184672355652,Yes,False
2248,0.04227137565612793,No,False
2249,0.38956183195114136,No,False
2250,0.4462171196937561,No,False
2251,0.8101437091827393,Yes,False
2252,0.2899165451526642,No,False
2253,0.92961585521698,Yes,False
224,0.10767510533332825,No,False
225,0.16225691139698029,No,False
2256,0.2664493918418884,No,False
2257,0.6724231243133545,Yes,False
2258,0.18329571187496185,No,False
2259,0.3187158703804016,No,False
2260,0.18145732581615448,No,False
2261,0.6609302163124084,Yes,False
2262,0.09841255843639374,No,False
2263,0.5541830658912659,Yes,False
2264,0.08370545506477356,No,False
2265,0.48254910111427307,No,False
2266,0.3561307191848755,No,False
2267,0.8162243366241455,Yes,False
2268,0.3167591691017151,No,False
2269,0.49211183190345764,No,False
2270,0.5335469841957092,Yes,False
2271,0.8593481779098511,Yes,False
2272,0.4772339165210724,No,False
2273,0.797025740146637,Yes,False
226,0.22737355530261993,No,False
227,0.6069140434265137,Yes,False
2276,0.3989062011241913,No,False
2277,0.6993458271026611,Yes,False
2278,0.39196768403053284,No,False
2279,0.6166934370994568,Yes,False
2280,0.05952934920787811,No,False
2281,0.5347750186920166,Yes,False
2282,0.11853189021348953,No,False
2283,0.41255292296409607,No,False
2284,0.0366896353662014,No,False
2285,0.4069608449935913,No,False
2286,0.2522846758365631,No,False
2287,0.7154898047447205,Yes,False
2288,0.12499351054430008,No,False
2289,0.3740527927875519,No,False
2290,0.3856757581233978,No,False
2291,0.8210898041725159,Yes,False
2292,0.3064737319946289,No,False
2293,0.7226664423942566,Yes,False
228,0.039144352078437805,No,False
229,0.07167469710111618,No,False
2296,0.27722758054733276,No,False
2297,0.6367422938346863,Yes,False
2298,0.28656578063964844,No,False
2299,0.5537298321723938,Yes,False
2300,0.1478394716978073,No,False
2301,0.7657620906829834,Yes,False
2302,0.2828550636768341,No,False
2303,0.4152831733226776,No,False
2304,0.18523061275482178,No,False
2305,0.33250123262405396,No,False
2306,0.4316553771495819,No,False
2307,0.570829451084137,Yes,False
2308,0.25902560353279114,No,False
2309,0.4609059989452362,No,False
2310,0.6711372137069702,Yes,False
2311,0.811015784740448,Yes,False
2312,0.6223998665809631,Yes,False
2313,0.7418323159217834,Yes,False
230,0.08634072542190552,No,False
231,0.4533833861351013,No,False
2316,0.33787792921066284,No,False
2317,0.6204521059989929,Yes,False
2318,0.5143553614616394,Yes,False
2319,0.5963867902755737,Yes,False
2320,0.1734074205160141,No,False
2321,0.6598691344261169,Yes,False
2322,0.20529119670391083,No,False
2323,0.4904250204563141,No,False
2324,0.0794248878955841,No,False
2325,0.33959096670150757,No,False
2326,0.3186250627040863,No,False
2327,0.8114526271820068,Yes,False
2328,0.14273019134998322,No,False
2329,0.37993288040161133,No,False
2330,0.4818706214427948,No,False
2331,0.8219689130783081,Yes,False
2332,0.37740907073020935,No,False
2333,0.7676370739936829,Yes,False
232,0.08178619295358658,No,False
233,0.12499130517244339,No,False
2336,0.3312262296676636,No,False
2337,0.6613229513168335,Yes,False
2338,0.3531796336174011,No,False
2339,0.5399267673492432,Yes,False
2340,0.3020086884498596,No,False
2341,0.5943048000335693,Yes,False
2342,0.0877380520105362,No,False
2343,0.3158774673938751,No,False
2344,0.08697973191738129,No,False
2345,0.1564599573612213,No,False
2346,0.08816831558942795,No,False
2347,0.5499095320701599,Yes,False
2348,0.4103347361087799,No,False
2349,0.6061265468597412,Yes,False
2350,0.3390430808067322,No,False
2351,0.7442410588264465,Yes,False
2352,0.2274169772863388,No,False
2353,0.7647539973258972,Yes,False
234,0.1261332780122757,No,False
235,0.356702983379364,No,False
2356,0.3017895519733429,No,False
2357,0.713565468788147,Yes,False
2358,0.23009854555130005,No,False
2359,0.46402448415756226,No,False
2360,0.3541809618473053,No,False
2361,0.6174902319908142,Yes,False
2362,0.27952486276626587,No,False
2363,0.5037506222724915,Yes,False
2364,0.1146637573838234,No,False
2365,0.4602976441383362,No,False
2366,0.5679653286933899,Yes,False
2367,0.7579376101493835,Yes,False
2368,0.4231562614440918,No,False
2369,0.6494645476341248,Yes,False
2370,0.6017706990242004,Yes,False
2371,0.783833384513855,Yes,False
2372,0.4798665940761566,No,False
2373,0.668087363243103,Yes,False
236,0.12563259899616241,No,False
237,0.1330246478319168,No,False
2376,0.4707705080509186,No,False
2377,0.6662136316299438,Yes,False
2378,0.44843998551368713,No,False
2379,0.5865556597709656,Yes,False
2380,0.32453587651252747,No,False
2381,0.5943142175674438,Yes,False
2382,0.2893155515193939,No,False
2383,0.5273861885070801,Yes,False
2384,0.14125750958919525,No,False
2385,0.4913637936115265,No,False
2386,0.5599982738494873,Yes,False
2387,0.7596803307533264,Yes,False
2388,0.44378140568733215,No,False
2389,0.610291063785553,Yes,False
2390,0.6209600567817688,Yes,False
2391,0.7864423990249634,Yes,False
2392,0.5741101503372192,Yes,False
2393,0.6970365643501282,Yes,False
238,0.08807424455881119,No,False
239,0.3125917315483093,No,False
2396,0.5120954513549805,Yes,False
2397,0.6642894744873047,Yes,False
2398,0.44717684388160706,No,False
2399,0.5906389355659485,Yes,False
2400,0.16343049705028534,No,True
2401,0.06170441582798958,No,True
2402,0.0767425149679184,No,True
2403,0.17676973342895508,No,True
2404,0.03955268859863281,No,True
2405,0.14603815972805023,No,True
2406,0.598146378993988,Yes,True
2407,0.2088571935892105,No,True
2408,0.21651160717010498,No,True
2409,0.1920493245124817,No,True
2410,0.740492045879364,Yes,True
2411,0.2697376608848572,No,True
2412,0.37976154685020447,No,True
2413,0.4387966990470886,No,True
240,0.11846203356981277,No,True
241,0.16970784962177277,No,True
2416,0.293725848197937,No,True
2417,0.1310800313949585,No,True
2418,0.34722229838371277,No,True
2419,0.3921002149581909,No,True
2420,0.15315361320972443,No,True
2421,0.15047615766525269,No,True
2422,0.02414747141301632,No,True
2423,0.08727717399597168,No,True
2424,0.03362167999148369,No,True
2425,0.15019606053829193,No,True
2426,0.38401174545288086,No,True
2427,0.2033848613500595,No,True
2428,0.04824680835008621,No,True
2429,0.12116969376802444,No,True
2430,0.2520469129085541,No,True
2431,0.14505435526371002,No,True
2432,0.832876443862915,Yes,True
2433,0.30881181359291077,No,True
242,0.14564292132854462,No,True
243,0.5897336602210999,Yes,True
2436,0.7956395149230957,Yes,True
2437,0.10695693641901016,No,True
2438,0.3643086850643158,No,True
2439,0.28372886776924133,No,True
2440,0.5711274743080139,Yes,True
2441,0.4334033131599426,No,True
2442,0.18809856474399567,No,True
2443,0.2960661053657532,No,True
2444,0.2268335223197937,No,True
2445,0.3067971467971802,No,True
2446,0.5962702631950378,Yes,True
2447,0.4006921350955963,No,True
2448,0.16075485944747925,No,True
2449,0.22292540967464447,No,True
2450,0.8480656743049622,Yes,True
2451,0.567809522151947,Yes,True
2452,0.8737114071846008,Yes,True
2453,0.6778297424316406,Yes,True
244,0.05604613944888115,No,True
245,0.15794490277767181,No,True
2456,0.6898879408836365,Yes,True
2457,0.2700594365596771,No,True
2458,0.3970722556114197,No,True
2459,0.30499133467674255,No,True
2460,0.1706773340702057,No,True
2461,0.4250769019126892,No,True
2462,0.07020846009254456,No,True
2463,0.22047460079193115,No,True
2464,0.015471677295863628,No,True
2465,0.14452609419822693,No,True
2466,0.38985493779182434,No,True
2467,0.34616976976394653,No,True
2468,0.10178392380475998,No,True
2469,0.31214168667793274,No,True
2470,0.551185131072998,Yes,True
2471,0.6426528096199036,Yes,True
2472,0.5917585492134094,Yes,True
2473,0.6128355264663696,Yes,True
246,0.06589925289154053,No,True
247,0.9272494316101074,Yes,True
2476,0.12446645647287369,No,True
2477,0.2194473147392273,No,True
2478,0.2682718336582184,No,True
2479,0.41111433506011963,No,True
2480,0.31077221035957336,No,True
2481,0.27580687403678894,No,True
2482,0.12777090072631836,No,True
2483,0.1814114898443222,No,True
2484,0.15671482682228088,No,True
2485,0.15695564448833466,No,True
2486,0.44463658332824707,No,True
2487,0.3273308277130127,No,True
2488,0.13048724830150604,No,True
2489,0.26829972863197327,No,True
2490,0.4185810685157776,No,True
2491,0.1910102665424347,No,True
2492,0.8825139999389648,Yes,True
2493,0.5768079161643982,Yes,True
248,0.6113597750663757,Yes,True
249,0.27167946100234985,No,True
2496,0.8346515893936157,Yes,True
2497,0.1992531716823578,No,True
2498,0.48958081007003784,No,True
2499,0.3218896985054016,No,True
2500,0.10568421334028244,No,True
2501,0.257439523935318,No,True
2502,0.10538709163665771,No,True
2503,0.3010668158531189,No,True
2504,0.0908723995089531,No,True
2505,0.06026897579431534,No,True
2506,0.1526375561952591,No,True
2507,0.11551637947559357,No,True
2508,0.27030327916145325,No,True
2509,0.3952224850654602,No,True
2510,0.37516430020332336,No,True
2511,0.17083552479743958,No,True
2512,0.44127264618873596,No,True
2513,0.2699648141860962,No,True
250,0.3168509900569916,No,True
251,0.8593285083770752,Yes,True
2516,0.6005942821502686,Yes,True
2517,0.09948788583278656,No,True
2518,0.5081725120544434,Yes,True
2519,0.4103381335735321,No,True
2520,0.14065802097320557,No,True
2521,0.32274165749549866,No,True
2522,0.009660338051617146,No,True
2523,0.16743122041225433,No,True
2524,0.31083229184150696,No,True
2525,0.303040474653244,No,True
2526,0.686174213886261,Yes,True
2527,0.32507190108299255,No,True
2528,0.2796141803264618,No,True
2529,0.28618600964546204,No,True
2530,0.5644671320915222,Yes,True
2531,0.8055591583251953,Yes,True
2532,0.27532854676246643,No,True
2533,0.34504929184913635,No,True
252,0.18255551159381866,No,True
253,0.31887087225914,No,True
2536,0.13428202271461487,No,True
2537,0.18312488496303558,No,True
2538,0.2532861828804016,No,True
2539,0.23066291213035583,No,True
2540,0.1400255262851715,No,True
2541,0.11346820741891861,No,True
2542,0.12010166049003601,No,True
2543,0.223075732588768,No,True
2544,0.1064973920583725,No,True
2545,0.26118576526641846,No,True
2546,0.5046467781066895,Yes,True
2547,0.26112478971481323,No,True
2548,0.08318709582090378,No,True
2549,0.15252341330051422,No,True
2550,0.8527190685272217,Yes,True
2551,0.4057888388633728,No,True
2552,0.8145036697387695,Yes,True
2553,0.46079760789871216,No,True
254,0.28874510526657104,No,True
255,0.7518365979194641,Yes,True
2556,0.8133828639984131,Yes,True
2557,0.1488751471042633,No,True
2558,0.47155436873435974,No,True
2559,0.2785751223564148,No,True
2560,0.08618968725204468,No,True
2561,0.2183750569820404,No,True
2562,0.07005314528942108,No,True
2563,0.14166958630084991,No,True
2564,0.12153367698192596,No,True
2565,0.13417130708694458,No,True
2566,0.3638724982738495,No,True
2567,0.3816465139389038,No,True
2568,0.27071166038513184,No,True
2569,0.2894901931285858,No,True
2570,0.7407923936843872,Yes,True
2571,0.5691880583763123,Yes,True
2572,0.7712851166725159,Yes,True
2573,0.6384649276733398,Yes,True
256,0.5307906866073608,Yes,True
257,0.27715450525283813,No,True
2576,0.46151724457740784,No,True
2577,0.28542399406433105,No,True
2578,0.423439085483551,No,True
2579,0.42618903517723083,No,True
2580,0.3509521484375,No,True
2581,0.43216612935066223,No,True
2582,0.09160863608121872,No,True
2583,0.22733519971370697,No,True
2584,0.11374785751104355,No,True
2585,0.1586705446243286,No,True
2586,0.7584389448165894,Yes,True
2587,0.4518038332462311,No,True
2588,0.3241998553276062,No,True
2589,0.33960190415382385,No,True
2590,0.8241962194442749,Yes,True
2591,0.6854037642478943,Yes,True
2592,0.7684062123298645,Yes,True
2593,0.6016121506690979,Yes,True
258,0.23202849924564362,No,True
259,0.9362355470657349,Yes,True
2596,0.465373158454895,No,True
2597,0.32266244292259216,No,True
2598,0.45909208059310913,No,True
2599,0.38532716035842896,No,True
2600,0.12221675366163254,No,True
2601,0.02473382093012333,No,True
2602,0.007181557361036539,No,True
2603,0.17266544699668884,No,True
2604,0.027151672169566154,No,True
2605,0.2115924060344696,No,True
2606,0.12739147245883942,No,True
2607,0.06116528436541557,No,True
2608,0.25886744260787964,No,True
2609,0.35065004229545593,No,True
2610,0.7270538210868835,Yes,True
2611,0.5766321420669556,Yes,True
2612,0.49298226833343506,No,True
2613,0.5988134145736694,Yes,True
260,0.08477772772312164,No,True
261,0.16038969159126282,No,True
2616,0.12152772396802902,No,True
2617,0.2294410914182663,No,True
2618,0.3040573298931122,No,True
2619,0.14704595506191254,No,True
2620,0.09049254655838013,No,True
2621,0.07347013801336288,No,True
2622,0.15557797253131866,No,True
2623,0.2839963734149933,No,True
2624,0.06845811754465103,No,True
2625,0.3722536563873291,No,True
2626,0.545911431312561,Yes,True
2627,0.2921091914176941,No,True
2628,0.1550559252500534,No,True
2629,0.2932806611061096,No,True
2630,0.5720745921134949,Yes,True
2631,0.6509581208229065,Yes,True
2632,0.4651857018470764,No,True
2633,0.5794058442115784,Yes,True
262,0.06312655657529831,No,True
263,0.6488474011421204,Yes,True
2636,0.3475777208805084,No,True
2637,0.3134569227695465,No,True
2638,0.19263719022274017,No,True
2639,0.28848209977149963,No,True
2640,0.4499005377292633,No,True
2641,0.3711830675601959,No,True
2642,0.04806363582611084,No,True
2643,0.08987145125865936,No,True
2644,0.06523343920707703,No,True
2645,0.18996267020702362,No,True
2646,0.2515585124492645,No,True
2647,0.375782310962677,No,True
2648,0.210094153881073,No,True
2649,0.28392013907432556,No,True
2650,0.6687809228897095,Yes,True
2651,0.17814239859580994,No,True
2652,0.8869684934616089,Yes,True
2653,0.4280087649822235,No,True
264,0.12067416310310364,No,True
265,0.31823718547821045,No,True
2656,0.6851592063903809,Yes,True
2657,0.27160337567329407,No,True
2658,0.35112860798835754,No,True
2659,0.211922749876976,No,True
2660,0.15495426952838898,No,True
2661,0.2486516237258911,No,True
2662,0.08602739870548248,No,True
2663,0.24085548520088196,No,True
2664,0.11804073303937912,No,True
2665,0.2426018863916397,No,True
2666,0.19120460748672485,No,True
2667,0.2500036954879761,No,True
2668,0.27360060811042786,No,True
2669,0.34945425391197205,No,True
2670,0.8675110340118408,Yes,True
2671,0.6741893291473389,Yes,True
2672,0.8144615888595581,Yes,True
2673,0.604633092880249,Yes,True
266,0.12893308699131012,No,True
267,0.30993232131004333,No,True
2676,0.7865257859230042,Yes,True
2677,0.4196052849292755,No,True
2678,0.46542608737945557,No,True
2679,0.4347330331802368,No,True
2680,0.25792887806892395,No,True
2681,0.3819306492805481,No,True
2682,0.1582600176334381,No,True
2683,0.2021145224571228,No,True
2684,0.20104369521141052,No,True
2685,0.34756460785865784,No,True
2686,0.4483718276023865,No,True
2687,0.49775430560112,No,True
2688,0.31517109274864197,No,True
2689,0.2918761670589447,No,True
2690,0.6764723062515259,Yes,True
2691,0.542464554309845,Yes,True
2692,0.6872524619102478,Yes,True
2693,0.6122862100601196,Yes,True
268,0.5459349751472473,Yes,True
269,0.26984357833862305,No,True
2696,0.5299860239028931,Yes,True
2697,0.3391311466693878,No,True
2698,0.4359773099422455,No,True
2699,0.47333747148513794,No,True
2700,0.12147342413663864,No,True
2701,0.4660924971103668,No,True
2702,0.1372683048248291,No,True
2703,0.23000991344451904,No,True
2704,0.2424962967634201,No,True
2705,0.15514066815376282,No,True
2706,0.5169081687927246,Yes,True
2707,0.2825809419155121,No,True
2708,0.340749055147171,No,True
2709,0.3330111801624298,No,True
2710,0.7444617748260498,Yes,True
2711,0.31671231985092163,No,True
2712,0.6683934926986694,Yes,True
2713,0.4683704376220703,No,True
270,0.14081846177577972,No,True
271,0.9353576898574829,Yes,True
2716,0.18066297471523285,No,True
2717,0.12492389231920242,No,True
2718,0.41421985626220703,No,True
2719,0.3994440734386444,No,True
2720,0.48906031250953674,No,True
2721,0.38446319103240967,No,True
2722,0.2051279991865158,No,True
2723,0.24798798561096191,No,True
2724,0.2276933491230011,No,True
2725,0.2972618341445923,No,True
2726,0.6427045464515686,Yes,True
2727,0.43267443776130676,No,True
2728,0.24389950931072235,No,True
2729,0.2408296912908554,No,True
2730,0.7708439826965332,Yes,True
2731,0.5788751244544983,Yes,True
2732,0.852315366268158,Yes,True
2733,0.7006959319114685,Yes,True
272,0.13072769343852997,No,True
273,0.21742485463619232,No,True
2736,0.7191455960273743,Yes,True
2737,0.31033584475517273,No,True
2738,0.3934783935546875,No,True
2739,0.4105534255504608,No,True
2740,0.13338369131088257,No,True
2741,0.2847825884819031,No,True
2742,0.04404665157198906,No,True
2743,0.1474999487400055,No,True
2744,0.1208808645606041,No,True
2745,0.17190863192081451,No,True
2746,0.059844210743904114,No,True
2747,0.1391734778881073,No,True
2748,0.36405497789382935,No,True
2749,0.5151463150978088,Yes,True
2750,0.2650638222694397,No,True
2751,0.4846048653125763,No,True
2752,0.15993934869766235,No,True
2753,0.51174396276474,Yes,True
274,0.12537886202335358,No,True
275,0.5222106575965881,Yes,True
2756,0.2243436574935913,No,True
2757,0.11839455366134644,No,True
2758,0.15773455798625946,No,True
2759,0.22973614931106567,No,True
2760,0.14468900859355927,No,True
2761,0.22350315749645233,No,True
2762,0.12058460712432861,No,True
2763,0.32451415061950684,No,True
2764,0.0263700969517231,No,True
2765,0.1301901638507843,No,True
2766,0.4909053444862366,No,True
2767,0.35218536853790283,No,True
2768,0.22555890679359436,No,True
2769,0.3916417062282562,No,True
2770,0.6339706778526306,Yes,True
2771,0.5804033279418945,Yes,True
2772,0.42732131481170654,No,True
2773,0.4611707031726837,No,True
276,0.09884001314640045,No,True
277,0.07257644832134247,No,True
2776,0.380636066198349,No,True
2777,0.2211112529039383,No,True
2778,0.2646273076534271,No,True
2779,0.3561965823173523,No,True
2780,0.16047550737857819,No,True
2781,0.2351517379283905,No,True
2782,0.12289971858263016,No,True
2783,0.30747345089912415,No,True
2784,0.08101996779441833,No,True
2785,0.21999286115169525,No,True
2786,0.5857372283935547,Yes,True
2787,0.36724069714546204,No,True
2788,0.34562528133392334,No,True
2789,0.4466110169887543,No,True
2790,0.7008140087127686,Yes,True
2791,0.6537901163101196,Yes,True
2792,0.3691757917404175,No,True
2793,0.37398070096969604,No,True
278,0.09311436116695404,No,True
279,0.22416047751903534,No,True
2796,0.2987067997455597,No,True
2797,0.21733251214027405,No,True
2798,0.4102321267127991,No,True
2799,0.43467333912849426,No,True
2800,0.05003885552287102,No,False
2801,0.3416074216365814,No,False
2802,0.06929589807987213,No,False
2803,0.3816841244697571,No,False
2804,0.0463830791413784,No,False
2805,0.2494271695613861,No,False
2806,0.5645968914031982,Yes,False
2807,0.6915127635002136,Yes,False
2808,0.4038509130477905,No,False
2809,0.3999119997024536,No,False
2810,0.6879425644874573,Yes,False
2811,0.9060968160629272,Yes,False
2812,0.4270610809326172,No,False
2813,0.6427432298660278,Yes,False
280,0.013905303552746773,No,False
281,0.06838896125555038,No,False
2816,0.6347805261611938,Yes,False
2817,0.8531767129898071,Yes,False
2818,0.416608065366745,No,False
2819,0.6210656762123108,Yes,False
2820,0.08761503547430038,No,False
2821,0.6474961638450623,Yes,False
2822,0.024898111820220947,No,False
2823,0.45696038007736206,No,False
2824,0.02001296542584896,No,False
2825,0.295645147562027,No,False
2826,0.06377412378787994,No,False
2827,0.8944216370582581,Yes,False
2828,0.054912298917770386,No,False
2829,0.5971986651420593,Yes,False
2830,0.2721051871776581,No,False
2831,0.9593948125839233,Yes,False
2832,0.2948673367500305,No,False
2833,0.9580895304679871,Yes,False
282,0.07790853083133698,No,False
283,0.5334445834159851,Yes,False
2836,0.30132150650024414,No,False
2837,0.9302584528923035,Yes,False
2838,0.3190554976463318,No,False
2839,0.8226481676101685,Yes,False
2840,0.44069743156433105,No,False
2841,0.8555197715759277,Yes,False
2842,0.13388951122760773,No,False
2843,0.681666374206543,Yes,False
2844,0.2368326485157013,No,False
2845,0.6244348883628845,Yes,False
2846,0.32913824915885925,No,False
2847,0.9286255240440369,Yes,False
2848,0.33459722995758057,No,False
2849,0.647371232509613,Yes,False
2850,0.5789588093757629,Yes,False
2851,0.9427130818367004,Yes,False
2852,0.5141114592552185,Yes,False
2853,0.8968717455863953,Yes,False
284,0.20672538876533508,No,False
285,0.24099139869213104,No,False
2856,0.39722612500190735,No,False
2857,0.824158251285553,Yes,False
2858,0.3459851145744324,No,False
2859,0.5850127935409546,Yes,False
2860,0.5112608075141907,Yes,False
2861,0.847923219203949,Yes,False
2862,0.13797061145305634,No,False
2863,0.6063882112503052,Yes,False
2864,0.1836252510547638,No,False
2865,0.5579877495765686,Yes,False
2866,0.3823185861110687,No,False
2867,0.8378159999847412,Yes,False
2868,0.31270137429237366,No,False
2869,0.5748527646064758,Yes,False
2870,0.782253086566925,Yes,False
2871,0.9415062665939331,Yes,False
2872,0.6064122915267944,Yes,False
2873,0.9025627970695496,Yes,False
286,0.3087213933467865,No,False
287,0.7109517455101013,Yes,False
2876,0.4182708263397217,No,False
2877,0.7488526701927185,Yes,False
2878,0.4700320065021515,No,False
2879,0.721162736415863,Yes,False
2880,0.3002032935619354,No,False
2881,0.7557008862495422,Yes,False
2882,0.1401868760585785,No,False
2883,0.5616558790206909,Yes,False
2884,0.23332248628139496,No,False
2885,0.44591575860977173,No,False
2886,0.08339794725179672,No,False
2887,0.8797852993011475,Yes,False
2888,0.1555584818124771,No,False
2889,0.40090763568878174,No,False
2890,0.26910439133644104,No,False
2891,0.9627359509468079,Yes,False
2892,0.34307077527046204,No,False
2893,0.979788064956665,Yes,False
288,0.40381741523742676,No,False
289,0.2646499276161194,No,False
2896,0.16844235360622406,No,False
2897,0.9037815928459167,Yes,False
2898,0.31914323568344116,No,False
2899,0.6439435482025146,Yes,False
2900,0.35261982679367065,No,False
2901,0.7722761631011963,Yes,False
2902,0.2581661641597748,No,False
2903,0.6759514212608337,Yes,False
2904,0.1878078728914261,No,False
2905,0.1911742240190506,No,False
2906,0.3668120503425598,No,False
2907,0.6935440897941589,Yes,False
2908,0.23311278223991394,No,False
2909,0.7092437148094177,Yes,False
2910,0.39621320366859436,No,False
2911,0.8763980865478516,Yes,False
2912,0.27326342463493347,No,False
2913,0.7777026891708374,Yes,False
290,0.14012816548347473,No,False
291,0.9355429410934448,Yes,False
2916,0.43320131301879883,No,False
2917,0.5982038378715515,Yes,False
2918,0.4738848805427551,No,False
2919,0.6354922652244568,Yes,False
2920,0.08179626613855362,No,False
2921,0.6633209586143494,Yes,False
2922,0.08608823269605637,No,False
2923,0.6091606020927429,Yes,False
2924,0.27664312720298767,No,False
2925,0.5867739915847778,Yes,False
2926,0.3829180598258972,No,False
2927,0.8418232202529907,Yes,False
2928,0.5203845500946045,Yes,False
2929,0.4670411944389343,No,False
2930,0.6910226345062256,Yes,False
2931,0.8794375061988831,Yes,False
2932,0.45921656489372253,No,False
2933,0.8673785924911499,Yes,False
292,0.3045535385608673,No,False
293,0.3212721049785614,No,False
2936,0.6459056735038757,Yes,False
2937,0.844821572303772,Yes,False
2938,0.4745548367500305,No,False
2939,0.5641340017318726,Yes,False
2940,0.05322764813899994,No,False
2941,0.7922743558883667,Yes,False
2942,0.10547361522912979,No,False
2943,0.628158688545227,Yes,False
2944,0.08161517977714539,No,False
2945,0.5410222411155701,Yes,False
2946,0.13292384147644043,No,False
2947,0.91852205991745,Yes,False
2948,0.2639651298522949,No,False
2949,0.6579240560531616,Yes,False
2950,0.5194345712661743,Yes,False
2951,0.9675663113594055,Yes,False
2952,0.4368186593055725,No,False
2953,0.9593629240989685,Yes,False
294,0.2449500560760498,No,False
295,0.7790842056274414,Yes,False
2956,0.3764149248600006,No,False
2957,0.9365994930267334,Yes,False
2958,0.4211260676383972,No,False
2959,0.8185773491859436,Yes,False
2960,0.1257529854774475,No,False
2961,0.418223112821579,No,False
2962,0.08088937401771545,No,False
2963,0.5280912518501282,Yes,False
2964,0.15918467938899994,No,False
2965,0.26650381088256836,No,False
2966,0.24628505110740662,No,False
2967,0.8061485290527344,Yes,False
2968,0.2170293927192688,No,False
2969,0.5847270488739014,Yes,False
2970,0.5939006209373474,Yes,False
2971,0.8966024518013,Yes,False
2972,0.3811190128326416,No,False
2973,0.7987260818481445,Yes,False
296,0.195796936750412,No,False
297,0.2509765028953552,No,False
2976,0.45943504571914673,No,False
2977,0.8036344647407532,Yes,False
2978,0.4470083713531494,No,False
2979,0.657744824886322,Yes,False
2980,0.3249666094779968,No,False
2981,0.7782847285270691,Yes,False
2982,0.07310769706964493,No,False
2983,0.5252290368080139,Yes,False
2984,0.20101022720336914,No,False
2985,0.46311917901039124,No,False
2986,0.6179996132850647,Yes,False
2987,0.859129011631012,Yes,False
2988,0.24821339547634125,No,False
2989,0.6151856780052185,Yes,False
2990,0.4898928105831146,No,False
2991,0.8929353356361389,Yes,False
2992,0.35376450419425964,No,False
2993,0.8399635553359985,Yes,False
298,0.29819852113723755,No,False
299,0.7450836300849915,Yes,False
2996,0.37369129061698914,No,False
2997,0.6505914926528931,Yes,False
2998,0.4938257932662964,No,False
2999,0.7380290627479553,Yes,False
3000,0.34458670020103455,No,False
3001,0.3278018534183502,No,False
3002,0.03973749279975891,No,False
3003,0.6282000541687012,Yes,False
3004,0.05221451446413994,No,False
3005,0.45229780673980713,No,False
3006,0.24790339171886444,No,False
3007,0.643049418926239,Yes,False
3008,0.2761520743370056,No,False
3009,0.5048270225524902,Yes,False
3010,0.7080460786819458,Yes,False
3011,0.8819565773010254,Yes,False
3012,0.21674418449401855,No,False
3013,0.7803059816360474,Yes,False
300,0.12971511483192444,No,False
301,0.23499028384685516,No,False
3016,0.21685639023780823,No,False
3017,0.7304338812828064,Yes,False
3018,0.41935816407203674,No,False
3019,0.6702389717102051,Yes,False
3020,0.04802064970135689,No,False
3021,0.2974906861782074,No,False
3022,0.3083711862564087,No,False
3023,0.6343246102333069,Yes,False
3024,0.10214558243751526,No,False
3025,0.6058364510536194,Yes,False
3026,0.5472124814987183,Yes,False
3027,0.6670742034912109,Yes,False
3028,0.2962398827075958,No,False
3029,0.6162245273590088,Yes,False
3030,0.6382178068161011,Yes,False
3031,0.8833712935447693,Yes,False
3032,0.5374126434326172,Yes,False
3033,0.8131828308105469,Yes,False
302,0.14022456109523773,No,False
303,0.7481625080108643,Yes,False
3036,0.5062833428382874,Yes,False
3037,0.7596689462661743,Yes,False
3038,0.3610576093196869,No,False
3039,0.6688802242279053,Yes,False
3040,0.3683396577835083,No,False
3041,0.7734499573707581,Yes,False
3042,0.1750010848045349,No,False
3043,0.5835736393928528,Yes,False
3044,0.08683225512504578,No,False
3045,0.4566604197025299,No,False
3046,0.06920978426933289,No,False
3047,0.8760241866111755,Yes,False
3048,0.07601706683635712,No,False
3049,0.5440707206726074,Yes,False
3050,0.6035066843032837,Yes,False
3051,0.9587781429290771,Yes,False
3052,0.415687620639801,No,False
3053,0.9832094311714172,Yes,False
304,0.30705270171165466,No,False
305,0.2877410352230072,No,False
3056,0.3432701528072357,No,False
3057,0.8805429339408875,Yes,False
3058,0.30072474479675293,No,False
3059,0.4721677303314209,No,False
3060,0.2757285535335541,No,False
3061,0.7629038691520691,Yes,False
3062,0.12575969099998474,No,False
3063,0.6791700124740601,Yes,False
3064,0.21264635026454926,No,False
3065,0.6565934419631958,Yes,False
3066,0.47333279252052307,No,False
3067,0.9131064414978027,Yes,False
3068,0.3101976811885834,No,False
3069,0.5733351707458496,Yes,False
3070,0.5651359558105469,Yes,False
3071,0.93680340051651,Yes,False
3072,0.5327115058898926,Yes,False
3073,0.8880405426025391,Yes,False
306,0.25967854261398315,No,False
307,0.8673778176307678,Yes,False
3076,0.4782026708126068,No,False
3077,0.7973166108131409,Yes,False
3078,0.4715430438518524,No,False
3079,0.7611406445503235,Yes,False
3080,0.2453126460313797,No,False
3081,0.7284055352210999,Yes,False
3082,0.1550336331129074,No,False
3083,0.5061177015304565,Yes,False
3084,0.24499787390232086,No,False
3085,0.6323278546333313,Yes,False
3086,0.4069666266441345,No,False
3087,0.8806685209274292,Yes,False
3088,0.266503244638443,No,False
3089,0.6439827680587769,Yes,False
3090,0.5339040756225586,Yes,False
3091,0.9010064005851746,Yes,False
3092,0.4781757891178131,No,False
3093,0.8357201218605042,Yes,False
308,0.03426405414938927,No,False
309,0.06220510974526405,No,False
3096,0.40105581283569336,No,False
3097,0.8074488639831543,Yes,False
3098,0.4140068590641022,No,False
3099,0.6788463592529297,Yes,False
3100,0.20798711478710175,No,False
3101,0.857231855392456,Yes,False
3102,0.21984076499938965,No,False
3103,0.5631772875785828,Yes,False
3104,0.26728183031082153,No,False
3105,0.3492472767829895,No,False
3106,0.4661564528942108,No,False
3107,0.6828392744064331,Yes,False
3108,0.33532440662384033,No,False
3109,0.4840256869792938,No,False
3110,0.6742987632751465,Yes,False
3111,0.9141793847084045,Yes,False
3112,0.5479734539985657,Yes,False
3113,0.7846316695213318,Yes,False
310,0.08123773336410522,No,False
311,0.618017315864563,Yes,False
3116,0.473564475774765,No,False
3117,0.7416049838066101,Yes,False
3118,0.5362995862960815,Yes,False
3119,0.7127000689506531,Yes,False
3120,0.33562034368515015,No,False
3121,0.7836655378341675,Yes,False
3122,0.17483997344970703,No,False
3123,0.5506688356399536,Yes,False
3124,0.23850756883621216,No,False
3125,0.49207261204719543,No,False
3126,0.5011470317840576,Yes,False
3127,0.9352736473083496,Yes,False
3128,0.267734169960022,No,False
3129,0.5638994574546814,Yes,False
3130,0.5623847842216492,Yes,False
3131,0.9165887236595154,Yes,False
3132,0.4213385283946991,No,False
3133,0.8440567851066589,Yes,False
312,0.10430464893579483,No,False
313,0.14718887209892273,No,False
3136,0.43723422288894653,No,False
3137,0.7985357046127319,Yes,False
3138,0.4706217050552368,No,False
3139,0.6585168838500977,Yes,False
3140,0.44000309705734253,No,False
3141,0.7236605286598206,Yes,False
3142,0.036460407078266144,No,False
3143,0.345830500125885,No,False
3144,0.15664075314998627,No,False
3145,0.18789343535900116,No,False
3146,0.11594884842634201,No,False
3147,0.6809707880020142,Yes,False
3148,0.4084627032279968,No,False
3149,0.6893508434295654,Yes,False
3150,0.41621682047843933,No,False
3151,0.8526202440261841,Yes,False
3152,0.235732764005661,No,False
3153,0.8844107985496521,Yes,False
314,0.14921101927757263,No,False
315,0.39709681272506714,No,False
3156,0.39258873462677,No,False
3157,0.8077859878540039,Yes,False
3158,0.36009421944618225,No,False
3159,0.45571133494377136,No,False
3160,0.24927139282226562,No,False
3161,0.5949547290802002,Yes,False
3162,0.18297791481018066,No,False
3163,0.5763799548149109,Yes,False
3164,0.19737941026687622,No,False
3165,0.5249930620193481,Yes,False
3166,0.6541576385498047,Yes,False
3167,0.8858826160430908,Yes,False
3168,0.3683105707168579,No,False
3169,0.694657027721405,Yes,False
3170,0.6301481127738953,Yes,False
3171,0.8626810908317566,Yes,False
3172,0.44463878870010376,No,False
3173,0.7711244821548462,Yes,False
316,0.14339503645896912,No,False
317,0.20310668647289276,No,False
3176,0.49600908160209656,No,False
3177,0.7727141976356506,Yes,False
3178,0.472579687833786,No,False
3179,0.6635644435882568,Yes,False
3180,0.2780023217201233,No,False
3181,0.6362401843070984,Yes,False
3182,0.29535892605781555,No,False
3183,0.6705376505851746,Yes,False
3184,0.307027131319046,No,False
3185,0.6006483435630798,Yes,False
3186,0.6272050738334656,Yes,False
3187,0.8608548045158386,Yes,False
3188,0.39975351095199585,No,False
3189,0.664779543876648,Yes,False
3190,0.6839675307273865,Yes,False
3191,0.8759088516235352,Yes,False
3192,0.5856761932373047,Yes,False
3193,0.7689076066017151,Yes,False
318,0.10866070538759232,No,False
319,0.4833371043205261,No,False
3196,0.5461204648017883,Yes,False
3197,0.7823842167854309,Yes,False
3198,0.4671342074871063,No,False
3199,0.6956343054771423,Yes,False
3200,0.0383988656103611,No,True
3201,0.10447101294994354,No,True
3202,0.0806693509221077,No,True
3203,0.20632319152355194,No,True
3204,0.011811393313109875,No,True
3205,0.14633095264434814,No,True
3206,0.4138709306716919,No,True
3207,0.27098724246025085,No,True
3208,0.15140406787395477,No,True
3209,0.07874665409326553,No,True
3210,0.6645445823669434,Yes,True
3211,0.20966936647891998,No,True
3212,0.5110312700271606,Yes,True
3213,0.3884057402610779,No,True
320,0.08882319182157516,No,True
321,0.10203845798969269,No,True
3216,0.2863927483558655,No,True
3217,0.19531768560409546,No,True
3218,0.21960553526878357,No,True
3219,0.36295485496520996,No,True
3220,0.05239271745085716,No,True
3221,0.19628986716270447,No,True
3222,0.02464521862566471,No,True
3223,0.06323330849409103,No,True
3224,0.006586682517081499,No,True
3225,0.12388359010219574,No,True
3226,0.09181362390518188,No,True
3227,0.1316702961921692,No,True
3228,0.026555636897683144,No,True
3229,0.082529217004776,No,True
3230,0.06113770231604576,No,True
3231,0.09528518468141556,No,True
3232,0.5137500166893005,Yes,True
3233,0.2473926693201065,No,True
322,0.14918091893196106,No,True
323,0.31697067618370056,No,True
3236,0.21027854084968567,No,True
3237,0.1657625287771225,No,True
3238,0.0787506029009819,No,True
3239,0.25050681829452515,No,True
3240,0.23257480561733246,No,True
3241,0.30956289172172546,No,True
3242,0.1481131613254547,No,True
3243,0.2964814007282257,No,True
3244,0.02682858519256115,No,True
3245,0.15880054235458374,No,True
3246,0.1938818246126175,No,True
3247,0.3518984019756317,No,True
3248,0.06415238231420517,No,True
3249,0.1808498203754425,No,True
3250,0.5301688313484192,Yes,True
3251,0.4080101251602173,No,True
3252,0.7151549458503723,Yes,True
3253,0.6912172436714172,Yes,True
324,0.009546542540192604,No,True
325,0.03420564532279968,No,True
3256,0.2554503083229065,No,True
3257,0.34793931245803833,No,True
3258,0.1395171880722046,No,True
3259,0.2826777696609497,No,True
3260,0.16230718791484833,No,True
3261,0.4179645776748657,No,True
3262,0.06585756689310074,No,True
3263,0.11212533712387085,No,True
3264,0.006139681674540043,No,True
3265,0.11300135403871536,No,True
3266,0.19347186386585236,No,True
3267,0.3078426718711853,No,True
3268,0.06481014937162399,No,True
3269,0.25622236728668213,No,True
3270,0.4427450895309448,No,True
3271,0.4096870720386505,No,True
3272,0.6151854991912842,Yes,True
3273,0.6043565273284912,Yes,True
326,0.0499313585460186,No,True
327,0.6805810928344727,Yes,True
3276,0.1582159698009491,No,True
3277,0.2909677028656006,No,True
3278,0.1500929296016693,No,True
3279,0.3218478262424469,No,True
3280,0.19113558530807495,No,True
3281,0.2289525419473648,No,True
3282,0.06608844548463821,No,True
3283,0.0782095342874527,No,True
3284,0.02492467314004898,No,True
3285,0.08920086920261383,No,True
3286,0.07270225882530212,No,True
3287,0.17982544004917145,No,True
3288,0.042327504605054855,No,True
3289,0.22791525721549988,No,True
3290,0.07943499088287354,No,True
3291,0.09547069668769836,No,True
3292,0.6036939024925232,Yes,True
3293,0.46088650822639465,No,True
328,0.1240500807762146,No,True
329,0.09124142676591873,No,True
3296,0.27642157673835754,No,True
3297,0.2085089385509491,No,True
3298,0.0863158255815506,No,True
3299,0.2601580023765564,No,True
3300,0.09600382298231125,No,True
3301,0.18199482560157776,No,True
3302,0.23766018450260162,No,True
3303,0.28544384241104126,No,True
3304,0.02311193197965622,No,True
3305,0.08180198073387146,No,True
3306,0.03248080238699913,No,True
3307,0.22429107129573822,No,True
3308,0.30398160219192505,No,True
3309,0.4800759553909302,No,True
3310,0.16429542005062103,No,True
3311,0.14720368385314941,No,True
3312,0.33470672369003296,No,True
3313,0.32866817712783813,No,True
330,0.3081827759742737,No,True
331,0.5041937232017517,Yes,True
3316,0.4462898373603821,No,True
3317,0.13094598054885864,No,True
3318,0.3295774757862091,No,True
3319,0.3749223053455353,No,True
3320,0.045904990285634995,No,True
3321,0.3108995854854584,No,True
3322,0.008971581235527992,No,True
3323,0.09444291144609451,No,True
3324,0.07959908992052078,No,True
3325,0.19328147172927856,No,True
3326,0.6037712097167969,Yes,True
3327,0.24764682352542877,No,True
3328,0.2833177149295807,No,True
3329,0.21978484094142914,No,True
3330,0.32121947407722473,No,True
3331,0.5417808294296265,Yes,True
3332,0.39455464482307434,No,True
3333,0.3725784420967102,No,True
332,0.12455685436725616,No,True
333,0.1287902444601059,No,True
3336,0.1465788036584854,No,True
3337,0.21848390996456146,No,True
3338,0.1468728929758072,No,True
3339,0.2317364513874054,No,True
3340,0.03887853026390076,No,True
3341,0.09241298586130142,No,True
3342,0.10907264798879623,No,True
3343,0.22973351180553436,No,True
3344,0.014188828878104687,No,True
3345,0.19828493893146515,No,True
3346,0.15839888155460358,No,True
3347,0.17611591517925262,No,True
3348,0.03908197954297066,No,True
3349,0.17188139259815216,No,True
3350,0.5407576560974121,Yes,True
3351,0.28784680366516113,No,True
3352,0.45122525095939636,No,True
3353,0.40068554878234863,No,True
334,0.2253803014755249,No,True
335,0.5010769963264465,Yes,True
3356,0.2648554742336273,No,True
3357,0.226872518658638,No,True
3358,0.07237517833709717,No,True
3359,0.2482208013534546,No,True
3360,0.1784268468618393,No,True
3361,0.2733505368232727,No,True
3362,0.10725761950016022,No,True
3363,0.1706271469593048,No,True
3364,0.034430719912052155,No,True
3365,0.10271294414997101,No,True
3366,0.22265717387199402,No,True
3367,0.4008653461933136,No,True
3368,0.218502476811409,No,True
3369,0.3630177974700928,No,True
3370,0.47670212388038635,No,True
3371,0.4238610565662384,No,True
3372,0.6317441463470459,Yes,True
3373,0.5701506733894348,Yes,True
336,0.08474452048540115,No,True
337,0.05907439440488815,No,True
3376,0.17469990253448486,No,True
3377,0.3491375148296356,No,True
3378,0.14065811038017273,No,True
3379,0.3172665536403656,No,True
3380,0.3442629277706146,No,True
3381,0.47239288687705994,No,True
3382,0.16246148943901062,No,True
3383,0.3110562562942505,No,True
3384,0.014760454185307026,No,True
3385,0.08686699718236923,No,True
3386,0.4956871271133423,No,True
3387,0.38274356722831726,No,True
3388,0.26133397221565247,No,True
3389,0.4001160264015198,No,True
3390,0.5242855548858643,Yes,True
3391,0.47311821579933167,No,True
3392,0.668476402759552,Yes,True
3393,0.6121771931648254,Yes,True
338,0.1615697145462036,No,True
339,0.6697226762771606,Yes,True
3396,0.2175760269165039,No,True
3397,0.408668577671051,No,True
3398,0.17218822240829468,No,True
3399,0.3409501612186432,No,True
3400,0.11754845082759857,No,True
3401,0.029431099072098732,No,True
3402,0.008748959749937057,No,True
3403,0.16083194315433502,No,True
3404,0.012609388679265976,No,True
3405,0.16273042559623718,No,True
3406,0.048567965626716614,No,True
3407,0.09289611876010895,No,True
3408,0.36254358291625977,No,True
3409,0.4803934097290039,No,True
3410,0.5764529705047607,Yes,True
3411,0.36166733503341675,No,True
3412,0.5264430046081543,Yes,True
3413,0.6974247097969055,Yes,True
340,0.07395005971193314,No,True
341,0.11055142432451248,No,True
3416,0.0838223323225975,No,True
3417,0.2892283499240875,No,True
3418,0.09705133736133575,No,True
3419,0.1384420245885849,No,True
3420,0.026565734297037125,No,True
3421,0.09212753921747208,No,True
3422,0.22125275433063507,No,True
3423,0.22250980138778687,No,True
3424,0.019612571224570274,No,True
3425,0.3460806906223297,No,True
3426,0.39914435148239136,No,True
3427,0.27668315172195435,No,True
3428,0.08250470459461212,No,True
3429,0.20265315473079681,No,True
3430,0.2923968732357025,No,True
3431,0.413769394159317,No,True
3432,0.4843846559524536,No,True
3433,0.4730907678604126,No,True
342,0.05545841157436371,No,True
343,0.5046329498291016,Yes,True
3436,0.22598843276500702,No,True
3437,0.3422834575176239,No,True
3438,0.056319352239370346,No,True
3439,0.19776290655136108,No,True
3440,0.21076008677482605,No,True
3441,0.3278523087501526,No,True
3442,0.045347925275564194,No,True
3443,0.06990136206150055,No,True
3444,0.011464576236903667,No,True
3445,0.10740940272808075,No,True
3446,0.055513329803943634,No,True
3447,0.2916718125343323,No,True
3448,0.10463257879018784,No,True
3449,0.2873643636703491,No,True
3450,0.19707328081130981,No,True
3451,0.11291232705116272,No,True
3452,0.662341833114624,Yes,True
3453,0.3628418445587158,No,True
344,0.0359513983130455,No,True
345,0.17438165843486786,No,True
3456,0.2234588861465454,No,True
3457,0.2861533463001251,No,True
3458,0.08527087420225143,No,True
3459,0.18973350524902344,No,True
3460,0.09425822645425797,No,True
3461,0.1367984116077423,No,True
3462,0.07751032710075378,No,True
3463,0.1770012080669403,No,True
3464,0.012488062493503094,No,True
3465,0.12497486174106598,No,True
3466,0.05748707056045532,No,True
3467,0.27729421854019165,No,True
3468,0.12421192973852158,No,True
3469,0.2249024659395218,No,True
3470,0.6127575635910034,Yes,True
3471,0.4637596607208252,No,True
3472,0.7220384478569031,Yes,True
3473,0.6121212244033813,Yes,True
346,0.1199982613325119,No,True
347,0.277767539024353,No,True
3476,0.4198610782623291,No,True
3477,0.4768250286579132,No,True
3478,0.14045223593711853,No,True
3479,0.3431192636489868,No,True
3480,0.05610993504524231,No,True
3481,0.16777156293392181,No,True
3482,0.11359059065580368,No,True
3483,0.11289756745100021,No,True
3484,0.013946985825896263,No,True
3485,0.12486978620290756,No,True
3486,0.18312188982963562,No,True
3487,0.3793925344944,No,True
3488,0.10007552057504654,No,True
3489,0.13224706053733826,No,True
3490,0.2587772309780121,No,True
3491,0.3381173312664032,No,True
3492,0.42275866866111755,No,True
3493,0.5280109643936157,Yes,True
348,0.06687048822641373,No,True
349,0.06840207427740097,No,True
3496,0.21944230794906616,No,True
3497,0.38899511098861694,No,True
3498,0.18364502489566803,No,True
3499,0.3766597807407379,No,True
3500,0.05298969894647598,No,True
3501,0.4671401381492615,No,True
3502,0.16431975364685059,No,True
3503,0.12097528576850891,No,True
3504,0.11519849300384521,No,True
3505,0.15643197298049927,No,True
3506,0.3031986355781555,No,True
3507,0.2641310393810272,No,True
3508,0.20651251077651978,No,True
3509,0.3011901378631592,No,True
3510,0.6707812547683716,Yes,True
3511,0.2534536123275757,No,True
3512,0.7789504528045654,Yes,True
3513,0.5392290949821472,Yes,True
350,0.12461972236633301,No,True
351,0.6630501747131348,Yes,True
3516,0.1276889145374298,No,True
3517,0.2572244107723236,No,True
3518,0.15483976900577545,No,True
3519,0.2696862816810608,No,True
3520,0.23417887091636658,No,True
3521,0.29766029119491577,No,True
3522,0.17749540507793427,No,True
3523,0.15417663753032684,No,True
3524,0.03980434685945511,No,True
3525,0.10929030925035477,No,True
3526,0.2544110417366028,No,True
3527,0.40252426266670227,No,True
3528,0.08243615180253983,No,True
3529,0.1211855411529541,No,True
3530,0.5049870610237122,Yes,True
3531,0.4444971978664398,No,True
3532,0.767193615436554,Yes,True
3533,0.7571752667427063,Yes,True
352,0.05898234620690346,No,True
353,0.05560833215713501,No,True
3536,0.26385873556137085,No,True
3537,0.3502694070339203,No,True
3538,0.12463922053575516,No,True
3539,0.2823724150657654,No,True
3540,0.0845402404665947,No,True
3541,0.17334745824337006,No,True
3542,0.04818885028362274,No,True
3543,0.14362527430057526,No,True
3544,0.05394624173641205,No,True
3545,0.18665160238742828,No,True
3546,0.01645844615995884,No,True
3547,0.12249740958213806,No,True
3548,0.4521481692790985,No,True
3549,0.5669451355934143,Yes,True
3550,0.11910466104745865,No,True
3551,0.33128491044044495,No,True
3552,0.22219879925251007,No,True
3553,0.46354496479034424,No,True
354,0.10203258693218231,No,True
355,0.30672839283943176,No,True
3556,0.17130832374095917,No,True
3557,0.2244124412536621,No,True
3558,0.05092492327094078,No,True
3559,0.22245736420154572,No,True
3560,0.19053661823272705,No,True
3561,0.32441580295562744,No,True
3562,0.250954806804657,No,True
3563,0.34580445289611816,No,True
3564,0.009720351547002792,No,True
3565,0.1456567645072937,No,True
3566,0.2880837917327881,No,True
3567,0.45935025811195374,No,True
3568,0.2392674833536148,No,True
3569,0.48471078276634216,No,True
3570,0.4422484338283539,No,True
3571,0.36194083094596863,No,True
3572,0.5902059078216553,Yes,True
3573,0.47098565101623535,No,True
356,0.0340120755136013,No,True
357,0.04360309988260269,No,True
3576,0.2968924045562744,No,True
3577,0.330572247505188,No,True
3578,0.11004696041345596,No,True
3579,0.2977522611618042,No,True
3580,0.18099139630794525,No,True
3581,0.26471465826034546,No,True
3582,0.19630146026611328,No,True
3583,0.2920415997505188,No,True
3584,0.016756638884544373,No,True
3585,0.14169736206531525,No,True
3586,0.3184998035430908,No,True
3587,0.33342215418815613,No,True
3588,0.3795584440231323,No,True
3589,0.5385628938674927,Yes,True
3590,0.6159254312515259,Yes,True
3591,0.3872985243797302,No,True
3592,0.6464358568191528,Yes,True
3593,0.42248111963272095,No,True
358,0.0776786059141159,No,True
359,0.14565494656562805,No,True
3596,0.3320370316505432,No,True
3597,0.26124435663223267,No,True
3598,0.2582906186580658,No,True
3599,0.3675997257232666,No,True
3600,0.008063267916440964,No,False
3601,0.19396251440048218,No,False
3602,0.07801906019449234,No,False
3603,0.3332148492336273,No,False
3604,0.008055166341364384,No,False
3605,0.14056901633739471,No,False
3606,0.39554929733276367,No,False
3607,0.5891205072402954,Yes,False
3608,0.36424723267555237,No,False
3609,0.22568489611148834,No,False
3610,0.5494982600212097,Yes,False
3611,0.7772911787033081,Yes,False
3612,0.5381942987442017,Yes,False
3613,0.5974803566932678,Yes,False
360,0.015826379880309105,No,False
361,0.05011013150215149,No,False
3616,0.46088728308677673,No,False
3617,0.7804391384124756,Yes,False
3618,0.2353740930557251,No,False
3619,0.5026069283485413,Yes,False
3620,0.024119852110743523,No,False
3621,0.41358980536460876,No,False
3622,0.03257705643773079,No,False
3623,0.4726415276527405,No,False
3624,0.001949644647538662,No,False
3625,0.11588402837514877,No,False
3626,0.026709003373980522,No,False
3627,0.7783355712890625,Yes,False
3628,0.017936382442712784,No,False
3629,0.37777209281921387,No,False
3630,0.08529163151979446,No,False
3631,0.7985767722129822,Yes,False
3632,0.1265946477651596,No,False
3633,0.8718674182891846,Yes,False
362,0.08858278393745422,No,False
363,0.20582975447177887,No,False
3636,0.10544811189174652,No,False
3637,0.8194724917411804,Yes,False
3638,0.0819651335477829,No,False
3639,0.5482069849967957,Yes,False
3640,0.18793748319149017,No,False
3641,0.6601210832595825,Yes,False
3642,0.11284008622169495,No,False
3643,0.5819740891456604,Yes,False
3644,0.03206224367022514,No,False
3645,0.3118323087692261,No,False
3646,0.13101564347743988,No,False
3647,0.8141654133796692,Yes,False
3648,0.17056012153625488,No,False
3649,0.43580499291419983,No,False
3650,0.44799238443374634,No,False
3651,0.8239020705223083,Yes,False
3652,0.4404550790786743,No,False
3653,0.8793432116508484,Yes,False
364,0.14140373468399048,No,False
365,0.15832650661468506,No,False
3656,0.18138843774795532,No,False
3657,0.720192015171051,Yes,False
3658,0.13575956225395203,No,False
3659,0.38870924711227417,No,False
3660,0.33518803119659424,No,False
3661,0.6802080273628235,Yes,False
3662,0.15592855215072632,No,False
3663,0.3701944351196289,No,False
3664,0.04969187453389168,No,False
3665,0.31668367981910706,No,False
3666,0.23106609284877777,No,False
3667,0.7480575442314148,Yes,False
3668,0.21649813652038574,No,False
3669,0.45521780848503113,No,False
3670,0.616860032081604,Yes,False
3671,0.8049231767654419,Yes,False
3672,0.6748416423797607,Yes,False
3673,0.853064239025116,Yes,False
366,0.2764914929866791,No,False
367,0.4502137303352356,No,False
3676,0.3444320261478424,No,False
3677,0.7094148993492126,Yes,False
3678,0.3421495258808136,No,False
3679,0.5422796010971069,Yes,False
3680,0.09618815779685974,No,False
3681,0.5327710509300232,Yes,False
3682,0.06346891820430756,No,False
3683,0.3323614001274109,No,False
3684,0.03589676693081856,No,False
3685,0.17381927371025085,No,False
3686,0.02487095445394516,No,False
3687,0.6310025453567505,Yes,False
3688,0.0484020821750164,No,False
3689,0.3507199287414551,No,False
3690,0.08173732459545135,No,False
3691,0.8186726570129395,Yes,False
3692,0.2838537395000458,No,False
3693,0.9390813708305359,Yes,False
368,0.06923802942037582,No,False
369,0.09339796751737595,No,False
3696,0.04576198756694794,No,False
3697,0.6339178085327148,Yes,False
3698,0.0932195633649826,No,False
3699,0.4824952781200409,No,False
3700,0.22218582034111023,No,False
3701,0.5491380095481873,Yes,False
3702,0.5097619295120239,Yes,False
3703,0.5416013598442078,Yes,False
3704,0.04730719327926636,No,False
3705,0.1396728754043579,No,False
3706,0.1259879767894745,No,False
3707,0.6303607821464539,Yes,False
3708,0.18658021092414856,No,False
3709,0.5685031414031982,Yes,False
3710,0.28219735622406006,No,False
3711,0.7641887068748474,Yes,False
3712,0.37412142753601074,No,False
3713,0.7892772555351257,Yes,False
370,0.10775791853666306,No,False
371,0.642065167427063,Yes,False
3716,0.276559442281723,No,False
3717,0.5336745381355286,Yes,False
3718,0.3437756597995758,No,False
3719,0.5026024580001831,Yes,False
3720,0.01678457111120224,No,False
3721,0.4631135165691376,No,False
3722,0.09877008944749832,No,False
3723,0.395611971616745,No,False
3724,0.071984201669693,No,False
3725,0.35644763708114624,No,False
3726,0.28228428959846497,No,False
3727,0.7161604166030884,Yes,False
3728,0.4622638523578644,No,False
3729,0.2887741029262543,No,False
3730,0.5698356032371521,Yes,False
3731,0.7262345552444458,Yes,False
3732,0.6334273815155029,Yes,False
3733,0.8458929657936096,Yes,False
372,0.10280699282884598,No,False
373,0.10038352012634277,No,False
3736,0.3636254668235779,No,False
3737,0.6871371269226074,Yes,False
3738,0.3018708825111389,No,False
3739,0.4299900531768799,No,False
3740,0.009782401844859123,No,False
3741,0.3628196716308594,No,False
3742,0.07475169748067856,No,False
3743,0.5908161997795105,Yes,False
3744,0.007964477874338627,No,False
3745,0.3353615999221802,No,False
3746,0.04482394456863403,No,False
3747,0.8248833417892456,Yes,False
3748,0.11587493866682053,No,False
3749,0.5118080973625183,Yes,False
3750,0.2750283479690552,No,False
3751,0.8478466272354126,Yes,False
3752,0.20253615081310272,No,False
3753,0.8518776893615723,Yes,False
374,0.27394869923591614,No,False
375,0.5913553237915039,Yes,False
3756,0.14526860415935516,No,False
3757,0.8219592571258545,Yes,False
3758,0.11774227768182755,No,False
3759,0.6231705546379089,Yes,False
3760,0.13305175304412842,No,False
3761,0.41650068759918213,No,False
3762,0.13750536739826202,No,False
3763,0.43393474817276,No,False
3764,0.04916760325431824,No,False
3765,0.1909395456314087,No,False
3766,0.18125952780246735,No,False
3767,0.6940099596977234,Yes,False
3768,0.21620945632457733,No,False
3769,0.5162418484687805,Yes,False
3770,0.4504408836364746,No,False
3771,0.7191312313079834,Yes,False
3772,0.41998690366744995,No,False
3773,0.7328153848648071,Yes,False
376,0.05559608340263367,No,False
377,0.051908355206251144,No,False
3776,0.2487337440252304,No,False
3777,0.665755033493042,Yes,False
3778,0.25160425901412964,No,False
3779,0.4643935561180115,No,False
3780,0.14965000748634338,No,False
3781,0.6239339709281921,Yes,False
3782,0.17668074369430542,No,False
3783,0.497139036655426,No,False
3784,0.06242552772164345,No,False
3785,0.3741768002510071,No,False
3786,0.3799625039100647,No,False
3787,0.7470389604568481,Yes,False
3788,0.23881980776786804,No,False
3789,0.5366738438606262,Yes,False
3790,0.3327433466911316,No,False
3791,0.6704778075218201,Yes,False
3792,0.44499292969703674,No,False
3793,0.8205363154411316,Yes,False
378,0.13627572357654572,No,False
379,0.36227279901504517,No,False
3796,0.22937549650669098,No,False
3797,0.6367024183273315,Yes,False
3798,0.3027363121509552,No,False
3799,0.5783963799476624,Yes,False
3800,0.2133093625307083,No,False
3801,0.17826694250106812,No,False
3802,0.07291895896196365,No,False
3803,0.5338473320007324,Yes,False
3804,0.018115051090717316,No,False
3805,0.35661378502845764,No,False
3806,0.14761675894260406,No,False
3807,0.581567645072937,Yes,False
3808,0.38283663988113403,No,False
3809,0.4753131568431854,No,False
3810,0.6867267489433289,Yes,False
3811,0.7520174384117126,Yes,False
3812,0.3800264596939087,No,False
3813,0.7982741594314575,Yes,False
380,0.06115949526429176,No,False
381,0.11331681907176971,No,False
3816,0.14778852462768555,No,False
3817,0.636599063873291,Yes,False
3818,0.19843371212482452,No,False
3819,0.560229480266571,Yes,False
3820,0.008501828648149967,No,False
3821,0.1469895839691162,No,False
3822,0.4241088330745697,No,False
3823,0.47792890667915344,No,False
3824,0.02296222746372223,No,False
3825,0.47855842113494873,No,False
3826,0.46505534648895264,No,False
3827,0.5633424520492554,Yes,False
3828,0.23986612260341644,No,False
3829,0.48250699043273926,No,False
3830,0.44530969858169556,No,False
3831,0.7377412915229797,Yes,False
3832,0.5800146460533142,Yes,False
3833,0.7104500532150269,Yes,False
382,0.10439077764749527,No,False
383,0.515963613986969,Yes,False
3836,0.26108184456825256,No,False
3837,0.6568921208381653,Yes,False
3838,0.1265760213136673,No,False
3839,0.49130159616470337,No,False
3840,0.13597838580608368,No,False
3841,0.5537062883377075,Yes,False
3842,0.12236302345991135,No,False
3843,0.49343398213386536,No,False
3844,0.010632343590259552,No,False
3845,0.2193949818611145,No,False
3846,0.024847498163580894,No,False
3847,0.7729407548904419,Yes,False
3848,0.02190987765789032,No,False
3849,0.3625220060348511,No,False
3850,0.31554099917411804,No,False
3851,0.7927708625793457,Yes,False
3852,0.3218647539615631,No,False
3853,0.9492349028587341,Yes,False
384,0.070057213306427,No,False
385,0.09332023561000824,No,False
3856,0.1543010175228119,No,False
3857,0.6934056282043457,Yes,False
3858,0.09155140072107315,No,False
3859,0.2967190146446228,No,False
3860,0.09808659553527832,No,False
3861,0.49161067605018616,No,False
3862,0.08121027052402496,No,False
3863,0.5495731234550476,Yes,False
3864,0.03511575236916542,No,False
3865,0.3777294158935547,No,False
3866,0.18689383566379547,No,False
3867,0.7934451103210449,Yes,False
3868,0.22258232533931732,No,False
3869,0.4570384919643402,No,False
3870,0.3774828612804413,No,False
3871,0.791161835193634,Yes,False
3872,0.5331566333770752,Yes,False
3873,0.8499419093132019,Yes,False
386,0.2367333620786667,No,False
387,0.6066411733627319,Yes,False
3876,0.24739733338356018,No,False
3877,0.682989239692688,Yes,False
3878,0.2529014050960541,No,False
3879,0.57035231590271,Yes,False
3880,0.04375811666250229,No,False
3881,0.39075034856796265,No,False
3882,0.10389396548271179,No,False
3883,0.41137510538101196,No,False
3884,0.02388317883014679,No,False
3885,0.3257592022418976,No,False
3886,0.19281335175037384,No,False
3887,0.7063814401626587,Yes,False
3888,0.0951707735657692,No,False
3889,0.33927103877067566,No,False
3890,0.25009584426879883,No,False
3891,0.721352219581604,Yes,False
3892,0.32887697219848633,No,False
3893,0.8004717230796814,Yes,False
388,0.02798304334282875,No,False
389,0.03418246656656265,No,False
3896,0.17203880846500397,No,False
3897,0.657199501991272,Yes,False
3898,0.22619298100471497,No,False
3899,0.49839845299720764,No,False
3900,0.0566372275352478,No,False
3901,0.6694003343582153,Yes,False
3902,0.3253626525402069,No,False
3903,0.3640243113040924,No,False
3904,0.10848643630743027,No,False
3905,0.23788926005363464,No,False
3906,0.2781737744808197,No,False
3907,0.5133497714996338,Yes,False
3908,0.24989187717437744,No,False
3909,0.4210696220397949,No,False
3910,0.5804109573364258,Yes,False
3911,0.796676516532898,Yes,False
3912,0.7111455202102661,Yes,False
3913,0.8013323545455933,Yes,False
390,0.08932612091302872,No,False
391,0.3146573603153229,No,False
3916,0.2098892778158188,No,False
3917,0.6654598116874695,Yes,False
3918,0.3697873055934906,No,False
3919,0.5353787541389465,Yes,False
3920,0.0893656313419342,No,False
3921,0.5330931544303894,Yes,False
3922,0.18462371826171875,No,False
3923,0.5029363036155701,Yes,False
3924,0.04127810150384903,No,False
3925,0.2596258819103241,No,False
3926,0.2299043983221054,No,False
3927,0.8191354274749756,Yes,False
3928,0.09406494349241257,No,False
3929,0.3384048342704773,No,False
3930,0.43033090233802795,No,False
3931,0.7836755514144897,Yes,False
3932,0.4232271611690521,No,False
3933,0.841064989566803,Yes,False
392,0.08544011414051056,No,False
393,0.09481927007436752,No,False
3936,0.17908678948879242,No,False
3937,0.6154969930648804,Yes,False
3938,0.2536608576774597,No,False
3939,0.49409836530685425,No,False
3940,0.18791335821151733,No,False
3941,0.43029677867889404,No,False
3942,0.053544700145721436,No,False
3943,0.30550679564476013,No,False
3944,0.03324266895651817,No,False
3945,0.07933840155601501,No,False
3946,0.027171768248081207,No,False
3947,0.4950718879699707,No,False
3948,0.42723914980888367,No,False
3949,0.605614185333252,Yes,False
3950,0.2372262179851532,No,False
3951,0.6239398717880249,Yes,False
3952,0.3136323094367981,No,False
3953,0.8199399709701538,Yes,False
394,0.15540902316570282,No,False
395,0.35893023014068604,No,False
3956,0.2551073133945465,No,False
3957,0.8096969127655029,Yes,False
3958,0.1227753534913063,No,False
3959,0.3932223320007324,No,False
3960,0.24206435680389404,No,False
3961,0.5392588376998901,Yes,False
3962,0.35230156779289246,No,False
3963,0.5513849854469299,Yes,False
3964,0.05991443246603012,No,False
3965,0.3884880542755127,No,False
3966,0.5243646502494812,Yes,False
3967,0.8048646450042725,Yes,False
3968,0.42295604944229126,No,False
3969,0.6608394980430603,Yes,False
3970,0.5455952882766724,Yes,False
3971,0.7525604963302612,Yes,False
3972,0.646908700466156,Yes,False
3973,0.7646603584289551,Yes,False
396,0.11524548381567001,No,False
397,0.11395837366580963,No,False
3976,0.4262760877609253,No,False
3977,0.7434812784194946,Yes,False
3978,0.3300521969795227,No,False
3979,0.5613524913787842,Yes,False
3980,0.20342779159545898,No,False
3981,0.48117443919181824,No,False
3982,0.3405722677707672,No,False
3983,0.520336389541626,Yes,False
3984,0.13012951612472534,No,False
3985,0.4832461476325989,No,False
3986,0.4059031903743744,No,False
3987,0.7566326856613159,Yes,False
3988,0.4217849373817444,No,False
3989,0.5876625180244446,Yes,False
3990,0.5479068160057068,Yes,False
3991,0.7501388192176819,Yes,False
3992,0.6850683689117432,Yes,False
3993,0.7869402170181274,Yes,False
398,0.110075443983078,No,False
399,0.2672864496707916,No,False
3996,0.4660367965698242,No,False
3997,0.7330490946769714,Yes,False
3998,0.3586176633834839,No,False
3999,0.5496187210083008,Yes,False
4000,0.11280295997858047,No,True
4001,0.14683333039283752,No,True
4002,0.15958377718925476,No,True
4003,0.19840358197689056,No,True
4004,0.044617075473070145,No,True
4005,0.15945765376091003,No,True
4006,0.5365119576454163,Yes,True
4007,0.283756285905838,No,True
4008,0.2728838324546814,No,True
4009,0.13671478629112244,No,True
4010,0.5243960618972778,Yes,True
4011,0.2215859293937683,No,True
4012,0.3384994864463806,No,True
4013,0.2854127287864685,No,True
400,0.17134855687618256,No,True
401,0.16784143447875977,No,True
4016,0.2460104078054428,No,True
4017,0.14722129702568054,No,True
4018,0.32339879870414734,No,True
4019,0.33033287525177,No,True
4020,0.2045314460992813,No,True
4021,0.24090136587619781,No,True
4022,0.15722736716270447,No,True
4023,0.10868407785892487,No,True
4024,0.056019604206085205,No,True
4025,0.223556786775589,No,True
4026,0.3005217909812927,No,True
4027,0.12345254421234131,No,True
4028,0.19132405519485474,No,True
4029,0.14290741086006165,No,True
4030,0.17608192563056946,No,True
4031,0.1732141524553299,No,True
4032,0.5219383835792542,Yes,True
4033,0.2143719643354416,No,True
402,0.19672507047653198,No,True
403,0.3500230312347412,No,True
4036,0.38518333435058594,No,True
4037,0.13323593139648438,No,True
4038,0.2129671722650528,No,True
4039,0.255959689617157,No,True
4040,0.4368025064468384,No,True
4041,0.36307719349861145,No,True
4042,0.33974072337150574,No,True
4043,0.32863208651542664,No,True
4044,0.16778741776943207,No,True
4045,0.22925077378749847,No,True
4046,0.40423837304115295,No,True
4047,0.3613360822200775,No,True
4048,0.21446268260478973,No,True
4049,0.2974261939525604,No,True
4050,0.5825060606002808,Yes,True
4051,0.4084267318248749,No,True
4052,0.4877009689807892,No,True
4053,0.5081256031990051,Yes,True
404,0.07070903480052948,No,True
405,0.13080736994743347,No,True
4056,0.3792474567890167,No,True
4057,0.2043766975402832,No,True
4058,0.25236037373542786,No,True
4059,0.3089003562927246,No,True
4060,0.2735884189605713,No,True
4061,0.3727250397205353,No,True
4062,0.22152385115623474,No,True
4063,0.2063046544790268,No,True
4064,0.05631382763385773,No,True
4065,0.15303808450698853,No,True
4066,0.24064385890960693,No,True
4067,0.18361002206802368,No,True
4068,0.11934323608875275,No,True
4069,0.24911201000213623,No,True
4070,0.3903235197067261,No,True
4071,0.3984313905239105,No,True
4072,0.3243144154548645,No,True
4073,0.3518015146255493,No,True
406,0.06482885777950287,No,True
407,0.6761832237243652,Yes,True
4076,0.13604624569416046,No,True
4077,0.17288793623447418,No,True
4078,0.18155916035175323,No,True
4079,0.2729152739048004,No,True
4080,0.37178921699523926,No,True
4081,0.32178738713264465,No,True
4082,0.20837834477424622,No,True
4083,0.1580645740032196,No,True
4084,0.1644512265920639,No,True
4085,0.14827193319797516,No,True
4086,0.3004249036312103,No,True
4087,0.20163273811340332,No,True
4088,0.19002696871757507,No,True
4089,0.3164615333080292,No,True
4090,0.20487210154533386,No,True
4091,0.19501394033432007,No,True
4092,0.511869490146637,Yes,True
4093,0.39222681522369385,No,True
408,0.24320827424526215,No,True
409,0.192804217338562,No,True
4096,0.3660978674888611,No,True
4097,0.18348193168640137,No,True
4098,0.26908281445503235,No,True
4099,0.3277866840362549,No,True
4100,0.264184832572937,No,True
4101,0.25202757120132446,No,True
4102,0.43381404876708984,No,True
4103,0.31093505024909973,No,True
4104,0.20732247829437256,No,True
4105,0.14044001698493958,No,True
4106,0.09092836081981659,No,True
4107,0.1696394681930542,No,True
4108,0.3492150604724884,No,True
4109,0.4052116572856903,No,True
4110,0.27795717120170593,No,True
4111,0.1424800306558609,No,True
4112,0.18908178806304932,No,True
4113,0.18443551659584045,No,True
410,0.22490724921226501,No,True
411,0.5620189905166626,Yes,True
4116,0.4213482141494751,No,True
4117,0.11521407961845398,No,True
4118,0.4533902108669281,No,True
4119,0.3546898066997528,No,True
4120,0.1403927356004715,No,True
4121,0.3622136414051056,No,True
4122,0.052427083253860474,No,True
4123,0.1575775444507599,No,True
4124,0.28635647892951965,No,True
4125,0.21894149482250214,No,True
4126,0.5450107455253601,Yes,True
4127,0.17158909142017365,No,True
4128,0.3482504189014435,No,True
4129,0.25037625432014465,No,True
4130,0.3752540349960327,No,True
4131,0.4826476275920868,No,True
4132,0.2117355614900589,No,True
4133,0.18752771615982056,No,True
412,0.1634218394756317,No,True
413,0.16625604033470154,No,True
4136,0.1313782036304474,No,True
4137,0.17154398560523987,No,True
4138,0.23633649945259094,No,True
4139,0.22361502051353455,No,True
4140,0.1696585714817047,No,True
4141,0.2072373330593109,No,True
4142,0.28256461024284363,No,True
4143,0.24431109428405762,No,True
4144,0.11688254028558731,No,True
4145,0.25236791372299194,No,True
4146,0.40800780057907104,No,True
4147,0.17044028639793396,No,True
4148,0.1828293651342392,No,True
4149,0.23452675342559814,No,True
4150,0.5643883347511292,Yes,True
4151,0.37114018201828003,No,True
4152,0.4042573571205139,No,True
4153,0.3215526044368744,No,True
414,0.1384328305721283,No,True
415,0.4896834194660187,No,True
4156,0.432775616645813,No,True
4157,0.17172199487686157,No,True
4158,0.22675473988056183,No,True
4159,0.23735518753528595,No,True
4160,0.34337183833122253,No,True
4161,0.3579327464103699,No,True
4162,0.27111801505088806,No,True
4163,0.20203906297683716,No,True
4164,0.16298334300518036,No,True
4165,0.18014724552631378,No,True
4166,0.33343127369880676,No,True
4167,0.3498683571815491,No,True
4168,0.339348703622818,No,True
4169,0.3776129186153412,No,True
4170,0.48438021540641785,No,True
4171,0.40619513392448425,No,True
4172,0.4588848948478699,No,True
4173,0.44796398282051086,No,True
416,0.22384212911128998,No,True
417,0.18956109881401062,No,True
4176,0.27512434124946594,No,True
4177,0.2175905555486679,No,True
4178,0.2553606331348419,No,True
4179,0.3231469988822937,No,True
4180,0.46601203083992004,No,True
4181,0.4544636607170105,No,True
4182,0.3331933915615082,No,True
4183,0.32130515575408936,No,True
4184,0.13583898544311523,No,True
4185,0.15020838379859924,No,True
4186,0.5025661587715149,Yes,True
4187,0.3140866756439209,No,True
4188,0.381458044052124,No,True
4189,0.41675063967704773,No,True
4190,0.5655682682991028,Yes,True
4191,0.4420773983001709,No,True
4192,0.4325403571128845,No,True
4193,0.41549375653266907,No,True
418,0.1842915266752243,No,True
419,0.719562292098999,Yes,True
4196,0.2847234606742859,No,True
4197,0.2839403748512268,No,True
4198,0.3360964357852936,No,True
4199,0.31018906831741333,No,True
4200,0.2804424464702606,No,True
4201,0.0659765899181366,No,True
4202,0.03970010578632355,No,True
4203,0.22660638391971588,No,True
4204,0.05142288655042648,No,True
4205,0.23313184082508087,No,True
4206,0.0975155234336853,No,True
4207,0.10290703922510147,No,True
4208,0.3874940872192383,No,True
4209,0.4237389862537384,No,True
4210,0.5898668169975281,Yes,True
4211,0.40185391902923584,No,True
4212,0.3908056616783142,No,True
4213,0.4369387626647949,No,True
420,0.11767634004354477,No,True
421,0.1652032881975174,No,True
4216,0.10560193657875061,No,True
4217,0.2044735997915268,No,True
4218,0.1876709908246994,No,True
4219,0.15088757872581482,No,True
4220,0.09436240792274475,No,True
4221,0.1513260155916214,No,True
4222,0.38378557562828064,No,True
4223,0.29795214533805847,No,True
4224,0.08226138353347778,No,True
4225,0.3670794665813446,No,True
4226,0.5344589352607727,Yes,True
4227,0.2954910099506378,No,True
4228,0.19657160341739655,No,True
4229,0.2417018562555313,No,True
4230,0.344190388917923,No,True
4231,0.4407791197299957,No,True
4232,0.38737648725509644,No,True
4233,0.32713085412979126,No,True
422,0.09143861383199692,No,True
423,0.45874297618865967,No,True
4236,0.24187242984771729,No,True
4237,0.22541476786136627,No,True
4238,0.1329006403684616,No,True
4239,0.21845723688602448,No,True
4240,0.38803786039352417,No,True
4241,0.34914514422416687,No,True
4242,0.15687480568885803,No,True
4243,0.11192722618579865,No,True
4244,0.08367828279733658,No,True
4245,0.20231960713863373,No,True
4246,0.3013428747653961,No,True
4247,0.30729907751083374,No,True
4248,0.271264910697937,No,True
4249,0.253780722618103,No,True
4250,0.37447747588157654,No,True
4251,0.1970311552286148,No,True
4252,0.5752434730529785,Yes,True
4253,0.27570632100105286,No,True
424,0.10065162926912308,No,True
425,0.2069900631904602,No,True
4256,0.36259326338768005,No,True
4257,0.20525233447551727,No,True
4258,0.24998274445533752,No,True
4259,0.24788786470890045,No,True
4260,0.2577224671840668,No,True
4261,0.24795828759670258,No,True
4262,0.26960399746894836,No,True
4263,0.2336835116147995,No,True
4264,0.12686383724212646,No,True
4265,0.19312241673469543,No,True
4266,0.1742333173751831,No,True
4267,0.2870880961418152,No,True
4268,0.3501574695110321,No,True
4269,0.33561477065086365,No,True
4270,0.6365162134170532,Yes,True
4271,0.4865932762622833,No,True
4272,0.607915997505188,Yes,True
4273,0.4994813799858093,No,True
426,0.11179875582456589,No,True
427,0.2422250360250473,No,True
4276,0.47712308168411255,No,True
4277,0.3375520706176758,No,True
4278,0.27742499113082886,No,True
4279,0.3707330822944641,No,True
4280,0.15732207894325256,No,True
4281,0.2859199047088623,No,True
4282,0.21612386405467987,No,True
4283,0.19795085489749908,No,True
4284,0.09899891167879105,No,True
4285,0.19976723194122314,No,True
4286,0.2880795896053314,No,True
4287,0.4059695899486542,No,True
4288,0.23944538831710815,No,True
4289,0.23219914734363556,No,True
4290,0.4723495543003082,No,True
4291,0.40669432282447815,No,True
4292,0.41434305906295776,No,True
4293,0.3790569603443146,No,True
428,0.22263911366462708,No,True
429,0.16045211255550385,No,True
4296,0.2844410240650177,No,True
4297,0.23331822454929352,No,True
4298,0.26018887758255005,No,True
4299,0.4146474599838257,No,True
4300,0.10954371839761734,No,True
4301,0.40784746408462524,No,True
4302,0.35635387897491455,No,True
4303,0.22003020346164703,No,True
4304,0.33606448769569397,No,True
4305,0.20623956620693207,No,True
4306,0.33339035511016846,No,True
4307,0.16923178732395172,No,True
4308,0.23301032185554504,No,True
4309,0.3325470983982086,No,True
4310,0.5548991560935974,Yes,True
4311,0.3069547116756439,No,True
4312,0.4808351695537567,No,True
4313,0.3713985085487366,No,True
430,0.13943487405776978,No,True
431,0.6903190016746521,Yes,True
4316,0.13299427926540375,No,True
4317,0.17576250433921814,No,True
4318,0.27525609731674194,No,True
4319,0.2893521785736084,No,True
4320,0.3940912187099457,No,True
4321,0.36558419466018677,No,True
4322,0.3200615644454956,No,True
4323,0.2126401662826538,No,True
4324,0.17595984041690826,No,True
4325,0.22408120334148407,No,True
4326,0.419647216796875,No,True
4327,0.3427613079547882,No,True
4328,0.2075115591287613,No,True
4329,0.20725613832473755,No,True
4330,0.5560749769210815,Yes,True
4331,0.4390684962272644,No,True
4332,0.618186891078949,Yes,True
4333,0.5896934866905212,Yes,True
432,0.16028806567192078,No,True
433,0.13370513916015625,No,True
4336,0.4144619107246399,No,True
4337,0.2508409023284912,No,True
4338,0.23761826753616333,No,True
4339,0.33057016134262085,No,True
4340,0.2065449357032776,No,True
4341,0.24576175212860107,No,True
4342,0.15525950491428375,No,True
4343,0.13295672833919525,No,True
4344,0.2206416130065918,No,True
4345,0.20396330952644348,No,True
4346,0.04054029658436775,No,True
4347,0.1269070953130722,No,True
4348,0.468858540058136,No,True
4349,0.46634674072265625,No,True
4350,0.1620689034461975,No,True
4351,0.3288511037826538,No,True
4352,0.24075764417648315,No,True
4353,0.3263219892978668,No,True
434,0.1334526687860489,No,True
435,0.33532947301864624,No,True
4356,0.1523631364107132,No,True
4357,0.11296405643224716,No,True
4358,0.13600601255893707,No,True
4359,0.23303137719631195,No,True
4360,0.3055514693260193,No,True
4361,0.35453906655311584,No,True
4362,0.4014503061771393,No,True
4363,0.35509636998176575,No,True
4364,0.09439361840486526,No,True
4365,0.19934460520744324,No,True
4366,0.46047350764274597,No,True
4367,0.3252435624599457,No,True
4368,0.43297213315963745,No,True
4369,0.446670264005661,No,True
4370,0.4846886694431305,No,True
4371,0.3876093626022339,No,True
4372,0.32472842931747437,No,True
4373,0.2813766896724701,No,True
436,0.08630427718162537,No,True
437,0.1544671654701233,No,True
4376,0.28661906719207764,No,True
4377,0.1956663429737091,No,True
4378,0.20664598047733307,No,True
4379,0.2877720892429352,No,True
4380,0.2791743278503418,No,True
4381,0.29002368450164795,No,True
4382,0.34103554487228394,No,True
4383,0.3203372061252594,No,True
4384,0.11057194322347641,No,True
4385,0.1777806133031845,No,True
4386,0.4056699872016907,No,True
4387,0.22575858235359192,No,True
4388,0.47731640934944153,No,True
4389,0.46536827087402344,No,True
4390,0.5422349572181702,Yes,True
4391,0.359894335269928,No,True
4392,0.31665554642677307,No,True
4393,0.1902415156364441,No,True
438,0.13050740957260132,No,True
439,0.24180392920970917,No,True
4396,0.214255228638649,No,True
4397,0.16531489789485931,No,True
4398,0.2762874662876129,No,True
4399,0.31435051560401917,No,True
4400,0.03147324547171593,No,False
4401,0.2562045454978943,No,False
4402,0.11398624628782272,No,False
4403,0.3042391538619995,No,False
4404,0.038577962666749954,No,False
4405,0.19720621407032013,No,False
4406,0.45923417806625366,No,False
4407,0.7412048578262329,Yes,False
4408,0.39991745352745056,No,False
4409,0.3478294610977173,No,False
4410,0.48490217328071594,No,False
4411,0.7425669431686401,Yes,False
4412,0.4017751216888428,No,False
4413,0.5152098536491394,Yes,False
440,0.046201322227716446,No,False
441,0.0906030461192131,No,False
4416,0.4187222719192505,No,False
4417,0.6911875009536743,Yes,False
4418,0.2833922803401947,No,False
4419,0.5177886486053467,Yes,False
4420,0.07014726102352142,No,False
4421,0.5065999627113342,Yes,False
4422,0.11204291880130768,No,False
4423,0.5028131008148193,Yes,False
4424,0.015435335226356983,No,False
4425,0.22482828795909882,No,False
4426,0.07391225546598434,No,False
4427,0.8656551241874695,Yes,False
4428,0.08351600915193558,No,False
4429,0.49810364842414856,No,False
4430,0.17187264561653137,No,False
4431,0.789153516292572,Yes,False
4432,0.17830193042755127,No,False
4433,0.8091216087341309,Yes,False
442,0.16065646708011627,No,False
443,0.2505653202533722,No,False
4436,0.12783995270729065,No,False
4437,0.7477313876152039,Yes,False
4438,0.14743898808956146,No,False
4439,0.5637187957763672,Yes,False
4440,0.2872706353664398,No,False
4441,0.6951766014099121,Yes,False
4442,0.24043288826942444,No,False
4443,0.628728449344635,Yes,False
4444,0.16888545453548431,No,False
4445,0.45704469084739685,No,False
4446,0.2640787959098816,No,False
4447,0.8512521982192993,Yes,False
4448,0.31774061918258667,No,False
4449,0.5492095947265625,Yes,False
4450,0.3922172486782074,No,False
4451,0.8091119527816772,Yes,False
4452,0.36708661913871765,No,False
4453,0.7860762476921082,Yes,False
444,0.20927907526493073,No,False
445,0.2530072331428528,No,False
4456,0.2578392028808594,No,False
4457,0.6359072327613831,Yes,False
4458,0.24084536731243134,No,False
4459,0.44000476598739624,No,False
4460,0.4167998731136322,No,False
4461,0.7290232181549072,Yes,False
4462,0.29894936084747314,No,False
4463,0.5606256127357483,Yes,False
4464,0.2243734747171402,No,False
4465,0.4381941854953766,No,False
4466,0.3383289575576782,No,False
4467,0.7290002107620239,Yes,False
4468,0.2072240561246872,No,False
4469,0.49239468574523926,No,False
4470,0.5994184017181396,Yes,False
4471,0.8109585046768188,Yes,False
4472,0.4521622359752655,No,False
4473,0.7705604434013367,Yes,False
446,0.17011524736881256,No,False
447,0.4650270342826843,No,False
4476,0.330748587846756,No,False
4477,0.5662881731987,Yes,False
4478,0.24836203455924988,No,False
4479,0.47150948643684387,No,False
4480,0.18804411590099335,No,False
4481,0.659419059753418,Yes,False
4482,0.16260766983032227,No,False
4483,0.5854324102401733,Yes,False
4484,0.18629935383796692,No,False
4485,0.3074115216732025,No,False
4486,0.09808007627725601,No,False
4487,0.7871611714363098,Yes,False
4488,0.12147202342748642,No,False
4489,0.4541209638118744,No,False
4490,0.162787526845932,No,False
4491,0.837011992931366,Yes,False
4492,0.2338714450597763,No,False
4493,0.8862628936767578,Yes,False
448,0.18186692893505096,No,False
449,0.1751786172389984,No,False
4496,0.11420903354883194,No,False
4497,0.6277228593826294,Yes,False
4498,0.18559709191322327,No,False
4499,0.49943357706069946,No,False
4500,0.26062947511672974,No,False
4501,0.6615321040153503,Yes,False
4502,0.5115619897842407,Yes,False
4503,0.6631342768669128,Yes,False
4504,0.21028198301792145,No,False
4505,0.23779445886611938,No,False
4506,0.2218853384256363,No,False
4507,0.6833420395851135,Yes,False
4508,0.2782377302646637,No,False
4509,0.6070482730865479,Yes,False
4510,0.2770378887653351,No,False
4511,0.7310548424720764,Yes,False
4512,0.20073139667510986,No,False
4513,0.6612885594367981,Yes,False
450,0.12808389961719513,No,False
451,0.6692126393318176,Yes,False
4516,0.34488752484321594,No,False
4517,0.3943067789077759,No,False
4518,0.4156179130077362,No,False
4519,0.5148056745529175,Yes,False
4520,0.047587912529706955,No,False
4521,0.5335483551025391,Yes,False
4522,0.1736813187599182,No,False
4523,0.4439815282821655,No,False
4524,0.2318722903728485,No,False
4525,0.45225396752357483,No,False
4526,0.37629345059394836,No,False
4527,0.7342833280563354,Yes,False
4528,0.49238085746765137,No,False
4529,0.43231213092803955,No,False
4530,0.4848088324069977,No,False
4531,0.6673890948295593,Yes,False
4532,0.3290301263332367,No,False
4533,0.6752491593360901,Yes,False
452,0.26232266426086426,No,False
453,0.20632420480251312,No,False
4536,0.34062695503234863,No,False
4537,0.6029356122016907,Yes,False
4538,0.3299730718135834,No,False
4539,0.45911291241645813,No,False
4540,0.04898078739643097,No,False
4541,0.5710382461547852,Yes,False
4542,0.16042132675647736,No,False
4543,0.6012903451919556,Yes,False
4544,0.05000889301300049,No,False
4545,0.42504966259002686,No,False
4546,0.1299097239971161,No,False
4547,0.8886274695396423,Yes,False
4548,0.20547953248023987,No,False
4549,0.5895086526870728,Yes,False
4550,0.3495413661003113,No,False
4551,0.8291100859642029,Yes,False
4552,0.2558993995189667,No,False
4553,0.8309558629989624,Yes,False
454,0.18436624109745026,No,False
455,0.6004178524017334,Yes,False
4556,0.1645631045103073,No,False
4557,0.7645025253295898,Yes,False
4558,0.21894297003746033,No,False
4559,0.6358941197395325,Yes,False
4560,0.19689448177814484,No,False
4561,0.4970031976699829,No,False
4562,0.2608321011066437,No,False
4563,0.5145344138145447,Yes,False
4564,0.14315581321716309,No,False
4565,0.24650299549102783,No,False
4566,0.2652250826358795,No,False
4567,0.683640718460083,Yes,False
4568,0.289930522441864,No,False
4569,0.5404713153839111,Yes,False
4570,0.395559161901474,No,False
4571,0.6952296495437622,Yes,False
4572,0.4099710285663605,No,False
4573,0.6288697123527527,Yes,False
456,0.14481696486473083,No,False
457,0.1433858871459961,No,False
4576,0.25384923815727234,No,False
4577,0.5945448279380798,Yes,False
4578,0.2844518721103668,No,False
4579,0.4036674499511719,No,False
4580,0.23450881242752075,No,False
4581,0.6598342061042786,Yes,False
4582,0.2797558307647705,No,False
4583,0.5432495474815369,Yes,False
4584,0.20141252875328064,No,False
4585,0.43926870822906494,No,False
4586,0.44134700298309326,No,False
4587,0.715578556060791,Yes,False
4588,0.31287881731987,No,False
4589,0.5610917210578918,Yes,False
4590,0.38170063495635986,No,False
4591,0.6825768947601318,Yes,False
4592,0.32062986493110657,No,False
4593,0.6482080221176147,Yes,False
458,0.2008504867553711,No,False
459,0.4552987217903137,No,False
4596,0.27958062291145325,No,False
4597,0.5352060198783875,Yes,False
4598,0.32180851697921753,No,False
4599,0.46619999408721924,No,False
4600,0.2552422285079956,No,False
4601,0.3641398251056671,No,False
4602,0.12650762498378754,No,False
4603,0.5904268026351929,Yes,False
4604,0.05349499359726906,No,False
4605,0.468758761882782,No,False
4606,0.15825191140174866,No,False
4607,0.6319741606712341,Yes,False
4608,0.35528767108917236,No,False
4609,0.5216325521469116,Yes,False
4610,0.5685116648674011,Yes,False
4611,0.7516074776649475,Yes,False
4612,0.23124785721302032,No,False
4613,0.6732109785079956,Yes,False
460,0.10679629445075989,No,False
461,0.14488309621810913,No,False
4616,0.14955376088619232,No,False
4617,0.4806762635707855,No,False
4618,0.2108255922794342,No,False
4619,0.5576184988021851,Yes,False
4620,0.03293869271874428,No,False
4621,0.2472492754459381,No,False
4622,0.5052876472473145,Yes,False
4623,0.6437988877296448,Yes,False
4624,0.06903108954429626,No,False
4625,0.5655237436294556,Yes,False
4626,0.4959346354007721,No,False
4627,0.7027863264083862,Yes,False
4628,0.2373187243938446,No,False
4629,0.55303955078125,Yes,False
4630,0.402226060628891,No,False
4631,0.7183580994606018,Yes,False
4632,0.4944632053375244,No,False
4633,0.5737228989601135,Yes,False
462,0.14621169865131378,No,False
463,0.5287725329399109,Yes,False
4636,0.19166700541973114,No,False
4637,0.5793633460998535,Yes,False
4638,0.2019587904214859,No,False
4639,0.5857722759246826,Yes,False
4640,0.2319963127374649,No,False
4641,0.6411795616149902,Yes,False
4642,0.2012953907251358,No,False
4643,0.5026570558547974,Yes,False
4644,0.0536600686609745,No,False
4645,0.4036153256893158,No,False
4646,0.08195400983095169,No,False
4647,0.791203498840332,Yes,False
4648,0.09103379398584366,No,False
4649,0.4297444224357605,No,False
4650,0.39376482367515564,No,False
4651,0.7968916296958923,Yes,False
4652,0.4031374752521515,No,False
4653,0.9111638069152832,Yes,False
464,0.235365629196167,No,False
465,0.2208385318517685,No,False
4656,0.24731284379959106,No,False
4657,0.6191867589950562,Yes,False
4658,0.2133774757385254,No,False
4659,0.3797217607498169,No,False
4660,0.1528720110654831,No,False
4661,0.6328142285346985,Yes,False
4662,0.2167680561542511,No,False
4663,0.6850950121879578,Yes,False
4664,0.1779084950685501,No,False
4665,0.548396646976471,Yes,False
4666,0.27837100625038147,No,False
4667,0.8217588663101196,Yes,False
4668,0.32516902685165405,No,False
4669,0.5260788798332214,Yes,False
4670,0.4294683039188385,No,False
4671,0.81417316198349,Yes,False
4672,0.5004298090934753,Yes,False
4673,0.7826567888259888,Yes,False
466,0.22935160994529724,No,False
467,0.5393523573875427,Yes,False
4676,0.3201277554035187,No,False
4677,0.5689523220062256,Yes,False
4678,0.28247058391571045,No,False
4679,0.5182104706764221,Yes,False
4680,0.101935975253582,No,False
4681,0.5359293818473816,Yes,False
4682,0.13323915004730225,No,False
4683,0.43397456407546997,No,False
4684,0.11827544122934341,No,False
4685,0.47030243277549744,No,False
4686,0.2290872037410736,No,False
4687,0.7232775092124939,Yes,False
4688,0.18207111954689026,No,False
4689,0.4532983899116516,No,False
4690,0.3696160316467285,No,False
4691,0.7696934342384338,Yes,False
4692,0.3208841383457184,No,False
4693,0.6620703339576721,Yes,False
468,0.053395844995975494,No,False
469,0.05982625111937523,No,False
4696,0.24243035912513733,No,False
4697,0.579405665397644,Yes,False
4698,0.2949342131614685,No,False
4699,0.5070204138755798,Yes,False
4700,0.11578488349914551,No,False
4701,0.7545321583747864,Yes,False
4702,0.3829900324344635,No,False
4703,0.5341728925704956,Yes,False
4704,0.2911849617958069,No,False
4705,0.33020615577697754,No,False
4706,0.3901918828487396,No,False
4707,0.4462814927101135,No,False
4708,0.2180711030960083,No,False
4709,0.455288827419281,No,False
4710,0.5258636474609375,Yes,False
4711,0.7641866207122803,Yes,False
4712,0.49650922417640686,No,False
4713,0.6970505714416504,Yes,False
470,0.08222100883722305,No,False
471,0.3181740641593933,No,False
4716,0.19426275789737701,No,False
4717,0.5689519047737122,Yes,False
4718,0.395673006772995,No,False
4719,0.5291074514389038,Yes,False
4720,0.14364901185035706,No,False
4721,0.5807241201400757,Yes,False
4722,0.2296328842639923,No,False
4723,0.5029903054237366,Yes,False
4724,0.1489640772342682,No,False
4725,0.39273783564567566,No,False
4726,0.28451475501060486,No,False
4727,0.8140528798103333,Yes,False
4728,0.16815483570098877,No,False
4729,0.44956809282302856,No,False
4730,0.3819437026977539,No,False
4731,0.7697892189025879,Yes,False
4732,0.38668155670166016,No,False
4733,0.7405303120613098,Yes,False
472,0.1893400251865387,No,False
473,0.15070562064647675,No,False
4736,0.2987654507160187,No,False
4737,0.5669398903846741,Yes,False
4738,0.31017595529556274,No,False
4739,0.4855063259601593,No,False
4740,0.24945177137851715,No,False
4741,0.5900156497955322,Yes,False
4742,0.09892002493143082,No,False
4743,0.2742246985435486,No,False
4744,0.1704404652118683,No,False
4745,0.11753925681114197,No,False
4746,0.05298198387026787,No,False
4747,0.5899982452392578,Yes,False
4748,0.4773823618888855,No,False
4749,0.6751440763473511,Yes,False
4750,0.20787113904953003,No,False
4751,0.6991519927978516,Yes,False
4752,0.2646782696247101,No,False
4753,0.7304843664169312,Yes,False
474,0.15938051044940948,No,False
475,0.3362726867198944,No,False
4756,0.11881779879331589,No,False
4757,0.600314736366272,Yes,False
4758,0.19427280128002167,No,False
4759,0.4099802076816559,No,False
4760,0.26391881704330444,No,False
4761,0.5678433179855347,Yes,False
4762,0.4018993377685547,No,False
4763,0.5794154405593872,Yes,False
4764,0.23747849464416504,No,False
4765,0.48992985486984253,No,False
4766,0.5216934680938721,Yes,False
4767,0.7702729105949402,Yes,False
4768,0.4310019314289093,No,False
4769,0.7047709822654724,Yes,False
4770,0.5218433737754822,Yes,False
4771,0.7152777910232544,Yes,False
4772,0.44522425532341003,No,False
4773,0.5956510305404663,Yes,False
476,0.13713568449020386,No,False
477,0.16485925018787384,No,False
4776,0.3920097351074219,No,False
4777,0.6405853629112244,Yes,False
4778,0.34686917066574097,No,False
4779,0.5065809488296509,Yes,False
4780,0.2354133129119873,No,False
4781,0.5283489227294922,Yes,False
4782,0.4338751435279846,No,False
4783,0.6449769139289856,Yes,False
4784,0.23846113681793213,No,False
4785,0.508531928062439,Yes,False
4786,0.46688467264175415,No,False
4787,0.696095883846283,Yes,False
4788,0.4388386309146881,No,False
4789,0.600623607635498,Yes,False
4790,0.5029819011688232,Yes,False
4791,0.6931201815605164,Yes,False
4792,0.4532361626625061,No,False
4793,0.5646887421607971,Yes,False
478,0.09769077599048615,No,False
479,0.31570687890052795,No,False
4796,0.38233712315559387,No,False
4797,0.6056091785430908,Yes,False
4798,0.3455463647842407,No,False
4799,0.47253674268722534,No,False
4800,0.07216162979602814,No,True
4801,0.17457780241966248,No,True
4802,0.08507579565048218,No,True
4803,0.22528406977653503,No,True
4804,0.03083973377943039,No,True
4805,0.24590608477592468,No,True
4806,0.444713294506073,No,True
4807,0.2508258819580078,No,True
4808,0.3591212332248688,No,True
4809,0.17748786509037018,No,True
4810,0.5982358455657959,Yes,True
4811,0.29052016139030457,No,True
4812,0.41418972611427307,No,True
4813,0.3063122630119324,No,True
480,0.18063142895698547,No,True
481,0.20918747782707214,No,True
4816,0.29848766326904297,No,True
4817,0.1963745355606079,No,True
4818,0.34687283635139465,No,True
4819,0.3201070725917816,No,True
4820,0.1602802574634552,No,True
4821,0.2950586974620819,No,True
4822,0.10574531555175781,No,True
4823,0.16662932932376862,No,True
4824,0.06063338741660118,No,True
4825,0.28826406598091125,No,True
4826,0.3006819784641266,No,True
4827,0.18246427178382874,No,True
4828,0.23738132417201996,No,True
4829,0.18462519347667694,No,True
4830,0.2044760286808014,No,True
4831,0.21068301796913147,No,True
4832,0.5549376010894775,Yes,True
4833,0.2801574170589447,No,True
482,0.17476388812065125,No,True
483,0.29960739612579346,No,True
4836,0.4040262699127197,No,True
4837,0.18628554046154022,No,True
4838,0.28634363412857056,No,True
4839,0.2742981016635895,No,True
4840,0.38173961639404297,No,True
4841,0.40106937289237976,No,True
4842,0.2851364314556122,No,True
4843,0.3982061743736267,No,True
4844,0.18074265122413635,No,True
4845,0.38935041427612305,No,True
4846,0.40734025835990906,No,True
4847,0.42337924242019653,No,True
4848,0.2092834711074829,No,True
4849,0.2265642285346985,No,True
4850,0.6003744602203369,Yes,True
4851,0.39406049251556396,No,True
4852,0.5862547159194946,Yes,True
4853,0.5196014642715454,Yes,True
484,0.06540528684854507,No,True
485,0.13692523539066315,No,True
4856,0.3675307631492615,No,True
4857,0.21288277208805084,No,True
4858,0.2903151512145996,No,True
4859,0.2608737647533417,No,True
4860,0.2311093807220459,No,True
4861,0.4280134439468384,No,True
4862,0.1954084038734436,No,True
4863,0.2853916883468628,No,True
4864,0.043541498482227325,No,True
4865,0.2948359549045563,No,True
4866,0.28873178362846375,No,True
4867,0.2579602301120758,No,True
4868,0.2362447828054428,No,True
4869,0.2635589838027954,No,True
4870,0.48059672117233276,No,True
4871,0.4484141767024994,No,True
4872,0.4121924638748169,No,True
4873,0.46917593479156494,No,True
486,0.11429103463888168,No,True
487,0.6298757195472717,Yes,True
4876,0.2056300789117813,No,True
4877,0.21899476647377014,No,True
4878,0.2311006784439087,No,True
4879,0.2718033194541931,No,True
4880,0.3108866810798645,No,True
4881,0.3484671413898468,No,True
4882,0.1869252622127533,No,True
4883,0.19182415306568146,No,True
4884,0.13440485298633575,No,True
4885,0.21850942075252533,No,True
4886,0.3106722831726074,No,True
4887,0.27917373180389404,No,True
4888,0.24589814245700836,No,True
4889,0.21437521278858185,No,True
4890,0.22995254397392273,No,True
4891,0.21758171916007996,No,True
4892,0.5407231450080872,Yes,True
4893,0.36279547214508057,No,True
488,0.28754574060440063,No,True
489,0.16398277878761292,No,True
4896,0.37412700057029724,No,True
4897,0.2531057894229889,No,True
4898,0.25912338495254517,No,True
4899,0.2819470465183258,No,True
4900,0.2765560746192932,No,True
4901,0.30366185307502747,No,True
4902,0.48376840353012085,No,True
4903,0.41255995631217957,No,True
4904,0.272346168756485,No,True
4905,0.20389065146446228,No,True
4906,0.07586539536714554,No,True
4907,0.18127954006195068,No,True
4908,0.43276408314704895,No,True
4909,0.37753093242645264,No,True
4910,0.3547171950340271,No,True
4911,0.2378907948732376,No,True
4912,0.31716102361679077,No,True
4913,0.23987403512001038,No,True
490,0.2703118920326233,No,True
491,0.49511849880218506,No,True
4916,0.42337751388549805,No,True
4917,0.15864232182502747,No,True
4918,0.5053969025611877,Yes,True
4919,0.3404444754123688,No,True
4920,0.09755246341228485,No,True
4921,0.3495332598686218,No,True
4922,0.02812815085053444,No,True
4923,0.17029066383838654,No,True
4924,0.3359898626804352,No,True
4925,0.3880860209465027,No,True
4926,0.586456298828125,Yes,True
4927,0.23955237865447998,No,True
4928,0.45071300864219666,No,True
4929,0.27583885192871094,No,True
4930,0.44898417592048645,No,True
4931,0.5308232307434082,Yes,True
4932,0.32478487491607666,No,True
4933,0.26425787806510925,No,True
492,0.18356937170028687,No,True
493,0.19417156279087067,No,True
4936,0.19785076379776,No,True
4937,0.2340492159128189,No,True
4938,0.3013221025466919,No,True
4939,0.2694490849971771,No,True
4940,0.17724864184856415,No,True
4941,0.25082510709762573,No,True
4942,0.17546994984149933,No,True
4943,0.24847544729709625,No,True
4944,0.09324996173381805,No,True
4945,0.323586642742157,No,True
4946,0.3559870421886444,No,True
4947,0.21327494084835052,No,True
4948,0.13419954478740692,No,True
4949,0.1609434187412262,No,True
4950,0.5500286221504211,Yes,True
4951,0.3873033821582794,No,True
4952,0.4636675715446472,No,True
4953,0.34940534830093384,No,True
494,0.2105543464422226,No,True
495,0.5058181881904602,Yes,True
4956,0.4270845651626587,No,True
4957,0.21605944633483887,No,True
4958,0.25308671593666077,No,True
4959,0.2436060607433319,No,True
4960,0.3381427824497223,No,True
4961,0.4096983075141907,No,True
4962,0.2747301757335663,No,True
4963,0.2506263256072998,No,True
4964,0.20910051465034485,No,True
4965,0.30962133407592773,No,True
4966,0.3810593783855438,No,True
4967,0.42292454838752747,No,True
4968,0.4097592234611511,No,True
4969,0.3509921729564667,No,True
4970,0.5477117896080017,Yes,True
4971,0.42534589767456055,No,True
4972,0.5371702313423157,Yes,True
4973,0.4639926552772522,No,True
496,0.20598356425762177,No,True
497,0.14101335406303406,No,True
4976,0.35553473234176636,No,True
4977,0.242011159658432,No,True
4978,0.32457032799720764,No,True
4979,0.2947452664375305,No,True
4980,0.4238922595977783,No,True
4981,0.4832551181316376,No,True
4982,0.32301998138427734,No,True
4983,0.35885438323020935,No,True
4984,0.17196014523506165,No,True
4985,0.3211541175842285,No,True
4986,0.4975295662879944,No,True
4987,0.3191797733306885,No,True
4988,0.4351716637611389,No,True
4989,0.3724139630794525,No,True
4990,0.6227196455001831,Yes,True
4991,0.44482287764549255,No,True
4992,0.5671776533126831,Yes,True
4993,0.43330851197242737,No,True
498,0.259581595659256,No,True
499,0.662134051322937,Yes,True
4996,0.3336741030216217,No,True
4997,0.27102208137512207,No,True
4998,0.42777520418167114,No,True
4999,0.2741577923297882,No,True
5000,0.26875942945480347,No,True
5001,0.10596925020217896,No,True
5002,0.02489582635462284,No,True
5003,0.29905498027801514,No,True
5004,0.06072833389043808,No,True
5005,0.39965739846229553,No,True
5006,0.07308364659547806,No,True
5007,0.10636759549379349,No,True
5008,0.5102483034133911,Yes,True
5009,0.39546212553977966,No,True
5010,0.7004959583282471,Yes,True
5011,0.47602370381355286,No,True
5012,0.45434698462486267,No,True
5013,0.5231492519378662,Yes,True
500,0.21901923418045044,No,True
501,0.2737259864807129,No,True
5016,0.13092567026615143,No,True
5017,0.2869914770126343,No,True
5018,0.25949981808662415,No,True
5019,0.1992650181055069,No,True
5020,0.06853228807449341,No,True
5021,0.1651153564453125,No,True
5022,0.3965538442134857,No,True
5023,0.33040720224380493,No,True
5024,0.060061976313591,No,True
5025,0.4790506660938263,No,True
5026,0.4662419259548187,No,True
5027,0.2640285789966583,No,True
5028,0.3173404633998871,No,True
5029,0.22292020916938782,No,True
5030,0.45301553606987,No,True
5031,0.4289388954639435,No,True
5032,0.4296017587184906,No,True
5033,0.4079582989215851,No,True
502,0.12309413403272629,No,True
503,0.4476301074028015,No,True
5036,0.2860633134841919,No,True
5037,0.27645978331565857,No,True
5038,0.1741161197423935,No,True
5039,0.2504272758960724,No,True
5040,0.34061938524246216,No,True
5041,0.3492846190929413,No,True
5042,0.11424100399017334,No,True
5043,0.12361368536949158,No,True
5044,0.10640769451856613,No,True
5045,0.28541114926338196,No,True
5046,0.27465805411338806,No,True
5047,0.34456127882003784,No,True
5048,0.26221224665641785,No,True
5049,0.2867529094219208,No,True
5050,0.390370637178421,No,True
5051,0.24530068039894104,No,True
5052,0.569156289100647,Yes,True
5053,0.3347832262516022,No,True
504,0.09442030638456345,No,True
505,0.21605980396270752,No,True
5056,0.34106898307800293,No,True
5057,0.226207435131073,No,True
5058,0.28082603216171265,No,True
5059,0.24429775774478912,No,True
5060,0.24748866260051727,No,True
5061,0.30732113122940063,No,True
5062,0.2218865007162094,No,True
5063,0.30975669622421265,No,True
5064,0.14502419531345367,No,True
5065,0.3322259485721588,No,True
5066,0.178053081035614,No,True
5067,0.322988361120224,No,True
5068,0.40581172704696655,No,True
5069,0.31912466883659363,No,True
5070,0.6640691757202148,Yes,True
5071,0.4924874007701874,No,True
5072,0.6290871500968933,Yes,True
5073,0.4943244159221649,No,True
506,0.16813290119171143,No,True
507,0.2432578057050705,No,True
5076,0.4720754325389862,No,True
5077,0.3487754762172699,No,True
5078,0.3137771785259247,No,True
5079,0.32215434312820435,No,True
5080,0.15992838144302368,No,True
5081,0.2969910204410553,No,True
5082,0.21912844479084015,No,True
5083,0.2565658688545227,No,True
5084,0.09823880344629288,No,True
5085,0.3354092538356781,No,True
5086,0.34830430150032043,No,True
5087,0.45740681886672974,No,True
5088,0.3064778745174408,No,True
5089,0.22865119576454163,No,True
5090,0.4742647111415863,No,True
5091,0.38972315192222595,No,True
5092,0.49040260910987854,No,True
5093,0.42620229721069336,No,True
508,0.21811369061470032,No,True
509,0.10768844187259674,No,True
5096,0.30856558680534363,No,True
5097,0.2558925151824951,No,True
5098,0.3366312086582184,No,True
5099,0.3640243113040924,No,True
5100,0.07473476231098175,No,True
5101,0.4154534935951233,No,True
5102,0.2860734462738037,No,True
5103,0.2620459794998169,No,True
5104,0.35445037484169006,No,True
5105,0.26809802651405334,No,True
5106,0.3683362305164337,No,True
5107,0.2199653536081314,No,True
5108,0.2183043509721756,No,True
5109,0.29305338859558105,No,True
5110,0.6011626124382019,Yes,True
5111,0.36237648129463196,No,True
5112,0.5630355477333069,Yes,True
5113,0.4088154137134552,No,True
510,0.15847744047641754,No,True
511,0.6523798704147339,Yes,True
5116,0.18096332252025604,No,True
5117,0.2442113608121872,No,True
5118,0.33881282806396484,No,True
5119,0.2686483561992645,No,True
5120,0.3377378582954407,No,True
5121,0.39200690388679504,No,True
5122,0.2964647114276886,No,True
5123,0.28702977299690247,No,True
5124,0.1955588310956955,No,True
5125,0.3404107689857483,No,True
5126,0.4119601845741272,No,True
5127,0.41030165553092957,No,True
5128,0.3018247187137604,No,True
5129,0.20959745347499847,No,True
5130,0.5834499597549438,Yes,True
5131,0.42995956540107727,No,True
5132,0.6469420790672302,Yes,True
5133,0.5591090321540833,Yes,True
512,0.1485341638326645,No,True
513,0.1202700138092041,No,True
5136,0.4336303174495697,No,True
5137,0.27384230494499207,No,True
5138,0.3053671717643738,No,True
5139,0.3078083097934723,No,True
5140,0.19036106765270233,No,True
5141,0.2904101610183716,No,True
5142,0.08823352307081223,No,True
5143,0.18291299045085907,No,True
5144,0.25848665833473206,No,True
5145,0.2858505845069885,No,True
5146,0.033899832516908646,No,True
5147,0.1496444046497345,No,True
5148,0.5647008419036865,Yes,True
5149,0.5161686539649963,Yes,True
5150,0.24696046113967896,No,True
5151,0.39979028701782227,No,True
5152,0.28632301092147827,No,True
5153,0.4140702188014984,No,True
514,0.17123527824878693,No,True
515,0.4063085913658142,No,True
5156,0.1752423495054245,No,True
5157,0.19580170512199402,No,True
5158,0.14610692858695984,No,True
5159,0.26081156730651855,No,True
5160,0.2556166648864746,No,True
5161,0.3667740523815155,No,True
5162,0.4467536509037018,No,True
5163,0.42535868287086487,No,True
5164,0.10249960422515869,No,True
5165,0.3561241030693054,No,True
5166,0.4245021641254425,No,True
5167,0.4166461229324341,No,True
5168,0.5442891716957092,Yes,True
5169,0.4694479703903198,No,True
5170,0.6853721737861633,Yes,True
5171,0.4963786005973816,No,True
5172,0.46336352825164795,No,True
5173,0.3967486321926117,No,True
516,0.1369675099849701,No,True
517,0.10758237540721893,No,True
5176,0.41036882996559143,No,True
5177,0.27923163771629333,No,True
5178,0.2827391028404236,No,True
5179,0.2853791117668152,No,True
5180,0.21684208512306213,No,True
5181,0.3226696848869324,No,True
5182,0.3907754421234131,No,True
5183,0.4008910357952118,No,True
5184,0.19152238965034485,No,True
5185,0.36411476135253906,No,True
5186,0.4396437108516693,No,True
5187,0.2770498991012573,No,True
5188,0.5298817753791809,Yes,True
5189,0.47818008065223694,No,True
5190,0.7004188895225525,Yes,True
5191,0.4221898019313812,No,True
5192,0.46481069922447205,No,True
5193,0.31789666414260864,No,True
518,0.17316670715808868,No,True
519,0.21201305091381073,No,True
5196,0.3219233453273773,No,True
5197,0.22349689900875092,No,True
5198,0.3533205986022949,No,True
5199,0.3238944113254547,No,True
5200,0.021738896146416664,No,False
5201,0.26041361689567566,No,False
5202,0.0899968072772026,No,False
5203,0.34509187936782837,No,False
5204,0.0249189306050539,No,False
5205,0.2503208518028259,No,False
5206,0.35289350152015686,No,False
5207,0.645257294178009,Yes,False
5208,0.3701970875263214,No,False
5209,0.3603891432285309,No,False
5210,0.4752429723739624,No,False
5211,0.7131913304328918,Yes,False
5212,0.40875348448753357,No,False
5213,0.4607033431529999,No,False
520,0.05165713280439377,No,False
521,0.10814778506755829,No,False
5216,0.330368310213089,No,False
5217,0.6163804531097412,Yes,False
5218,0.2674542963504791,No,False
5219,0.4394144117832184,No,False
5220,0.06830194592475891,No,False
5221,0.46127963066101074,No,False
5222,0.059465959668159485,No,False
5223,0.4640986919403076,No,False
5224,0.01059966254979372,No,False
5225,0.22407037019729614,No,False
5226,0.0868544653058052,No,False
5227,0.7894124984741211,Yes,False
5228,0.08740681409835815,No,False
5229,0.4444509446620941,No,False
5230,0.17302082479000092,No,False
5231,0.7081395387649536,Yes,False
5232,0.18163049221038818,No,False
5233,0.7088479399681091,Yes,False
522,0.1663292497396469,No,False
523,0.2710033059120178,No,False
5236,0.12700161337852478,No,False
5237,0.6665537357330322,Yes,False
5238,0.175970658659935,No,False
5239,0.5196254849433899,Yes,False
5240,0.28980815410614014,No,False
5241,0.6422915458679199,Yes,False
5242,0.22087498009204865,No,False
5243,0.6139248013496399,Yes,False
5244,0.1598370373249054,No,False
5245,0.5004607439041138,Yes,False
5246,0.2586904466152191,No,False
5247,0.7874032855033875,Yes,False
5248,0.3043849468231201,No,False
5249,0.4576222896575928,No,False
5250,0.39401546120643616,No,False
5251,0.7093434929847717,Yes,False
5252,0.3119080662727356,No,False
5253,0.6860383749008179,Yes,False
524,0.2789156436920166,No,False
525,0.33614659309387207,No,False
5256,0.19771303236484528,No,False
5257,0.5329470634460449,Yes,False
5258,0.26696574687957764,No,False
5259,0.37900251150131226,No,False
5260,0.3488723933696747,No,False
5261,0.6684063076972961,Yes,False
5262,0.1976338028907776,No,False
5263,0.5006399154663086,Yes,False
5264,0.17875243723392487,No,False
5265,0.5021951198577881,Yes,False
5266,0.2481294572353363,No,False
5267,0.6975200772285461,Yes,False
5268,0.2987096309661865,No,False
5269,0.38542672991752625,No,False
5270,0.5387281775474548,Yes,False
5271,0.7250108122825623,Yes,False
5272,0.42677411437034607,No,False
5273,0.6949282288551331,Yes,False
526,0.234693706035614,No,False
527,0.4505809545516968,No,False
5276,0.25867247581481934,No,False
5277,0.5023382902145386,Yes,False
5278,0.21901364624500275,No,False
5279,0.40356212854385376,No,False
5280,0.1274496167898178,No,False
5281,0.533514678478241,Yes,False
5282,0.16547244787216187,No,False
5283,0.5270907282829285,Yes,False
5284,0.12688632309436798,No,False
5285,0.30538254976272583,No,False
5286,0.1113370954990387,No,False
5287,0.7010812163352966,Yes,False
5288,0.1547018587589264,No,False
5289,0.3092496693134308,No,False
5290,0.18144769966602325,No,False
5291,0.7517351508140564,Yes,False
5292,0.2964574694633484,No,False
5293,0.8133899569511414,Yes,False
528,0.2027360200881958,No,False
529,0.13963572680950165,No,False
5296,0.12105467170476913,No,False
5297,0.5134266018867493,Yes,False
5298,0.18886595964431763,No,False
5299,0.4235687255859375,No,False
5300,0.2623019516468048,No,False
5301,0.6081158518791199,Yes,False
5302,0.5823019742965698,Yes,False
5303,0.6914424300193787,Yes,False
5304,0.25223636627197266,No,False
5305,0.26447203755378723,No,False
5306,0.16064472496509552,No,False
5307,0.5884219408035278,Yes,False
5308,0.2176564335823059,No,False
5309,0.5074215531349182,Yes,False
5310,0.34208402037620544,No,False
5311,0.6689125299453735,Yes,False
5312,0.2927469313144684,No,False
5313,0.5795562267303467,Yes,False
530,0.160755917429924,No,False
531,0.6423585414886475,Yes,False
5316,0.2516547739505768,No,False
5317,0.3251926302909851,No,False
5318,0.3888169229030609,No,False
5319,0.4500769078731537,No,False
5320,0.041874561458826065,No,False
5321,0.4685874879360199,No,False
5322,0.1073838323354721,No,False
5323,0.46326079964637756,No,False
5324,0.22405539453029633,No,False
5325,0.5186746716499329,Yes,False
5326,0.33780309557914734,No,False
5327,0.6866286993026733,Yes,False
5328,0.5040038228034973,Yes,False
5329,0.42907240986824036,No,False
5330,0.5103553533554077,Yes,False
5331,0.6570754051208496,Yes,False
5332,0.40097105503082275,No,False
5333,0.6412575244903564,Yes,False
532,0.2759254276752472,No,False
533,0.19071297347545624,No,False
5336,0.2822416126728058,No,False
5337,0.542254626750946,Yes,False
5338,0.3236115574836731,No,False
5339,0.4135438799858093,No,False
5340,0.04520854353904724,No,False
5341,0.4719560742378235,No,False
5342,0.11209055036306381,No,False
5343,0.5489593148231506,Yes,False
5344,0.03773009777069092,No,False
5345,0.4105891287326813,No,False
5346,0.11537095904350281,No,False
5347,0.809630811214447,Yes,False
5348,0.18465669453144073,No,False
5349,0.46114978194236755,No,False
5350,0.34799712896347046,No,False
5351,0.7694246172904968,Yes,False
5352,0.2161324918270111,No,False
5353,0.7068824768066406,Yes,False
534,0.29174795746803284,No,False
535,0.5773810148239136,Yes,False
5356,0.15339596569538116,No,False
5357,0.6789630055427551,Yes,False
5358,0.2125212550163269,No,False
5359,0.5791391730308533,Yes,False
5360,0.18000578880310059,No,False
5361,0.5083699226379395,Yes,False
5362,0.28857526183128357,No,False
5363,0.5586163401603699,Yes,False
5364,0.13893792033195496,No,False
5365,0.36209407448768616,No,False
5366,0.2386067658662796,No,False
5367,0.6685346364974976,Yes,False
5368,0.25006103515625,No,False
5369,0.4940180778503418,No,False
5370,0.386101633310318,No,False
5371,0.6288776397705078,Yes,False
5372,0.3850224018096924,No,False
5373,0.5592542290687561,Yes,False
536,0.19077333807945251,No,False
537,0.1335436999797821,No,False
5376,0.22748443484306335,No,False
5377,0.5536332130432129,Yes,False
5378,0.2631388008594513,No,False
5379,0.37857329845428467,No,False
5380,0.16914382576942444,No,False
5381,0.6058295965194702,Yes,False
5382,0.27470511198043823,No,False
5383,0.5586627125740051,Yes,False
5384,0.22602714598178864,No,False
5385,0.5223639011383057,Yes,False
5386,0.3477962017059326,No,False
5387,0.6517541408538818,Yes,False
5388,0.2662445902824402,No,False
5389,0.49368104338645935,No,False
5390,0.3856482207775116,No,False
5391,0.6448172926902771,Yes,False
5392,0.3312876224517822,No,False
5393,0.6257281303405762,Yes,False
538,0.32393574714660645,No,False
539,0.37648746371269226,No,False
5396,0.21205884218215942,No,False
5397,0.43677183985710144,No,False
5398,0.30470407009124756,No,False
5399,0.4075171649456024,No,False
5400,0.2408028542995453,No,False
5401,0.3273984491825104,No,False
5402,0.0986923947930336,No,False
5403,0.5894376039505005,Yes,False
5404,0.05181189253926277,No,False
5405,0.5373043417930603,Yes,False
5406,0.11757435649633408,No,False
5407,0.5570850968360901,Yes,False
5408,0.4125049412250519,No,False
5409,0.4260843098163605,No,False
5410,0.5982688069343567,Yes,False
5411,0.7296181321144104,Yes,False
5412,0.26788532733917236,No,False
5413,0.6109240055084229,Yes,False
540,0.1075676903128624,No,False
541,0.1556272804737091,No,False
5416,0.1551589071750641,No,False
5417,0.44276824593544006,No,False
5418,0.2716293931007385,No,False
5419,0.51419997215271,Yes,False
5420,0.02215457521378994,No,False
5421,0.26957371830940247,No,False
5422,0.5011442303657532,Yes,False
5423,0.6297450661659241,Yes,False
5424,0.06462923437356949,No,False
5425,0.5740612149238586,Yes,False
5426,0.4055449366569519,No,False
5427,0.6083236932754517,Yes,False
5428,0.28099945187568665,No,False
5429,0.4076668620109558,No,False
5430,0.46589046716690063,No,False
5431,0.6894212365150452,Yes,False
5432,0.43928205966949463,No,False
5433,0.5199453234672546,Yes,False
542,0.1609305441379547,No,False
543,0.42877161502838135,No,False
5436,0.19465017318725586,No,False
5437,0.5118101239204407,Yes,False
5438,0.21520493924617767,No,False
5439,0.5022267699241638,Yes,False
5440,0.19833742082118988,No,False
5441,0.5663551688194275,Yes,False
5442,0.1507934182882309,No,False
5443,0.48382568359375,No,False
5444,0.053820669651031494,No,False
5445,0.38293811678886414,No,False
5446,0.08499965816736221,No,False
5447,0.7152743339538574,Yes,False
5448,0.07574725151062012,No,False
5449,0.3537943661212921,No,False
5450,0.3189300298690796,No,False
5451,0.7237443923950195,Yes,False
5452,0.36109012365341187,No,False
5453,0.825003445148468,Yes,False
544,0.2507270574569702,No,False
545,0.2245771884918213,No,False
5456,0.20426249504089355,No,False
5457,0.5343198180198669,Yes,False
5458,0.20980197191238403,No,False
5459,0.3385336995124817,No,False
5460,0.14205078780651093,No,False
5461,0.5557510852813721,Yes,False
5462,0.19992749392986298,No,False
5463,0.6560103893280029,Yes,False
5464,0.20015273988246918,No,False
5465,0.5499811172485352,Yes,False
5466,0.20234782993793488,No,False
5467,0.749129056930542,Yes,False
5468,0.35863375663757324,No,False
5469,0.4730031490325928,No,False
5470,0.4199446141719818,No,False
5471,0.7592077255249023,Yes,False
5472,0.45132872462272644,No,False
5473,0.6713805794715881,Yes,False
546,0.26950502395629883,No,False
547,0.48785093426704407,No,False
5476,0.2374761998653412,No,False
5477,0.45818158984184265,No,False
5478,0.23747889697551727,No,False
5479,0.43783846497535706,No,False
5480,0.11425009369850159,No,False
5481,0.46342983841896057,No,False
5482,0.14877676963806152,No,False
5483,0.4533994793891907,No,False
5484,0.12531918287277222,No,False
5485,0.5190386772155762,Yes,False
5486,0.2901381254196167,No,False
5487,0.6640980243682861,Yes,False
5488,0.20222292840480804,No,False
5489,0.4064283072948456,No,False
5490,0.31865236163139343,No,False
5491,0.6937135457992554,Yes,False
5492,0.31852516531944275,No,False
5493,0.5932466387748718,Yes,False
548,0.09119149297475815,No,False
549,0.06616950035095215,No,False
5496,0.20471052825450897,No,False
5497,0.4925920069217682,No,False
5498,0.3008509874343872,No,False
5499,0.4203217327594757,No,False
5500,0.08687053620815277,No,False
5501,0.6501746773719788,Yes,False
5502,0.25588226318359375,No,False
5503,0.4694722592830658,No,False
5504,0.24797426164150238,No,False
5505,0.3330865204334259,No,False
5506,0.27402639389038086,No,False
5507,0.40060949325561523,No,False
5508,0.25902149081230164,No,False
5509,0.4053349792957306,No,False
5510,0.5253399014472961,Yes,False
5511,0.7098767757415771,Yes,False
5512,0.4692554771900177,No,False
5513,0.6296469569206238,Yes,False
550,0.13219943642616272,No,False
551,0.39035764336586,No,False
5516,0.2057296633720398,No,False
5517,0.51668781042099,Yes,False
5518,0.3752845525741577,No,False
5519,0.425615131855011,No,False
5520,0.12439838796854019,No,False
5521,0.4977768063545227,No,False
5522,0.21431773900985718,No,False
5523,0.5091558694839478,Yes,False
5524,0.1575140655040741,No,False
5525,0.42358124256134033,No,False
5526,0.273495614528656,No,False
5527,0.7422276139259338,Yes,False
5528,0.22313441336154938,No,False
5529,0.3822891414165497,No,False
5530,0.39558500051498413,No,False
5531,0.6676997542381287,Yes,False
5532,0.36366114020347595,No,False
5533,0.6207845211029053,Yes,False
552,0.17500028014183044,No,False
553,0.17349189519882202,No,False
5536,0.21561062335968018,No,False
5537,0.4532608687877655,No,False
5538,0.32028961181640625,No,False
5539,0.42329102754592896,No,False
5540,0.22323071956634521,No,False
5541,0.5393713712692261,Yes,False
5542,0.055115822702646255,No,False
5543,0.31288185715675354,No,False
5544,0.1223977729678154,No,False
5545,0.1670384407043457,No,False
5546,0.04445840045809746,No,False
5547,0.5054954290390015,Yes,False
5548,0.47894591093063354,No,False
5549,0.6298366785049438,Yes,False
5550,0.2908807694911957,No,False
5551,0.6733353734016418,Yes,False
5552,0.31142497062683105,No,False
5553,0.641150951385498,Yes,False
554,0.23931251466274261,No,False
555,0.3930811285972595,No,False
5556,0.15959881246089935,No,False
5557,0.5906957983970642,Yes,False
5558,0.22380585968494415,No,False
5559,0.40151602029800415,No,False
5560,0.21014146506786346,No,False
5561,0.5307595133781433,Yes,False
5562,0.44706910848617554,No,False
5563,0.597594141960144,Yes,False
5564,0.21891850233078003,No,False
5565,0.5438076853752136,Yes,False
5566,0.44615504145622253,No,False
5567,0.7275428771972656,Yes,False
5568,0.476532518863678,No,False
5569,0.6595845818519592,Yes,False
5570,0.5612424612045288,Yes,False
5571,0.7325162887573242,Yes,False
5572,0.44750651717185974,No,False
5573,0.5930954217910767,Yes,False
556,0.20726990699768066,No,False
557,0.19322244822978973,No,False
5576,0.36093083024024963,No,False
5577,0.6083511710166931,Yes,False
5578,0.3448948264122009,No,False
5579,0.4456324279308319,No,False
5580,0.1703464686870575,No,False
5581,0.490058958530426,No,False
5582,0.4645979702472687,No,False
5583,0.6604518890380859,Yes,False
5584,0.30445364117622375,No,False
5585,0.6030291318893433,Yes,False
5586,0.3871217966079712,No,False
5587,0.6334202885627747,Yes,False
5588,0.47541290521621704,No,False
5589,0.5433343648910522,Yes,False
5590,0.5523955821990967,Yes,False
5591,0.7083163261413574,Yes,False
5592,0.44734886288642883,No,False
5593,0.5791001915931702,Yes,False
558,0.16429677605628967,No,False
559,0.3315916359424591,No,False
5596,0.35417500138282776,No,False
5597,0.5755903720855713,Yes,False
5598,0.34329357743263245,No,False
5599,0.431147962808609,No,False
5600,0.04975413158535957,No,True
5601,0.06003807857632637,No,True
5602,0.10061923414468765,No,True
5603,0.14789479970932007,No,True
5604,0.013624069280922413,No,True
5605,0.09705163538455963,No,True
5606,0.22465212643146515,No,True
5607,0.3033619523048401,No,True
5608,0.0925614982843399,No,True
5609,0.10863227397203445,No,True
5610,0.40488821268081665,No,True
5611,0.2664891481399536,No,True
5612,0.2748759686946869,No,True
5613,0.3588906228542328,No,True
560,0.078774593770504,No,True
561,0.1303057074546814,No,True
5616,0.06558295339345932,No,True
5617,0.08077255636453629,No,True
5618,0.2090836614370346,No,True
5619,0.28519806265830994,No,True
5620,0.01825794018805027,No,True
5621,0.05798933655023575,No,True
5622,0.013381038792431355,No,True
5623,0.057458292692899704,No,True
5624,0.004492868669331074,No,True
5625,0.08719325065612793,No,True
5626,0.1405174732208252,No,True
5627,0.25873109698295593,No,True
5628,0.027112770825624466,No,True
5629,0.08084052056074142,No,True
5630,0.009243663400411606,No,True
5631,0.11557543277740479,No,True
5632,0.6182899475097656,Yes,True
5633,0.2528797388076782,No,True
562,0.15332470834255219,No,True
563,0.5680392384529114,Yes,True
5636,0.16692231595516205,No,True
5637,0.10076160728931427,No,True
5638,0.10001612454652786,No,True
5639,0.2511814534664154,No,True
5640,0.21784403920173645,No,True
5641,0.27293136715888977,No,True
5642,0.2636743485927582,No,True
5643,0.2508947253227234,No,True
5644,0.07714240998029709,No,True
5645,0.23176495730876923,No,True
5646,0.1873272955417633,No,True
5647,0.23368406295776367,No,True
5648,0.09031231701374054,No,True
5649,0.10036076605319977,No,True
5650,0.6743483543395996,Yes,True
5651,0.47953781485557556,No,True
5652,0.5955742597579956,Yes,True
5653,0.2890848219394684,No,True
564,0.0037747283931821585,No,True
565,0.032347843050956726,No,True
5656,0.2814280390739441,No,True
5657,0.14200271666049957,No,True
5658,0.238367959856987,No,True
5659,0.24006599187850952,No,True
5660,0.03722039982676506,No,True
5661,0.29226958751678467,No,True
5662,0.01546191330999136,No,True
5663,0.17524093389511108,No,True
5664,0.0019365171901881695,No,True
5665,0.0665818452835083,No,True
5666,0.13235661387443542,No,True
5667,0.3260447680950165,No,True
5668,0.03605562821030617,No,True
5669,0.17241252958774567,No,True
5670,0.12020532041788101,No,True
5671,0.3146999776363373,No,True
5672,0.17667466402053833,No,True
5673,0.36155855655670166,No,True
566,0.031413689255714417,No,True
567,0.5315402746200562,Yes,True
5676,0.04375679790973663,No,True
5677,0.12604475021362305,No,True
5678,0.10672987997531891,No,True
5679,0.279158353805542,No,True
5680,0.12472410500049591,No,True
5681,0.17620716989040375,No,True
5682,0.13015873730182648,No,True
5683,0.16221792995929718,No,True
5684,0.03384992480278015,No,True
5685,0.11330877244472504,No,True
5686,0.12202448397874832,No,True
5687,0.3879823386669159,No,True
5688,0.049857597798109055,No,True
5689,0.10474912822246552,No,True
5690,0.008646553382277489,No,True
5691,0.1344967633485794,No,True
5692,0.2452135682106018,No,True
5693,0.3273387551307678,No,True
568,0.11341645568609238,No,True
569,0.2027573585510254,No,True
5696,0.21712623536586761,No,True
5697,0.14764386415481567,No,True
5698,0.1629849374294281,No,True
5699,0.27443134784698486,No,True
5700,0.015497449785470963,No,True
5701,0.18891265988349915,No,True
5702,0.06419970095157623,No,True
5703,0.22656431794166565,No,True
5704,0.014970425516366959,No,True
5705,0.08993709087371826,No,True
5706,0.05991789698600769,No,True
5707,0.14475145936012268,No,True
5708,0.05692172050476074,No,True
5709,0.2220938354730606,No,True
5710,0.13355807960033417,No,True
5711,0.1537359654903412,No,True
5712,0.20139066874980927,No,True
5713,0.18296334147453308,No,True
570,0.20244939625263214,No,True
571,0.6556147336959839,Yes,True
5716,0.2283148467540741,No,True
5717,0.0997023954987526,No,True
5718,0.17473313212394714,No,True
5719,0.2893487215042114,No,True
5720,0.09306637942790985,No,True
5721,0.19520358741283417,No,True
5722,0.00618778308853507,No,True
5723,0.08740062266588211,No,True
5724,0.048919677734375,No,True
5725,0.20408852398395538,No,True
5726,0.3612802028656006,No,True
5727,0.30180516839027405,No,True
5728,0.14478719234466553,No,True
5729,0.18958231806755066,No,True
5730,0.29590922594070435,No,True
5731,0.39042651653289795,No,True
5732,0.16598232090473175,No,True
5733,0.19539578258991241,No,True
572,0.079473577439785,No,True
573,0.1936076581478119,No,True
5736,0.1269330531358719,No,True
5737,0.16257205605506897,No,True
5738,0.1958504021167755,No,True
5739,0.19942857325077057,No,True
5740,0.02962123230099678,No,True
5741,0.051222700625658035,No,True
5742,0.1624651849269867,No,True
5743,0.2348634898662567,No,True
5744,0.02534124068915844,No,True
5745,0.17323066294193268,No,True
5746,0.2076791524887085,No,True
5747,0.27954211831092834,No,True
5748,0.041379209607839584,No,True
5749,0.06957099586725235,No,True
5750,0.4272524416446686,No,True
5751,0.35362106561660767,No,True
5752,0.34080004692077637,No,True
5753,0.29562699794769287,No,True
574,0.23199017345905304,No,True
575,0.6149636507034302,Yes,True
5756,0.2823021709918976,No,True
5757,0.12172974646091461,No,True
5758,0.10054869949817657,No,True
5759,0.17510561645030975,No,True
5760,0.018692854791879654,No,True
5761,0.08883914351463318,No,True
5762,0.11714975535869598,No,True
5763,0.1434844434261322,No,True
5764,0.02821578085422516,No,True
5765,0.09870950877666473,No,True
5766,0.10105158388614655,No,True
5767,0.2459443360567093,No,True
5768,0.17927002906799316,No,True
5769,0.16666412353515625,No,True
5770,0.5719147324562073,Yes,True
5771,0.47376522421836853,No,True
5772,0.6129383444786072,Yes,True
5773,0.4474145174026489,No,True
576,0.06025061756372452,No,True
577,0.05185633525252342,No,True
5776,0.04049216955900192,No,True
5777,0.10482826828956604,No,True
5778,0.2644580006599426,No,True
5779,0.35681235790252686,No,True
5780,0.10155666619539261,No,True
5781,0.25285008549690247,No,True
5782,0.14788316190242767,No,True
5783,0.2090071737766266,No,True
5784,0.012428035028278828,No,True
5785,0.09482693672180176,No,True
5786,0.4382406771183014,No,True
5787,0.35225677490234375,No,True
5788,0.18281741440296173,No,True
5789,0.18335294723510742,No,True
5790,0.49270665645599365,No,True
5791,0.4656688868999481,No,True
5792,0.6282384991645813,Yes,True
5793,0.33080601692199707,No,True
578,0.11730542778968811,No,True
579,0.6891404390335083,Yes,True
5796,0.21854479610919952,No,True
5797,0.1755063235759735,No,True
5798,0.1739175021648407,No,True
5799,0.22981204092502594,No,True
5800,0.016024122014641762,No,True
5801,0.024372994899749756,No,True
5802,0.003350205020979047,No,True
5803,0.08748646080493927,No,True
5804,0.017216617241501808,No,True
5805,0.1652783453464508,No,True
5806,0.08056659996509552,No,True
5807,0.11626169085502625,No,True
5808,0.0749751627445221,No,True
5809,0.18139450252056122,No,True
5810,0.4343821704387665,No,True
5811,0.3935977518558502,No,True
5812,0.3246273100376129,No,True
5813,0.4238729476928711,No,True
580,0.04800194129347801,No,True
581,0.09520462155342102,No,True
5816,0.04727610945701599,No,True
5817,0.08678640425205231,No,True
5818,0.09766385704278946,No,True
5819,0.11784467101097107,No,True
5820,0.03823937103152275,No,True
5821,0.08269865065813065,No,True
5822,0.1768147051334381,No,True
5823,0.28285276889801025,No,True
5824,0.028279729187488556,No,True
5825,0.2946952283382416,No,True
5826,0.27117881178855896,No,True
5827,0.42094552516937256,No,True
5828,0.12175151705741882,No,True
5829,0.2337844967842102,No,True
5830,0.5910433530807495,Yes,True
5831,0.5179873704910278,Yes,True
5832,0.240733802318573,No,True
5833,0.3856717646121979,No,True
582,0.05477733910083771,No,True
583,0.5124751925468445,Yes,True
5836,0.1984805166721344,No,True
5837,0.2366761714220047,No,True
5838,0.1206308975815773,No,True
5839,0.177077516913414,No,True
5840,0.1505255103111267,No,True
5841,0.20126836001873016,No,True
5842,0.03871378302574158,No,True
5843,0.05099586024880409,No,True
5844,0.02744402550160885,No,True
5845,0.18178503215312958,No,True
5846,0.058653514832258224,No,True
5847,0.25564202666282654,No,True
5848,0.09387596696615219,No,True
5849,0.18972375988960266,No,True
5850,0.13063882291316986,No,True
5851,0.1574515849351883,No,True
5852,0.5016621947288513,Yes,True
5853,0.37482142448425293,No,True
584,0.06781572103500366,No,True
585,0.21677373349666595,No,True
5856,0.23732545971870422,No,True
5857,0.12584498524665833,No,True
5858,0.17835523188114166,No,True
5859,0.15554878115653992,No,True
5860,0.02771637961268425,No,True
5861,0.10838398337364197,No,True
5862,0.10461210459470749,No,True
5863,0.17237688601016998,No,True
5864,0.019397879019379616,No,True
5865,0.19276860356330872,No,True
5866,0.034547217190265656,No,True
5867,0.16576381027698517,No,True
5868,0.13991041481494904,No,True
5869,0.19724571704864502,No,True
5870,0.6592860221862793,Yes,True
5871,0.4816412925720215,No,True
5872,0.7061652541160583,Yes,True
5873,0.4900514781475067,No,True
586,0.10147600620985031,No,True
587,0.2658778429031372,No,True
5876,0.4605526030063629,No,True
5877,0.2326064109802246,No,True
5878,0.20184561610221863,No,True
5879,0.3288884460926056,No,True
5880,0.049082137644290924,No,True
5881,0.21132279932498932,No,True
5882,0.18579164147377014,No,True
5883,0.13507826626300812,No,True
5884,0.09859737008810043,No,True
5885,0.2674683928489685,No,True
5886,0.19827501475811005,No,True
5887,0.27895280718803406,No,True
5888,0.20393306016921997,No,True
5889,0.19151467084884644,No,True
5890,0.2934928834438324,No,True
5891,0.21656815707683563,No,True
5892,0.5692273378372192,Yes,True
5893,0.3292155861854553,No,True
588,0.2240905463695526,No,True
589,0.15204225480556488,No,True
5896,0.21842704713344574,No,True
5897,0.1899641901254654,No,True
5898,0.3210327625274658,No,True
5899,0.3886922299861908,No,True
5900,0.02145683765411377,No,True
5901,0.30680015683174133,No,True
5902,0.03697756677865982,No,True
5903,0.13779622316360474,No,True
5904,0.034104570746421814,No,True
5905,0.1591874659061432,No,True
5906,0.2614635229110718,No,True
5907,0.249802827835083,No,True
5908,0.19256621599197388,No,True
5909,0.23085595667362213,No,True
5910,0.44323620200157166,No,True
5911,0.38016510009765625,No,True
5912,0.14973285794258118,No,True
5913,0.3095633089542389,No,True
590,0.1361851543188095,No,True
591,0.6854201555252075,Yes,True
5916,0.1129625141620636,No,True
5917,0.09824970364570618,No,True
5918,0.12500417232513428,No,True
5919,0.2239214926958084,No,True
5920,0.25673454999923706,No,True
5921,0.27258747816085815,No,True
5922,0.21607626974582672,No,True
5923,0.1405785232782364,No,True
5924,0.11477376520633698,No,True
5925,0.2256101667881012,No,True
5926,0.3467504382133484,No,True
5927,0.3149602711200714,No,True
5928,0.20598085224628448,No,True
5929,0.18487319350242615,No,True
5930,0.6305381059646606,Yes,True
5931,0.47221270203590393,No,True
5932,0.7539281249046326,Yes,True
5933,0.5397824048995972,Yes,True
592,0.0929766371846199,No,True
593,0.16753996908664703,No,True
5936,0.50816810131073,Yes,True
5937,0.1800241470336914,No,True
5938,0.2480756640434265,No,True
5939,0.2579410672187805,No,True
5940,0.025289971381425858,No,True
5941,0.17209301888942719,No,True
5942,0.025397013872861862,No,True
5943,0.0783735066652298,No,True
5944,0.012412243522703648,No,True
5945,0.07790544629096985,No,True
5946,0.06229967623949051,No,True
5947,0.14896653592586517,No,True
5948,0.15003986656665802,No,True
5949,0.3287109434604645,No,True
5950,0.08825409412384033,No,True
5951,0.30020520091056824,No,True
5952,0.21273121237754822,No,True
5953,0.4131842255592346,No,True
594,0.1363935023546219,No,True
595,0.5117399096488953,Yes,True
5956,0.03826713189482689,No,True
5957,0.05273812264204025,No,True
5958,0.05414075404405594,No,True
5959,0.10234450548887253,No,True
5960,0.08236858993768692,No,True
5961,0.194664865732193,No,True
5962,0.10449222475290298,No,True
5963,0.2871922254562378,No,True
5964,0.004983120132237673,No,True
5965,0.11000272631645203,No,True
5966,0.13429886102676392,No,True
5967,0.32806703448295593,No,True
5968,0.13600949943065643,No,True
5969,0.3378969430923462,No,True
5970,0.1200278028845787,No,True
5971,0.27425670623779297,No,True
5972,0.12388333678245544,No,True
5973,0.21616557240486145,No,True
596,0.058631330728530884,No,True
597,0.03881840407848358,No,True
5976,0.1216321513056755,No,True
5977,0.1992569863796234,No,True
5978,0.1370895504951477,No,True
5979,0.26088467240333557,No,True
5980,0.10642291605472565,No,True
5981,0.16591762006282806,No,True
5982,0.0973515585064888,No,True
5983,0.20744727551937103,No,True
5984,0.019884781911969185,No,True
5985,0.158564954996109,No,True
5986,0.33136919140815735,No,True
5987,0.3001691401004791,No,True
5988,0.18403883278369904,No,True
5989,0.29012826085090637,No,True
5990,0.27424687147140503,No,True
5991,0.30833956599235535,No,True
5992,0.15238219499588013,No,True
5993,0.1615152657032013,No,True
598,0.1244170069694519,No,True
599,0.28559044003486633,No,True
5996,0.13924936950206757,No,True
5997,0.17655499279499054,No,True
5998,0.27658066153526306,No,True
5999,0.3903135657310486,No,True
6000,0.022840559482574463,No,False
6001,0.2713242471218109,No,False
6002,0.09561038762331009,No,False
6003,0.40564781427383423,No,False
6004,0.02638423629105091,No,False
6005,0.25371992588043213,No,False
6006,0.3701289892196655,No,False
6007,0.7430258989334106,Yes,False
6008,0.29917454719543457,No,False
6009,0.3041651248931885,No,False
6010,0.4385327696800232,No,False
6011,0.7691850066184998,Yes,False
6012,0.3383026421070099,No,False
6013,0.596355140209198,Yes,False
600,0.004004406742751598,No,False
601,0.019864683970808983,No,False
6016,0.32108786702156067,No,False
6017,0.671642541885376,Yes,False
6018,0.3132225275039673,No,False
6019,0.5951043963432312,Yes,False
6020,0.060821227729320526,No,False
6021,0.3968784809112549,No,False
6022,0.04074416682124138,No,False
6023,0.3911435008049011,No,False
6024,0.0073583247140049934,No,False
6025,0.22238923609256744,No,False
6026,0.08940699696540833,No,False
6027,0.8963518738746643,Yes,False
6028,0.06328346580266953,No,False
6029,0.38970088958740234,No,False
6030,0.10846948623657227,No,False
6031,0.8296754956245422,Yes,False
6032,0.1468610167503357,No,False
6033,0.880765974521637,Yes,False
602,0.061900410801172256,No,False
603,0.41041281819343567,No,False
6036,0.12255037575960159,No,False
6037,0.7216120958328247,Yes,False
6038,0.16665366291999817,No,False
6039,0.5916553139686584,Yes,False
6040,0.31423717737197876,No,False
6041,0.7991588115692139,Yes,False
6042,0.1927661895751953,No,False
6043,0.6554858684539795,Yes,False
6044,0.13115571439266205,No,False
6045,0.5857881903648376,Yes,False
6046,0.17228634655475616,No,False
6047,0.9096947312355042,Yes,False
6048,0.18502409756183624,No,False
6049,0.4423520267009735,No,False
6050,0.432278573513031,No,False
6051,0.8743469715118408,Yes,False
6052,0.3681550920009613,No,False
6053,0.6760410666465759,Yes,False
604,0.0711909607052803,No,False
605,0.2069651335477829,No,False
6056,0.2574625313282013,No,False
6057,0.676339328289032,Yes,False
6058,0.29483869671821594,No,False
6059,0.4445778429508209,No,False
6060,0.31640562415122986,No,False
6061,0.7816970348358154,Yes,False
6062,0.0657062828540802,No,False
6063,0.662077009677887,Yes,False
6064,0.04442671313881874,No,False
6065,0.4083618223667145,No,False
6066,0.2437419444322586,No,False
6067,0.8123470544815063,Yes,False
6068,0.13132749497890472,No,False
6069,0.47975486516952515,No,False
6070,0.41069990396499634,No,False
6071,0.773709774017334,Yes,False
6072,0.28995582461357117,No,False
6073,0.8183640837669373,Yes,False
606,0.2279185950756073,No,False
607,0.54638671875,Yes,False
6076,0.25686344504356384,No,False
6077,0.5794858336448669,Yes,False
6078,0.31886282563209534,No,False
6079,0.6410039067268372,Yes,False
6080,0.14623454213142395,No,False
6081,0.5272312760353088,Yes,False
6082,0.0846286341547966,No,False
6083,0.557031512260437,Yes,False
6084,0.12378814816474915,No,False
6085,0.3615504205226898,No,False
6086,0.08510449528694153,No,False
6087,0.8373735547065735,Yes,False
6088,0.09599372744560242,No,False
6089,0.27962803840637207,No,False
6090,0.10169999301433563,No,False
6091,0.8030813336372375,Yes,False
6092,0.19480031728744507,No,False
6093,0.8860801458358765,Yes,False
608,0.16822993755340576,No,False
609,0.1924654096364975,No,False
6096,0.06104717403650284,No,False
6097,0.5508376359939575,Yes,False
6098,0.14203673601150513,No,False
6099,0.5141626000404358,Yes,False
6100,0.18236945569515228,No,False
6101,0.7695397734642029,Yes,False
6102,0.31125569343566895,No,False
6103,0.7329612374305725,Yes,False
6104,0.046058181673288345,No,False
6105,0.2550160586833954,No,False
6106,0.3261559009552002,No,False
6107,0.7578554749488831,Yes,False
6108,0.1392108052968979,No,False
6109,0.5369579792022705,Yes,False
6110,0.3069290220737457,No,False
6111,0.7419922947883606,Yes,False
6112,0.13766995072364807,No,False
6113,0.6144458055496216,Yes,False
610,0.13946108520030975,No,False
611,0.6643065810203552,Yes,False
6116,0.14163558185100555,No,False
6117,0.3957994282245636,No,False
6118,0.30394333600997925,No,False
6119,0.5787373185157776,Yes,False
6120,0.06468881666660309,No,False
6121,0.5148438215255737,Yes,False
6122,0.11738432943820953,No,False
6123,0.565707802772522,Yes,False
6124,0.10240564495325089,No,False
6125,0.527925968170166,Yes,False
6126,0.27087095379829407,No,False
6127,0.8380364179611206,Yes,False
6128,0.3828912675380707,No,False
6129,0.4579995274543762,No,False
6130,0.4699041545391083,No,False
6131,0.6977652907371521,Yes,False
6132,0.30241280794143677,No,False
6133,0.7056861519813538,Yes,False
612,0.19856064021587372,No,False
613,0.23209451138973236,No,False
6136,0.3999931514263153,No,False
6137,0.6613622307777405,Yes,False
6138,0.4975934326648712,No,False
6139,0.5109533071517944,Yes,False
6140,0.04493909701704979,No,False
6141,0.5397869348526001,Yes,False
6142,0.16056174039840698,No,False
6143,0.6357932090759277,Yes,False
6144,0.05611009523272514,No,False
6145,0.46702635288238525,No,False
6146,0.14737357199192047,No,False
6147,0.9151166677474976,Yes,False
6148,0.16232922673225403,No,False
6149,0.5068099498748779,Yes,False
6150,0.38090765476226807,No,False
6151,0.8614333868026733,Yes,False
6152,0.22516562044620514,No,False
6153,0.8647705912590027,Yes,False
614,0.18418681621551514,No,False
615,0.5765187740325928,Yes,False
6156,0.18971776962280273,No,False
6157,0.7569077014923096,Yes,False
6158,0.2010432779788971,No,False
6159,0.5828438401222229,Yes,False
6160,0.028770998120307922,No,False
6161,0.19636200368404388,No,False
6162,0.1684131622314453,No,False
6163,0.588586151599884,Yes,False
6164,0.05832167714834213,No,False
6165,0.2207624763250351,No,False
6166,0.10556439310312271,No,False
6167,0.7359674572944641,Yes,False
6168,0.19133402407169342,No,False
6169,0.47256961464881897,No,False
6170,0.39742690324783325,No,False
6171,0.8058128356933594,Yes,False
6172,0.3114999532699585,No,False
6173,0.6784597635269165,Yes,False
616,0.06632794439792633,No,False
617,0.13367372751235962,No,False
6176,0.09480170905590057,No,False
6177,0.6026709079742432,Yes,False
6178,0.3085830509662628,No,False
6179,0.5889915227890015,Yes,False
6180,0.12343351542949677,No,False
6181,0.5727919936180115,Yes,False
6182,0.11369983106851578,No,False
6183,0.49570703506469727,No,False
6184,0.04396675527095795,No,False
6185,0.4592265486717224,No,False
6186,0.39428964257240295,No,False
6187,0.8219674229621887,Yes,False
6188,0.20532654225826263,No,False
6189,0.4961980879306793,No,False
6190,0.3164578080177307,No,False
6191,0.7823051810264587,Yes,False
6192,0.3209931552410126,No,False
6193,0.6842761635780334,Yes,False
618,0.1633116453886032,No,False
619,0.5239251852035522,Yes,False
6196,0.1791074424982071,No,False
6197,0.4687892496585846,No,False
6198,0.27505895495414734,No,False
6199,0.627038300037384,Yes,False
6200,0.17908649146556854,No,False
6201,0.37410449981689453,No,False
6202,0.05132566764950752,No,False
6203,0.6096933484077454,Yes,False
6204,0.03749260678887367,No,False
6205,0.406294047832489,No,False
6206,0.2847026586532593,No,False
6207,0.7587641477584839,Yes,False
6208,0.1246228888630867,No,False
6209,0.32776904106140137,No,False
6210,0.5278957486152649,Yes,False
6211,0.8056976199150085,Yes,False
6212,0.1474529504776001,No,False
6213,0.6360700130462646,Yes,False
620,0.0988336056470871,No,False
621,0.12704801559448242,No,False
6216,0.12613295018672943,No,False
6217,0.44043871760368347,No,False
6218,0.18727758526802063,No,False
6219,0.4995364248752594,No,False
6220,0.03291097655892372,No,False
6221,0.30319100618362427,No,False
6222,0.4001716077327728,No,False
6223,0.7001770734786987,Yes,False
6224,0.07697922736406326,No,False
6225,0.5147339701652527,Yes,False
6226,0.3960138261318207,No,False
6227,0.751209020614624,Yes,False
6228,0.2822337746620178,No,False
6229,0.6136209964752197,Yes,False
6230,0.49951934814453125,No,False
6231,0.7864406704902649,Yes,False
6232,0.35792800784111023,No,False
6233,0.6761518120765686,Yes,False
622,0.15286311507225037,No,False
623,0.6113434433937073,Yes,False
6236,0.29612845182418823,No,False
6237,0.6474633812904358,Yes,False
6238,0.27258729934692383,No,False
6239,0.5217927694320679,Yes,False
6240,0.16108796000480652,No,False
6241,0.5656806826591492,Yes,False
6242,0.1738024801015854,No,False
6243,0.471272349357605,No,False
6244,0.04838409274816513,No,False
6245,0.38270440697669983,No,False
6246,0.03855753690004349,No,False
6247,0.778404176235199,Yes,False
6248,0.07757389545440674,No,False
6249,0.3773292005062103,No,False
6250,0.3329743444919586,No,False
6251,0.8144620656967163,Yes,False
6252,0.2897256314754486,No,False
6253,0.916743278503418,Yes,False
624,0.05296742171049118,No,False
625,0.1640394926071167,No,False
6256,0.21964570879936218,No,False
6257,0.7146763205528259,Yes,False
6258,0.27540406584739685,No,False
6259,0.35561487078666687,No,False
6260,0.14967258274555206,No,False
6261,0.6846334934234619,Yes,False
6262,0.05945323407649994,No,False
6263,0.6556972861289978,Yes,False
6264,0.09179157018661499,No,False
6265,0.6652626991271973,Yes,False
6266,0.158638134598732,No,False
6267,0.8402547240257263,Yes,False
6268,0.146868497133255,No,False
6269,0.38082224130630493,No,False
6270,0.459236741065979,No,False
6271,0.8626082539558411,Yes,False
6272,0.4633369743824005,No,False
6273,0.7952890992164612,Yes,False
626,0.1276225745677948,No,False
627,0.606099545955658,Yes,False
6276,0.16602723300457,No,False
6277,0.5875782370567322,Yes,False
6278,0.326712429523468,No,False
6279,0.6817820072174072,Yes,False
6280,0.0927923396229744,No,False
6281,0.6303698420524597,Yes,False
6282,0.2393880933523178,No,False
6283,0.4848839342594147,No,False
6284,0.16866405308246613,No,False
6285,0.6286651492118835,Yes,False
6286,0.21371547877788544,No,False
6287,0.833946943283081,Yes,False
6288,0.21941109001636505,No,False
6289,0.5384289622306824,Yes,False
6290,0.3440364599227905,No,False
6291,0.7858872413635254,Yes,False
6292,0.4119727909564972,No,False
6293,0.6906962394714355,Yes,False
628,0.011387569829821587,No,False
629,0.045438989996910095,No,False
6296,0.2962072193622589,No,False
6297,0.6849400401115417,Yes,False
6298,0.36698147654533386,No,False
6299,0.5756747722625732,Yes,False
6300,0.2160888910293579,No,False
6301,0.7803211808204651,Yes,False
6302,0.12959767878055573,No,False
6303,0.563022792339325,Yes,False
6304,0.09073121845722198,No,False
6305,0.380136638879776,No,False
6306,0.3299522399902344,No,False
6307,0.6081750988960266,Yes,False
6308,0.2171821892261505,No,False
6309,0.40913787484169006,No,False
6310,0.4477390646934509,No,False
6311,0.7695435881614685,Yes,False
6312,0.2654397785663605,No,False
6313,0.6861357688903809,Yes,False
630,0.03495116904377937,No,False
631,0.3781694173812866,No,False
6316,0.2350088506937027,No,False
6317,0.570390522480011,Yes,False
6318,0.3021835386753082,No,False
6319,0.5131152272224426,Yes,False
6320,0.1540297418832779,No,False
6321,0.6064260005950928,Yes,False
6322,0.23808471858501434,No,False
6323,0.49555978178977966,No,False
6324,0.15353801846504211,No,False
6325,0.4343934953212738,No,False
6326,0.364230215549469,No,False
6327,0.9167687892913818,Yes,False
6328,0.20937636494636536,No,False
6329,0.524966835975647,Yes,False
6330,0.455172061920166,No,False
6331,0.825404703617096,Yes,False
6332,0.5030945539474487,Yes,False
6333,0.7630589008331299,Yes,False
632,0.09750504791736603,No,False
633,0.12554791569709778,No,False
6336,0.330257773399353,No,False
6337,0.6974577903747559,Yes,False
6338,0.36804571747779846,No,False
6339,0.5467389225959778,Yes,False
6340,0.253063827753067,No,False
6341,0.6888719797134399,Yes,False
6342,0.040330685675144196,No,False
6343,0.3065449595451355,No,False
6344,0.03790828958153725,No,False
6345,0.15428149700164795,No,False
6346,0.14273078739643097,No,False
6347,0.751453697681427,Yes,False
6348,0.2756446897983551,No,False
6349,0.5281707048416138,Yes,False
6350,0.23218794167041779,No,False
6351,0.6719464063644409,Yes,False
6352,0.24030201137065887,No,False
6353,0.801472008228302,Yes,False
634,0.1759958416223526,No,False
635,0.424042284488678,No,False
6356,0.1140625849366188,No,False
6357,0.498955100774765,No,False
6358,0.1479678750038147,No,False
6359,0.2725007236003876,No,False
6360,0.21509268879890442,No,False
6361,0.5610669255256653,Yes,False
6362,0.180901899933815,No,False
6363,0.5902227759361267,Yes,False
6364,0.07440949976444244,No,False
6365,0.46302083134651184,No,False
6366,0.49110957980155945,No,False
6367,0.8753101825714111,Yes,False
6368,0.23529355227947235,No,False
6369,0.6032474040985107,Yes,False
6370,0.2861553132534027,No,False
6371,0.6953405141830444,Yes,False
6372,0.28622668981552124,No,False
6373,0.5156664252281189,Yes,False
636,0.0744982361793518,No,False
637,0.17807652056217194,No,False
6376,0.38935378193855286,No,False
6377,0.7110157608985901,Yes,False
6378,0.32975709438323975,No,False
6379,0.5282542705535889,Yes,False
6380,0.26294758915901184,No,False
6381,0.5210130214691162,Yes,False
6382,0.20170952379703522,No,False
6383,0.6501278281211853,Yes,False
6384,0.16912727057933807,No,False
6385,0.5911480188369751,Yes,False
6386,0.5063516497612,Yes,False
6387,0.7998647689819336,Yes,False
6388,0.23354506492614746,No,False
6389,0.4454127252101898,No,False
6390,0.3986175060272217,No,False
6391,0.7103850245475769,Yes,False
6392,0.3714262843132019,No,False
6393,0.5054230093955994,Yes,False
638,0.17078572511672974,No,False
639,0.42035725712776184,No,False
6396,0.4525178372859955,No,False
6397,0.661190927028656,Yes,False
6398,0.42733609676361084,No,False
6399,0.5978973507881165,Yes,False
6400,0.19983001053333282,No,True
6401,0.16715332865715027,No,True
6402,0.12640148401260376,No,True
6403,0.23815098404884338,No,True
6404,0.08842863142490387,No,True
6405,0.20724812150001526,No,True
6406,0.5116103291511536,Yes,True
6407,0.3217189311981201,No,True
6408,0.31130656599998474,No,True
6409,0.18113969266414642,No,True
6410,0.7925576567649841,Yes,True
6411,0.2837579548358917,No,True
6412,0.36860522627830505,No,True
6413,0.3851175010204315,No,True
640,0.24389439821243286,No,True
641,0.2741367816925049,No,True
6416,0.29727956652641296,No,True
6417,0.14609743654727936,No,True
6418,0.2692193388938904,No,True
6419,0.39846840500831604,No,True
6420,0.31069114804267883,No,True
6421,0.27195656299591064,No,True
6422,0.0901416540145874,No,True
6423,0.1645781546831131,No,True
6424,0.15562932193279266,No,True
6425,0.3057362735271454,No,True
6426,0.3285472095012665,No,True
6427,0.2607508897781372,No,True
6428,0.22831426560878754,No,True
6429,0.2465554028749466,No,True
6430,0.41405442357063293,No,True
6431,0.22278951108455658,No,True
6432,0.7213940620422363,Yes,True
6433,0.33791524171829224,No,True
642,0.2559677064418793,No,True
643,0.558207631111145,Yes,True
6436,0.5772625207901001,Yes,True
6437,0.13648533821105957,No,True
6438,0.35718291997909546,No,True
6439,0.3269427716732025,No,True
6440,0.6812781691551208,Yes,True
6441,0.5135169625282288,Yes,True
6442,0.4455993175506592,No,True
6443,0.43885570764541626,No,True
6444,0.46078458428382874,No,True
6445,0.42976391315460205,No,True
6446,0.6175897717475891,Yes,True
6447,0.5018154978752136,Yes,True
6448,0.2633499503135681,No,True
6449,0.3005729913711548,No,True
6450,0.7908309698104858,Yes,True
6451,0.5689755082130432,Yes,True
6452,0.8059836030006409,Yes,True
6453,0.7048767805099487,Yes,True
644,0.1582525074481964,No,True
645,0.2731746435165405,No,True
6456,0.5463415384292603,Yes,True
6457,0.2274649739265442,No,True
6458,0.4004088342189789,No,True
6459,0.3466399610042572,No,True
6460,0.3983975946903229,No,True
6461,0.4682028591632843,No,True
6462,0.19975008070468903,No,True
6463,0.31435415148735046,No,True
6464,0.10132268071174622,No,True
6465,0.28326570987701416,No,True
6466,0.3547951579093933,No,True
6467,0.3559231758117676,No,True
6468,0.17710013687610626,No,True
6469,0.35458675026893616,No,True
6470,0.6171896457672119,Yes,True
6471,0.5705687999725342,Yes,True
6472,0.5272347331047058,Yes,True
6473,0.5621894001960754,Yes,True
646,0.11615598201751709,No,True
647,0.8576600551605225,Yes,True
6476,0.1448483169078827,No,True
6477,0.19663989543914795,No,True
6478,0.3124183416366577,No,True
6479,0.42987173795700073,No,True
6480,0.5980607867240906,Yes,True
6481,0.4343351125717163,No,True
6482,0.3316212296485901,No,True
6483,0.27899232506752014,No,True
6484,0.40197479724884033,No,True
6485,0.23500452935695648,No,True
6486,0.4365096986293793,No,True
6487,0.4192526042461395,No,True
6488,0.3271004557609558,No,True
6489,0.3390035629272461,No,True
6490,0.509860634803772,Yes,True
6491,0.28762543201446533,No,True
6492,0.7584653496742249,Yes,True
6493,0.613623321056366,Yes,True
648,0.5110288858413696,Yes,True
649,0.3530033528804779,No,True
6496,0.605074942111969,Yes,True
6497,0.23694173991680145,No,True
6498,0.44849538803100586,No,True
6499,0.415330708026886,No,True
6500,0.301628440618515,No,True
6501,0.3462291657924652,No,True
6502,0.4500564634799957,No,True
6503,0.44565194845199585,No,True
6504,0.30512022972106934,No,True
6505,0.11779461801052094,No,True
6506,0.1487143337726593,No,True
6507,0.1422315388917923,No,True
6508,0.3514542579650879,No,True
6509,0.4529689848423004,No,True
6510,0.3985971212387085,No,True
6511,0.1665554791688919,No,True
6512,0.2024836391210556,No,True
6513,0.2500547170639038,No,True
650,0.4076686501502991,No,True
651,0.7529339790344238,Yes,True
6516,0.5061430931091309,Yes,True
6517,0.09828288108110428,No,True
6518,0.4316616356372833,No,True
6519,0.39810389280319214,No,True
6520,0.2522662878036499,No,True
6521,0.3867357671260834,No,True
6522,0.03289133310317993,No,True
6523,0.22655785083770752,No,True
6524,0.5266098976135254,Yes,True
6525,0.4105733633041382,No,True
6526,0.6711476445198059,Yes,True
6527,0.33066681027412415,No,True
6528,0.42365020513534546,No,True
6529,0.2953401803970337,No,True
6530,0.5461145639419556,Yes,True
6531,0.6495675444602966,Yes,True
6532,0.16636893153190613,No,True
6533,0.2715606391429901,No,True
652,0.2220136672258377,No,True
653,0.3186825215816498,No,True
6536,0.13672561943531036,No,True
6537,0.17307066917419434,No,True
6538,0.2678314745426178,No,True
6539,0.2303551286458969,No,True
6540,0.28186994791030884,No,True
6541,0.22645433247089386,No,True
6542,0.29048189520835876,No,True
6543,0.31314852833747864,No,True
6544,0.27960142493247986,No,True
6545,0.33825477957725525,No,True
6546,0.4340735971927643,No,True
6547,0.2937489151954651,No,True
6548,0.21649648249149323,No,True
6549,0.2662394344806671,No,True
6550,0.7392624020576477,Yes,True
6551,0.45081043243408203,No,True
6552,0.6391485929489136,Yes,True
6553,0.4885290265083313,No,True
654,0.3282903730869293,No,True
655,0.7051457762718201,Yes,True
6556,0.6245784759521484,Yes,True
6557,0.16565436124801636,No,True
6558,0.42152220010757446,No,True
6559,0.27583083510398865,No,True
6560,0.3442595899105072,No,True
6561,0.35035616159439087,No,True
6562,0.42473337054252625,No,True
6563,0.324327290058136,No,True
6564,0.380215048789978,No,True
6565,0.3102870583534241,No,True
6566,0.48894646763801575,No,True
6567,0.4408547282218933,No,True
6568,0.4190629720687866,No,True
6569,0.4607405960559845,No,True
6570,0.6878001689910889,Yes,True
6571,0.5484293103218079,Yes,True
6572,0.71738201379776,Yes,True
6573,0.6529918313026428,Yes,True
656,0.42094922065734863,No,True
657,0.3476948142051697,No,True
6576,0.47978681325912476,No,True
6577,0.29553818702697754,No,True
6578,0.47456952929496765,No,True
6579,0.4546252489089966,No,True
6580,0.6715888977050781,Yes,True
6581,0.5308510065078735,Yes,True
6582,0.41144901514053345,No,True
6583,0.4082094132900238,No,True
6584,0.3730820119380951,No,True
6585,0.3245643973350525,No,True
6586,0.740144670009613,Yes,True
6587,0.4648207724094391,No,True
6588,0.4630154073238373,No,True
6589,0.48792725801467896,No,True
6590,0.7430056929588318,Yes,True
6591,0.617173969745636,Yes,True
6592,0.7215203046798706,Yes,True
6593,0.616481363773346,Yes,True
658,0.3523288369178772,No,True
659,0.8498660922050476,Yes,True
6596,0.464489221572876,No,True
6597,0.2848711311817169,No,True
6598,0.5210232138633728,Yes,True
6599,0.4155648946762085,No,True
6600,0.3048892319202423,No,True
6601,0.048779577016830444,No,True
6602,0.020972661674022675,No,True
6603,0.29036593437194824,No,True
6604,0.07882662117481232,No,True
6605,0.3376094400882721,No,True
6606,0.0903574600815773,No,True
6607,0.0681224912405014,No,True
6608,0.29808521270751953,No,True
6609,0.37125158309936523,No,True
6610,0.5849334001541138,Yes,True
6611,0.5300158262252808,Yes,True
6612,0.3919316232204437,No,True
6613,0.5082475543022156,Yes,True
660,0.11106385290622711,No,True
661,0.14673404395580292,No,True
6616,0.128199502825737,No,True
6617,0.23144680261611938,No,True
6618,0.2419949471950531,No,True
6619,0.11443150043487549,No,True
6620,0.15453292429447174,No,True
6621,0.16624441742897034,No,True
6622,0.39419183135032654,No,True
6623,0.38690242171287537,No,True
6624,0.13993710279464722,No,True
6625,0.49909162521362305,No,True
6626,0.5024323463439941,Yes,True
6627,0.31762781739234924,No,True
6628,0.24552449584007263,No,True
6629,0.3437599539756775,No,True
6630,0.5417190194129944,Yes,True
6631,0.5713875889778137,Yes,True
6632,0.4488879442214966,No,True
6633,0.502091109752655,Yes,True
662,0.08695094287395477,No,True
663,0.48043322563171387,No,True
6636,0.243297278881073,No,True
6637,0.2985411286354065,No,True
6638,0.17762501537799835,No,True
6639,0.23143863677978516,No,True
6640,0.5981729626655579,Yes,True
6641,0.4580385982990265,No,True
6642,0.18379589915275574,No,True
6643,0.13900518417358398,No,True
6644,0.22188341617584229,No,True
6645,0.30107152462005615,No,True
6646,0.3851802349090576,No,True
6647,0.4664360582828522,No,True
6648,0.381151407957077,No,True
6649,0.37138381600379944,No,True
6650,0.6308957934379578,Yes,True
6651,0.2431267946958542,No,True
6652,0.8372131586074829,Yes,True
6653,0.47319546341896057,No,True
664,0.17344146966934204,No,True
665,0.3022439479827881,No,True
6656,0.5475070476531982,Yes,True
6657,0.26905307173728943,No,True
6658,0.3873476982116699,No,True
6659,0.306723415851593,No,True
6660,0.44261595606803894,No,True
6661,0.39738795161247253,No,True
6662,0.42962270975112915,No,True
6663,0.40147867798805237,No,True
6664,0.44324737787246704,No,True
6665,0.4222600758075714,No,True
6666,0.3507075607776642,No,True
6667,0.3756047189235687,No,True
6668,0.4229426681995392,No,True
6669,0.44163447618484497,No,True
6670,0.7875597476959229,Yes,True
6671,0.6366669535636902,Yes,True
6672,0.7909875512123108,Yes,True
6673,0.6385406851768494,Yes,True
666,0.1476820856332779,No,True
667,0.2814393937587738,No,True
6676,0.725395917892456,Yes,True
6677,0.42359432578086853,No,True
6678,0.49967285990715027,No,True
6679,0.49422687292099,No,True
6680,0.3450911045074463,No,True
6681,0.449465274810791,No,True
6682,0.2899931073188782,No,True
6683,0.29888442158699036,No,True
6684,0.32051438093185425,No,True
6685,0.4271024763584137,No,True
6686,0.5223504304885864,Yes,True
6687,0.5582026839256287,Yes,True
6688,0.414411336183548,No,True
6689,0.3853124678134918,No,True
6690,0.6209174990653992,Yes,True
6691,0.5460355877876282,Yes,True
6692,0.664232075214386,Yes,True
6693,0.5996920466423035,Yes,True
668,0.48937979340553284,No,True
669,0.31867796182632446,No,True
6696,0.45869502425193787,No,True
6697,0.31610631942749023,No,True
6698,0.4591987133026123,No,True
6699,0.5341036319732666,Yes,True
6700,0.14595653116703033,No,True
6701,0.47043606638908386,No,True
6702,0.3005695939064026,No,True
6703,0.3041127324104309,No,True
6704,0.5389483571052551,Yes,True
6705,0.20267437398433685,No,True
6706,0.44296228885650635,No,True
6707,0.25471028685569763,No,True
6708,0.3391258418560028,No,True
6709,0.30763107538223267,No,True
6710,0.7292966842651367,Yes,True
6711,0.35863128304481506,No,True
6712,0.6150531768798828,Yes,True
6713,0.42835643887519836,No,True
670,0.2574116289615631,No,True
671,0.8182109594345093,Yes,True
6716,0.13901662826538086,No,True
6717,0.15326979756355286,No,True
6718,0.3912545144557953,No,True
6719,0.4030595123767853,No,True
6720,0.5915887355804443,Yes,True
6721,0.4976378083229065,No,True
6722,0.339530885219574,No,True
6723,0.3280848562717438,No,True
6724,0.36538591980934143,No,True
6725,0.40532535314559937,No,True
6726,0.5931497812271118,Yes,True
6727,0.4894867241382599,No,True
6728,0.37639346718788147,No,True
6729,0.35231754183769226,No,True
6730,0.7361988425254822,Yes,True
6731,0.6007100343704224,Yes,True
6732,0.7937800884246826,Yes,True
6733,0.6784205436706543,Yes,True
672,0.16110046207904816,No,True
673,0.28370967507362366,No,True
6736,0.6079267263412476,Yes,True
6737,0.33432233333587646,No,True
6738,0.4417627453804016,No,True
6739,0.44968390464782715,No,True
6740,0.32507315278053284,No,True
6741,0.3516412079334259,No,True
6742,0.09153880178928375,No,True
6743,0.18152938783168793,No,True
6744,0.3540402352809906,No,True
6745,0.2934287190437317,No,True
6746,0.055137984454631805,No,True
6747,0.1579112857580185,No,True
6748,0.4906345307826996,No,True
6749,0.557066798210144,Yes,True
6750,0.3451485335826874,No,True
6751,0.4979579448699951,No,True
6752,0.17657525837421417,No,True
6753,0.5030230283737183,Yes,True
674,0.23955480754375458,No,True
675,0.49640461802482605,No,True
6756,0.1742229163646698,No,True
6757,0.11241181194782257,No,True
6758,0.16283805668354034,No,True
6759,0.23187966644763947,No,True
6760,0.31042158603668213,No,True
6761,0.30770519375801086,No,True
6762,0.4130849242210388,No,True
6763,0.4437817931175232,No,True
6764,0.1610139161348343,No,True
6765,0.28928470611572266,No,True
6766,0.49726295471191406,No,True
6767,0.386106938123703,No,True
6768,0.4468908905982971,No,True
6769,0.5205786824226379,Yes,True
6770,0.6619892120361328,Yes,True
6771,0.5752583742141724,Yes,True
6772,0.46689343452453613,No,True
6773,0.43557482957839966,No,True
676,0.12165006250143051,No,True
677,0.2152886986732483,No,True
6776,0.33439624309539795,No,True
6777,0.2306714653968811,No,True
6778,0.31989869475364685,No,True
6779,0.37354329228401184,No,True
6780,0.2887612283229828,No,True
6781,0.27280187606811523,No,True
6782,0.3800601065158844,No,True
6783,0.4179932773113251,No,True
6784,0.25228890776634216,No,True
6785,0.3307870924472809,No,True
6786,0.5033365488052368,Yes,True
6787,0.3250918388366699,No,True
6788,0.47366389632225037,No,True
6789,0.4973646104335785,No,True
6790,0.6101672649383545,Yes,True
6791,0.5329667925834656,Yes,True
6792,0.3814599812030792,No,True
6793,0.31117939949035645,No,True
678,0.1736186444759369,No,True
679,0.30930179357528687,No,True
6796,0.22572778165340424,No,True
6797,0.1786230206489563,No,True
6798,0.37832558155059814,No,True
6799,0.4283120632171631,No,True
6800,0.10287811607122421,No,False
6801,0.33335426449775696,No,False
6802,0.11325240880250931,No,False
6803,0.4119662046432495,No,False
6804,0.10957464575767517,No,False
6805,0.30811774730682373,No,False
6806,0.5259330868721008,Yes,False
6807,0.7329961061477661,Yes,False
6808,0.44482162594795227,No,False
6809,0.40550437569618225,No,False
6810,0.6515640616416931,Yes,False
6811,0.7971392273902893,Yes,False
6812,0.37597933411598206,No,False
6813,0.5230293273925781,Yes,False
680,0.025155097246170044,No,False
681,0.07221975922584534,No,False
6816,0.4946601688861847,No,False
6817,0.7384920120239258,Yes,False
6818,0.349468469619751,No,False
6819,0.6294437646865845,Yes,False
6820,0.17622289061546326,No,False
6821,0.6361498832702637,Yes,False
6822,0.107426218688488,No,False
6823,0.5261897444725037,Yes,False
6824,0.07969861477613449,No,False
6825,0.3957654535770416,No,False
6826,0.13174839317798615,No,False
6827,0.9180919528007507,Yes,False
6828,0.13363248109817505,No,False
6829,0.6477934122085571,Yes,False
6830,0.40763482451438904,No,False
6831,0.8795720338821411,Yes,False
6832,0.3598094880580902,No,False
6833,0.9199022650718689,Yes,False
682,0.16830557584762573,No,False
683,0.4733743667602539,No,False
6836,0.2485683560371399,No,False
6837,0.8528850674629211,Yes,False
6838,0.2985036373138428,No,False
6839,0.6978777647018433,Yes,False
6840,0.534919261932373,Yes,False
6841,0.8223385810852051,Yes,False
6842,0.33379822969436646,No,False
6843,0.7149655818939209,Yes,False
6844,0.39450153708457947,No,False
6845,0.6777783036231995,Yes,False
6846,0.47127607464790344,No,False
6847,0.9393798112869263,Yes,False
6848,0.4370332658290863,No,False
6849,0.6647993922233582,Yes,False
6850,0.5736353993415833,Yes,False
6851,0.9210927486419678,Yes,False
6852,0.5593814849853516,Yes,False
6853,0.8802070021629333,Yes,False
684,0.24506664276123047,No,False
685,0.31589987874031067,No,False
6856,0.35695332288742065,No,False
6857,0.7837336659431458,Yes,False
6858,0.4126781225204468,No,False
6859,0.5457491874694824,Yes,False
6860,0.598449170589447,Yes,False
6861,0.8233201503753662,Yes,False
6862,0.31352734565734863,No,False
6863,0.6448122262954712,Yes,False
6864,0.37484240531921387,No,False
6865,0.6377922296524048,Yes,False
6866,0.42095816135406494,No,False
6867,0.8465750217437744,Yes,False
6868,0.31143298745155334,No,False
6869,0.5530957579612732,Yes,False
6870,0.7132972478866577,Yes,False
6871,0.8759164214134216,Yes,False
6872,0.5641792416572571,Yes,False
6873,0.8201459646224976,Yes,False
686,0.2569733262062073,No,False
687,0.6172080039978027,Yes,False
6876,0.4059382975101471,No,False
6877,0.6788293123245239,Yes,False
6878,0.4043616056442261,No,False
6879,0.6538598537445068,Yes,False
6880,0.49453920125961304,No,False
6881,0.7826532125473022,Yes,False
6882,0.29606008529663086,No,False
6883,0.667618453502655,Yes,False
6884,0.3920701742172241,No,False
6885,0.5093364119529724,Yes,False
6886,0.19423069059848785,No,False
6887,0.9121873378753662,Yes,False
6888,0.2758575975894928,No,False
6889,0.45493876934051514,No,False
6890,0.41023775935173035,No,False
6891,0.9180160164833069,Yes,False
6892,0.35780996084213257,No,False
6893,0.9619513154029846,Yes,False
688,0.40608856081962585,No,False
689,0.38022172451019287,No,False
6896,0.18265320360660553,No,False
6897,0.7861677408218384,Yes,False
6898,0.28080740571022034,No,False
6899,0.6440206170082092,Yes,False
6900,0.4339841306209564,No,False
6901,0.7349011301994324,Yes,False
6902,0.544914722442627,Yes,False
6903,0.7367085814476013,Yes,False
6904,0.36642640829086304,No,False
6905,0.2578966021537781,No,False
6906,0.278165727853775,No,False
6907,0.6561615467071533,Yes,False
6908,0.31019294261932373,No,False
6909,0.722200334072113,Yes,False
6910,0.435619592666626,No,False
6911,0.7442499995231628,Yes,False
6912,0.23827601969242096,No,False
6913,0.6823493838310242,Yes,False
690,0.23725222051143646,No,False
691,0.794522225856781,Yes,False
6916,0.37221959233283997,No,False
6917,0.33640679717063904,No,False
6918,0.42285630106925964,No,False
6919,0.5934698581695557,Yes,False
6920,0.12194070219993591,No,False
6921,0.6555656790733337,Yes,False
6922,0.15084652602672577,No,False
6923,0.6215369701385498,Yes,False
6924,0.4439111053943634,No,False
6925,0.6739899516105652,Yes,False
6926,0.46052002906799316,No,False
6927,0.8639580011367798,Yes,False
6928,0.5779786109924316,Yes,False
6929,0.4526109993457794,No,False
6930,0.7322357296943665,Yes,False
6931,0.7879850268363953,Yes,False
6932,0.40221238136291504,No,False
6933,0.7079493403434753,Yes,False
692,0.35093215107917786,No,False
693,0.37062734365463257,No,False
6936,0.4061594009399414,No,False
6937,0.6589840054512024,Yes,False
6938,0.4599136412143707,No,False
6939,0.5150904655456543,Yes,False
6940,0.13189074397087097,No,False
6941,0.7129676938056946,Yes,False
6942,0.2205309122800827,No,False
6943,0.6372604966163635,Yes,False
6944,0.17986685037612915,No,False
6945,0.5789225101470947,Yes,False
6946,0.20055906474590302,No,False
6947,0.9355008602142334,Yes,False
6948,0.33345428109169006,No,False
6949,0.6497880816459656,Yes,False
6950,0.5176230669021606,Yes,False
6951,0.9075720310211182,Yes,False
6952,0.4774966537952423,No,False
6953,0.9329239726066589,Yes,False
694,0.3325129449367523,No,False
695,0.7578116059303284,Yes,False
6956,0.29804450273513794,No,False
6957,0.8618502020835876,Yes,False
6958,0.40494537353515625,No,False
6959,0.7359333634376526,Yes,False
6960,0.3308899700641632,No,False
6961,0.5076126456260681,Yes,False
6962,0.3921170234680176,No,False
6963,0.6511942148208618,Yes,False
6964,0.3599018454551697,No,False
6965,0.42875710129737854,No,False
6966,0.44600602984428406,No,False
6967,0.7849632501602173,Yes,False
6968,0.3779502511024475,No,False
6969,0.6897692680358887,Yes,False
6970,0.5613765120506287,Yes,False
6971,0.8232641220092773,Yes,False
6972,0.4556843936443329,No,False
6973,0.7169418931007385,Yes,False
696,0.24059267342090607,No,False
697,0.43362700939178467,No,False
6976,0.48695817589759827,No,False
6977,0.7359806299209595,Yes,False
6978,0.47737011313438416,No,False
6979,0.5688308477401733,Yes,False
6980,0.4567011296749115,No,False
6981,0.7492502927780151,Yes,False
6982,0.346405029296875,No,False
6983,0.624131441116333,Yes,False
6984,0.39310961961746216,No,False
6985,0.5970771312713623,Yes,False
6986,0.5280497670173645,Yes,False
6987,0.8395525217056274,Yes,False
6988,0.4047977328300476,No,False
6989,0.6914200186729431,Yes,False
6990,0.5604388117790222,Yes,False
6991,0.8313782215118408,Yes,False
6992,0.45399582386016846,No,False
6993,0.7925224304199219,Yes,False
698,0.41694092750549316,No,False
699,0.7179805040359497,Yes,False
6996,0.3467230498790741,No,False
6997,0.5823038220405579,Yes,False
6998,0.5305611491203308,Yes,False
6999,0.6474400758743286,Yes,False
7000,0.41426077485084534,No,False
7001,0.3419201970100403,No,False
7002,0.11425922065973282,No,False
7003,0.6726619005203247,Yes,False
7004,0.08738081157207489,No,False
7005,0.5712352395057678,Yes,False
7006,0.1518467664718628,No,False
7007,0.5758294463157654,Yes,False
7008,0.28679507970809937,No,False
7009,0.5085649490356445,Yes,False
7010,0.7069121599197388,Yes,False
7011,0.8376725912094116,Yes,False
7012,0.19906140863895416,No,False
7013,0.726732075214386,Yes,False
700,0.1731911152601242,No,False
701,0.1793757677078247,No,False
7016,0.15097975730895996,No,False
7017,0.4926566481590271,No,False
7018,0.3476850092411041,No,False
7019,0.5326187610626221,Yes,False
7020,0.08034785091876984,No,False
7021,0.30335670709609985,No,False
7022,0.510418713092804,Yes,False
7023,0.6867163181304932,Yes,False
7024,0.14812418818473816,No,False
7025,0.6533251404762268,Yes,False
7026,0.5124231576919556,Yes,False
7027,0.706376314163208,Yes,False
7028,0.33647164702415466,No,False
7029,0.5941129326820374,Yes,False
7030,0.5734160542488098,Yes,False
7031,0.785209059715271,Yes,False
7032,0.5108373761177063,Yes,False
7033,0.6255776882171631,Yes,False
702,0.15406891703605652,No,False
703,0.5702348947525024,Yes,False
7036,0.30977556109428406,No,False
7037,0.6461900472640991,Yes,False
7038,0.33868974447250366,No,False
7039,0.5778703093528748,Yes,False
7040,0.46738722920417786,No,False
7041,0.8024922013282776,Yes,False
7042,0.3309963643550873,No,False
7043,0.5987467765808105,Yes,False
7044,0.1837185174226761,No,False
7045,0.538181483745575,Yes,False
7046,0.19257235527038574,No,False
7047,0.9242173433303833,Yes,False
7048,0.1595229208469391,No,False
7049,0.5761468410491943,Yes,False
7050,0.614076554775238,Yes,False
7051,0.8824671506881714,Yes,False
7052,0.42033278942108154,No,False
7053,0.9658839106559753,Yes,False
704,0.33590278029441833,No,False
705,0.39084264636039734,No,False
7056,0.40356993675231934,No,False
7057,0.8317815661430359,Yes,False
7058,0.39093276858329773,No,False
7059,0.5125230550765991,Yes,False
7060,0.449178546667099,No,False
7061,0.7700026035308838,Yes,False
7062,0.37200602889060974,No,False
7063,0.7460407614707947,Yes,False
7064,0.4442561864852905,No,False
7065,0.7195638418197632,Yes,False
7066,0.4960024356842041,No,False
7067,0.9340131282806396,Yes,False
7068,0.38581177592277527,No,False
7069,0.6103683114051819,Yes,False
7070,0.5850013494491577,Yes,False
7071,0.8931552171707153,Yes,False
7072,0.5992830395698547,Yes,False
7073,0.8462242484092712,Yes,False
706,0.321353554725647,No,False
707,0.8154433369636536,Yes,False
7076,0.42416858673095703,No,False
7077,0.6726805567741394,Yes,False
7078,0.45670947432518005,No,False
7079,0.694811224937439,Yes,False
7080,0.3099394738674164,No,False
7081,0.6946744322776794,Yes,False
7082,0.23905178904533386,No,False
7083,0.5359430313110352,Yes,False
7084,0.3211030662059784,No,False
7085,0.6559373736381531,Yes,False
7086,0.47801870107650757,No,False
7087,0.8803713321685791,Yes,False
7088,0.35287871956825256,No,False
7089,0.6807199120521545,Yes,False
7090,0.48867109417915344,No,False
7091,0.8540018200874329,Yes,False
7092,0.5059612393379211,Yes,False
7093,0.8044555187225342,Yes,False
708,0.043601520359516144,No,False
709,0.10621292889118195,No,False
7096,0.38111943006515503,No,False
7097,0.7545198202133179,Yes,False
7098,0.39543837308883667,No,False
7099,0.6312471628189087,Yes,False
7100,0.2386230230331421,No,False
7101,0.8316965103149414,Yes,False
7102,0.39745306968688965,No,False
7103,0.6051469445228577,Yes,False
7104,0.4691481590270996,No,False
7105,0.39952197670936584,No,False
7106,0.4845227897167206,No,False
7107,0.5666154026985168,Yes,False
7108,0.32762977480888367,No,False
7109,0.4438033103942871,No,False
7110,0.6412608027458191,Yes,False
7111,0.8139265179634094,Yes,False
7112,0.6169580221176147,Yes,False
7113,0.7330998778343201,Yes,False
710,0.12016262859106064,No,False
711,0.4630267918109894,No,False
7116,0.3109080493450165,No,False
7117,0.5954607725143433,Yes,False
7118,0.46181759238243103,No,False
7119,0.6267022490501404,Yes,False
7120,0.409168541431427,No,False
7121,0.7358704209327698,Yes,False
7122,0.2881896495819092,No,False
7123,0.5794504284858704,Yes,False
7124,0.3474808633327484,No,False
7125,0.5616883635520935,Yes,False
7126,0.5299652814865112,Yes,False
7127,0.9412627816200256,Yes,False
7128,0.3548066318035126,No,False
7129,0.5988848805427551,Yes,False
7130,0.5368858575820923,Yes,False
7131,0.9007498025894165,Yes,False
7132,0.5070697069168091,Yes,False
7133,0.8492302298545837,Yes,False
712,0.19233518838882446,No,False
713,0.2511122524738312,No,False
7136,0.3556983470916748,No,False
7137,0.7062899470329285,Yes,False
7138,0.4404338598251343,No,False
7139,0.5874556303024292,Yes,False
7140,0.48796701431274414,No,False
7141,0.6929055452346802,Yes,False
7142,0.07013198733329773,No,False
7143,0.3729485869407654,No,False
7144,0.3309023976325989,No,False
7145,0.2496105134487152,No,False
7146,0.10711218416690826,No,False
7147,0.6650415658950806,Yes,False
7148,0.5094959735870361,Yes,False
7149,0.7503477931022644,Yes,False
7150,0.45799219608306885,No,False
7151,0.7859214544296265,Yes,False
7152,0.25534871220588684,No,False
7153,0.8343477845191956,Yes,False
714,0.272072970867157,No,False
715,0.4493820369243622,No,False
7156,0.25578540563583374,No,False
7157,0.6863342523574829,Yes,False
7158,0.27743908762931824,No,False
7159,0.38218167424201965,No,False
7160,0.407970666885376,No,False
7161,0.6111652255058289,Yes,False
7162,0.4303497076034546,No,False
7163,0.6604665517807007,Yes,False
7164,0.3904244601726532,No,False
7165,0.6218929886817932,Yes,False
7166,0.5794050097465515,Yes,False
7167,0.8748842477798462,Yes,False
7168,0.4617144763469696,No,False
7169,0.7455839514732361,Yes,False
7170,0.6468413472175598,Yes,False
7171,0.8259527683258057,Yes,False
7172,0.5027384757995605,Yes,False
7173,0.7165135145187378,Yes,False
716,0.1306861788034439,No,False
717,0.3056691586971283,No,False
7176,0.4944242238998413,No,False
7177,0.7645196318626404,Yes,False
7178,0.41722193360328674,No,False
7179,0.5428752303123474,Yes,False
7180,0.3600578010082245,No,False
7181,0.5654580593109131,Yes,False
7182,0.4804193675518036,No,False
7183,0.6844371557235718,Yes,False
7184,0.4243469834327698,No,False
7185,0.6545884609222412,Yes,False
7186,0.4952329397201538,No,False
7187,0.7832381129264832,Yes,False
7188,0.44596871733665466,No,False
7189,0.6482786536216736,Yes,False
7190,0.6124349236488342,Yes,False
7191,0.788626492023468,Yes,False
7192,0.5452951192855835,Yes,False
7193,0.6501555442810059,Yes,False
718,0.12511253356933594,No,False
719,0.4296959936618805,No,False
7196,0.4481622874736786,No,False
7197,0.6931391954421997,Yes,False
7198,0.39292991161346436,No,False
7199,0.5558767318725586,Yes,False
7200,0.3258313834667206,No,True
7201,0.32415294647216797,No,True
7202,0.28660067915916443,No,True
7203,0.307025671005249,No,True
7204,0.1519334465265274,No,True
7205,0.30434930324554443,No,True
7206,0.547692596912384,Yes,True
7207,0.47641023993492126,No,True
7208,0.40127643942832947,No,True
7209,0.33775874972343445,No,True
7210,0.7465507388114929,Yes,True
7211,0.4274270236492157,No,True
7212,0.453806072473526,No,True
7213,0.2941373288631439,No,True
720,0.394761860370636,No,True
721,0.49828246235847473,No,True
7216,0.5344758033752441,Yes,True
7217,0.35839971899986267,No,True
7218,0.5309668183326721,Yes,True
7219,0.4786163568496704,No,True
7220,0.22065085172653198,No,True
7221,0.3522345721721649,No,True
7222,0.11717411130666733,No,True
7223,0.23110349476337433,No,True
7224,0.15210013091564178,No,True
7225,0.36554479598999023,No,True
7226,0.38096722960472107,No,True
7227,0.3203965127468109,No,True
7228,0.14531709253787994,No,True
7229,0.2628656029701233,No,True
7230,0.4450840651988983,No,True
7231,0.3261023759841919,No,True
7232,0.7916954755783081,Yes,True
7233,0.31780749559402466,No,True
722,0.2915434241294861,No,True
723,0.6628839373588562,Yes,True
7236,0.6499702334403992,Yes,True
7237,0.3144453167915344,No,True
7238,0.43191444873809814,No,True
7239,0.30817681550979614,No,True
7240,0.5425844788551331,Yes,True
7241,0.522940456867218,Yes,True
7242,0.3790888488292694,No,True
7243,0.4895211160182953,No,True
7244,0.3111693561077118,No,True
7245,0.46661093831062317,No,True
7246,0.480049729347229,No,True
7247,0.5309407114982605,Yes,True
7248,0.2943674921989441,No,True
7249,0.37011078000068665,No,True
7250,0.8653030395507812,Yes,True
7251,0.5260461568832397,Yes,True
7252,0.8783994317054749,Yes,True
7253,0.6841839551925659,Yes,True
724,0.2817331552505493,No,True
725,0.5394560098648071,Yes,True
7256,0.7289373278617859,Yes,True
7257,0.3859316110610962,No,True
7258,0.5358319282531738,Yes,True
7259,0.4057939946651459,No,True
7260,0.28035157918930054,No,True
7261,0.5059575438499451,Yes,True
7262,0.29527536034584045,No,True
7263,0.4127081036567688,No,True
7264,0.11821089684963226,No,True
7265,0.4127366542816162,No,True
7266,0.5254650712013245,Yes,True
7267,0.5132894515991211,Yes,True
7268,0.28146812319755554,No,True
7269,0.4766315817832947,No,True
7270,0.666810154914856,Yes,True
7271,0.5908618569374084,Yes,True
7272,0.6081780791282654,Yes,True
7273,0.5773687362670898,Yes,True
726,0.19092567265033722,No,True
727,0.8929312229156494,Yes,True
7276,0.3000411093235016,No,True
7277,0.42230460047721863,No,True
7278,0.47182518243789673,No,True
7279,0.47709688544273376,No,True
7280,0.37543317675590515,No,True
7281,0.43516185879707336,No,True
7282,0.39853423833847046,No,True
7283,0.416378378868103,No,True
7284,0.26004016399383545,No,True
7285,0.33432817459106445,No,True
7286,0.4363144338130951,No,True
7287,0.4316108226776123,No,True
7288,0.19781585037708282,No,True
7289,0.307233065366745,No,True
7290,0.48557108640670776,No,True
7291,0.3781909942626953,No,True
7292,0.7883660793304443,Yes,True
7293,0.5562438368797302,Yes,True
728,0.7346101403236389,Yes,True
729,0.5522334575653076,Yes,True
7296,0.7339839935302734,Yes,True
7297,0.3930789530277252,No,True
7298,0.42880359292030334,No,True
7299,0.39234739542007446,No,True
7300,0.29878008365631104,No,True
7301,0.4571506083011627,No,True
7302,0.43338674306869507,No,True
7303,0.5210397839546204,Yes,True
7304,0.28786009550094604,No,True
7305,0.3272548019886017,No,True
7306,0.2361740618944168,No,True
7307,0.39915353059768677,No,True
7308,0.38165006041526794,No,True
7309,0.4891686737537384,No,True
7310,0.5974081158638,Yes,True
7311,0.3732216954231262,No,True
7312,0.6155701875686646,Yes,True
7313,0.2996959388256073,No,True
730,0.45793280005455017,No,True
731,0.831828773021698,Yes,True
7316,0.6580719947814941,Yes,True
7317,0.2842320501804352,No,True
7318,0.6626735329627991,Yes,True
7319,0.5105804800987244,Yes,True
7320,0.31815311312675476,No,True
7321,0.3927770256996155,No,True
7322,0.09084832668304443,No,True
7323,0.3708308935165405,No,True
7324,0.36568164825439453,No,True
7325,0.4692431092262268,No,True
7326,0.6895262002944946,Yes,True
7327,0.49495577812194824,No,True
7328,0.4210844933986664,No,True
7329,0.406432569026947,No,True
7330,0.5961414575576782,Yes,True
7331,0.7043444514274597,Yes,True
7332,0.3766123056411743,No,True
7333,0.38317054510116577,No,True
732,0.33263474702835083,No,True
733,0.49739953875541687,No,True
7336,0.3326800763607025,No,True
7337,0.4056537449359894,No,True
7338,0.48463353514671326,No,True
7339,0.272436261177063,No,True
7340,0.19936256110668182,No,True
7341,0.29249799251556396,No,True
7342,0.22219672799110413,No,True
7343,0.3441608250141144,No,True
7344,0.16842436790466309,No,True
7345,0.4015795588493347,No,True
7346,0.4531695246696472,No,True
7347,0.3541106581687927,No,True
7348,0.14044633507728577,No,True
7349,0.27756863832473755,No,True
7350,0.736284613609314,Yes,True
7351,0.43986982107162476,No,True
7352,0.7683936953544617,Yes,True
7353,0.4713168442249298,No,True
734,0.36639130115509033,No,True
735,0.7167937755584717,Yes,True
7356,0.6484445333480835,Yes,True
7357,0.32348451018333435,No,True
7358,0.5374644994735718,Yes,True
7359,0.3161081075668335,No,True
7360,0.28007498383522034,No,True
7361,0.37866637110710144,No,True
7362,0.3200061321258545,No,True
7363,0.3778826594352722,No,True
7364,0.24030795693397522,No,True
7365,0.3429383337497711,No,True
7366,0.40853357315063477,No,True
7367,0.5381147861480713,Yes,True
7368,0.36711591482162476,No,True
7369,0.4170241057872772,No,True
7370,0.6846275925636292,Yes,True
7371,0.47982800006866455,No,True
7372,0.7942360043525696,Yes,True
7373,0.6276957988739014,Yes,True
736,0.5658367872238159,Yes,True
737,0.5199947953224182,Yes,True
7376,0.5329572558403015,Yes,True
7377,0.4772055745124817,No,True
7378,0.5693730115890503,Yes,True
7379,0.5042684078216553,Yes,True
7380,0.43497931957244873,No,True
7381,0.49752840399742126,No,True
7382,0.35871052742004395,No,True
7383,0.43682393431663513,No,True
7384,0.25312328338623047,No,True
7385,0.3743670582771301,No,True
7386,0.7154974341392517,Yes,True
7387,0.5833957195281982,Yes,True
7388,0.39899709820747375,No,True
7389,0.43997669219970703,No,True
7390,0.751816987991333,Yes,True
7391,0.5474724173545837,Yes,True
7392,0.8217223286628723,Yes,True
7393,0.6256953477859497,Yes,True
738,0.3643821179866791,No,True
739,0.8980823159217834,Yes,True
7396,0.5016794800758362,Yes,True
7397,0.39275944232940674,No,True
7398,0.5921868085861206,Yes,True
7399,0.457497775554657,No,True
7400,0.2884413003921509,No,True
7401,0.23786179721355438,No,True
7402,0.04192081093788147,No,True
7403,0.40912678837776184,No,True
7404,0.1409710794687271,No,True
7405,0.4144701361656189,No,True
7406,0.2600196301937103,No,True
7407,0.3017657697200775,No,True
7408,0.3432052433490753,No,True
7409,0.4509519338607788,No,True
7410,0.7616943717002869,Yes,True
7411,0.6058330535888672,Yes,True
7412,0.7414783835411072,Yes,True
7413,0.6109849214553833,Yes,True
740,0.41072002053260803,No,True
741,0.50296950340271,Yes,True
7416,0.44854608178138733,No,True
7417,0.48968935012817383,No,True
7418,0.5509917736053467,Yes,True
7419,0.22356121242046356,No,True
7420,0.22554835677146912,No,True
7421,0.34207943081855774,No,True
7422,0.46353599429130554,No,True
7423,0.4593181014060974,No,True
7424,0.17430807650089264,No,True
7425,0.4978109300136566,No,True
7426,0.5664153099060059,Yes,True
7427,0.4997316896915436,No,True
7428,0.3707502484321594,No,True
7429,0.4261661171913147,No,True
7430,0.611392617225647,Yes,True
7431,0.646881103515625,Yes,True
7432,0.5720528364181519,Yes,True
7433,0.5372574925422668,Yes,True
742,0.1795274317264557,No,True
743,0.7024972438812256,Yes,True
7436,0.5797626972198486,Yes,True
7437,0.5037877559661865,Yes,True
7438,0.43613922595977783,No,True
7439,0.3214060664176941,No,True
7440,0.4158558249473572,No,True
7441,0.43802544474601746,No,True
7442,0.22437238693237305,No,True
7443,0.23736654222011566,No,True
7444,0.1409706026315689,No,True
7445,0.3844085931777954,No,True
7446,0.3301830589771271,No,True
7447,0.507673442363739,Yes,True
7448,0.2102847695350647,No,True
7449,0.36475884914398193,No,True
7450,0.6848477721214294,Yes,True
7451,0.37056127190589905,No,True
7452,0.7985209822654724,Yes,True
7453,0.36635175347328186,No,True
744,0.19239363074302673,No,True
745,0.4649946987628937,No,True
7456,0.6989406943321228,Yes,True
7457,0.38835278153419495,No,True
7458,0.5431613922119141,Yes,True
7459,0.33794471621513367,No,True
7460,0.3300257623195648,No,True
7461,0.45317769050598145,No,True
7462,0.3080058991909027,No,True
7463,0.4499521255493164,No,True
7464,0.21071821451187134,No,True
7465,0.4294256865978241,No,True
7466,0.40479618310928345,No,True
7467,0.5131105184555054,Yes,True
7468,0.3959973454475403,No,True
7469,0.44335490465164185,No,True
7470,0.8484821319580078,Yes,True
7471,0.5816938877105713,Yes,True
7472,0.8379610776901245,Yes,True
7473,0.5463714599609375,Yes,True
746,0.20280587673187256,No,True
747,0.4818948805332184,No,True
7476,0.7699244022369385,Yes,True
7477,0.4988044500350952,No,True
7478,0.6295133829116821,Yes,True
7479,0.5049088001251221,Yes,True
7480,0.26405179500579834,No,True
7481,0.4618169963359833,No,True
7482,0.31162282824516296,No,True
7483,0.32806965708732605,No,True
7484,0.2809191942214966,No,True
7485,0.4249739646911621,No,True
7486,0.3951922357082367,No,True
7487,0.5596283078193665,Yes,True
7488,0.38570675253868103,No,True
7489,0.4035218060016632,No,True
7490,0.765677273273468,Yes,True
7491,0.5568273067474365,Yes,True
7492,0.7066819667816162,Yes,True
7493,0.5327856540679932,Yes,True
748,0.5042999982833862,Yes,True
749,0.4699268341064453,No,True
7496,0.7038436532020569,Yes,True
7497,0.43665382266044617,No,True
7498,0.571566104888916,Yes,True
7499,0.4960949420928955,No,True
7500,0.24555806815624237,No,True
7501,0.4828731119632721,No,True
7502,0.3554069399833679,No,True
7503,0.3519396185874939,No,True
7504,0.3788813054561615,No,True
7505,0.3634522259235382,No,True
7506,0.6172825694084167,Yes,True
7507,0.38078758120536804,No,True
7508,0.40407636761665344,No,True
7509,0.40179648995399475,No,True
7510,0.7579759955406189,Yes,True
7511,0.45573726296424866,No,True
7512,0.7369197607040405,Yes,True
7513,0.41708287596702576,No,True
750,0.23200716078281403,No,True
751,0.8668825626373291,Yes,True
7516,0.36326050758361816,No,True
7517,0.30846670269966125,No,True
7518,0.5625407695770264,Yes,True
7519,0.4415465295314789,No,True
7520,0.4602046608924866,No,True
7521,0.4799099564552307,No,True
7522,0.35765591263771057,No,True
7523,0.3515336811542511,No,True
7524,0.3666207492351532,No,True
7525,0.40993204712867737,No,True
7526,0.5548263192176819,Yes,True
7527,0.5360280275344849,Yes,True
7528,0.3506096601486206,No,True
7529,0.37161049246788025,No,True
7530,0.8384816646575928,Yes,True
7531,0.5656787157058716,Yes,True
7532,0.8729061484336853,Yes,True
7533,0.6525195240974426,Yes,True
752,0.3352617025375366,No,True
753,0.42352020740509033,No,True
7536,0.7593726515769958,Yes,True
7537,0.4209791123867035,No,True
7538,0.5388542413711548,Yes,True
7539,0.44479042291641235,No,True
7540,0.2632119655609131,No,True
7541,0.4163636863231659,No,True
7542,0.22172114253044128,No,True
7543,0.2694054841995239,No,True
7544,0.29423820972442627,No,True
7545,0.35920649766921997,No,True
7546,0.21228112280368805,No,True
7547,0.30821093916893005,No,True
7548,0.5068473815917969,Yes,True
7549,0.5952388644218445,Yes,True
7550,0.4778793156147003,No,True
7551,0.5096030235290527,Yes,True
7552,0.23054590821266174,No,True
7553,0.4675692617893219,No,True
754,0.28559544682502747,No,True
755,0.6798740029335022,Yes,True
7556,0.5522964000701904,Yes,True
7557,0.2874288558959961,No,True
7558,0.341410756111145,No,True
7559,0.3071708679199219,No,True
7560,0.3014621436595917,No,True
7561,0.4223848879337311,No,True
7562,0.4306289553642273,No,True
7563,0.4745561480522156,No,True
7564,0.13704589009284973,No,True
7565,0.3807317018508911,No,True
7566,0.5131508708000183,Yes,True
7567,0.4983838200569153,No,True
7568,0.39195454120635986,No,True
7569,0.5276558995246887,Yes,True
7570,0.8142842650413513,Yes,True
7571,0.6609035134315491,Yes,True
7572,0.5699316263198853,Yes,True
7573,0.4838804006576538,No,True
756,0.3025270402431488,No,True
757,0.4205271899700165,No,True
7576,0.5648990273475647,Yes,True
7577,0.4768093526363373,No,True
7578,0.5005903244018555,Yes,True
7579,0.458985835313797,No,True
7580,0.30443206429481506,No,True
7581,0.38796356320381165,No,True
7582,0.38688912987709045,No,True
7583,0.4784708023071289,No,True
7584,0.2464035004377365,No,True
7585,0.4144459366798401,No,True
7586,0.6175950169563293,Yes,True
7587,0.52764493227005,Yes,True
7588,0.45719531178474426,No,True
7589,0.5164189338684082,Yes,True
7590,0.8046120405197144,Yes,True
7591,0.6158798336982727,Yes,True
7592,0.5083966255187988,Yes,True
7593,0.3660774827003479,No,True
758,0.2552323043346405,No,True
759,0.6054558753967285,Yes,True
7596,0.48205673694610596,No,True
7597,0.43805480003356934,No,True
7598,0.5472116470336914,Yes,True
7599,0.4749723970890045,No,True
7600,0.19762347638607025,No,False
7601,0.5209774971008301,Yes,False
7602,0.29807355999946594,No,False
7603,0.5005810260772705,Yes,False
7604,0.16704218089580536,No,False
7605,0.43674594163894653,No,False
7606,0.5858597755432129,Yes,False
7607,0.7527464628219604,Yes,False
7608,0.6048606634140015,Yes,False
7609,0.5299349427223206,Yes,False
7610,0.7535521984100342,Yes,False
7611,0.8464561104774475,Yes,False
7612,0.44302383065223694,No,False
7613,0.5440613031387329,Yes,False
760,0.19445298612117767,No,False
761,0.34809184074401855,No,False
7616,0.7758777141571045,Yes,False
7617,0.7700659036636353,Yes,False
7618,0.5607004165649414,Yes,False
7619,0.6545612812042236,Yes,False
7620,0.23900064826011658,No,False
7621,0.6221252083778381,Yes,False
7622,0.21523937582969666,No,False
7623,0.5607216954231262,Yes,False
7624,0.14353041350841522,No,False
7625,0.5150883793830872,Yes,False
7626,0.27417880296707153,No,False
7627,0.8579742908477783,Yes,False
7628,0.18435975909233093,No,False
7629,0.5985050797462463,Yes,False
7630,0.40070322155952454,No,False
7631,0.9137797951698303,Yes,False
7632,0.3450019955635071,No,False
7633,0.9059523344039917,Yes,False
762,0.27239617705345154,No,False
763,0.7295394539833069,Yes,False
7636,0.47510841488838196,No,False
7637,0.8296518325805664,Yes,False
7638,0.4607887268066406,No,False
7639,0.6922401189804077,Yes,False
7640,0.48134908080101013,No,False
7641,0.7909845113754272,Yes,False
7642,0.43785277009010315,No,False
7643,0.7159243226051331,Yes,False
7644,0.45604440569877625,No,False
7645,0.647947371006012,Yes,False
7646,0.4907776415348053,No,False
7647,0.8696112632751465,Yes,False
7648,0.48136773705482483,No,False
7649,0.6512973308563232,Yes,False
7650,0.5964300632476807,Yes,False
7651,0.9288043975830078,Yes,False
7652,0.6636189818382263,Yes,False
7653,0.9116225838661194,Yes,False
764,0.5113952159881592,Yes,False
765,0.5538041591644287,Yes,False
7656,0.6346020102500916,Yes,False
7657,0.810523509979248,Yes,False
7658,0.4823543131351471,No,False
7659,0.5516265630722046,Yes,False
7660,0.6242572665214539,Yes,False
7661,0.8272573947906494,Yes,False
7662,0.4748379588127136,No,False
7663,0.6831148266792297,Yes,False
7664,0.46089163422584534,No,False
7665,0.6479601263999939,Yes,False
7666,0.5399757623672485,Yes,False
7667,0.8222051858901978,Yes,False
7668,0.4804346263408661,No,False
7669,0.6087915301322937,Yes,False
7670,0.7753306031227112,Yes,False
7671,0.8900312781333923,Yes,False
7672,0.6386796832084656,Yes,False
7673,0.8786249160766602,Yes,False
766,0.4366550147533417,No,False
767,0.6993586421012878,Yes,False
7676,0.6524771451950073,Yes,False
7677,0.740860641002655,Yes,False
7678,0.6452062129974365,Yes,False
7679,0.695969820022583,Yes,False
7680,0.47802239656448364,No,False
7681,0.7247815728187561,Yes,False
7682,0.3835897147655487,No,False
7683,0.5911793112754822,Yes,False
7684,0.45146214962005615,No,False
7685,0.5442579984664917,Yes,False
7686,0.2982957363128662,No,False
7687,0.8661615252494812,Yes,False
7688,0.25657036900520325,No,False
7689,0.4761884808540344,No,False
7690,0.4322057366371155,No,False
7691,0.9308924674987793,Yes,False
7692,0.4405430257320404,No,False
7693,0.9394805431365967,Yes,False
768,0.5184677839279175,Yes,False
769,0.581114649772644,Yes,False
7696,0.47674560546875,No,False
7697,0.8130168318748474,Yes,False
7698,0.36575156450271606,No,False
7699,0.6082321405410767,Yes,False
7700,0.5433164834976196,Yes,False
7701,0.7672747373580933,Yes,False
7702,0.5952411890029907,Yes,False
7703,0.7494783401489258,Yes,False
7704,0.4241732656955719,No,False
7705,0.44774994254112244,No,False
7706,0.5017101168632507,Yes,False
7707,0.7878699898719788,Yes,False
7708,0.5392491817474365,Yes,False
7709,0.7695824503898621,Yes,False
7710,0.5068608522415161,Yes,False
7711,0.8321425914764404,Yes,False
7712,0.3594762086868286,No,False
7713,0.7485671043395996,Yes,False
770,0.2566317617893219,No,False
771,0.8749406337738037,Yes,False
7716,0.6120963096618652,Yes,False
7717,0.5793672204017639,Yes,False
7718,0.6190117001533508,Yes,False
7719,0.687117338180542,Yes,False
7720,0.2773567736148834,No,False
7721,0.6286293864250183,Yes,False
7722,0.33762088418006897,No,False
7723,0.6693701148033142,Yes,False
7724,0.44423723220825195,No,False
7725,0.6898881793022156,Yes,False
7726,0.49609094858169556,No,False
7727,0.842472493648529,Yes,False
7728,0.6646100282669067,Yes,False
7729,0.558638334274292,Yes,False
7730,0.7031628489494324,Yes,False
7731,0.8737435340881348,Yes,False
7732,0.5269278883934021,Yes,False
7733,0.8030208349227905,Yes,False
772,0.541060209274292,Yes,False
773,0.6010057926177979,Yes,False
7736,0.645875871181488,Yes,False
7737,0.7266310453414917,Yes,False
7738,0.570197582244873,Yes,False
7739,0.5029782056808472,Yes,False
7740,0.16723446547985077,No,False
7741,0.6823785305023193,Yes,False
7742,0.2768000364303589,No,False
7743,0.6400842666625977,Yes,False
7744,0.2050340324640274,No,False
7745,0.6064867973327637,Yes,False
7746,0.3249923586845398,No,False
7747,0.8712698817253113,Yes,False
7748,0.31887757778167725,No,False
7749,0.6288193464279175,Yes,False
7750,0.5818096399307251,Yes,False
7751,0.9230212569236755,Yes,False
7752,0.4114856719970703,No,False
7753,0.8638007640838623,Yes,False
774,0.37568399310112,No,False
775,0.798639714717865,Yes,False
7756,0.45202749967575073,No,False
7757,0.8163027763366699,Yes,False
7758,0.5324297547340393,Yes,False
7759,0.6994388699531555,Yes,False
7760,0.3929363787174225,No,False
7761,0.5900464057922363,Yes,False
7762,0.41755399107933044,No,False
7763,0.6381815671920776,Yes,False
7764,0.3217323422431946,No,False
7765,0.444519966840744,No,False
7766,0.37978342175483704,No,False
7767,0.7921000719070435,Yes,False
7768,0.507685124874115,Yes,False
7769,0.6682028770446777,Yes,False
7770,0.5773484110832214,Yes,False
7771,0.8255636692047119,Yes,False
7772,0.4924194812774658,No,False
7773,0.808255672454834,Yes,False
776,0.4414447247982025,No,False
777,0.5968833565711975,Yes,False
7776,0.5495514869689941,Yes,False
7777,0.8231439590454102,Yes,False
7778,0.5673553347587585,Yes,False
7779,0.6731756925582886,Yes,False
7780,0.4318830370903015,No,False
7781,0.7171497344970703,Yes,False
7782,0.39594265818595886,No,False
7783,0.6188307404518127,Yes,False
7784,0.3958008289337158,No,False
7785,0.5761242508888245,Yes,False
7786,0.5866313576698303,Yes,False
7787,0.8348158001899719,Yes,False
7788,0.5231329798698425,Yes,False
7789,0.6854971647262573,Yes,False
7790,0.6291598677635193,Yes,False
7791,0.8862568140029907,Yes,False
7792,0.5317389965057373,Yes,False
7793,0.8420938849449158,Yes,False
778,0.3895190954208374,No,False
779,0.7643383741378784,Yes,False
7796,0.483366996049881,No,False
7797,0.6681954264640808,Yes,False
7798,0.6188642382621765,Yes,False
7799,0.723706841468811,Yes,False
7800,0.5254567861557007,Yes,False
7801,0.5769013166427612,Yes,False
7802,0.2524193227291107,No,False
7803,0.7121210098266602,Yes,False
7804,0.18617287278175354,No,False
7805,0.5712265372276306,Yes,False
7806,0.3920651078224182,No,False
7807,0.7318398356437683,Yes,False
7808,0.4231223165988922,No,False
7809,0.5587301850318909,Yes,False
7810,0.7788648009300232,Yes,False
7811,0.8808836340904236,Yes,False
7812,0.3936082124710083,No,False
7813,0.84238600730896,Yes,False
780,0.23874692618846893,No,False
781,0.36015111207962036,No,False
7816,0.45243895053863525,No,False
7817,0.7353658080101013,Yes,False
7818,0.6155304908752441,Yes,False
7819,0.6330563426017761,Yes,False
7820,0.17674914002418518,No,False
7821,0.49999579787254333,No,False
7822,0.5925923585891724,Yes,False
7823,0.671492874622345,Yes,False
7824,0.22461161017417908,No,False
7825,0.6477872133255005,Yes,False
7826,0.6042597889900208,Yes,False
7827,0.7446430921554565,Yes,False
7828,0.4973353445529938,No,False
7829,0.6282044053077698,Yes,False
7830,0.6086235642433167,Yes,False
7831,0.8715392351150513,Yes,False
7832,0.6239420771598816,Yes,False
7833,0.7553813457489014,Yes,False
782,0.2074374258518219,No,False
783,0.6371678709983826,Yes,False
7836,0.6268803477287292,Yes,False
7837,0.780695378780365,Yes,False
7838,0.510665774345398,Yes,False
7839,0.6101012229919434,Yes,False
7840,0.4652068614959717,No,False
7841,0.7369941473007202,Yes,False
7842,0.4456717371940613,No,False
7843,0.6256399750709534,Yes,False
7844,0.17432108521461487,No,False
7845,0.5084872841835022,Yes,False
7846,0.2506331205368042,No,False
7847,0.8575222492218018,Yes,False
7848,0.17558616399765015,No,False
7849,0.507973313331604,Yes,False
7850,0.6725130677223206,Yes,False
7851,0.9066261053085327,Yes,False
7852,0.3855591416358948,No,False
7853,0.929574191570282,Yes,False
784,0.630734920501709,Yes,False
785,0.6245407462120056,Yes,False
7856,0.613629937171936,Yes,False
7857,0.8339852094650269,Yes,False
7858,0.49427860975265503,No,False
7859,0.5230622887611389,Yes,False
7860,0.47640615701675415,No,False
7861,0.7529208660125732,Yes,False
7862,0.4300548732280731,No,False
7863,0.6746379733085632,Yes,False
7864,0.5002033114433289,Yes,False
7865,0.7011058330535889,Yes,False
7866,0.5672124624252319,Yes,False
7867,0.8836786150932312,Yes,False
7868,0.46867114305496216,No,False
7869,0.5968890190124512,Yes,False
7870,0.6687098741531372,Yes,False
7871,0.9145681262016296,Yes,False
7872,0.5828630924224854,Yes,False
7873,0.8659378886222839,Yes,False
786,0.4201059639453888,No,False
787,0.8529467582702637,Yes,False
7876,0.6113266348838806,Yes,False
7877,0.7528607845306396,Yes,False
7878,0.599965512752533,Yes,False
7879,0.7128686308860779,Yes,False
7880,0.31360894441604614,No,False
7881,0.6745887398719788,Yes,False
7882,0.3950986862182617,No,False
7883,0.5630453824996948,Yes,False
7884,0.38505521416664124,No,False
7885,0.6105548739433289,Yes,False
7886,0.48707208037376404,No,False
7887,0.8395330905914307,Yes,False
7888,0.44520261883735657,No,False
7889,0.6594083309173584,Yes,False
7890,0.6823281645774841,Yes,False
7891,0.9001430869102478,Yes,False
7892,0.6255019307136536,Yes,False
7893,0.8485978245735168,Yes,False
788,0.16456027328968048,No,False
789,0.29580503702163696,No,False
7896,0.6107314825057983,Yes,False
7897,0.7836041450500488,Yes,False
7898,0.5324327945709229,Yes,False
7899,0.6296794414520264,Yes,False
7900,0.3618156313896179,No,False
7901,0.8072407245635986,Yes,False
7902,0.5023782253265381,Yes,False
7903,0.6190807223320007,Yes,False
7904,0.4533039629459381,No,False
7905,0.5332711935043335,Yes,False
7906,0.5592605471611023,Yes,False
7907,0.6643952131271362,Yes,False
7908,0.4302254617214203,No,False
7909,0.5360678434371948,Yes,False
7910,0.7337579727172852,Yes,False
7911,0.8452877402305603,Yes,False
7912,0.646765947341919,Yes,False
7913,0.7523719072341919,Yes,False
790,0.19319424033164978,No,False
791,0.5943290591239929,Yes,False
7916,0.5538942813873291,Yes,False
7917,0.7336633801460266,Yes,False
7918,0.6221686005592346,Yes,False
7919,0.6398462653160095,Yes,False
7920,0.36734169721603394,No,False
7921,0.6711438894271851,Yes,False
7922,0.4218946099281311,No,False
7923,0.5770679116249084,Yes,False
7924,0.39188456535339355,No,False
7925,0.5348232984542847,Yes,False
7926,0.5563657879829407,Yes,False
7927,0.9147163033485413,Yes,False
7928,0.3821607828140259,No,False
7929,0.5455136895179749,Yes,False
7930,0.5885134339332581,Yes,False
7931,0.9148730635643005,Yes,False
7932,0.5362915396690369,Yes,False
7933,0.8517610430717468,Yes,False
792,0.32692641019821167,No,False
793,0.4844996929168701,No,False
7936,0.6531615257263184,Yes,False
7937,0.7459141612052917,Yes,False
7938,0.5652042627334595,Yes,False
7939,0.6044453978538513,Yes,False
7940,0.5290132164955139,Yes,False
7941,0.7103814482688904,Yes,False
7942,0.23548097908496857,No,False
7943,0.48198622465133667,No,False
7944,0.43002304434776306,No,False
7945,0.4202156364917755,No,False
7946,0.31427910923957825,No,False
7947,0.6808491945266724,Yes,False
7948,0.6071544885635376,Yes,False
7949,0.7587127089500427,Yes,False
7950,0.48807352781295776,No,False
7951,0.809765636920929,Yes,False
7952,0.29196810722351074,No,False
7953,0.8594269156455994,Yes,False
794,0.3289802670478821,No,False
795,0.6039035320281982,Yes,False
7956,0.5909038186073303,Yes,False
7957,0.7390047907829285,Yes,False
7958,0.472104549407959,No,False
7959,0.4602828919887543,No,False
7960,0.49906137585639954,No,False
7961,0.6438084244728088,Yes,False
7962,0.5175933241844177,Yes,False
7963,0.6554135084152222,Yes,False
7964,0.43707579374313354,No,False
7965,0.6312249898910522,Yes,False
7966,0.6709267497062683,Yes,False
7967,0.8540101647377014,Yes,False
7968,0.5686754584312439,Yes,False
7969,0.6908600330352783,Yes,False
7970,0.8006123900413513,Yes,False
7971,0.8876850008964539,Yes,False
7972,0.6055581569671631,Yes,False
7973,0.7981449365615845,Yes,False
796,0.4299736022949219,No,False
797,0.5383711457252502,Yes,False
7976,0.688234806060791,Yes,False
7977,0.7890076041221619,Yes,False
7978,0.6103253960609436,Yes,False
7979,0.6462687849998474,Yes,False
7980,0.47924116253852844,No,False
7981,0.6065242290496826,Yes,False
7982,0.5607506036758423,Yes,False
7983,0.6505793929100037,Yes,False
7984,0.5078642964363098,Yes,False
7985,0.6253933906555176,Yes,False
7986,0.6773057579994202,Yes,False
7987,0.8272119760513306,Yes,False
7988,0.5449075102806091,Yes,False
7989,0.6480070352554321,Yes,False
7990,0.7725488543510437,Yes,False
7991,0.8762622475624084,Yes,False
7992,0.6582121849060059,Yes,False
7993,0.7925984859466553,Yes,False
798,0.2891099154949188,No,False
799,0.6559712290763855,Yes,False
7996,0.6701309084892273,Yes,False
7997,0.7792283296585083,Yes,False
7998,0.5808488726615906,Yes,False
7999,0.654495358467102,Yes,False
8000,0.2839198410511017,No,True
8001,0.2571398615837097,No,True
8002,0.2643529772758484,No,True
8003,0.23278968036174774,No,True
8004,0.12762142717838287,No,True
8005,0.2076418399810791,No,True
8006,0.5208554863929749,Yes,True
8007,0.4436861574649811,No,True
8008,0.37484464049339294,No,True
8009,0.2712433338165283,No,True
8010,0.8243873119354248,Yes,True
8011,0.41779854893684387,No,True
8012,0.5018782019615173,Yes,True
8013,0.2749984562397003,No,True
800,0.39191266894340515,No,True
801,0.5214034914970398,Yes,True
8016,0.49445343017578125,No,True
8017,0.3541015386581421,No,True
8018,0.5012382864952087,Yes,True
8019,0.5249814391136169,Yes,True
8020,0.22356048226356506,No,True
8021,0.35972774028778076,No,True
8022,0.10461382567882538,No,True
8023,0.23207613825798035,No,True
8024,0.12467989325523376,No,True
8025,0.28655338287353516,No,True
8026,0.2847176790237427,No,True
8027,0.2767011821269989,No,True
8028,0.12946923077106476,No,True
8029,0.28709980845451355,No,True
8030,0.08832304179668427,No,True
8031,0.3040767312049866,No,True
8032,0.8465645909309387,Yes,True
8033,0.37706270813941956,No,True
802,0.37436768412590027,No,True
803,0.652708888053894,Yes,True
8036,0.5914824604988098,Yes,True
8037,0.31443291902542114,No,True
8038,0.4580625593662262,No,True
8039,0.38511160016059875,No,True
8040,0.5687243342399597,Yes,True
8041,0.488891065120697,No,True
8042,0.4271690845489502,No,True
8043,0.4797559976577759,No,True
8044,0.3187409043312073,No,True
8045,0.4065673053264618,No,True
8046,0.3957284688949585,No,True
8047,0.4851617217063904,No,True
8048,0.23381666839122772,No,True
8049,0.3426021635532379,No,True
8050,0.8875935673713684,Yes,True
8051,0.5089389681816101,Yes,True
8052,0.8786989450454712,Yes,True
8053,0.6668254733085632,Yes,True
804,0.2570071518421173,No,True
805,0.48392629623413086,No,True
8056,0.7238872647285461,Yes,True
8057,0.4279855191707611,No,True
8058,0.48063769936561584,No,True
8059,0.445953369140625,No,True
8060,0.2691946029663086,No,True
8061,0.5017997026443481,Yes,True
8062,0.2628380060195923,No,True
8063,0.41243043541908264,No,True
8064,0.07474476099014282,No,True
8065,0.32098543643951416,No,True
8066,0.44838467240333557,No,True
8067,0.4922024607658386,No,True
8068,0.21617764234542847,No,True
8069,0.3953883647918701,No,True
8070,0.721818745136261,Yes,True
8071,0.5912690162658691,Yes,True
8072,0.6394654512405396,Yes,True
8073,0.5757418274879456,Yes,True
806,0.20519082248210907,No,True
807,0.8312649130821228,Yes,True
8076,0.296783983707428,No,True
8077,0.44775575399398804,No,True
8078,0.45927339792251587,No,True
8079,0.5379170775413513,Yes,True
8080,0.3812884986400604,No,True
8081,0.43359580636024475,No,True
8082,0.38940003514289856,No,True
8083,0.4098133146762848,No,True
8084,0.2675022780895233,No,True
8085,0.21162275969982147,No,True
8086,0.3265918791294098,No,True
8087,0.36477208137512207,No,True
8088,0.1739758402109146,No,True
8089,0.28306686878204346,No,True
8090,0.09078790247440338,No,True
8091,0.3301186263561249,No,True
8092,0.7632807493209839,Yes,True
8093,0.6095225811004639,Yes,True
808,0.6768407225608826,Yes,True
809,0.5938347578048706,Yes,True
8096,0.7111586928367615,Yes,True
8097,0.444515198469162,No,True
8098,0.3778701424598694,No,True
8099,0.42800578474998474,No,True
8100,0.24574129283428192,No,True
8101,0.3829823434352875,No,True
8102,0.4328669309616089,No,True
8103,0.430868923664093,No,True
8104,0.26463285088539124,No,True
8105,0.22766433656215668,No,True
8106,0.13799117505550385,No,True
8107,0.330181360244751,No,True
8108,0.3443373739719391,No,True
8109,0.453206866979599,No,True
8110,0.5290593504905701,Yes,True
8111,0.3160804808139801,No,True
8112,0.6442705988883972,Yes,True
8113,0.26931437849998474,No,True
810,0.5111326575279236,Yes,True
811,0.8054633140563965,Yes,True
8116,0.682646632194519,Yes,True
8117,0.2547990381717682,No,True
8118,0.6136825084686279,Yes,True
8119,0.5332614779472351,Yes,True
8120,0.31797805428504944,No,True
8121,0.39353761076927185,No,True
8122,0.06810712069272995,No,True
8123,0.3096061646938324,No,True
8124,0.43285882472991943,No,True
8125,0.3574589788913727,No,True
8126,0.6504784226417542,Yes,True
8127,0.46727514266967773,No,True
8128,0.3797297179698944,No,True
8129,0.3926582634449005,No,True
8130,0.6249264478683472,Yes,True
8131,0.6832697987556458,Yes,True
8132,0.3595052659511566,No,True
8133,0.39286738634109497,No,True
812,0.3713391423225403,No,True
813,0.5049740076065063,Yes,True
8136,0.3144303560256958,No,True
8137,0.4029749631881714,No,True
8138,0.46591946482658386,No,True
8139,0.31063544750213623,No,True
8140,0.18712368607521057,No,True
8141,0.2972725033760071,No,True
8142,0.22047744691371918,No,True
8143,0.3106500506401062,No,True
8144,0.15600058436393738,No,True
8145,0.30617082118988037,No,True
8146,0.3607679605484009,No,True
8147,0.3143152892589569,No,True
8148,0.11741681396961212,No,True
8149,0.3299533724784851,No,True
8150,0.7530065774917603,Yes,True
8151,0.44575849175453186,No,True
8152,0.7479811310768127,Yes,True
8153,0.6058475375175476,Yes,True
814,0.4167928397655487,No,True
815,0.6948018670082092,Yes,True
8156,0.6057260632514954,Yes,True
8157,0.32998713850975037,No,True
8158,0.540698766708374,Yes,True
8159,0.3995364308357239,No,True
8160,0.2775624692440033,No,True
8161,0.39112013578414917,No,True
8162,0.3308579921722412,No,True
8163,0.3700418174266815,No,True
8164,0.2138737291097641,No,True
8165,0.22990041971206665,No,True
8166,0.35305365920066833,No,True
8167,0.4876635670661926,No,True
8168,0.38760650157928467,No,True
8169,0.4072929620742798,No,True
8170,0.7227792143821716,Yes,True
8171,0.46113136410713196,No,True
8172,0.8437132835388184,Yes,True
8173,0.7013276219367981,Yes,True
816,0.449700266122818,No,True
817,0.5394840240478516,Yes,True
8176,0.49668586254119873,No,True
8177,0.45348048210144043,No,True
8178,0.5597549080848694,Yes,True
8179,0.5386477112770081,Yes,True
8180,0.48073455691337585,No,True
8181,0.5001503229141235,Yes,True
8182,0.3679008483886719,No,True
8183,0.45395639538764954,No,True
8184,0.2203051745891571,No,True
8185,0.2973135709762573,No,True
8186,0.681067168712616,Yes,True
8187,0.5365902185440063,Yes,True
8188,0.4166485667228699,No,True
8189,0.4336489737033844,No,True
8190,0.846767783164978,Yes,True
8191,0.5311192870140076,Yes,True
8192,0.8914186954498291,Yes,True
8193,0.6930352449417114,Yes,True
818,0.4276314675807953,No,True
819,0.8490849733352661,Yes,True
8196,0.5429024696350098,Yes,True
8197,0.3814619779586792,No,True
8198,0.5842631459236145,Yes,True
8199,0.5017721652984619,Yes,True
8200,0.23320353031158447,No,True
8201,0.13901899755001068,No,True
8202,0.020523563027381897,No,True
8203,0.2916830778121948,No,True
8204,0.11292470246553421,No,True
8205,0.33066606521606445,No,True
8206,0.13839808106422424,No,True
8207,0.2234772890806198,No,True
8208,0.3227570056915283,No,True
8209,0.39487147331237793,No,True
8210,0.8092573881149292,Yes,True
8211,0.572683572769165,Yes,True
8212,0.8077145218849182,Yes,True
8213,0.5748288631439209,Yes,True
820,0.4960878789424896,No,True
821,0.5370585322380066,Yes,True
8216,0.435550719499588,No,True
8217,0.4529094994068146,No,True
8218,0.5211142897605896,Yes,True
8219,0.24855642020702362,No,True
8220,0.19719918072223663,No,True
8221,0.2635795474052429,No,True
8222,0.4650125801563263,No,True
8223,0.4386763274669647,No,True
8224,0.15384986996650696,No,True
8225,0.4399188458919525,No,True
8226,0.5470864176750183,Yes,True
8227,0.47400957345962524,No,True
8228,0.35513022541999817,No,True
8229,0.3945426344871521,No,True
8230,0.6146779656410217,Yes,True
8231,0.6349740624427795,Yes,True
8232,0.6179302334785461,Yes,True
8233,0.5274853110313416,Yes,True
822,0.181206613779068,No,True
823,0.633528470993042,Yes,True
8236,0.5694212317466736,Yes,True
8237,0.5529868006706238,Yes,True
8238,0.44398337602615356,No,True
8239,0.3957046866416931,No,True
8240,0.4179098308086395,No,True
8241,0.446081280708313,No,True
8242,0.22825682163238525,No,True
8243,0.1928550750017166,No,True
8244,0.16211101412773132,No,True
8245,0.32044079899787903,No,True
8246,0.2797102630138397,No,True
8247,0.47857996821403503,No,True
8248,0.18274593353271484,No,True
8249,0.4301300346851349,No,True
8250,0.7337124943733215,Yes,True
8251,0.33123651146888733,No,True
8252,0.8226082921028137,Yes,True
8253,0.4755418300628662,No,True
824,0.24378131330013275,No,True
825,0.4060429334640503,No,True
8256,0.68718022108078,Yes,True
8257,0.39917829632759094,No,True
8258,0.5092608332633972,Yes,True
8259,0.38142213225364685,No,True
8260,0.30438074469566345,No,True
8261,0.4039978086948395,No,True
8262,0.3214370608329773,No,True
8263,0.42251259088516235,No,True
8264,0.2195860892534256,No,True
8265,0.3482075035572052,No,True
8266,0.31982675194740295,No,True
8267,0.44097796082496643,No,True
8268,0.36566972732543945,No,True
8269,0.39947521686553955,No,True
8270,0.8891658186912537,Yes,True
8271,0.5381439328193665,Yes,True
8272,0.875047504901886,Yes,True
8273,0.5883581042289734,Yes,True
826,0.23690760135650635,No,True
827,0.48661714792251587,No,True
8276,0.810742974281311,Yes,True
8277,0.5133476257324219,Yes,True
8278,0.606231689453125,Yes,True
8279,0.5569729208946228,Yes,True
8280,0.23340962827205658,No,True
8281,0.43323075771331787,No,True
8282,0.3419959545135498,No,True
8283,0.3289932310581207,No,True
8284,0.3102957606315613,No,True
8285,0.4165295958518982,No,True
8286,0.3647458255290985,No,True
8287,0.5268725156784058,Yes,True
8288,0.35270705819129944,No,True
8289,0.3545741140842438,No,True
8290,0.774954080581665,Yes,True
8291,0.46569859981536865,No,True
8292,0.7654210925102234,Yes,True
8293,0.5599249005317688,Yes,True
828,0.3409164547920227,No,True
829,0.5359681844711304,Yes,True
8296,0.7236899733543396,Yes,True
8297,0.4892437160015106,No,True
8298,0.5920799970626831,Yes,True
8299,0.5694984197616577,Yes,True
8300,0.19980086386203766,No,True
8301,0.4802829623222351,No,True
8302,0.33848536014556885,No,True
8303,0.3489150404930115,No,True
8304,0.4094085097312927,No,True
8305,0.2774234712123871,No,True
8306,0.5605890154838562,Yes,True
8307,0.3262079060077667,No,True
8308,0.369515985250473,No,True
8309,0.38061922788619995,No,True
8310,0.814725935459137,Yes,True
8311,0.42006582021713257,No,True
8312,0.7267342805862427,Yes,True
8313,0.3810102343559265,No,True
830,0.24380774796009064,No,True
831,0.8010229468345642,Yes,True
8316,0.33315297961235046,No,True
8317,0.32917889952659607,No,True
8318,0.5645124316215515,Yes,True
8319,0.5042198896408081,Yes,True
8320,0.48426660895347595,No,True
8321,0.4725804626941681,No,True
8322,0.3927750587463379,No,True
8323,0.3358306884765625,No,True
8324,0.42275241017341614,No,True
8325,0.38071802258491516,No,True
8326,0.5130258798599243,Yes,True
8327,0.49643757939338684,No,True
8328,0.33277496695518494,No,True
8329,0.3165292739868164,No,True
8330,0.8715121150016785,Yes,True
8331,0.5412493944168091,Yes,True
8332,0.9181950688362122,Yes,True
8333,0.6706560850143433,Yes,True
832,0.3370840847492218,No,True
833,0.45868539810180664,No,True
8336,0.7995178699493408,Yes,True
8337,0.4790104031562805,No,True
8338,0.5231993794441223,Yes,True
8339,0.49094218015670776,No,True
8340,0.23944643139839172,No,True
8341,0.38990360498428345,No,True
8342,0.16250646114349365,No,True
8343,0.21007169783115387,No,True
8344,0.2661265432834625,No,True
8345,0.27313756942749023,No,True
8346,0.12715864181518555,No,True
8347,0.23105721175670624,No,True
8348,0.46522951126098633,No,True
8349,0.5356813073158264,Yes,True
8350,0.4865983724594116,No,True
8351,0.5308845043182373,Yes,True
8352,0.21651235222816467,No,True
8353,0.461630254983902,No,True
834,0.33806735277175903,No,True
835,0.6505300998687744,Yes,True
8356,0.5209041237831116,Yes,True
8357,0.2912943959236145,No,True
8358,0.32470548152923584,No,True
8359,0.34025445580482483,No,True
8360,0.2738846242427826,No,True
8361,0.4088379740715027,No,True
8362,0.41312745213508606,No,True
8363,0.43119341135025024,No,True
8364,0.09679697453975677,No,True
8365,0.3051041066646576,No,True
8366,0.4280400276184082,No,True
8367,0.44402092695236206,No,True
8368,0.3378332853317261,No,True
8369,0.49154701828956604,No,True
8370,0.8161616325378418,Yes,True
8371,0.5916035771369934,Yes,True
8372,0.5951274633407593,Yes,True
8373,0.4825865626335144,No,True
836,0.2878311574459076,No,True
837,0.4669838547706604,No,True
8376,0.5543497800827026,Yes,True
8377,0.4881030321121216,No,True
8378,0.4919254779815674,No,True
8379,0.5120522379875183,Yes,True
8380,0.2856016159057617,No,True
8381,0.3638998866081238,No,True
8382,0.33316487073898315,No,True
8383,0.4190267324447632,No,True
8384,0.19815124571323395,No,True
8385,0.3176223933696747,No,True
8386,0.5259095430374146,Yes,True
8387,0.46421247720718384,No,True
8388,0.41701993346214294,No,True
8389,0.49173083901405334,No,True
8390,0.8109142780303955,Yes,True
8391,0.5645054578781128,Yes,True
8392,0.4927985370159149,No,True
8393,0.3383849859237671,No,True
838,0.26867127418518066,No,True
839,0.5759410858154297,Yes,True
8396,0.4523850679397583,No,True
8397,0.4486594796180725,No,True
8398,0.530280351638794,Yes,True
8399,0.5313150882720947,Yes,True
8400,0.153706356883049,No,False
8401,0.45016008615493774,No,False
8402,0.2485135942697525,No,False
8403,0.4120824337005615,No,False
8404,0.12571007013320923,No,False
8405,0.33806371688842773,No,False
8406,0.5298113226890564,Yes,False
8407,0.744331955909729,Yes,False
8408,0.5632307529449463,Yes,False
8409,0.4738612174987793,No,False
8410,0.7657516002655029,Yes,False
8411,0.8215876817703247,Yes,False
8412,0.41198429465293884,No,False
8413,0.48210686445236206,No,False
840,0.15300457179546356,No,False
841,0.22855111956596375,No,False
8416,0.7501579523086548,Yes,False
8417,0.7091202139854431,Yes,False
8418,0.5610793232917786,Yes,False
8419,0.6751540303230286,Yes,False
8420,0.19217026233673096,No,False
8421,0.5782303214073181,Yes,False
8422,0.22608952224254608,No,False
8423,0.5093197226524353,Yes,False
8424,0.09158121049404144,No,False
8425,0.3755412995815277,No,False
8426,0.25566813349723816,No,False
8427,0.8714333772659302,Yes,False
8428,0.13375435769557953,No,False
8429,0.5927934646606445,Yes,False
8430,0.3995194435119629,No,False
8431,0.9000038504600525,Yes,False
8432,0.3703427016735077,No,False
8433,0.9300346970558167,Yes,False
842,0.3397351801395416,No,False
843,0.6107686161994934,Yes,False
8436,0.41249293088912964,No,False
8437,0.7691734433174133,Yes,False
8438,0.4777067005634308,No,False
8439,0.6965885758399963,Yes,False
8440,0.4358901083469391,No,False
8441,0.734386682510376,Yes,False
8442,0.43492862582206726,No,False
8443,0.6256363987922668,Yes,False
8444,0.37035295367240906,No,False
8445,0.5502812266349792,Yes,False
8446,0.4211101830005646,No,False
8447,0.8422927856445312,Yes,False
8448,0.41148480772972107,No,False
8449,0.6279236674308777,Yes,False
8450,0.6244456768035889,Yes,False
8451,0.9221343398094177,Yes,False
8452,0.6982029676437378,Yes,False
8453,0.8977574110031128,Yes,False
844,0.5431805849075317,Yes,False
845,0.5465541481971741,Yes,False
8456,0.6362414956092834,Yes,False
8457,0.7945796847343445,Yes,False
8458,0.42646360397338867,No,False
8459,0.5530573725700378,Yes,False
8460,0.5791112184524536,Yes,False
8461,0.7955792546272278,Yes,False
8462,0.4742903411388397,No,False
8463,0.6581708788871765,Yes,False
8464,0.4058656394481659,No,False
8465,0.58628910779953,Yes,False
8466,0.46431344747543335,No,False
8467,0.769116222858429,Yes,False
8468,0.46710801124572754,No,False
8469,0.5835630297660828,Yes,False
8470,0.7874844670295715,Yes,False
8471,0.887962281703949,Yes,False
8472,0.6464285850524902,Yes,False
8473,0.8975355625152588,Yes,False
846,0.45314928889274597,No,False
847,0.70252525806427,Yes,False
8476,0.620169997215271,Yes,False
8477,0.7109155058860779,Yes,False
8478,0.6053797006607056,Yes,False
8479,0.6995885968208313,Yes,False
8480,0.3985506296157837,No,False
8481,0.6975653171539307,Yes,False
8482,0.39196518063545227,No,False
8483,0.5973297357559204,Yes,False
8484,0.3583540618419647,No,False
8485,0.40357038378715515,No,False
8486,0.24836988747119904,No,False
8487,0.8514623045921326,Yes,False
8488,0.2279021441936493,No,False
8489,0.45161616802215576,No,False
8490,0.4356030821800232,No,False
8491,0.9231444001197815,Yes,False
8492,0.4437967836856842,No,False
8493,0.9226130843162537,Yes,False
848,0.4428585171699524,No,False
849,0.6029150485992432,Yes,False
8496,0.41756656765937805,No,False
8497,0.7038366198539734,Yes,False
8498,0.3315242826938629,No,False
8499,0.628524899482727,Yes,False
8500,0.5316079258918762,Yes,False
8501,0.7432363033294678,Yes,False
8502,0.6303201913833618,Yes,False
8503,0.6942696571350098,Yes,False
8504,0.3765113651752472,No,False
8505,0.34787771105766296,No,False
8506,0.39456334710121155,No,False
8507,0.7586773037910461,Yes,False
8508,0.5056266188621521,Yes,False
8509,0.7423361539840698,Yes,False
8510,0.46363914012908936,No,False
8511,0.777432918548584,Yes,False
8512,0.23803675174713135,No,False
8513,0.6665431261062622,Yes,False
850,0.2723624110221863,No,False
851,0.8027141094207764,Yes,False
8516,0.5859512686729431,Yes,False
8517,0.4796186089515686,No,False
8518,0.6093827486038208,Yes,False
8519,0.6792806386947632,Yes,False
8520,0.22845998406410217,No,False
8521,0.5934128165245056,Yes,False
8522,0.3440551459789276,No,False
8523,0.5980287194252014,Yes,False
8524,0.4154095947742462,No,False
8525,0.6074802875518799,Yes,False
8526,0.42964059114456177,No,False
8527,0.788263201713562,Yes,False
8528,0.6490046977996826,Yes,False
8529,0.5255222320556641,Yes,False
8530,0.6985596418380737,Yes,False
8531,0.8564867377281189,Yes,False
8532,0.5131412744522095,Yes,False
8533,0.7663844227790833,Yes,False
852,0.5485846400260925,Yes,False
853,0.6097548007965088,Yes,False
8536,0.5769653916358948,Yes,False
8537,0.6750132441520691,Yes,False
8538,0.5549265742301941,Yes,False
8539,0.5233880281448364,Yes,False
8540,0.12346743792295456,No,False
8541,0.6279404163360596,Yes,False
8542,0.24355973303318024,No,False
8543,0.5622814297676086,Yes,False
8544,0.1553172618150711,No,False
8545,0.5037762522697449,Yes,False
8546,0.29608914256095886,No,False
8547,0.8843274712562561,Yes,False
8548,0.2824662923812866,No,False
8549,0.6163930296897888,Yes,False
8550,0.6003679037094116,Yes,False
8551,0.8999453186988831,Yes,False
8552,0.4785034656524658,No,False
8553,0.8811495304107666,Yes,False
854,0.43867337703704834,No,False
855,0.7499244809150696,Yes,False
8556,0.3964460790157318,No,False
8557,0.7531833648681641,Yes,False
8558,0.5300289988517761,Yes,False
8559,0.7047828435897827,Yes,False
8560,0.35657650232315063,No,False
8561,0.5738047957420349,Yes,False
8562,0.44268953800201416,No,False
8563,0.6051667928695679,Yes,False
8564,0.2449316382408142,No,False
8565,0.3644927442073822,No,False
8566,0.29717960953712463,No,False
8567,0.7426753640174866,Yes,False
8568,0.48843657970428467,No,False
8569,0.6548032760620117,Yes,False
8570,0.5881693363189697,Yes,False
8571,0.7943866848945618,Yes,False
8572,0.5018205642700195,Yes,False
8573,0.8045154213905334,Yes,False
856,0.3377912640571594,No,False
857,0.6109110116958618,Yes,False
8576,0.4804713726043701,No,False
8577,0.8186342120170593,Yes,False
8578,0.5370786190032959,Yes,False
8579,0.691613495349884,Yes,False
8580,0.35038062930107117,No,False
8581,0.6609859466552734,Yes,False
8582,0.41307583451271057,No,False
8583,0.5754776000976562,Yes,False
8584,0.388092577457428,No,False
8585,0.5764212012290955,Yes,False
8586,0.5102611780166626,Yes,False
8587,0.8142866492271423,Yes,False
8588,0.5082458853721619,Yes,False
8589,0.6657723188400269,Yes,False
8590,0.6938450336456299,Yes,False
8591,0.8764235973358154,Yes,False
8592,0.5673477053642273,Yes,False
8593,0.854985773563385,Yes,False
858,0.4243358075618744,No,False
859,0.7180138826370239,Yes,False
8596,0.44763192534446716,No,False
8597,0.6067830324172974,Yes,False
8598,0.6057940125465393,Yes,False
8599,0.7235631942749023,Yes,False
8600,0.5015732645988464,Yes,False
8601,0.493577241897583,No,False
8602,0.19366338849067688,No,False
8603,0.6140094995498657,Yes,False
8604,0.1178872138261795,No,False
8605,0.5251957774162292,Yes,False
8606,0.2862696945667267,No,False
8607,0.6760268211364746,Yes,False
8608,0.3572523593902588,No,False
8609,0.48600199818611145,No,False
8610,0.7727611064910889,Yes,False
8611,0.8437128663063049,Yes,False
8612,0.28779223561286926,No,False
8613,0.8262489438056946,Yes,False
860,0.20873746275901794,No,False
861,0.3790494203567505,No,False
8616,0.32452839612960815,No,False
8617,0.6828759908676147,Yes,False
8618,0.5561863780021667,Yes,False
8619,0.6062055230140686,Yes,False
8620,0.12767750024795532,No,False
8621,0.4200412929058075,No,False
8622,0.6128214001655579,Yes,False
8623,0.6372830867767334,Yes,False
8624,0.16474966704845428,No,False
8625,0.5818677544593811,Yes,False
8626,0.5399523973464966,Yes,False
8627,0.7306022047996521,Yes,False
8628,0.5128760933876038,Yes,False
8629,0.6257162094116211,Yes,False
8630,0.6020517945289612,Yes,False
8631,0.8408045768737793,Yes,False
8632,0.6412492394447327,Yes,False
8633,0.759681761264801,Yes,False
862,0.2222203016281128,No,False
863,0.644193708896637,Yes,False
8636,0.5719456076622009,Yes,False
8637,0.7691642045974731,Yes,False
8638,0.4901583790779114,No,False
8639,0.6047998666763306,Yes,False
8640,0.38595321774482727,No,False
8641,0.6912703514099121,Yes,False
8642,0.4391026198863983,No,False
8643,0.5556087493896484,Yes,False
8644,0.10567192733287811,No,False
8645,0.39648523926734924,No,False
8646,0.17766182124614716,No,False
8647,0.8184287548065186,Yes,False
8648,0.12525810301303864,No,False
8649,0.5069627165794373,Yes,False
8650,0.6941559314727783,Yes,False
8651,0.886673629283905,Yes,False
8652,0.3701815605163574,No,False
8653,0.9347360730171204,Yes,False
864,0.6170650124549866,Yes,False
865,0.576924741268158,Yes,False
8656,0.6474501490592957,Yes,False
8657,0.8606263995170593,Yes,False
8658,0.47560662031173706,No,False
8659,0.5588058233261108,Yes,False
8660,0.4404031038284302,No,False
8661,0.7350509762763977,Yes,False
8662,0.41726651787757874,No,False
8663,0.6394566297531128,Yes,False
8664,0.4702090919017792,No,False
8665,0.6379811763763428,Yes,False
8666,0.47831881046295166,No,False
8667,0.8496198058128357,Yes,False
8668,0.42634519934654236,No,False
8669,0.5765378475189209,Yes,False
8670,0.713204026222229,Yes,False
8671,0.8855004906654358,Yes,False
8672,0.5983808040618896,Yes,False
8673,0.8677473068237305,Yes,False
866,0.4452516436576843,No,False
867,0.8390944600105286,Yes,False
8676,0.5952612161636353,Yes,False
8677,0.6908729076385498,Yes,False
8678,0.5786457657814026,Yes,False
8679,0.7111506462097168,Yes,False
8680,0.234519362449646,No,False
8681,0.6312223672866821,Yes,False
8682,0.3651156425476074,No,False
8683,0.5176630616188049,Yes,False
8684,0.3300088942050934,No,False
8685,0.5559173822402954,Yes,False
8686,0.3773145377635956,No,False
8687,0.785458505153656,Yes,False
8688,0.3779853582382202,No,False
8689,0.596950352191925,Yes,False
8690,0.7139476537704468,Yes,False
8691,0.869342029094696,Yes,False
8692,0.6775951385498047,Yes,False
8693,0.8370351791381836,Yes,False
868,0.1641717553138733,No,False
869,0.32283273339271545,No,False
8696,0.5983971953392029,Yes,False
8697,0.7814096212387085,Yes,False
8698,0.49685800075531006,No,False
8699,0.6623255610466003,Yes,False
8700,0.3276779055595398,No,False
8701,0.7699172496795654,Yes,False
8702,0.49642708897590637,No,False
8703,0.5933587551116943,Yes,False
8704,0.4330027997493744,No,False
8705,0.46181541681289673,No,False
8706,0.4917643666267395,No,False
8707,0.5914525985717773,Yes,False
8708,0.3860619366168976,No,False
8709,0.4908815324306488,No,False
8710,0.7519586086273193,Yes,False
8711,0.8234140276908875,Yes,False
8712,0.6659833788871765,Yes,False
8713,0.7242016196250916,Yes,False
870,0.18840692937374115,No,False
871,0.5441750288009644,Yes,False
8716,0.510748028755188,Yes,False
8717,0.7240579724311829,Yes,False
8718,0.5998603701591492,Yes,False
8719,0.6438473463058472,Yes,False
8720,0.29892656207084656,No,False
8721,0.6316344738006592,Yes,False
8722,0.41861897706985474,No,False
8723,0.5294171571731567,Yes,False
8724,0.34087878465652466,No,False
8725,0.48968157172203064,No,False
8726,0.489776074886322,No,False
8727,0.8868570923805237,Yes,False
8728,0.3789013624191284,No,False
8729,0.537966251373291,Yes,False
8730,0.5898667573928833,Yes,False
8731,0.9008022546768188,Yes,False
8732,0.6239487528800964,Yes,False
8733,0.8547149896621704,Yes,False
872,0.4272707402706146,No,False
873,0.5104401111602783,Yes,False
8736,0.6541721224784851,Yes,False
8737,0.7383046746253967,Yes,False
8738,0.513519287109375,Yes,False
8739,0.6006678938865662,Yes,False
8740,0.5191308856010437,Yes,False
8741,0.69798344373703,Yes,False
8742,0.19072912633419037,No,False
8743,0.4004872739315033,No,False
8744,0.3685683310031891,No,False
8745,0.2963802218437195,No,False
8746,0.26448971033096313,No,False
8747,0.626632809638977,Yes,False
8748,0.5667548775672913,Yes,False
8749,0.7196576595306396,Yes,False
8750,0.5089661478996277,Yes,False
8751,0.794643759727478,Yes,False
8752,0.2944708466529846,No,False
8753,0.8816790580749512,Yes,False
874,0.3537408411502838,No,False
875,0.5810866951942444,Yes,False
8756,0.49890369176864624,No,False
8757,0.6868675947189331,Yes,False
8758,0.4161266088485718,No,False
8759,0.4661088287830353,No,False
8760,0.4345332682132721,No,False
8761,0.5910256505012512,Yes,False
8762,0.5207656025886536,Yes,False
8763,0.5761390328407288,Yes,False
8764,0.3768182694911957,No,False
8765,0.5424420833587646,Yes,False
8766,0.6120970845222473,Yes,False
8767,0.8063138723373413,Yes,False
8768,0.5439849495887756,Yes,False
8769,0.6597076058387756,Yes,False
8770,0.7992690205574036,Yes,False
8771,0.8507468700408936,Yes,False
8772,0.5951934456825256,Yes,False
8773,0.7715089917182922,Yes,False
876,0.41088220477104187,No,False
877,0.5275161862373352,Yes,False
8776,0.6667608022689819,Yes,False
8777,0.7824323177337646,Yes,False
8778,0.5746339559555054,Yes,False
8779,0.635815441608429,Yes,False
8780,0.41441887617111206,No,False
8781,0.5471441149711609,Yes,False
8782,0.5327578783035278,Yes,False
8783,0.6082829236984253,Yes,False
8784,0.4922921359539032,No,False
8785,0.5836275219917297,Yes,False
8786,0.5847139358520508,Yes,False
8787,0.7603940367698669,Yes,False
8788,0.4714440405368805,No,False
8789,0.6084446907043457,Yes,False
8790,0.7551934123039246,Yes,False
8791,0.8189647793769836,Yes,False
8792,0.6200183629989624,Yes,False
8793,0.7315323948860168,Yes,False
878,0.3001444339752197,No,False
879,0.6142069697380066,Yes,False
8796,0.6331077814102173,Yes,False
8797,0.7546879649162292,Yes,False
8798,0.5448586344718933,Yes,False
8799,0.6494413614273071,Yes,False
8800,0.287741482257843,No,True
8801,0.07838932424783707,No,True
8802,0.18695367872714996,No,True
8803,0.13829456269741058,No,True
8804,0.020730746909976006,No,True
8805,0.15375152230262756,No,True
8806,0.725033700466156,Yes,True
8807,0.2092992663383484,No,True
8808,0.44770124554634094,No,True
8809,0.14460569620132446,No,True
8810,0.9398949146270752,Yes,True
8811,0.15708839893341064,No,True
8812,0.3812716007232666,No,True
8813,0.1384342908859253,No,True
880,0.48088890314102173,No,True
881,0.32941654324531555,No,True
8816,0.44608476758003235,No,True
8817,0.10627596825361252,No,True
8818,0.5419806838035583,Yes,True
8819,0.4189614951610565,No,True
8820,0.379961758852005,No,True
8821,0.18568402528762817,No,True
8822,0.06801258027553558,No,True
8823,0.13185520470142365,No,True
8824,0.08216894418001175,No,True
8825,0.2687240242958069,No,True
8826,0.6765123605728149,Yes,True
8827,0.15569646656513214,No,True
8828,0.4383937418460846,No,True
8829,0.15169081091880798,No,True
8830,0.8382757902145386,Yes,True
8831,0.10438193380832672,No,True
8832,0.9857350587844849,Yes,True
8833,0.1630876362323761,No,True
882,0.16107569634914398,No,True
883,0.640402615070343,Yes,True
8836,0.8358830809593201,Yes,True
8837,0.11420079320669174,No,True
8838,0.6369031071662903,Yes,True
8839,0.2259444147348404,No,True
8840,0.7764043807983398,Yes,True
8841,0.39552098512649536,No,True
8842,0.5315711498260498,Yes,True
8843,0.4084022641181946,No,True
8844,0.38348135352134705,No,True
8845,0.4195139706134796,No,True
8846,0.6960015892982483,Yes,True
8847,0.39005500078201294,No,True
8848,0.46181708574295044,No,True
8849,0.3849446177482605,No,True
8850,0.9521750807762146,Yes,True
8851,0.2649431824684143,No,True
8852,0.983211100101471,Yes,True
8853,0.6987923979759216,Yes,True
884,0.7372186183929443,Yes,True
885,0.4506169855594635,No,True
8856,0.8448231816291809,Yes,True
8857,0.22000981867313385,No,True
8858,0.6286849975585938,Yes,True
8859,0.32241541147232056,No,True
8860,0.40954673290252686,No,True
8861,0.3733319044113159,No,True
8862,0.1912798285484314,No,True
8863,0.32305818796157837,No,True
8864,0.0514012947678566,No,True
8865,0.27819159626960754,No,True
8866,0.5490025281906128,Yes,True
8867,0.2977147102355957,No,True
8868,0.3012860417366028,No,True
8869,0.41578415036201477,No,True
8870,0.8081457614898682,Yes,True
8871,0.483920156955719,No,True
8872,0.6085583567619324,Yes,True
8873,0.49241942167282104,No,True
886,0.051452767103910446,No,True
887,0.9736424684524536,Yes,True
8876,0.20405133068561554,No,True
8877,0.22425477206707,No,True
8878,0.4922877848148346,No,True
8879,0.42159032821655273,No,True
8880,0.6346582770347595,Yes,True
8881,0.2510528266429901,No,True
8882,0.3618404269218445,No,True
8883,0.2594591975212097,No,True
8884,0.37668439745903015,No,True
8885,0.19419576227664948,No,True
8886,0.7276021242141724,Yes,True
8887,0.22504587471485138,No,True
8888,0.4625883400440216,No,True
8889,0.3352362811565399,No,True
8890,0.8092342615127563,Yes,True
8891,0.09632328897714615,No,True
8892,0.9575653672218323,Yes,True
8893,0.4656495153903961,No,True
888,0.8645330667495728,Yes,True
889,0.5372765064239502,Yes,True
8896,0.8851077556610107,Yes,True
8897,0.1509341299533844,No,True
8898,0.5639476180076599,Yes,True
8899,0.3025440275669098,No,True
8900,0.44071725010871887,No,True
8901,0.30169758200645447,No,True
8902,0.594106912612915,Yes,True
8903,0.43213608860969543,No,True
8904,0.17816570401191711,No,True
8905,0.12494209408760071,No,True
8906,0.24731098115444183,No,True
8907,0.14611810445785522,No,True
8908,0.76554936170578,Yes,True
8909,0.5562660098075867,Yes,True
8910,0.45239147543907166,No,True
8911,0.11023134738206863,No,True
8912,0.7986825704574585,Yes,True
8913,0.206539586186409,No,True
890,0.3147912323474884,No,True
891,0.9424828886985779,Yes,True
8916,0.7421995997428894,Yes,True
8917,0.07165097445249557,No,True
8918,0.6750847101211548,Yes,True
8919,0.4062795639038086,No,True
8920,0.2585807144641876,No,True
8921,0.3150334656238556,No,True
8922,0.016168678179383278,No,True
8923,0.2704285979270935,No,True
8924,0.5236839056015015,Yes,True
8925,0.41649529337882996,No,True
8926,0.8720080256462097,Yes,True
8927,0.2679690420627594,No,True
8928,0.570360004901886,Yes,True
8929,0.2727415859699249,No,True
8930,0.4002470076084137,No,True
8931,0.7133403420448303,Yes,True
8932,0.1559039056301117,No,True
8933,0.21077227592468262,No,True
892,0.30713629722595215,No,True
893,0.4498303532600403,No,True
8936,0.1193559542298317,No,True
8937,0.17726603150367737,No,True
8938,0.43451768159866333,No,True
8939,0.1608065813779831,No,True
8940,0.3726975619792938,No,True
8941,0.11421532928943634,No,True
8942,0.2757980525493622,No,True
8943,0.22729384899139404,No,True
8944,0.17492036521434784,No,True
8945,0.26354917883872986,No,True
8946,0.7613781690597534,Yes,True
8947,0.17820023000240326,No,True
8948,0.3046186864376068,No,True
8949,0.20656272768974304,No,True
8950,0.8777346014976501,Yes,True
8951,0.24361412227153778,No,True
8952,0.9757698774337769,Yes,True
8953,0.3195938766002655,No,True
894,0.27370747923851013,No,True
895,0.7985950708389282,Yes,True
8956,0.8275983333587646,Yes,True
8957,0.14028920233249664,No,True
8958,0.7750087976455688,Yes,True
8959,0.26375827193260193,No,True
8960,0.6862433552742004,Yes,True
8961,0.33553072810173035,No,True
8962,0.39335742592811584,No,True
8963,0.28062647581100464,No,True
8964,0.15616071224212646,No,True
8965,0.2214517742395401,No,True
8966,0.5277194380760193,Yes,True
8967,0.5129033327102661,Yes,True
8968,0.7862582206726074,Yes,True
8969,0.4821902811527252,No,True
8970,0.928374171257019,Yes,True
8971,0.3450823724269867,No,True
8972,0.9481560587882996,Yes,True
8973,0.5814281702041626,Yes,True
896,0.7737753391265869,Yes,True
897,0.49085181951522827,No,True
8976,0.8282484412193298,Yes,True
8977,0.26369351148605347,No,True
8978,0.7143762707710266,Yes,True
8979,0.40911540389060974,No,True
8980,0.8963173627853394,Yes,True
8981,0.456896036863327,No,True
8982,0.5166776180267334,Yes,True
8983,0.4328842759132385,No,True
8984,0.11009843647480011,No,True
8985,0.3596908450126648,No,True
8986,0.900830090045929,Yes,True
8987,0.4923030734062195,No,True
8988,0.8104422688484192,Yes,True
8989,0.5437931418418884,Yes,True
8990,0.9613641500473022,Yes,True
8991,0.5750020742416382,Yes,True
8992,0.9655418395996094,Yes,True
8993,0.5490913987159729,Yes,True
898,0.1641928106546402,No,True
899,0.9687884449958801,Yes,True
8996,0.7821305990219116,Yes,True
8997,0.27187392115592957,No,True
8998,0.779752254486084,Yes,True
8999,0.429684042930603,No,True
9000,0.39391669631004333,No,True
9001,0.02872716449201107,No,True
9002,0.010449409484863281,No,True
9003,0.3135262131690979,No,True
9004,0.06693074107170105,No,True
9005,0.36495262384414673,No,True
9006,0.2506241798400879,No,True
9007,0.04785770922899246,No,True
9008,0.6457480788230896,Yes,True
9009,0.5543315410614014,Yes,True
9010,0.8720921874046326,Yes,True
9011,0.61827552318573,Yes,True
9012,0.8445093631744385,Yes,True
9013,0.5452390313148499,Yes,True
900,0.4087824523448944,No,True
901,0.3883294463157654,No,True
9016,0.2831727862358093,No,True
9017,0.2609671652317047,No,True
9018,0.5943189859390259,Yes,True
9019,0.1391766518354416,No,True
9020,0.17412184178829193,No,True
9021,0.07471082359552383,No,True
9022,0.6041564345359802,Yes,True
9023,0.4322948455810547,No,True
9024,0.07961324602365494,No,True
9025,0.4635102450847626,No,True
9026,0.7087803483009338,Yes,True
9027,0.25017520785331726,No,True
9028,0.3984583914279938,No,True
9029,0.3361559510231018,No,True
9030,0.4264967441558838,No,True
9031,0.6067193746566772,Yes,True
9032,0.4982231557369232,No,True
9033,0.48050379753112793,No,True
902,0.055308740586042404,No,True
903,0.7042708992958069,Yes,True
9036,0.37390032410621643,No,True
9037,0.3761202096939087,No,True
9038,0.4704114496707916,No,True
9039,0.2350684106349945,No,True
9040,0.6286827325820923,Yes,True
9041,0.3108114004135132,No,True
9042,0.15490995347499847,No,True
9043,0.10981086641550064,No,True
9044,0.13360963761806488,No,True
9045,0.2153126746416092,No,True
9046,0.6210775971412659,Yes,True
9047,0.39148014783859253,No,True
9048,0.49554315209388733,No,True
9049,0.26803699135780334,No,True
9050,0.8674389719963074,Yes,True
9051,0.11110913753509521,No,True
9052,0.9797338247299194,Yes,True
9053,0.2607702910900116,No,True
904,0.11782826483249664,No,True
905,0.28949660062789917,No,True
9056,0.7954267859458923,Yes,True
9057,0.2249138057231903,No,True
9058,0.5495256185531616,Yes,True
9059,0.25216391682624817,No,True
9060,0.6447086334228516,Yes,True
9061,0.3172583281993866,No,True
9062,0.42131277918815613,No,True
9063,0.3556717336177826,No,True
9064,0.2738509178161621,No,True
9065,0.36526110768318176,No,True
9066,0.4996086061000824,No,True
9067,0.3513137996196747,No,True
9068,0.6482407450675964,Yes,True
9069,0.47272732853889465,No,True
9070,0.959775447845459,Yes,True
9071,0.452065646648407,No,True
9072,0.97212815284729,Yes,True
9073,0.4698486030101776,No,True
906,0.143931582570076,No,True
907,0.29343941807746887,No,True
9076,0.9073735475540161,Yes,True
9077,0.3185504376888275,No,True
9078,0.6955466866493225,Yes,True
9079,0.365628182888031,No,True
9080,0.2679440677165985,No,True
9081,0.2949952185153961,No,True
9082,0.16248172521591187,No,True
9083,0.1987050175666809,No,True
9084,0.1379920095205307,No,True
9085,0.3363344669342041,No,True
9086,0.5218507647514343,Yes,True
9087,0.4691777527332306,No,True
9088,0.4356539249420166,No,True
9089,0.2733713686466217,No,True
9090,0.8941431641578674,Yes,True
9091,0.3491293489933014,No,True
9092,0.9121432304382324,Yes,True
9093,0.5120471715927124,Yes,True
908,0.7524285912513733,Yes,True
909,0.37198808789253235,No,True
9096,0.6745814681053162,Yes,True
9097,0.26466885209083557,No,True
9098,0.5685441493988037,Yes,True
9099,0.4209739565849304,No,True
9100,0.14671438932418823,No,True
9101,0.36471062898635864,No,True
9102,0.3642544448375702,No,True
9103,0.3183336555957794,No,True
9104,0.5493137240409851,Yes,True
9105,0.1516629010438919,No,True
9106,0.6697802543640137,Yes,True
9107,0.2111857384443283,No,True
9108,0.5575281381607056,Yes,True
9109,0.3188057839870453,No,True
9110,0.9243280291557312,Yes,True
9111,0.16971078515052795,No,True
9112,0.8139607906341553,Yes,True
9113,0.2098812609910965,No,True
910,0.0828000009059906,No,True
911,0.9677642583847046,Yes,True
9116,0.08767133951187134,No,True
9117,0.18318380415439606,No,True
9118,0.6210461258888245,Yes,True
9119,0.43328768014907837,No,True
9120,0.7010793089866638,Yes,True
9121,0.3448198735713959,No,True
9122,0.32188162207603455,No,True
9123,0.303472638130188,No,True
9124,0.22730068862438202,No,True
9125,0.3128587007522583,No,True
9126,0.6687641143798828,Yes,True
9127,0.4093649685382843,No,True
9128,0.4939470887184143,No,True
9129,0.2687084376811981,No,True
9130,0.9242770075798035,Yes,True
9131,0.37100592255592346,No,True
9132,0.9820309281349182,Yes,True
9133,0.5413949489593506,Yes,True
912,0.6131778955459595,Yes,True
913,0.32746952772140503,No,True
9136,0.8551292419433594,Yes,True
9137,0.29322922229766846,No,True
9138,0.6341012716293335,Yes,True
9139,0.40199702978134155,No,True
9140,0.34550437331199646,No,True
9141,0.2170221209526062,No,True
9142,0.04655331000685692,No,True
9143,0.10600324720144272,No,True
9144,0.40122681856155396,No,True
9145,0.20774902403354645,No,True
9146,0.04972384497523308,No,True
9147,0.0540284663438797,No,True
9148,0.6920068264007568,Yes,True
9149,0.6054090261459351,Yes,True
9150,0.17713239789009094,No,True
9151,0.5424501895904541,Yes,True
9152,0.06864061951637268,No,True
9153,0.3535321056842804,No,True
914,0.18840034306049347,No,True
915,0.7816707491874695,Yes,True
9156,0.3267131447792053,No,True
9157,0.06446614116430283,No,True
9158,0.29814139008522034,No,True
9159,0.16359660029411316,No,True
9160,0.4191882610321045,No,True
9161,0.35529616475105286,No,True
9162,0.5953007936477661,Yes,True
9163,0.4795181155204773,No,True
9164,0.11988145112991333,No,True
9165,0.29002732038497925,No,True
9166,0.6837019920349121,Yes,True
9167,0.3879050016403198,No,True
9168,0.6574079990386963,Yes,True
9169,0.5649453997612,Yes,True
9170,0.9027224183082581,Yes,True
9171,0.5440927743911743,Yes,True
9172,0.6409352421760559,Yes,True
9173,0.48261040449142456,No,True
916,0.598163902759552,Yes,True
917,0.23907937109470367,No,True
9176,0.564332902431488,Yes,True
9177,0.296099990606308,No,True
9178,0.5599063038825989,Yes,True
9179,0.4334562122821808,No,True
9180,0.3536689579486847,No,True
9181,0.2959180474281311,No,True
9182,0.4084342420101166,No,True
9183,0.40078461170196533,No,True
9184,0.08492573350667953,No,True
9185,0.28189200162887573,No,True
9186,0.63605135679245,Yes,True
9187,0.360510915517807,No,True
9188,0.5851663947105408,Yes,True
9189,0.5509529709815979,Yes,True
9190,0.8495767712593079,Yes,True
9191,0.47452884912490845,No,True
9192,0.4390123784542084,No,True
9193,0.34344911575317383,No,True
918,0.2074572741985321,No,True
919,0.5380187630653381,Yes,True
9196,0.3692561388015747,No,True
9197,0.2360389530658722,No,True
9198,0.5195618867874146,Yes,True
9199,0.3816258907318115,No,True
9200,0.037101954221725464,No,False
9201,0.2239341139793396,No,False
9202,0.10849838703870773,No,False
9203,0.30036383867263794,No,False
9204,0.01960664801299572,No,False
9205,0.2115786224603653,No,False
9206,0.5889928936958313,Yes,False
9207,0.7941554188728333,Yes,False
9208,0.6357472538948059,Yes,False
9209,0.35032516717910767,No,False
9210,0.6017637252807617,Yes,False
9211,0.8644770979881287,Yes,False
9212,0.3540816903114319,No,False
9213,0.254808247089386,No,False
920,0.117810919880867,No,False
921,0.11717844754457474,No,False
9216,0.6410073637962341,Yes,False
9217,0.806024968624115,Yes,False
9218,0.49984297156333923,No,False
9219,0.6594322919845581,Yes,False
9220,0.12298684567213058,No,False
9221,0.6718359589576721,Yes,False
9222,0.06712274998426437,No,False
9223,0.5850428938865662,Yes,False
9224,0.010500012896955013,No,False
9225,0.3432142436504364,No,False
9226,0.1257200688123703,No,False
9227,0.9430235624313354,Yes,False
9228,0.17972484230995178,No,False
9229,0.6691719889640808,Yes,False
9230,0.29783037304878235,No,False
9231,0.9583390355110168,Yes,False
9232,0.35839712619781494,No,False
9233,0.9738843441009521,Yes,False
922,0.16274623572826385,No,False
923,0.7630953788757324,Yes,False
9236,0.2718318700790405,No,False
9237,0.9183485507965088,Yes,False
9238,0.4365328848361969,No,False
9239,0.772946298122406,Yes,False
9240,0.4860127866268158,No,False
9241,0.9193748831748962,Yes,False
9242,0.2284136414527893,No,False
9243,0.7533135414123535,Yes,False
9244,0.23815415799617767,No,False
9245,0.6969906091690063,Yes,False
9246,0.41087207198143005,No,False
9247,0.9635197520256042,Yes,False
9248,0.5090793371200562,Yes,False
9249,0.7764398455619812,Yes,False
9250,0.458513081073761,No,False
9251,0.950631320476532,Yes,False
9252,0.7173711061477661,Yes,False
9253,0.9574602246284485,Yes,False
924,0.5803423523902893,Yes,False
925,0.5042634010314941,Yes,False
9256,0.5117990374565125,Yes,False
9257,0.8948640823364258,Yes,False
9258,0.45655739307403564,No,False
9259,0.6429671049118042,Yes,False
9260,0.6506556272506714,Yes,False
9261,0.9143872857093811,Yes,False
9262,0.3187243342399597,No,False
9263,0.7646225094795227,Yes,False
9264,0.3137967586517334,No,False
9265,0.6777186989784241,Yes,False
9266,0.408825546503067,No,False
9267,0.8650412559509277,Yes,False
9268,0.45428144931793213,No,False
9269,0.693866491317749,Yes,False
9270,0.7088066935539246,Yes,False
9271,0.9175700545310974,Yes,False
9272,0.5828468799591064,Yes,False
9273,0.9175299406051636,Yes,False
926,0.30636832118034363,No,False
927,0.8118640184402466,Yes,False
9276,0.4587016701698303,No,False
9277,0.7797819375991821,Yes,False
9278,0.5621141791343689,Yes,False
9279,0.7049413323402405,Yes,False
9280,0.3635011613368988,No,False
9281,0.7556911110877991,Yes,False
9282,0.18667109310626984,No,False
9283,0.704291582107544,Yes,False
9284,0.2349790632724762,No,False
9285,0.4425468444824219,No,False
9286,0.162836953997612,No,False
9287,0.956055760383606,Yes,False
9288,0.2854517102241516,No,False
9289,0.5134757161140442,Yes,False
9290,0.252301961183548,No,False
9291,0.9653273820877075,Yes,False
9292,0.45483964681625366,No,False
9293,0.9861529469490051,Yes,False
928,0.6219701766967773,Yes,False
929,0.49630337953567505,No,False
9296,0.27717700600624084,No,False
9297,0.8505173325538635,Yes,False
9298,0.28868749737739563,No,False
9299,0.5654072165489197,Yes,False
9300,0.48388126492500305,No,False
9301,0.8154637217521667,Yes,False
9302,0.4693934917449951,No,False
9303,0.7847115397453308,Yes,False
9304,0.1974324733018875,No,False
9305,0.2381490021944046,No,False
9306,0.3840155601501465,No,False
9307,0.7890560030937195,Yes,False
9308,0.6222403049468994,Yes,False
9309,0.8515596389770508,Yes,False
9310,0.25854697823524475,No,False
9311,0.8194884657859802,Yes,False
9312,0.2702769637107849,No,False
9313,0.7644464373588562,Yes,False
930,0.09148738533258438,No,False
931,0.9647290110588074,Yes,False
9316,0.37572482228279114,No,False
9317,0.35902249813079834,No,False
9318,0.6055874228477478,Yes,False
9319,0.6840293407440186,Yes,False
9320,0.10700242966413498,No,False
9321,0.6897951364517212,Yes,False
9322,0.1502295732498169,No,False
9323,0.6568688750267029,Yes,False
9324,0.22609230875968933,No,False
9325,0.6540775299072266,Yes,False
9326,0.3809312582015991,No,False
9327,0.8648735880851746,Yes,False
9328,0.6724262833595276,Yes,False
9329,0.4781941771507263,No,False
9330,0.5927785634994507,Yes,False
9331,0.8820655345916748,Yes,False
9332,0.3979009985923767,No,False
9333,0.8584738373756409,Yes,False
932,0.8538204431533813,Yes,False
933,0.6245008707046509,Yes,False
9336,0.4426429271697998,No,False
9337,0.6917157769203186,Yes,False
9338,0.49319085478782654,No,False
9339,0.38977962732315063,No,False
9340,0.07769472151994705,No,False
9341,0.7245635986328125,Yes,False
9342,0.12363331764936447,No,False
9343,0.652315616607666,Yes,False
9344,0.05003468319773674,No,False
9345,0.5442059636116028,Yes,False
9346,0.17625384032726288,No,False
9347,0.9603885412216187,Yes,False
9348,0.3882976174354553,No,False
9349,0.7798640131950378,Yes,False
9350,0.49280840158462524,No,False
9351,0.9749935269355774,Yes,False
9352,0.41637277603149414,No,False
9353,0.962474524974823,Yes,False
934,0.3468696177005768,No,False
935,0.9139975309371948,Yes,False
9356,0.3050311803817749,No,False
9357,0.9245131015777588,Yes,False
9358,0.5358085036277771,Yes,False
9359,0.8231388926506042,Yes,False
9360,0.332754909992218,No,False
9361,0.7852457761764526,Yes,False
9362,0.19672319293022156,No,False
9363,0.7070919871330261,Yes,False
9364,0.10370609164237976,No,False
9365,0.32329872250556946,No,False
9366,0.2683030664920807,No,False
9367,0.8602669835090637,Yes,False
9368,0.5581830739974976,Yes,False
9369,0.7931169867515564,Yes,False
9370,0.4963970482349396,No,False
9371,0.9122766852378845,Yes,False
9372,0.3360635042190552,No,False
9373,0.8969441652297974,Yes,False
936,0.6055143475532532,Yes,False
937,0.45121628046035767,No,False
9376,0.4984489977359772,No,False
9377,0.9337389469146729,Yes,False
9378,0.6031910181045532,Yes,False
9379,0.7400677800178528,Yes,False
9380,0.33185598254203796,No,False
9381,0.8725315928459167,Yes,False
9382,0.1868116706609726,No,False
9383,0.6806982159614563,Yes,False
9384,0.16804425418376923,No,False
9385,0.6926116943359375,Yes,False
9386,0.6444664597511292,Yes,False
9387,0.935667097568512,Yes,False
9388,0.5794302821159363,Yes,False
9389,0.8085893392562866,Yes,False
9390,0.5332762002944946,Yes,False
9391,0.9588283896446228,Yes,False
9392,0.44565272331237793,No,False
9393,0.9467310905456543,Yes,False
938,0.3251696228981018,No,False
939,0.8339667916297913,Yes,False
9396,0.3235321044921875,No,False
9397,0.7853999137878418,Yes,False
9398,0.6557004451751709,Yes,False
9399,0.8159384727478027,Yes,False
9400,0.484076589345932,No,False
9401,0.23177562654018402,No,False
9402,0.10083401948213577,No,False
9403,0.7480101585388184,Yes,False
9404,0.043408267199993134,No,False
9405,0.6281189918518066,Yes,False
9406,0.20125284790992737,No,False
9407,0.626632034778595,Yes,False
9408,0.5265921950340271,Yes,False
9409,0.6470252275466919,Yes,False
9410,0.7068973183631897,Yes,False
9411,0.9197729229927063,Yes,False
9412,0.18145759403705597,No,False
9413,0.9171658754348755,Yes,False
940,0.19778168201446533,No,False
941,0.2385036200284958,No,False
9416,0.19585910439491272,No,False
9417,0.6825818419456482,Yes,False
9418,0.495309054851532,No,False
9419,0.565129280090332,Yes,False
9420,0.04402125999331474,No,False
9421,0.20172710716724396,No,False
9422,0.4856472313404083,No,False
9423,0.7036528587341309,Yes,False
9424,0.05692710354924202,No,False
9425,0.6742932200431824,Yes,False
9426,0.5985293984413147,Yes,False
9427,0.758512556552887,Yes,False
9428,0.5299471020698547,Yes,False
9429,0.7128526568412781,Yes,False
9430,0.39599373936653137,No,False
9431,0.8819015026092529,Yes,False
9432,0.5281542539596558,Yes,False
9433,0.7263448238372803,Yes,False
942,0.051117341965436935,No,False
943,0.7326635718345642,Yes,False
9436,0.44699719548225403,No,False
9437,0.8006923794746399,Yes,False
9438,0.379364937543869,No,False
9439,0.5326562523841858,Yes,False
9440,0.44761353731155396,No,False
9441,0.8426501750946045,Yes,False
9442,0.3030256927013397,No,False
9443,0.6356795430183411,Yes,False
9444,0.04863224923610687,No,False
9445,0.5137806534767151,Yes,False
9446,0.09799018502235413,No,False
9447,0.9167921543121338,Yes,False
9448,0.1201162189245224,No,False
9449,0.4965212941169739,No,False
9450,0.5532842874526978,Yes,False
9451,0.9569767117500305,Yes,False
9452,0.45228004455566406,No,False
9453,0.9813743233680725,Yes,False
944,0.8626118898391724,Yes,False
945,0.6109516024589539,Yes,False
9456,0.47000929713249207,No,False
9457,0.909270703792572,Yes,False
9458,0.3992299437522888,No,False
9459,0.4687352776527405,No,False
9460,0.3946055471897125,No,False
9461,0.8256484270095825,Yes,False
9462,0.20247882604599,No,False
9463,0.8054797053337097,Yes,False
9464,0.28257426619529724,No,False
9465,0.7865849137306213,Yes,False
9466,0.49723026156425476,No,False
9467,0.9549846053123474,Yes,False
9468,0.5041272044181824,Yes,False
9469,0.7161501049995422,Yes,False
9470,0.554438591003418,Yes,False
9471,0.95131516456604,Yes,False
9472,0.5960681438446045,Yes,False
9473,0.9024364352226257,Yes,False
946,0.291873037815094,No,False
947,0.9452405571937561,Yes,False
9476,0.49201950430870056,No,False
9477,0.7161580920219421,Yes,False
9478,0.5693762898445129,Yes,False
9479,0.7321977019309998,Yes,False
9480,0.22026444971561432,No,False
9481,0.7365881204605103,Yes,False
9482,0.1518242508172989,No,False
9483,0.5419837832450867,Yes,False
9484,0.14205728471279144,No,False
9485,0.6450046300888062,Yes,False
9486,0.40877315402030945,No,False
9487,0.9288816452026367,Yes,False
9488,0.36119911074638367,No,False
9489,0.7067422866821289,Yes,False
9490,0.4740871787071228,No,False
9491,0.9172531962394714,Yes,False
9492,0.6794148087501526,Yes,False
9493,0.9163559079170227,Yes,False
948,0.04892939701676369,No,False
949,0.13945555686950684,No,False
9496,0.4615030586719513,No,False
9497,0.8276365399360657,Yes,False
9498,0.48397180438041687,No,False
9499,0.6443783044815063,Yes,False
9500,0.1733737736940384,No,False
9501,0.875032901763916,Yes,False
9502,0.38864943385124207,No,False
9503,0.6848233938217163,Yes,False
9504,0.25479021668434143,No,False
9505,0.34668534994125366,No,False
9506,0.45556774735450745,No,False
9507,0.6498263478279114,Yes,False
9508,0.4669412076473236,No,False
9509,0.5127046704292297,Yes,False
9510,0.6173897385597229,Yes,False
9511,0.8760244846343994,Yes,False
9512,0.632813036441803,Yes,False
9513,0.6723868250846863,Yes,False
950,0.041505541652441025,No,False
951,0.41181516647338867,No,False
9516,0.3890850245952606,No,False
9517,0.7897868156433105,Yes,False
9518,0.6123854517936707,Yes,False
9519,0.6667844653129578,Yes,False
9520,0.3313455283641815,No,False
9521,0.7697795629501343,Yes,False
9522,0.22883418202400208,No,False
9523,0.6260683536529541,Yes,False
9524,0.19643045961856842,No,False
9525,0.5481243133544922,Yes,False
9526,0.4809510111808777,No,False
9527,0.9591161608695984,Yes,False
9528,0.3845648765563965,No,False
9529,0.6613013744354248,Yes,False
9530,0.48184865713119507,No,False
9531,0.9131484627723694,Yes,False
9532,0.5961887240409851,Yes,False
9533,0.9304073452949524,Yes,False
952,0.30887043476104736,No,False
953,0.33189520239830017,No,False
9536,0.5275560021400452,Yes,False
9537,0.8353133797645569,Yes,False
9538,0.5296841263771057,Yes,False
9539,0.5850803256034851,Yes,False
9540,0.5051952004432678,Yes,False
9541,0.7164973020553589,Yes,False
9542,0.03912445530295372,No,False
9543,0.25968068838119507,No,False
9544,0.2212952971458435,No,False
9545,0.13590532541275024,No,False
9546,0.06634785234928131,No,False
9547,0.5657201409339905,Yes,False
9548,0.6745330095291138,Yes,False
9549,0.8324276804924011,Yes,False
9550,0.23283827304840088,No,False
9551,0.8130435943603516,Yes,False
9552,0.08247832208871841,No,False
9553,0.8864514827728271,Yes,False
954,0.14415931701660156,No,False
955,0.5243381261825562,Yes,False
9556,0.2930038571357727,No,False
9557,0.6854718923568726,Yes,False
9558,0.3482968509197235,No,False
9559,0.2545229196548462,No,False
9560,0.4560187757015228,No,False
9561,0.716639518737793,Yes,False
9562,0.41503000259399414,No,False
9563,0.7078657150268555,Yes,False
9564,0.29883265495300293,No,False
9565,0.7004492282867432,Yes,False
9566,0.6281594038009644,Yes,False
9567,0.9426446557044983,Yes,False
9568,0.6529145240783691,Yes,False
9569,0.8500747084617615,Yes,False
9570,0.6898089647293091,Yes,False
9571,0.9077017903327942,Yes,False
9572,0.5805737376213074,Yes,False
9573,0.8900127410888672,Yes,False
956,0.35933205485343933,No,False
957,0.3757295310497284,No,False
9576,0.5524896383285522,Yes,False
9577,0.8330574631690979,Yes,False
9578,0.6135010123252869,Yes,False
9579,0.6310312747955322,Yes,False
9580,0.3909136652946472,No,False
9581,0.6669469475746155,Yes,False
9582,0.40362536907196045,No,False
9583,0.7389218807220459,Yes,False
9584,0.31788721680641174,No,False
9585,0.6866053342819214,Yes,False
9586,0.5798972845077515,Yes,False
9587,0.8917226195335388,Yes,False
9588,0.5810405015945435,Yes,False
9589,0.7382680177688599,Yes,False
9590,0.6507644653320312,Yes,False
9591,0.8779098391532898,Yes,False
9592,0.641787052154541,Yes,False
9593,0.879392683506012,Yes,False
958,0.228628009557724,No,False
959,0.5812124609947205,Yes,False
9596,0.5529895424842834,Yes,False
9597,0.7948747873306274,Yes,False
9598,0.5704538226127625,Yes,False
9599,0.6090541481971741,Yes,False
