,premise,inference_A,inference_id_A,inference_B,inference_id_B,nonce_A,nonce_B,prompt_QA,prompt_A_YN,prompt_B_YN,rating_QA_A,rating_QA_B,rating_A_YN_Y,rating_A_YN_N,rating_B_YN_Y,rating_B_YN_N
0,"I find feps such as blickets, to be cute.",feps are instances of blickets.,38_8_instantiation_feps_such as_blickets_feps are instances of blickets._are,blickets are instances of feps.,38_8_instantiation_feps_such as_blickets_blickets are instances of feps._are,feps,blickets,"Given the following statement:
I find feps such as blickets, to be cute.

Produce a valid conclusion: ","Given the following statement:
I find feps such as blickets, to be cute.

Is it true that feps are instances of blickets? Answer yes or no: ","Given the following statement:
I find feps such as blickets, to be cute.

Is it true that blickets are instances of feps? Answer yes or no: ",-2.624282121658325,-2.935187578201294,-2.5437278747558594,-4.363765716552734,-2.4878616333007812,-4.180332183837891
1,"daxday happened. Hence, fepfestival happened.",daxday occured before fepfestival.,125_5_temporal_daxday_hence_fepfestival_daxday occured before fepfestival._before,fepfestival occured before daxday.,125_5_temporal_daxday_hence_fepfestival_fepfestival occured before daxday._before,daxday,fepfestival,"Given the following statement:
daxday happened. Hence, fepfestival happened.

Produce a valid conclusion: ","Given the following statement:
daxday happened. Hence, fepfestival happened.

Is it true that daxday occured before fepfestival? Answer yes or no: ","Given the following statement:
daxday happened. Hence, fepfestival happened.

Is it true that fepfestival occured before daxday? Answer yes or no: ",-1.8054810762405396,-1.7702218294143677,-2.2207469940185547,-4.170591354370117,-2.1459197998046875,-4.147239685058594
2,gekxtravaganza happened even before wugfest.,wugfest occured before gekxtravaganza.,91_1_temporal_wugfest_even before_gekxtravaganza_wugfest occured before gekxtravaganza._before,gekxtravaganza occured before wugfest.,91_1_temporal_wugfest_even before_gekxtravaganza_gekxtravaganza occured before wugfest._before,wugfest,gekxtravaganza,"Given the following statement:
gekxtravaganza happened even before wugfest.

Produce a valid conclusion: ","Given the following statement:
gekxtravaganza happened even before wugfest.

Is it true that wugfest occured before gekxtravaganza? Answer yes or no: ","Given the following statement:
gekxtravaganza happened even before wugfest.

Is it true that gekxtravaganza occured before wugfest? Answer yes or no: ",-0.9641357064247131,-0.907243013381958,-2.7679061889648438,-4.345525741577148,-2.5446300506591797,-4.17890739440918
3,"I love snowy winters. For instance, I prefer Daxburgh to Blicketland.",Daxburgh has snowy winters.,96_6_preference_Daxburgh_for instance_Blicketland_Daxburgh has snowy winters._love,Blicketland has snowy winters.,96_6_preference_Daxburgh_for instance_Blicketland_Blicketland has snowy winters._love,Daxburgh,Blicketland,"Given the following statement:
I love snowy winters. For instance, I prefer Daxburgh to Blicketland.

Produce a valid conclusion: ","Given the following statement:
I love snowy winters. For instance, I prefer Daxburgh to Blicketland.

Is it true that Daxburgh has snowy winters? Answer yes or no: ","Given the following statement:
I love snowy winters. For instance, I prefer Daxburgh to Blicketland.

Is it true that Blicketland has snowy winters? Answer yes or no: ",-1.5612903833389282,-1.4098559617996216,-2.9464035034179688,-4.419658660888672,-3.024415969848633,-4.23431396484375
4,"I hate snowy winters. As a result, I prefer Fepopolis to Blicketland.",Fepopolis has snowy winters.,26_6_preference_Fepopolis_as a result_Blicketland_Fepopolis has snowy winters._hate,Blicketland has snowy winters.,26_6_preference_Fepopolis_as a result_Blicketland_Blicketland has snowy winters._hate,Fepopolis,Blicketland,"Given the following statement:
I hate snowy winters. As a result, I prefer Fepopolis to Blicketland.

Produce a valid conclusion: ","Given the following statement:
I hate snowy winters. As a result, I prefer Fepopolis to Blicketland.

Is it true that Fepopolis has snowy winters? Answer yes or no: ","Given the following statement:
I hate snowy winters. As a result, I prefer Fepopolis to Blicketland.

Is it true that Blicketland has snowy winters? Answer yes or no: ",-0.989446759223938,-1.1188806295394897,-2.826263427734375,-4.695255279541016,-2.9491519927978516,-4.476705551147461
5,"I like wugs, for example, feps are nice.",wugs are instances of feps.,2_2_instantiation_wugs_for example_feps_wugs are instances of feps._are,feps are instances of wugs.,2_2_instantiation_wugs_for example_feps_feps are instances of wugs._are,wugs,feps,"Given the following statement:
I like wugs, for example, feps are nice.

Produce a valid conclusion: ","Given the following statement:
I like wugs, for example, feps are nice.

Is it true that wugs are instances of feps? Answer yes or no: ","Given the following statement:
I like wugs, for example, feps are nice.

Is it true that feps are instances of wugs? Answer yes or no: ",-1.5540804862976074,-1.4864881038665771,-2.045705795288086,-3.5345497131347656,-2.016328811645508,-3.479450225830078
6,"I prefer Daxburgh to Gektopia, although I love warm weather.",Daxburgh has warm weather.,8_8_preference_Daxburgh_although_Gektopia_Daxburgh has warm weather._love,Gektopia has warm weather.,8_8_preference_Daxburgh_although_Gektopia_Gektopia has warm weather._love,Daxburgh,Gektopia,"Given the following statement:
I prefer Daxburgh to Gektopia, although I love warm weather.

Produce a valid conclusion: ","Given the following statement:
I prefer Daxburgh to Gektopia, although I love warm weather.

Is it true that Daxburgh has warm weather? Answer yes or no: ","Given the following statement:
I prefer Daxburgh to Gektopia, although I love warm weather.

Is it true that Gektopia has warm weather? Answer yes or no: ",-1.5529459714889526,-1.2769628763198853,-2.7552318572998047,-4.532598495483398,-2.8570556640625,-4.413946151733398
7,"As much as I hate mammals, I prefer wugs to feps.",wugs are mammals.,32_2_preference_wugs_as much as_feps_wugs are mammals._hate,feps are mammals.,32_2_preference_wugs_as much as_feps_feps are mammals._hate,wugs,feps,"Given the following statement:
As much as I hate mammals, I prefer wugs to feps.

Produce a valid conclusion: ","Given the following statement:
As much as I hate mammals, I prefer wugs to feps.

Is it true that wugs are mammals? Answer yes or no: ","Given the following statement:
As much as I hate mammals, I prefer wugs to feps.

Is it true that feps are mammals? Answer yes or no: ",-1.307329535484314,-1.6531349420547485,-2.4948348999023438,-4.638216018676758,-2.423349380493164,-4.6517791748046875
8,"I like wugs, for example, blickets are nice.",wugs are instances of blickets.,3_3_instantiation_wugs_for example_blickets_wugs are instances of blickets._are,blickets are instances of wugs.,3_3_instantiation_wugs_for example_blickets_blickets are instances of wugs._are,wugs,blickets,"Given the following statement:
I like wugs, for example, blickets are nice.

Produce a valid conclusion: ","Given the following statement:
I like wugs, for example, blickets are nice.

Is it true that wugs are instances of blickets? Answer yes or no: ","Given the following statement:
I like wugs, for example, blickets are nice.

Is it true that blickets are instances of wugs? Answer yes or no: ",-1.5956616401672363,-1.793747067451477,-2.832162857055664,-4.147502899169922,-2.7582874298095703,-4.060634613037109
9,"wugfest happened. Subsequently, gekxtravaganza happened.",wugfest occured before gekxtravaganza.,196_6_temporal_wugfest_subsequently_gekxtravaganza_wugfest occured before gekxtravaganza._before,gekxtravaganza occured before wugfest.,196_6_temporal_wugfest_subsequently_gekxtravaganza_gekxtravaganza occured before wugfest._before,wugfest,gekxtravaganza,"Given the following statement:
wugfest happened. Subsequently, gekxtravaganza happened.

Produce a valid conclusion: ","Given the following statement:
wugfest happened. Subsequently, gekxtravaganza happened.

Is it true that wugfest occured before gekxtravaganza? Answer yes or no: ","Given the following statement:
wugfest happened. Subsequently, gekxtravaganza happened.

Is it true that gekxtravaganza occured before wugfest? Answer yes or no: ",-0.8138917684555054,-1.1978522539138794,-2.4600887298583984,-3.9392547607421875,-2.4041709899902344,-3.7284984588623047
10,"I love blue flowers. As a result, I prefer feps to blickets.",feps are blue flowers.,23_3_preference_feps_as a result_blickets_feps are blue flowers._love,blickets are blue flowers.,23_3_preference_feps_as a result_blickets_blickets are blue flowers._love,feps,blickets,"Given the following statement:
I love blue flowers. As a result, I prefer feps to blickets.

Produce a valid conclusion: ","Given the following statement:
I love blue flowers. As a result, I prefer feps to blickets.

Is it true that feps are blue flowers? Answer yes or no: ","Given the following statement:
I love blue flowers. As a result, I prefer feps to blickets.

Is it true that blickets are blue flowers? Answer yes or no: ",-1.512494444847107,-3.2103805541992188,-2.725475311279297,-4.452091217041016,-3.136016845703125,-4.350671768188477
11,"I love blue flowers. So, I prefer daxes to blickets.",daxes are blue flowers.,133_3_preference_daxes_so_blickets_daxes are blue flowers._love,blickets are blue flowers.,133_3_preference_daxes_so_blickets_blickets are blue flowers._love,daxes,blickets,"Given the following statement:
I love blue flowers. So, I prefer daxes to blickets.

Produce a valid conclusion: ","Given the following statement:
I love blue flowers. So, I prefer daxes to blickets.

Is it true that daxes are blue flowers? Answer yes or no: ","Given the following statement:
I love blue flowers. So, I prefer daxes to blickets.

Is it true that blickets are blue flowers? Answer yes or no: ",-1.464718222618103,-2.5686614513397217,-2.535074234008789,-4.586433410644531,-2.978483200073242,-4.438253402709961
12,"I prefer Wugsville to Gektopia, for I love skyscrapers.",Wugsville has skyscrapers.,80_10_preference_Wugsville_for_Gektopia_Wugsville has skyscrapers._love,Gektopia has skyscrapers.,80_10_preference_Wugsville_for_Gektopia_Gektopia has skyscrapers._love,Wugsville,Gektopia,"Given the following statement:
I prefer Wugsville to Gektopia, for I love skyscrapers.

Produce a valid conclusion: ","Given the following statement:
I prefer Wugsville to Gektopia, for I love skyscrapers.

Is it true that Wugsville has skyscrapers? Answer yes or no: ","Given the following statement:
I prefer Wugsville to Gektopia, for I love skyscrapers.

Is it true that Gektopia has skyscrapers? Answer yes or no: ",-0.9889433979988098,-1.4163010120391846,-2.6724777221679688,-4.625102996826172,-2.6692237854003906,-4.353752136230469
13,"I prefer Daxburgh to Fepopolis, for I hate living near mountains.",Daxburgh has mountains.,77_7_preference_Daxburgh_for_Fepopolis_Daxburgh has mountains._hate,Fepopolis has mountains.,77_7_preference_Daxburgh_for_Fepopolis_Fepopolis has mountains._hate,Daxburgh,Fepopolis,"Given the following statement:
I prefer Daxburgh to Fepopolis, for I hate living near mountains.

Produce a valid conclusion: ","Given the following statement:
I prefer Daxburgh to Fepopolis, for I hate living near mountains.

Is it true that Daxburgh has mountains? Answer yes or no: ","Given the following statement:
I prefer Daxburgh to Fepopolis, for I hate living near mountains.

Is it true that Fepopolis has mountains? Answer yes or no: ",-2.0945801734924316,-1.3434470891952515,-2.6426258087158203,-4.792171478271484,-2.709047317504883,-4.959020614624023
14,"Even though blicketbash had happened, wugfest happened.",wugfest occured before blicketbash.,106_6_temporal_wugfest_even though_blicketbash_wugfest occured before blicketbash._before,blicketbash occured before wugfest.,106_6_temporal_wugfest_even though_blicketbash_blicketbash occured before wugfest._before,wugfest,blicketbash,"Given the following statement:
Even though blicketbash had happened, wugfest happened.

Produce a valid conclusion: ","Given the following statement:
Even though blicketbash had happened, wugfest happened.

Is it true that wugfest occured before blicketbash? Answer yes or no: ","Given the following statement:
Even though blicketbash had happened, wugfest happened.

Is it true that blicketbash occured before wugfest? Answer yes or no: ",-1.416892409324646,-1.6481825113296509,-3.327585220336914,-4.573335647583008,-3.432748794555664,-4.584169387817383
15,"I hate skyscrapers. Thus, I prefer Wugsville to Gektopia.",Wugsville has skyscrapers.,170_10_preference_Wugsville_thus_Gektopia_Wugsville has skyscrapers._hate,Gektopia has skyscrapers.,170_10_preference_Wugsville_thus_Gektopia_Gektopia has skyscrapers._hate,Wugsville,Gektopia,"Given the following statement:
I hate skyscrapers. Thus, I prefer Wugsville to Gektopia.

Produce a valid conclusion: ","Given the following statement:
I hate skyscrapers. Thus, I prefer Wugsville to Gektopia.

Is it true that Wugsville has skyscrapers? Answer yes or no: ","Given the following statement:
I hate skyscrapers. Thus, I prefer Wugsville to Gektopia.

Is it true that Gektopia has skyscrapers? Answer yes or no: ",-1.5697253942489624,-1.9136253595352173,-2.734933853149414,-4.845417022705078,-2.720823287963867,-4.599372863769531
16,"I love living near mountains. So, I prefer Wugsville to Daxburgh.",Wugsville has mountains.,137_7_preference_Wugsville_so_Daxburgh_Wugsville has mountains._love,Daxburgh has mountains.,137_7_preference_Wugsville_so_Daxburgh_Daxburgh has mountains._love,Wugsville,Daxburgh,"Given the following statement:
I love living near mountains. So, I prefer Wugsville to Daxburgh.

Produce a valid conclusion: ","Given the following statement:
I love living near mountains. So, I prefer Wugsville to Daxburgh.

Is it true that Wugsville has mountains? Answer yes or no: ","Given the following statement:
I love living near mountains. So, I prefer Wugsville to Daxburgh.

Is it true that Daxburgh has mountains? Answer yes or no: ",-1.0986007452011108,-1.8532402515411377,-3.1486988067626953,-4.704488754272461,-3.084901809692383,-4.46806526184082
17,"I prefer Blicketland to Gektopia, although I hate snowy winters.",Blicketland has snowy winters.,6_6_preference_Blicketland_although_Gektopia_Blicketland has snowy winters._hate,Gektopia has snowy winters.,6_6_preference_Blicketland_although_Gektopia_Gektopia has snowy winters._hate,Blicketland,Gektopia,"Given the following statement:
I prefer Blicketland to Gektopia, although I hate snowy winters.

Produce a valid conclusion: ","Given the following statement:
I prefer Blicketland to Gektopia, although I hate snowy winters.

Is it true that Blicketland has snowy winters? Answer yes or no: ","Given the following statement:
I prefer Blicketland to Gektopia, although I hate snowy winters.

Is it true that Gektopia has snowy winters? Answer yes or no: ",-1.2044485807418823,-1.2956552505493164,-2.854990005493164,-4.297422409057617,-2.7991275787353516,-4.179838180541992
18,"I find daxes such as feps, to be awful.",daxes are instances of feps.,35_5_instantiation_daxes_such as_feps_daxes are instances of feps._are,feps are instances of daxes.,35_5_instantiation_daxes_such as_feps_feps are instances of daxes._are,daxes,feps,"Given the following statement:
I find daxes such as feps, to be awful.

Produce a valid conclusion: ","Given the following statement:
I find daxes such as feps, to be awful.

Is it true that daxes are instances of feps? Answer yes or no: ","Given the following statement:
I find daxes such as feps, to be awful.

Is it true that feps are instances of daxes? Answer yes or no: ",-1.9072787761688232,-1.9607040882110596,-1.9580554962158203,-4.396472930908203,-2.1282501220703125,-4.474555969238281
19,"I hate living near mountains. Therefore, I prefer Wugsville to Daxburgh.",Wugsville has mountains.,147_7_preference_Wugsville_therefore_Daxburgh_Wugsville has mountains._hate,Daxburgh has mountains.,147_7_preference_Wugsville_therefore_Daxburgh_Daxburgh has mountains._hate,Wugsville,Daxburgh,"Given the following statement:
I hate living near mountains. Therefore, I prefer Wugsville to Daxburgh.

Produce a valid conclusion: ","Given the following statement:
I hate living near mountains. Therefore, I prefer Wugsville to Daxburgh.

Is it true that Wugsville has mountains? Answer yes or no: ","Given the following statement:
I hate living near mountains. Therefore, I prefer Wugsville to Daxburgh.

Is it true that Daxburgh has mountains? Answer yes or no: ",-1.7811956405639648,-2.581364393234253,-2.9355735778808594,-4.877912521362305,-2.832469940185547,-4.674404144287109
20,"daxday happened. Thereafter, gekxtravaganza happened.",daxday occured after gekxtravaganza.,218_8_temporal_daxday_thereafter_gekxtravaganza_daxday occured after gekxtravaganza._after,gekxtravaganza occured after daxday.,218_8_temporal_daxday_thereafter_gekxtravaganza_gekxtravaganza occured after daxday._after,daxday,gekxtravaganza,"Given the following statement:
daxday happened. Thereafter, gekxtravaganza happened.

Produce a valid conclusion: ","Given the following statement:
daxday happened. Thereafter, gekxtravaganza happened.

Is it true that daxday occured after gekxtravaganza? Answer yes or no: ","Given the following statement:
daxday happened. Thereafter, gekxtravaganza happened.

Is it true that gekxtravaganza occured after daxday? Answer yes or no: ",-1.0896596908569336,-1.3659497499465942,-2.3540267944335938,-3.816732406616211,-2.29156494140625,-3.6852455139160156
21,"I prefer Daxburgh to Blicketland, since I hate coastal cities.",Daxburgh is a coastal city.,129_9_preference_Daxburgh_since_Blicketland_Daxburgh is a coastal city._hate,Blicketland is a coastal city.,129_9_preference_Daxburgh_since_Blicketland_Blicketland is a coastal city._hate,Daxburgh,Blicketland,"Given the following statement:
I prefer Daxburgh to Blicketland, since I hate coastal cities.

Produce a valid conclusion: ","Given the following statement:
I prefer Daxburgh to Blicketland, since I hate coastal cities.

Is it true that Daxburgh is a coastal city? Answer yes or no: ","Given the following statement:
I prefer Daxburgh to Blicketland, since I hate coastal cities.

Is it true that Blicketland is a coastal city? Answer yes or no: ",-1.1726281642913818,-0.9555568695068359,-2.537637710571289,-4.654420852661133,-2.5335121154785156,-4.3784332275390625
22,"I hate skyscrapers, nevertheless, I prefer Daxburgh to Gektopia.",Daxburgh has skyscrapers.,120_10_preference_Daxburgh_nevertheless_Gektopia_Daxburgh has skyscrapers._hate,Gektopia has skyscrapers.,120_10_preference_Daxburgh_nevertheless_Gektopia_Gektopia has skyscrapers._hate,Daxburgh,Gektopia,"Given the following statement:
I hate skyscrapers, nevertheless, I prefer Daxburgh to Gektopia.

Produce a valid conclusion: ","Given the following statement:
I hate skyscrapers, nevertheless, I prefer Daxburgh to Gektopia.

Is it true that Daxburgh has skyscrapers? Answer yes or no: ","Given the following statement:
I hate skyscrapers, nevertheless, I prefer Daxburgh to Gektopia.

Is it true that Gektopia has skyscrapers? Answer yes or no: ",-2.3013968467712402,-2.3612186908721924,-2.668020248413086,-4.374677658081055,-2.717578887939453,-4.34309196472168
23,"I prefer wugs to daxes, but I hate blue flowers.",wugs are blue flowers.,53_3_preference_wugs_but_daxes_wugs are blue flowers._hate,daxes are blue flowers.,53_3_preference_wugs_but_daxes_daxes are blue flowers._hate,wugs,daxes,"Given the following statement:
I prefer wugs to daxes, but I hate blue flowers.

Produce a valid conclusion: ","Given the following statement:
I prefer wugs to daxes, but I hate blue flowers.

Is it true that wugs are blue flowers? Answer yes or no: ","Given the following statement:
I prefer wugs to daxes, but I hate blue flowers.

Is it true that daxes are blue flowers? Answer yes or no: ",-1.2515395879745483,-1.3287620544433594,-2.7176856994628906,-4.543102264404297,-2.6885452270507812,-4.638702392578125
24,"Although I prefer wugs to geks, I hate fuzzy creatures.",wugs are fuzzy creatures.,1_1_preference_wugs_although_geks_wugs are fuzzy creatures._hate,geks are fuzzy creatures.,1_1_preference_wugs_although_geks_geks are fuzzy creatures._hate,wugs,geks,"Given the following statement:
Although I prefer wugs to geks, I hate fuzzy creatures.

Produce a valid conclusion: ","Given the following statement:
Although I prefer wugs to geks, I hate fuzzy creatures.

Is it true that wugs are fuzzy creatures? Answer yes or no: ","Given the following statement:
Although I prefer wugs to geks, I hate fuzzy creatures.

Is it true that geks are fuzzy creatures? Answer yes or no: ",-0.9943282008171082,-1.4765840768814087,-2.542247772216797,-4.625049591064453,-2.4687957763671875,-4.688266754150391
25,"I like feps, for instance, geks are nice.",feps are instances of geks.,19_9_instantiation_feps_for instance_geks_feps are instances of geks._are,geks are instances of feps.,19_9_instantiation_feps_for instance_geks_geks are instances of feps._are,feps,geks,"Given the following statement:
I like feps, for instance, geks are nice.

Produce a valid conclusion: ","Given the following statement:
I like feps, for instance, geks are nice.

Is it true that feps are instances of geks? Answer yes or no: ","Given the following statement:
I like feps, for instance, geks are nice.

Is it true that geks are instances of feps? Answer yes or no: ",-1.5536229610443115,-1.5120394229888916,-2.0565052032470703,-3.7798633575439453,-2.024578094482422,-3.8260955810546875
26,"I love insects. For example, I prefer wugs to feps.",wugs are insects.,85_5_preference_wugs_for example_feps_wugs are insects._love,feps are insects.,85_5_preference_wugs_for example_feps_feps are insects._love,wugs,feps,"Given the following statement:
I love insects. For example, I prefer wugs to feps.

Produce a valid conclusion: ","Given the following statement:
I love insects. For example, I prefer wugs to feps.

Is it true that wugs are insects? Answer yes or no: ","Given the following statement:
I love insects. For example, I prefer wugs to feps.

Is it true that feps are insects? Answer yes or no: ",-1.482640027999878,-1.7851539850234985,-2.3422775268554688,-4.31559944152832,-2.3538856506347656,-4.288455963134766
27,"wugfest happend. Earlier, daxday had happened.",wugfest occured before daxday.,77_7_temporal_wugfest_earlier_daxday_wugfest occured before daxday._before,daxday occured before wugfest.,77_7_temporal_wugfest_earlier_daxday_daxday occured before wugfest._before,wugfest,daxday,"Given the following statement:
wugfest happend. Earlier, daxday had happened.

Produce a valid conclusion: ","Given the following statement:
wugfest happend. Earlier, daxday had happened.

Is it true that wugfest occured before daxday? Answer yes or no: ","Given the following statement:
wugfest happend. Earlier, daxday had happened.

Is it true that daxday occured before wugfest? Answer yes or no: ",-1.1282879114151,-1.154349684715271,-2.5088939666748047,-4.257951736450195,-2.4993762969970703,-4.134311676025391
28,"I prefer Fepopolis to Blicketland, for I love snowy winters.",Fepopolis has snowy winters.,76_6_preference_Fepopolis_for_Blicketland_Fepopolis has snowy winters._love,Blicketland has snowy winters.,76_6_preference_Fepopolis_for_Blicketland_Blicketland has snowy winters._love,Fepopolis,Blicketland,"Given the following statement:
I prefer Fepopolis to Blicketland, for I love snowy winters.

Produce a valid conclusion: ","Given the following statement:
I prefer Fepopolis to Blicketland, for I love snowy winters.

Is it true that Fepopolis has snowy winters? Answer yes or no: ","Given the following statement:
I prefer Fepopolis to Blicketland, for I love snowy winters.

Is it true that Blicketland has snowy winters? Answer yes or no: ",-0.8755058646202087,-1.1509854793548584,-2.6374969482421875,-4.615427017211914,-2.807046890258789,-4.438209533691406
29,"I hate snowy winters. So, I prefer Daxburgh to Fepopolis.",Daxburgh has snowy winters.,136_6_preference_Daxburgh_so_Fepopolis_Daxburgh has snowy winters._hate,Fepopolis has snowy winters.,136_6_preference_Daxburgh_so_Fepopolis_Fepopolis has snowy winters._hate,Daxburgh,Fepopolis,"Given the following statement:
I hate snowy winters. So, I prefer Daxburgh to Fepopolis.

Produce a valid conclusion: ","Given the following statement:
I hate snowy winters. So, I prefer Daxburgh to Fepopolis.

Is it true that Daxburgh has snowy winters? Answer yes or no: ","Given the following statement:
I hate snowy winters. So, I prefer Daxburgh to Fepopolis.

Is it true that Fepopolis has snowy winters? Answer yes or no: ",-1.6720643043518066,-1.0091513395309448,-2.994091033935547,-4.683605194091797,-2.9844322204589844,-4.86286735534668
30,"I prefer feps to geks, since I love bass instruments.",feps are bass instruments.,124_4_preference_feps_since_geks_feps are bass instruments._love,geks are bass instruments.,124_4_preference_feps_since_geks_geks are bass instruments._love,feps,geks,"Given the following statement:
I prefer feps to geks, since I love bass instruments.

Produce a valid conclusion: ","Given the following statement:
I prefer feps to geks, since I love bass instruments.

Is it true that feps are bass instruments? Answer yes or no: ","Given the following statement:
I prefer feps to geks, since I love bass instruments.

Is it true that geks are bass instruments? Answer yes or no: ",-1.4671043157577515,-1.5887531042099,-2.197254180908203,-4.321098327636719,-2.3672733306884766,-4.4052734375
31,"I hate insects, even though I prefer daxes to feps.",daxes are insects.,65_5_preference_daxes_even though_feps_daxes are insects._hate,feps are insects.,65_5_preference_daxes_even though_feps_feps are insects._hate,daxes,feps,"Given the following statement:
I hate insects, even though I prefer daxes to feps.

Produce a valid conclusion: ","Given the following statement:
I hate insects, even though I prefer daxes to feps.

Is it true that daxes are insects? Answer yes or no: ","Given the following statement:
I hate insects, even though I prefer daxes to feps.

Is it true that feps are insects? Answer yes or no: ",-1.680978775024414,-1.8202743530273438,-2.256917953491211,-4.623651504516602,-2.406007766723633,-4.738771438598633
32,"I prefer blickets to geks, even though I hate fuzzy creatures.",blickets are fuzzy creatures.,61_1_preference_blickets_even though_geks_blickets are fuzzy creatures._hate,geks are fuzzy creatures.,61_1_preference_blickets_even though_geks_geks are fuzzy creatures._hate,blickets,geks,"Given the following statement:
I prefer blickets to geks, even though I hate fuzzy creatures.

Produce a valid conclusion: ","Given the following statement:
I prefer blickets to geks, even though I hate fuzzy creatures.

Is it true that blickets are fuzzy creatures? Answer yes or no: ","Given the following statement:
I prefer blickets to geks, even though I hate fuzzy creatures.

Is it true that geks are fuzzy creatures? Answer yes or no: ",-1.6644712686538696,-1.6781870126724243,-3.2741661071777344,-4.965791702270508,-3.0509262084960938,-5.093608856201172
33,"I hate coastal cities, yet I prefer Daxburgh to Fepopolis.",Daxburgh is a coastal city.,189_9_preference_Daxburgh_yet_Fepopolis_Daxburgh is a coastal city._hate,Fepopolis is a coastal city.,189_9_preference_Daxburgh_yet_Fepopolis_Fepopolis is a coastal city._hate,Daxburgh,Fepopolis,"Given the following statement:
I hate coastal cities, yet I prefer Daxburgh to Fepopolis.

Produce a valid conclusion: ","Given the following statement:
I hate coastal cities, yet I prefer Daxburgh to Fepopolis.

Is it true that Daxburgh is a coastal city? Answer yes or no: ","Given the following statement:
I hate coastal cities, yet I prefer Daxburgh to Fepopolis.

Is it true that Fepopolis is a coastal city? Answer yes or no: ",-1.037509799003601,-0.7323827743530273,-2.387453079223633,-4.609111785888672,-2.4916820526123047,-4.815446853637695
34,"I find daxes such as blickets, to be awful.",daxes are instances of blickets.,36_6_instantiation_daxes_such as_blickets_daxes are instances of blickets._are,blickets are instances of daxes.,36_6_instantiation_daxes_such as_blickets_blickets are instances of daxes._are,daxes,blickets,"Given the following statement:
I find daxes such as blickets, to be awful.

Produce a valid conclusion: ","Given the following statement:
I find daxes such as blickets, to be awful.

Is it true that daxes are instances of blickets? Answer yes or no: ","Given the following statement:
I find daxes such as blickets, to be awful.

Is it true that blickets are instances of daxes? Answer yes or no: ",-2.0751254558563232,-2.3039660453796387,-2.483121871948242,-4.54844856262207,-2.6174278259277344,-4.557111740112305
35,"I prefer Daxburgh to Gektopia, since I hate skyscrapers.",Daxburgh has skyscrapers.,130_10_preference_Daxburgh_since_Gektopia_Daxburgh has skyscrapers._hate,Gektopia has skyscrapers.,130_10_preference_Daxburgh_since_Gektopia_Gektopia has skyscrapers._hate,Daxburgh,Gektopia,"Given the following statement:
I prefer Daxburgh to Gektopia, since I hate skyscrapers.

Produce a valid conclusion: ","Given the following statement:
I prefer Daxburgh to Gektopia, since I hate skyscrapers.

Is it true that Daxburgh has skyscrapers? Answer yes or no: ","Given the following statement:
I prefer Daxburgh to Gektopia, since I hate skyscrapers.

Is it true that Gektopia has skyscrapers? Answer yes or no: ",-1.8254973888397217,-1.481435775756836,-2.6458396911621094,-4.394985198974609,-2.613016128540039,-4.32861328125
36,"I hate coastal cities, nevertheless, I prefer Fepopolis to Gektopia.",Fepopolis is a coastal city.,119_9_preference_Fepopolis_nevertheless_Gektopia_Fepopolis is a coastal city._hate,Gektopia is a coastal city.,119_9_preference_Fepopolis_nevertheless_Gektopia_Gektopia is a coastal city._hate,Fepopolis,Gektopia,"Given the following statement:
I hate coastal cities, nevertheless, I prefer Fepopolis to Gektopia.

Produce a valid conclusion: ","Given the following statement:
I hate coastal cities, nevertheless, I prefer Fepopolis to Gektopia.

Is it true that Fepopolis is a coastal city? Answer yes or no: ","Given the following statement:
I hate coastal cities, nevertheless, I prefer Fepopolis to Gektopia.

Is it true that Gektopia is a coastal city? Answer yes or no: ",-0.8877167701721191,-1.4315885305404663,-2.5934200286865234,-4.984546661376953,-2.653461456298828,-4.815132141113281
37,"wugfest happened. Then, daxday happened.",wugfest occured before daxday.,204_4_temporal_wugfest_then_daxday_wugfest occured before daxday._before,daxday occured before wugfest.,204_4_temporal_wugfest_then_daxday_daxday occured before wugfest._before,wugfest,daxday,"Given the following statement:
wugfest happened. Then, daxday happened.

Produce a valid conclusion: ","Given the following statement:
wugfest happened. Then, daxday happened.

Is it true that wugfest occured before daxday? Answer yes or no: ","Given the following statement:
wugfest happened. Then, daxday happened.

Is it true that daxday occured before wugfest? Answer yes or no: ",-1.2134543657302856,-1.313060998916626,-2.4666061401367188,-4.283929824829102,-2.3775997161865234,-4.140657424926758
38,daxday happened as a result of wugfest.,wugfest occured after daxday.,38_8_temporal_wugfest_as a result_daxday_wugfest occured after daxday._after,daxday occured after wugfest.,38_8_temporal_wugfest_as a result_daxday_daxday occured after wugfest._after,wugfest,daxday,"Given the following statement:
daxday happened as a result of wugfest.

Produce a valid conclusion: ","Given the following statement:
daxday happened as a result of wugfest.

Is it true that wugfest occured after daxday? Answer yes or no: ","Given the following statement:
daxday happened as a result of wugfest.

Is it true that daxday occured after wugfest? Answer yes or no: ",-1.5633807182312012,-1.3498796224594116,-2.493600845336914,-4.24371337890625,-2.408662796020508,-4.185052871704102
39,"I hate warm weather. So, I prefer Fepopolis to Blicketland.",Fepopolis has warm weather.,138_8_preference_Fepopolis_so_Blicketland_Fepopolis has warm weather._hate,Blicketland has warm weather.,138_8_preference_Fepopolis_so_Blicketland_Blicketland has warm weather._hate,Fepopolis,Blicketland,"Given the following statement:
I hate warm weather. So, I prefer Fepopolis to Blicketland.

Produce a valid conclusion: ","Given the following statement:
I hate warm weather. So, I prefer Fepopolis to Blicketland.

Is it true that Fepopolis has warm weather? Answer yes or no: ","Given the following statement:
I hate warm weather. So, I prefer Fepopolis to Blicketland.

Is it true that Blicketland has warm weather? Answer yes or no: ",-1.053680419921875,-1.2394378185272217,-3.024761199951172,-5.01215934753418,-3.165557861328125,-4.75819206237793
40,"I love blue flowers. For instance, I prefer daxes to geks.",daxes are blue flowers.,93_3_preference_daxes_for instance_geks_daxes are blue flowers._love,geks are blue flowers.,93_3_preference_daxes_for instance_geks_geks are blue flowers._love,daxes,geks,"Given the following statement:
I love blue flowers. For instance, I prefer daxes to geks.

Produce a valid conclusion: ","Given the following statement:
I love blue flowers. For instance, I prefer daxes to geks.

Is it true that daxes are blue flowers? Answer yes or no: ","Given the following statement:
I love blue flowers. For instance, I prefer daxes to geks.

Is it true that geks are blue flowers? Answer yes or no: ",-1.3004499673843384,-1.615902304649353,-2.4566287994384766,-4.290510177612305,-2.693422317504883,-4.280143737792969
41,"I prefer wugs to geks, as I hate blue flowers.",wugs are blue flowers.,13_3_preference_wugs_as_geks_wugs are blue flowers._hate,geks are blue flowers.,13_3_preference_wugs_as_geks_geks are blue flowers._hate,wugs,geks,"Given the following statement:
I prefer wugs to geks, as I hate blue flowers.

Produce a valid conclusion: ","Given the following statement:
I prefer wugs to geks, as I hate blue flowers.

Is it true that wugs are blue flowers? Answer yes or no: ","Given the following statement:
I prefer wugs to geks, as I hate blue flowers.

Is it true that geks are blue flowers? Answer yes or no: ",-1.1322288513183594,-1.3328990936279297,-2.6275482177734375,-4.472909927368164,-2.674600601196289,-4.507045745849609
42,"I hate daxes, for instance, feps are awful.",daxes are instances of feps.,15_5_instantiation_daxes_for instance_feps_daxes are instances of feps._are,feps are instances of daxes.,15_5_instantiation_daxes_for instance_feps_feps are instances of daxes._are,daxes,feps,"Given the following statement:
I hate daxes, for instance, feps are awful.

Produce a valid conclusion: ","Given the following statement:
I hate daxes, for instance, feps are awful.

Is it true that daxes are instances of feps? Answer yes or no: ","Given the following statement:
I hate daxes, for instance, feps are awful.

Is it true that feps are instances of daxes? Answer yes or no: ",-1.3940508365631104,-1.3161554336547852,-1.9733352661132812,-3.9247093200683594,-2.0620365142822266,-3.8703746795654297
43,"I love skyscrapers. So, I prefer Wugsville to Blicketland.",Wugsville has skyscrapers.,140_10_preference_Wugsville_so_Blicketland_Wugsville has skyscrapers._love,Blicketland has skyscrapers.,140_10_preference_Wugsville_so_Blicketland_Blicketland has skyscrapers._love,Wugsville,Blicketland,"Given the following statement:
I love skyscrapers. So, I prefer Wugsville to Blicketland.

Produce a valid conclusion: ","Given the following statement:
I love skyscrapers. So, I prefer Wugsville to Blicketland.

Is it true that Wugsville has skyscrapers? Answer yes or no: ","Given the following statement:
I love skyscrapers. So, I prefer Wugsville to Blicketland.

Is it true that Blicketland has skyscrapers? Answer yes or no: ",-1.1517853736877441,-1.3157272338867188,-2.990163803100586,-4.638469696044922,-2.966381072998047,-4.220075607299805
44,"I find wugs, in particular, geks to be cute.",wugs are instances of geks.,24_4_instantiation_wugs_in particular_geks_wugs are instances of geks._are,geks are instances of wugs.,24_4_instantiation_wugs_in particular_geks_geks are instances of wugs._are,wugs,geks,"Given the following statement:
I find wugs, in particular, geks to be cute.

Produce a valid conclusion: ","Given the following statement:
I find wugs, in particular, geks to be cute.

Is it true that wugs are instances of geks? Answer yes or no: ","Given the following statement:
I find wugs, in particular, geks to be cute.

Is it true that geks are instances of wugs? Answer yes or no: ",-2.3134706020355225,-2.3866424560546875,-2.472616195678711,-4.265636444091797,-2.5071372985839844,-4.271942138671875
45,"I hate warm weather. For instance, I prefer Wugsville to Fepopolis.",Wugsville has warm weather.,98_8_preference_Wugsville_for instance_Fepopolis_Wugsville has warm weather._hate,Fepopolis has warm weather.,98_8_preference_Wugsville_for instance_Fepopolis_Fepopolis has warm weather._hate,Wugsville,Fepopolis,"Given the following statement:
I hate warm weather. For instance, I prefer Wugsville to Fepopolis.

Produce a valid conclusion: ","Given the following statement:
I hate warm weather. For instance, I prefer Wugsville to Fepopolis.

Is it true that Wugsville has warm weather? Answer yes or no: ","Given the following statement:
I hate warm weather. For instance, I prefer Wugsville to Fepopolis.

Is it true that Fepopolis has warm weather? Answer yes or no: ",-1.2567304372787476,-1.019553780555725,-2.758190155029297,-4.824016571044922,-2.743408203125,-4.772527694702148
46,"daxday happened. Previously, gekxtravaganza happened.",daxday occured after gekxtravaganza.,166_6_temporal_daxday_previously_gekxtravaganza_daxday occured after gekxtravaganza._after,gekxtravaganza occured after daxday.,166_6_temporal_daxday_previously_gekxtravaganza_gekxtravaganza occured after daxday._after,daxday,gekxtravaganza,"Given the following statement:
daxday happened. Previously, gekxtravaganza happened.

Produce a valid conclusion: ","Given the following statement:
daxday happened. Previously, gekxtravaganza happened.

Is it true that daxday occured after gekxtravaganza? Answer yes or no: ","Given the following statement:
daxday happened. Previously, gekxtravaganza happened.

Is it true that gekxtravaganza occured after daxday? Answer yes or no: ",-1.1278183460235596,-1.3644113540649414,-2.541513442993164,-3.788351058959961,-2.5184268951416016,-3.6615753173828125
47,"I prefer Wugsville to Fepopolis, as I love skyscrapers.",Wugsville has skyscrapers.,20_10_preference_Wugsville_as_Fepopolis_Wugsville has skyscrapers._love,Fepopolis has skyscrapers.,20_10_preference_Wugsville_as_Fepopolis_Fepopolis has skyscrapers._love,Wugsville,Fepopolis,"Given the following statement:
I prefer Wugsville to Fepopolis, as I love skyscrapers.

Produce a valid conclusion: ","Given the following statement:
I prefer Wugsville to Fepopolis, as I love skyscrapers.

Is it true that Wugsville has skyscrapers? Answer yes or no: ","Given the following statement:
I prefer Wugsville to Fepopolis, as I love skyscrapers.

Is it true that Fepopolis has skyscrapers? Answer yes or no: ",-1.0021578073501587,-1.0840378999710083,-2.569559097290039,-4.715391159057617,-2.5387020111083984,-4.641862869262695
48,"I prefer Wugsville to Daxburgh, but I hate living near mountains.",Wugsville has mountains.,57_7_preference_Wugsville_but_Daxburgh_Wugsville has mountains._hate,Daxburgh has mountains.,57_7_preference_Wugsville_but_Daxburgh_Daxburgh has mountains._hate,Wugsville,Daxburgh,"Given the following statement:
I prefer Wugsville to Daxburgh, but I hate living near mountains.

Produce a valid conclusion: ","Given the following statement:
I prefer Wugsville to Daxburgh, but I hate living near mountains.

Is it true that Wugsville has mountains? Answer yes or no: ","Given the following statement:
I prefer Wugsville to Daxburgh, but I hate living near mountains.

Is it true that Daxburgh has mountains? Answer yes or no: ",-1.3250068426132202,-2.1373233795166016,-2.8631954193115234,-4.693572998046875,-2.777284622192383,-4.545806884765625
49,"fepfestival happened. Then, blicketbash happened.",fepfestival occured before blicketbash.,205_5_temporal_fepfestival_then_blicketbash_fepfestival occured before blicketbash._before,blicketbash occured before fepfestival.,205_5_temporal_fepfestival_then_blicketbash_blicketbash occured before fepfestival._before,fepfestival,blicketbash,"Given the following statement:
fepfestival happened. Then, blicketbash happened.

Produce a valid conclusion: ","Given the following statement:
fepfestival happened. Then, blicketbash happened.

Is it true that fepfestival occured before blicketbash? Answer yes or no: ","Given the following statement:
fepfestival happened. Then, blicketbash happened.

Is it true that blicketbash occured before fepfestival? Answer yes or no: ",-1.3253060579299927,-2.228199005126953,-3.205728530883789,-4.384866714477539,-3.1982994079589844,-4.256986618041992
50,"I hate insects. So, I prefer wugs to daxes.",wugs are insects.,135_5_preference_wugs_so_daxes_wugs are insects._hate,daxes are insects.,135_5_preference_wugs_so_daxes_daxes are insects._hate,wugs,daxes,"Given the following statement:
I hate insects. So, I prefer wugs to daxes.

Produce a valid conclusion: ","Given the following statement:
I hate insects. So, I prefer wugs to daxes.

Is it true that wugs are insects? Answer yes or no: ","Given the following statement:
I hate insects. So, I prefer wugs to daxes.

Is it true that daxes are insects? Answer yes or no: ",-1.275655746459961,-1.4586788415908813,-2.482095718383789,-4.700962066650391,-2.3118457794189453,-4.6209869384765625
51,"fepfestival happened. Consequently, blicketbash happened.",fepfestival occured after blicketbash.,68_8_temporal_fepfestival_consequently_blicketbash_fepfestival occured after blicketbash._after,blicketbash occured after fepfestival.,68_8_temporal_fepfestival_consequently_blicketbash_blicketbash occured after fepfestival._after,fepfestival,blicketbash,"Given the following statement:
fepfestival happened. Consequently, blicketbash happened.

Produce a valid conclusion: ","Given the following statement:
fepfestival happened. Consequently, blicketbash happened.

Is it true that fepfestival occured after blicketbash? Answer yes or no: ","Given the following statement:
fepfestival happened. Consequently, blicketbash happened.

Is it true that blicketbash occured after fepfestival? Answer yes or no: ",-1.5473073720932007,-2.5621073246002197,-2.7878379821777344,-4.106203079223633,-2.758024215698242,-3.959259033203125
52,"After gekxtravaganza, fepfestival happened.",fepfestival occured after gekxtravaganza.,10_10_temporal_fepfestival_after_gekxtravaganza_fepfestival occured after gekxtravaganza._after,gekxtravaganza occured after fepfestival.,10_10_temporal_fepfestival_after_gekxtravaganza_gekxtravaganza occured after fepfestival._after,fepfestival,gekxtravaganza,"Given the following statement:
After gekxtravaganza, fepfestival happened.

Produce a valid conclusion: ","Given the following statement:
After gekxtravaganza, fepfestival happened.

Is it true that fepfestival occured after gekxtravaganza? Answer yes or no: ","Given the following statement:
After gekxtravaganza, fepfestival happened.

Is it true that gekxtravaganza occured after fepfestival? Answer yes or no: ",-0.9805796146392822,-1.5069360733032227,-2.1062679290771484,-4.214931488037109,-2.172809600830078,-4.142328262329102
53,"I hate insects, but I prefer daxes to geks.",daxes are insects.,55_5_preference_daxes_but_geks_daxes are insects._hate,geks are insects.,55_5_preference_daxes_but_geks_geks are insects._hate,daxes,geks,"Given the following statement:
I hate insects, but I prefer daxes to geks.

Produce a valid conclusion: ","Given the following statement:
I hate insects, but I prefer daxes to geks.

Is it true that daxes are insects? Answer yes or no: ","Given the following statement:
I hate insects, but I prefer daxes to geks.

Is it true that geks are insects? Answer yes or no: ",-1.648017168045044,-1.9810810089111328,-2.398294448852539,-4.696638107299805,-2.617300033569336,-4.786153793334961
54,"I find blickets such as geks, to be cute.",blickets are instances of geks.,40_10_instantiation_blickets_such as_geks_blickets are instances of geks._are,geks are instances of blickets.,40_10_instantiation_blickets_such as_geks_geks are instances of blickets._are,blickets,geks,"Given the following statement:
I find blickets such as geks, to be cute.

Produce a valid conclusion: ","Given the following statement:
I find blickets such as geks, to be cute.

Is it true that blickets are instances of geks? Answer yes or no: ","Given the following statement:
I find blickets such as geks, to be cute.

Is it true that geks are instances of blickets? Answer yes or no: ",-2.6515235900878906,-2.450871467590332,-2.6103897094726562,-4.254932403564453,-2.661306381225586,-4.482748031616211
55,"I find daxes, in particular, blickets to be cute.",daxes are instances of blickets.,26_6_instantiation_daxes_in particular_blickets_daxes are instances of blickets._are,blickets are instances of daxes.,26_6_instantiation_daxes_in particular_blickets_blickets are instances of daxes._are,daxes,blickets,"Given the following statement:
I find daxes, in particular, blickets to be cute.

Produce a valid conclusion: ","Given the following statement:
I find daxes, in particular, blickets to be cute.

Is it true that daxes are instances of blickets? Answer yes or no: ","Given the following statement:
I find daxes, in particular, blickets to be cute.

Is it true that blickets are instances of daxes? Answer yes or no: ",-2.1870150566101074,-2.4431869983673096,-2.3389434814453125,-4.396339416503906,-2.437612533569336,-4.27220344543457
56,"I prefer daxes to blickets, though I love bass instruments.",daxes are bass instruments.,154_4_preference_daxes_though_blickets_daxes are bass instruments._love,blickets are bass instruments.,154_4_preference_daxes_though_blickets_blickets are bass instruments._love,daxes,blickets,"Given the following statement:
I prefer daxes to blickets, though I love bass instruments.

Produce a valid conclusion: ","Given the following statement:
I prefer daxes to blickets, though I love bass instruments.

Is it true that daxes are bass instruments? Answer yes or no: ","Given the following statement:
I prefer daxes to blickets, though I love bass instruments.

Is it true that blickets are bass instruments? Answer yes or no: ",-1.3234208822250366,-2.612677574157715,-2.2834224700927734,-4.814788818359375,-2.415243148803711,-4.462568283081055
57,"I love fuzzy creatures. As a result, I prefer wugs to feps.",wugs are fuzzy creatures.,21_1_preference_wugs_as a result_feps_wugs are fuzzy creatures._love,feps are fuzzy creatures.,21_1_preference_wugs_as a result_feps_feps are fuzzy creatures._love,wugs,feps,"Given the following statement:
I love fuzzy creatures. As a result, I prefer wugs to feps.

Produce a valid conclusion: ","Given the following statement:
I love fuzzy creatures. As a result, I prefer wugs to feps.

Is it true that wugs are fuzzy creatures? Answer yes or no: ","Given the following statement:
I love fuzzy creatures. As a result, I prefer wugs to feps.

Is it true that feps are fuzzy creatures? Answer yes or no: ",-1.0402469635009766,-1.220746397972107,-2.8490257263183594,-4.578298568725586,-2.7336082458496094,-4.5035858154296875
58,"As much as I love fuzzy creatures, I prefer daxes to geks.",daxes are fuzzy creatures.,31_1_preference_daxes_as much as_geks_daxes are fuzzy creatures._love,geks are fuzzy creatures.,31_1_preference_daxes_as much as_geks_geks are fuzzy creatures._love,daxes,geks,"Given the following statement:
As much as I love fuzzy creatures, I prefer daxes to geks.

Produce a valid conclusion: ","Given the following statement:
As much as I love fuzzy creatures, I prefer daxes to geks.

Is it true that daxes are fuzzy creatures? Answer yes or no: ","Given the following statement:
As much as I love fuzzy creatures, I prefer daxes to geks.

Is it true that geks are fuzzy creatures? Answer yes or no: ",-1.5253461599349976,-1.6866315603256226,-2.4091358184814453,-4.8281097412109375,-2.706951141357422,-4.806400299072266
59,"I prefer Wugsville to Fepopolis, however, I hate skyscrapers.",Wugsville has skyscrapers.,110_10_preference_Wugsville_however_Fepopolis_Wugsville has skyscrapers._hate,Fepopolis has skyscrapers.,110_10_preference_Wugsville_however_Fepopolis_Fepopolis has skyscrapers._hate,Wugsville,Fepopolis,"Given the following statement:
I prefer Wugsville to Fepopolis, however, I hate skyscrapers.

Produce a valid conclusion: ","Given the following statement:
I prefer Wugsville to Fepopolis, however, I hate skyscrapers.

Is it true that Wugsville has skyscrapers? Answer yes or no: ","Given the following statement:
I prefer Wugsville to Fepopolis, however, I hate skyscrapers.

Is it true that Fepopolis has skyscrapers? Answer yes or no: ",-1.0973650217056274,-1.289544939994812,-2.5380477905273438,-4.79896354675293,-2.543203353881836,-4.760995864868164
60,"I prefer wugs to feps, however, I hate bass instruments.",wugs are bass instruments.,104_4_preference_wugs_however_feps_wugs are bass instruments._hate,feps are bass instruments.,104_4_preference_wugs_however_feps_feps are bass instruments._hate,wugs,feps,"Given the following statement:
I prefer wugs to feps, however, I hate bass instruments.

Produce a valid conclusion: ","Given the following statement:
I prefer wugs to feps, however, I hate bass instruments.

Is it true that wugs are bass instruments? Answer yes or no: ","Given the following statement:
I prefer wugs to feps, however, I hate bass instruments.

Is it true that feps are bass instruments? Answer yes or no: ",-1.1726633310317993,-1.849465012550354,-2.4247703552246094,-4.424190521240234,-2.3845882415771484,-4.403581619262695
61,"wugfest happened. Consequently, fepfestival happened.",wugfest occured before fepfestival.,64_4_temporal_wugfest_consequently_fepfestival_wugfest occured before fepfestival._before,fepfestival occured before wugfest.,64_4_temporal_wugfest_consequently_fepfestival_fepfestival occured before wugfest._before,wugfest,fepfestival,"Given the following statement:
wugfest happened. Consequently, fepfestival happened.

Produce a valid conclusion: ","Given the following statement:
wugfest happened. Consequently, fepfestival happened.

Is it true that wugfest occured before fepfestival? Answer yes or no: ","Given the following statement:
wugfest happened. Consequently, fepfestival happened.

Is it true that fepfestival occured before wugfest? Answer yes or no: ",-1.3342069387435913,-1.4459757804870605,-2.4190006256103516,-4.189546585083008,-2.2976932525634766,-4.031057357788086
62,"I hate living near mountains, yet I prefer Fepopolis to Gektopia.",Fepopolis has mountains.,187_7_preference_Fepopolis_yet_Gektopia_Fepopolis has mountains._hate,Gektopia has mountains.,187_7_preference_Fepopolis_yet_Gektopia_Gektopia has mountains._hate,Fepopolis,Gektopia,"Given the following statement:
I hate living near mountains, yet I prefer Fepopolis to Gektopia.

Produce a valid conclusion: ","Given the following statement:
I hate living near mountains, yet I prefer Fepopolis to Gektopia.

Is it true that Fepopolis has mountains? Answer yes or no: ","Given the following statement:
I hate living near mountains, yet I prefer Fepopolis to Gektopia.

Is it true that Gektopia has mountains? Answer yes or no: ",-1.4247745275497437,-1.99333918094635,-2.827983856201172,-4.914058685302734,-2.838756561279297,-4.766151428222656
63,"I hate feps, for example, geks are awful.",feps are instances of geks.,9_9_instantiation_feps_for example_geks_feps are instances of geks._are,geks are instances of feps.,9_9_instantiation_feps_for example_geks_geks are instances of feps._are,feps,geks,"Given the following statement:
I hate feps, for example, geks are awful.

Produce a valid conclusion: ","Given the following statement:
I hate feps, for example, geks are awful.

Is it true that feps are instances of geks? Answer yes or no: ","Given the following statement:
I hate feps, for example, geks are awful.

Is it true that geks are instances of feps? Answer yes or no: ",-1.8498256206512451,-1.8664371967315674,-2.1741371154785156,-3.9262313842773438,-2.1488590240478516,-3.9678211212158203
64,"I find wugs such as geks, to be cute.",wugs are instances of geks.,34_4_instantiation_wugs_such as_geks_wugs are instances of geks._are,geks are instances of wugs.,34_4_instantiation_wugs_such as_geks_geks are instances of wugs._are,wugs,geks,"Given the following statement:
I find wugs such as geks, to be cute.

Produce a valid conclusion: ","Given the following statement:
I find wugs such as geks, to be cute.

Is it true that wugs are instances of geks? Answer yes or no: ","Given the following statement:
I find wugs such as geks, to be cute.

Is it true that geks are instances of wugs? Answer yes or no: ",-2.3143136501312256,-2.4183311462402344,-2.5661754608154297,-4.446357727050781,-2.593181610107422,-4.441991806030273
65,"I love snowy winters, but I prefer Daxburgh to Blicketland.",Daxburgh has snowy winters.,56_6_preference_Daxburgh_but_Blicketland_Daxburgh has snowy winters._love,Blicketland has snowy winters.,56_6_preference_Daxburgh_but_Blicketland_Blicketland has snowy winters._love,Daxburgh,Blicketland,"Given the following statement:
I love snowy winters, but I prefer Daxburgh to Blicketland.

Produce a valid conclusion: ","Given the following statement:
I love snowy winters, but I prefer Daxburgh to Blicketland.

Is it true that Daxburgh has snowy winters? Answer yes or no: ","Given the following statement:
I love snowy winters, but I prefer Daxburgh to Blicketland.

Is it true that Blicketland has snowy winters? Answer yes or no: ",-1.84675133228302,-1.3242511749267578,-3.1164798736572266,-4.50200080871582,-3.2049713134765625,-4.254467010498047
66,"Though I love fuzzy creatures, I prefer wugs to feps.",wugs are fuzzy creatures.,151_1_preference_wugs_though_feps_wugs are fuzzy creatures._love,feps are fuzzy creatures.,151_1_preference_wugs_though_feps_feps are fuzzy creatures._love,wugs,feps,"Given the following statement:
Though I love fuzzy creatures, I prefer wugs to feps.

Produce a valid conclusion: ","Given the following statement:
Though I love fuzzy creatures, I prefer wugs to feps.

Is it true that wugs are fuzzy creatures? Answer yes or no: ","Given the following statement:
Though I love fuzzy creatures, I prefer wugs to feps.

Is it true that feps are fuzzy creatures? Answer yes or no: ",-1.1216601133346558,-1.3223196268081665,-2.7170028686523438,-4.7581939697265625,-2.5709800720214844,-4.615333557128906
67,"I love skyscrapers. Therefore, I prefer Daxburgh to Gektopia.",Daxburgh has skyscrapers.,150_10_preference_Daxburgh_therefore_Gektopia_Daxburgh has skyscrapers._love,Gektopia has skyscrapers.,150_10_preference_Daxburgh_therefore_Gektopia_Gektopia has skyscrapers._love,Daxburgh,Gektopia,"Given the following statement:
I love skyscrapers. Therefore, I prefer Daxburgh to Gektopia.

Produce a valid conclusion: ","Given the following statement:
I love skyscrapers. Therefore, I prefer Daxburgh to Gektopia.

Is it true that Daxburgh has skyscrapers? Answer yes or no: ","Given the following statement:
I love skyscrapers. Therefore, I prefer Daxburgh to Gektopia.

Is it true that Gektopia has skyscrapers? Answer yes or no: ",-2.3255057334899902,-2.4252853393554688,-2.8187313079833984,-4.60966682434082,-2.884012222290039,-4.470296859741211
68,"daxday happened. As a result, fepfestival happened.",daxday occured after fepfestival.,39_9_temporal_daxday_as a result_fepfestival_daxday occured after fepfestival._after,fepfestival occured after daxday.,39_9_temporal_daxday_as a result_fepfestival_fepfestival occured after daxday._after,daxday,fepfestival,"Given the following statement:
daxday happened. As a result, fepfestival happened.

Produce a valid conclusion: ","Given the following statement:
daxday happened. As a result, fepfestival happened.

Is it true that daxday occured after fepfestival? Answer yes or no: ","Given the following statement:
daxday happened. As a result, fepfestival happened.

Is it true that fepfestival occured after daxday? Answer yes or no: ",-1.8005878925323486,-1.702895998954773,-2.222318649291992,-3.903413772583008,-2.084745407104492,-3.840475082397461
69,"While I prefer Fepopolis to Blicketland, I hate warm weather.",Fepopolis has warm weather.,178_8_preference_Fepopolis_while_Blicketland_Fepopolis has warm weather._hate,Blicketland has warm weather.,178_8_preference_Fepopolis_while_Blicketland_Blicketland has warm weather._hate,Fepopolis,Blicketland,"Given the following statement:
While I prefer Fepopolis to Blicketland, I hate warm weather.

Produce a valid conclusion: ","Given the following statement:
While I prefer Fepopolis to Blicketland, I hate warm weather.

Is it true that Fepopolis has warm weather? Answer yes or no: ","Given the following statement:
While I prefer Fepopolis to Blicketland, I hate warm weather.

Is it true that Blicketland has warm weather? Answer yes or no: ",-1.165453553199768,-1.421986699104309,-2.923410415649414,-4.89329719543457,-3.1654129028320312,-4.6931915283203125
70,"I hate coastal cities. For example, I prefer Fepopolis to Gektopia.",Fepopolis is a coastal city.,89_9_preference_Fepopolis_for example_Gektopia_Fepopolis is a coastal city._hate,Gektopia is a coastal city.,89_9_preference_Fepopolis_for example_Gektopia_Gektopia is a coastal city._hate,Fepopolis,Gektopia,"Given the following statement:
I hate coastal cities. For example, I prefer Fepopolis to Gektopia.

Produce a valid conclusion: ","Given the following statement:
I hate coastal cities. For example, I prefer Fepopolis to Gektopia.

Is it true that Fepopolis is a coastal city? Answer yes or no: ","Given the following statement:
I hate coastal cities. For example, I prefer Fepopolis to Gektopia.

Is it true that Gektopia is a coastal city? Answer yes or no: ",-0.6517658233642578,-0.9689881205558777,-2.551694869995117,-4.725496292114258,-2.601165771484375,-4.579399108886719
71,"I hate blue flowers. For example, I prefer blickets to geks.",blickets are blue flowers.,83_3_preference_blickets_for example_geks_blickets are blue flowers._hate,geks are blue flowers.,83_3_preference_blickets_for example_geks_geks are blue flowers._hate,blickets,geks,"Given the following statement:
I hate blue flowers. For example, I prefer blickets to geks.

Produce a valid conclusion: ","Given the following statement:
I hate blue flowers. For example, I prefer blickets to geks.

Is it true that blickets are blue flowers? Answer yes or no: ","Given the following statement:
I hate blue flowers. For example, I prefer blickets to geks.

Is it true that geks are blue flowers? Answer yes or no: ",-2.043889284133911,-1.9275718927383423,-3.353679656982422,-4.454111099243164,-3.137239456176758,-4.599821090698242
72,daxday happened before fepfestival.,daxday occured after fepfestival.,59_9_temporal_daxday_before_fepfestival_daxday occured after fepfestival._after,fepfestival occured after daxday.,59_9_temporal_daxday_before_fepfestival_fepfestival occured after daxday._after,daxday,fepfestival,"Given the following statement:
daxday happened before fepfestival.

Produce a valid conclusion: ","Given the following statement:
daxday happened before fepfestival.

Is it true that daxday occured after fepfestival? Answer yes or no: ","Given the following statement:
daxday happened before fepfestival.

Is it true that fepfestival occured after daxday? Answer yes or no: ",-1.2492120265960693,-1.2381185293197632,-2.7220535278320312,-4.296747207641602,-2.626890182495117,-4.293975830078125
73,"I find daxes, in particular, feps to be cute.",daxes are instances of feps.,25_5_instantiation_daxes_in particular_feps_daxes are instances of feps._are,feps are instances of daxes.,25_5_instantiation_daxes_in particular_feps_feps are instances of daxes._are,daxes,feps,"Given the following statement:
I find daxes, in particular, feps to be cute.

Produce a valid conclusion: ","Given the following statement:
I find daxes, in particular, feps to be cute.

Is it true that daxes are instances of feps? Answer yes or no: ","Given the following statement:
I find daxes, in particular, feps to be cute.

Is it true that feps are instances of daxes? Answer yes or no: ",-2.298295497894287,-2.347403049468994,-1.837453842163086,-4.215890884399414,-1.9358539581298828,-4.216548919677734
74,"I hate living near mountains. As a result, I prefer Fepopolis to Gektopia.",Fepopolis has mountains.,27_7_preference_Fepopolis_as a result_Gektopia_Fepopolis has mountains._hate,Gektopia has mountains.,27_7_preference_Fepopolis_as a result_Gektopia_Gektopia has mountains._hate,Fepopolis,Gektopia,"Given the following statement:
I hate living near mountains. As a result, I prefer Fepopolis to Gektopia.

Produce a valid conclusion: ","Given the following statement:
I hate living near mountains. As a result, I prefer Fepopolis to Gektopia.

Is it true that Fepopolis has mountains? Answer yes or no: ","Given the following statement:
I hate living near mountains. As a result, I prefer Fepopolis to Gektopia.

Is it true that Gektopia has mountains? Answer yes or no: ",-1.3982583284378052,-2.080873966217041,-2.729015350341797,-4.7839508056640625,-2.681406021118164,-4.619729995727539
75,"I prefer Wugsville to Fepopolis, for I hate warm weather.",Wugsville has warm weather.,78_8_preference_Wugsville_for_Fepopolis_Wugsville has warm weather._hate,Fepopolis has warm weather.,78_8_preference_Wugsville_for_Fepopolis_Fepopolis has warm weather._hate,Wugsville,Fepopolis,"Given the following statement:
I prefer Wugsville to Fepopolis, for I hate warm weather.

Produce a valid conclusion: ","Given the following statement:
I prefer Wugsville to Fepopolis, for I hate warm weather.

Is it true that Wugsville has warm weather? Answer yes or no: ","Given the following statement:
I prefer Wugsville to Fepopolis, for I hate warm weather.

Is it true that Fepopolis has warm weather? Answer yes or no: ",-1.0255186557769775,-0.9929644465446472,-2.900449752807617,-5.006019592285156,-2.924510955810547,-4.985542297363281
76,"I hate daxes, for instance, geks are awful.",daxes are instances of geks.,17_7_instantiation_daxes_for instance_geks_daxes are instances of geks._are,geks are instances of daxes.,17_7_instantiation_daxes_for instance_geks_geks are instances of daxes._are,daxes,geks,"Given the following statement:
I hate daxes, for instance, geks are awful.

Produce a valid conclusion: ","Given the following statement:
I hate daxes, for instance, geks are awful.

Is it true that daxes are instances of geks? Answer yes or no: ","Given the following statement:
I hate daxes, for instance, geks are awful.

Is it true that geks are instances of daxes? Answer yes or no: ",-1.6311230659484863,-1.5894267559051514,-2.2623214721679688,-4.193355560302734,-2.3311996459960938,-4.29353141784668
77,"I hate skyscrapers. As a result, I prefer Blicketland to Gektopia.",Blicketland has skyscrapers.,30_10_preference_Blicketland_as a result_Gektopia_Blicketland has skyscrapers._hate,Gektopia has skyscrapers.,30_10_preference_Blicketland_as a result_Gektopia_Gektopia has skyscrapers._hate,Blicketland,Gektopia,"Given the following statement:
I hate skyscrapers. As a result, I prefer Blicketland to Gektopia.

Produce a valid conclusion: ","Given the following statement:
I hate skyscrapers. As a result, I prefer Blicketland to Gektopia.

Is it true that Blicketland has skyscrapers? Answer yes or no: ","Given the following statement:
I hate skyscrapers. As a result, I prefer Blicketland to Gektopia.

Is it true that Gektopia has skyscrapers? Answer yes or no: ",-1.610416054725647,-1.8009319305419922,-2.790163040161133,-4.475160598754883,-2.788137435913086,-4.425018310546875
78,"I love fuzzy creatures. So, I prefer wugs to blickets.",wugs are fuzzy creatures.,131_1_preference_wugs_so_blickets_wugs are fuzzy creatures._love,blickets are fuzzy creatures.,131_1_preference_wugs_so_blickets_blickets are fuzzy creatures._love,wugs,blickets,"Given the following statement:
I love fuzzy creatures. So, I prefer wugs to blickets.

Produce a valid conclusion: ","Given the following statement:
I love fuzzy creatures. So, I prefer wugs to blickets.

Is it true that wugs are fuzzy creatures? Answer yes or no: ","Given the following statement:
I love fuzzy creatures. So, I prefer wugs to blickets.

Is it true that blickets are fuzzy creatures? Answer yes or no: ",-1.033133864402771,-1.537044882774353,-3.0669498443603516,-4.822786331176758,-3.06292724609375,-4.59449577331543
79,"wugfest happened. Hence, fepfestival happened.",wugfest occured after fepfestival.,126_6_temporal_wugfest_hence_fepfestival_wugfest occured after fepfestival._after,fepfestival occured after wugfest.,126_6_temporal_wugfest_hence_fepfestival_fepfestival occured after wugfest._after,wugfest,fepfestival,"Given the following statement:
wugfest happened. Hence, fepfestival happened.

Produce a valid conclusion: ","Given the following statement:
wugfest happened. Hence, fepfestival happened.

Is it true that wugfest occured after fepfestival? Answer yes or no: ","Given the following statement:
wugfest happened. Hence, fepfestival happened.

Is it true that fepfestival occured after wugfest? Answer yes or no: ",-1.710754156112671,-1.7770869731903076,-2.4098281860351562,-4.308223724365234,-2.305877685546875,-4.222129821777344
80,"daxday happened. Hence, gekxtravaganza happened.",daxday occured after gekxtravaganza.,121_1_temporal_daxday_hence_gekxtravaganza_daxday occured after gekxtravaganza._after,gekxtravaganza occured after daxday.,121_1_temporal_daxday_hence_gekxtravaganza_gekxtravaganza occured after daxday._after,daxday,gekxtravaganza,"Given the following statement:
daxday happened. Hence, gekxtravaganza happened.

Produce a valid conclusion: ","Given the following statement:
daxday happened. Hence, gekxtravaganza happened.

Is it true that daxday occured after gekxtravaganza? Answer yes or no: ","Given the following statement:
daxday happened. Hence, gekxtravaganza happened.

Is it true that gekxtravaganza occured after daxday? Answer yes or no: ",-1.4108710289001465,-1.651645541191101,-2.269622802734375,-3.9950103759765625,-2.2510147094726562,-3.895923614501953
81,"Though I prefer Fepopolis to Blicketland, I love skyscrapers.",Fepopolis has skyscrapers.,160_10_preference_Fepopolis_though_Blicketland_Fepopolis has skyscrapers._love,Blicketland has skyscrapers.,160_10_preference_Fepopolis_though_Blicketland_Blicketland has skyscrapers._love,Fepopolis,Blicketland,"Given the following statement:
Though I prefer Fepopolis to Blicketland, I love skyscrapers.

Produce a valid conclusion: ","Given the following statement:
Though I prefer Fepopolis to Blicketland, I love skyscrapers.

Is it true that Fepopolis has skyscrapers? Answer yes or no: ","Given the following statement:
Though I prefer Fepopolis to Blicketland, I love skyscrapers.

Is it true that Blicketland has skyscrapers? Answer yes or no: ",-1.2097541093826294,-1.6309285163879395,-2.659727096557617,-4.974191665649414,-2.742900848388672,-4.710695266723633
82,"I hate blickets, for example, geks are awful.",blickets are instances of geks.,10_10_instantiation_blickets_for example_geks_blickets are instances of geks._are,geks are instances of blickets.,10_10_instantiation_blickets_for example_geks_geks are instances of blickets._are,blickets,geks,"Given the following statement:
I hate blickets, for example, geks are awful.

Produce a valid conclusion: ","Given the following statement:
I hate blickets, for example, geks are awful.

Is it true that blickets are instances of geks? Answer yes or no: ","Given the following statement:
I hate blickets, for example, geks are awful.

Is it true that geks are instances of blickets? Answer yes or no: ",-2.049464702606201,-1.7813904285430908,-2.8420257568359375,-4.209495544433594,-2.793193817138672,-4.342609405517578
83,"I hate snowy winters, though I prefer Daxburgh to Fepopolis.",Daxburgh has snowy winters.,156_6_preference_Daxburgh_though_Fepopolis_Daxburgh has snowy winters._hate,Fepopolis has snowy winters.,156_6_preference_Daxburgh_though_Fepopolis_Fepopolis has snowy winters._hate,Daxburgh,Fepopolis,"Given the following statement:
I hate snowy winters, though I prefer Daxburgh to Fepopolis.

Produce a valid conclusion: ","Given the following statement:
I hate snowy winters, though I prefer Daxburgh to Fepopolis.

Is it true that Daxburgh has snowy winters? Answer yes or no: ","Given the following statement:
I hate snowy winters, though I prefer Daxburgh to Fepopolis.

Is it true that Fepopolis has snowy winters? Answer yes or no: ",-1.7632259130477905,-1.2056398391723633,-2.7076950073242188,-4.432912826538086,-2.7400550842285156,-4.630876541137695
84,"Even though I love living near mountains, I prefer Wugsville to Gektopia.",Wugsville has mountains.,67_7_preference_Wugsville_even though_Gektopia_Wugsville has mountains._love,Gektopia has mountains.,67_7_preference_Wugsville_even though_Gektopia_Gektopia has mountains._love,Wugsville,Gektopia,"Given the following statement:
Even though I love living near mountains, I prefer Wugsville to Gektopia.

Produce a valid conclusion: ","Given the following statement:
Even though I love living near mountains, I prefer Wugsville to Gektopia.

Is it true that Wugsville has mountains? Answer yes or no: ","Given the following statement:
Even though I love living near mountains, I prefer Wugsville to Gektopia.

Is it true that Gektopia has mountains? Answer yes or no: ",-1.4936517477035522,-1.6405823230743408,-3.169361114501953,-4.959934234619141,-3.1377487182617188,-4.680906295776367
85,"I love mammals. For example, I prefer daxes to blickets.",daxes are mammals.,82_2_preference_daxes_for example_blickets_daxes are mammals._love,blickets are mammals.,82_2_preference_daxes_for example_blickets_blickets are mammals._love,daxes,blickets,"Given the following statement:
I love mammals. For example, I prefer daxes to blickets.

Produce a valid conclusion: ","Given the following statement:
I love mammals. For example, I prefer daxes to blickets.

Is it true that daxes are mammals? Answer yes or no: ","Given the following statement:
I love mammals. For example, I prefer daxes to blickets.

Is it true that blickets are mammals? Answer yes or no: ",-1.4790992736816406,-2.3859755992889404,-2.343097686767578,-4.542570114135742,-2.858011245727539,-4.495109558105469
86,"I hate daxes, for instance, blickets are awful.",daxes are instances of blickets.,16_6_instantiation_daxes_for instance_blickets_daxes are instances of blickets._are,blickets are instances of daxes.,16_6_instantiation_daxes_for instance_blickets_blickets are instances of daxes._are,daxes,blickets,"Given the following statement:
I hate daxes, for instance, blickets are awful.

Produce a valid conclusion: ","Given the following statement:
I hate daxes, for instance, blickets are awful.

Is it true that daxes are instances of blickets? Answer yes or no: ","Given the following statement:
I hate daxes, for instance, blickets are awful.

Is it true that blickets are instances of daxes? Answer yes or no: ",-1.5491282939910889,-1.7680206298828125,-2.8079452514648438,-4.522958755493164,-2.8262271881103516,-4.503778457641602
87,"I prefer Daxburgh to Gektopia, but I love skyscrapers.",Daxburgh has skyscrapers.,60_10_preference_Daxburgh_but_Gektopia_Daxburgh has skyscrapers._love,Gektopia has skyscrapers.,60_10_preference_Daxburgh_but_Gektopia_Gektopia has skyscrapers._love,Daxburgh,Gektopia,"Given the following statement:
I prefer Daxburgh to Gektopia, but I love skyscrapers.

Produce a valid conclusion: ","Given the following statement:
I prefer Daxburgh to Gektopia, but I love skyscrapers.

Is it true that Daxburgh has skyscrapers? Answer yes or no: ","Given the following statement:
I prefer Daxburgh to Gektopia, but I love skyscrapers.

Is it true that Gektopia has skyscrapers? Answer yes or no: ",-1.6596214771270752,-1.6669330596923828,-2.631868362426758,-4.363262176513672,-2.6728134155273438,-4.278425216674805
88,"I find wugs, in particular, blickets to be awful.",wugs are instances of blickets.,23_3_instantiation_wugs_in particular_blickets_wugs are instances of blickets._are,blickets are instances of wugs.,23_3_instantiation_wugs_in particular_blickets_blickets are instances of wugs._are,wugs,blickets,"Given the following statement:
I find wugs, in particular, blickets to be awful.

Produce a valid conclusion: ","Given the following statement:
I find wugs, in particular, blickets to be awful.

Is it true that wugs are instances of blickets? Answer yes or no: ","Given the following statement:
I find wugs, in particular, blickets to be awful.

Is it true that blickets are instances of wugs? Answer yes or no: ",-1.9650309085845947,-2.1182920932769775,-2.801198959350586,-4.495588302612305,-2.7368392944335938,-4.311916351318359
89,"I prefer Daxburgh to Gektopia, for I love coastal cities.",Daxburgh is a coastal city.,79_9_preference_Daxburgh_for_Gektopia_Daxburgh is a coastal city._love,Gektopia is a coastal city.,79_9_preference_Daxburgh_for_Gektopia_Gektopia is a coastal city._love,Daxburgh,Gektopia,"Given the following statement:
I prefer Daxburgh to Gektopia, for I love coastal cities.

Produce a valid conclusion: ","Given the following statement:
I prefer Daxburgh to Gektopia, for I love coastal cities.

Is it true that Daxburgh is a coastal city? Answer yes or no: ","Given the following statement:
I prefer Daxburgh to Gektopia, for I love coastal cities.

Is it true that Gektopia is a coastal city? Answer yes or no: ",-0.9869383573532104,-0.7976451516151428,-2.6132774353027344,-4.588657379150391,-2.6813697814941406,-4.362520217895508
90,"I prefer Wugsville to Gektopia, however, I hate snowy winters.",Wugsville has snowy winters.,106_6_preference_Wugsville_however_Gektopia_Wugsville has snowy winters._hate,Gektopia has snowy winters.,106_6_preference_Wugsville_however_Gektopia_Gektopia has snowy winters._hate,Wugsville,Gektopia,"Given the following statement:
I prefer Wugsville to Gektopia, however, I hate snowy winters.

Produce a valid conclusion: ","Given the following statement:
I prefer Wugsville to Gektopia, however, I hate snowy winters.

Is it true that Wugsville has snowy winters? Answer yes or no: ","Given the following statement:
I prefer Wugsville to Gektopia, however, I hate snowy winters.

Is it true that Gektopia has snowy winters? Answer yes or no: ",-0.9829155802726746,-1.20342218875885,-2.7242183685302734,-4.573556900024414,-2.6925201416015625,-4.332283020019531
91,"I hate skyscrapers, even though I prefer Wugsville to Blicketland.",Wugsville has skyscrapers.,70_10_preference_Wugsville_even though_Blicketland_Wugsville has skyscrapers._hate,Blicketland has skyscrapers.,70_10_preference_Wugsville_even though_Blicketland_Blicketland has skyscrapers._hate,Wugsville,Blicketland,"Given the following statement:
I hate skyscrapers, even though I prefer Wugsville to Blicketland.

Produce a valid conclusion: ","Given the following statement:
I hate skyscrapers, even though I prefer Wugsville to Blicketland.

Is it true that Wugsville has skyscrapers? Answer yes or no: ","Given the following statement:
I hate skyscrapers, even though I prefer Wugsville to Blicketland.

Is it true that Blicketland has skyscrapers? Answer yes or no: ",-1.50704824924469,-1.5305076837539673,-2.7745895385742188,-4.627145767211914,-2.741666793823242,-4.40606689453125
92,"Even though gekxtravaganza had happened, blicketbash happened.",blicketbash occured after gekxtravaganza.,101_1_temporal_blicketbash_even though_gekxtravaganza_blicketbash occured after gekxtravaganza._after,gekxtravaganza occured after blicketbash.,101_1_temporal_blicketbash_even though_gekxtravaganza_gekxtravaganza occured after blicketbash._after,blicketbash,gekxtravaganza,"Given the following statement:
Even though gekxtravaganza had happened, blicketbash happened.

Produce a valid conclusion: ","Given the following statement:
Even though gekxtravaganza had happened, blicketbash happened.

Is it true that blicketbash occured after gekxtravaganza? Answer yes or no: ","Given the following statement:
Even though gekxtravaganza had happened, blicketbash happened.

Is it true that gekxtravaganza occured after blicketbash? Answer yes or no: ",-1.5146292448043823,-1.4945601224899292,-3.0400924682617188,-4.334939956665039,-3.0941104888916016,-4.366498947143555
93,"Although I love skyscrapers, I prefer Fepopolis to Gektopia.",Fepopolis has skyscrapers.,10_10_preference_Fepopolis_although_Gektopia_Fepopolis has skyscrapers._love,Gektopia has skyscrapers.,10_10_preference_Fepopolis_although_Gektopia_Gektopia has skyscrapers._love,Fepopolis,Gektopia,"Given the following statement:
Although I love skyscrapers, I prefer Fepopolis to Gektopia.

Produce a valid conclusion: ","Given the following statement:
Although I love skyscrapers, I prefer Fepopolis to Gektopia.

Is it true that Fepopolis has skyscrapers? Answer yes or no: ","Given the following statement:
Although I love skyscrapers, I prefer Fepopolis to Gektopia.

Is it true that Gektopia has skyscrapers? Answer yes or no: ",-1.4555010795593262,-1.9939544200897217,-2.608491897583008,-4.790014266967773,-2.6692543029785156,-4.576948165893555
94,"Once daxday happened, wugfest happened.",wugfest occured after daxday.,153_3_temporal_wugfest_once_daxday_wugfest occured after daxday._after,daxday occured after wugfest.,153_3_temporal_wugfest_once_daxday_daxday occured after wugfest._after,wugfest,daxday,"Given the following statement:
Once daxday happened, wugfest happened.

Produce a valid conclusion: ","Given the following statement:
Once daxday happened, wugfest happened.

Is it true that wugfest occured after daxday? Answer yes or no: ","Given the following statement:
Once daxday happened, wugfest happened.

Is it true that daxday occured after wugfest? Answer yes or no: ",-1.4501729011535645,-1.440621018409729,-2.2914981842041016,-4.125282287597656,-2.3341751098632812,-4.097185134887695
95,"I prefer daxes to feps, however, I love blue flowers.",daxes are blue flowers.,103_3_preference_daxes_however_feps_daxes are blue flowers._love,feps are blue flowers.,103_3_preference_daxes_however_feps_feps are blue flowers._love,daxes,feps,"Given the following statement:
I prefer daxes to feps, however, I love blue flowers.

Produce a valid conclusion: ","Given the following statement:
I prefer daxes to feps, however, I love blue flowers.

Is it true that daxes are blue flowers? Answer yes or no: ","Given the following statement:
I prefer daxes to feps, however, I love blue flowers.

Is it true that feps are blue flowers? Answer yes or no: ",-1.2712503671646118,-1.6731281280517578,-2.282468795776367,-4.449003219604492,-2.449319839477539,-4.487783432006836
96,"Even after blicketbash, wugfest happened.",wugfest occured before blicketbash.,88_8_temporal_wugfest_even after_blicketbash_wugfest occured before blicketbash._before,blicketbash occured before wugfest.,88_8_temporal_wugfest_even after_blicketbash_blicketbash occured before wugfest._before,wugfest,blicketbash,"Given the following statement:
Even after blicketbash, wugfest happened.

Produce a valid conclusion: ","Given the following statement:
Even after blicketbash, wugfest happened.

Is it true that wugfest occured before blicketbash? Answer yes or no: ","Given the following statement:
Even after blicketbash, wugfest happened.

Is it true that blicketbash occured before wugfest? Answer yes or no: ",-1.0436211824417114,-1.6328679323196411,-2.703725814819336,-4.327089309692383,-2.7612876892089844,-4.230861663818359
97,"I hate living near mountains. Thus, I prefer Wugsville to Fepopolis.",Wugsville has mountains.,167_7_preference_Wugsville_thus_Fepopolis_Wugsville has mountains._hate,Fepopolis has mountains.,167_7_preference_Wugsville_thus_Fepopolis_Fepopolis has mountains._hate,Wugsville,Fepopolis,"Given the following statement:
I hate living near mountains. Thus, I prefer Wugsville to Fepopolis.

Produce a valid conclusion: ","Given the following statement:
I hate living near mountains. Thus, I prefer Wugsville to Fepopolis.

Is it true that Wugsville has mountains? Answer yes or no: ","Given the following statement:
I hate living near mountains. Thus, I prefer Wugsville to Fepopolis.

Is it true that Fepopolis has mountains? Answer yes or no: ",-1.7278361320495605,-1.4243687391281128,-2.850820541381836,-4.981609344482422,-2.8469467163085938,-4.870815277099609
98,"I like daxes, for example, geks are nice.",daxes are instances of geks.,7_7_instantiation_daxes_for example_geks_daxes are instances of geks._are,geks are instances of daxes.,7_7_instantiation_daxes_for example_geks_geks are instances of daxes._are,daxes,geks,"Given the following statement:
I like daxes, for example, geks are nice.

Produce a valid conclusion: ","Given the following statement:
I like daxes, for example, geks are nice.

Is it true that daxes are instances of geks? Answer yes or no: ","Given the following statement:
I like daxes, for example, geks are nice.

Is it true that geks are instances of daxes? Answer yes or no: ",-1.7780605554580688,-1.7173032760620117,-2.1382579803466797,-3.890674591064453,-2.2060604095458984,-3.9070796966552734
99,"I love snowy winters. For example, I prefer Daxburgh to Blicketland.",Daxburgh has snowy winters.,86_6_preference_Daxburgh_for example_Blicketland_Daxburgh has snowy winters._love,Blicketland has snowy winters.,86_6_preference_Daxburgh_for example_Blicketland_Blicketland has snowy winters._love,Daxburgh,Blicketland,"Given the following statement:
I love snowy winters. For example, I prefer Daxburgh to Blicketland.

Produce a valid conclusion: ","Given the following statement:
I love snowy winters. For example, I prefer Daxburgh to Blicketland.

Is it true that Daxburgh has snowy winters? Answer yes or no: ","Given the following statement:
I love snowy winters. For example, I prefer Daxburgh to Blicketland.

Is it true that Blicketland has snowy winters? Answer yes or no: ",-1.4556913375854492,-1.2316077947616577,-2.9319896697998047,-4.359584808349609,-3.015481948852539,-4.240846633911133
100,"I love snowy winters, nevertheless, I prefer Daxburgh to Fepopolis.",Daxburgh has snowy winters.,116_6_preference_Daxburgh_nevertheless_Fepopolis_Daxburgh has snowy winters._love,Fepopolis has snowy winters.,116_6_preference_Daxburgh_nevertheless_Fepopolis_Fepopolis has snowy winters._love,Daxburgh,Fepopolis,"Given the following statement:
I love snowy winters, nevertheless, I prefer Daxburgh to Fepopolis.

Produce a valid conclusion: ","Given the following statement:
I love snowy winters, nevertheless, I prefer Daxburgh to Fepopolis.

Is it true that Daxburgh has snowy winters? Answer yes or no: ","Given the following statement:
I love snowy winters, nevertheless, I prefer Daxburgh to Fepopolis.

Is it true that Fepopolis has snowy winters? Answer yes or no: ",-2.183579921722412,-1.4547145366668701,-2.856616973876953,-4.523097991943359,-2.9319286346435547,-4.719770431518555
101,"Though I prefer wugs to blickets, I hate insects.",wugs are insects.,155_5_preference_wugs_though_blickets_wugs are insects._hate,blickets are insects.,155_5_preference_wugs_though_blickets_blickets are insects._hate,wugs,blickets,"Given the following statement:
Though I prefer wugs to blickets, I hate insects.

Produce a valid conclusion: ","Given the following statement:
Though I prefer wugs to blickets, I hate insects.

Is it true that wugs are insects? Answer yes or no: ","Given the following statement:
Though I prefer wugs to blickets, I hate insects.

Is it true that blickets are insects? Answer yes or no: ",-1.4414870738983154,-2.626525402069092,-2.4205093383789062,-4.911289215087891,-2.5542526245117188,-4.795246124267578
102,"As much as I hate blue flowers, I prefer wugs to geks.",wugs are blue flowers.,33_3_preference_wugs_as much as_geks_wugs are blue flowers._hate,geks are blue flowers.,33_3_preference_wugs_as much as_geks_geks are blue flowers._hate,wugs,geks,"Given the following statement:
As much as I hate blue flowers, I prefer wugs to geks.

Produce a valid conclusion: ","Given the following statement:
As much as I hate blue flowers, I prefer wugs to geks.

Is it true that wugs are blue flowers? Answer yes or no: ","Given the following statement:
As much as I hate blue flowers, I prefer wugs to geks.

Is it true that geks are blue flowers? Answer yes or no: ",-1.4776376485824585,-1.8034292459487915,-2.708669662475586,-4.632692337036133,-2.767770767211914,-4.614715576171875
103,"fepfestival happened. Later, blicketbash happened.",fepfestival occured before blicketbash.,134_4_temporal_fepfestival_later_blicketbash_fepfestival occured before blicketbash._before,blicketbash occured before fepfestival.,134_4_temporal_fepfestival_later_blicketbash_blicketbash occured before fepfestival._before,fepfestival,blicketbash,"Given the following statement:
fepfestival happened. Later, blicketbash happened.

Produce a valid conclusion: ","Given the following statement:
fepfestival happened. Later, blicketbash happened.

Is it true that fepfestival occured before blicketbash? Answer yes or no: ","Given the following statement:
fepfestival happened. Later, blicketbash happened.

Is it true that blicketbash occured before fepfestival? Answer yes or no: ",-1.1398382186889648,-2.0919299125671387,-3.064117431640625,-4.246610641479492,-3.1307926177978516,-4.173799514770508
104,"wugfest happend. Earlier, fepfestival had happened.",wugfest occured after fepfestival.,79_9_temporal_wugfest_earlier_fepfestival_wugfest occured after fepfestival._after,fepfestival occured after wugfest.,79_9_temporal_wugfest_earlier_fepfestival_fepfestival occured after wugfest._after,wugfest,fepfestival,"Given the following statement:
wugfest happend. Earlier, fepfestival had happened.

Produce a valid conclusion: ","Given the following statement:
wugfest happend. Earlier, fepfestival had happened.

Is it true that wugfest occured after fepfestival? Answer yes or no: ","Given the following statement:
wugfest happend. Earlier, fepfestival had happened.

Is it true that fepfestival occured after wugfest? Answer yes or no: ",-1.317503809928894,-1.300045132637024,-2.4389686584472656,-4.090822219848633,-2.3908233642578125,-4.009424209594727
105,"I like wugs, for example, daxes are nice.",wugs are instances of daxes.,1_1_instantiation_wugs_for example_daxes_wugs are instances of daxes._are,daxes are instances of wugs.,1_1_instantiation_wugs_for example_daxes_daxes are instances of wugs._are,wugs,daxes,"Given the following statement:
I like wugs, for example, daxes are nice.

Produce a valid conclusion: ","Given the following statement:
I like wugs, for example, daxes are nice.

Is it true that wugs are instances of daxes? Answer yes or no: ","Given the following statement:
I like wugs, for example, daxes are nice.

Is it true that daxes are instances of wugs? Answer yes or no: ",-1.5148156881332397,-1.5186076164245605,-2.389982223510742,-3.8607215881347656,-2.202037811279297,-3.7863826751708984
106,"I prefer wugs to geks, for I hate fuzzy creatures.",wugs are fuzzy creatures.,71_1_preference_wugs_for_geks_wugs are fuzzy creatures._hate,geks are fuzzy creatures.,71_1_preference_wugs_for_geks_geks are fuzzy creatures._hate,wugs,geks,"Given the following statement:
I prefer wugs to geks, for I hate fuzzy creatures.

Produce a valid conclusion: ","Given the following statement:
I prefer wugs to geks, for I hate fuzzy creatures.

Is it true that wugs are fuzzy creatures? Answer yes or no: ","Given the following statement:
I prefer wugs to geks, for I hate fuzzy creatures.

Is it true that geks are fuzzy creatures? Answer yes or no: ",-1.0840753316879272,-1.4340318441390991,-2.762737274169922,-4.782199859619141,-2.7346668243408203,-4.863636016845703
107,"Even before daxday, fepfestival happened.",daxday occured before fepfestival.,99_9_temporal_daxday_even before_fepfestival_daxday occured before fepfestival._before,fepfestival occured before daxday.,99_9_temporal_daxday_even before_fepfestival_fepfestival occured before daxday._before,daxday,fepfestival,"Given the following statement:
Even before daxday, fepfestival happened.

Produce a valid conclusion: ","Given the following statement:
Even before daxday, fepfestival happened.

Is it true that daxday occured before fepfestival? Answer yes or no: ","Given the following statement:
Even before daxday, fepfestival happened.

Is it true that fepfestival occured before daxday? Answer yes or no: ",-1.4275442361831665,-1.3692224025726318,-2.5304908752441406,-4.4998779296875,-2.412466049194336,-4.480730056762695
108,"I prefer daxes to geks, for I hate insects.",daxes are insects.,75_5_preference_daxes_for_geks_daxes are insects._hate,geks are insects.,75_5_preference_daxes_for_geks_geks are insects._hate,daxes,geks,"Given the following statement:
I prefer daxes to geks, for I hate insects.

Produce a valid conclusion: ","Given the following statement:
I prefer daxes to geks, for I hate insects.

Is it true that daxes are insects? Answer yes or no: ","Given the following statement:
I prefer daxes to geks, for I hate insects.

Is it true that geks are insects? Answer yes or no: ",-1.2768570184707642,-1.8472694158554077,-2.3101329803466797,-4.761573791503906,-2.5388565063476562,-4.900705337524414
109,"I prefer Daxburgh to Gektopia, as I love living near mountains.",Daxburgh has mountains.,17_7_preference_Daxburgh_as_Gektopia_Daxburgh has mountains._love,Gektopia has mountains.,17_7_preference_Daxburgh_as_Gektopia_Gektopia has mountains._love,Daxburgh,Gektopia,"Given the following statement:
I prefer Daxburgh to Gektopia, as I love living near mountains.

Produce a valid conclusion: ","Given the following statement:
I prefer Daxburgh to Gektopia, as I love living near mountains.

Is it true that Daxburgh has mountains? Answer yes or no: ","Given the following statement:
I prefer Daxburgh to Gektopia, as I love living near mountains.

Is it true that Gektopia has mountains? Answer yes or no: ",-1.687591791152954,-1.407253623008728,-2.7909011840820312,-4.448102951049805,-2.9178199768066406,-4.329032897949219
110,"daxday happend. Earlier, blicketbash had happened.",daxday occured before blicketbash.,76_6_temporal_daxday_earlier_blicketbash_daxday occured before blicketbash._before,blicketbash occured before daxday.,76_6_temporal_daxday_earlier_blicketbash_blicketbash occured before daxday._before,daxday,blicketbash,"Given the following statement:
daxday happend. Earlier, blicketbash had happened.

Produce a valid conclusion: ","Given the following statement:
daxday happend. Earlier, blicketbash had happened.

Is it true that daxday occured before blicketbash? Answer yes or no: ","Given the following statement:
daxday happend. Earlier, blicketbash had happened.

Is it true that blicketbash occured before daxday? Answer yes or no: ",-1.4289207458496094,-1.6553139686584473,-2.9357128143310547,-4.243398666381836,-3.1516990661621094,-4.1910400390625
111,"I prefer blickets to geks, however, I love fuzzy creatures.",blickets are fuzzy creatures.,101_1_preference_blickets_however_geks_blickets are fuzzy creatures._love,geks are fuzzy creatures.,101_1_preference_blickets_however_geks_geks are fuzzy creatures._love,blickets,geks,"Given the following statement:
I prefer blickets to geks, however, I love fuzzy creatures.

Produce a valid conclusion: ","Given the following statement:
I prefer blickets to geks, however, I love fuzzy creatures.

Is it true that blickets are fuzzy creatures? Answer yes or no: ","Given the following statement:
I prefer blickets to geks, however, I love fuzzy creatures.

Is it true that geks are fuzzy creatures? Answer yes or no: ",-1.6613985300064087,-1.7082878351211548,-2.8975677490234375,-4.601594924926758,-2.775188446044922,-4.75639533996582
112,"Even though I prefer Daxburgh to Gektopia, I hate coastal cities.",Daxburgh is a coastal city.,69_9_preference_Daxburgh_even though_Gektopia_Daxburgh is a coastal city._hate,Gektopia is a coastal city.,69_9_preference_Daxburgh_even though_Gektopia_Gektopia is a coastal city._hate,Daxburgh,Gektopia,"Given the following statement:
Even though I prefer Daxburgh to Gektopia, I hate coastal cities.

Produce a valid conclusion: ","Given the following statement:
Even though I prefer Daxburgh to Gektopia, I hate coastal cities.

Is it true that Daxburgh is a coastal city? Answer yes or no: ","Given the following statement:
Even though I prefer Daxburgh to Gektopia, I hate coastal cities.

Is it true that Gektopia is a coastal city? Answer yes or no: ",-1.261877417564392,-0.9920622706413269,-2.6781044006347656,-4.69953727722168,-2.7522544860839844,-4.637664794921875
113,"Even though I prefer Fepopolis to Blicketland, I love warm weather.",Fepopolis has warm weather.,68_8_preference_Fepopolis_even though_Blicketland_Fepopolis has warm weather._love,Blicketland has warm weather.,68_8_preference_Fepopolis_even though_Blicketland_Blicketland has warm weather._love,Fepopolis,Blicketland,"Given the following statement:
Even though I prefer Fepopolis to Blicketland, I love warm weather.

Produce a valid conclusion: ","Given the following statement:
Even though I prefer Fepopolis to Blicketland, I love warm weather.

Is it true that Fepopolis has warm weather? Answer yes or no: ","Given the following statement:
Even though I prefer Fepopolis to Blicketland, I love warm weather.

Is it true that Blicketland has warm weather? Answer yes or no: ",-1.0171226263046265,-1.4851869344711304,-2.9764633178710938,-5.128084182739258,-3.2168331146240234,-4.934701919555664
114,"While I hate coastal cities, I prefer Daxburgh to Gektopia.",Daxburgh is a coastal city.,179_9_preference_Daxburgh_while_Gektopia_Daxburgh is a coastal city._hate,Gektopia is a coastal city.,179_9_preference_Daxburgh_while_Gektopia_Gektopia is a coastal city._hate,Daxburgh,Gektopia,"Given the following statement:
While I hate coastal cities, I prefer Daxburgh to Gektopia.

Produce a valid conclusion: ","Given the following statement:
While I hate coastal cities, I prefer Daxburgh to Gektopia.

Is it true that Daxburgh is a coastal city? Answer yes or no: ","Given the following statement:
While I hate coastal cities, I prefer Daxburgh to Gektopia.

Is it true that Gektopia is a coastal city? Answer yes or no: ",-1.170841932296753,-0.9603503346443176,-2.5861663818359375,-4.525911331176758,-2.6816978454589844,-4.443256378173828
115,"I love living near mountains. For example, I prefer Blicketland to Gektopia.",Blicketland has mountains.,87_7_preference_Blicketland_for example_Gektopia_Blicketland has mountains._love,Gektopia has mountains.,87_7_preference_Blicketland_for example_Gektopia_Gektopia has mountains._love,Blicketland,Gektopia,"Given the following statement:
I love living near mountains. For example, I prefer Blicketland to Gektopia.

Produce a valid conclusion: ","Given the following statement:
I love living near mountains. For example, I prefer Blicketland to Gektopia.

Is it true that Blicketland has mountains? Answer yes or no: ","Given the following statement:
I love living near mountains. For example, I prefer Blicketland to Gektopia.

Is it true that Gektopia has mountains? Answer yes or no: ",-1.3151493072509766,-1.662571668624878,-2.9952659606933594,-4.462566375732422,-2.9286956787109375,-4.2525634765625
116,"blicketbash happened. Consequently, gekxtravaganza happened.",blicketbash occured after gekxtravaganza.,62_2_temporal_blicketbash_consequently_gekxtravaganza_blicketbash occured after gekxtravaganza._after,gekxtravaganza occured after blicketbash.,62_2_temporal_blicketbash_consequently_gekxtravaganza_gekxtravaganza occured after blicketbash._after,blicketbash,gekxtravaganza,"Given the following statement:
blicketbash happened. Consequently, gekxtravaganza happened.

Produce a valid conclusion: ","Given the following statement:
blicketbash happened. Consequently, gekxtravaganza happened.

Is it true that blicketbash occured after gekxtravaganza? Answer yes or no: ","Given the following statement:
blicketbash happened. Consequently, gekxtravaganza happened.

Is it true that gekxtravaganza occured after blicketbash? Answer yes or no: ",-1.2238739728927612,-1.4760218858718872,-2.4872360229492188,-3.7379493713378906,-2.444150924682617,-3.6345176696777344
117,"I prefer Daxburgh to Gektopia, however, I hate coastal cities.",Daxburgh is a coastal city.,109_9_preference_Daxburgh_however_Gektopia_Daxburgh is a coastal city._hate,Gektopia is a coastal city.,109_9_preference_Daxburgh_however_Gektopia_Gektopia is a coastal city._hate,Daxburgh,Gektopia,"Given the following statement:
I prefer Daxburgh to Gektopia, however, I hate coastal cities.

Produce a valid conclusion: ","Given the following statement:
I prefer Daxburgh to Gektopia, however, I hate coastal cities.

Is it true that Daxburgh is a coastal city? Answer yes or no: ","Given the following statement:
I prefer Daxburgh to Gektopia, however, I hate coastal cities.

Is it true that Gektopia is a coastal city? Answer yes or no: ",-1.0220630168914795,-0.8891196846961975,-2.5567760467529297,-4.523370742797852,-2.582612991333008,-4.40247917175293
118,"As much as I hate bass instruments, I prefer wugs to blickets.",wugs are bass instruments.,34_4_preference_wugs_as much as_blickets_wugs are bass instruments._hate,blickets are bass instruments.,34_4_preference_wugs_as much as_blickets_blickets are bass instruments._hate,wugs,blickets,"Given the following statement:
As much as I hate bass instruments, I prefer wugs to blickets.

Produce a valid conclusion: ","Given the following statement:
As much as I hate bass instruments, I prefer wugs to blickets.

Is it true that wugs are bass instruments? Answer yes or no: ","Given the following statement:
As much as I hate bass instruments, I prefer wugs to blickets.

Is it true that blickets are bass instruments? Answer yes or no: ",-1.4905897378921509,-2.5361592769622803,-2.737354278564453,-4.7176971435546875,-2.7316627502441406,-4.427631378173828
119,"I hate wugs, for instance, daxes are awful.",wugs are instances of daxes.,11_1_instantiation_wugs_for instance_daxes_wugs are instances of daxes._are,daxes are instances of wugs.,11_1_instantiation_wugs_for instance_daxes_daxes are instances of wugs._are,wugs,daxes,"Given the following statement:
I hate wugs, for instance, daxes are awful.

Produce a valid conclusion: ","Given the following statement:
I hate wugs, for instance, daxes are awful.

Is it true that wugs are instances of daxes? Answer yes or no: ","Given the following statement:
I hate wugs, for instance, daxes are awful.

Is it true that daxes are instances of wugs? Answer yes or no: ",-1.2922461032867432,-1.2863707542419434,-2.5938987731933594,-4.283777236938477,-2.3793373107910156,-4.156955718994141
120,"I hate bass instruments. So, I prefer daxes to feps.",daxes are bass instruments.,134_4_preference_daxes_so_feps_daxes are bass instruments._hate,feps are bass instruments.,134_4_preference_daxes_so_feps_feps are bass instruments._hate,daxes,feps,"Given the following statement:
I hate bass instruments. So, I prefer daxes to feps.

Produce a valid conclusion: ","Given the following statement:
I hate bass instruments. So, I prefer daxes to feps.

Is it true that daxes are bass instruments? Answer yes or no: ","Given the following statement:
I hate bass instruments. So, I prefer daxes to feps.

Is it true that feps are bass instruments? Answer yes or no: ",-1.2155967950820923,-1.4473682641983032,-2.4075069427490234,-4.669778823852539,-2.402341842651367,-4.485759735107422
121,"I love warm weather, yet I prefer Wugsville to Daxburgh.",Wugsville has warm weather.,188_8_preference_Wugsville_yet_Daxburgh_Wugsville has warm weather._love,Daxburgh has warm weather.,188_8_preference_Wugsville_yet_Daxburgh_Daxburgh has warm weather._love,Wugsville,Daxburgh,"Given the following statement:
I love warm weather, yet I prefer Wugsville to Daxburgh.

Produce a valid conclusion: ","Given the following statement:
I love warm weather, yet I prefer Wugsville to Daxburgh.

Is it true that Wugsville has warm weather? Answer yes or no: ","Given the following statement:
I love warm weather, yet I prefer Wugsville to Daxburgh.

Is it true that Daxburgh has warm weather? Answer yes or no: ",-1.1456300020217896,-1.4787331819534302,-2.8472137451171875,-4.603067398071289,-2.794771194458008,-4.374408721923828
122,"I prefer Wugsville to Blicketland, as I love snowy winters.",Wugsville has snowy winters.,16_6_preference_Wugsville_as_Blicketland_Wugsville has snowy winters._love,Blicketland has snowy winters.,16_6_preference_Wugsville_as_Blicketland_Blicketland has snowy winters._love,Wugsville,Blicketland,"Given the following statement:
I prefer Wugsville to Blicketland, as I love snowy winters.

Produce a valid conclusion: ","Given the following statement:
I prefer Wugsville to Blicketland, as I love snowy winters.

Is it true that Wugsville has snowy winters? Answer yes or no: ","Given the following statement:
I prefer Wugsville to Blicketland, as I love snowy winters.

Is it true that Blicketland has snowy winters? Answer yes or no: ",-0.7859919667243958,-0.9906196594238281,-2.91558837890625,-4.461154937744141,-2.8918991088867188,-4.140476226806641
123,"I love fuzzy creatures, yet I prefer wugs to daxes.",wugs are fuzzy creatures.,181_1_preference_wugs_yet_daxes_wugs are fuzzy creatures._love,daxes are fuzzy creatures.,181_1_preference_wugs_yet_daxes_daxes are fuzzy creatures._love,wugs,daxes,"Given the following statement:
I love fuzzy creatures, yet I prefer wugs to daxes.

Produce a valid conclusion: ","Given the following statement:
I love fuzzy creatures, yet I prefer wugs to daxes.

Is it true that wugs are fuzzy creatures? Answer yes or no: ","Given the following statement:
I love fuzzy creatures, yet I prefer wugs to daxes.

Is it true that daxes are fuzzy creatures? Answer yes or no: ",-1.1383804082870483,-1.1480306386947632,-2.749481201171875,-4.680717468261719,-2.477771759033203,-4.620447158813477
124,"I prefer Wugsville to Fepopolis, but I love warm weather.",Wugsville has warm weather.,58_8_preference_Wugsville_but_Fepopolis_Wugsville has warm weather._love,Fepopolis has warm weather.,58_8_preference_Wugsville_but_Fepopolis_Fepopolis has warm weather._love,Wugsville,Fepopolis,"Given the following statement:
I prefer Wugsville to Fepopolis, but I love warm weather.

Produce a valid conclusion: ","Given the following statement:
I prefer Wugsville to Fepopolis, but I love warm weather.

Is it true that Wugsville has warm weather? Answer yes or no: ","Given the following statement:
I prefer Wugsville to Fepopolis, but I love warm weather.

Is it true that Fepopolis has warm weather? Answer yes or no: ",-0.9052661061286926,-0.9496356248855591,-2.8373584747314453,-4.870676040649414,-2.8637237548828125,-4.87730598449707
125,"I prefer feps to blickets, for I love mammals.",feps are mammals.,72_2_preference_feps_for_blickets_feps are mammals._love,blickets are mammals.,72_2_preference_feps_for_blickets_blickets are mammals._love,feps,blickets,"Given the following statement:
I prefer feps to blickets, for I love mammals.

Produce a valid conclusion: ","Given the following statement:
I prefer feps to blickets, for I love mammals.

Is it true that feps are mammals? Answer yes or no: ","Given the following statement:
I prefer feps to blickets, for I love mammals.

Is it true that blickets are mammals? Answer yes or no: ",-1.5362365245819092,-2.8162930011749268,-2.425445556640625,-4.719825744628906,-2.8212718963623047,-4.697349548339844
126,"I hate bass instruments, yet I prefer daxes to feps.",daxes are bass instruments.,184_4_preference_daxes_yet_feps_daxes are bass instruments._hate,feps are bass instruments.,184_4_preference_daxes_yet_feps_feps are bass instruments._hate,daxes,feps,"Given the following statement:
I hate bass instruments, yet I prefer daxes to feps.

Produce a valid conclusion: ","Given the following statement:
I hate bass instruments, yet I prefer daxes to feps.

Is it true that daxes are bass instruments? Answer yes or no: ","Given the following statement:
I hate bass instruments, yet I prefer daxes to feps.

Is it true that feps are bass instruments? Answer yes or no: ",-1.1953176259994507,-1.4273179769515991,-2.1611976623535156,-4.676698684692383,-2.2032642364501953,-4.571781158447266
127,"I love mammals, yet I prefer daxes to geks.",daxes are mammals.,182_2_preference_daxes_yet_geks_daxes are mammals._love,geks are mammals.,182_2_preference_daxes_yet_geks_geks are mammals._love,daxes,geks,"Given the following statement:
I love mammals, yet I prefer daxes to geks.

Produce a valid conclusion: ","Given the following statement:
I love mammals, yet I prefer daxes to geks.

Is it true that daxes are mammals? Answer yes or no: ","Given the following statement:
I love mammals, yet I prefer daxes to geks.

Is it true that geks are mammals? Answer yes or no: ",-1.5136547088623047,-1.752009630203247,-2.32012939453125,-4.611179351806641,-2.5591487884521484,-4.660848617553711
128,"Once blicketbash happened, wugfest happened.",wugfest occured after blicketbash.,151_1_temporal_wugfest_once_blicketbash_wugfest occured after blicketbash._after,blicketbash occured after wugfest.,151_1_temporal_wugfest_once_blicketbash_blicketbash occured after wugfest._after,wugfest,blicketbash,"Given the following statement:
Once blicketbash happened, wugfest happened.

Produce a valid conclusion: ","Given the following statement:
Once blicketbash happened, wugfest happened.

Is it true that wugfest occured after blicketbash? Answer yes or no: ","Given the following statement:
Once blicketbash happened, wugfest happened.

Is it true that blicketbash occured after wugfest? Answer yes or no: ",-1.2064892053604126,-1.6580820083618164,-2.913240432739258,-4.156248092651367,-2.9449596405029297,-4.149412155151367
129,"I hate mammals. Therefore, I prefer daxes to geks.",daxes are mammals.,142_2_preference_daxes_therefore_geks_daxes are mammals._hate,geks are mammals.,142_2_preference_daxes_therefore_geks_geks are mammals._hate,daxes,geks,"Given the following statement:
I hate mammals. Therefore, I prefer daxes to geks.

Produce a valid conclusion: ","Given the following statement:
I hate mammals. Therefore, I prefer daxes to geks.

Is it true that daxes are mammals? Answer yes or no: ","Given the following statement:
I hate mammals. Therefore, I prefer daxes to geks.

Is it true that geks are mammals? Answer yes or no: ",-1.6147136688232422,-1.8904670476913452,-2.4694557189941406,-4.742424011230469,-2.6008071899414062,-4.720111846923828
130,"Though I prefer Wugsville to Gektopia, I hate living near mountains.",Wugsville has mountains.,157_7_preference_Wugsville_though_Gektopia_Wugsville has mountains._hate,Gektopia has mountains.,157_7_preference_Wugsville_though_Gektopia_Gektopia has mountains._hate,Wugsville,Gektopia,"Given the following statement:
Though I prefer Wugsville to Gektopia, I hate living near mountains.

Produce a valid conclusion: ","Given the following statement:
Though I prefer Wugsville to Gektopia, I hate living near mountains.

Is it true that Wugsville has mountains? Answer yes or no: ","Given the following statement:
Though I prefer Wugsville to Gektopia, I hate living near mountains.

Is it true that Gektopia has mountains? Answer yes or no: ",-1.37997567653656,-1.7561432123184204,-2.8790035247802734,-4.868120193481445,-2.8240184783935547,-4.679719924926758
131,"daxday happened. Subsequently, gekxtravaganza happened.",daxday occured after gekxtravaganza.,193_3_temporal_daxday_subsequently_gekxtravaganza_daxday occured after gekxtravaganza._after,gekxtravaganza occured after daxday.,193_3_temporal_daxday_subsequently_gekxtravaganza_gekxtravaganza occured after daxday._after,daxday,gekxtravaganza,"Given the following statement:
daxday happened. Subsequently, gekxtravaganza happened.

Produce a valid conclusion: ","Given the following statement:
daxday happened. Subsequently, gekxtravaganza happened.

Is it true that daxday occured after gekxtravaganza? Answer yes or no: ","Given the following statement:
daxday happened. Subsequently, gekxtravaganza happened.

Is it true that gekxtravaganza occured after daxday? Answer yes or no: ",-1.063000202178955,-1.3327856063842773,-2.3943405151367188,-3.7749767303466797,-2.3553638458251953,-3.6453781127929688
132,I prefer daxes to geks because I hate bass instruments.,daxes are bass instruments.,44_4_preference_daxes_because_geks_daxes are bass instruments._hate,geks are bass instruments.,44_4_preference_daxes_because_geks_geks are bass instruments._hate,daxes,geks,"Given the following statement:
I prefer daxes to geks because I hate bass instruments.

Produce a valid conclusion: ","Given the following statement:
I prefer daxes to geks because I hate bass instruments.

Is it true that daxes are bass instruments? Answer yes or no: ","Given the following statement:
I prefer daxes to geks because I hate bass instruments.

Is it true that geks are bass instruments? Answer yes or no: ",-1.272035002708435,-1.630478858947754,-2.197610855102539,-4.806514739990234,-2.3319473266601562,-4.687042236328125
133,"I like wugs, for instance, feps are nice.",wugs are instances of feps.,12_2_instantiation_wugs_for instance_feps_wugs are instances of feps._are,feps are instances of wugs.,12_2_instantiation_wugs_for instance_feps_feps are instances of wugs._are,wugs,feps,"Given the following statement:
I like wugs, for instance, feps are nice.

Produce a valid conclusion: ","Given the following statement:
I like wugs, for instance, feps are nice.

Is it true that wugs are instances of feps? Answer yes or no: ","Given the following statement:
I like wugs, for instance, feps are nice.

Is it true that feps are instances of wugs? Answer yes or no: ",-1.3071417808532715,-1.2215408086776733,-1.9728012084960938,-3.6437721252441406,-1.9345893859863281,-3.5644474029541016
134,"I hate fuzzy creatures. For instance, I prefer blickets to geks.",blickets are fuzzy creatures.,91_1_preference_blickets_for instance_geks_blickets are fuzzy creatures._hate,geks are fuzzy creatures.,91_1_preference_blickets_for instance_geks_geks are fuzzy creatures._hate,blickets,geks,"Given the following statement:
I hate fuzzy creatures. For instance, I prefer blickets to geks.

Produce a valid conclusion: ","Given the following statement:
I hate fuzzy creatures. For instance, I prefer blickets to geks.

Is it true that blickets are fuzzy creatures? Answer yes or no: ","Given the following statement:
I hate fuzzy creatures. For instance, I prefer blickets to geks.

Is it true that geks are fuzzy creatures? Answer yes or no: ",-1.7021299600601196,-1.6264253854751587,-2.995647430419922,-4.59498405456543,-2.8328075408935547,-4.788722991943359
135,"Since I love snowy winters, I prefer Blicketland to Gektopia.",Blicketland has snowy winters.,126_6_preference_Blicketland_since_Gektopia_Blicketland has snowy winters._love,Gektopia has snowy winters.,126_6_preference_Blicketland_since_Gektopia_Gektopia has snowy winters._love,Blicketland,Gektopia,"Given the following statement:
Since I love snowy winters, I prefer Blicketland to Gektopia.

Produce a valid conclusion: ","Given the following statement:
Since I love snowy winters, I prefer Blicketland to Gektopia.

Is it true that Blicketland has snowy winters? Answer yes or no: ","Given the following statement:
Since I love snowy winters, I prefer Blicketland to Gektopia.

Is it true that Gektopia has snowy winters? Answer yes or no: ",-1.1449700593948364,-1.0445514917373657,-3.012134552001953,-4.416847229003906,-2.9821319580078125,-4.298954010009766
136,"I find wugs, in particular, feps to be awful.",wugs are instances of feps.,22_2_instantiation_wugs_in particular_feps_wugs are instances of feps._are,feps are instances of wugs.,22_2_instantiation_wugs_in particular_feps_feps are instances of wugs._are,wugs,feps,"Given the following statement:
I find wugs, in particular, feps to be awful.

Produce a valid conclusion: ","Given the following statement:
I find wugs, in particular, feps to be awful.

Is it true that wugs are instances of feps? Answer yes or no: ","Given the following statement:
I find wugs, in particular, feps to be awful.

Is it true that feps are instances of wugs? Answer yes or no: ",-1.789191722869873,-1.9172903299331665,-2.086589813232422,-4.155046463012695,-2.1363563537597656,-4.085081100463867
137,"I prefer wugs to geks, nevertheless, I love insects.",wugs are insects.,115_5_preference_wugs_nevertheless_geks_wugs are insects._love,geks are insects.,115_5_preference_wugs_nevertheless_geks_geks are insects._love,wugs,geks,"Given the following statement:
I prefer wugs to geks, nevertheless, I love insects.

Produce a valid conclusion: ","Given the following statement:
I prefer wugs to geks, nevertheless, I love insects.

Is it true that wugs are insects? Answer yes or no: ","Given the following statement:
I prefer wugs to geks, nevertheless, I love insects.

Is it true that geks are insects? Answer yes or no: ",-1.216543197631836,-1.9163860082626343,-2.581707000732422,-4.71693229675293,-2.6570281982421875,-4.762653350830078
138,"I love warm weather. As a result, I prefer Wugsville to Gektopia.",Wugsville has warm weather.,28_8_preference_Wugsville_as a result_Gektopia_Wugsville has warm weather._love,Gektopia has warm weather.,28_8_preference_Wugsville_as a result_Gektopia_Gektopia has warm weather._love,Wugsville,Gektopia,"Given the following statement:
I love warm weather. As a result, I prefer Wugsville to Gektopia.

Produce a valid conclusion: ","Given the following statement:
I love warm weather. As a result, I prefer Wugsville to Gektopia.

Is it true that Wugsville has warm weather? Answer yes or no: ","Given the following statement:
I love warm weather. As a result, I prefer Wugsville to Gektopia.

Is it true that Gektopia has warm weather? Answer yes or no: ",-1.0335768461227417,-1.1840143203735352,-2.8614330291748047,-4.692403793334961,-2.9084300994873047,-4.433860778808594
139,"I hate mammals. As a result, I prefer daxes to feps.",daxes are mammals.,22_2_preference_daxes_as a result_feps_daxes are mammals._hate,feps are mammals.,22_2_preference_daxes_as a result_feps_feps are mammals._hate,daxes,feps,"Given the following statement:
I hate mammals. As a result, I prefer daxes to feps.

Produce a valid conclusion: ","Given the following statement:
I hate mammals. As a result, I prefer daxes to feps.

Is it true that daxes are mammals? Answer yes or no: ","Given the following statement:
I hate mammals. As a result, I prefer daxes to feps.

Is it true that feps are mammals? Answer yes or no: ",-1.4916629791259766,-1.776757836341858,-2.4202041625976562,-4.593133926391602,-2.4769344329833984,-4.559072494506836
140,"wugfest happend. Earlier, blicketbash had happened.",wugfest occured after blicketbash.,71_1_temporal_wugfest_earlier_blicketbash_wugfest occured after blicketbash._after,blicketbash occured after wugfest.,71_1_temporal_wugfest_earlier_blicketbash_blicketbash occured after wugfest._after,wugfest,blicketbash,"Given the following statement:
wugfest happend. Earlier, blicketbash had happened.

Produce a valid conclusion: ","Given the following statement:
wugfest happend. Earlier, blicketbash had happened.

Is it true that wugfest occured after blicketbash? Answer yes or no: ","Given the following statement:
wugfest happend. Earlier, blicketbash had happened.

Is it true that blicketbash occured after wugfest? Answer yes or no: ",-1.1321921348571777,-1.3871350288391113,-3.5170764923095703,-4.412334442138672,-3.6419410705566406,-4.377996444702148
141,"I hate bass instruments. For example, I prefer daxes to geks.",daxes are bass instruments.,84_4_preference_daxes_for example_geks_daxes are bass instruments._hate,geks are bass instruments.,84_4_preference_daxes_for example_geks_geks are bass instruments._hate,daxes,geks,"Given the following statement:
I hate bass instruments. For example, I prefer daxes to geks.

Produce a valid conclusion: ","Given the following statement:
I hate bass instruments. For example, I prefer daxes to geks.

Is it true that daxes are bass instruments? Answer yes or no: ","Given the following statement:
I hate bass instruments. For example, I prefer daxes to geks.

Is it true that geks are bass instruments? Answer yes or no: ",-1.1647233963012695,-1.4803136587142944,-2.2115345001220703,-4.439517974853516,-2.387655258178711,-4.408985137939453
142,"I hate coastal cities. Thus, I prefer Wugsville to Daxburgh.",Wugsville is a coastal city.,169_9_preference_Wugsville_thus_Daxburgh_Wugsville is a coastal city._hate,Daxburgh is a coastal city.,169_9_preference_Wugsville_thus_Daxburgh_Daxburgh is a coastal city._hate,Wugsville,Daxburgh,"Given the following statement:
I hate coastal cities. Thus, I prefer Wugsville to Daxburgh.

Produce a valid conclusion: ","Given the following statement:
I hate coastal cities. Thus, I prefer Wugsville to Daxburgh.

Is it true that Wugsville is a coastal city? Answer yes or no: ","Given the following statement:
I hate coastal cities. Thus, I prefer Wugsville to Daxburgh.

Is it true that Daxburgh is a coastal city? Answer yes or no: ",-0.9068242311477661,-1.2291303873062134,-2.4117488861083984,-4.727264404296875,-2.4052772521972656,-4.558353424072266
143,"Because I hate insects, I prefer wugs to geks.",wugs are insects.,45_5_preference_wugs_because_geks_wugs are insects._hate,geks are insects.,45_5_preference_wugs_because_geks_geks are insects._hate,wugs,geks,"Given the following statement:
Because I hate insects, I prefer wugs to geks.

Produce a valid conclusion: ","Given the following statement:
Because I hate insects, I prefer wugs to geks.

Is it true that wugs are insects? Answer yes or no: ","Given the following statement:
Because I hate insects, I prefer wugs to geks.

Is it true that geks are insects? Answer yes or no: ",-1.3656657934188843,-1.7427955865859985,-2.637479782104492,-4.864051818847656,-2.6301517486572266,-4.859399795532227
144,"I prefer blickets to geks, but I hate bass instruments.",blickets are bass instruments.,54_4_preference_blickets_but_geks_blickets are bass instruments._hate,geks are bass instruments.,54_4_preference_blickets_but_geks_geks are bass instruments._hate,blickets,geks,"Given the following statement:
I prefer blickets to geks, but I hate bass instruments.

Produce a valid conclusion: ","Given the following statement:
I prefer blickets to geks, but I hate bass instruments.

Is it true that blickets are bass instruments? Answer yes or no: ","Given the following statement:
I prefer blickets to geks, but I hate bass instruments.

Is it true that geks are bass instruments? Answer yes or no: ",-2.142841339111328,-1.8829835653305054,-2.7100887298583984,-4.718818664550781,-2.705577850341797,-4.953706741333008
145,I prefer Blicketland to Gektopia because I love warm weather.,Blicketland has warm weather.,48_8_preference_Blicketland_because_Gektopia_Blicketland has warm weather._love,Gektopia has warm weather.,48_8_preference_Blicketland_because_Gektopia_Gektopia has warm weather._love,Blicketland,Gektopia,"Given the following statement:
I prefer Blicketland to Gektopia because I love warm weather.

Produce a valid conclusion: ","Given the following statement:
I prefer Blicketland to Gektopia because I love warm weather.

Is it true that Blicketland has warm weather? Answer yes or no: ","Given the following statement:
I prefer Blicketland to Gektopia because I love warm weather.

Is it true that Gektopia has warm weather? Answer yes or no: ",-1.0416353940963745,-1.005179762840271,-3.116762161254883,-4.808158874511719,-3.093839645385742,-4.61558723449707
146,wugfest happened after blicketbash.,wugfest occured before blicketbash.,9_9_temporal_wugfest_after_blicketbash_wugfest occured before blicketbash._before,blicketbash occured before wugfest.,9_9_temporal_wugfest_after_blicketbash_blicketbash occured before wugfest._before,wugfest,blicketbash,"Given the following statement:
wugfest happened after blicketbash.

Produce a valid conclusion: ","Given the following statement:
wugfest happened after blicketbash.

Is it true that wugfest occured before blicketbash? Answer yes or no: ","Given the following statement:
wugfest happened after blicketbash.

Is it true that blicketbash occured before wugfest? Answer yes or no: ",-0.7692238688468933,-1.0608935356140137,-3.182088851928711,-4.398141860961914,-3.3666419982910156,-4.386726379394531
147,"Since I love blue flowers, I prefer wugs to feps.",wugs are blue flowers.,123_3_preference_wugs_since_feps_wugs are blue flowers._love,feps are blue flowers.,123_3_preference_wugs_since_feps_feps are blue flowers._love,wugs,feps,"Given the following statement:
Since I love blue flowers, I prefer wugs to feps.

Produce a valid conclusion: ","Given the following statement:
Since I love blue flowers, I prefer wugs to feps.

Is it true that wugs are blue flowers? Answer yes or no: ","Given the following statement:
Since I love blue flowers, I prefer wugs to feps.

Is it true that feps are blue flowers? Answer yes or no: ",-1.0782142877578735,-1.534345030784607,-2.515277862548828,-4.4630889892578125,-2.429708480834961,-4.382839202880859
148,"Since fepfestival happened, wugfest happened.",wugfest occured before fepfestival.,171_1_temporal_wugfest_since_fepfestival_wugfest occured before fepfestival._before,fepfestival occured before wugfest.,171_1_temporal_wugfest_since_fepfestival_fepfestival occured before wugfest._before,wugfest,fepfestival,"Given the following statement:
Since fepfestival happened, wugfest happened.

Produce a valid conclusion: ","Given the following statement:
Since fepfestival happened, wugfest happened.

Is it true that wugfest occured before fepfestival? Answer yes or no: ","Given the following statement:
Since fepfestival happened, wugfest happened.

Is it true that fepfestival occured before wugfest? Answer yes or no: ",-1.5075031518936157,-1.4038910865783691,-2.1333141326904297,-4.258754730224609,-2.0704822540283203,-4.253810882568359
149,"I prefer Fepopolis to Gektopia, however, I love living near mountains.",Fepopolis has mountains.,107_7_preference_Fepopolis_however_Gektopia_Fepopolis has mountains._love,Gektopia has mountains.,107_7_preference_Fepopolis_however_Gektopia_Gektopia has mountains._love,Fepopolis,Gektopia,"Given the following statement:
I prefer Fepopolis to Gektopia, however, I love living near mountains.

Produce a valid conclusion: ","Given the following statement:
I prefer Fepopolis to Gektopia, however, I love living near mountains.

Is it true that Fepopolis has mountains? Answer yes or no: ","Given the following statement:
I prefer Fepopolis to Gektopia, however, I love living near mountains.

Is it true that Gektopia has mountains? Answer yes or no: ",-1.3772557973861694,-1.7893078327178955,-2.6243515014648438,-4.666416168212891,-2.6961841583251953,-4.547035217285156
150,I prefer Fepopolis to Gektopia because I hate coastal cities.,Fepopolis is a coastal city.,49_9_preference_Fepopolis_because_Gektopia_Fepopolis is a coastal city._hate,Gektopia is a coastal city.,49_9_preference_Fepopolis_because_Gektopia_Gektopia is a coastal city._hate,Fepopolis,Gektopia,"Given the following statement:
I prefer Fepopolis to Gektopia because I hate coastal cities.

Produce a valid conclusion: ","Given the following statement:
I prefer Fepopolis to Gektopia because I hate coastal cities.

Is it true that Fepopolis is a coastal city? Answer yes or no: ","Given the following statement:
I prefer Fepopolis to Gektopia because I hate coastal cities.

Is it true that Gektopia is a coastal city? Answer yes or no: ",-0.6853059530258179,-0.9161500930786133,-2.477029800415039,-4.737678527832031,-2.5459117889404297,-4.609628677368164
151,"I love bass instruments. Therefore, I prefer wugs to feps.",wugs are bass instruments.,144_4_preference_wugs_therefore_feps_wugs are bass instruments._love,feps are bass instruments.,144_4_preference_wugs_therefore_feps_feps are bass instruments._love,wugs,feps,"Given the following statement:
I love bass instruments. Therefore, I prefer wugs to feps.

Produce a valid conclusion: ","Given the following statement:
I love bass instruments. Therefore, I prefer wugs to feps.

Is it true that wugs are bass instruments? Answer yes or no: ","Given the following statement:
I love bass instruments. Therefore, I prefer wugs to feps.

Is it true that feps are bass instruments? Answer yes or no: ",-1.1576032638549805,-1.4184436798095703,-2.4082489013671875,-4.512321472167969,-2.3488807678222656,-4.368993759155273
152,"I love skyscrapers. For instance, I prefer Fepopolis to Gektopia.",Fepopolis has skyscrapers.,100_10_preference_Fepopolis_for instance_Gektopia_Fepopolis has skyscrapers._love,Gektopia has skyscrapers.,100_10_preference_Fepopolis_for instance_Gektopia_Gektopia has skyscrapers._love,Fepopolis,Gektopia,"Given the following statement:
I love skyscrapers. For instance, I prefer Fepopolis to Gektopia.

Produce a valid conclusion: ","Given the following statement:
I love skyscrapers. For instance, I prefer Fepopolis to Gektopia.

Is it true that Fepopolis has skyscrapers? Answer yes or no: ","Given the following statement:
I love skyscrapers. For instance, I prefer Fepopolis to Gektopia.

Is it true that Gektopia has skyscrapers? Answer yes or no: ",-1.2767635583877563,-2.183370590209961,-2.648550033569336,-4.599273681640625,-2.675588607788086,-4.38096809387207
153,"I hate warm weather. Therefore, I prefer Wugsville to Gektopia.",Wugsville has warm weather.,148_8_preference_Wugsville_therefore_Gektopia_Wugsville has warm weather._hate,Gektopia has warm weather.,148_8_preference_Wugsville_therefore_Gektopia_Gektopia has warm weather._hate,Wugsville,Gektopia,"Given the following statement:
I hate warm weather. Therefore, I prefer Wugsville to Gektopia.

Produce a valid conclusion: ","Given the following statement:
I hate warm weather. Therefore, I prefer Wugsville to Gektopia.

Is it true that Wugsville has warm weather? Answer yes or no: ","Given the following statement:
I hate warm weather. Therefore, I prefer Wugsville to Gektopia.

Is it true that Gektopia has warm weather? Answer yes or no: ",-1.4025753736495972,-1.6477779150009155,-2.9027633666992188,-5.017690658569336,-2.8912734985351562,-4.72406005859375
154,"I love coastal cities. As a result, I prefer Daxburgh to Blicketland.",Daxburgh is a coastal city.,29_9_preference_Daxburgh_as a result_Blicketland_Daxburgh is a coastal city._love,Blicketland is a coastal city.,29_9_preference_Daxburgh_as a result_Blicketland_Blicketland is a coastal city._love,Daxburgh,Blicketland,"Given the following statement:
I love coastal cities. As a result, I prefer Daxburgh to Blicketland.

Produce a valid conclusion: ","Given the following statement:
I love coastal cities. As a result, I prefer Daxburgh to Blicketland.

Is it true that Daxburgh is a coastal city? Answer yes or no: ","Given the following statement:
I love coastal cities. As a result, I prefer Daxburgh to Blicketland.

Is it true that Blicketland is a coastal city? Answer yes or no: ",-1.1811176538467407,-1.123733639717102,-2.9008007049560547,-4.655363082885742,-2.9854660034179688,-4.452390670776367
155,"I love blue flowers, nevertheless, I prefer daxes to blickets.",daxes are blue flowers.,113_3_preference_daxes_nevertheless_blickets_daxes are blue flowers._love,blickets are blue flowers.,113_3_preference_daxes_nevertheless_blickets_blickets are blue flowers._love,daxes,blickets,"Given the following statement:
I love blue flowers, nevertheless, I prefer daxes to blickets.

Produce a valid conclusion: ","Given the following statement:
I love blue flowers, nevertheless, I prefer daxes to blickets.

Is it true that daxes are blue flowers? Answer yes or no: ","Given the following statement:
I love blue flowers, nevertheless, I prefer daxes to blickets.

Is it true that blickets are blue flowers? Answer yes or no: ",-1.8071651458740234,-2.9431686401367188,-2.4219932556152344,-4.624103546142578,-2.9845314025878906,-4.503833770751953
156,"daxday happened. Finally, fepfestival happened.",daxday occured after fepfestival.,117_7_temporal_daxday_finally_fepfestival_daxday occured after fepfestival._after,fepfestival occured after daxday.,117_7_temporal_daxday_finally_fepfestival_fepfestival occured after daxday._after,daxday,fepfestival,"Given the following statement:
daxday happened. Finally, fepfestival happened.

Produce a valid conclusion: ","Given the following statement:
daxday happened. Finally, fepfestival happened.

Is it true that daxday occured after fepfestival? Answer yes or no: ","Given the following statement:
daxday happened. Finally, fepfestival happened.

Is it true that fepfestival occured after daxday? Answer yes or no: ",-1.7127432823181152,-1.5377148389816284,-2.2072486877441406,-3.802570343017578,-2.0806427001953125,-3.7488155364990234
157,"I prefer Fepopolis to Blicketland, since I hate warm weather.",Fepopolis has warm weather.,128_8_preference_Fepopolis_since_Blicketland_Fepopolis has warm weather._hate,Blicketland has warm weather.,128_8_preference_Fepopolis_since_Blicketland_Blicketland has warm weather._hate,Fepopolis,Blicketland,"Given the following statement:
I prefer Fepopolis to Blicketland, since I hate warm weather.

Produce a valid conclusion: ","Given the following statement:
I prefer Fepopolis to Blicketland, since I hate warm weather.

Is it true that Fepopolis has warm weather? Answer yes or no: ","Given the following statement:
I prefer Fepopolis to Blicketland, since I hate warm weather.

Is it true that Blicketland has warm weather? Answer yes or no: ",-0.9494113922119141,-1.2602583169937134,-2.7721424102783203,-4.892148971557617,-2.9186859130859375,-4.652402877807617
158,"I hate wugs, for instance, geks are awful.",wugs are instances of geks.,14_4_instantiation_wugs_for instance_geks_wugs are instances of geks._are,geks are instances of wugs.,14_4_instantiation_wugs_for instance_geks_geks are instances of wugs._are,wugs,geks,"Given the following statement:
I hate wugs, for instance, geks are awful.

Produce a valid conclusion: ","Given the following statement:
I hate wugs, for instance, geks are awful.

Is it true that wugs are instances of geks? Answer yes or no: ","Given the following statement:
I hate wugs, for instance, geks are awful.

Is it true that geks are instances of wugs? Answer yes or no: ",-1.4465467929840088,-1.4295706748962402,-2.4847679138183594,-4.235984802246094,-2.444093704223633,-4.243011474609375
159,"I love mammals, though I prefer feps to geks.",feps are mammals.,152_2_preference_feps_though_geks_feps are mammals._love,geks are mammals.,152_2_preference_feps_though_geks_geks are mammals._love,feps,geks,"Given the following statement:
I love mammals, though I prefer feps to geks.

Produce a valid conclusion: ","Given the following statement:
I love mammals, though I prefer feps to geks.

Is it true that feps are mammals? Answer yes or no: ","Given the following statement:
I love mammals, though I prefer feps to geks.

Is it true that geks are mammals? Answer yes or no: ",-1.7178905010223389,-1.9097206592559814,-2.1928768157958984,-4.302419662475586,-2.3359928131103516,-4.359233856201172
160,"I like feps, for example, blickets are nice.",feps are instances of blickets.,8_8_instantiation_feps_for example_blickets_feps are instances of blickets._are,blickets are instances of feps.,8_8_instantiation_feps_for example_blickets_blickets are instances of feps._are,feps,blickets,"Given the following statement:
I like feps, for example, blickets are nice.

Produce a valid conclusion: ","Given the following statement:
I like feps, for example, blickets are nice.

Is it true that feps are instances of blickets? Answer yes or no: ","Given the following statement:
I like feps, for example, blickets are nice.

Is it true that blickets are instances of feps? Answer yes or no: ",-1.8210256099700928,-1.9608068466186523,-2.2069549560546875,-3.8132076263427734,-2.1473388671875,-3.778644561767578
161,"I prefer Wugsville to Gektopia, but I love coastal cities.",Wugsville is a coastal city.,59_9_preference_Wugsville_but_Gektopia_Wugsville is a coastal city._love,Gektopia is a coastal city.,59_9_preference_Wugsville_but_Gektopia_Gektopia is a coastal city._love,Wugsville,Gektopia,"Given the following statement:
I prefer Wugsville to Gektopia, but I love coastal cities.

Produce a valid conclusion: ","Given the following statement:
I prefer Wugsville to Gektopia, but I love coastal cities.

Is it true that Wugsville is a coastal city? Answer yes or no: ","Given the following statement:
I prefer Wugsville to Gektopia, but I love coastal cities.

Is it true that Gektopia is a coastal city? Answer yes or no: ",-0.6348894834518433,-0.8120084404945374,-2.599437713623047,-4.551504135131836,-2.637208938598633,-4.330434799194336
162,"I like feps, for instance, blickets are nice.",feps are instances of blickets.,18_8_instantiation_feps_for instance_blickets_feps are instances of blickets._are,blickets are instances of feps.,18_8_instantiation_feps_for instance_blickets_blickets are instances of feps._are,feps,blickets,"Given the following statement:
I like feps, for instance, blickets are nice.

Produce a valid conclusion: ","Given the following statement:
I like feps, for instance, blickets are nice.

Is it true that feps are instances of blickets? Answer yes or no: ","Given the following statement:
I like feps, for instance, blickets are nice.

Is it true that blickets are instances of feps? Answer yes or no: ",-1.472792148590088,-1.7403736114501953,-2.1639347076416016,-3.9578418731689453,-2.075906753540039,-3.8789901733398438
163,"wugfest happened. Consequently, daxday happened.",wugfest occured after daxday.,70_10_temporal_wugfest_consequently_daxday_wugfest occured after daxday._after,daxday occured after wugfest.,70_10_temporal_wugfest_consequently_daxday_daxday occured after wugfest._after,wugfest,daxday,"Given the following statement:
wugfest happened. Consequently, daxday happened.

Produce a valid conclusion: ","Given the following statement:
wugfest happened. Consequently, daxday happened.

Is it true that wugfest occured after daxday? Answer yes or no: ","Given the following statement:
wugfest happened. Consequently, daxday happened.

Is it true that daxday occured after wugfest? Answer yes or no: ",-1.4561563730239868,-1.5734686851501465,-2.3088302612304688,-4.080602645874023,-2.2754173278808594,-3.9613113403320312
164,"While I love mammals, I prefer feps to geks.",feps are mammals.,172_2_preference_feps_while_geks_feps are mammals._love,geks are mammals.,172_2_preference_feps_while_geks_geks are mammals._love,feps,geks,"Given the following statement:
While I love mammals, I prefer feps to geks.

Produce a valid conclusion: ","Given the following statement:
While I love mammals, I prefer feps to geks.

Is it true that feps are mammals? Answer yes or no: ","Given the following statement:
While I love mammals, I prefer feps to geks.

Is it true that geks are mammals? Answer yes or no: ",-1.8039004802703857,-1.9242641925811768,-2.195943832397461,-4.387660980224609,-2.335683822631836,-4.40513801574707
165,"Though I hate warm weather, I prefer Wugsville to Daxburgh.",Wugsville has warm weather.,158_8_preference_Wugsville_though_Daxburgh_Wugsville has warm weather._hate,Daxburgh has warm weather.,158_8_preference_Wugsville_though_Daxburgh_Daxburgh has warm weather._hate,Wugsville,Daxburgh,"Given the following statement:
Though I hate warm weather, I prefer Wugsville to Daxburgh.

Produce a valid conclusion: ","Given the following statement:
Though I hate warm weather, I prefer Wugsville to Daxburgh.

Is it true that Wugsville has warm weather? Answer yes or no: ","Given the following statement:
Though I hate warm weather, I prefer Wugsville to Daxburgh.

Is it true that Daxburgh has warm weather? Answer yes or no: ",-1.2458045482635498,-1.7171434164047241,-2.9457550048828125,-4.77459716796875,-2.864419937133789,-4.517971038818359
166,I prefer Wugsville to Blicketland because I love snowy winters.,Wugsville has snowy winters.,46_6_preference_Wugsville_because_Blicketland_Wugsville has snowy winters._love,Blicketland has snowy winters.,46_6_preference_Wugsville_because_Blicketland_Blicketland has snowy winters._love,Wugsville,Blicketland,"Given the following statement:
I prefer Wugsville to Blicketland because I love snowy winters.

Produce a valid conclusion: ","Given the following statement:
I prefer Wugsville to Blicketland because I love snowy winters.

Is it true that Wugsville has snowy winters? Answer yes or no: ","Given the following statement:
I prefer Wugsville to Blicketland because I love snowy winters.

Is it true that Blicketland has snowy winters? Answer yes or no: ",-0.758691132068634,-1.0082132816314697,-3.0106544494628906,-4.716686248779297,-3.0577354431152344,-4.419254302978516
167,I prefer daxes to feps because I love blue flowers.,daxes are blue flowers.,43_3_preference_daxes_because_feps_daxes are blue flowers._love,feps are blue flowers.,43_3_preference_daxes_because_feps_feps are blue flowers._love,daxes,feps,"Given the following statement:
I prefer daxes to feps because I love blue flowers.

Produce a valid conclusion: ","Given the following statement:
I prefer daxes to feps because I love blue flowers.

Is it true that daxes are blue flowers? Answer yes or no: ","Given the following statement:
I prefer daxes to feps because I love blue flowers.

Is it true that feps are blue flowers? Answer yes or no: ",-1.1370735168457031,-1.4615402221679688,-2.431140899658203,-4.549018859863281,-2.5738983154296875,-4.579559326171875
168,"wugfest happened. Afterwards, blicketbash happened.",wugfest occured before blicketbash.,12_2_temporal_wugfest_afterwards_blicketbash_wugfest occured before blicketbash._before,blicketbash occured before wugfest.,12_2_temporal_wugfest_afterwards_blicketbash_blicketbash occured before wugfest._before,wugfest,blicketbash,"Given the following statement:
wugfest happened. Afterwards, blicketbash happened.

Produce a valid conclusion: ","Given the following statement:
wugfest happened. Afterwards, blicketbash happened.

Is it true that wugfest occured before blicketbash? Answer yes or no: ","Given the following statement:
wugfest happened. Afterwards, blicketbash happened.

Is it true that blicketbash occured before wugfest? Answer yes or no: ",-0.9632394313812256,-1.3052868843078613,-3.2948169708251953,-4.257143020629883,-3.269683837890625,-4.187044143676758
169,daxday happened even after fepfestival.,daxday occured before fepfestival.,89_9_temporal_daxday_even after_fepfestival_daxday occured before fepfestival._before,fepfestival occured before daxday.,89_9_temporal_daxday_even after_fepfestival_fepfestival occured before daxday._before,daxday,fepfestival,"Given the following statement:
daxday happened even after fepfestival.

Produce a valid conclusion: ","Given the following statement:
daxday happened even after fepfestival.

Is it true that daxday occured before fepfestival? Answer yes or no: ","Given the following statement:
daxday happened even after fepfestival.

Is it true that fepfestival occured before daxday? Answer yes or no: ",-1.4058643579483032,-1.3991434574127197,-2.4539852142333984,-4.157318115234375,-2.416454315185547,-4.090717315673828
170,"I hate wugs, for example, geks are awful.",wugs are instances of geks.,4_4_instantiation_wugs_for example_geks_wugs are instances of geks._are,geks are instances of wugs.,4_4_instantiation_wugs_for example_geks_geks are instances of wugs._are,wugs,geks,"Given the following statement:
I hate wugs, for example, geks are awful.

Produce a valid conclusion: ","Given the following statement:
I hate wugs, for example, geks are awful.

Is it true that wugs are instances of geks? Answer yes or no: ","Given the following statement:
I hate wugs, for example, geks are awful.

Is it true that geks are instances of wugs? Answer yes or no: ",-1.760522723197937,-1.7369319200515747,-2.4404563903808594,-4.029754638671875,-2.424093246459961,-4.06072998046875
171,"Since I love mammals, I prefer daxes to blickets.",daxes are mammals.,122_2_preference_daxes_since_blickets_daxes are mammals._love,blickets are mammals.,122_2_preference_daxes_since_blickets_blickets are mammals._love,daxes,blickets,"Given the following statement:
Since I love mammals, I prefer daxes to blickets.

Produce a valid conclusion: ","Given the following statement:
Since I love mammals, I prefer daxes to blickets.

Is it true that daxes are mammals? Answer yes or no: ","Given the following statement:
Since I love mammals, I prefer daxes to blickets.

Is it true that blickets are mammals? Answer yes or no: ",-1.551181435585022,-2.2927727699279785,-2.1400985717773438,-4.763851165771484,-2.4580345153808594,-4.597389221191406
172,"I love insects. Therefore, I prefer wugs to daxes.",wugs are insects.,145_5_preference_wugs_therefore_daxes_wugs are insects._love,daxes are insects.,145_5_preference_wugs_therefore_daxes_daxes are insects._love,wugs,daxes,"Given the following statement:
I love insects. Therefore, I prefer wugs to daxes.

Produce a valid conclusion: ","Given the following statement:
I love insects. Therefore, I prefer wugs to daxes.

Is it true that wugs are insects? Answer yes or no: ","Given the following statement:
I love insects. Therefore, I prefer wugs to daxes.

Is it true that daxes are insects? Answer yes or no: ",-1.6934387683868408,-1.9221134185791016,-2.520235061645508,-4.711570739746094,-2.311555862426758,-4.637998580932617
173,"I find blickets, in particular, geks to be cute.",blickets are instances of geks.,30_10_instantiation_blickets_in particular_geks_blickets are instances of geks._are,geks are instances of blickets.,30_10_instantiation_blickets_in particular_geks_geks are instances of blickets._are,blickets,geks,"Given the following statement:
I find blickets, in particular, geks to be cute.

Produce a valid conclusion: ","Given the following statement:
I find blickets, in particular, geks to be cute.

Is it true that blickets are instances of geks? Answer yes or no: ","Given the following statement:
I find blickets, in particular, geks to be cute.

Is it true that geks are instances of blickets? Answer yes or no: ",-2.5341696739196777,-2.408207654953003,-2.544954299926758,-4.1556243896484375,-2.577056884765625,-4.387378692626953
174,wugfest happened before daxday.,wugfest occured before daxday.,52_2_temporal_wugfest_before_daxday_wugfest occured before daxday._before,daxday occured before wugfest.,52_2_temporal_wugfest_before_daxday_daxday occured before wugfest._before,wugfest,daxday,"Given the following statement:
wugfest happened before daxday.

Produce a valid conclusion: ","Given the following statement:
wugfest happened before daxday.

Is it true that wugfest occured before daxday? Answer yes or no: ","Given the following statement:
wugfest happened before daxday.

Is it true that daxday occured before wugfest? Answer yes or no: ",-0.8741613030433655,-0.951532244682312,-2.4088077545166016,-4.273736953735352,-2.4670066833496094,-4.191850662231445
175,I prefer wugs to daxes because I love fuzzy creatures.,wugs are fuzzy creatures.,41_1_preference_wugs_because_daxes_wugs are fuzzy creatures._love,daxes are fuzzy creatures.,41_1_preference_wugs_because_daxes_daxes are fuzzy creatures._love,wugs,daxes,"Given the following statement:
I prefer wugs to daxes because I love fuzzy creatures.

Produce a valid conclusion: ","Given the following statement:
I prefer wugs to daxes because I love fuzzy creatures.

Is it true that wugs are fuzzy creatures? Answer yes or no: ","Given the following statement:
I prefer wugs to daxes because I love fuzzy creatures.

Is it true that daxes are fuzzy creatures? Answer yes or no: ",-0.8384847640991211,-1.0141369104385376,-2.6869564056396484,-4.644039154052734,-2.4980430603027344,-4.580739974975586
176,"I prefer Wugsville to Daxburgh, however, I hate warm weather.",Wugsville has warm weather.,108_8_preference_Wugsville_however_Daxburgh_Wugsville has warm weather._hate,Daxburgh has warm weather.,108_8_preference_Wugsville_however_Daxburgh_Daxburgh has warm weather._hate,Wugsville,Daxburgh,"Given the following statement:
I prefer Wugsville to Daxburgh, however, I hate warm weather.

Produce a valid conclusion: ","Given the following statement:
I prefer Wugsville to Daxburgh, however, I hate warm weather.

Is it true that Wugsville has warm weather? Answer yes or no: ","Given the following statement:
I prefer Wugsville to Daxburgh, however, I hate warm weather.

Is it true that Daxburgh has warm weather? Answer yes or no: ",-1.0893536806106567,-1.6829782724380493,-2.808408737182617,-4.695365905761719,-2.771514892578125,-4.492668151855469
177,"Even though gekxtravaganza had happened, wugfest happened.",wugfest occured after gekxtravaganza.,107_7_temporal_wugfest_even though_gekxtravaganza_wugfest occured after gekxtravaganza._after,gekxtravaganza occured after wugfest.,107_7_temporal_wugfest_even though_gekxtravaganza_gekxtravaganza occured after wugfest._after,wugfest,gekxtravaganza,"Given the following statement:
Even though gekxtravaganza had happened, wugfest happened.

Produce a valid conclusion: ","Given the following statement:
Even though gekxtravaganza had happened, wugfest happened.

Is it true that wugfest occured after gekxtravaganza? Answer yes or no: ","Given the following statement:
Even though gekxtravaganza had happened, wugfest happened.

Is it true that gekxtravaganza occured after wugfest? Answer yes or no: ",-1.2008912563323975,-1.5051544904708862,-2.510171890258789,-4.28582763671875,-2.467334747314453,-4.19781494140625
178,"I hate snowy winters, yet I prefer Wugsville to Fepopolis.",Wugsville has snowy winters.,186_6_preference_Wugsville_yet_Fepopolis_Wugsville has snowy winters._hate,Fepopolis has snowy winters.,186_6_preference_Wugsville_yet_Fepopolis_Fepopolis has snowy winters._hate,Wugsville,Fepopolis,"Given the following statement:
I hate snowy winters, yet I prefer Wugsville to Fepopolis.

Produce a valid conclusion: ","Given the following statement:
I hate snowy winters, yet I prefer Wugsville to Fepopolis.

Is it true that Wugsville has snowy winters? Answer yes or no: ","Given the following statement:
I hate snowy winters, yet I prefer Wugsville to Fepopolis.

Is it true that Fepopolis has snowy winters? Answer yes or no: ",-1.1238281726837158,-0.9770826697349548,-2.808206558227539,-4.816679000854492,-2.7882633209228516,-4.793210983276367
179,"I prefer feps to blickets, as I love insects.",feps are insects.,15_5_preference_feps_as_blickets_feps are insects._love,blickets are insects.,15_5_preference_feps_as_blickets_blickets are insects._love,feps,blickets,"Given the following statement:
I prefer feps to blickets, as I love insects.

Produce a valid conclusion: ","Given the following statement:
I prefer feps to blickets, as I love insects.

Is it true that feps are insects? Answer yes or no: ","Given the following statement:
I prefer feps to blickets, as I love insects.

Is it true that blickets are insects? Answer yes or no: ",-1.6588226556777954,-3.284008026123047,-2.220806121826172,-4.525300979614258,-2.5764236450195312,-4.527286529541016
180,"I love warm weather. Thus, I prefer Wugsville to Blicketland.",Wugsville has warm weather.,168_8_preference_Wugsville_thus_Blicketland_Wugsville has warm weather._love,Blicketland has warm weather.,168_8_preference_Wugsville_thus_Blicketland_Blicketland has warm weather._love,Wugsville,Blicketland,"Given the following statement:
I love warm weather. Thus, I prefer Wugsville to Blicketland.

Produce a valid conclusion: ","Given the following statement:
I love warm weather. Thus, I prefer Wugsville to Blicketland.

Is it true that Wugsville has warm weather? Answer yes or no: ","Given the following statement:
I love warm weather. Thus, I prefer Wugsville to Blicketland.

Is it true that Blicketland has warm weather? Answer yes or no: ",-1.2297449111938477,-1.31059992313385,-2.939596176147461,-4.810522079467773,-2.985342025756836,-4.568658828735352
181,"While I prefer Blicketland to Gektopia, I hate living near mountains.",Blicketland has mountains.,177_7_preference_Blicketland_while_Gektopia_Blicketland has mountains._hate,Gektopia has mountains.,177_7_preference_Blicketland_while_Gektopia_Gektopia has mountains._hate,Blicketland,Gektopia,"Given the following statement:
While I prefer Blicketland to Gektopia, I hate living near mountains.

Produce a valid conclusion: ","Given the following statement:
While I prefer Blicketland to Gektopia, I hate living near mountains.

Is it true that Blicketland has mountains? Answer yes or no: ","Given the following statement:
While I prefer Blicketland to Gektopia, I hate living near mountains.

Is it true that Gektopia has mountains? Answer yes or no: ",-1.867721438407898,-1.6911404132843018,-3.0566158294677734,-4.633035659790039,-3.0537490844726562,-4.557229995727539
182,"While I prefer daxes to blickets, I love fuzzy creatures.",daxes are fuzzy creatures.,171_1_preference_daxes_while_blickets_daxes are fuzzy creatures._love,blickets are fuzzy creatures.,171_1_preference_daxes_while_blickets_blickets are fuzzy creatures._love,daxes,blickets,"Given the following statement:
While I prefer daxes to blickets, I love fuzzy creatures.

Produce a valid conclusion: ","Given the following statement:
While I prefer daxes to blickets, I love fuzzy creatures.

Is it true that daxes are fuzzy creatures? Answer yes or no: ","Given the following statement:
While I prefer daxes to blickets, I love fuzzy creatures.

Is it true that blickets are fuzzy creatures? Answer yes or no: ",-1.3205617666244507,-2.248154401779175,-2.268709182739258,-4.697736740112305,-2.6676883697509766,-4.568838119506836
183,"because blicketbash happened, fepfestival happened.",fepfestival occured before blicketbash.,43_3_temporal_fepfestival_because_blicketbash_fepfestival occured before blicketbash._before,blicketbash occured before fepfestival.,43_3_temporal_fepfestival_because_blicketbash_blicketbash occured before fepfestival._before,fepfestival,blicketbash,"Given the following statement:
because blicketbash happened, fepfestival happened.

Produce a valid conclusion: ","Given the following statement:
because blicketbash happened, fepfestival happened.

Is it true that fepfestival occured before blicketbash? Answer yes or no: ","Given the following statement:
because blicketbash happened, fepfestival happened.

Is it true that blicketbash occured before fepfestival? Answer yes or no: ",-1.518965244293213,-1.8212006092071533,-2.4721317291259766,-4.062952041625977,-2.5982284545898438,-4.0585479736328125
184,"I prefer Wugsville to Fepopolis, nevertheless, I hate warm weather.",Wugsville has warm weather.,118_8_preference_Wugsville_nevertheless_Fepopolis_Wugsville has warm weather._hate,Fepopolis has warm weather.,118_8_preference_Wugsville_nevertheless_Fepopolis_Fepopolis has warm weather._hate,Wugsville,Fepopolis,"Given the following statement:
I prefer Wugsville to Fepopolis, nevertheless, I hate warm weather.

Produce a valid conclusion: ","Given the following statement:
I prefer Wugsville to Fepopolis, nevertheless, I hate warm weather.

Is it true that Wugsville has warm weather? Answer yes or no: ","Given the following statement:
I prefer Wugsville to Fepopolis, nevertheless, I hate warm weather.

Is it true that Fepopolis has warm weather? Answer yes or no: ",-1.1722296476364136,-1.2457226514816284,-2.814647674560547,-5.040365219116211,-2.8188343048095703,-5.011236190795898
185,"I prefer Wugsville to Gektopia, although I love coastal cities.",Wugsville is a coastal city.,9_9_preference_Wugsville_although_Gektopia_Wugsville is a coastal city._love,Gektopia is a coastal city.,9_9_preference_Wugsville_although_Gektopia_Gektopia is a coastal city._love,Wugsville,Gektopia,"Given the following statement:
I prefer Wugsville to Gektopia, although I love coastal cities.

Produce a valid conclusion: ","Given the following statement:
I prefer Wugsville to Gektopia, although I love coastal cities.

Is it true that Wugsville is a coastal city? Answer yes or no: ","Given the following statement:
I prefer Wugsville to Gektopia, although I love coastal cities.

Is it true that Gektopia is a coastal city? Answer yes or no: ",-0.58258056640625,-0.7445166707038879,-2.5710678100585938,-4.565343856811523,-2.5807132720947266,-4.319896697998047
186,"Although I love mammals, I prefer daxes to blickets.",daxes are mammals.,2_2_preference_daxes_although_blickets_daxes are mammals._love,blickets are mammals.,2_2_preference_daxes_although_blickets_blickets are mammals._love,daxes,blickets,"Given the following statement:
Although I love mammals, I prefer daxes to blickets.

Produce a valid conclusion: ","Given the following statement:
Although I love mammals, I prefer daxes to blickets.

Is it true that daxes are mammals? Answer yes or no: ","Given the following statement:
Although I love mammals, I prefer daxes to blickets.

Is it true that blickets are mammals? Answer yes or no: ",-1.64006769657135,-2.2383923530578613,-2.1517162322998047,-4.801082611083984,-2.5188350677490234,-4.667959213256836
187,"As much as I love skyscrapers, I prefer Wugsville to Fepopolis.",Wugsville has skyscrapers.,40_10_preference_Wugsville_as much as_Fepopolis_Wugsville has skyscrapers._love,Fepopolis has skyscrapers.,40_10_preference_Wugsville_as much as_Fepopolis_Fepopolis has skyscrapers._love,Wugsville,Fepopolis,"Given the following statement:
As much as I love skyscrapers, I prefer Wugsville to Fepopolis.

Produce a valid conclusion: ","Given the following statement:
As much as I love skyscrapers, I prefer Wugsville to Fepopolis.

Is it true that Wugsville has skyscrapers? Answer yes or no: ","Given the following statement:
As much as I love skyscrapers, I prefer Wugsville to Fepopolis.

Is it true that Fepopolis has skyscrapers? Answer yes or no: ",-1.603737473487854,-1.3101238012313843,-3.0759525299072266,-5.021999359130859,-3.099720001220703,-4.972692489624023
188,"I prefer wugs to blickets, as I love bass instruments.",wugs are bass instruments.,14_4_preference_wugs_as_blickets_wugs are bass instruments._love,blickets are bass instruments.,14_4_preference_wugs_as_blickets_blickets are bass instruments._love,wugs,blickets,"Given the following statement:
I prefer wugs to blickets, as I love bass instruments.

Produce a valid conclusion: ","Given the following statement:
I prefer wugs to blickets, as I love bass instruments.

Is it true that wugs are bass instruments? Answer yes or no: ","Given the following statement:
I prefer wugs to blickets, as I love bass instruments.

Is it true that blickets are bass instruments? Answer yes or no: ",-1.0174217224121094,-2.0257813930511475,-2.662588119506836,-4.562328338623047,-2.655942916870117,-4.367156982421875
189,"As much as I hate living near mountains, I prefer Blicketland to Gektopia.",Blicketland has mountains.,37_7_preference_Blicketland_as much as_Gektopia_Blicketland has mountains._hate,Gektopia has mountains.,37_7_preference_Blicketland_as much as_Gektopia_Gektopia has mountains._hate,Blicketland,Gektopia,"Given the following statement:
As much as I hate living near mountains, I prefer Blicketland to Gektopia.

Produce a valid conclusion: ","Given the following statement:
As much as I hate living near mountains, I prefer Blicketland to Gektopia.

Is it true that Blicketland has mountains? Answer yes or no: ","Given the following statement:
As much as I hate living near mountains, I prefer Blicketland to Gektopia.

Is it true that Gektopia has mountains? Answer yes or no: ",-1.8662829399108887,-1.9448802471160889,-3.2919559478759766,-4.67619514465332,-3.2626590728759766,-4.557163238525391
190,"I hate mammals. For instance, I prefer daxes to feps.",daxes are mammals.,92_2_preference_daxes_for instance_feps_daxes are mammals._hate,feps are mammals.,92_2_preference_daxes_for instance_feps_feps are mammals._hate,daxes,feps,"Given the following statement:
I hate mammals. For instance, I prefer daxes to feps.

Produce a valid conclusion: ","Given the following statement:
I hate mammals. For instance, I prefer daxes to feps.

Is it true that daxes are mammals? Answer yes or no: ","Given the following statement:
I hate mammals. For instance, I prefer daxes to feps.

Is it true that feps are mammals? Answer yes or no: ",-1.3989540338516235,-1.7215912342071533,-2.2572593688964844,-4.352880477905273,-2.3379173278808594,-4.350713729858398
191,"I hate fuzzy creatures. Thus, I prefer daxes to geks.",daxes are fuzzy creatures.,161_1_preference_daxes_thus_geks_daxes are fuzzy creatures._hate,geks are fuzzy creatures.,161_1_preference_daxes_thus_geks_geks are fuzzy creatures._hate,daxes,geks,"Given the following statement:
I hate fuzzy creatures. Thus, I prefer daxes to geks.

Produce a valid conclusion: ","Given the following statement:
I hate fuzzy creatures. Thus, I prefer daxes to geks.

Is it true that daxes are fuzzy creatures? Answer yes or no: ","Given the following statement:
I hate fuzzy creatures. Thus, I prefer daxes to geks.

Is it true that geks are fuzzy creatures? Answer yes or no: ",-1.2063699960708618,-1.3069168329238892,-2.2974929809570312,-4.7456512451171875,-2.466094970703125,-4.722953796386719
192,wugfest happened as soon as blicketbash finished.,wugfest occured before blicketbash.,25_5_temporal_wugfest_as soon as_blicketbash_wugfest occured before blicketbash._before,blicketbash occured before wugfest.,25_5_temporal_wugfest_as soon as_blicketbash_blicketbash occured before wugfest._before,wugfest,blicketbash,"Given the following statement:
wugfest happened as soon as blicketbash finished.

Produce a valid conclusion: ","Given the following statement:
wugfest happened as soon as blicketbash finished.

Is it true that wugfest occured before blicketbash? Answer yes or no: ","Given the following statement:
wugfest happened as soon as blicketbash finished.

Is it true that blicketbash occured before wugfest? Answer yes or no: ",-0.9488980174064636,-1.185843586921692,-3.2365646362304688,-4.375812530517578,-3.33868408203125,-4.350883483886719
193,"I find daxes, in particular, geks to be cute.",daxes are instances of geks.,27_7_instantiation_daxes_in particular_geks_daxes are instances of geks._are,geks are instances of daxes.,27_7_instantiation_daxes_in particular_geks_geks are instances of daxes._are,daxes,geks,"Given the following statement:
I find daxes, in particular, geks to be cute.

Produce a valid conclusion: ","Given the following statement:
I find daxes, in particular, geks to be cute.

Is it true that daxes are instances of geks? Answer yes or no: ","Given the following statement:
I find daxes, in particular, geks to be cute.

Is it true that geks are instances of daxes? Answer yes or no: ",-2.352907180786133,-2.4613935947418213,-2.104991912841797,-4.134836196899414,-2.2213916778564453,-4.271221160888672
194,"Though I love blue flowers, I prefer blickets to geks.",blickets are blue flowers.,153_3_preference_blickets_though_geks_blickets are blue flowers._love,geks are blue flowers.,153_3_preference_blickets_though_geks_geks are blue flowers._love,blickets,geks,"Given the following statement:
Though I love blue flowers, I prefer blickets to geks.

Produce a valid conclusion: ","Given the following statement:
Though I love blue flowers, I prefer blickets to geks.

Is it true that blickets are blue flowers? Answer yes or no: ","Given the following statement:
Though I love blue flowers, I prefer blickets to geks.

Is it true that geks are blue flowers? Answer yes or no: ",-1.9812952280044556,-1.7570594549179077,-2.726114273071289,-4.584318161010742,-2.6052303314208984,-4.798299789428711
195,"Even though I love snowy winters, I prefer Wugsville to Fepopolis.",Wugsville has snowy winters.,66_6_preference_Wugsville_even though_Fepopolis_Wugsville has snowy winters._love,Fepopolis has snowy winters.,66_6_preference_Wugsville_even though_Fepopolis_Fepopolis has snowy winters._love,Wugsville,Fepopolis,"Given the following statement:
Even though I love snowy winters, I prefer Wugsville to Fepopolis.

Produce a valid conclusion: ","Given the following statement:
Even though I love snowy winters, I prefer Wugsville to Fepopolis.

Is it true that Wugsville has snowy winters? Answer yes or no: ","Given the following statement:
Even though I love snowy winters, I prefer Wugsville to Fepopolis.

Is it true that Fepopolis has snowy winters? Answer yes or no: ",-1.3536721467971802,-1.0866619348526,-3.069927215576172,-4.9927520751953125,-2.994661331176758,-4.972650527954102
196,"I prefer wugs to geks, however, I love insects.",wugs are insects.,105_5_preference_wugs_however_geks_wugs are insects._love,geks are insects.,105_5_preference_wugs_however_geks_geks are insects._love,wugs,geks,"Given the following statement:
I prefer wugs to geks, however, I love insects.

Produce a valid conclusion: ","Given the following statement:
I prefer wugs to geks, however, I love insects.

Is it true that wugs are insects? Answer yes or no: ","Given the following statement:
I prefer wugs to geks, however, I love insects.

Is it true that geks are insects? Answer yes or no: ",-1.225669503211975,-1.8633750677108765,-2.477783203125,-4.605892181396484,-2.5355701446533203,-4.6421661376953125
197,"fepfestival happened. Therefore, gekxtravaganza happened.",fepfestival occured after gekxtravaganza.,221_1_temporal_fepfestival_therefore_gekxtravaganza_fepfestival occured after gekxtravaganza._after,gekxtravaganza occured after fepfestival.,221_1_temporal_fepfestival_therefore_gekxtravaganza_gekxtravaganza occured after fepfestival._after,fepfestival,gekxtravaganza,"Given the following statement:
fepfestival happened. Therefore, gekxtravaganza happened.

Produce a valid conclusion: ","Given the following statement:
fepfestival happened. Therefore, gekxtravaganza happened.

Is it true that fepfestival occured after gekxtravaganza? Answer yes or no: ","Given the following statement:
fepfestival happened. Therefore, gekxtravaganza happened.

Is it true that gekxtravaganza occured after fepfestival? Answer yes or no: ",-1.4160335063934326,-2.0622129440307617,-2.312112808227539,-4.178003311157227,-2.2874755859375,-3.9845542907714844
198,"I hate coastal cities, though I prefer Wugsville to Blicketland.",Wugsville is a coastal city.,159_9_preference_Wugsville_though_Blicketland_Wugsville is a coastal city._hate,Blicketland is a coastal city.,159_9_preference_Wugsville_though_Blicketland_Blicketland is a coastal city._hate,Wugsville,Blicketland,"Given the following statement:
I hate coastal cities, though I prefer Wugsville to Blicketland.

Produce a valid conclusion: ","Given the following statement:
I hate coastal cities, though I prefer Wugsville to Blicketland.

Is it true that Wugsville is a coastal city? Answer yes or no: ","Given the following statement:
I hate coastal cities, though I prefer Wugsville to Blicketland.

Is it true that Blicketland is a coastal city? Answer yes or no: ",-0.7247860431671143,-0.7069679498672485,-2.559286117553711,-4.526836395263672,-2.600515365600586,-4.304534912109375
199,daxday happened after blicketbash.,daxday occured before blicketbash.,6_6_temporal_daxday_after_blicketbash_daxday occured before blicketbash._before,blicketbash occured before daxday.,6_6_temporal_daxday_after_blicketbash_blicketbash occured before daxday._before,daxday,blicketbash,"Given the following statement:
daxday happened after blicketbash.

Produce a valid conclusion: ","Given the following statement:
daxday happened after blicketbash.

Is it true that daxday occured before blicketbash? Answer yes or no: ","Given the following statement:
daxday happened after blicketbash.

Is it true that blicketbash occured before daxday? Answer yes or no: ",-0.9685430526733398,-1.2889518737792969,-2.985614776611328,-4.358570098876953,-3.2012271881103516,-4.3698272705078125
200,"I hate bass instruments. For instance, I prefer wugs to geks.",wugs are bass instruments.,94_4_preference_wugs_for instance_geks_wugs are bass instruments._hate,geks are bass instruments.,94_4_preference_wugs_for instance_geks_geks are bass instruments._hate,wugs,geks,"Given the following statement:
I hate bass instruments. For instance, I prefer wugs to geks.

Produce a valid conclusion: ","Given the following statement:
I hate bass instruments. For instance, I prefer wugs to geks.

Is it true that wugs are bass instruments? Answer yes or no: ","Given the following statement:
I hate bass instruments. For instance, I prefer wugs to geks.

Is it true that geks are bass instruments? Answer yes or no: ",-1.2910979986190796,-1.5794111490249634,-2.4319019317626953,-4.400604248046875,-2.489246368408203,-4.429264068603516
201,"I find feps such as geks, to be cute.",feps are instances of geks.,39_9_instantiation_feps_such as_geks_feps are instances of geks._are,geks are instances of feps.,39_9_instantiation_feps_such as_geks_geks are instances of feps._are,feps,geks,"Given the following statement:
I find feps such as geks, to be cute.

Produce a valid conclusion: ","Given the following statement:
I find feps such as geks, to be cute.

Is it true that feps are instances of geks? Answer yes or no: ","Given the following statement:
I find feps such as geks, to be cute.

Is it true that geks are instances of feps? Answer yes or no: ",-2.653075933456421,-2.737980365753174,-2.458881378173828,-4.318199157714844,-2.4744796752929688,-4.406198501586914
202,"I love snowy winters. Thus, I prefer Daxburgh to Gektopia.",Daxburgh has snowy winters.,166_6_preference_Daxburgh_thus_Gektopia_Daxburgh has snowy winters._love,Gektopia has snowy winters.,166_6_preference_Daxburgh_thus_Gektopia_Gektopia has snowy winters._love,Daxburgh,Gektopia,"Given the following statement:
I love snowy winters. Thus, I prefer Daxburgh to Gektopia.

Produce a valid conclusion: ","Given the following statement:
I love snowy winters. Thus, I prefer Daxburgh to Gektopia.

Is it true that Daxburgh has snowy winters? Answer yes or no: ","Given the following statement:
I love snowy winters. Thus, I prefer Daxburgh to Gektopia.

Is it true that Gektopia has snowy winters? Answer yes or no: ",-1.6919907331466675,-1.4989455938339233,-2.9334068298339844,-4.652082443237305,-2.9889278411865234,-4.529096603393555
203,"wugfest happened. Later, daxday happened.",wugfest occured before daxday.,139_9_temporal_wugfest_later_daxday_wugfest occured before daxday._before,daxday occured before wugfest.,139_9_temporal_wugfest_later_daxday_daxday occured before wugfest._before,wugfest,daxday,"Given the following statement:
wugfest happened. Later, daxday happened.

Produce a valid conclusion: ","Given the following statement:
wugfest happened. Later, daxday happened.

Is it true that wugfest occured before daxday? Answer yes or no: ","Given the following statement:
wugfest happened. Later, daxday happened.

Is it true that daxday occured before wugfest? Answer yes or no: ",-1.0495562553405762,-1.170809268951416,-2.553668975830078,-4.223970413208008,-2.471406936645508,-4.0596923828125
204,wugfest happened even though fepfestival had happened.,wugfest occured before fepfestival.,108_8_temporal_wugfest_even though_fepfestival_wugfest occured before fepfestival._before,fepfestival occured before wugfest.,108_8_temporal_wugfest_even though_fepfestival_fepfestival occured before wugfest._before,wugfest,fepfestival,"Given the following statement:
wugfest happened even though fepfestival had happened.

Produce a valid conclusion: ","Given the following statement:
wugfest happened even though fepfestival had happened.

Is it true that wugfest occured before fepfestival? Answer yes or no: ","Given the following statement:
wugfest happened even though fepfestival had happened.

Is it true that fepfestival occured before wugfest? Answer yes or no: ",-1.2298846244812012,-1.2346948385238647,-2.5065250396728516,-4.375925064086914,-2.4540958404541016,-4.267732620239258
205,"As much as I love warm weather, I prefer Daxburgh to Gektopia.",Daxburgh has warm weather.,38_8_preference_Daxburgh_as much as_Gektopia_Daxburgh has warm weather._love,Gektopia has warm weather.,38_8_preference_Daxburgh_as much as_Gektopia_Gektopia has warm weather._love,Daxburgh,Gektopia,"Given the following statement:
As much as I love warm weather, I prefer Daxburgh to Gektopia.

Produce a valid conclusion: ","Given the following statement:
As much as I love warm weather, I prefer Daxburgh to Gektopia.

Is it true that Daxburgh has warm weather? Answer yes or no: ","Given the following statement:
As much as I love warm weather, I prefer Daxburgh to Gektopia.

Is it true that Gektopia has warm weather? Answer yes or no: ",-1.9675456285476685,-1.6278499364852905,-3.120035171508789,-4.9888916015625,-3.1731109619140625,-4.780345916748047
206,"I like wugs, for instance, blickets are nice.",wugs are instances of blickets.,13_3_instantiation_wugs_for instance_blickets_wugs are instances of blickets._are,blickets are instances of wugs.,13_3_instantiation_wugs_for instance_blickets_blickets are instances of wugs._are,wugs,blickets,"Given the following statement:
I like wugs, for instance, blickets are nice.

Produce a valid conclusion: ","Given the following statement:
I like wugs, for instance, blickets are nice.

Is it true that wugs are instances of blickets? Answer yes or no: ","Given the following statement:
I like wugs, for instance, blickets are nice.

Is it true that blickets are instances of wugs? Answer yes or no: ",-1.2791495323181152,-1.5217337608337402,-2.8488540649414062,-4.338504791259766,-2.7355422973632812,-4.178823471069336
207,"While I prefer Wugsville to Gektopia, I love snowy winters.",Wugsville has snowy winters.,176_6_preference_Wugsville_while_Gektopia_Wugsville has snowy winters._love,Gektopia has snowy winters.,176_6_preference_Wugsville_while_Gektopia_Gektopia has snowy winters._love,Wugsville,Gektopia,"Given the following statement:
While I prefer Wugsville to Gektopia, I love snowy winters.

Produce a valid conclusion: ","Given the following statement:
While I prefer Wugsville to Gektopia, I love snowy winters.

Is it true that Wugsville has snowy winters? Answer yes or no: ","Given the following statement:
While I prefer Wugsville to Gektopia, I love snowy winters.

Is it true that Gektopia has snowy winters? Answer yes or no: ",-0.957386314868927,-1.0772336721420288,-3.010028839111328,-4.615810394287109,-2.9570178985595703,-4.3858642578125
208,blicketbash happened as a result of wugfest.,wugfest occured after blicketbash.,33_3_temporal_wugfest_as a result_blicketbash_wugfest occured after blicketbash._after,blicketbash occured after wugfest.,33_3_temporal_wugfest_as a result_blicketbash_blicketbash occured after wugfest._after,wugfest,blicketbash,"Given the following statement:
blicketbash happened as a result of wugfest.

Produce a valid conclusion: ","Given the following statement:
blicketbash happened as a result of wugfest.

Is it true that wugfest occured after blicketbash? Answer yes or no: ","Given the following statement:
blicketbash happened as a result of wugfest.

Is it true that blicketbash occured after wugfest? Answer yes or no: ",-1.459402084350586,-1.236584186553955,-2.7314834594726562,-4.152307510375977,-2.7297325134277344,-4.2337493896484375
209,"While I prefer daxes to geks, I hate bass instruments.",daxes are bass instruments.,174_4_preference_daxes_while_geks_daxes are bass instruments._hate,geks are bass instruments.,174_4_preference_daxes_while_geks_geks are bass instruments._hate,daxes,geks,"Given the following statement:
While I prefer daxes to geks, I hate bass instruments.

Produce a valid conclusion: ","Given the following statement:
While I prefer daxes to geks, I hate bass instruments.

Is it true that daxes are bass instruments? Answer yes or no: ","Given the following statement:
While I prefer daxes to geks, I hate bass instruments.

Is it true that geks are bass instruments? Answer yes or no: ",-1.5375837087631226,-1.9769481420516968,-2.3807830810546875,-4.978534698486328,-2.5574092864990234,-4.859739303588867
210,"I prefer Wugsville to Gektopia, as I hate warm weather.",Wugsville has warm weather.,18_8_preference_Wugsville_as_Gektopia_Wugsville has warm weather._hate,Gektopia has warm weather.,18_8_preference_Wugsville_as_Gektopia_Gektopia has warm weather._hate,Wugsville,Gektopia,"Given the following statement:
I prefer Wugsville to Gektopia, as I hate warm weather.

Produce a valid conclusion: ","Given the following statement:
I prefer Wugsville to Gektopia, as I hate warm weather.

Is it true that Wugsville has warm weather? Answer yes or no: ","Given the following statement:
I prefer Wugsville to Gektopia, as I hate warm weather.

Is it true that Gektopia has warm weather? Answer yes or no: ",-0.9908978343009949,-1.0497468709945679,-2.7811031341552734,-4.703020095825195,-2.736104965209961,-4.467994689941406
211,"I love warm weather. For example, I prefer Daxburgh to Fepopolis.",Daxburgh has warm weather.,88_8_preference_Daxburgh_for example_Fepopolis_Daxburgh has warm weather._love,Fepopolis has warm weather.,88_8_preference_Daxburgh_for example_Fepopolis_Fepopolis has warm weather._love,Daxburgh,Fepopolis,"Given the following statement:
I love warm weather. For example, I prefer Daxburgh to Fepopolis.

Produce a valid conclusion: ","Given the following statement:
I love warm weather. For example, I prefer Daxburgh to Fepopolis.

Is it true that Daxburgh has warm weather? Answer yes or no: ","Given the following statement:
I love warm weather. For example, I prefer Daxburgh to Fepopolis.

Is it true that Fepopolis has warm weather? Answer yes or no: ",-1.5984116792678833,-1.1065828800201416,-2.7598323822021484,-4.527547836303711,-2.824573516845703,-4.66534423828125
212,"Even though I love mammals, I prefer wugs to blickets.",wugs are mammals.,62_2_preference_wugs_even though_blickets_wugs are mammals._love,blickets are mammals.,62_2_preference_wugs_even though_blickets_blickets are mammals._love,wugs,blickets,"Given the following statement:
Even though I love mammals, I prefer wugs to blickets.

Produce a valid conclusion: ","Given the following statement:
Even though I love mammals, I prefer wugs to blickets.

Is it true that wugs are mammals? Answer yes or no: ","Given the following statement:
Even though I love mammals, I prefer wugs to blickets.

Is it true that blickets are mammals? Answer yes or no: ",-1.3432302474975586,-2.038735866546631,-2.6051788330078125,-4.949254989624023,-2.6700668334960938,-4.853742599487305
213,"I prefer Wugsville to Gektopia, since I hate living near mountains.",Wugsville has mountains.,127_7_preference_Wugsville_since_Gektopia_Wugsville has mountains._hate,Gektopia has mountains.,127_7_preference_Wugsville_since_Gektopia_Gektopia has mountains._hate,Wugsville,Gektopia,"Given the following statement:
I prefer Wugsville to Gektopia, since I hate living near mountains.

Produce a valid conclusion: ","Given the following statement:
I prefer Wugsville to Gektopia, since I hate living near mountains.

Is it true that Wugsville has mountains? Answer yes or no: ","Given the following statement:
I prefer Wugsville to Gektopia, since I hate living near mountains.

Is it true that Gektopia has mountains? Answer yes or no: ",-1.1665725708007812,-1.3148387670516968,-2.826984405517578,-4.826023101806641,-2.7583084106445312,-4.656703948974609
214,"I like daxes, for example, blickets are nice.",daxes are instances of blickets.,6_6_instantiation_daxes_for example_blickets_daxes are instances of blickets._are,blickets are instances of daxes.,6_6_instantiation_daxes_for example_blickets_blickets are instances of daxes._are,daxes,blickets,"Given the following statement:
I like daxes, for example, blickets are nice.

Produce a valid conclusion: ","Given the following statement:
I like daxes, for example, blickets are nice.

Is it true that daxes are instances of blickets? Answer yes or no: ","Given the following statement:
I like daxes, for example, blickets are nice.

Is it true that blickets are instances of daxes? Answer yes or no: ",-1.799236536026001,-2.0111188888549805,-2.4170799255371094,-4.244209289550781,-2.479372024536133,-4.215559005737305
215,"fepfestival happened. Subsequently, gekxtravaganza happened.",fepfestival occured after gekxtravaganza.,198_8_temporal_fepfestival_subsequently_gekxtravaganza_fepfestival occured after gekxtravaganza._after,gekxtravaganza occured after fepfestival.,198_8_temporal_fepfestival_subsequently_gekxtravaganza_gekxtravaganza occured after fepfestival._after,fepfestival,gekxtravaganza,"Given the following statement:
fepfestival happened. Subsequently, gekxtravaganza happened.

Produce a valid conclusion: ","Given the following statement:
fepfestival happened. Subsequently, gekxtravaganza happened.

Is it true that fepfestival occured after gekxtravaganza? Answer yes or no: ","Given the following statement:
fepfestival happened. Subsequently, gekxtravaganza happened.

Is it true that gekxtravaganza occured after fepfestival? Answer yes or no: ",-1.0052313804626465,-1.6053390502929688,-2.434141159057617,-3.9836368560791016,-2.434324264526367,-3.8104076385498047
216,"I find wugs such as daxes, to be awful.",wugs are instances of daxes.,31_1_instantiation_wugs_such as_daxes_wugs are instances of daxes._are,daxes are instances of wugs.,31_1_instantiation_wugs_such as_daxes_daxes are instances of wugs._are,wugs,daxes,"Given the following statement:
I find wugs such as daxes, to be awful.

Produce a valid conclusion: ","Given the following statement:
I find wugs such as daxes, to be awful.

Is it true that wugs are instances of daxes? Answer yes or no: ","Given the following statement:
I find wugs such as daxes, to be awful.

Is it true that daxes are instances of wugs? Answer yes or no: ",-1.847050666809082,-1.8690459728240967,-2.523303985595703,-4.488914489746094,-2.3212032318115234,-4.322729110717773
217,"I find wugs, in particular, daxes to be awful.",wugs are instances of daxes.,21_1_instantiation_wugs_in particular_daxes_wugs are instances of daxes._are,daxes are instances of wugs.,21_1_instantiation_wugs_in particular_daxes_daxes are instances of wugs._are,wugs,daxes,"Given the following statement:
I find wugs, in particular, daxes to be awful.

Produce a valid conclusion: ","Given the following statement:
I find wugs, in particular, daxes to be awful.

Is it true that wugs are instances of daxes? Answer yes or no: ","Given the following statement:
I find wugs, in particular, daxes to be awful.

Is it true that daxes are instances of wugs? Answer yes or no: ",-1.8561192750930786,-1.8479830026626587,-2.4029312133789062,-4.352609634399414,-2.2468833923339844,-4.189361572265625
218,"As much as I hate snowy winters, I prefer Wugsville to Gektopia.",Wugsville has snowy winters.,36_6_preference_Wugsville_as much as_Gektopia_Wugsville has snowy winters._hate,Gektopia has snowy winters.,36_6_preference_Wugsville_as much as_Gektopia_Gektopia has snowy winters._hate,Wugsville,Gektopia,"Given the following statement:
As much as I hate snowy winters, I prefer Wugsville to Gektopia.

Produce a valid conclusion: ","Given the following statement:
As much as I hate snowy winters, I prefer Wugsville to Gektopia.

Is it true that Wugsville has snowy winters? Answer yes or no: ","Given the following statement:
As much as I hate snowy winters, I prefer Wugsville to Gektopia.

Is it true that Gektopia has snowy winters? Answer yes or no: ",-1.267243504524231,-1.4288619756698608,-3.2058448791503906,-4.869174957275391,-3.1543750762939453,-4.614189147949219
219,I prefer Wugsville to Gektopia because I love skyscrapers.,Wugsville has skyscrapers.,50_10_preference_Wugsville_because_Gektopia_Wugsville has skyscrapers._love,Gektopia has skyscrapers.,50_10_preference_Wugsville_because_Gektopia_Gektopia has skyscrapers._love,Wugsville,Gektopia,"Given the following statement:
I prefer Wugsville to Gektopia because I love skyscrapers.

Produce a valid conclusion: ","Given the following statement:
I prefer Wugsville to Gektopia because I love skyscrapers.

Is it true that Wugsville has skyscrapers? Answer yes or no: ","Given the following statement:
I prefer Wugsville to Gektopia because I love skyscrapers.

Is it true that Gektopia has skyscrapers? Answer yes or no: ",-0.8904027938842773,-1.2472587823867798,-2.554880142211914,-4.63438606262207,-2.6005420684814453,-4.375694274902344
220,"I hate skyscrapers. For example, I prefer Fepopolis to Blicketland.",Fepopolis has skyscrapers.,90_10_preference_Fepopolis_for example_Blicketland_Fepopolis has skyscrapers._hate,Blicketland has skyscrapers.,90_10_preference_Fepopolis_for example_Blicketland_Blicketland has skyscrapers._hate,Fepopolis,Blicketland,"Given the following statement:
I hate skyscrapers. For example, I prefer Fepopolis to Blicketland.

Produce a valid conclusion: ","Given the following statement:
I hate skyscrapers. For example, I prefer Fepopolis to Blicketland.

Is it true that Fepopolis has skyscrapers? Answer yes or no: ","Given the following statement:
I hate skyscrapers. For example, I prefer Fepopolis to Blicketland.

Is it true that Blicketland has skyscrapers? Answer yes or no: ",-1.3628066778182983,-1.7628148794174194,-2.6557559967041016,-4.627717971801758,-2.6783103942871094,-4.383935928344727
221,"I find wugs such as feps, to be awful.",wugs are instances of feps.,32_2_instantiation_wugs_such as_feps_wugs are instances of feps._are,feps are instances of wugs.,32_2_instantiation_wugs_such as_feps_feps are instances of wugs._are,wugs,feps,"Given the following statement:
I find wugs such as feps, to be awful.

Produce a valid conclusion: ","Given the following statement:
I find wugs such as feps, to be awful.

Is it true that wugs are instances of feps? Answer yes or no: ","Given the following statement:
I find wugs such as feps, to be awful.

Is it true that feps are instances of wugs? Answer yes or no: ",-1.8318283557891846,-1.9396436214447021,-2.3835220336914062,-4.400604248046875,-2.3934326171875,-4.38783073425293
222,fepfestival happened even though gekxtravaganza had happened.,fepfestival occured before gekxtravaganza.,103_3_temporal_fepfestival_even though_gekxtravaganza_fepfestival occured before gekxtravaganza._before,gekxtravaganza occured before fepfestival.,103_3_temporal_fepfestival_even though_gekxtravaganza_gekxtravaganza occured before fepfestival._before,fepfestival,gekxtravaganza,"Given the following statement:
fepfestival happened even though gekxtravaganza had happened.

Produce a valid conclusion: ","Given the following statement:
fepfestival happened even though gekxtravaganza had happened.

Is it true that fepfestival occured before gekxtravaganza? Answer yes or no: ","Given the following statement:
fepfestival happened even though gekxtravaganza had happened.

Is it true that gekxtravaganza occured before fepfestival? Answer yes or no: ",-0.9569448828697205,-1.4708234071731567,-2.6071033477783203,-4.385997772216797,-2.704021453857422,-4.3061065673828125
223,"I find feps, in particular, blickets to be awful.",feps are instances of blickets.,28_8_instantiation_feps_in particular_blickets_feps are instances of blickets._are,blickets are instances of feps.,28_8_instantiation_feps_in particular_blickets_blickets are instances of feps._are,feps,blickets,"Given the following statement:
I find feps, in particular, blickets to be awful.

Produce a valid conclusion: ","Given the following statement:
I find feps, in particular, blickets to be awful.

Is it true that feps are instances of blickets? Answer yes or no: ","Given the following statement:
I find feps, in particular, blickets to be awful.

Is it true that blickets are instances of feps? Answer yes or no: ",-2.2247588634490967,-2.701289653778076,-2.346273422241211,-4.338893890380859,-2.2058582305908203,-4.19390869140625
224,"I like daxes, for example, feps are nice.",daxes are instances of feps.,5_5_instantiation_daxes_for example_feps_daxes are instances of feps._are,feps are instances of daxes.,5_5_instantiation_daxes_for example_feps_feps are instances of daxes._are,daxes,feps,"Given the following statement:
I like daxes, for example, feps are nice.

Produce a valid conclusion: ","Given the following statement:
I like daxes, for example, feps are nice.

Is it true that daxes are instances of feps? Answer yes or no: ","Given the following statement:
I like daxes, for example, feps are nice.

Is it true that feps are instances of daxes? Answer yes or no: ",-1.5647971630096436,-1.479455828666687,-1.741119384765625,-3.671041488647461,-1.817270278930664,-3.545299530029297
225,"I hate insects. For instance, I prefer wugs to feps.",wugs are insects.,95_5_preference_wugs_for instance_feps_wugs are insects._hate,feps are insects.,95_5_preference_wugs_for instance_feps_feps are insects._hate,wugs,feps,"Given the following statement:
I hate insects. For instance, I prefer wugs to feps.

Produce a valid conclusion: ","Given the following statement:
I hate insects. For instance, I prefer wugs to feps.

Is it true that wugs are insects? Answer yes or no: ","Given the following statement:
I hate insects. For instance, I prefer wugs to feps.

Is it true that feps are insects? Answer yes or no: ",-1.3520008325576782,-1.6117569208145142,-2.307352066040039,-4.454294204711914,-2.2867660522460938,-4.4325103759765625
226,"While I prefer wugs to geks, I love insects.",wugs are insects.,175_5_preference_wugs_while_geks_wugs are insects._love,geks are insects.,175_5_preference_wugs_while_geks_geks are insects._love,wugs,geks,"Given the following statement:
While I prefer wugs to geks, I love insects.

Produce a valid conclusion: ","Given the following statement:
While I prefer wugs to geks, I love insects.

Is it true that wugs are insects? Answer yes or no: ","Given the following statement:
While I prefer wugs to geks, I love insects.

Is it true that geks are insects? Answer yes or no: ",-1.311010718345642,-1.812516450881958,-2.4762210845947266,-4.580108642578125,-2.475404739379883,-4.575586318969727
227,"I love coastal cities. For instance, I prefer Wugsville to Daxburgh.",Wugsville is a coastal city.,99_9_preference_Wugsville_for instance_Daxburgh_Wugsville is a coastal city._love,Daxburgh is a coastal city.,99_9_preference_Wugsville_for instance_Daxburgh_Daxburgh is a coastal city._love,Wugsville,Daxburgh,"Given the following statement:
I love coastal cities. For instance, I prefer Wugsville to Daxburgh.

Produce a valid conclusion: ","Given the following statement:
I love coastal cities. For instance, I prefer Wugsville to Daxburgh.

Is it true that Wugsville is a coastal city? Answer yes or no: ","Given the following statement:
I love coastal cities. For instance, I prefer Wugsville to Daxburgh.

Is it true that Daxburgh is a coastal city? Answer yes or no: ",-0.5391900539398193,-1.0155274868011475,-2.5385284423828125,-4.445350646972656,-2.583005905151367,-4.314115524291992
228,"I hate mammals. Thus, I prefer wugs to blickets.",wugs are mammals.,162_2_preference_wugs_thus_blickets_wugs are mammals._hate,blickets are mammals.,162_2_preference_wugs_thus_blickets_blickets are mammals._hate,wugs,blickets,"Given the following statement:
I hate mammals. Thus, I prefer wugs to blickets.

Produce a valid conclusion: ","Given the following statement:
I hate mammals. Thus, I prefer wugs to blickets.

Is it true that wugs are mammals? Answer yes or no: ","Given the following statement:
I hate mammals. Thus, I prefer wugs to blickets.

Is it true that blickets are mammals? Answer yes or no: ",-1.4400593042373657,-2.1355323791503906,-2.7294769287109375,-4.729890823364258,-2.9239540100097656,-4.618560791015625
229,"I prefer wugs to feps, for I love bass instruments.",wugs are bass instruments.,74_4_preference_wugs_for_feps_wugs are bass instruments._love,feps are bass instruments.,74_4_preference_wugs_for_feps_feps are bass instruments._love,wugs,feps,"Given the following statement:
I prefer wugs to feps, for I love bass instruments.

Produce a valid conclusion: ","Given the following statement:
I prefer wugs to feps, for I love bass instruments.

Is it true that wugs are bass instruments? Answer yes or no: ","Given the following statement:
I prefer wugs to feps, for I love bass instruments.

Is it true that feps are bass instruments? Answer yes or no: ",-1.0131715536117554,-1.4377645254135132,-2.598522186279297,-4.588108062744141,-2.568115234375,-4.550159454345703
230,"I love bass instruments. Thus, I prefer daxes to feps.",daxes are bass instruments.,164_4_preference_daxes_thus_feps_daxes are bass instruments._love,feps are bass instruments.,164_4_preference_daxes_thus_feps_feps are bass instruments._love,daxes,feps,"Given the following statement:
I love bass instruments. Thus, I prefer daxes to feps.

Produce a valid conclusion: ","Given the following statement:
I love bass instruments. Thus, I prefer daxes to feps.

Is it true that daxes are bass instruments? Answer yes or no: ","Given the following statement:
I love bass instruments. Thus, I prefer daxes to feps.

Is it true that feps are bass instruments? Answer yes or no: ",-1.3154808282852173,-1.4399919509887695,-2.2019901275634766,-4.558034896850586,-2.2298507690429688,-4.415822982788086
231,"I hate coastal cities. Therefore, I prefer Wugsville to Blicketland.",Wugsville is a coastal city.,149_9_preference_Wugsville_therefore_Blicketland_Wugsville is a coastal city._hate,Blicketland is a coastal city.,149_9_preference_Wugsville_therefore_Blicketland_Blicketland is a coastal city._hate,Wugsville,Blicketland,"Given the following statement:
I hate coastal cities. Therefore, I prefer Wugsville to Blicketland.

Produce a valid conclusion: ","Given the following statement:
I hate coastal cities. Therefore, I prefer Wugsville to Blicketland.

Is it true that Wugsville is a coastal city? Answer yes or no: ","Given the following statement:
I hate coastal cities. Therefore, I prefer Wugsville to Blicketland.

Is it true that Blicketland is a coastal city? Answer yes or no: ",-1.0477012395858765,-1.2347532510757446,-2.615537643432617,-4.899236679077148,-2.629077911376953,-4.539590835571289
232,"While I hate skyscrapers, I prefer Wugsville to Daxburgh.",Wugsville has skyscrapers.,180_10_preference_Wugsville_while_Daxburgh_Wugsville has skyscrapers._hate,Daxburgh has skyscrapers.,180_10_preference_Wugsville_while_Daxburgh_Daxburgh has skyscrapers._hate,Wugsville,Daxburgh,"Given the following statement:
While I hate skyscrapers, I prefer Wugsville to Daxburgh.

Produce a valid conclusion: ","Given the following statement:
While I hate skyscrapers, I prefer Wugsville to Daxburgh.

Is it true that Wugsville has skyscrapers? Answer yes or no: ","Given the following statement:
While I hate skyscrapers, I prefer Wugsville to Daxburgh.

Is it true that Daxburgh has skyscrapers? Answer yes or no: ",-1.297627329826355,-1.9164339303970337,-2.8435287475585938,-4.516841888427734,-2.744762420654297,-4.246034622192383
233,"wugfest happened. Finally, daxday happened.",wugfest occured after daxday.,114_4_temporal_wugfest_finally_daxday_wugfest occured after daxday._after,daxday occured after wugfest.,114_4_temporal_wugfest_finally_daxday_daxday occured after wugfest._after,wugfest,daxday,"Given the following statement:
wugfest happened. Finally, daxday happened.

Produce a valid conclusion: ","Given the following statement:
wugfest happened. Finally, daxday happened.

Is it true that wugfest occured after daxday? Answer yes or no: ","Given the following statement:
wugfest happened. Finally, daxday happened.

Is it true that daxday occured after wugfest? Answer yes or no: ",-1.307845115661621,-1.2997195720672607,-2.363431930541992,-4.04725456237793,-2.3094730377197266,-3.906461715698242
234,"Although I love blue flowers, I prefer wugs to blickets.",wugs are blue flowers.,3_3_preference_wugs_although_blickets_wugs are blue flowers._love,blickets are blue flowers.,3_3_preference_wugs_although_blickets_blickets are blue flowers._love,wugs,blickets,"Given the following statement:
Although I love blue flowers, I prefer wugs to blickets.

Produce a valid conclusion: ","Given the following statement:
Although I love blue flowers, I prefer wugs to blickets.

Is it true that wugs are blue flowers? Answer yes or no: ","Given the following statement:
Although I love blue flowers, I prefer wugs to blickets.

Is it true that blickets are blue flowers? Answer yes or no: ",-1.4290319681167603,-2.258112668991089,-2.5311946868896484,-4.511907577514648,-2.7645740509033203,-4.398099899291992
235,"I prefer blickets to geks, since I hate fuzzy creatures.",blickets are fuzzy creatures.,121_1_preference_blickets_since_geks_blickets are fuzzy creatures._hate,geks are fuzzy creatures.,121_1_preference_blickets_since_geks_geks are fuzzy creatures._hate,blickets,geks,"Given the following statement:
I prefer blickets to geks, since I hate fuzzy creatures.

Produce a valid conclusion: ","Given the following statement:
I prefer blickets to geks, since I hate fuzzy creatures.

Is it true that blickets are fuzzy creatures? Answer yes or no: ","Given the following statement:
I prefer blickets to geks, since I hate fuzzy creatures.

Is it true that geks are fuzzy creatures? Answer yes or no: ",-1.6582403182983398,-1.5363315343856812,-2.950704574584961,-4.750942230224609,-2.6935977935791016,-4.9015960693359375
236,fepfestival happened even after blicketbash.,fepfestival occured before blicketbash.,90_10_temporal_fepfestival_even after_blicketbash_fepfestival occured before blicketbash._before,blicketbash occured before fepfestival.,90_10_temporal_fepfestival_even after_blicketbash_blicketbash occured before fepfestival._before,fepfestival,blicketbash,"Given the following statement:
fepfestival happened even after blicketbash.

Produce a valid conclusion: ","Given the following statement:
fepfestival happened even after blicketbash.

Is it true that fepfestival occured before blicketbash? Answer yes or no: ","Given the following statement:
fepfestival happened even after blicketbash.

Is it true that blicketbash occured before fepfestival? Answer yes or no: ",-1.0047879219055176,-1.8819745779037476,-2.751344680786133,-4.391181945800781,-2.8852596282958984,-4.311859130859375
237,I prefer Daxburgh to Blicketland because I hate living near mountains.,Daxburgh has mountains.,47_7_preference_Daxburgh_because_Blicketland_Daxburgh has mountains._hate,Blicketland has mountains.,47_7_preference_Daxburgh_because_Blicketland_Blicketland has mountains._hate,Daxburgh,Blicketland,"Given the following statement:
I prefer Daxburgh to Blicketland because I hate living near mountains.

Produce a valid conclusion: ","Given the following statement:
I prefer Daxburgh to Blicketland because I hate living near mountains.

Is it true that Daxburgh has mountains? Answer yes or no: ","Given the following statement:
I prefer Daxburgh to Blicketland because I hate living near mountains.

Is it true that Blicketland has mountains? Answer yes or no: ",-2.0676629543304443,-1.5784507989883423,-2.963481903076172,-4.8451080322265625,-3.164804458618164,-4.840826034545898
238,"I prefer daxes to geks, nevertheless, I hate fuzzy creatures.",daxes are fuzzy creatures.,111_1_preference_daxes_nevertheless_geks_daxes are fuzzy creatures._hate,geks are fuzzy creatures.,111_1_preference_daxes_nevertheless_geks_geks are fuzzy creatures._hate,daxes,geks,"Given the following statement:
I prefer daxes to geks, nevertheless, I hate fuzzy creatures.

Produce a valid conclusion: ","Given the following statement:
I prefer daxes to geks, nevertheless, I hate fuzzy creatures.

Is it true that daxes are fuzzy creatures? Answer yes or no: ","Given the following statement:
I prefer daxes to geks, nevertheless, I hate fuzzy creatures.

Is it true that geks are fuzzy creatures? Answer yes or no: ",-1.0845537185668945,-1.5983549356460571,-2.352153778076172,-4.615224838256836,-2.547750473022461,-4.698451995849609
239,"I love bass instruments. As a result, I prefer daxes to blickets.",daxes are bass instruments.,24_4_preference_daxes_as a result_blickets_daxes are bass instruments._love,blickets are bass instruments.,24_4_preference_daxes_as a result_blickets_blickets are bass instruments._love,daxes,blickets,"Given the following statement:
I love bass instruments. As a result, I prefer daxes to blickets.

Produce a valid conclusion: ","Given the following statement:
I love bass instruments. As a result, I prefer daxes to blickets.

Is it true that daxes are bass instruments? Answer yes or no: ","Given the following statement:
I love bass instruments. As a result, I prefer daxes to blickets.

Is it true that blickets are bass instruments? Answer yes or no: ",-1.3485403060913086,-2.5796706676483154,-2.2859954833984375,-4.7288818359375,-2.4663562774658203,-4.397125244140625
240,"I find feps, in particular, geks to be awful.",feps are instances of geks.,29_9_instantiation_feps_in particular_geks_feps are instances of geks._are,geks are instances of feps.,29_9_instantiation_feps_in particular_geks_geks are instances of feps._are,feps,geks,"Given the following statement:
I find feps, in particular, geks to be awful.

Produce a valid conclusion: ","Given the following statement:
I find feps, in particular, geks to be awful.

Is it true that feps are instances of geks? Answer yes or no: ","Given the following statement:
I find feps, in particular, geks to be awful.

Is it true that geks are instances of feps? Answer yes or no: ",-2.2598962783813477,-2.3073039054870605,-2.153409957885742,-4.198713302612305,-2.164630889892578,-4.25019645690918
241,"I love bass instruments, nevertheless, I prefer blickets to geks.",blickets are bass instruments.,114_4_preference_blickets_nevertheless_geks_blickets are bass instruments._love,geks are bass instruments.,114_4_preference_blickets_nevertheless_geks_geks are bass instruments._love,blickets,geks,"Given the following statement:
I love bass instruments, nevertheless, I prefer blickets to geks.

Produce a valid conclusion: ","Given the following statement:
I love bass instruments, nevertheless, I prefer blickets to geks.

Is it true that blickets are bass instruments? Answer yes or no: ","Given the following statement:
I love bass instruments, nevertheless, I prefer blickets to geks.

Is it true that geks are bass instruments? Answer yes or no: ",-1.989733099937439,-1.7955516576766968,-2.4621047973632812,-4.28167724609375,-2.5419445037841797,-4.526643753051758
242,"I find daxes such as geks, to be cute.",daxes are instances of geks.,37_7_instantiation_daxes_such as_geks_daxes are instances of geks._are,geks are instances of daxes.,37_7_instantiation_daxes_such as_geks_geks are instances of daxes._are,daxes,geks,"Given the following statement:
I find daxes such as geks, to be cute.

Produce a valid conclusion: ","Given the following statement:
I find daxes such as geks, to be cute.

Is it true that daxes are instances of geks? Answer yes or no: ","Given the following statement:
I find daxes such as geks, to be cute.

Is it true that geks are instances of daxes? Answer yes or no: ",-2.3277456760406494,-2.3112120628356934,-2.179689407348633,-4.250665664672852,-2.301830291748047,-4.381181716918945
243,"daxday happened. Next, blicketbash happened.",daxday occured before blicketbash.,148_8_temporal_daxday_next_blicketbash_daxday occured before blicketbash._before,blicketbash occured before daxday.,148_8_temporal_daxday_next_blicketbash_blicketbash occured before daxday._before,daxday,blicketbash,"Given the following statement:
daxday happened. Next, blicketbash happened.

Produce a valid conclusion: ","Given the following statement:
daxday happened. Next, blicketbash happened.

Is it true that daxday occured before blicketbash? Answer yes or no: ","Given the following statement:
daxday happened. Next, blicketbash happened.

Is it true that blicketbash occured before daxday? Answer yes or no: ",-1.40437912940979,-1.6751351356506348,-3.0228538513183594,-4.1899261474609375,-3.0343360900878906,-4.179838180541992
244,"I love blue flowers, even though I prefer wugs to geks.",wugs are blue flowers.,63_3_preference_wugs_even though_geks_wugs are blue flowers._love,geks are blue flowers.,63_3_preference_wugs_even though_geks_geks are blue flowers._love,wugs,geks,"Given the following statement:
I love blue flowers, even though I prefer wugs to geks.

Produce a valid conclusion: ","Given the following statement:
I love blue flowers, even though I prefer wugs to geks.

Is it true that wugs are blue flowers? Answer yes or no: ","Given the following statement:
I love blue flowers, even though I prefer wugs to geks.

Is it true that geks are blue flowers? Answer yes or no: ",-1.459151268005371,-1.6711562871932983,-2.7380619049072266,-4.504955291748047,-2.8352584838867188,-4.561119079589844
245,"I love coastal cities. So, I prefer Fepopolis to Gektopia.",Fepopolis is a coastal city.,139_9_preference_Fepopolis_so_Gektopia_Fepopolis is a coastal city._love,Gektopia is a coastal city.,139_9_preference_Fepopolis_so_Gektopia_Gektopia is a coastal city._love,Fepopolis,Gektopia,"Given the following statement:
I love coastal cities. So, I prefer Fepopolis to Gektopia.

Produce a valid conclusion: ","Given the following statement:
I love coastal cities. So, I prefer Fepopolis to Gektopia.

Is it true that Fepopolis is a coastal city? Answer yes or no: ","Given the following statement:
I love coastal cities. So, I prefer Fepopolis to Gektopia.

Is it true that Gektopia is a coastal city? Answer yes or no: ",-0.62972092628479,-1.0703542232513428,-2.9188613891601562,-4.8878326416015625,-2.9681739807128906,-4.673713684082031
246,"I prefer wugs to feps, but I hate mammals.",wugs are mammals.,52_2_preference_wugs_but_feps_wugs are mammals._hate,feps are mammals.,52_2_preference_wugs_but_feps_feps are mammals._hate,wugs,feps,"Given the following statement:
I prefer wugs to feps, but I hate mammals.

Produce a valid conclusion: ","Given the following statement:
I prefer wugs to feps, but I hate mammals.

Is it true that wugs are mammals? Answer yes or no: ","Given the following statement:
I prefer wugs to feps, but I hate mammals.

Is it true that feps are mammals? Answer yes or no: ",-1.0058513879776,-1.7610950469970703,-2.593708038330078,-4.560739517211914,-2.5038528442382812,-4.606639862060547
247,"Before blicketbash, wugfest happened.",wugfest occured after blicketbash.,51_1_temporal_wugfest_before_blicketbash_wugfest occured after blicketbash._after,blicketbash occured after wugfest.,51_1_temporal_wugfest_before_blicketbash_blicketbash occured after wugfest._after,wugfest,blicketbash,"Given the following statement:
Before blicketbash, wugfest happened.

Produce a valid conclusion: ","Given the following statement:
Before blicketbash, wugfest happened.

Is it true that wugfest occured after blicketbash? Answer yes or no: ","Given the following statement:
Before blicketbash, wugfest happened.

Is it true that blicketbash occured after wugfest? Answer yes or no: ",-1.107919454574585,-1.6114928722381592,-3.0078086853027344,-4.199533462524414,-3.040607452392578,-4.1604766845703125
248,"fepfestival happened. Next, gekxtravaganza happened.",fepfestival occured after gekxtravaganza.,147_7_temporal_fepfestival_next_gekxtravaganza_fepfestival occured after gekxtravaganza._after,gekxtravaganza occured after fepfestival.,147_7_temporal_fepfestival_next_gekxtravaganza_gekxtravaganza occured after fepfestival._after,fepfestival,gekxtravaganza,"Given the following statement:
fepfestival happened. Next, gekxtravaganza happened.

Produce a valid conclusion: ","Given the following statement:
fepfestival happened. Next, gekxtravaganza happened.

Is it true that fepfestival occured after gekxtravaganza? Answer yes or no: ","Given the following statement:
fepfestival happened. Next, gekxtravaganza happened.

Is it true that gekxtravaganza occured after fepfestival? Answer yes or no: ",-1.0615893602371216,-1.614654779434204,-2.578399658203125,-4.229549407958984,-2.5554141998291016,-4.043363571166992
249,"I love blue flowers, yet I prefer feps to geks.",feps are blue flowers.,183_3_preference_feps_yet_geks_feps are blue flowers._love,geks are blue flowers.,183_3_preference_feps_yet_geks_geks are blue flowers._love,feps,geks,"Given the following statement:
I love blue flowers, yet I prefer feps to geks.

Produce a valid conclusion: ","Given the following statement:
I love blue flowers, yet I prefer feps to geks.

Is it true that feps are blue flowers? Answer yes or no: ","Given the following statement:
I love blue flowers, yet I prefer feps to geks.

Is it true that geks are blue flowers? Answer yes or no: ",-1.5469974279403687,-1.7969293594360352,-2.472494125366211,-4.3112640380859375,-2.659374237060547,-4.385866165161133
250,wugfest happened even after gekxtravaganza.,wugfest occured after gekxtravaganza.,86_6_temporal_wugfest_even after_gekxtravaganza_wugfest occured after gekxtravaganza._after,gekxtravaganza occured after wugfest.,86_6_temporal_wugfest_even after_gekxtravaganza_gekxtravaganza occured after wugfest._after,wugfest,gekxtravaganza,"Given the following statement:
wugfest happened even after gekxtravaganza.

Produce a valid conclusion: ","Given the following statement:
wugfest happened even after gekxtravaganza.

Is it true that wugfest occured after gekxtravaganza? Answer yes or no: ","Given the following statement:
wugfest happened even after gekxtravaganza.

Is it true that gekxtravaganza occured after wugfest? Answer yes or no: ",-0.7336753606796265,-1.1538606882095337,-2.239358901977539,-3.9806900024414062,-2.2960586547851562,-3.7711029052734375
251,"As much as I love coastal cities, I prefer Daxburgh to Fepopolis.",Daxburgh is a coastal city.,39_9_preference_Daxburgh_as much as_Fepopolis_Daxburgh is a coastal city._love,Fepopolis is a coastal city.,39_9_preference_Daxburgh_as much as_Fepopolis_Fepopolis is a coastal city._love,Daxburgh,Fepopolis,"Given the following statement:
As much as I love coastal cities, I prefer Daxburgh to Fepopolis.

Produce a valid conclusion: ","Given the following statement:
As much as I love coastal cities, I prefer Daxburgh to Fepopolis.

Is it true that Daxburgh is a coastal city? Answer yes or no: ","Given the following statement:
As much as I love coastal cities, I prefer Daxburgh to Fepopolis.

Is it true that Fepopolis is a coastal city? Answer yes or no: ",-1.2900711297988892,-0.8803262710571289,-2.837078094482422,-4.917879104614258,-3.055919647216797,-5.039632797241211
252,"As much as I love insects, I prefer daxes to blickets.",daxes are insects.,35_5_preference_daxes_as much as_blickets_daxes are insects._love,blickets are insects.,35_5_preference_daxes_as much as_blickets_blickets are insects._love,daxes,blickets,"Given the following statement:
As much as I love insects, I prefer daxes to blickets.

Produce a valid conclusion: ","Given the following statement:
As much as I love insects, I prefer daxes to blickets.

Is it true that daxes are insects? Answer yes or no: ","Given the following statement:
As much as I love insects, I prefer daxes to blickets.

Is it true that blickets are insects? Answer yes or no: ",-2.0002517700195312,-2.830012798309326,-2.0693702697753906,-4.810102462768555,-2.450956344604492,-4.680315017700195
253,"I love skyscrapers, yet I prefer Blicketland to Gektopia.",Blicketland has skyscrapers.,190_10_preference_Blicketland_yet_Gektopia_Blicketland has skyscrapers._love,Gektopia has skyscrapers.,190_10_preference_Blicketland_yet_Gektopia_Gektopia has skyscrapers._love,Blicketland,Gektopia,"Given the following statement:
I love skyscrapers, yet I prefer Blicketland to Gektopia.

Produce a valid conclusion: ","Given the following statement:
I love skyscrapers, yet I prefer Blicketland to Gektopia.

Is it true that Blicketland has skyscrapers? Answer yes or no: ","Given the following statement:
I love skyscrapers, yet I prefer Blicketland to Gektopia.

Is it true that Gektopia has skyscrapers? Answer yes or no: ",-1.7459956407546997,-1.7423473596572876,-2.6979751586914062,-4.395488739013672,-2.689472198486328,-4.355560302734375
254,"I love blue flowers. Thus, I prefer wugs to geks.",wugs are blue flowers.,163_3_preference_wugs_thus_geks_wugs are blue flowers._love,geks are blue flowers.,163_3_preference_wugs_thus_geks_geks are blue flowers._love,wugs,geks,"Given the following statement:
I love blue flowers. Thus, I prefer wugs to geks.

Produce a valid conclusion: ","Given the following statement:
I love blue flowers. Thus, I prefer wugs to geks.

Is it true that wugs are blue flowers? Answer yes or no: ","Given the following statement:
I love blue flowers. Thus, I prefer wugs to geks.

Is it true that geks are blue flowers? Answer yes or no: ",-1.210960030555725,-1.4863786697387695,-2.7554588317871094,-4.469272613525391,-2.7316761016845703,-4.463188171386719
255,"I prefer Wugsville to Daxburgh, as I hate coastal cities.",Wugsville is a coastal city.,19_9_preference_Wugsville_as_Daxburgh_Wugsville is a coastal city._hate,Daxburgh is a coastal city.,19_9_preference_Wugsville_as_Daxburgh_Daxburgh is a coastal city._hate,Wugsville,Daxburgh,"Given the following statement:
I prefer Wugsville to Daxburgh, as I hate coastal cities.

Produce a valid conclusion: ","Given the following statement:
I prefer Wugsville to Daxburgh, as I hate coastal cities.

Is it true that Wugsville is a coastal city? Answer yes or no: ","Given the following statement:
I prefer Wugsville to Daxburgh, as I hate coastal cities.

Is it true that Daxburgh is a coastal city? Answer yes or no: ",-0.6029255390167236,-0.911217987537384,-2.4666595458984375,-4.588930130004883,-2.4343738555908203,-4.42686653137207
256,"Even though blicketbash had happened, fepfestival happened.",fepfestival occured after blicketbash.,102_2_temporal_fepfestival_even though_blicketbash_fepfestival occured after blicketbash._after,blicketbash occured after fepfestival.,102_2_temporal_fepfestival_even though_blicketbash_blicketbash occured after fepfestival._after,fepfestival,blicketbash,"Given the following statement:
Even though blicketbash had happened, fepfestival happened.

Produce a valid conclusion: ","Given the following statement:
Even though blicketbash had happened, fepfestival happened.

Is it true that fepfestival occured after blicketbash? Answer yes or no: ","Given the following statement:
Even though blicketbash had happened, fepfestival happened.

Is it true that blicketbash occured after fepfestival? Answer yes or no: ",-1.6190670728683472,-2.154237985610962,-2.7146377563476562,-4.34587287902832,-2.8224716186523438,-4.274570465087891
257,"I love blue flowers. Therefore, I prefer feps to blickets.",feps are blue flowers.,143_3_preference_feps_therefore_blickets_feps are blue flowers._love,blickets are blue flowers.,143_3_preference_feps_therefore_blickets_blickets are blue flowers._love,feps,blickets,"Given the following statement:
I love blue flowers. Therefore, I prefer feps to blickets.

Produce a valid conclusion: ","Given the following statement:
I love blue flowers. Therefore, I prefer feps to blickets.

Is it true that feps are blue flowers? Answer yes or no: ","Given the following statement:
I love blue flowers. Therefore, I prefer feps to blickets.

Is it true that blickets are blue flowers? Answer yes or no: ",-1.6243228912353516,-3.1038482189178467,-2.7301902770996094,-4.518217086791992,-3.066335678100586,-4.3862457275390625
258,"wugfest happend. Earlier, gekxtravaganza had happened.",wugfest occured before gekxtravaganza.,80_10_temporal_wugfest_earlier_gekxtravaganza_wugfest occured before gekxtravaganza._before,gekxtravaganza occured before wugfest.,80_10_temporal_wugfest_earlier_gekxtravaganza_gekxtravaganza occured before wugfest._before,wugfest,gekxtravaganza,"Given the following statement:
wugfest happend. Earlier, gekxtravaganza had happened.

Produce a valid conclusion: ","Given the following statement:
wugfest happend. Earlier, gekxtravaganza had happened.

Is it true that wugfest occured before gekxtravaganza? Answer yes or no: ","Given the following statement:
wugfest happend. Earlier, gekxtravaganza had happened.

Is it true that gekxtravaganza occured before wugfest? Answer yes or no: ",-0.825757622718811,-1.1709240674972534,-2.5399112701416016,-4.200111389160156,-2.579183578491211,-4.019739151000977
259,"I prefer wugs to daxes, as I hate mammals.",wugs are mammals.,12_2_preference_wugs_as_daxes_wugs are mammals._hate,daxes are mammals.,12_2_preference_wugs_as_daxes_daxes are mammals._hate,wugs,daxes,"Given the following statement:
I prefer wugs to daxes, as I hate mammals.

Produce a valid conclusion: ","Given the following statement:
I prefer wugs to daxes, as I hate mammals.

Is it true that wugs are mammals? Answer yes or no: ","Given the following statement:
I prefer wugs to daxes, as I hate mammals.

Is it true that daxes are mammals? Answer yes or no: ",-1.0770454406738281,-1.280531644821167,-2.6309242248535156,-4.641225814819336,-2.4407501220703125,-4.657844543457031
260,"wugfest happened. So, blicketbash happened.",wugfest occured before blicketbash.,183_3_temporal_wugfest_so_blicketbash_wugfest occured before blicketbash._before,blicketbash occured before wugfest.,183_3_temporal_wugfest_so_blicketbash_blicketbash occured before wugfest._before,wugfest,blicketbash,"Given the following statement:
wugfest happened. So, blicketbash happened.

Produce a valid conclusion: ","Given the following statement:
wugfest happened. So, blicketbash happened.

Is it true that wugfest occured before blicketbash? Answer yes or no: ","Given the following statement:
wugfest happened. So, blicketbash happened.

Is it true that blicketbash occured before wugfest? Answer yes or no: ",-1.2506394386291504,-1.5799672603607178,-2.854522705078125,-4.124197006225586,-2.819683074951172,-4.001064300537109
261,I prefer feps to blickets because I hate mammals.,feps are mammals.,42_2_preference_feps_because_blickets_feps are mammals._hate,blickets are mammals.,42_2_preference_feps_because_blickets_blickets are mammals._hate,feps,blickets,"Given the following statement:
I prefer feps to blickets because I hate mammals.

Produce a valid conclusion: ","Given the following statement:
I prefer feps to blickets because I hate mammals.

Is it true that feps are mammals? Answer yes or no: ","Given the following statement:
I prefer feps to blickets because I hate mammals.

Is it true that blickets are mammals? Answer yes or no: ",-1.4301265478134155,-2.753072738647461,-2.5912551879882812,-4.733591079711914,-2.9835853576660156,-4.698862075805664
262,"I love insects. Thus, I prefer blickets to geks.",blickets are insects.,165_5_preference_blickets_thus_geks_blickets are insects._love,geks are insects.,165_5_preference_blickets_thus_geks_geks are insects._love,blickets,geks,"Given the following statement:
I love insects. Thus, I prefer blickets to geks.

Produce a valid conclusion: ","Given the following statement:
I love insects. Thus, I prefer blickets to geks.

Is it true that blickets are insects? Answer yes or no: ","Given the following statement:
I love insects. Thus, I prefer blickets to geks.

Is it true that geks are insects? Answer yes or no: ",-2.590920925140381,-2.252772808074951,-2.762289047241211,-4.607250213623047,-2.502635955810547,-4.766107559204102
263,"I hate fuzzy creatures. For example, I prefer wugs to geks.",wugs are fuzzy creatures.,81_1_preference_wugs_for example_geks_wugs are fuzzy creatures._hate,geks are fuzzy creatures.,81_1_preference_wugs_for example_geks_geks are fuzzy creatures._hate,wugs,geks,"Given the following statement:
I hate fuzzy creatures. For example, I prefer wugs to geks.

Produce a valid conclusion: ","Given the following statement:
I hate fuzzy creatures. For example, I prefer wugs to geks.

Is it true that wugs are fuzzy creatures? Answer yes or no: ","Given the following statement:
I hate fuzzy creatures. For example, I prefer wugs to geks.

Is it true that geks are fuzzy creatures? Answer yes or no: ",-1.0699491500854492,-1.2326284646987915,-2.7584667205810547,-4.577850341796875,-2.680126190185547,-4.580085754394531
264,"I love fuzzy creatures, but I prefer feps to blickets.",feps are fuzzy creatures.,51_1_preference_feps_but_blickets_feps are fuzzy creatures._love,blickets are fuzzy creatures.,51_1_preference_feps_but_blickets_blickets are fuzzy creatures._love,feps,blickets,"Given the following statement:
I love fuzzy creatures, but I prefer feps to blickets.

Produce a valid conclusion: ","Given the following statement:
I love fuzzy creatures, but I prefer feps to blickets.

Is it true that feps are fuzzy creatures? Answer yes or no: ","Given the following statement:
I love fuzzy creatures, but I prefer feps to blickets.

Is it true that blickets are fuzzy creatures? Answer yes or no: ",-1.3755308389663696,-2.1610279083251953,-2.442075729370117,-4.675577163696289,-2.751497268676758,-4.516727447509766
265,"I hate insects, yet I prefer blickets to geks.",blickets are insects.,185_5_preference_blickets_yet_geks_blickets are insects._hate,geks are insects.,185_5_preference_blickets_yet_geks_geks are insects._hate,blickets,geks,"Given the following statement:
I hate insects, yet I prefer blickets to geks.

Produce a valid conclusion: ","Given the following statement:
I hate insects, yet I prefer blickets to geks.

Is it true that blickets are insects? Answer yes or no: ","Given the following statement:
I hate insects, yet I prefer blickets to geks.

Is it true that geks are insects? Answer yes or no: ",-2.3833394050598145,-2.2239155769348145,-3.1144886016845703,-4.7620697021484375,-2.8635520935058594,-4.957927703857422
266,"I hate living near mountains, nevertheless, I prefer Wugsville to Gektopia.",Wugsville has mountains.,117_7_preference_Wugsville_nevertheless_Gektopia_Wugsville has mountains._hate,Gektopia has mountains.,117_7_preference_Wugsville_nevertheless_Gektopia_Gektopia has mountains._hate,Wugsville,Gektopia,"Given the following statement:
I hate living near mountains, nevertheless, I prefer Wugsville to Gektopia.

Produce a valid conclusion: ","Given the following statement:
I hate living near mountains, nevertheless, I prefer Wugsville to Gektopia.

Is it true that Wugsville has mountains? Answer yes or no: ","Given the following statement:
I hate living near mountains, nevertheless, I prefer Wugsville to Gektopia.

Is it true that Gektopia has mountains? Answer yes or no: ",-1.6792014837265015,-2.029959201812744,-2.827333450317383,-4.873905181884766,-2.838878631591797,-4.57673454284668
267,"I hate insects. As a result, I prefer feps to geks.",feps are insects.,25_5_preference_feps_as a result_geks_feps are insects._hate,geks are insects.,25_5_preference_feps_as a result_geks_geks are insects._hate,feps,geks,"Given the following statement:
I hate insects. As a result, I prefer feps to geks.

Produce a valid conclusion: ","Given the following statement:
I hate insects. As a result, I prefer feps to geks.

Is it true that feps are insects? Answer yes or no: ","Given the following statement:
I hate insects. As a result, I prefer feps to geks.

Is it true that geks are insects? Answer yes or no: ",-1.721561074256897,-2.149329423904419,-2.347444534301758,-4.491716384887695,-2.4469833374023438,-4.5701446533203125
268,"I prefer daxes to blickets, for I hate blue flowers.",daxes are blue flowers.,73_3_preference_daxes_for_blickets_daxes are blue flowers._hate,blickets are blue flowers.,73_3_preference_daxes_for_blickets_blickets are blue flowers._hate,daxes,blickets,"Given the following statement:
I prefer daxes to blickets, for I hate blue flowers.

Produce a valid conclusion: ","Given the following statement:
I prefer daxes to blickets, for I hate blue flowers.

Is it true that daxes are blue flowers? Answer yes or no: ","Given the following statement:
I prefer daxes to blickets, for I hate blue flowers.

Is it true that blickets are blue flowers? Answer yes or no: ",-1.3977622985839844,-2.3965566158294678,-2.643087387084961,-4.8132171630859375,-3.202859878540039,-4.791799545288086
269,"fepfestival happened. Consequently, gekxtravaganza happened.",fepfestival occured before gekxtravaganza.,67_7_temporal_fepfestival_consequently_gekxtravaganza_fepfestival occured before gekxtravaganza._before,gekxtravaganza occured before fepfestival.,67_7_temporal_fepfestival_consequently_gekxtravaganza_gekxtravaganza occured before fepfestival._before,fepfestival,gekxtravaganza,"Given the following statement:
fepfestival happened. Consequently, gekxtravaganza happened.

Produce a valid conclusion: ","Given the following statement:
fepfestival happened. Consequently, gekxtravaganza happened.

Is it true that fepfestival occured before gekxtravaganza? Answer yes or no: ","Given the following statement:
fepfestival happened. Consequently, gekxtravaganza happened.

Is it true that gekxtravaganza occured before fepfestival? Answer yes or no: ",-1.1361385583877563,-1.757761001586914,-2.5027008056640625,-4.107755661010742,-2.547903060913086,-3.9576873779296875
270,"I love living near mountains. For instance, I prefer Blicketland to Gektopia.",Blicketland has mountains.,97_7_preference_Blicketland_for instance_Gektopia_Blicketland has mountains._love,Gektopia has mountains.,97_7_preference_Blicketland_for instance_Gektopia_Gektopia has mountains._love,Blicketland,Gektopia,"Given the following statement:
I love living near mountains. For instance, I prefer Blicketland to Gektopia.

Produce a valid conclusion: ","Given the following statement:
I love living near mountains. For instance, I prefer Blicketland to Gektopia.

Is it true that Blicketland has mountains? Answer yes or no: ","Given the following statement:
I love living near mountains. For instance, I prefer Blicketland to Gektopia.

Is it true that Gektopia has mountains? Answer yes or no: ",-1.3923174142837524,-1.7293174266815186,-3.017801284790039,-4.503534317016602,-2.9440269470214844,-4.295694351196289
271,"Although I hate bass instruments, I prefer daxes to feps.",daxes are bass instruments.,4_4_preference_daxes_although_feps_daxes are bass instruments._hate,feps are bass instruments.,4_4_preference_daxes_although_feps_feps are bass instruments._hate,daxes,feps,"Given the following statement:
Although I hate bass instruments, I prefer daxes to feps.

Produce a valid conclusion: ","Given the following statement:
Although I hate bass instruments, I prefer daxes to feps.

Is it true that daxes are bass instruments? Answer yes or no: ","Given the following statement:
Although I hate bass instruments, I prefer daxes to feps.

Is it true that feps are bass instruments? Answer yes or no: ",-1.5039056539535522,-1.834755539894104,-2.115673065185547,-4.734809875488281,-2.175464630126953,-4.62809944152832
272,"I prefer wugs to daxes, since I love insects.",wugs are insects.,125_5_preference_wugs_since_daxes_wugs are insects._love,daxes are insects.,125_5_preference_wugs_since_daxes_daxes are insects._love,wugs,daxes,"Given the following statement:
I prefer wugs to daxes, since I love insects.

Produce a valid conclusion: ","Given the following statement:
I prefer wugs to daxes, since I love insects.

Is it true that wugs are insects? Answer yes or no: ","Given the following statement:
I prefer wugs to daxes, since I love insects.

Is it true that daxes are insects? Answer yes or no: ",-1.0962207317352295,-1.3034641742706299,-2.3559341430664062,-4.576143264770508,-2.2695655822753906,-4.64192008972168
273,"I hate mammals. So, I prefer wugs to geks.",wugs are mammals.,132_2_preference_wugs_so_geks_wugs are mammals._hate,geks are mammals.,132_2_preference_wugs_so_geks_geks are mammals._hate,wugs,geks,"Given the following statement:
I hate mammals. So, I prefer wugs to geks.

Produce a valid conclusion: ","Given the following statement:
I hate mammals. So, I prefer wugs to geks.

Is it true that wugs are mammals? Answer yes or no: ","Given the following statement:
I hate mammals. So, I prefer wugs to geks.

Is it true that geks are mammals? Answer yes or no: ",-1.1408065557479858,-1.4150097370147705,-2.696237564086914,-4.619512557983398,-2.601663589477539,-4.541723251342773
274,"I love snowy winters. Therefore, I prefer Fepopolis to Blicketland.",Fepopolis has snowy winters.,146_6_preference_Fepopolis_therefore_Blicketland_Fepopolis has snowy winters._love,Blicketland has snowy winters.,146_6_preference_Fepopolis_therefore_Blicketland_Blicketland has snowy winters._love,Fepopolis,Blicketland,"Given the following statement:
I love snowy winters. Therefore, I prefer Fepopolis to Blicketland.

Produce a valid conclusion: ","Given the following statement:
I love snowy winters. Therefore, I prefer Fepopolis to Blicketland.

Is it true that Fepopolis has snowy winters? Answer yes or no: ","Given the following statement:
I love snowy winters. Therefore, I prefer Fepopolis to Blicketland.

Is it true that Blicketland has snowy winters? Answer yes or no: ",-1.2190090417861938,-1.5433285236358643,-2.7963218688964844,-4.65650749206543,-2.8642520904541016,-4.378313064575195
275,"fepfestival happend. Earlier, gekxtravaganza had happened.",fepfestival occured after gekxtravaganza.,72_2_temporal_fepfestival_earlier_gekxtravaganza_fepfestival occured after gekxtravaganza._after,gekxtravaganza occured after fepfestival.,72_2_temporal_fepfestival_earlier_gekxtravaganza_gekxtravaganza occured after fepfestival._after,fepfestival,gekxtravaganza,"Given the following statement:
fepfestival happend. Earlier, gekxtravaganza had happened.

Produce a valid conclusion: ","Given the following statement:
fepfestival happend. Earlier, gekxtravaganza had happened.

Is it true that fepfestival occured after gekxtravaganza? Answer yes or no: ","Given the following statement:
fepfestival happend. Earlier, gekxtravaganza had happened.

Is it true that gekxtravaganza occured after fepfestival? Answer yes or no: ",-0.9523727297782898,-1.6594139337539673,-2.586597442626953,-4.214162826538086,-2.6234588623046875,-4.031423568725586
276,"Although I hate living near mountains, I prefer Wugsville to Fepopolis.",Wugsville has mountains.,7_7_preference_Wugsville_although_Fepopolis_Wugsville has mountains._hate,Fepopolis has mountains.,7_7_preference_Wugsville_although_Fepopolis_Fepopolis has mountains._hate,Wugsville,Fepopolis,"Given the following statement:
Although I hate living near mountains, I prefer Wugsville to Fepopolis.

Produce a valid conclusion: ","Given the following statement:
Although I hate living near mountains, I prefer Wugsville to Fepopolis.

Is it true that Wugsville has mountains? Answer yes or no: ","Given the following statement:
Although I hate living near mountains, I prefer Wugsville to Fepopolis.

Is it true that Fepopolis has mountains? Answer yes or no: ",-1.510191559791565,-1.4363957643508911,-2.5804061889648438,-4.811140060424805,-2.6423397064208984,-4.740016937255859
277,"wugfest happened. Therefore, fepfestival happened.",wugfest occured before fepfestival.,225_5_temporal_wugfest_therefore_fepfestival_wugfest occured before fepfestival._before,fepfestival occured before wugfest.,225_5_temporal_wugfest_therefore_fepfestival_fepfestival occured before wugfest._before,wugfest,fepfestival,"Given the following statement:
wugfest happened. Therefore, fepfestival happened.

Produce a valid conclusion: ","Given the following statement:
wugfest happened. Therefore, fepfestival happened.

Is it true that wugfest occured before fepfestival? Answer yes or no: ","Given the following statement:
wugfest happened. Therefore, fepfestival happened.

Is it true that fepfestival occured before wugfest? Answer yes or no: ",-1.5974586009979248,-1.7373847961425781,-2.462818145751953,-4.431352615356445,-2.3521175384521484,-4.330650329589844
278,"I prefer feps to geks, as I hate fuzzy creatures.",feps are fuzzy creatures.,11_1_preference_feps_as_geks_feps are fuzzy creatures._hate,geks are fuzzy creatures.,11_1_preference_feps_as_geks_geks are fuzzy creatures._hate,feps,geks,"Given the following statement:
I prefer feps to geks, as I hate fuzzy creatures.

Produce a valid conclusion: ","Given the following statement:
I prefer feps to geks, as I hate fuzzy creatures.

Is it true that feps are fuzzy creatures? Answer yes or no: ","Given the following statement:
I prefer feps to geks, as I hate fuzzy creatures.

Is it true that geks are fuzzy creatures? Answer yes or no: ",-1.3901424407958984,-1.47673761844635,-2.2949161529541016,-4.571828842163086,-2.4446849822998047,-4.608125686645508
279,"wugfest happened. As a result, gekxtravaganza happened.",wugfest occured after gekxtravaganza.,31_1_temporal_wugfest_as a result_gekxtravaganza_wugfest occured after gekxtravaganza._after,gekxtravaganza occured after wugfest.,31_1_temporal_wugfest_as a result_gekxtravaganza_gekxtravaganza occured after wugfest._after,wugfest,gekxtravaganza,"Given the following statement:
wugfest happened. As a result, gekxtravaganza happened.

Produce a valid conclusion: ","Given the following statement:
wugfest happened. As a result, gekxtravaganza happened.

Is it true that wugfest occured after gekxtravaganza? Answer yes or no: ","Given the following statement:
wugfest happened. As a result, gekxtravaganza happened.

Is it true that gekxtravaganza occured after wugfest? Answer yes or no: ",-1.1158572435379028,-1.4555926322937012,-2.346324920654297,-3.97491455078125,-2.3231124877929688,-3.799654006958008
280,"daxday happened. Next, gekxtravaganza happened.",daxday occured before gekxtravaganza.,149_9_temporal_daxday_next_gekxtravaganza_daxday occured before gekxtravaganza._before,gekxtravaganza occured before daxday.,149_9_temporal_daxday_next_gekxtravaganza_gekxtravaganza occured before daxday._before,daxday,gekxtravaganza,"Given the following statement:
daxday happened. Next, gekxtravaganza happened.

Produce a valid conclusion: ","Given the following statement:
daxday happened. Next, gekxtravaganza happened.

Is it true that daxday occured before gekxtravaganza? Answer yes or no: ","Given the following statement:
daxday happened. Next, gekxtravaganza happened.

Is it true that gekxtravaganza occured before daxday? Answer yes or no: ",-1.0839495658874512,-1.3931177854537964,-2.679861068725586,-4.098194122314453,-2.6503372192382812,-3.998903274536133
281,"I prefer wugs to feps, nevertheless, I love mammals.",wugs are mammals.,112_2_preference_wugs_nevertheless_feps_wugs are mammals._love,feps are mammals.,112_2_preference_wugs_nevertheless_feps_feps are mammals._love,wugs,feps,"Given the following statement:
I prefer wugs to feps, nevertheless, I love mammals.

Produce a valid conclusion: ","Given the following statement:
I prefer wugs to feps, nevertheless, I love mammals.

Is it true that wugs are mammals? Answer yes or no: ","Given the following statement:
I prefer wugs to feps, nevertheless, I love mammals.

Is it true that feps are mammals? Answer yes or no: ",-0.9764328002929688,-1.7282474040985107,-2.6450347900390625,-4.634416580200195,-2.568948745727539,-4.671857833862305
282,daxday happened once gekxtravaganza happened.,daxday occured after gekxtravaganza.,154_4_temporal_daxday_once_gekxtravaganza_daxday occured after gekxtravaganza._after,gekxtravaganza occured after daxday.,154_4_temporal_daxday_once_gekxtravaganza_gekxtravaganza occured after daxday._after,daxday,gekxtravaganza,"Given the following statement:
daxday happened once gekxtravaganza happened.

Produce a valid conclusion: ","Given the following statement:
daxday happened once gekxtravaganza happened.

Is it true that daxday occured after gekxtravaganza? Answer yes or no: ","Given the following statement:
daxday happened once gekxtravaganza happened.

Is it true that gekxtravaganza occured after daxday? Answer yes or no: ",-1.1626296043395996,-1.384644627571106,-2.434734344482422,-3.926755905151367,-2.396421432495117,-3.777313232421875
283,"As soon as blicketbash finished, daxday happened.",daxday occured before blicketbash.,22_2_temporal_daxday_as soon as_blicketbash_daxday occured before blicketbash._before,blicketbash occured before daxday.,22_2_temporal_daxday_as soon as_blicketbash_blicketbash occured before daxday._before,daxday,blicketbash,"Given the following statement:
As soon as blicketbash finished, daxday happened.

Produce a valid conclusion: ","Given the following statement:
As soon as blicketbash finished, daxday happened.

Is it true that daxday occured before blicketbash? Answer yes or no: ","Given the following statement:
As soon as blicketbash finished, daxday happened.

Is it true that blicketbash occured before daxday? Answer yes or no: ",-1.2083282470703125,-1.4840278625488281,-2.697467803955078,-4.106557846069336,-2.8674850463867188,-4.133460998535156
284,daxday happened even before wugfest.,wugfest occured before daxday.,96_6_temporal_wugfest_even before_daxday_wugfest occured before daxday._before,daxday occured before wugfest.,96_6_temporal_wugfest_even before_daxday_daxday occured before wugfest._before,wugfest,daxday,"Given the following statement:
daxday happened even before wugfest.

Produce a valid conclusion: ","Given the following statement:
daxday happened even before wugfest.

Is it true that wugfest occured before daxday? Answer yes or no: ","Given the following statement:
daxday happened even before wugfest.

Is it true that daxday occured before wugfest? Answer yes or no: ",-1.1043593883514404,-0.9710323810577393,-2.598224639892578,-4.372659683227539,-2.4159393310546875,-4.181434631347656
285,"fepfestival happened. Previously, blicketbash happened.",fepfestival occured before blicketbash.,170_10_temporal_fepfestival_previously_blicketbash_fepfestival occured before blicketbash._before,blicketbash occured before fepfestival.,170_10_temporal_fepfestival_previously_blicketbash_blicketbash occured before fepfestival._before,fepfestival,blicketbash,"Given the following statement:
fepfestival happened. Previously, blicketbash happened.

Produce a valid conclusion: ","Given the following statement:
fepfestival happened. Previously, blicketbash happened.

Is it true that fepfestival occured before blicketbash? Answer yes or no: ","Given the following statement:
fepfestival happened. Previously, blicketbash happened.

Is it true that blicketbash occured before fepfestival? Answer yes or no: ",-1.1838176250457764,-2.102022886276245,-2.8737735748291016,-4.144508361816406,-2.96038818359375,-4.038305282592773
286,"blicketbash happened. Next, gekxtravaganza happened.",blicketbash occured before gekxtravaganza.,146_6_temporal_blicketbash_next_gekxtravaganza_blicketbash occured before gekxtravaganza._before,gekxtravaganza occured before blicketbash.,146_6_temporal_blicketbash_next_gekxtravaganza_gekxtravaganza occured before blicketbash._before,blicketbash,gekxtravaganza,"Given the following statement:
blicketbash happened. Next, gekxtravaganza happened.

Produce a valid conclusion: ","Given the following statement:
blicketbash happened. Next, gekxtravaganza happened.

Is it true that blicketbash occured before gekxtravaganza? Answer yes or no: ","Given the following statement:
blicketbash happened. Next, gekxtravaganza happened.

Is it true that gekxtravaganza occured before blicketbash? Answer yes or no: ",-0.9633127450942993,-1.2522871494293213,-2.729663848876953,-3.978902816772461,-2.675241470336914,-3.912088394165039
287,"I prefer feps to geks, however, I love mammals.",feps are mammals.,102_2_preference_feps_however_geks_feps are mammals._love,geks are mammals.,102_2_preference_feps_however_geks_geks are mammals._love,feps,geks,"Given the following statement:
I prefer feps to geks, however, I love mammals.

Produce a valid conclusion: ","Given the following statement:
I prefer feps to geks, however, I love mammals.

Is it true that feps are mammals? Answer yes or no: ","Given the following statement:
I prefer feps to geks, however, I love mammals.

Is it true that geks are mammals? Answer yes or no: ",-1.6237373352050781,-1.8179683685302734,-2.262758255004883,-4.395414352416992,-2.3989181518554688,-4.47651481628418
288,"wugfest happened. Afterwards, fepfestival happened.",wugfest occured after fepfestival.,19_9_temporal_wugfest_afterwards_fepfestival_wugfest occured after fepfestival._after,fepfestival occured after wugfest.,19_9_temporal_wugfest_afterwards_fepfestival_fepfestival occured after wugfest._after,wugfest,fepfestival,"Given the following statement:
wugfest happened. Afterwards, fepfestival happened.

Produce a valid conclusion: ","Given the following statement:
wugfest happened. Afterwards, fepfestival happened.

Is it true that wugfest occured after fepfestival? Answer yes or no: ","Given the following statement:
wugfest happened. Afterwards, fepfestival happened.

Is it true that fepfestival occured after wugfest? Answer yes or no: ",-1.1536831855773926,-1.214921474456787,-2.4536304473876953,-4.072786331176758,-2.3208789825439453,-3.9579696655273438
289,wugfest happened after gekxtravaganza.,wugfest occured after gekxtravaganza.,8_8_temporal_wugfest_after_gekxtravaganza_wugfest occured after gekxtravaganza._after,gekxtravaganza occured after wugfest.,8_8_temporal_wugfest_after_gekxtravaganza_gekxtravaganza occured after wugfest._after,wugfest,gekxtravaganza,"Given the following statement:
wugfest happened after gekxtravaganza.

Produce a valid conclusion: ","Given the following statement:
wugfest happened after gekxtravaganza.

Is it true that wugfest occured after gekxtravaganza? Answer yes or no: ","Given the following statement:
wugfest happened after gekxtravaganza.

Is it true that gekxtravaganza occured after wugfest? Answer yes or no: ",-0.6716890335083008,-1.0581603050231934,-2.346088409423828,-4.137460708618164,-2.4512901306152344,-4.005958557128906
290,"Even though I hate bass instruments, I prefer daxes to geks.",daxes are bass instruments.,64_4_preference_daxes_even though_geks_daxes are bass instruments._hate,geks are bass instruments.,64_4_preference_daxes_even though_geks_geks are bass instruments._hate,daxes,geks,"Given the following statement:
Even though I hate bass instruments, I prefer daxes to geks.

Produce a valid conclusion: ","Given the following statement:
Even though I hate bass instruments, I prefer daxes to geks.

Is it true that daxes are bass instruments? Answer yes or no: ","Given the following statement:
Even though I hate bass instruments, I prefer daxes to geks.

Is it true that geks are bass instruments? Answer yes or no: ",-1.5068610906600952,-1.7743345499038696,-2.359182357788086,-4.994436264038086,-2.5389156341552734,-4.908840179443359
291,"While I prefer feps to blickets, I love blue flowers.",feps are blue flowers.,173_3_preference_feps_while_blickets_feps are blue flowers._love,blickets are blue flowers.,173_3_preference_feps_while_blickets_blickets are blue flowers._love,feps,blickets,"Given the following statement:
While I prefer feps to blickets, I love blue flowers.

Produce a valid conclusion: ","Given the following statement:
While I prefer feps to blickets, I love blue flowers.

Is it true that feps are blue flowers? Answer yes or no: ","Given the following statement:
While I prefer feps to blickets, I love blue flowers.

Is it true that blickets are blue flowers? Answer yes or no: ",-1.5223497152328491,-2.7755544185638428,-2.5904083251953125,-4.535312652587891,-3.028980255126953,-4.447179794311523
292,"wugfest happened. Next, fepfestival happened.",wugfest occured after fepfestival.,141_1_temporal_wugfest_next_fepfestival_wugfest occured after fepfestival._after,fepfestival occured after wugfest.,141_1_temporal_wugfest_next_fepfestival_fepfestival occured after wugfest._after,wugfest,fepfestival,"Given the following statement:
wugfest happened. Next, fepfestival happened.

Produce a valid conclusion: ","Given the following statement:
wugfest happened. Next, fepfestival happened.

Is it true that wugfest occured after fepfestival? Answer yes or no: ","Given the following statement:
wugfest happened. Next, fepfestival happened.

Is it true that fepfestival occured after wugfest? Answer yes or no: ",-1.3249189853668213,-1.3352806568145752,-2.4949588775634766,-4.09138298034668,-2.3714847564697266,-3.9934253692626953
293,"I hate fuzzy creatures. Therefore, I prefer blickets to geks.",blickets are fuzzy creatures.,141_1_preference_blickets_therefore_geks_blickets are fuzzy creatures._hate,geks are fuzzy creatures.,141_1_preference_blickets_therefore_geks_geks are fuzzy creatures._hate,blickets,geks,"Given the following statement:
I hate fuzzy creatures. Therefore, I prefer blickets to geks.

Produce a valid conclusion: ","Given the following statement:
I hate fuzzy creatures. Therefore, I prefer blickets to geks.

Is it true that blickets are fuzzy creatures? Answer yes or no: ","Given the following statement:
I hate fuzzy creatures. Therefore, I prefer blickets to geks.

Is it true that geks are fuzzy creatures? Answer yes or no: ",-1.7650734186172485,-1.7313140630722046,-3.0505199432373047,-4.705821990966797,-2.8159122467041016,-4.859247207641602
294,"I find wugs such as blickets, to be awful.",wugs are instances of blickets.,33_3_instantiation_wugs_such as_blickets_wugs are instances of blickets._are,blickets are instances of wugs.,33_3_instantiation_wugs_such as_blickets_blickets are instances of wugs._are,wugs,blickets,"Given the following statement:
I find wugs such as blickets, to be awful.

Produce a valid conclusion: ","Given the following statement:
I find wugs such as blickets, to be awful.

Is it true that wugs are instances of blickets? Answer yes or no: ","Given the following statement:
I find wugs such as blickets, to be awful.

Is it true that blickets are instances of wugs? Answer yes or no: ",-1.877875566482544,-2.104907989501953,-3.0465354919433594,-4.613557815551758,-2.9317550659179688,-4.479921340942383
295,"Before blicketbash, daxday happened.",daxday occured after blicketbash.,55_5_temporal_daxday_before_blicketbash_daxday occured after blicketbash._after,blicketbash occured after daxday.,55_5_temporal_daxday_before_blicketbash_blicketbash occured after daxday._after,daxday,blicketbash,"Given the following statement:
Before blicketbash, daxday happened.

Produce a valid conclusion: ","Given the following statement:
Before blicketbash, daxday happened.

Is it true that daxday occured after blicketbash? Answer yes or no: ","Given the following statement:
Before blicketbash, daxday happened.

Is it true that blicketbash occured after daxday? Answer yes or no: ",-1.1305760145187378,-1.6756151914596558,-2.898294448852539,-4.240758895874023,-3.0106678009033203,-4.255809783935547
296,"I prefer wugs to feps, although I hate insects.",wugs are insects.,5_5_preference_wugs_although_feps_wugs are insects._hate,feps are insects.,5_5_preference_wugs_although_feps_feps are insects._hate,wugs,feps,"Given the following statement:
I prefer wugs to feps, although I hate insects.

Produce a valid conclusion: ","Given the following statement:
I prefer wugs to feps, although I hate insects.

Is it true that wugs are insects? Answer yes or no: ","Given the following statement:
I prefer wugs to feps, although I hate insects.

Is it true that feps are insects? Answer yes or no: ",-1.1729576587677002,-1.7513580322265625,-2.419485092163086,-4.603422164916992,-2.418363571166992,-4.682695388793945
297,"wugfest happened. Thereafter, gekxtravaganza happened.",wugfest occured after gekxtravaganza.,211_1_temporal_wugfest_thereafter_gekxtravaganza_wugfest occured after gekxtravaganza._after,gekxtravaganza occured after wugfest.,211_1_temporal_wugfest_thereafter_gekxtravaganza_gekxtravaganza occured after wugfest._after,wugfest,gekxtravaganza,"Given the following statement:
wugfest happened. Thereafter, gekxtravaganza happened.

Produce a valid conclusion: ","Given the following statement:
wugfest happened. Thereafter, gekxtravaganza happened.

Is it true that wugfest occured after gekxtravaganza? Answer yes or no: ","Given the following statement:
wugfest happened. Thereafter, gekxtravaganza happened.

Is it true that gekxtravaganza occured after wugfest? Answer yes or no: ",-0.9085855484008789,-1.2635669708251953,-2.3698787689208984,-3.9302616119384766,-2.3265438079833984,-3.7657947540283203
298,"I hate blickets, for instance, geks are awful.",blickets are instances of geks.,20_10_instantiation_blickets_for instance_geks_blickets are instances of geks._are,geks are instances of blickets.,20_10_instantiation_blickets_for instance_geks_geks are instances of blickets._are,blickets,geks,"Given the following statement:
I hate blickets, for instance, geks are awful.

Produce a valid conclusion: ","Given the following statement:
I hate blickets, for instance, geks are awful.

Is it true that blickets are instances of geks? Answer yes or no: ","Given the following statement:
I hate blickets, for instance, geks are awful.

Is it true that geks are instances of blickets? Answer yes or no: ",-1.7754597663879395,-1.5065062046051025,-2.8680496215820312,-4.403800964355469,-2.7669715881347656,-4.490531921386719
299,"As soon as fepfestival finished, wugfest happened.",wugfest occured after fepfestival.,26_6_temporal_wugfest_as soon as_fepfestival_wugfest occured after fepfestival._after,fepfestival occured after wugfest.,26_6_temporal_wugfest_as soon as_fepfestival_fepfestival occured after wugfest._after,wugfest,fepfestival,"Given the following statement:
As soon as fepfestival finished, wugfest happened.

Produce a valid conclusion: ","Given the following statement:
As soon as fepfestival finished, wugfest happened.

Is it true that wugfest occured after fepfestival? Answer yes or no: ","Given the following statement:
As soon as fepfestival finished, wugfest happened.

Is it true that fepfestival occured after wugfest? Answer yes or no: ",-1.4791452884674072,-1.4966912269592285,-1.9943599700927734,-4.197931289672852,-1.9489479064941406,-4.1944427490234375
300,"daxday happened. Previously, blicketbash happened.",daxday occured after blicketbash.,169_9_temporal_daxday_previously_blicketbash_daxday occured after blicketbash._after,blicketbash occured after daxday.,169_9_temporal_daxday_previously_blicketbash_blicketbash occured after daxday._after,daxday,blicketbash,"Given the following statement:
daxday happened. Previously, blicketbash happened.

Produce a valid conclusion: ","Given the following statement:
daxday happened. Previously, blicketbash happened.

Is it true that daxday occured after blicketbash? Answer yes or no: ","Given the following statement:
daxday happened. Previously, blicketbash happened.

Is it true that blicketbash occured after daxday? Answer yes or no: ",-1.4007015228271484,-1.5543146133422852,-2.7705554962158203,-3.811176300048828,-2.7694759368896484,-3.7507190704345703
301,"wugfest happened. Thereafter, daxday happened.",wugfest occured before daxday.,214_4_temporal_wugfest_thereafter_daxday_wugfest occured before daxday._before,daxday occured before wugfest.,214_4_temporal_wugfest_thereafter_daxday_daxday occured before wugfest._before,wugfest,daxday,"Given the following statement:
wugfest happened. Thereafter, daxday happened.

Produce a valid conclusion: ","Given the following statement:
wugfest happened. Thereafter, daxday happened.

Is it true that wugfest occured before daxday? Answer yes or no: ","Given the following statement:
wugfest happened. Thereafter, daxday happened.

Is it true that daxday occured before wugfest? Answer yes or no: ",-1.0627098083496094,-1.1757493019104004,-2.4973411560058594,-4.260753631591797,-2.4394588470458984,-4.081573486328125
302,"daxday happened. Thereafter, fepfestival happened.",daxday occured before fepfestival.,220_10_temporal_daxday_thereafter_fepfestival_daxday occured before fepfestival._before,fepfestival occured before daxday.,220_10_temporal_daxday_thereafter_fepfestival_fepfestival occured before daxday._before,daxday,fepfestival,"Given the following statement:
daxday happened. Thereafter, fepfestival happened.

Produce a valid conclusion: ","Given the following statement:
daxday happened. Thereafter, fepfestival happened.

Is it true that daxday occured before fepfestival? Answer yes or no: ","Given the following statement:
daxday happened. Thereafter, fepfestival happened.

Is it true that fepfestival occured before daxday? Answer yes or no: ",-1.3686294555664062,-1.3816838264465332,-2.3241500854492188,-3.9654006958007812,-2.217741012573242,-3.9274044036865234
303,"fepfestival happened. Afterwards, gekxtravaganza happened.",fepfestival occured after gekxtravaganza.,18_8_temporal_fepfestival_afterwards_gekxtravaganza_fepfestival occured after gekxtravaganza._after,gekxtravaganza occured after fepfestival.,18_8_temporal_fepfestival_afterwards_gekxtravaganza_gekxtravaganza occured after fepfestival._after,fepfestival,gekxtravaganza,"Given the following statement:
fepfestival happened. Afterwards, gekxtravaganza happened.

Produce a valid conclusion: ","Given the following statement:
fepfestival happened. Afterwards, gekxtravaganza happened.

Is it true that fepfestival occured after gekxtravaganza? Answer yes or no: ","Given the following statement:
fepfestival happened. Afterwards, gekxtravaganza happened.

Is it true that gekxtravaganza occured after fepfestival? Answer yes or no: ",-0.94854336977005,-1.5400463342666626,-2.4626731872558594,-4.106328964233398,-2.4466819763183594,-3.9509830474853516
304,"daxday happened. Finally, blicketbash happened.",daxday occured after blicketbash.,111_1_temporal_daxday_finally_blicketbash_daxday occured after blicketbash._after,blicketbash occured after daxday.,111_1_temporal_daxday_finally_blicketbash_blicketbash occured after daxday._after,daxday,blicketbash,"Given the following statement:
daxday happened. Finally, blicketbash happened.

Produce a valid conclusion: ","Given the following statement:
daxday happened. Finally, blicketbash happened.

Is it true that daxday occured after blicketbash? Answer yes or no: ","Given the following statement:
daxday happened. Finally, blicketbash happened.

Is it true that blicketbash occured after daxday? Answer yes or no: ",-1.6039460897445679,-1.7177777290344238,-2.613615036010742,-3.8834228515625,-2.5759105682373047,-3.8152217864990234
305,"Before blicketbash, fepfestival happened.",fepfestival occured after blicketbash.,57_7_temporal_fepfestival_before_blicketbash_fepfestival occured after blicketbash._after,blicketbash occured after fepfestival.,57_7_temporal_fepfestival_before_blicketbash_blicketbash occured after fepfestival._after,fepfestival,blicketbash,"Given the following statement:
Before blicketbash, fepfestival happened.

Produce a valid conclusion: ","Given the following statement:
Before blicketbash, fepfestival happened.

Is it true that fepfestival occured after blicketbash? Answer yes or no: ","Given the following statement:
Before blicketbash, fepfestival happened.

Is it true that blicketbash occured after fepfestival? Answer yes or no: ",-1.300365924835205,-1.8528673648834229,-2.4691410064697266,-4.095861434936523,-2.572725296020508,-4.050020217895508
306,"daxday happened. So, fepfestival happened.",daxday occured after fepfestival.,182_2_temporal_daxday_so_fepfestival_daxday occured after fepfestival._after,fepfestival occured after daxday.,182_2_temporal_daxday_so_fepfestival_fepfestival occured after daxday._after,daxday,fepfestival,"Given the following statement:
daxday happened. So, fepfestival happened.

Produce a valid conclusion: ","Given the following statement:
daxday happened. So, fepfestival happened.

Is it true that daxday occured after fepfestival? Answer yes or no: ","Given the following statement:
daxday happened. So, fepfestival happened.

Is it true that fepfestival occured after daxday? Answer yes or no: ",-1.8826680183410645,-1.7363066673278809,-2.1283206939697266,-3.8590831756591797,-2.006338119506836,-3.859973907470703
307,"daxday happened. Later, gekxtravaganza happened.",daxday occured after gekxtravaganza.,131_1_temporal_daxday_later_gekxtravaganza_daxday occured after gekxtravaganza._after,gekxtravaganza occured after daxday.,131_1_temporal_daxday_later_gekxtravaganza_gekxtravaganza occured after daxday._after,daxday,gekxtravaganza,"Given the following statement:
daxday happened. Later, gekxtravaganza happened.

Produce a valid conclusion: ","Given the following statement:
daxday happened. Later, gekxtravaganza happened.

Is it true that daxday occured after gekxtravaganza? Answer yes or no: ","Given the following statement:
daxday happened. Later, gekxtravaganza happened.

Is it true that gekxtravaganza occured after daxday? Answer yes or no: ",-1.0588884353637695,-1.3389761447906494,-2.4981021881103516,-3.849081039428711,-2.4268245697021484,-3.7202396392822266
308,"Since blicketbash happened, daxday happened.",daxday occured after blicketbash.,175_5_temporal_daxday_since_blicketbash_daxday occured after blicketbash._after,blicketbash occured after daxday.,175_5_temporal_daxday_since_blicketbash_blicketbash occured after daxday._after,daxday,blicketbash,"Given the following statement:
Since blicketbash happened, daxday happened.

Produce a valid conclusion: ","Given the following statement:
Since blicketbash happened, daxday happened.

Is it true that daxday occured after blicketbash? Answer yes or no: ","Given the following statement:
Since blicketbash happened, daxday happened.

Is it true that blicketbash occured after daxday? Answer yes or no: ",-1.34619140625,-1.7393187284469604,-2.364013671875,-3.782461166381836,-2.4729442596435547,-3.800355911254883
309,"Even after gekxtravaganza, fepfestival happened.",fepfestival occured after gekxtravaganza.,84_4_temporal_fepfestival_even after_gekxtravaganza_fepfestival occured after gekxtravaganza._after,gekxtravaganza occured after fepfestival.,84_4_temporal_fepfestival_even after_gekxtravaganza_gekxtravaganza occured after fepfestival._after,fepfestival,gekxtravaganza,"Given the following statement:
Even after gekxtravaganza, fepfestival happened.

Produce a valid conclusion: ","Given the following statement:
Even after gekxtravaganza, fepfestival happened.

Is it true that fepfestival occured after gekxtravaganza? Answer yes or no: ","Given the following statement:
Even after gekxtravaganza, fepfestival happened.

Is it true that gekxtravaganza occured after fepfestival? Answer yes or no: ",-1.2737566232681274,-1.6730670928955078,-2.151334762573242,-4.269954681396484,-2.207975387573242,-4.204303741455078
310,"because daxday happened, wugfest happened.",wugfest occured before daxday.,48_8_temporal_wugfest_because_daxday_wugfest occured before daxday._before,daxday occured before wugfest.,48_8_temporal_wugfest_because_daxday_daxday occured before wugfest._before,wugfest,daxday,"Given the following statement:
because daxday happened, wugfest happened.

Produce a valid conclusion: ","Given the following statement:
because daxday happened, wugfest happened.

Is it true that wugfest occured before daxday? Answer yes or no: ","Given the following statement:
because daxday happened, wugfest happened.

Is it true that daxday occured before wugfest? Answer yes or no: ",-1.5542625188827515,-1.572431206703186,-2.220499038696289,-4.155067443847656,-2.146291732788086,-4.069978713989258
311,"Before gekxtravaganza, fepfestival happened.",fepfestival occured after gekxtravaganza.,60_10_temporal_fepfestival_before_gekxtravaganza_fepfestival occured after gekxtravaganza._after,gekxtravaganza occured after fepfestival.,60_10_temporal_fepfestival_before_gekxtravaganza_gekxtravaganza occured after fepfestival._after,fepfestival,gekxtravaganza,"Given the following statement:
Before gekxtravaganza, fepfestival happened.

Produce a valid conclusion: ","Given the following statement:
Before gekxtravaganza, fepfestival happened.

Is it true that fepfestival occured after gekxtravaganza? Answer yes or no: ","Given the following statement:
Before gekxtravaganza, fepfestival happened.

Is it true that gekxtravaganza occured after fepfestival? Answer yes or no: ",-1.0057247877120972,-1.575622797012329,-2.226795196533203,-4.260255813598633,-2.3344173431396484,-4.210735321044922
312,"After fepfestival, daxday happened.",daxday occured before fepfestival.,3_3_temporal_daxday_after_fepfestival_daxday occured before fepfestival._before,fepfestival occured before daxday.,3_3_temporal_daxday_after_fepfestival_fepfestival occured before daxday._before,daxday,fepfestival,"Given the following statement:
After fepfestival, daxday happened.

Produce a valid conclusion: ","Given the following statement:
After fepfestival, daxday happened.

Is it true that daxday occured before fepfestival? Answer yes or no: ","Given the following statement:
After fepfestival, daxday happened.

Is it true that fepfestival occured before daxday? Answer yes or no: ",-1.2373040914535522,-1.2270880937576294,-2.259584426879883,-4.126701354980469,-2.1559810638427734,-4.148471832275391
313,"because fepfestival happened, daxday happened.",daxday occured after fepfestival.,46_6_temporal_daxday_because_fepfestival_daxday occured after fepfestival._after,fepfestival occured after daxday.,46_6_temporal_daxday_because_fepfestival_fepfestival occured after daxday._after,daxday,fepfestival,"Given the following statement:
because fepfestival happened, daxday happened.

Produce a valid conclusion: ","Given the following statement:
because fepfestival happened, daxday happened.

Is it true that daxday occured after fepfestival? Answer yes or no: ","Given the following statement:
because fepfestival happened, daxday happened.

Is it true that fepfestival occured after daxday? Answer yes or no: ",-1.8998081684112549,-1.8077375888824463,-2.0758590698242188,-3.936372756958008,-2.0087661743164062,-3.9802303314208984
314,"Since gekxtravaganza happened, fepfestival happened.",fepfestival occured before gekxtravaganza.,172_2_temporal_fepfestival_since_gekxtravaganza_fepfestival occured before gekxtravaganza._before,gekxtravaganza occured before fepfestival.,172_2_temporal_fepfestival_since_gekxtravaganza_gekxtravaganza occured before fepfestival._before,fepfestival,gekxtravaganza,"Given the following statement:
Since gekxtravaganza happened, fepfestival happened.

Produce a valid conclusion: ","Given the following statement:
Since gekxtravaganza happened, fepfestival happened.

Is it true that fepfestival occured before gekxtravaganza? Answer yes or no: ","Given the following statement:
Since gekxtravaganza happened, fepfestival happened.

Is it true that gekxtravaganza occured before fepfestival? Answer yes or no: ",-1.1204122304916382,-1.5424034595489502,-2.1620330810546875,-4.144687652587891,-2.231557846069336,-4.108158111572266
315,"wugfest happened. So, gekxtravaganza happened.",wugfest occured before gekxtravaganza.,184_4_temporal_wugfest_so_gekxtravaganza_wugfest occured before gekxtravaganza._before,gekxtravaganza occured before wugfest.,184_4_temporal_wugfest_so_gekxtravaganza_gekxtravaganza occured before wugfest._before,wugfest,gekxtravaganza,"Given the following statement:
wugfest happened. So, gekxtravaganza happened.

Produce a valid conclusion: ","Given the following statement:
wugfest happened. So, gekxtravaganza happened.

Is it true that wugfest occured before gekxtravaganza? Answer yes or no: ","Given the following statement:
wugfest happened. So, gekxtravaganza happened.

Is it true that gekxtravaganza occured before wugfest? Answer yes or no: ",-1.0488044023513794,-1.4112337827682495,-2.3351879119873047,-3.9373703002929688,-2.3228588104248047,-3.765748977661133
316,"Even though gekxtravaganza had happened, daxday happened.",daxday occured before gekxtravaganza.,104_4_temporal_daxday_even though_gekxtravaganza_daxday occured before gekxtravaganza._before,gekxtravaganza occured before daxday.,104_4_temporal_daxday_even though_gekxtravaganza_gekxtravaganza occured before daxday._before,daxday,gekxtravaganza,"Given the following statement:
Even though gekxtravaganza had happened, daxday happened.

Produce a valid conclusion: ","Given the following statement:
Even though gekxtravaganza had happened, daxday happened.

Is it true that daxday occured before gekxtravaganza? Answer yes or no: ","Given the following statement:
Even though gekxtravaganza had happened, daxday happened.

Is it true that gekxtravaganza occured before daxday? Answer yes or no: ",-1.219301700592041,-1.4954394102096558,-2.5385379791259766,-4.358091354370117,-2.5016956329345703,-4.330099105834961
317,"daxday happened. Therefore, blicketbash happened.",daxday occured after blicketbash.,226_6_temporal_daxday_therefore_blicketbash_daxday occured after blicketbash._after,blicketbash occured after daxday.,226_6_temporal_daxday_therefore_blicketbash_blicketbash occured after daxday._after,daxday,blicketbash,"Given the following statement:
daxday happened. Therefore, blicketbash happened.

Produce a valid conclusion: ","Given the following statement:
daxday happened. Therefore, blicketbash happened.

Is it true that daxday occured after blicketbash? Answer yes or no: ","Given the following statement:
daxday happened. Therefore, blicketbash happened.

Is it true that blicketbash occured after daxday? Answer yes or no: ",-1.8952584266662598,-2.1833419799804688,-2.5105514526367188,-4.032346725463867,-2.5197525024414062,-4.003223419189453
318,"wugfest happened. Previously, fepfestival happened.",wugfest occured after fepfestival.,161_1_temporal_wugfest_previously_fepfestival_wugfest occured after fepfestival._after,fepfestival occured after wugfest.,161_1_temporal_wugfest_previously_fepfestival_fepfestival occured after wugfest._after,wugfest,fepfestival,"Given the following statement:
wugfest happened. Previously, fepfestival happened.

Produce a valid conclusion: ","Given the following statement:
wugfest happened. Previously, fepfestival happened.

Is it true that wugfest occured after fepfestival? Answer yes or no: ","Given the following statement:
wugfest happened. Previously, fepfestival happened.

Is it true that fepfestival occured after wugfest? Answer yes or no: ",-1.32388436794281,-1.3085507154464722,-2.34454345703125,-3.927509307861328,-2.2662582397460938,-3.858461380004883
319,"wugfest happened. Finally, fepfestival happened.",wugfest occured before fepfestival.,119_9_temporal_wugfest_finally_fepfestival_wugfest occured before fepfestival._before,fepfestival occured before wugfest.,119_9_temporal_wugfest_finally_fepfestival_fepfestival occured before wugfest._before,wugfest,fepfestival,"Given the following statement:
wugfest happened. Finally, fepfestival happened.

Produce a valid conclusion: ","Given the following statement:
wugfest happened. Finally, fepfestival happened.

Is it true that wugfest occured before fepfestival? Answer yes or no: ","Given the following statement:
wugfest happened. Finally, fepfestival happened.

Is it true that fepfestival occured before wugfest? Answer yes or no: ",-1.201791763305664,-1.2425349950790405,-2.371692657470703,-4.036041259765625,-2.277812957763672,-3.904287338256836
320,"wugfest happened. Then, gekxtravaganza happened.",wugfest occured after gekxtravaganza.,203_3_temporal_wugfest_then_gekxtravaganza_wugfest occured after gekxtravaganza._after,gekxtravaganza occured after wugfest.,203_3_temporal_wugfest_then_gekxtravaganza_gekxtravaganza occured after wugfest._after,wugfest,gekxtravaganza,"Given the following statement:
wugfest happened. Then, gekxtravaganza happened.

Produce a valid conclusion: ","Given the following statement:
wugfest happened. Then, gekxtravaganza happened.

Is it true that wugfest occured after gekxtravaganza? Answer yes or no: ","Given the following statement:
wugfest happened. Then, gekxtravaganza happened.

Is it true that gekxtravaganza occured after wugfest? Answer yes or no: ",-1.0207853317260742,-1.2903246879577637,-2.356964111328125,-3.964693069458008,-2.323049545288086,-3.8264713287353516
321,"wugfest happened. Subsequently, daxday happened.",wugfest occured after daxday.,195_5_temporal_wugfest_subsequently_daxday_wugfest occured after daxday._after,daxday occured after wugfest.,195_5_temporal_wugfest_subsequently_daxday_daxday occured after wugfest._after,wugfest,daxday,"Given the following statement:
wugfest happened. Subsequently, daxday happened.

Produce a valid conclusion: ","Given the following statement:
wugfest happened. Subsequently, daxday happened.

Is it true that wugfest occured after daxday? Answer yes or no: ","Given the following statement:
wugfest happened. Subsequently, daxday happened.

Is it true that daxday occured after wugfest? Answer yes or no: ",-1.1320677995681763,-1.239139437675476,-2.4062652587890625,-4.0235595703125,-2.363353729248047,-3.8838672637939453
322,daxday happened even after blicketbash.,daxday occured after blicketbash.,83_3_temporal_daxday_even after_blicketbash_daxday occured after blicketbash._after,blicketbash occured after daxday.,83_3_temporal_daxday_even after_blicketbash_blicketbash occured after daxday._after,daxday,blicketbash,"Given the following statement:
daxday happened even after blicketbash.

Produce a valid conclusion: ","Given the following statement:
daxday happened even after blicketbash.

Is it true that daxday occured after blicketbash? Answer yes or no: ","Given the following statement:
daxday happened even after blicketbash.

Is it true that blicketbash occured after daxday? Answer yes or no: ",-1.168805480003357,-1.6560921669006348,-2.685314178466797,-4.190532684326172,-2.7441234588623047,-4.067279815673828
323,"daxday happend. Earlier, gekxtravaganza had happened.",daxday occured before gekxtravaganza.,78_8_temporal_daxday_earlier_gekxtravaganza_daxday occured before gekxtravaganza._before,gekxtravaganza occured before daxday.,78_8_temporal_daxday_earlier_gekxtravaganza_gekxtravaganza occured before daxday._before,daxday,gekxtravaganza,"Given the following statement:
daxday happend. Earlier, gekxtravaganza had happened.

Produce a valid conclusion: ","Given the following statement:
daxday happend. Earlier, gekxtravaganza had happened.

Is it true that daxday occured before gekxtravaganza? Answer yes or no: ","Given the following statement:
daxday happend. Earlier, gekxtravaganza had happened.

Is it true that gekxtravaganza occured before daxday? Answer yes or no: ",-1.147324800491333,-1.3595292568206787,-2.4752254486083984,-4.020954132080078,-2.4728450775146484,-3.900054931640625
324,"wugfest happened. Hence, blicketbash happened.",wugfest occured before blicketbash.,127_7_temporal_wugfest_hence_blicketbash_wugfest occured before blicketbash._before,blicketbash occured before wugfest.,127_7_temporal_wugfest_hence_blicketbash_blicketbash occured before wugfest._before,wugfest,blicketbash,"Given the following statement:
wugfest happened. Hence, blicketbash happened.

Produce a valid conclusion: ","Given the following statement:
wugfest happened. Hence, blicketbash happened.

Is it true that wugfest occured before blicketbash? Answer yes or no: ","Given the following statement:
wugfest happened. Hence, blicketbash happened.

Is it true that blicketbash occured before wugfest? Answer yes or no: ",-1.2703105211257935,-1.7645487785339355,-3.0471668243408203,-4.324419021606445,-3.0381851196289062,-4.2040863037109375
325,"blicketbash happened. Then, gekxtravaganza happened.",blicketbash occured before gekxtravaganza.,208_8_temporal_blicketbash_then_gekxtravaganza_blicketbash occured before gekxtravaganza._before,gekxtravaganza occured before blicketbash.,208_8_temporal_blicketbash_then_gekxtravaganza_gekxtravaganza occured before blicketbash._before,blicketbash,gekxtravaganza,"Given the following statement:
blicketbash happened. Then, gekxtravaganza happened.

Produce a valid conclusion: ","Given the following statement:
blicketbash happened. Then, gekxtravaganza happened.

Is it true that blicketbash occured before gekxtravaganza? Answer yes or no: ","Given the following statement:
blicketbash happened. Then, gekxtravaganza happened.

Is it true that gekxtravaganza occured before blicketbash? Answer yes or no: ",-0.9932914972305298,-1.327698826789856,-2.704916000366211,-3.942178726196289,-2.6623458862304688,-3.8921661376953125
326,"wugfest happened. As a result, fepfestival happened.",wugfest occured before fepfestival.,36_6_temporal_wugfest_as a result_fepfestival_wugfest occured before fepfestival._before,fepfestival occured before wugfest.,36_6_temporal_wugfest_as a result_fepfestival_fepfestival occured before wugfest._before,wugfest,fepfestival,"Given the following statement:
wugfest happened. As a result, fepfestival happened.

Produce a valid conclusion: ","Given the following statement:
wugfest happened. As a result, fepfestival happened.

Is it true that wugfest occured before fepfestival? Answer yes or no: ","Given the following statement:
wugfest happened. As a result, fepfestival happened.

Is it true that fepfestival occured before wugfest? Answer yes or no: ",-1.340055227279663,-1.4694609642028809,-2.418670654296875,-4.19659423828125,-2.2869834899902344,-4.035804748535156
327,"wugfest happened. Previously, daxday happened.",wugfest occured after daxday.,164_4_temporal_wugfest_previously_daxday_wugfest occured after daxday._after,daxday occured after wugfest.,164_4_temporal_wugfest_previously_daxday_daxday occured after wugfest._after,wugfest,daxday,"Given the following statement:
wugfest happened. Previously, daxday happened.

Produce a valid conclusion: ","Given the following statement:
wugfest happened. Previously, daxday happened.

Is it true that wugfest occured after daxday? Answer yes or no: ","Given the following statement:
wugfest happened. Previously, daxday happened.

Is it true that daxday occured after wugfest? Answer yes or no: ",-1.2457423210144043,-1.3031620979309082,-2.4295406341552734,-3.97515869140625,-2.4309158325195312,-3.8733863830566406
328,daxday happened since fepfestival happened.,daxday occured before fepfestival.,180_10_temporal_daxday_since_fepfestival_daxday occured before fepfestival._before,fepfestival occured before daxday.,180_10_temporal_daxday_since_fepfestival_fepfestival occured before daxday._before,daxday,fepfestival,"Given the following statement:
daxday happened since fepfestival happened.

Produce a valid conclusion: ","Given the following statement:
daxday happened since fepfestival happened.

Is it true that daxday occured before fepfestival? Answer yes or no: ","Given the following statement:
daxday happened since fepfestival happened.

Is it true that fepfestival occured before daxday? Answer yes or no: ",-1.4665708541870117,-1.5018706321716309,-2.1370105743408203,-3.8407974243164062,-2.0951080322265625,-3.7913818359375
329,"wugfest happened. Finally, gekxtravaganza happened.",wugfest occured before gekxtravaganza.,116_6_temporal_wugfest_finally_gekxtravaganza_wugfest occured before gekxtravaganza._before,gekxtravaganza occured before wugfest.,116_6_temporal_wugfest_finally_gekxtravaganza_gekxtravaganza occured before wugfest._before,wugfest,gekxtravaganza,"Given the following statement:
wugfest happened. Finally, gekxtravaganza happened.

Produce a valid conclusion: ","Given the following statement:
wugfest happened. Finally, gekxtravaganza happened.

Is it true that wugfest occured before gekxtravaganza? Answer yes or no: ","Given the following statement:
wugfest happened. Finally, gekxtravaganza happened.

Is it true that gekxtravaganza occured before wugfest? Answer yes or no: ",-0.9040547013282776,-1.2672175168991089,-2.421865463256836,-3.9384193420410156,-2.40643310546875,-3.7566394805908203
330,daxday happened even though blicketbash had happened.,daxday occured before blicketbash.,105_5_temporal_daxday_even though_blicketbash_daxday occured before blicketbash._before,blicketbash occured before daxday.,105_5_temporal_daxday_even though_blicketbash_blicketbash occured before daxday._before,daxday,blicketbash,"Given the following statement:
daxday happened even though blicketbash had happened.

Produce a valid conclusion: ","Given the following statement:
daxday happened even though blicketbash had happened.

Is it true that daxday occured before blicketbash? Answer yes or no: ","Given the following statement:
daxday happened even though blicketbash had happened.

Is it true that blicketbash occured before daxday? Answer yes or no: ",-1.2996238470077515,-1.5513546466827393,-2.921428680419922,-4.279560089111328,-3.158823013305664,-4.314872741699219
331,"Even after daxday, wugfest happened.",wugfest occured after daxday.,87_7_temporal_wugfest_even after_daxday_wugfest occured after daxday._after,daxday occured after wugfest.,87_7_temporal_wugfest_even after_daxday_daxday occured after wugfest._after,wugfest,daxday,"Given the following statement:
Even after daxday, wugfest happened.

Produce a valid conclusion: ","Given the following statement:
Even after daxday, wugfest happened.

Is it true that wugfest occured after daxday? Answer yes or no: ","Given the following statement:
Even after daxday, wugfest happened.

Is it true that daxday occured after wugfest? Answer yes or no: ",-1.4384188652038574,-1.491020679473877,-2.271656036376953,-4.198328018188477,-2.2920780181884766,-4.153186798095703
332,blicketbash happened once gekxtravaganza happened.,blicketbash occured after gekxtravaganza.,156_6_temporal_blicketbash_once_gekxtravaganza_blicketbash occured after gekxtravaganza._after,gekxtravaganza occured after blicketbash.,156_6_temporal_blicketbash_once_gekxtravaganza_gekxtravaganza occured after blicketbash._after,blicketbash,gekxtravaganza,"Given the following statement:
blicketbash happened once gekxtravaganza happened.

Produce a valid conclusion: ","Given the following statement:
blicketbash happened once gekxtravaganza happened.

Is it true that blicketbash occured after gekxtravaganza? Answer yes or no: ","Given the following statement:
blicketbash happened once gekxtravaganza happened.

Is it true that gekxtravaganza occured after blicketbash? Answer yes or no: ",-1.0079323053359985,-1.2308100461959839,-2.4051876068115234,-3.8010692596435547,-2.4012184143066406,-3.764911651611328
333,"fepfestival happened. Subsequently, blicketbash happened.",fepfestival occured after blicketbash.,194_4_temporal_fepfestival_subsequently_blicketbash_fepfestival occured after blicketbash._after,blicketbash occured after fepfestival.,194_4_temporal_fepfestival_subsequently_blicketbash_blicketbash occured after fepfestival._after,fepfestival,blicketbash,"Given the following statement:
fepfestival happened. Subsequently, blicketbash happened.

Produce a valid conclusion: ","Given the following statement:
fepfestival happened. Subsequently, blicketbash happened.

Is it true that fepfestival occured after blicketbash? Answer yes or no: ","Given the following statement:
fepfestival happened. Subsequently, blicketbash happened.

Is it true that blicketbash occured after fepfestival? Answer yes or no: ",-1.2540324926376343,-2.113157272338867,-2.754566192626953,-4.139371871948242,-2.7746009826660156,-4.040111541748047
334,"wugfest happened. Later, gekxtravaganza happened.",wugfest occured after gekxtravaganza.,137_7_temporal_wugfest_later_gekxtravaganza_wugfest occured after gekxtravaganza._after,gekxtravaganza occured after wugfest.,137_7_temporal_wugfest_later_gekxtravaganza_gekxtravaganza occured after wugfest._after,wugfest,gekxtravaganza,"Given the following statement:
wugfest happened. Later, gekxtravaganza happened.

Produce a valid conclusion: ","Given the following statement:
wugfest happened. Later, gekxtravaganza happened.

Is it true that wugfest occured after gekxtravaganza? Answer yes or no: ","Given the following statement:
wugfest happened. Later, gekxtravaganza happened.

Is it true that gekxtravaganza occured after wugfest? Answer yes or no: ",-0.9038452506065369,-1.2668522596359253,-2.4107742309570312,-3.8683624267578125,-2.379945755004883,-3.721210479736328
335,blicketbash happened even before fepfestival.,fepfestival occured before blicketbash.,94_4_temporal_fepfestival_even before_blicketbash_fepfestival occured before blicketbash._before,blicketbash occured before fepfestival.,94_4_temporal_fepfestival_even before_blicketbash_blicketbash occured before fepfestival._before,fepfestival,blicketbash,"Given the following statement:
blicketbash happened even before fepfestival.

Produce a valid conclusion: ","Given the following statement:
blicketbash happened even before fepfestival.

Is it true that fepfestival occured before blicketbash? Answer yes or no: ","Given the following statement:
blicketbash happened even before fepfestival.

Is it true that blicketbash occured before fepfestival? Answer yes or no: ",-1.3644335269927979,-1.1169312000274658,-2.0947437286376953,-4.126035690307617,-2.1114540100097656,-4.128374099731445
336,gekxtravaganza happened even before daxday.,daxday occured before gekxtravaganza.,95_5_temporal_daxday_even before_gekxtravaganza_daxday occured before gekxtravaganza._before,gekxtravaganza occured before daxday.,95_5_temporal_daxday_even before_gekxtravaganza_gekxtravaganza occured before daxday._before,daxday,gekxtravaganza,"Given the following statement:
gekxtravaganza happened even before daxday.

Produce a valid conclusion: ","Given the following statement:
gekxtravaganza happened even before daxday.

Is it true that daxday occured before gekxtravaganza? Answer yes or no: ","Given the following statement:
gekxtravaganza happened even before daxday.

Is it true that gekxtravaganza occured before daxday? Answer yes or no: ",-0.9871549010276794,-0.8846740126609802,-2.6662120819091797,-4.245302200317383,-2.5142574310302734,-4.229381561279297
337,"daxday happened. Afterwards, gekxtravaganza happened.",daxday occured before gekxtravaganza.,16_6_temporal_daxday_afterwards_gekxtravaganza_daxday occured before gekxtravaganza._before,gekxtravaganza occured before daxday.,16_6_temporal_daxday_afterwards_gekxtravaganza_gekxtravaganza occured before daxday._before,daxday,gekxtravaganza,"Given the following statement:
daxday happened. Afterwards, gekxtravaganza happened.

Produce a valid conclusion: ","Given the following statement:
daxday happened. Afterwards, gekxtravaganza happened.

Is it true that daxday occured before gekxtravaganza? Answer yes or no: ","Given the following statement:
daxday happened. Afterwards, gekxtravaganza happened.

Is it true that gekxtravaganza occured before daxday? Answer yes or no: ",-1.0107189416885376,-1.320028305053711,-2.5549392700195312,-4.049993515014648,-2.5531177520751953,-3.966440200805664
338,"fepfestival happened. Previously, gekxtravaganza happened.",fepfestival occured before gekxtravaganza.,165_5_temporal_fepfestival_previously_gekxtravaganza_fepfestival occured before gekxtravaganza._before,gekxtravaganza occured before fepfestival.,165_5_temporal_fepfestival_previously_gekxtravaganza_gekxtravaganza occured before fepfestival._before,fepfestival,gekxtravaganza,"Given the following statement:
fepfestival happened. Previously, gekxtravaganza happened.

Produce a valid conclusion: ","Given the following statement:
fepfestival happened. Previously, gekxtravaganza happened.

Is it true that fepfestival occured before gekxtravaganza? Answer yes or no: ","Given the following statement:
fepfestival happened. Previously, gekxtravaganza happened.

Is it true that gekxtravaganza occured before fepfestival? Answer yes or no: ",-0.9880807399749756,-1.6138283014297485,-2.557514190673828,-4.0319671630859375,-2.590475082397461,-3.913238525390625
339,daxday happened because blicketbash happened.,daxday occured after blicketbash.,47_7_temporal_daxday_because_blicketbash_daxday occured after blicketbash._after,blicketbash occured after daxday.,47_7_temporal_daxday_because_blicketbash_blicketbash occured after daxday._after,daxday,blicketbash,"Given the following statement:
daxday happened because blicketbash happened.

Produce a valid conclusion: ","Given the following statement:
daxday happened because blicketbash happened.

Is it true that daxday occured after blicketbash? Answer yes or no: ","Given the following statement:
daxday happened because blicketbash happened.

Is it true that blicketbash occured after daxday? Answer yes or no: ",-1.6261200904846191,-1.8364535570144653,-2.893930435180664,-4.231330871582031,-3.0274696350097656,-4.271230697631836
340,"wugfest happened. Finally, blicketbash happened.",wugfest occured after blicketbash.,115_5_temporal_wugfest_finally_blicketbash_wugfest occured after blicketbash._after,blicketbash occured after wugfest.,115_5_temporal_wugfest_finally_blicketbash_blicketbash occured after wugfest._after,wugfest,blicketbash,"Given the following statement:
wugfest happened. Finally, blicketbash happened.

Produce a valid conclusion: ","Given the following statement:
wugfest happened. Finally, blicketbash happened.

Is it true that wugfest occured after blicketbash? Answer yes or no: ","Given the following statement:
wugfest happened. Finally, blicketbash happened.

Is it true that blicketbash occured after wugfest? Answer yes or no: ",-1.2334785461425781,-1.4398548603057861,-2.9342403411865234,-4.019527435302734,-2.8882980346679688,-3.9394474029541016
341,"wugfest happened. Consequently, gekxtravaganza happened.",wugfest occured before gekxtravaganza.,66_6_temporal_wugfest_consequently_gekxtravaganza_wugfest occured before gekxtravaganza._before,gekxtravaganza occured before wugfest.,66_6_temporal_wugfest_consequently_gekxtravaganza_gekxtravaganza occured before wugfest._before,wugfest,gekxtravaganza,"Given the following statement:
wugfest happened. Consequently, gekxtravaganza happened.

Produce a valid conclusion: ","Given the following statement:
wugfest happened. Consequently, gekxtravaganza happened.

Is it true that wugfest occured before gekxtravaganza? Answer yes or no: ","Given the following statement:
wugfest happened. Consequently, gekxtravaganza happened.

Is it true that gekxtravaganza occured before wugfest? Answer yes or no: ",-1.0285003185272217,-1.408617615699768,-2.463258743286133,-4.001377105712891,-2.4373855590820312,-3.791452407836914
342,daxday happened even though fepfestival had happened.,daxday occured after fepfestival.,109_9_temporal_daxday_even though_fepfestival_daxday occured after fepfestival._after,fepfestival occured after daxday.,109_9_temporal_daxday_even though_fepfestival_fepfestival occured after daxday._after,daxday,fepfestival,"Given the following statement:
daxday happened even though fepfestival had happened.

Produce a valid conclusion: ","Given the following statement:
daxday happened even though fepfestival had happened.

Is it true that daxday occured after fepfestival? Answer yes or no: ","Given the following statement:
daxday happened even though fepfestival had happened.

Is it true that fepfestival occured after daxday? Answer yes or no: ",-1.5219398736953735,-1.5100359916687012,-2.35479736328125,-4.152772903442383,-2.321788787841797,-4.129060745239258
343,"blicketbash happened. So, gekxtravaganza happened.",blicketbash occured before gekxtravaganza.,181_1_temporal_blicketbash_so_gekxtravaganza_blicketbash occured before gekxtravaganza._before,gekxtravaganza occured before blicketbash.,181_1_temporal_blicketbash_so_gekxtravaganza_gekxtravaganza occured before blicketbash._before,blicketbash,gekxtravaganza,"Given the following statement:
blicketbash happened. So, gekxtravaganza happened.

Produce a valid conclusion: ","Given the following statement:
blicketbash happened. So, gekxtravaganza happened.

Is it true that blicketbash occured before gekxtravaganza? Answer yes or no: ","Given the following statement:
blicketbash happened. So, gekxtravaganza happened.

Is it true that gekxtravaganza occured before blicketbash? Answer yes or no: ",-1.2461445331573486,-1.5315190553665161,-2.401508331298828,-3.700429916381836,-2.394845962524414,-3.62939453125
344,"daxday happened. Therefore, fepfestival happened.",daxday occured before fepfestival.,222_2_temporal_daxday_therefore_fepfestival_daxday occured before fepfestival._before,fepfestival occured before daxday.,222_2_temporal_daxday_therefore_fepfestival_fepfestival occured before daxday._before,daxday,fepfestival,"Given the following statement:
daxday happened. Therefore, fepfestival happened.

Produce a valid conclusion: ","Given the following statement:
daxday happened. Therefore, fepfestival happened.

Is it true that daxday occured before fepfestival? Answer yes or no: ","Given the following statement:
daxday happened. Therefore, fepfestival happened.

Is it true that fepfestival occured before daxday? Answer yes or no: ",-1.8962634801864624,-1.843363881111145,-2.186260223388672,-4.180181503295898,-2.1242504119873047,-4.15904426574707
345,blicketbash happened because gekxtravaganza happened.,blicketbash occured before gekxtravaganza.,44_4_temporal_blicketbash_because_gekxtravaganza_blicketbash occured before gekxtravaganza._before,gekxtravaganza occured before blicketbash.,44_4_temporal_blicketbash_because_gekxtravaganza_gekxtravaganza occured before blicketbash._before,blicketbash,gekxtravaganza,"Given the following statement:
blicketbash happened because gekxtravaganza happened.

Produce a valid conclusion: ","Given the following statement:
blicketbash happened because gekxtravaganza happened.

Is it true that blicketbash occured before gekxtravaganza? Answer yes or no: ","Given the following statement:
blicketbash happened because gekxtravaganza happened.

Is it true that gekxtravaganza occured before blicketbash? Answer yes or no: ",-1.0519757270812988,-1.2403801679611206,-2.821748733520508,-4.165824890136719,-2.8071842193603516,-4.138864517211914
346,"wugfest happened. Next, daxday happened.",wugfest occured before daxday.,142_2_temporal_wugfest_next_daxday_wugfest occured before daxday._before,daxday occured before wugfest.,142_2_temporal_wugfest_next_daxday_daxday occured before wugfest._before,wugfest,daxday,"Given the following statement:
wugfest happened. Next, daxday happened.

Produce a valid conclusion: ","Given the following statement:
wugfest happened. Next, daxday happened.

Is it true that wugfest occured before daxday? Answer yes or no: ","Given the following statement:
wugfest happened. Next, daxday happened.

Is it true that daxday occured before wugfest? Answer yes or no: ",-1.1755650043487549,-1.2541143894195557,-2.557544708251953,-4.232301712036133,-2.4742813110351562,-4.079122543334961
347,daxday happened once fepfestival happened.,daxday occured before fepfestival.,152_2_temporal_daxday_once_fepfestival_daxday occured before fepfestival._before,fepfestival occured before daxday.,152_2_temporal_daxday_once_fepfestival_fepfestival occured before daxday._before,daxday,fepfestival,"Given the following statement:
daxday happened once fepfestival happened.

Produce a valid conclusion: ","Given the following statement:
daxday happened once fepfestival happened.

Is it true that daxday occured before fepfestival? Answer yes or no: ","Given the following statement:
daxday happened once fepfestival happened.

Is it true that fepfestival occured before daxday? Answer yes or no: ",-1.4724581241607666,-1.4740550518035889,-2.3228607177734375,-3.92974853515625,-2.246976852416992,-3.9236011505126953
348,"fepfestival happened. So, blicketbash happened.",fepfestival occured before blicketbash.,187_7_temporal_fepfestival_so_blicketbash_fepfestival occured before blicketbash._before,blicketbash occured before fepfestival.,187_7_temporal_fepfestival_so_blicketbash_blicketbash occured before fepfestival._before,fepfestival,blicketbash,"Given the following statement:
fepfestival happened. So, blicketbash happened.

Produce a valid conclusion: ","Given the following statement:
fepfestival happened. So, blicketbash happened.

Is it true that fepfestival occured before blicketbash? Answer yes or no: ","Given the following statement:
fepfestival happened. So, blicketbash happened.

Is it true that blicketbash occured before fepfestival? Answer yes or no: ",-1.390688419342041,-2.2525460720062256,-2.7117786407470703,-4.103048324584961,-2.7294979095458984,-3.945505142211914
349,"because gekxtravaganza happened, fepfestival happened.",fepfestival occured after gekxtravaganza.,49_9_temporal_fepfestival_because_gekxtravaganza_fepfestival occured after gekxtravaganza._after,gekxtravaganza occured after fepfestival.,49_9_temporal_fepfestival_because_gekxtravaganza_gekxtravaganza occured after fepfestival._after,fepfestival,gekxtravaganza,"Given the following statement:
because gekxtravaganza happened, fepfestival happened.

Produce a valid conclusion: ","Given the following statement:
because gekxtravaganza happened, fepfestival happened.

Is it true that fepfestival occured after gekxtravaganza? Answer yes or no: ","Given the following statement:
because gekxtravaganza happened, fepfestival happened.

Is it true that gekxtravaganza occured after fepfestival? Answer yes or no: ",-1.324666976928711,-1.6264245510101318,-2.092008590698242,-3.997119903564453,-2.1530075073242188,-3.9041481018066406
350,"wugfest happened. Therefore, gekxtravaganza happened.",wugfest occured before gekxtravaganza.,224_4_temporal_wugfest_therefore_gekxtravaganza_wugfest occured before gekxtravaganza._before,gekxtravaganza occured before wugfest.,224_4_temporal_wugfest_therefore_gekxtravaganza_gekxtravaganza occured before wugfest._before,wugfest,gekxtravaganza,"Given the following statement:
wugfest happened. Therefore, gekxtravaganza happened.

Produce a valid conclusion: ","Given the following statement:
wugfest happened. Therefore, gekxtravaganza happened.

Is it true that wugfest occured before gekxtravaganza? Answer yes or no: ","Given the following statement:
wugfest happened. Therefore, gekxtravaganza happened.

Is it true that gekxtravaganza occured before wugfest? Answer yes or no: ",-1.1430271863937378,-1.6423054933547974,-2.414348602294922,-4.215047836303711,-2.400320053100586,-4.036903381347656
351,"wugfest happened. Then, blicketbash happened.",wugfest occured after blicketbash.,201_1_temporal_wugfest_then_blicketbash_wugfest occured after blicketbash._after,blicketbash occured after wugfest.,201_1_temporal_wugfest_then_blicketbash_blicketbash occured after wugfest._after,wugfest,blicketbash,"Given the following statement:
wugfest happened. Then, blicketbash happened.

Produce a valid conclusion: ","Given the following statement:
wugfest happened. Then, blicketbash happened.

Is it true that wugfest occured after blicketbash? Answer yes or no: ","Given the following statement:
wugfest happened. Then, blicketbash happened.

Is it true that blicketbash occured after wugfest? Answer yes or no: ",-1.265002727508545,-1.4636255502700806,-3.2636985778808594,-4.238645553588867,-3.2022132873535156,-4.196929931640625
352,"daxday happened. Next, fepfestival happened.",daxday occured after fepfestival.,144_4_temporal_daxday_next_fepfestival_daxday occured after fepfestival._after,fepfestival occured after daxday.,144_4_temporal_daxday_next_fepfestival_fepfestival occured after daxday._after,daxday,fepfestival,"Given the following statement:
daxday happened. Next, fepfestival happened.

Produce a valid conclusion: ","Given the following statement:
daxday happened. Next, fepfestival happened.

Is it true that daxday occured after fepfestival? Answer yes or no: ","Given the following statement:
daxday happened. Next, fepfestival happened.

Is it true that fepfestival occured after daxday? Answer yes or no: ",-1.6129064559936523,-1.4503549337387085,-2.4489383697509766,-3.9259986877441406,-2.259553909301758,-3.871063232421875
353,"fepfestival happened. Later, gekxtravaganza happened.",fepfestival occured after gekxtravaganza.,135_5_temporal_fepfestival_later_gekxtravaganza_fepfestival occured after gekxtravaganza._after,gekxtravaganza occured after fepfestival.,135_5_temporal_fepfestival_later_gekxtravaganza_gekxtravaganza occured after fepfestival._after,fepfestival,gekxtravaganza,"Given the following statement:
fepfestival happened. Later, gekxtravaganza happened.

Produce a valid conclusion: ","Given the following statement:
fepfestival happened. Later, gekxtravaganza happened.

Is it true that fepfestival occured after gekxtravaganza? Answer yes or no: ","Given the following statement:
fepfestival happened. Later, gekxtravaganza happened.

Is it true that gekxtravaganza occured after fepfestival? Answer yes or no: ",-0.9780446887016296,-1.5737336874008179,-2.523693084716797,-4.053033828735352,-2.5080699920654297,-3.904886245727539
354,"blicketbash happened. Subsequently, gekxtravaganza happened.",blicketbash occured after gekxtravaganza.,200_10_temporal_blicketbash_subsequently_gekxtravaganza_blicketbash occured after gekxtravaganza._after,gekxtravaganza occured after blicketbash.,200_10_temporal_blicketbash_subsequently_gekxtravaganza_gekxtravaganza occured after blicketbash._after,blicketbash,gekxtravaganza,"Given the following statement:
blicketbash happened. Subsequently, gekxtravaganza happened.

Produce a valid conclusion: ","Given the following statement:
blicketbash happened. Subsequently, gekxtravaganza happened.

Is it true that blicketbash occured after gekxtravaganza? Answer yes or no: ","Given the following statement:
blicketbash happened. Subsequently, gekxtravaganza happened.

Is it true that gekxtravaganza occured after blicketbash? Answer yes or no: ",-1.0213509798049927,-1.2347654104232788,-2.420940399169922,-3.673524856567383,-2.4179534912109375,-3.603729248046875
355,"After fepfestival, wugfest happened.",wugfest occured before fepfestival.,7_7_temporal_wugfest_after_fepfestival_wugfest occured before fepfestival._before,fepfestival occured before wugfest.,7_7_temporal_wugfest_after_fepfestival_fepfestival occured before wugfest._before,wugfest,fepfestival,"Given the following statement:
After fepfestival, wugfest happened.

Produce a valid conclusion: ","Given the following statement:
After fepfestival, wugfest happened.

Is it true that wugfest occured before fepfestival? Answer yes or no: ","Given the following statement:
After fepfestival, wugfest happened.

Is it true that fepfestival occured before wugfest? Answer yes or no: ",-1.1357815265655518,-1.1311230659484863,-2.3288955688476562,-4.258708953857422,-2.2914810180664062,-4.254140853881836
356,gekxtravaganza happened even before blicketbash.,blicketbash occured after gekxtravaganza.,100_10_temporal_blicketbash_even before_gekxtravaganza_blicketbash occured after gekxtravaganza._after,gekxtravaganza occured after blicketbash.,100_10_temporal_blicketbash_even before_gekxtravaganza_gekxtravaganza occured after blicketbash._after,blicketbash,gekxtravaganza,"Given the following statement:
gekxtravaganza happened even before blicketbash.

Produce a valid conclusion: ","Given the following statement:
gekxtravaganza happened even before blicketbash.

Is it true that blicketbash occured after gekxtravaganza? Answer yes or no: ","Given the following statement:
gekxtravaganza happened even before blicketbash.

Is it true that gekxtravaganza occured after blicketbash? Answer yes or no: ",-1.167323112487793,-0.8499746322631836,-3.216276168823242,-4.446352005004883,-3.1141796112060547,-4.374565124511719
357,"daxday happened. Later, blicketbash happened.",daxday occured after blicketbash.,136_6_temporal_daxday_later_blicketbash_daxday occured after blicketbash._after,blicketbash occured after daxday.,136_6_temporal_daxday_later_blicketbash_blicketbash occured after daxday._after,daxday,blicketbash,"Given the following statement:
daxday happened. Later, blicketbash happened.

Produce a valid conclusion: ","Given the following statement:
daxday happened. Later, blicketbash happened.

Is it true that daxday occured after blicketbash? Answer yes or no: ","Given the following statement:
daxday happened. Later, blicketbash happened.

Is it true that blicketbash occured after daxday? Answer yes or no: ",-1.3472434282302856,-1.5988694429397583,-2.826202392578125,-3.975627899169922,-2.790630340576172,-3.9312572479248047
358,"wugfest happened. Later, blicketbash happened.",wugfest occured after blicketbash.,132_2_temporal_wugfest_later_blicketbash_wugfest occured after blicketbash._after,blicketbash occured after wugfest.,132_2_temporal_wugfest_later_blicketbash_blicketbash occured after wugfest._after,wugfest,blicketbash,"Given the following statement:
wugfest happened. Later, blicketbash happened.

Produce a valid conclusion: ","Given the following statement:
wugfest happened. Later, blicketbash happened.

Is it true that wugfest occured after blicketbash? Answer yes or no: ","Given the following statement:
wugfest happened. Later, blicketbash happened.

Is it true that blicketbash occured after wugfest? Answer yes or no: ",-1.1188462972640991,-1.4496746063232422,-3.2350807189941406,-4.181728363037109,-3.1871814727783203,-4.120391845703125
359,"Before gekxtravaganza, daxday happened.",daxday occured after gekxtravaganza.,58_8_temporal_daxday_before_gekxtravaganza_daxday occured after gekxtravaganza._after,gekxtravaganza occured after daxday.,58_8_temporal_daxday_before_gekxtravaganza_gekxtravaganza occured after daxday._after,daxday,gekxtravaganza,"Given the following statement:
Before gekxtravaganza, daxday happened.

Produce a valid conclusion: ","Given the following statement:
Before gekxtravaganza, daxday happened.

Is it true that daxday occured after gekxtravaganza? Answer yes or no: ","Given the following statement:
Before gekxtravaganza, daxday happened.

Is it true that gekxtravaganza occured after daxday? Answer yes or no: ",-0.9390058517456055,-1.4234410524368286,-2.558746337890625,-4.282419204711914,-2.5794525146484375,-4.224874496459961
360,"because fepfestival happened, wugfest happened.",wugfest occured before fepfestival.,41_1_temporal_wugfest_because_fepfestival_wugfest occured before fepfestival._before,fepfestival occured before wugfest.,41_1_temporal_wugfest_because_fepfestival_fepfestival occured before wugfest._before,wugfest,fepfestival,"Given the following statement:
because fepfestival happened, wugfest happened.

Produce a valid conclusion: ","Given the following statement:
because fepfestival happened, wugfest happened.

Is it true that wugfest occured before fepfestival? Answer yes or no: ","Given the following statement:
because fepfestival happened, wugfest happened.

Is it true that fepfestival occured before wugfest? Answer yes or no: ",-1.7694876194000244,-1.5968412160873413,-2.3435535430908203,-4.284126281738281,-2.240385055541992,-4.267704010009766
361,"wugfest happened. Subsequently, fepfestival happened.",wugfest occured before fepfestival.,197_7_temporal_wugfest_subsequently_fepfestival_wugfest occured before fepfestival._before,fepfestival occured before wugfest.,197_7_temporal_wugfest_subsequently_fepfestival_fepfestival occured before wugfest._before,wugfest,fepfestival,"Given the following statement:
wugfest happened. Subsequently, fepfestival happened.

Produce a valid conclusion: ","Given the following statement:
wugfest happened. Subsequently, fepfestival happened.

Is it true that wugfest occured before fepfestival? Answer yes or no: ","Given the following statement:
wugfest happened. Subsequently, fepfestival happened.

Is it true that fepfestival occured before wugfest? Answer yes or no: ",-1.0903733968734741,-1.1581703424453735,-2.4412307739257812,-4.077289581298828,-2.340433120727539,-3.934459686279297
362,wugfest happened because gekxtravaganza happened.,wugfest occured after gekxtravaganza.,45_5_temporal_wugfest_because_gekxtravaganza_wugfest occured after gekxtravaganza._after,gekxtravaganza occured after wugfest.,45_5_temporal_wugfest_because_gekxtravaganza_gekxtravaganza occured after wugfest._after,wugfest,gekxtravaganza,"Given the following statement:
wugfest happened because gekxtravaganza happened.

Produce a valid conclusion: ","Given the following statement:
wugfest happened because gekxtravaganza happened.

Is it true that wugfest occured after gekxtravaganza? Answer yes or no: ","Given the following statement:
wugfest happened because gekxtravaganza happened.

Is it true that gekxtravaganza occured after wugfest? Answer yes or no: ",-1.0765044689178467,-1.4063944816589355,-2.509347915649414,-4.177001953125,-2.5362415313720703,-4.025787353515625
363,"daxday happened. Thereafter, blicketbash happened.",daxday occured before blicketbash.,217_7_temporal_daxday_thereafter_blicketbash_daxday occured before blicketbash._before,blicketbash occured before daxday.,217_7_temporal_daxday_thereafter_blicketbash_blicketbash occured before daxday._before,daxday,blicketbash,"Given the following statement:
daxday happened. Thereafter, blicketbash happened.

Produce a valid conclusion: ","Given the following statement:
daxday happened. Thereafter, blicketbash happened.

Is it true that daxday occured before blicketbash? Answer yes or no: ","Given the following statement:
daxday happened. Thereafter, blicketbash happened.

Is it true that blicketbash occured before daxday? Answer yes or no: ",-1.3230698108673096,-1.5877692699432373,-2.641054153442383,-3.951753616333008,-2.654592514038086,-3.8910446166992188
364,"As soon as gekxtravaganza finished, daxday happened.",daxday occured before gekxtravaganza.,21_1_temporal_daxday_as soon as_gekxtravaganza_daxday occured before gekxtravaganza._before,gekxtravaganza occured before daxday.,21_1_temporal_daxday_as soon as_gekxtravaganza_gekxtravaganza occured before daxday._before,daxday,gekxtravaganza,"Given the following statement:
As soon as gekxtravaganza finished, daxday happened.

Produce a valid conclusion: ","Given the following statement:
As soon as gekxtravaganza finished, daxday happened.

Is it true that daxday occured before gekxtravaganza? Answer yes or no: ","Given the following statement:
As soon as gekxtravaganza finished, daxday happened.

Is it true that gekxtravaganza occured before daxday? Answer yes or no: ",-0.9489163756370544,-1.2414581775665283,-2.3776893615722656,-4.193822860717773,-2.366151809692383,-4.157888412475586
365,"fepfestival happened. Therefore, blicketbash happened.",fepfestival occured before blicketbash.,230_10_temporal_fepfestival_therefore_blicketbash_fepfestival occured before blicketbash._before,blicketbash occured before fepfestival.,230_10_temporal_fepfestival_therefore_blicketbash_blicketbash occured before fepfestival._before,fepfestival,blicketbash,"Given the following statement:
fepfestival happened. Therefore, blicketbash happened.

Produce a valid conclusion: ","Given the following statement:
fepfestival happened. Therefore, blicketbash happened.

Is it true that fepfestival occured before blicketbash? Answer yes or no: ","Given the following statement:
fepfestival happened. Therefore, blicketbash happened.

Is it true that blicketbash occured before fepfestival? Answer yes or no: ",-1.509406566619873,-2.642385244369507,-2.9095096588134766,-4.357572555541992,-2.9276504516601562,-4.217643737792969
366,"daxday happened. So, gekxtravaganza happened.",daxday occured before gekxtravaganza.,188_8_temporal_daxday_so_gekxtravaganza_daxday occured before gekxtravaganza._before,gekxtravaganza occured before daxday.,188_8_temporal_daxday_so_gekxtravaganza_gekxtravaganza occured before daxday._before,daxday,gekxtravaganza,"Given the following statement:
daxday happened. So, gekxtravaganza happened.

Produce a valid conclusion: ","Given the following statement:
daxday happened. So, gekxtravaganza happened.

Is it true that daxday occured before gekxtravaganza? Answer yes or no: ","Given the following statement:
daxday happened. So, gekxtravaganza happened.

Is it true that gekxtravaganza occured before daxday? Answer yes or no: ",-1.344534993171692,-1.5529372692108154,-2.205890655517578,-3.8425369262695312,-2.226602554321289,-3.775177001953125
367,"fepfestival happened. Finally, blicketbash happened.",fepfestival occured after blicketbash.,118_8_temporal_fepfestival_finally_blicketbash_fepfestival occured after blicketbash._after,blicketbash occured after fepfestival.,118_8_temporal_fepfestival_finally_blicketbash_blicketbash occured after fepfestival._after,fepfestival,blicketbash,"Given the following statement:
fepfestival happened. Finally, blicketbash happened.

Produce a valid conclusion: ","Given the following statement:
fepfestival happened. Finally, blicketbash happened.

Is it true that fepfestival occured after blicketbash? Answer yes or no: ","Given the following statement:
fepfestival happened. Finally, blicketbash happened.

Is it true that blicketbash occured after fepfestival? Answer yes or no: ",-1.3628309965133667,-2.2297096252441406,-2.6813411712646484,-4.05072021484375,-2.6757545471191406,-3.941190719604492
368,blicketbash happened before gekxtravaganza.,blicketbash occured before gekxtravaganza.,53_3_temporal_blicketbash_before_gekxtravaganza_blicketbash occured before gekxtravaganza._before,gekxtravaganza occured before blicketbash.,53_3_temporal_blicketbash_before_gekxtravaganza_gekxtravaganza occured before blicketbash._before,blicketbash,gekxtravaganza,"Given the following statement:
blicketbash happened before gekxtravaganza.

Produce a valid conclusion: ","Given the following statement:
blicketbash happened before gekxtravaganza.

Is it true that blicketbash occured before gekxtravaganza? Answer yes or no: ","Given the following statement:
blicketbash happened before gekxtravaganza.

Is it true that gekxtravaganza occured before blicketbash? Answer yes or no: ",-0.7110661864280701,-0.9670087695121765,-2.541719436645508,-3.9595680236816406,-2.5662479400634766,-3.9675521850585938
369,"fepfestival happend. Earlier, blicketbash had happened.",fepfestival occured before blicketbash.,75_5_temporal_fepfestival_earlier_blicketbash_fepfestival occured before blicketbash._before,blicketbash occured before fepfestival.,75_5_temporal_fepfestival_earlier_blicketbash_blicketbash occured before fepfestival._before,fepfestival,blicketbash,"Given the following statement:
fepfestival happend. Earlier, blicketbash had happened.

Produce a valid conclusion: ","Given the following statement:
fepfestival happend. Earlier, blicketbash had happened.

Is it true that fepfestival occured before blicketbash? Answer yes or no: ","Given the following statement:
fepfestival happend. Earlier, blicketbash had happened.

Is it true that blicketbash occured before fepfestival? Answer yes or no: ",-1.1605963706970215,-2.0482187271118164,-3.302946090698242,-4.402338027954102,-3.464998245239258,-4.362438201904297
370,"wugfest happened. Previously, blicketbash happened.",wugfest occured after blicketbash.,168_8_temporal_wugfest_previously_blicketbash_wugfest occured after blicketbash._after,blicketbash occured after wugfest.,168_8_temporal_wugfest_previously_blicketbash_blicketbash occured after wugfest._after,wugfest,blicketbash,"Given the following statement:
wugfest happened. Previously, blicketbash happened.

Produce a valid conclusion: ","Given the following statement:
wugfest happened. Previously, blicketbash happened.

Is it true that wugfest occured after blicketbash? Answer yes or no: ","Given the following statement:
wugfest happened. Previously, blicketbash happened.

Is it true that blicketbash occured after wugfest? Answer yes or no: ",-1.1656582355499268,-1.4248379468917847,-2.9588470458984375,-3.9328880310058594,-2.9813461303710938,-3.8753433227539062
371,"Since gekxtravaganza happened, daxday happened.",daxday occured before gekxtravaganza.,177_7_temporal_daxday_since_gekxtravaganza_daxday occured before gekxtravaganza._before,gekxtravaganza occured before daxday.,177_7_temporal_daxday_since_gekxtravaganza_gekxtravaganza occured before daxday._before,daxday,gekxtravaganza,"Given the following statement:
Since gekxtravaganza happened, daxday happened.

Produce a valid conclusion: ","Given the following statement:
Since gekxtravaganza happened, daxday happened.

Is it true that daxday occured before gekxtravaganza? Answer yes or no: ","Given the following statement:
Since gekxtravaganza happened, daxday happened.

Is it true that gekxtravaganza occured before daxday? Answer yes or no: ",-1.0009876489639282,-1.3916468620300293,-2.259521484375,-4.04833984375,-2.2400741577148438,-3.9801692962646484
372,"because gekxtravaganza happened, daxday happened.",daxday occured before gekxtravaganza.,50_10_temporal_daxday_because_gekxtravaganza_daxday occured before gekxtravaganza._before,gekxtravaganza occured before daxday.,50_10_temporal_daxday_because_gekxtravaganza_gekxtravaganza occured before daxday._before,daxday,gekxtravaganza,"Given the following statement:
because gekxtravaganza happened, daxday happened.

Produce a valid conclusion: ","Given the following statement:
because gekxtravaganza happened, daxday happened.

Is it true that daxday occured before gekxtravaganza? Answer yes or no: ","Given the following statement:
because gekxtravaganza happened, daxday happened.

Is it true that gekxtravaganza occured before daxday? Answer yes or no: ",-1.240432620048523,-1.4281202554702759,-2.304544448852539,-3.9805068969726562,-2.299886703491211,-3.9399566650390625
373,"fepfestival happened. Hence, blicketbash happened.",fepfestival occured after blicketbash.,122_2_temporal_fepfestival_hence_blicketbash_fepfestival occured after blicketbash._after,blicketbash occured after fepfestival.,122_2_temporal_fepfestival_hence_blicketbash_blicketbash occured after fepfestival._after,fepfestival,blicketbash,"Given the following statement:
fepfestival happened. Hence, blicketbash happened.

Produce a valid conclusion: ","Given the following statement:
fepfestival happened. Hence, blicketbash happened.

Is it true that fepfestival occured after blicketbash? Answer yes or no: ","Given the following statement:
fepfestival happened. Hence, blicketbash happened.

Is it true that blicketbash occured after fepfestival? Answer yes or no: ",-1.6168116331100464,-2.580472230911255,-2.7081451416015625,-4.16685676574707,-2.701791763305664,-4.017980575561523
374,wugfest happened since blicketbash happened.,wugfest occured after blicketbash.,178_8_temporal_wugfest_since_blicketbash_wugfest occured after blicketbash._after,blicketbash occured after wugfest.,178_8_temporal_wugfest_since_blicketbash_blicketbash occured after wugfest._after,wugfest,blicketbash,"Given the following statement:
wugfest happened since blicketbash happened.

Produce a valid conclusion: ","Given the following statement:
wugfest happened since blicketbash happened.

Is it true that wugfest occured after blicketbash? Answer yes or no: ","Given the following statement:
wugfest happened since blicketbash happened.

Is it true that blicketbash occured after wugfest? Answer yes or no: ",-1.122694492340088,-1.442771077156067,-3.063497543334961,-4.228092193603516,-3.1180286407470703,-4.100673675537109
375,blicketbash happened after gekxtravaganza.,blicketbash occured after gekxtravaganza.,4_4_temporal_blicketbash_after_gekxtravaganza_blicketbash occured after gekxtravaganza._after,gekxtravaganza occured after blicketbash.,4_4_temporal_blicketbash_after_gekxtravaganza_gekxtravaganza occured after blicketbash._after,blicketbash,gekxtravaganza,"Given the following statement:
blicketbash happened after gekxtravaganza.

Produce a valid conclusion: ","Given the following statement:
blicketbash happened after gekxtravaganza.

Is it true that blicketbash occured after gekxtravaganza? Answer yes or no: ","Given the following statement:
blicketbash happened after gekxtravaganza.

Is it true that gekxtravaganza occured after blicketbash? Answer yes or no: ",-0.7676327228546143,-1.0282715559005737,-2.3671798706054688,-3.9549026489257812,-2.4505348205566406,-3.892679214477539
376,"blicketbash happened. Later, gekxtravaganza happened.",blicketbash occured before gekxtravaganza.,140_10_temporal_blicketbash_later_gekxtravaganza_blicketbash occured before gekxtravaganza._before,gekxtravaganza occured before blicketbash.,140_10_temporal_blicketbash_later_gekxtravaganza_gekxtravaganza occured before blicketbash._before,blicketbash,gekxtravaganza,"Given the following statement:
blicketbash happened. Later, gekxtravaganza happened.

Produce a valid conclusion: ","Given the following statement:
blicketbash happened. Later, gekxtravaganza happened.

Is it true that blicketbash occured before gekxtravaganza? Answer yes or no: ","Given the following statement:
blicketbash happened. Later, gekxtravaganza happened.

Is it true that gekxtravaganza occured before blicketbash? Answer yes or no: ",-0.9259727001190186,-1.1864972114562988,-2.730579376220703,-3.931947708129883,-2.6824817657470703,-3.875408172607422
377,"wugfest happened. Next, blicketbash happened.",wugfest occured before blicketbash.,143_3_temporal_wugfest_next_blicketbash_wugfest occured before blicketbash._before,blicketbash occured before wugfest.,143_3_temporal_wugfest_next_blicketbash_blicketbash occured before wugfest._before,wugfest,blicketbash,"Given the following statement:
wugfest happened. Next, blicketbash happened.

Produce a valid conclusion: ","Given the following statement:
wugfest happened. Next, blicketbash happened.

Is it true that wugfest occured before blicketbash? Answer yes or no: ","Given the following statement:
wugfest happened. Next, blicketbash happened.

Is it true that blicketbash occured before wugfest? Answer yes or no: ",-1.0626636743545532,-1.3893637657165527,-3.382730484008789,-4.323095321655273,-3.337360382080078,-4.277460098266602
378,"daxday happened. Afterwards, blicketbash happened.",daxday occured after blicketbash.,13_3_temporal_daxday_afterwards_blicketbash_daxday occured after blicketbash._after,blicketbash occured after daxday.,13_3_temporal_daxday_afterwards_blicketbash_blicketbash occured after daxday._after,daxday,blicketbash,"Given the following statement:
daxday happened. Afterwards, blicketbash happened.

Produce a valid conclusion: ","Given the following statement:
daxday happened. Afterwards, blicketbash happened.

Is it true that daxday occured after blicketbash? Answer yes or no: ","Given the following statement:
daxday happened. Afterwards, blicketbash happened.

Is it true that blicketbash occured after daxday? Answer yes or no: ",-1.3168805837631226,-1.5508404970169067,-2.736928939819336,-3.975942611694336,-2.7155799865722656,-3.9179229736328125
379,"As soon as daxday finished, wugfest happened.",wugfest occured after daxday.,27_7_temporal_wugfest_as soon as_daxday_wugfest occured after daxday._after,daxday occured after wugfest.,27_7_temporal_wugfest_as soon as_daxday_daxday occured after wugfest._after,wugfest,daxday,"Given the following statement:
As soon as daxday finished, wugfest happened.

Produce a valid conclusion: ","Given the following statement:
As soon as daxday finished, wugfest happened.

Is it true that wugfest occured after daxday? Answer yes or no: ","Given the following statement:
As soon as daxday finished, wugfest happened.

Is it true that daxday occured after wugfest? Answer yes or no: ",-1.4307781457901,-1.4893959760665894,-2.141063690185547,-4.129119873046875,-2.1611881256103516,-4.15203857421875
380,"wugfest happened. Subsequently, blicketbash happened.",wugfest occured before blicketbash.,192_2_temporal_wugfest_subsequently_blicketbash_wugfest occured before blicketbash._before,blicketbash occured before wugfest.,192_2_temporal_wugfest_subsequently_blicketbash_blicketbash occured before wugfest._before,wugfest,blicketbash,"Given the following statement:
wugfest happened. Subsequently, blicketbash happened.

Produce a valid conclusion: ","Given the following statement:
wugfest happened. Subsequently, blicketbash happened.

Is it true that wugfest occured before blicketbash? Answer yes or no: ","Given the following statement:
wugfest happened. Subsequently, blicketbash happened.

Is it true that blicketbash occured before wugfest? Answer yes or no: ",-1.0018641948699951,-1.343611478805542,-2.968595504760742,-4.058897018432617,-2.9343528747558594,-3.9628047943115234
381,"daxday happened. Then, gekxtravaganza happened.",daxday occured after gekxtravaganza.,202_2_temporal_daxday_then_gekxtravaganza_daxday occured after gekxtravaganza._after,gekxtravaganza occured after daxday.,202_2_temporal_daxday_then_gekxtravaganza_gekxtravaganza occured after daxday._after,daxday,gekxtravaganza,"Given the following statement:
daxday happened. Then, gekxtravaganza happened.

Produce a valid conclusion: ","Given the following statement:
daxday happened. Then, gekxtravaganza happened.

Is it true that daxday occured after gekxtravaganza? Answer yes or no: ","Given the following statement:
daxday happened. Then, gekxtravaganza happened.

Is it true that gekxtravaganza occured after daxday? Answer yes or no: ",-1.2183221578598022,-1.449854850769043,-2.417482376098633,-3.9541053771972656,-2.348217010498047,-3.8057308197021484
382,"wugfest happened. Afterwards, daxday happened.",wugfest occured before daxday.,15_5_temporal_wugfest_afterwards_daxday_wugfest occured before daxday._before,daxday occured before wugfest.,15_5_temporal_wugfest_afterwards_daxday_daxday occured before wugfest._before,wugfest,daxday,"Given the following statement:
wugfest happened. Afterwards, daxday happened.

Produce a valid conclusion: ","Given the following statement:
wugfest happened. Afterwards, daxday happened.

Is it true that wugfest occured before daxday? Answer yes or no: ","Given the following statement:
wugfest happened. Afterwards, daxday happened.

Is it true that daxday occured before wugfest? Answer yes or no: ",-0.9893338084220886,-1.1086478233337402,-2.6635971069335938,-4.341882705688477,-2.542766571044922,-4.171703338623047
383,"As soon as gekxtravaganza finished, fepfestival happened.",fepfestival occured before gekxtravaganza.,24_4_temporal_fepfestival_as soon as_gekxtravaganza_fepfestival occured before gekxtravaganza._before,gekxtravaganza occured before fepfestival.,24_4_temporal_fepfestival_as soon as_gekxtravaganza_gekxtravaganza occured before fepfestival._before,fepfestival,gekxtravaganza,"Given the following statement:
As soon as gekxtravaganza finished, fepfestival happened.

Produce a valid conclusion: ","Given the following statement:
As soon as gekxtravaganza finished, fepfestival happened.

Is it true that fepfestival occured before gekxtravaganza? Answer yes or no: ","Given the following statement:
As soon as gekxtravaganza finished, fepfestival happened.

Is it true that gekxtravaganza occured before fepfestival? Answer yes or no: ",-0.9690017700195312,-1.3971363306045532,-2.2053470611572266,-4.1503753662109375,-2.244047164916992,-4.106388092041016
384,"daxday happened. Consequently, gekxtravaganza happened.",daxday occured after gekxtravaganza.,65_5_temporal_daxday_consequently_gekxtravaganza_daxday occured after gekxtravaganza._after,gekxtravaganza occured after daxday.,65_5_temporal_daxday_consequently_gekxtravaganza_gekxtravaganza occured after daxday._after,daxday,gekxtravaganza,"Given the following statement:
daxday happened. Consequently, gekxtravaganza happened.

Produce a valid conclusion: ","Given the following statement:
daxday happened. Consequently, gekxtravaganza happened.

Is it true that daxday occured after gekxtravaganza? Answer yes or no: ","Given the following statement:
daxday happened. Consequently, gekxtravaganza happened.

Is it true that gekxtravaganza occured after daxday? Answer yes or no: ",-1.3267855644226074,-1.540306806564331,-2.334697723388672,-3.884857177734375,-2.3197860717773438,-3.7404518127441406
385,"fepfestival happened. Thereafter, blicketbash happened.",fepfestival occured after blicketbash.,213_3_temporal_fepfestival_thereafter_blicketbash_fepfestival occured after blicketbash._after,blicketbash occured after fepfestival.,213_3_temporal_fepfestival_thereafter_blicketbash_blicketbash occured after fepfestival._after,fepfestival,blicketbash,"Given the following statement:
fepfestival happened. Thereafter, blicketbash happened.

Produce a valid conclusion: ","Given the following statement:
fepfestival happened. Thereafter, blicketbash happened.

Is it true that fepfestival occured after blicketbash? Answer yes or no: ","Given the following statement:
fepfestival happened. Thereafter, blicketbash happened.

Is it true that blicketbash occured after fepfestival? Answer yes or no: ",-1.2500120401382446,-2.1056389808654785,-2.6778697967529297,-4.119665145874023,-2.687520980834961,-3.9996261596679688
386,blicketbash happened as a result of fepfestival.,fepfestival occured before blicketbash.,37_7_temporal_fepfestival_as a result_blicketbash_fepfestival occured before blicketbash._before,blicketbash occured before fepfestival.,37_7_temporal_fepfestival_as a result_blicketbash_blicketbash occured before fepfestival._before,fepfestival,blicketbash,"Given the following statement:
blicketbash happened as a result of fepfestival.

Produce a valid conclusion: ","Given the following statement:
blicketbash happened as a result of fepfestival.

Is it true that fepfestival occured before blicketbash? Answer yes or no: ","Given the following statement:
blicketbash happened as a result of fepfestival.

Is it true that blicketbash occured before fepfestival? Answer yes or no: ",-1.572259783744812,-1.3453340530395508,-2.2525558471679688,-4.192089080810547,-2.3399105072021484,-4.210474014282227
387,"daxday happened. Hence, blicketbash happened.",daxday occured after blicketbash.,123_3_temporal_daxday_hence_blicketbash_daxday occured after blicketbash._after,blicketbash occured after daxday.,123_3_temporal_daxday_hence_blicketbash_blicketbash occured after daxday._after,daxday,blicketbash,"Given the following statement:
daxday happened. Hence, blicketbash happened.

Produce a valid conclusion: ","Given the following statement:
daxday happened. Hence, blicketbash happened.

Is it true that daxday occured after blicketbash? Answer yes or no: ","Given the following statement:
daxday happened. Hence, blicketbash happened.

Is it true that blicketbash occured after daxday? Answer yes or no: ",-1.7769675254821777,-2.011247396469116,-2.437175750732422,-3.8313980102539062,-2.4416885375976562,-3.7952804565429688
388,"daxday happened. Then, blicketbash happened.",daxday occured before blicketbash.,209_9_temporal_daxday_then_blicketbash_daxday occured before blicketbash._before,blicketbash occured before daxday.,209_9_temporal_daxday_then_blicketbash_blicketbash occured before daxday._before,daxday,blicketbash,"Given the following statement:
daxday happened. Then, blicketbash happened.

Produce a valid conclusion: ","Given the following statement:
daxday happened. Then, blicketbash happened.

Is it true that daxday occured before blicketbash? Answer yes or no: ","Given the following statement:
daxday happened. Then, blicketbash happened.

Is it true that blicketbash occured before daxday? Answer yes or no: ",-1.5112265348434448,-1.730614423751831,-2.9032974243164062,-4.068077087402344,-2.96478271484375,-4.07838249206543
389,"fepfestival happened. Finally, gekxtravaganza happened.",fepfestival occured before gekxtravaganza.,112_2_temporal_fepfestival_finally_gekxtravaganza_fepfestival occured before gekxtravaganza._before,gekxtravaganza occured before fepfestival.,112_2_temporal_fepfestival_finally_gekxtravaganza_gekxtravaganza occured before fepfestival._before,fepfestival,gekxtravaganza,"Given the following statement:
fepfestival happened. Finally, gekxtravaganza happened.

Produce a valid conclusion: ","Given the following statement:
fepfestival happened. Finally, gekxtravaganza happened.

Is it true that fepfestival occured before gekxtravaganza? Answer yes or no: ","Given the following statement:
fepfestival happened. Finally, gekxtravaganza happened.

Is it true that gekxtravaganza occured before fepfestival? Answer yes or no: ",-0.9901456832885742,-1.6264019012451172,-2.4190597534179688,-4.049966812133789,-2.4668006896972656,-3.9289684295654297
390,"Even before wugfest, fepfestival happened.",wugfest occured after fepfestival.,93_3_temporal_wugfest_even before_fepfestival_wugfest occured after fepfestival._after,fepfestival occured after wugfest.,93_3_temporal_wugfest_even before_fepfestival_fepfestival occured after wugfest._after,wugfest,fepfestival,"Given the following statement:
Even before wugfest, fepfestival happened.

Produce a valid conclusion: ","Given the following statement:
Even before wugfest, fepfestival happened.

Is it true that wugfest occured after fepfestival? Answer yes or no: ","Given the following statement:
Even before wugfest, fepfestival happened.

Is it true that fepfestival occured after wugfest? Answer yes or no: ",-1.4181722402572632,-1.3902312517166138,-2.504627227783203,-4.62742805480957,-2.3549270629882812,-4.500619888305664
391,"daxday happened. Consequently, blicketbash happened.",daxday occured before blicketbash.,69_9_temporal_daxday_consequently_blicketbash_daxday occured before blicketbash._before,blicketbash occured before daxday.,69_9_temporal_daxday_consequently_blicketbash_blicketbash occured before daxday._before,daxday,blicketbash,"Given the following statement:
daxday happened. Consequently, blicketbash happened.

Produce a valid conclusion: ","Given the following statement:
daxday happened. Consequently, blicketbash happened.

Is it true that daxday occured before blicketbash? Answer yes or no: ","Given the following statement:
daxday happened. Consequently, blicketbash happened.

Is it true that blicketbash occured before daxday? Answer yes or no: ",-1.6196144819259644,-1.9534306526184082,-2.6429882049560547,-4.024515151977539,-2.6993408203125,-3.9702281951904297
392,"daxday happened. Later, fepfestival happened.",daxday occured after fepfestival.,138_8_temporal_daxday_later_fepfestival_daxday occured after fepfestival._after,fepfestival occured after daxday.,138_8_temporal_daxday_later_fepfestival_fepfestival occured after daxday._after,daxday,fepfestival,"Given the following statement:
daxday happened. Later, fepfestival happened.

Produce a valid conclusion: ","Given the following statement:
daxday happened. Later, fepfestival happened.

Is it true that daxday occured after fepfestival? Answer yes or no: ","Given the following statement:
daxday happened. Later, fepfestival happened.

Is it true that fepfestival occured after daxday? Answer yes or no: ",-1.4349380731582642,-1.3580198287963867,-2.389497756958008,-3.788982391357422,-2.2498855590820312,-3.7689666748046875
393,"wugfest happened. Therefore, daxday happened.",wugfest occured before daxday.,229_9_temporal_wugfest_therefore_daxday_wugfest occured before daxday._before,daxday occured before wugfest.,229_9_temporal_wugfest_therefore_daxday_daxday occured before wugfest._before,wugfest,daxday,"Given the following statement:
wugfest happened. Therefore, daxday happened.

Produce a valid conclusion: ","Given the following statement:
wugfest happened. Therefore, daxday happened.

Is it true that wugfest occured before daxday? Answer yes or no: ","Given the following statement:
wugfest happened. Therefore, daxday happened.

Is it true that daxday occured before wugfest? Answer yes or no: ",-1.4523797035217285,-1.7562860250473022,-2.3717117309570312,-4.355352401733398,-2.29803466796875,-4.217172622680664
394,"daxday happened. So, blicketbash happened.",daxday occured after blicketbash.,190_10_temporal_daxday_so_blicketbash_daxday occured after blicketbash._after,blicketbash occured after daxday.,190_10_temporal_daxday_so_blicketbash_blicketbash occured after daxday._after,daxday,blicketbash,"Given the following statement:
daxday happened. So, blicketbash happened.

Produce a valid conclusion: ","Given the following statement:
daxday happened. So, blicketbash happened.

Is it true that daxday occured after blicketbash? Answer yes or no: ","Given the following statement:
daxday happened. So, blicketbash happened.

Is it true that blicketbash occured after daxday? Answer yes or no: ",-1.7631381750106812,-1.8717446327209473,-2.446014404296875,-3.7141265869140625,-2.4022045135498047,-3.662801742553711
395,"wugfest happened. Hence, daxday happened.",wugfest occured before daxday.,124_4_temporal_wugfest_hence_daxday_wugfest occured before daxday._before,daxday occured before wugfest.,124_4_temporal_wugfest_hence_daxday_daxday occured before wugfest._before,wugfest,daxday,"Given the following statement:
wugfest happened. Hence, daxday happened.

Produce a valid conclusion: ","Given the following statement:
wugfest happened. Hence, daxday happened.

Is it true that wugfest occured before daxday? Answer yes or no: ","Given the following statement:
wugfest happened. Hence, daxday happened.

Is it true that daxday occured before wugfest? Answer yes or no: ",-1.4146490097045898,-1.646557331085205,-2.4149112701416016,-4.364282608032227,-2.3718109130859375,-4.224390029907227
396,"fepfestival happened. Afterwards, blicketbash happened.",fepfestival occured before blicketbash.,20_10_temporal_fepfestival_afterwards_blicketbash_fepfestival occured before blicketbash._before,blicketbash occured before fepfestival.,20_10_temporal_fepfestival_afterwards_blicketbash_blicketbash occured before fepfestival._before,fepfestival,blicketbash,"Given the following statement:
fepfestival happened. Afterwards, blicketbash happened.

Produce a valid conclusion: ","Given the following statement:
fepfestival happened. Afterwards, blicketbash happened.

Is it true that fepfestival occured before blicketbash? Answer yes or no: ","Given the following statement:
fepfestival happened. Afterwards, blicketbash happened.

Is it true that blicketbash occured before fepfestival? Answer yes or no: ",-1.1300209760665894,-2.0058083534240723,-2.896282196044922,-4.194314956665039,-2.9730663299560547,-4.113620758056641
397,"daxday happened. Previously, fepfestival happened.",daxday occured before fepfestival.,162_2_temporal_daxday_previously_fepfestival_daxday occured before fepfestival._before,fepfestival occured before daxday.,162_2_temporal_daxday_previously_fepfestival_fepfestival occured before daxday._before,daxday,fepfestival,"Given the following statement:
daxday happened. Previously, fepfestival happened.

Produce a valid conclusion: ","Given the following statement:
daxday happened. Previously, fepfestival happened.

Is it true that daxday occured before fepfestival? Answer yes or no: ","Given the following statement:
daxday happened. Previously, fepfestival happened.

Is it true that fepfestival occured before daxday? Answer yes or no: ",-1.4624452590942383,-1.380424976348877,-2.398469924926758,-3.8846893310546875,-2.3067474365234375,-3.8277549743652344
398,"blicketbash happened. Therefore, gekxtravaganza happened.",blicketbash occured after gekxtravaganza.,223_3_temporal_blicketbash_therefore_gekxtravaganza_blicketbash occured after gekxtravaganza._after,gekxtravaganza occured after blicketbash.,223_3_temporal_blicketbash_therefore_gekxtravaganza_gekxtravaganza occured after blicketbash._after,blicketbash,gekxtravaganza,"Given the following statement:
blicketbash happened. Therefore, gekxtravaganza happened.

Produce a valid conclusion: ","Given the following statement:
blicketbash happened. Therefore, gekxtravaganza happened.

Is it true that blicketbash occured after gekxtravaganza? Answer yes or no: ","Given the following statement:
blicketbash happened. Therefore, gekxtravaganza happened.

Is it true that gekxtravaganza occured after blicketbash? Answer yes or no: ",-1.4017736911773682,-1.7348453998565674,-2.4590206146240234,-3.886474609375,-2.4004783630371094,-3.8062381744384766
399,"daxday happened. Afterwards, fepfestival happened.",daxday occured after fepfestival.,14_4_temporal_daxday_afterwards_fepfestival_daxday occured after fepfestival._after,fepfestival occured after daxday.,14_4_temporal_daxday_afterwards_fepfestival_fepfestival occured after daxday._after,daxday,fepfestival,"Given the following statement:
daxday happened. Afterwards, fepfestival happened.

Produce a valid conclusion: ","Given the following statement:
daxday happened. Afterwards, fepfestival happened.

Is it true that daxday occured after fepfestival? Answer yes or no: ","Given the following statement:
daxday happened. Afterwards, fepfestival happened.

Is it true that fepfestival occured after daxday? Answer yes or no: ",-1.4083565473556519,-1.3497915267944336,-2.320291519165039,-3.8891868591308594,-2.1650218963623047,-3.823863983154297
400,"After blicketbash, fepfestival happened.",fepfestival occured before blicketbash.,5_5_temporal_fepfestival_after_blicketbash_fepfestival occured before blicketbash._before,blicketbash occured before fepfestival.,5_5_temporal_fepfestival_after_blicketbash_blicketbash occured before fepfestival._before,fepfestival,blicketbash,"Given the following statement:
After blicketbash, fepfestival happened.

Produce a valid conclusion: ","Given the following statement:
After blicketbash, fepfestival happened.

Is it true that fepfestival occured before blicketbash? Answer yes or no: ","Given the following statement:
After blicketbash, fepfestival happened.

Is it true that blicketbash occured before fepfestival? Answer yes or no: ",-1.2029589414596558,-1.6827318668365479,-2.514629364013672,-4.1316986083984375,-2.6590347290039062,-4.070747375488281
401,"blicketbash happened. Hence, gekxtravaganza happened.",blicketbash occured before gekxtravaganza.,130_10_temporal_blicketbash_hence_gekxtravaganza_blicketbash occured before gekxtravaganza._before,gekxtravaganza occured before blicketbash.,130_10_temporal_blicketbash_hence_gekxtravaganza_gekxtravaganza occured before blicketbash._before,blicketbash,gekxtravaganza,"Given the following statement:
blicketbash happened. Hence, gekxtravaganza happened.

Produce a valid conclusion: ","Given the following statement:
blicketbash happened. Hence, gekxtravaganza happened.

Is it true that blicketbash occured before gekxtravaganza? Answer yes or no: ","Given the following statement:
blicketbash happened. Hence, gekxtravaganza happened.

Is it true that gekxtravaganza occured before blicketbash? Answer yes or no: ",-1.1820842027664185,-1.50275456905365,-2.4626197814941406,-3.8615455627441406,-2.4631004333496094,-3.808553695678711
402,"Once gekxtravaganza happened, fepfestival happened.",fepfestival occured after gekxtravaganza.,157_7_temporal_fepfestival_once_gekxtravaganza_fepfestival occured after gekxtravaganza._after,gekxtravaganza occured after fepfestival.,157_7_temporal_fepfestival_once_gekxtravaganza_gekxtravaganza occured after fepfestival._after,fepfestival,gekxtravaganza,"Given the following statement:
Once gekxtravaganza happened, fepfestival happened.

Produce a valid conclusion: ","Given the following statement:
Once gekxtravaganza happened, fepfestival happened.

Is it true that fepfestival occured after gekxtravaganza? Answer yes or no: ","Given the following statement:
Once gekxtravaganza happened, fepfestival happened.

Is it true that gekxtravaganza occured after fepfestival? Answer yes or no: ",-1.1072958707809448,-1.6216742992401123,-2.242015838623047,-4.067697525024414,-2.3300819396972656,-4.032537460327148
403,"wugfest happened. Then, fepfestival happened.",wugfest occured after fepfestival.,210_10_temporal_wugfest_then_fepfestival_wugfest occured after fepfestival._after,fepfestival occured after wugfest.,210_10_temporal_wugfest_then_fepfestival_fepfestival occured after wugfest._after,wugfest,fepfestival,"Given the following statement:
wugfest happened. Then, fepfestival happened.

Produce a valid conclusion: ","Given the following statement:
wugfest happened. Then, fepfestival happened.

Is it true that wugfest occured after fepfestival? Answer yes or no: ","Given the following statement:
wugfest happened. Then, fepfestival happened.

Is it true that fepfestival occured after wugfest? Answer yes or no: ",-1.3853784799575806,-1.4237957000732422,-2.406269073486328,-4.172452926635742,-2.2896652221679688,-4.099279403686523
404,"As soon as blicketbash finished, fepfestival happened.",fepfestival occured after blicketbash.,30_10_temporal_fepfestival_as soon as_blicketbash_fepfestival occured after blicketbash._after,blicketbash occured after fepfestival.,30_10_temporal_fepfestival_as soon as_blicketbash_blicketbash occured after fepfestival._after,fepfestival,blicketbash,"Given the following statement:
As soon as blicketbash finished, fepfestival happened.

Produce a valid conclusion: ","Given the following statement:
As soon as blicketbash finished, fepfestival happened.

Is it true that fepfestival occured after blicketbash? Answer yes or no: ","Given the following statement:
As soon as blicketbash finished, fepfestival happened.

Is it true that blicketbash occured after fepfestival? Answer yes or no: ",-1.4387335777282715,-1.8420968055725098,-2.2709522247314453,-3.9640254974365234,-2.302539825439453,-3.9155006408691406
405,"wugfest happened. So, daxday happened.",wugfest occured after daxday.,186_6_temporal_wugfest_so_daxday_wugfest occured after daxday._after,daxday occured after wugfest.,186_6_temporal_wugfest_so_daxday_daxday occured after wugfest._after,wugfest,daxday,"Given the following statement:
wugfest happened. So, daxday happened.

Produce a valid conclusion: ","Given the following statement:
wugfest happened. So, daxday happened.

Is it true that wugfest occured after daxday? Answer yes or no: ","Given the following statement:
wugfest happened. So, daxday happened.

Is it true that daxday occured after wugfest? Answer yes or no: ",-1.5005078315734863,-1.6116818189620972,-2.255878448486328,-3.947195053100586,-2.259838104248047,-3.8644676208496094
406,wugfest happened since daxday happened.,wugfest occured after daxday.,173_3_temporal_wugfest_since_daxday_wugfest occured after daxday._after,daxday occured after wugfest.,173_3_temporal_wugfest_since_daxday_daxday occured after wugfest._after,wugfest,daxday,"Given the following statement:
wugfest happened since daxday happened.

Produce a valid conclusion: ","Given the following statement:
wugfest happened since daxday happened.

Is it true that wugfest occured after daxday? Answer yes or no: ","Given the following statement:
wugfest happened since daxday happened.

Is it true that daxday occured after wugfest? Answer yes or no: ",-1.2947643995285034,-1.3632941246032715,-2.197916030883789,-3.9587669372558594,-2.2458419799804688,-3.941305160522461
407,"fepfestival happened. Thereafter, gekxtravaganza happened.",fepfestival occured before gekxtravaganza.,219_9_temporal_fepfestival_thereafter_gekxtravaganza_fepfestival occured before gekxtravaganza._before,gekxtravaganza occured before fepfestival.,219_9_temporal_fepfestival_thereafter_gekxtravaganza_gekxtravaganza occured before fepfestival._before,fepfestival,gekxtravaganza,"Given the following statement:
fepfestival happened. Thereafter, gekxtravaganza happened.

Produce a valid conclusion: ","Given the following statement:
fepfestival happened. Thereafter, gekxtravaganza happened.

Is it true that fepfestival occured before gekxtravaganza? Answer yes or no: ","Given the following statement:
fepfestival happened. Thereafter, gekxtravaganza happened.

Is it true that gekxtravaganza occured before fepfestival? Answer yes or no: ",-0.9301376342773438,-1.5624290704727173,-2.4279556274414062,-4.102937698364258,-2.46734619140625,-3.989564895629883
408,daxday happened after gekxtravaganza.,daxday occured after gekxtravaganza.,2_2_temporal_daxday_after_gekxtravaganza_daxday occured after gekxtravaganza._after,gekxtravaganza occured after daxday.,2_2_temporal_daxday_after_gekxtravaganza_gekxtravaganza occured after daxday._after,daxday,gekxtravaganza,"Given the following statement:
daxday happened after gekxtravaganza.

Produce a valid conclusion: ","Given the following statement:
daxday happened after gekxtravaganza.

Is it true that daxday occured after gekxtravaganza? Answer yes or no: ","Given the following statement:
daxday happened after gekxtravaganza.

Is it true that gekxtravaganza occured after daxday? Answer yes or no: ",-0.8146308660507202,-1.123620629310608,-2.4601898193359375,-4.140478134155273,-2.520723342895508,-3.9945735931396484
409,"wugfest happened. Hence, gekxtravaganza happened.",wugfest occured after gekxtravaganza.,129_9_temporal_wugfest_hence_gekxtravaganza_wugfest occured after gekxtravaganza._after,gekxtravaganza occured after wugfest.,129_9_temporal_wugfest_hence_gekxtravaganza_gekxtravaganza occured after wugfest._after,wugfest,gekxtravaganza,"Given the following statement:
wugfest happened. Hence, gekxtravaganza happened.

Produce a valid conclusion: ","Given the following statement:
wugfest happened. Hence, gekxtravaganza happened.

Is it true that wugfest occured after gekxtravaganza? Answer yes or no: ","Given the following statement:
wugfest happened. Hence, gekxtravaganza happened.

Is it true that gekxtravaganza occured after wugfest? Answer yes or no: ",-1.2149224281311035,-1.5492770671844482,-2.3431663513183594,-4.059226989746094,-2.301595687866211,-3.903921127319336
410,"wugfest happened. Thereafter, fepfestival happened.",wugfest occured after fepfestival.,215_5_temporal_wugfest_thereafter_fepfestival_wugfest occured after fepfestival._after,fepfestival occured after wugfest.,215_5_temporal_wugfest_thereafter_fepfestival_fepfestival occured after wugfest._after,wugfest,fepfestival,"Given the following statement:
wugfest happened. Thereafter, fepfestival happened.

Produce a valid conclusion: ","Given the following statement:
wugfest happened. Thereafter, fepfestival happened.

Is it true that wugfest occured after fepfestival? Answer yes or no: ","Given the following statement:
wugfest happened. Thereafter, fepfestival happened.

Is it true that fepfestival occured after wugfest? Answer yes or no: ",-1.2352921962738037,-1.2640680074691772,-2.3599586486816406,-4.068109512329102,-2.2501182556152344,-3.967622756958008
411,gekxtravaganza happened as a result of fepfestival.,fepfestival occured before gekxtravaganza.,35_5_temporal_fepfestival_as a result_gekxtravaganza_fepfestival occured before gekxtravaganza._before,gekxtravaganza occured before fepfestival.,35_5_temporal_fepfestival_as a result_gekxtravaganza_gekxtravaganza occured before fepfestival._before,fepfestival,gekxtravaganza,"Given the following statement:
gekxtravaganza happened as a result of fepfestival.

Produce a valid conclusion: ","Given the following statement:
gekxtravaganza happened as a result of fepfestival.

Is it true that fepfestival occured before gekxtravaganza? Answer yes or no: ","Given the following statement:
gekxtravaganza happened as a result of fepfestival.

Is it true that gekxtravaganza occured before fepfestival? Answer yes or no: ",-1.2204415798187256,-1.1394494771957397,-2.6198291778564453,-4.434816360473633,-2.621847152709961,-4.395256042480469
412,"wugfest happened. Therefore, blicketbash happened.",wugfest occured after blicketbash.,227_7_temporal_wugfest_therefore_blicketbash_wugfest occured after blicketbash._after,blicketbash occured after wugfest.,227_7_temporal_wugfest_therefore_blicketbash_blicketbash occured after wugfest._after,wugfest,blicketbash,"Given the following statement:
wugfest happened. Therefore, blicketbash happened.

Produce a valid conclusion: ","Given the following statement:
wugfest happened. Therefore, blicketbash happened.

Is it true that wugfest occured after blicketbash? Answer yes or no: ","Given the following statement:
wugfest happened. Therefore, blicketbash happened.

Is it true that blicketbash occured after wugfest? Answer yes or no: ",-1.6472082138061523,-2.041639804840088,-3.0504512786865234,-4.354360580444336,-3.0338916778564453,-4.281757354736328
413,wugfest happened even after fepfestival.,wugfest occured before fepfestival.,82_2_temporal_wugfest_even after_fepfestival_wugfest occured before fepfestival._before,fepfestival occured before wugfest.,82_2_temporal_wugfest_even after_fepfestival_fepfestival occured before wugfest._before,wugfest,fepfestival,"Given the following statement:
wugfest happened even after fepfestival.

Produce a valid conclusion: ","Given the following statement:
wugfest happened even after fepfestival.

Is it true that wugfest occured before fepfestival? Answer yes or no: ","Given the following statement:
wugfest happened even after fepfestival.

Is it true that fepfestival occured before wugfest? Answer yes or no: ",-1.009711503982544,-1.0519847869873047,-2.4405899047851562,-4.206548690795898,-2.3854751586914062,-4.100181579589844
414,"because blicketbash happened, wugfest happened.",wugfest occured after blicketbash.,42_2_temporal_wugfest_because_blicketbash_wugfest occured after blicketbash._after,blicketbash occured after wugfest.,42_2_temporal_wugfest_because_blicketbash_blicketbash occured after wugfest._after,wugfest,blicketbash,"Given the following statement:
because blicketbash happened, wugfest happened.

Produce a valid conclusion: ","Given the following statement:
because blicketbash happened, wugfest happened.

Is it true that wugfest occured after blicketbash? Answer yes or no: ","Given the following statement:
because blicketbash happened, wugfest happened.

Is it true that blicketbash occured after wugfest? Answer yes or no: ",-1.4949817657470703,-1.739302158355713,-2.8055858612060547,-4.092226028442383,-2.8796043395996094,-4.101701736450195
415,"Once blicketbash happened, daxday happened.",daxday occured before blicketbash.,160_10_temporal_daxday_once_blicketbash_daxday occured before blicketbash._before,blicketbash occured before daxday.,160_10_temporal_daxday_once_blicketbash_blicketbash occured before daxday._before,daxday,blicketbash,"Given the following statement:
Once blicketbash happened, daxday happened.

Produce a valid conclusion: ","Given the following statement:
Once blicketbash happened, daxday happened.

Is it true that daxday occured before blicketbash? Answer yes or no: ","Given the following statement:
Once blicketbash happened, daxday happened.

Is it true that blicketbash occured before daxday? Answer yes or no: ",-1.098239779472351,-1.592983603477478,-2.8216609954833984,-4.223772048950195,-3.0166187286376953,-4.294643402099609
416,"As soon as fepfestival finished, daxday happened.",daxday occured after fepfestival.,28_8_temporal_daxday_as soon as_fepfestival_daxday occured after fepfestival._after,fepfestival occured after daxday.,28_8_temporal_daxday_as soon as_fepfestival_fepfestival occured after daxday._after,daxday,fepfestival,"Given the following statement:
As soon as fepfestival finished, daxday happened.

Produce a valid conclusion: ","Given the following statement:
As soon as fepfestival finished, daxday happened.

Is it true that daxday occured after fepfestival? Answer yes or no: ","Given the following statement:
As soon as fepfestival finished, daxday happened.

Is it true that fepfestival occured after daxday? Answer yes or no: ",-1.6066340208053589,-1.5523215532302856,-2.057971954345703,-3.9645462036132812,-1.9504165649414062,-3.9876060485839844
417,"fepfestival happened. Next, blicketbash happened.",fepfestival occured before blicketbash.,145_5_temporal_fepfestival_next_blicketbash_fepfestival occured before blicketbash._before,blicketbash occured before fepfestival.,145_5_temporal_fepfestival_next_blicketbash_blicketbash occured before fepfestival._before,fepfestival,blicketbash,"Given the following statement:
fepfestival happened. Next, blicketbash happened.

Produce a valid conclusion: ","Given the following statement:
fepfestival happened. Next, blicketbash happened.

Is it true that fepfestival occured before blicketbash? Answer yes or no: ","Given the following statement:
fepfestival happened. Next, blicketbash happened.

Is it true that blicketbash occured before fepfestival? Answer yes or no: ",-1.2171214818954468,-2.073251247406006,-3.1566524505615234,-4.432397842407227,-3.1807022094726562,-4.345819473266602
418,"wugfest happened. Next, gekxtravaganza happened.",wugfest occured after gekxtravaganza.,150_10_temporal_wugfest_next_gekxtravaganza_wugfest occured after gekxtravaganza._after,gekxtravaganza occured after wugfest.,150_10_temporal_wugfest_next_gekxtravaganza_gekxtravaganza occured after wugfest._after,wugfest,gekxtravaganza,"Given the following statement:
wugfest happened. Next, gekxtravaganza happened.

Produce a valid conclusion: ","Given the following statement:
wugfest happened. Next, gekxtravaganza happened.

Is it true that wugfest occured after gekxtravaganza? Answer yes or no: ","Given the following statement:
wugfest happened. Next, gekxtravaganza happened.

Is it true that gekxtravaganza occured after wugfest? Answer yes or no: ",-0.9733015298843384,-1.2897804975509644,-2.4532852172851562,-3.9605865478515625,-2.4214611053466797,-3.800394058227539
419,"Even before daxday, blicketbash happened.",daxday occured before blicketbash.,97_7_temporal_daxday_even before_blicketbash_daxday occured before blicketbash._before,blicketbash occured before daxday.,97_7_temporal_daxday_even before_blicketbash_blicketbash occured before daxday._before,daxday,blicketbash,"Given the following statement:
Even before daxday, blicketbash happened.

Produce a valid conclusion: ","Given the following statement:
Even before daxday, blicketbash happened.

Is it true that daxday occured before blicketbash? Answer yes or no: ","Given the following statement:
Even before daxday, blicketbash happened.

Is it true that blicketbash occured before daxday? Answer yes or no: ",-1.205827236175537,-1.4471842050552368,-2.8565521240234375,-4.559289932250977,-2.8050899505615234,-4.480405807495117
420,gekxtravaganza happened as a result of blicketbash.,blicketbash occured before gekxtravaganza.,40_10_temporal_blicketbash_as a result_gekxtravaganza_blicketbash occured before gekxtravaganza._before,gekxtravaganza occured before blicketbash.,40_10_temporal_blicketbash_as a result_gekxtravaganza_gekxtravaganza occured before blicketbash._before,blicketbash,gekxtravaganza,"Given the following statement:
gekxtravaganza happened as a result of blicketbash.

Produce a valid conclusion: ","Given the following statement:
gekxtravaganza happened as a result of blicketbash.

Is it true that blicketbash occured before gekxtravaganza? Answer yes or no: ","Given the following statement:
gekxtravaganza happened as a result of blicketbash.

Is it true that gekxtravaganza occured before blicketbash? Answer yes or no: ",-1.3050734996795654,-0.9880918264389038,-3.3610153198242188,-4.417377471923828,-3.282054901123047,-4.326313018798828
421,"daxday happened. Then, fepfestival happened.",daxday occured before fepfestival.,207_7_temporal_daxday_then_fepfestival_daxday occured before fepfestival._before,fepfestival occured before daxday.,207_7_temporal_daxday_then_fepfestival_fepfestival occured before daxday._before,daxday,fepfestival,"Given the following statement:
daxday happened. Then, fepfestival happened.

Produce a valid conclusion: ","Given the following statement:
daxday happened. Then, fepfestival happened.

Is it true that daxday occured before fepfestival? Answer yes or no: ","Given the following statement:
daxday happened. Then, fepfestival happened.

Is it true that fepfestival occured before daxday? Answer yes or no: ",-1.570769190788269,-1.4863340854644775,-2.2948532104492188,-4.0243377685546875,-2.172576904296875,-4.005857467651367
422,"wugfest happened. Afterwards, gekxtravaganza happened.",wugfest occured before gekxtravaganza.,17_7_temporal_wugfest_afterwards_gekxtravaganza_wugfest occured before gekxtravaganza._before,gekxtravaganza occured before wugfest.,17_7_temporal_wugfest_afterwards_gekxtravaganza_gekxtravaganza occured before wugfest._before,wugfest,gekxtravaganza,"Given the following statement:
wugfest happened. Afterwards, gekxtravaganza happened.

Produce a valid conclusion: ","Given the following statement:
wugfest happened. Afterwards, gekxtravaganza happened.

Is it true that wugfest occured before gekxtravaganza? Answer yes or no: ","Given the following statement:
wugfest happened. Afterwards, gekxtravaganza happened.

Is it true that gekxtravaganza occured before wugfest? Answer yes or no: ",-0.7792925238609314,-1.1737713813781738,-2.566059112548828,-4.041486740112305,-2.5250377655029297,-3.8340816497802734
423,"daxday happened. Finally, gekxtravaganza happened.",daxday occured before gekxtravaganza.,120_10_temporal_daxday_finally_gekxtravaganza_daxday occured before gekxtravaganza._before,gekxtravaganza occured before daxday.,120_10_temporal_daxday_finally_gekxtravaganza_gekxtravaganza occured before daxday._before,daxday,gekxtravaganza,"Given the following statement:
daxday happened. Finally, gekxtravaganza happened.

Produce a valid conclusion: ","Given the following statement:
daxday happened. Finally, gekxtravaganza happened.

Is it true that daxday occured before gekxtravaganza? Answer yes or no: ","Given the following statement:
daxday happened. Finally, gekxtravaganza happened.

Is it true that gekxtravaganza occured before daxday? Answer yes or no: ",-1.1863393783569336,-1.4199577569961548,-2.401430130004883,-3.934978485107422,-2.421354293823242,-3.8337860107421875
424,daxday happened even after gekxtravaganza.,daxday occured before gekxtravaganza.,81_1_temporal_daxday_even after_gekxtravaganza_daxday occured before gekxtravaganza._before,gekxtravaganza occured before daxday.,81_1_temporal_daxday_even after_gekxtravaganza_gekxtravaganza occured before daxday._before,daxday,gekxtravaganza,"Given the following statement:
daxday happened even after gekxtravaganza.

Produce a valid conclusion: ","Given the following statement:
daxday happened even after gekxtravaganza.

Is it true that daxday occured before gekxtravaganza? Answer yes or no: ","Given the following statement:
daxday happened even after gekxtravaganza.

Is it true that gekxtravaganza occured before daxday? Answer yes or no: ",-0.9306537508964539,-1.1494228839874268,-2.3717803955078125,-4.076961517333984,-2.4102230072021484,-3.9347171783447266
425,blicketbash happened since gekxtravaganza happened.,blicketbash occured after gekxtravaganza.,174_4_temporal_blicketbash_since_gekxtravaganza_blicketbash occured after gekxtravaganza._after,gekxtravaganza occured after blicketbash.,174_4_temporal_blicketbash_since_gekxtravaganza_gekxtravaganza occured after blicketbash._after,blicketbash,gekxtravaganza,"Given the following statement:
blicketbash happened since gekxtravaganza happened.

Produce a valid conclusion: ","Given the following statement:
blicketbash happened since gekxtravaganza happened.

Is it true that blicketbash occured after gekxtravaganza? Answer yes or no: ","Given the following statement:
blicketbash happened since gekxtravaganza happened.

Is it true that gekxtravaganza occured after blicketbash? Answer yes or no: ",-1.0061397552490234,-1.2677596807479858,-2.368165969848633,-3.7422561645507812,-2.4458980560302734,-3.7161788940429688
426,"daxday happened. Consequently, fepfestival happened.",daxday occured before fepfestival.,63_3_temporal_daxday_consequently_fepfestival_daxday occured before fepfestival._before,fepfestival occured before daxday.,63_3_temporal_daxday_consequently_fepfestival_fepfestival occured before daxday._before,daxday,fepfestival,"Given the following statement:
daxday happened. Consequently, fepfestival happened.

Produce a valid conclusion: ","Given the following statement:
daxday happened. Consequently, fepfestival happened.

Is it true that daxday occured before fepfestival? Answer yes or no: ","Given the following statement:
daxday happened. Consequently, fepfestival happened.

Is it true that fepfestival occured before daxday? Answer yes or no: ",-1.7077513933181763,-1.6211576461791992,-2.2434940338134766,-4.01447868347168,-2.169109344482422,-3.9615726470947266
427,"daxday happened. Subsequently, blicketbash happened.",daxday occured before blicketbash.,199_9_temporal_daxday_subsequently_blicketbash_daxday occured before blicketbash._before,blicketbash occured before daxday.,199_9_temporal_daxday_subsequently_blicketbash_blicketbash occured before daxday._before,daxday,blicketbash,"Given the following statement:
daxday happened. Subsequently, blicketbash happened.

Produce a valid conclusion: ","Given the following statement:
daxday happened. Subsequently, blicketbash happened.

Is it true that daxday occured before blicketbash? Answer yes or no: ","Given the following statement:
daxday happened. Subsequently, blicketbash happened.

Is it true that blicketbash occured before daxday? Answer yes or no: ",-1.3000224828720093,-1.5762137174606323,-2.709409713745117,-3.9714393615722656,-2.7353744506835938,-3.9236602783203125
428,wugfest happened once gekxtravaganza happened.,wugfest occured before gekxtravaganza.,158_8_temporal_wugfest_once_gekxtravaganza_wugfest occured before gekxtravaganza._before,gekxtravaganza occured before wugfest.,158_8_temporal_wugfest_once_gekxtravaganza_gekxtravaganza occured before wugfest._before,wugfest,gekxtravaganza,"Given the following statement:
wugfest happened once gekxtravaganza happened.

Produce a valid conclusion: ","Given the following statement:
wugfest happened once gekxtravaganza happened.

Is it true that wugfest occured before gekxtravaganza? Answer yes or no: ","Given the following statement:
wugfest happened once gekxtravaganza happened.

Is it true that gekxtravaganza occured before wugfest? Answer yes or no: ",-0.7968170642852783,-1.1629191637039185,-2.3751182556152344,-4.052396774291992,-2.3947181701660156,-3.902627944946289
429,gekxtravaganza happened as a result of daxday.,daxday occured after gekxtravaganza.,34_4_temporal_daxday_as a result_gekxtravaganza_daxday occured after gekxtravaganza._after,gekxtravaganza occured after daxday.,34_4_temporal_daxday_as a result_gekxtravaganza_gekxtravaganza occured after daxday._after,daxday,gekxtravaganza,"Given the following statement:
gekxtravaganza happened as a result of daxday.

Produce a valid conclusion: ","Given the following statement:
gekxtravaganza happened as a result of daxday.

Is it true that daxday occured after gekxtravaganza? Answer yes or no: ","Given the following statement:
gekxtravaganza happened as a result of daxday.

Is it true that gekxtravaganza occured after daxday? Answer yes or no: ",-1.3154606819152832,-1.0896022319793701,-2.494058609008789,-4.158344268798828,-2.4246864318847656,-4.13176155090332
430,"daxday happend. Earlier, fepfestival had happened.",daxday occured before fepfestival.,73_3_temporal_daxday_earlier_fepfestival_daxday occured before fepfestival._before,fepfestival occured before daxday.,73_3_temporal_daxday_earlier_fepfestival_fepfestival occured before daxday._before,daxday,fepfestival,"Given the following statement:
daxday happend. Earlier, fepfestival had happened.

Produce a valid conclusion: ","Given the following statement:
daxday happend. Earlier, fepfestival had happened.

Is it true that daxday occured before fepfestival? Answer yes or no: ","Given the following statement:
daxday happend. Earlier, fepfestival had happened.

Is it true that fepfestival occured before daxday? Answer yes or no: ",-1.708475112915039,-1.4310355186462402,-2.327878952026367,-3.9227943420410156,-2.291074752807617,-3.8832054138183594
431,wugfest happened even though daxday had happened.,wugfest occured before daxday.,110_10_temporal_wugfest_even though_daxday_wugfest occured before daxday._before,daxday occured before wugfest.,110_10_temporal_wugfest_even though_daxday_daxday occured before wugfest._before,wugfest,daxday,"Given the following statement:
wugfest happened even though daxday had happened.

Produce a valid conclusion: ","Given the following statement:
wugfest happened even though daxday had happened.

Is it true that wugfest occured before daxday? Answer yes or no: ","Given the following statement:
wugfest happened even though daxday had happened.

Is it true that daxday occured before wugfest? Answer yes or no: ",-1.1028118133544922,-1.1717089414596558,-2.4700851440429688,-4.356828689575195,-2.385406494140625,-4.218954086303711
432,"blicketbash happened. Thereafter, gekxtravaganza happened.",blicketbash occured before gekxtravaganza.,212_2_temporal_blicketbash_thereafter_gekxtravaganza_blicketbash occured before gekxtravaganza._before,gekxtravaganza occured before blicketbash.,212_2_temporal_blicketbash_thereafter_gekxtravaganza_gekxtravaganza occured before blicketbash._before,blicketbash,gekxtravaganza,"Given the following statement:
blicketbash happened. Thereafter, gekxtravaganza happened.

Produce a valid conclusion: ","Given the following statement:
blicketbash happened. Thereafter, gekxtravaganza happened.

Is it true that blicketbash occured before gekxtravaganza? Answer yes or no: ","Given the following statement:
blicketbash happened. Thereafter, gekxtravaganza happened.

Is it true that gekxtravaganza occured before blicketbash? Answer yes or no: ",-0.9534357190132141,-1.2096279859542847,-2.482942581176758,-3.824909210205078,-2.494447708129883,-3.784902572631836
433,wugfest happened as soon as gekxtravaganza finished.,wugfest occured before gekxtravaganza.,23_3_temporal_wugfest_as soon as_gekxtravaganza_wugfest occured before gekxtravaganza._before,gekxtravaganza occured before wugfest.,23_3_temporal_wugfest_as soon as_gekxtravaganza_gekxtravaganza occured before wugfest._before,wugfest,gekxtravaganza,"Given the following statement:
wugfest happened as soon as gekxtravaganza finished.

Produce a valid conclusion: ","Given the following statement:
wugfest happened as soon as gekxtravaganza finished.

Is it true that wugfest occured before gekxtravaganza? Answer yes or no: ","Given the following statement:
wugfest happened as soon as gekxtravaganza finished.

Is it true that gekxtravaganza occured before wugfest? Answer yes or no: ",-0.7556619048118591,-1.0471407175064087,-2.4540653228759766,-4.176824569702148,-2.5070056915283203,-4.055849075317383
434,"blicketbash happened. Finally, gekxtravaganza happened.",blicketbash occured after gekxtravaganza.,113_3_temporal_blicketbash_finally_gekxtravaganza_blicketbash occured after gekxtravaganza._after,gekxtravaganza occured after blicketbash.,113_3_temporal_blicketbash_finally_gekxtravaganza_gekxtravaganza occured after blicketbash._after,blicketbash,gekxtravaganza,"Given the following statement:
blicketbash happened. Finally, gekxtravaganza happened.

Produce a valid conclusion: ","Given the following statement:
blicketbash happened. Finally, gekxtravaganza happened.

Is it true that blicketbash occured after gekxtravaganza? Answer yes or no: ","Given the following statement:
blicketbash happened. Finally, gekxtravaganza happened.

Is it true that gekxtravaganza occured after blicketbash? Answer yes or no: ",-1.067084789276123,-1.264599084854126,-2.414691925048828,-3.740446090698242,-2.3893585205078125,-3.6776390075683594
435,"blicketbash happened. Afterwards, gekxtravaganza happened.",blicketbash occured before gekxtravaganza.,11_1_temporal_blicketbash_afterwards_gekxtravaganza_blicketbash occured before gekxtravaganza._before,gekxtravaganza occured before blicketbash.,11_1_temporal_blicketbash_afterwards_gekxtravaganza_gekxtravaganza occured before blicketbash._before,blicketbash,gekxtravaganza,"Given the following statement:
blicketbash happened. Afterwards, gekxtravaganza happened.

Produce a valid conclusion: ","Given the following statement:
blicketbash happened. Afterwards, gekxtravaganza happened.

Is it true that blicketbash occured before gekxtravaganza? Answer yes or no: ","Given the following statement:
blicketbash happened. Afterwards, gekxtravaganza happened.

Is it true that gekxtravaganza occured before blicketbash? Answer yes or no: ",-0.907431960105896,-1.172243595123291,-2.6352405548095703,-3.894826889038086,-2.599855422973633,-3.8350467681884766
436,"daxday happened. As a result, blicketbash happened.",daxday occured after blicketbash.,32_2_temporal_daxday_as a result_blicketbash_daxday occured after blicketbash._after,blicketbash occured after daxday.,32_2_temporal_daxday_as a result_blicketbash_blicketbash occured after daxday._after,daxday,blicketbash,"Given the following statement:
daxday happened. As a result, blicketbash happened.

Produce a valid conclusion: ","Given the following statement:
daxday happened. As a result, blicketbash happened.

Is it true that daxday occured after blicketbash? Answer yes or no: ","Given the following statement:
daxday happened. As a result, blicketbash happened.

Is it true that blicketbash occured after daxday? Answer yes or no: ",-1.6754776239395142,-1.9836158752441406,-2.6665287017822266,-3.9861679077148438,-2.661958694458008,-3.937356948852539
437,"fepfestival happened. Then, gekxtravaganza happened.",fepfestival occured after gekxtravaganza.,206_6_temporal_fepfestival_then_gekxtravaganza_fepfestival occured after gekxtravaganza._after,gekxtravaganza occured after fepfestival.,206_6_temporal_fepfestival_then_gekxtravaganza_gekxtravaganza occured after fepfestival._after,fepfestival,gekxtravaganza,"Given the following statement:
fepfestival happened. Then, gekxtravaganza happened.

Produce a valid conclusion: ","Given the following statement:
fepfestival happened. Then, gekxtravaganza happened.

Is it true that fepfestival occured after gekxtravaganza? Answer yes or no: ","Given the following statement:
fepfestival happened. Then, gekxtravaganza happened.

Is it true that gekxtravaganza occured after fepfestival? Answer yes or no: ",-1.161808729171753,-1.7482635974884033,-2.4603919982910156,-4.211215972900391,-2.422597885131836,-3.9979209899902344
438,"blicketbash happened. Previously, gekxtravaganza happened.",blicketbash occured before gekxtravaganza.,167_7_temporal_blicketbash_previously_gekxtravaganza_blicketbash occured before gekxtravaganza._before,gekxtravaganza occured before blicketbash.,167_7_temporal_blicketbash_previously_gekxtravaganza_gekxtravaganza occured before blicketbash._before,blicketbash,gekxtravaganza,"Given the following statement:
blicketbash happened. Previously, gekxtravaganza happened.

Produce a valid conclusion: ","Given the following statement:
blicketbash happened. Previously, gekxtravaganza happened.

Is it true that blicketbash occured before gekxtravaganza? Answer yes or no: ","Given the following statement:
blicketbash happened. Previously, gekxtravaganza happened.

Is it true that gekxtravaganza occured before blicketbash? Answer yes or no: ",-0.9938921332359314,-1.224314570426941,-2.675748825073242,-3.8405590057373047,-2.6561222076416016,-3.794645309448242
439,blicketbash happened even after gekxtravaganza.,blicketbash occured before gekxtravaganza.,85_5_temporal_blicketbash_even after_gekxtravaganza_blicketbash occured before gekxtravaganza._before,gekxtravaganza occured before blicketbash.,85_5_temporal_blicketbash_even after_gekxtravaganza_gekxtravaganza occured before blicketbash._before,blicketbash,gekxtravaganza,"Given the following statement:
blicketbash happened even after gekxtravaganza.

Produce a valid conclusion: ","Given the following statement:
blicketbash happened even after gekxtravaganza.

Is it true that blicketbash occured before gekxtravaganza? Answer yes or no: ","Given the following statement:
blicketbash happened even after gekxtravaganza.

Is it true that gekxtravaganza occured before blicketbash? Answer yes or no: ",-0.8402101397514343,-1.0353699922561646,-2.215677261352539,-3.89013671875,-2.2698440551757812,-3.8491458892822266
440,"wugfest happened. Consequently, blicketbash happened.",wugfest occured after blicketbash.,61_1_temporal_wugfest_consequently_blicketbash_wugfest occured after blicketbash._after,blicketbash occured after wugfest.,61_1_temporal_wugfest_consequently_blicketbash_blicketbash occured after wugfest._after,wugfest,blicketbash,"Given the following statement:
wugfest happened. Consequently, blicketbash happened.

Produce a valid conclusion: ","Given the following statement:
wugfest happened. Consequently, blicketbash happened.

Is it true that wugfest occured after blicketbash? Answer yes or no: ","Given the following statement:
wugfest happened. Consequently, blicketbash happened.

Is it true that blicketbash occured after wugfest? Answer yes or no: ",-1.4104018211364746,-1.751644253730774,-3.0111160278320312,-4.093572616577148,-2.9668121337890625,-4.016237258911133
441,blicketbash happened as soon as gekxtravaganza finished.,blicketbash occured before gekxtravaganza.,29_9_temporal_blicketbash_as soon as_gekxtravaganza_blicketbash occured before gekxtravaganza._before,gekxtravaganza occured before blicketbash.,29_9_temporal_blicketbash_as soon as_gekxtravaganza_gekxtravaganza occured before blicketbash._before,blicketbash,gekxtravaganza,"Given the following statement:
blicketbash happened as soon as gekxtravaganza finished.

Produce a valid conclusion: ","Given the following statement:
blicketbash happened as soon as gekxtravaganza finished.

Is it true that blicketbash occured before gekxtravaganza? Answer yes or no: ","Given the following statement:
blicketbash happened as soon as gekxtravaganza finished.

Is it true that gekxtravaganza occured before blicketbash? Answer yes or no: ",-0.8453550934791565,-0.9813499450683594,-2.6662368774414062,-4.103630065917969,-2.7351207733154297,-4.07164192199707
442,"fepfestival happened. So, gekxtravaganza happened.",fepfestival occured after gekxtravaganza.,185_5_temporal_fepfestival_so_gekxtravaganza_fepfestival occured after gekxtravaganza._after,gekxtravaganza occured after fepfestival.,185_5_temporal_fepfestival_so_gekxtravaganza_gekxtravaganza occured after fepfestival._after,fepfestival,gekxtravaganza,"Given the following statement:
fepfestival happened. So, gekxtravaganza happened.

Produce a valid conclusion: ","Given the following statement:
fepfestival happened. So, gekxtravaganza happened.

Is it true that fepfestival occured after gekxtravaganza? Answer yes or no: ","Given the following statement:
fepfestival happened. So, gekxtravaganza happened.

Is it true that gekxtravaganza occured after fepfestival? Answer yes or no: ",-1.2668074369430542,-1.8323252201080322,-2.1895694732666016,-3.9107894897460938,-2.2129173278808594,-3.716573715209961
443,"daxday happened. Subsequently, fepfestival happened.",daxday occured before fepfestival.,191_1_temporal_daxday_subsequently_fepfestival_daxday occured before fepfestival._before,fepfestival occured before daxday.,191_1_temporal_daxday_subsequently_fepfestival_fepfestival occured before daxday._before,daxday,fepfestival,"Given the following statement:
daxday happened. Subsequently, fepfestival happened.

Produce a valid conclusion: ","Given the following statement:
daxday happened. Subsequently, fepfestival happened.

Is it true that daxday occured before fepfestival? Answer yes or no: ","Given the following statement:
daxday happened. Subsequently, fepfestival happened.

Is it true that fepfestival occured before daxday? Answer yes or no: ",-1.3529337644577026,-1.356076717376709,-2.3781967163085938,-3.922395706176758,-2.294586181640625,-3.8875350952148438
444,"Since gekxtravaganza happened, wugfest happened.",wugfest occured before gekxtravaganza.,179_9_temporal_wugfest_since_gekxtravaganza_wugfest occured before gekxtravaganza._before,gekxtravaganza occured before wugfest.,179_9_temporal_wugfest_since_gekxtravaganza_gekxtravaganza occured before wugfest._before,wugfest,gekxtravaganza,"Given the following statement:
Since gekxtravaganza happened, wugfest happened.

Produce a valid conclusion: ","Given the following statement:
Since gekxtravaganza happened, wugfest happened.

Is it true that wugfest occured before gekxtravaganza? Answer yes or no: ","Given the following statement:
Since gekxtravaganza happened, wugfest happened.

Is it true that gekxtravaganza occured before wugfest? Answer yes or no: ",-0.9672612547874451,-1.3447386026382446,-2.321413040161133,-4.117494583129883,-2.3032684326171875,-4.024438858032227
445,wugfest happened before fepfestival.,wugfest occured after fepfestival.,54_4_temporal_wugfest_before_fepfestival_wugfest occured after fepfestival._after,fepfestival occured after wugfest.,54_4_temporal_wugfest_before_fepfestival_fepfestival occured after wugfest._after,wugfest,fepfestival,"Given the following statement:
wugfest happened before fepfestival.

Produce a valid conclusion: ","Given the following statement:
wugfest happened before fepfestival.

Is it true that wugfest occured after fepfestival? Answer yes or no: ","Given the following statement:
wugfest happened before fepfestival.

Is it true that fepfestival occured after wugfest? Answer yes or no: ",-1.0428287982940674,-1.0768446922302246,-2.5605602264404297,-4.420171737670898,-2.5405235290527344,-4.38044548034668
446,"Once blicketbash happened, fepfestival happened.",fepfestival occured after blicketbash.,155_5_temporal_fepfestival_once_blicketbash_fepfestival occured after blicketbash._after,blicketbash occured after fepfestival.,155_5_temporal_fepfestival_once_blicketbash_blicketbash occured after fepfestival._after,fepfestival,blicketbash,"Given the following statement:
Once blicketbash happened, fepfestival happened.

Produce a valid conclusion: ","Given the following statement:
Once blicketbash happened, fepfestival happened.

Is it true that fepfestival occured after blicketbash? Answer yes or no: ","Given the following statement:
Once blicketbash happened, fepfestival happened.

Is it true that blicketbash occured after fepfestival? Answer yes or no: ",-1.3683974742889404,-1.9429714679718018,-2.400350570678711,-4.062833786010742,-2.489809036254883,-4.022003173828125
447,"Before gekxtravaganza, wugfest happened.",wugfest occured after gekxtravaganza.,56_6_temporal_wugfest_before_gekxtravaganza_wugfest occured after gekxtravaganza._after,gekxtravaganza occured after wugfest.,56_6_temporal_wugfest_before_gekxtravaganza_gekxtravaganza occured after wugfest._after,wugfest,gekxtravaganza,"Given the following statement:
Before gekxtravaganza, wugfest happened.

Produce a valid conclusion: ","Given the following statement:
Before gekxtravaganza, wugfest happened.

Is it true that wugfest occured after gekxtravaganza? Answer yes or no: ","Given the following statement:
Before gekxtravaganza, wugfest happened.

Is it true that gekxtravaganza occured after wugfest? Answer yes or no: ",-0.8644490838050842,-1.3845443725585938,-2.5607643127441406,-4.322761535644531,-2.564485549926758,-4.246278762817383
448,wugfest happened once fepfestival happened.,wugfest occured before fepfestival.,159_9_temporal_wugfest_once_fepfestival_wugfest occured before fepfestival._before,fepfestival occured before wugfest.,159_9_temporal_wugfest_once_fepfestival_fepfestival occured before wugfest._before,wugfest,fepfestival,"Given the following statement:
wugfest happened once fepfestival happened.

Produce a valid conclusion: ","Given the following statement:
wugfest happened once fepfestival happened.

Is it true that wugfest occured before fepfestival? Answer yes or no: ","Given the following statement:
wugfest happened once fepfestival happened.

Is it true that fepfestival occured before wugfest? Answer yes or no: ",-1.1492414474487305,-1.250976324081421,-2.2840003967285156,-4.097736358642578,-2.2193546295166016,-4.023563385009766
449,wugfest happened after daxday.,wugfest occured after daxday.,1_1_temporal_wugfest_after_daxday_wugfest occured after daxday._after,daxday occured after wugfest.,1_1_temporal_wugfest_after_daxday_daxday occured after wugfest._after,wugfest,daxday,"Given the following statement:
wugfest happened after daxday.

Produce a valid conclusion: ","Given the following statement:
wugfest happened after daxday.

Is it true that wugfest occured after daxday? Answer yes or no: ","Given the following statement:
wugfest happened after daxday.

Is it true that daxday occured after wugfest? Answer yes or no: ",-0.9046075344085693,-1.048547625541687,-2.2374610900878906,-4.118017196655273,-2.2826595306396484,-4.043916702270508
