,premise,inference_A,inference_id_A,inference_B,inference_id_B,nonce_A,nonce_B,prompt_QA,prompt_A_YN,prompt_B_YN,rating_QA_A,rating_QA_B,rating_A_YN_Y,rating_A_YN_N,rating_B_YN_Y,rating_B_YN_N
0,"I find feps such as blickets, to be cute.",feps are instances of blickets.,38_8_instantiation_feps_such as_blickets_feps are instances of blickets._are,blickets are instances of feps.,38_8_instantiation_feps_such as_blickets_blickets are instances of feps._are,feps,blickets,"Given the following statement:
I find feps such as blickets, to be cute.

Produce a valid conclusion: ","Given the following statement:
I find feps such as blickets, to be cute.

Is it true that feps are instances of blickets? Answer yes or no: ","Given the following statement:
I find feps such as blickets, to be cute.

Is it true that blickets are instances of feps? Answer yes or no: ",-2.9436254501342773,-2.140854835510254,-3.364800453186035,-5.729911804199219,-3.4922447204589844,-6.026738166809082
1,"daxday happened. Hence, fepfestival happened.",daxday occured before fepfestival.,125_5_temporal_daxday_hence_fepfestival_daxday occured before fepfestival._before,fepfestival occured before daxday.,125_5_temporal_daxday_hence_fepfestival_fepfestival occured before daxday._before,daxday,fepfestival,"Given the following statement:
daxday happened. Hence, fepfestival happened.

Produce a valid conclusion: ","Given the following statement:
daxday happened. Hence, fepfestival happened.

Is it true that daxday occured before fepfestival? Answer yes or no: ","Given the following statement:
daxday happened. Hence, fepfestival happened.

Is it true that fepfestival occured before daxday? Answer yes or no: ",-1.5036896467208862,-1.908475637435913,-2.932316780090332,-5.306014060974121,-2.8633241653442383,-5.279574394226074
2,gekxtravaganza happened even before wugfest.,wugfest occured before gekxtravaganza.,91_1_temporal_wugfest_even before_gekxtravaganza_wugfest occured before gekxtravaganza._before,gekxtravaganza occured before wugfest.,91_1_temporal_wugfest_even before_gekxtravaganza_gekxtravaganza occured before wugfest._before,wugfest,gekxtravaganza,"Given the following statement:
gekxtravaganza happened even before wugfest.

Produce a valid conclusion: ","Given the following statement:
gekxtravaganza happened even before wugfest.

Is it true that wugfest occured before gekxtravaganza? Answer yes or no: ","Given the following statement:
gekxtravaganza happened even before wugfest.

Is it true that gekxtravaganza occured before wugfest? Answer yes or no: ",-0.9623562097549438,-0.8267278075218201,-2.657517433166504,-4.423368453979492,-2.3796768188476562,-4.289344787597656
3,"I love snowy winters. For instance, I prefer Daxburgh to Blicketland.",Daxburgh has snowy winters.,96_6_preference_Daxburgh_for instance_Blicketland_Daxburgh has snowy winters._love,Blicketland has snowy winters.,96_6_preference_Daxburgh_for instance_Blicketland_Blicketland has snowy winters._love,Daxburgh,Blicketland,"Given the following statement:
I love snowy winters. For instance, I prefer Daxburgh to Blicketland.

Produce a valid conclusion: ","Given the following statement:
I love snowy winters. For instance, I prefer Daxburgh to Blicketland.

Is it true that Daxburgh has snowy winters? Answer yes or no: ","Given the following statement:
I love snowy winters. For instance, I prefer Daxburgh to Blicketland.

Is it true that Blicketland has snowy winters? Answer yes or no: ",-1.0119264125823975,-0.941614031791687,-3.376789093017578,-4.990398406982422,-3.3806076049804688,-5.045921325683594
4,"I hate snowy winters. As a result, I prefer Fepopolis to Blicketland.",Fepopolis has snowy winters.,26_6_preference_Fepopolis_as a result_Blicketland_Fepopolis has snowy winters._hate,Blicketland has snowy winters.,26_6_preference_Fepopolis_as a result_Blicketland_Blicketland has snowy winters._hate,Fepopolis,Blicketland,"Given the following statement:
I hate snowy winters. As a result, I prefer Fepopolis to Blicketland.

Produce a valid conclusion: ","Given the following statement:
I hate snowy winters. As a result, I prefer Fepopolis to Blicketland.

Is it true that Fepopolis has snowy winters? Answer yes or no: ","Given the following statement:
I hate snowy winters. As a result, I prefer Fepopolis to Blicketland.

Is it true that Blicketland has snowy winters? Answer yes or no: ",-0.9893377423286438,-0.9335722923278809,-3.776951789855957,-5.625133514404297,-3.768674850463867,-5.580615043640137
5,"I like wugs, for example, feps are nice.",wugs are instances of feps.,2_2_instantiation_wugs_for example_feps_wugs are instances of feps._are,feps are instances of wugs.,2_2_instantiation_wugs_for example_feps_feps are instances of wugs._are,wugs,feps,"Given the following statement:
I like wugs, for example, feps are nice.

Produce a valid conclusion: ","Given the following statement:
I like wugs, for example, feps are nice.

Is it true that wugs are instances of feps? Answer yes or no: ","Given the following statement:
I like wugs, for example, feps are nice.

Is it true that feps are instances of wugs? Answer yes or no: ",-2.4093008041381836,-2.9079294204711914,-3.343860626220703,-5.747568130493164,-3.472102165222168,-5.749794006347656
6,"I prefer Daxburgh to Gektopia, although I love warm weather.",Daxburgh has warm weather.,8_8_preference_Daxburgh_although_Gektopia_Daxburgh has warm weather._love,Gektopia has warm weather.,8_8_preference_Daxburgh_although_Gektopia_Gektopia has warm weather._love,Daxburgh,Gektopia,"Given the following statement:
I prefer Daxburgh to Gektopia, although I love warm weather.

Produce a valid conclusion: ","Given the following statement:
I prefer Daxburgh to Gektopia, although I love warm weather.

Is it true that Daxburgh has warm weather? Answer yes or no: ","Given the following statement:
I prefer Daxburgh to Gektopia, although I love warm weather.

Is it true that Gektopia has warm weather? Answer yes or no: ",-1.1221215724945068,-1.1954891681671143,-3.260972023010254,-4.835358619689941,-3.356947898864746,-4.95313835144043
7,"As much as I hate mammals, I prefer wugs to feps.",wugs are mammals.,32_2_preference_wugs_as much as_feps_wugs are mammals._hate,feps are mammals.,32_2_preference_wugs_as much as_feps_feps are mammals._hate,wugs,feps,"Given the following statement:
As much as I hate mammals, I prefer wugs to feps.

Produce a valid conclusion: ","Given the following statement:
As much as I hate mammals, I prefer wugs to feps.

Is it true that wugs are mammals? Answer yes or no: ","Given the following statement:
As much as I hate mammals, I prefer wugs to feps.

Is it true that feps are mammals? Answer yes or no: ",-1.4166810512542725,-2.6812644004821777,-4.6267499923706055,-6.271932601928711,-4.651577949523926,-6.240233421325684
8,"I like wugs, for example, blickets are nice.",wugs are instances of blickets.,3_3_instantiation_wugs_for example_blickets_wugs are instances of blickets._are,blickets are instances of wugs.,3_3_instantiation_wugs_for example_blickets_blickets are instances of wugs._are,wugs,blickets,"Given the following statement:
I like wugs, for example, blickets are nice.

Produce a valid conclusion: ","Given the following statement:
I like wugs, for example, blickets are nice.

Is it true that wugs are instances of blickets? Answer yes or no: ","Given the following statement:
I like wugs, for example, blickets are nice.

Is it true that blickets are instances of wugs? Answer yes or no: ",-2.213407516479492,-2.032040596008301,-3.423208236694336,-5.810878753662109,-3.380812644958496,-5.8297014236450195
9,"wugfest happened. Subsequently, gekxtravaganza happened.",wugfest occured before gekxtravaganza.,196_6_temporal_wugfest_subsequently_gekxtravaganza_wugfest occured before gekxtravaganza._before,gekxtravaganza occured before wugfest.,196_6_temporal_wugfest_subsequently_gekxtravaganza_gekxtravaganza occured before wugfest._before,wugfest,gekxtravaganza,"Given the following statement:
wugfest happened. Subsequently, gekxtravaganza happened.

Produce a valid conclusion: ","Given the following statement:
wugfest happened. Subsequently, gekxtravaganza happened.

Is it true that wugfest occured before gekxtravaganza? Answer yes or no: ","Given the following statement:
wugfest happened. Subsequently, gekxtravaganza happened.

Is it true that gekxtravaganza occured before wugfest? Answer yes or no: ",-1.3217387199401855,-1.2760220766067505,-3.301687240600586,-5.245388984680176,-3.0489635467529297,-5.160369873046875
10,"I love blue flowers. As a result, I prefer feps to blickets.",feps are blue flowers.,23_3_preference_feps_as a result_blickets_feps are blue flowers._love,blickets are blue flowers.,23_3_preference_feps_as a result_blickets_blickets are blue flowers._love,feps,blickets,"Given the following statement:
I love blue flowers. As a result, I prefer feps to blickets.

Produce a valid conclusion: ","Given the following statement:
I love blue flowers. As a result, I prefer feps to blickets.

Is it true that feps are blue flowers? Answer yes or no: ","Given the following statement:
I love blue flowers. As a result, I prefer feps to blickets.

Is it true that blickets are blue flowers? Answer yes or no: ",-2.384976863861084,-1.293142557144165,-5.000367164611816,-6.685324668884277,-4.676566123962402,-6.329361915588379
11,"I love blue flowers. So, I prefer daxes to blickets.",daxes are blue flowers.,133_3_preference_daxes_so_blickets_daxes are blue flowers._love,blickets are blue flowers.,133_3_preference_daxes_so_blickets_blickets are blue flowers._love,daxes,blickets,"Given the following statement:
I love blue flowers. So, I prefer daxes to blickets.

Produce a valid conclusion: ","Given the following statement:
I love blue flowers. So, I prefer daxes to blickets.

Is it true that daxes are blue flowers? Answer yes or no: ","Given the following statement:
I love blue flowers. So, I prefer daxes to blickets.

Is it true that blickets are blue flowers? Answer yes or no: ",-1.3669463396072388,-1.4087833166122437,-5.08243465423584,-6.803279876708984,-4.843379020690918,-6.5441789627075195
12,"I prefer Wugsville to Gektopia, for I love skyscrapers.",Wugsville has skyscrapers.,80_10_preference_Wugsville_for_Gektopia_Wugsville has skyscrapers._love,Gektopia has skyscrapers.,80_10_preference_Wugsville_for_Gektopia_Gektopia has skyscrapers._love,Wugsville,Gektopia,"Given the following statement:
I prefer Wugsville to Gektopia, for I love skyscrapers.

Produce a valid conclusion: ","Given the following statement:
I prefer Wugsville to Gektopia, for I love skyscrapers.

Is it true that Wugsville has skyscrapers? Answer yes or no: ","Given the following statement:
I prefer Wugsville to Gektopia, for I love skyscrapers.

Is it true that Gektopia has skyscrapers? Answer yes or no: ",-0.9121958017349243,-1.010627269744873,-3.3640308380126953,-5.231801986694336,-3.576101303100586,-5.435985565185547
13,"I prefer Daxburgh to Fepopolis, for I hate living near mountains.",Daxburgh has mountains.,77_7_preference_Daxburgh_for_Fepopolis_Daxburgh has mountains._hate,Fepopolis has mountains.,77_7_preference_Daxburgh_for_Fepopolis_Fepopolis has mountains._hate,Daxburgh,Fepopolis,"Given the following statement:
I prefer Daxburgh to Fepopolis, for I hate living near mountains.

Produce a valid conclusion: ","Given the following statement:
I prefer Daxburgh to Fepopolis, for I hate living near mountains.

Is it true that Daxburgh has mountains? Answer yes or no: ","Given the following statement:
I prefer Daxburgh to Fepopolis, for I hate living near mountains.

Is it true that Fepopolis has mountains? Answer yes or no: ",-1.7499231100082397,-1.576430082321167,-3.441823959350586,-5.237257957458496,-3.4968271255493164,-5.374680519104004
14,"Even though blicketbash had happened, wugfest happened.",wugfest occured before blicketbash.,106_6_temporal_wugfest_even though_blicketbash_wugfest occured before blicketbash._before,blicketbash occured before wugfest.,106_6_temporal_wugfest_even though_blicketbash_blicketbash occured before wugfest._before,wugfest,blicketbash,"Given the following statement:
Even though blicketbash had happened, wugfest happened.

Produce a valid conclusion: ","Given the following statement:
Even though blicketbash had happened, wugfest happened.

Is it true that wugfest occured before blicketbash? Answer yes or no: ","Given the following statement:
Even though blicketbash had happened, wugfest happened.

Is it true that blicketbash occured before wugfest? Answer yes or no: ",-1.4731487035751343,-1.2641844749450684,-3.2400903701782227,-5.383478164672852,-3.095022201538086,-5.18507194519043
15,"I hate skyscrapers. Thus, I prefer Wugsville to Gektopia.",Wugsville has skyscrapers.,170_10_preference_Wugsville_thus_Gektopia_Wugsville has skyscrapers._hate,Gektopia has skyscrapers.,170_10_preference_Wugsville_thus_Gektopia_Gektopia has skyscrapers._hate,Wugsville,Gektopia,"Given the following statement:
I hate skyscrapers. Thus, I prefer Wugsville to Gektopia.

Produce a valid conclusion: ","Given the following statement:
I hate skyscrapers. Thus, I prefer Wugsville to Gektopia.

Is it true that Wugsville has skyscrapers? Answer yes or no: ","Given the following statement:
I hate skyscrapers. Thus, I prefer Wugsville to Gektopia.

Is it true that Gektopia has skyscrapers? Answer yes or no: ",-1.0451664924621582,-0.9790267944335938,-4.247147560119629,-6.185368537902832,-4.432794570922852,-6.357436180114746
16,"I love living near mountains. So, I prefer Wugsville to Daxburgh.",Wugsville has mountains.,137_7_preference_Wugsville_so_Daxburgh_Wugsville has mountains._love,Daxburgh has mountains.,137_7_preference_Wugsville_so_Daxburgh_Daxburgh has mountains._love,Wugsville,Daxburgh,"Given the following statement:
I love living near mountains. So, I prefer Wugsville to Daxburgh.

Produce a valid conclusion: ","Given the following statement:
I love living near mountains. So, I prefer Wugsville to Daxburgh.

Is it true that Wugsville has mountains? Answer yes or no: ","Given the following statement:
I love living near mountains. So, I prefer Wugsville to Daxburgh.

Is it true that Daxburgh has mountains? Answer yes or no: ",-1.5725111961364746,-1.618551254272461,-3.2393693923950195,-5.2318878173828125,-3.4491376876831055,-5.422366142272949
17,"I prefer Blicketland to Gektopia, although I hate snowy winters.",Blicketland has snowy winters.,6_6_preference_Blicketland_although_Gektopia_Blicketland has snowy winters._hate,Gektopia has snowy winters.,6_6_preference_Blicketland_although_Gektopia_Gektopia has snowy winters._hate,Blicketland,Gektopia,"Given the following statement:
I prefer Blicketland to Gektopia, although I hate snowy winters.

Produce a valid conclusion: ","Given the following statement:
I prefer Blicketland to Gektopia, although I hate snowy winters.

Is it true that Blicketland has snowy winters? Answer yes or no: ","Given the following statement:
I prefer Blicketland to Gektopia, although I hate snowy winters.

Is it true that Gektopia has snowy winters? Answer yes or no: ",-0.8139411807060242,-0.8544724583625793,-3.583807945251465,-5.327851295471191,-3.696347236633301,-5.554343223571777
18,"I find daxes such as feps, to be awful.",daxes are instances of feps.,35_5_instantiation_daxes_such as_feps_daxes are instances of feps._are,feps are instances of daxes.,35_5_instantiation_daxes_such as_feps_feps are instances of daxes._are,daxes,feps,"Given the following statement:
I find daxes such as feps, to be awful.

Produce a valid conclusion: ","Given the following statement:
I find daxes such as feps, to be awful.

Is it true that daxes are instances of feps? Answer yes or no: ","Given the following statement:
I find daxes such as feps, to be awful.

Is it true that feps are instances of daxes? Answer yes or no: ",-2.6917309761047363,-3.476076126098633,-3.189889907836914,-5.374320030212402,-3.4193363189697266,-5.544515609741211
19,"I hate living near mountains. Therefore, I prefer Wugsville to Daxburgh.",Wugsville has mountains.,147_7_preference_Wugsville_therefore_Daxburgh_Wugsville has mountains._hate,Daxburgh has mountains.,147_7_preference_Wugsville_therefore_Daxburgh_Daxburgh has mountains._hate,Wugsville,Daxburgh,"Given the following statement:
I hate living near mountains. Therefore, I prefer Wugsville to Daxburgh.

Produce a valid conclusion: ","Given the following statement:
I hate living near mountains. Therefore, I prefer Wugsville to Daxburgh.

Is it true that Wugsville has mountains? Answer yes or no: ","Given the following statement:
I hate living near mountains. Therefore, I prefer Wugsville to Daxburgh.

Is it true that Daxburgh has mountains? Answer yes or no: ",-1.8602815866470337,-1.698485255241394,-3.7086563110351562,-5.6708269119262695,-3.845198631286621,-5.827193260192871
20,"daxday happened. Thereafter, gekxtravaganza happened.",daxday occured after gekxtravaganza.,218_8_temporal_daxday_thereafter_gekxtravaganza_daxday occured after gekxtravaganza._after,gekxtravaganza occured after daxday.,218_8_temporal_daxday_thereafter_gekxtravaganza_gekxtravaganza occured after daxday._after,daxday,gekxtravaganza,"Given the following statement:
daxday happened. Thereafter, gekxtravaganza happened.

Produce a valid conclusion: ","Given the following statement:
daxday happened. Thereafter, gekxtravaganza happened.

Is it true that daxday occured after gekxtravaganza? Answer yes or no: ","Given the following statement:
daxday happened. Thereafter, gekxtravaganza happened.

Is it true that gekxtravaganza occured after daxday? Answer yes or no: ",-1.0619441270828247,-1.0033767223358154,-2.8461694717407227,-4.893558502197266,-2.853081703186035,-4.907073020935059
21,"I prefer Daxburgh to Blicketland, since I hate coastal cities.",Daxburgh is a coastal city.,129_9_preference_Daxburgh_since_Blicketland_Daxburgh is a coastal city._hate,Blicketland is a coastal city.,129_9_preference_Daxburgh_since_Blicketland_Blicketland is a coastal city._hate,Daxburgh,Blicketland,"Given the following statement:
I prefer Daxburgh to Blicketland, since I hate coastal cities.

Produce a valid conclusion: ","Given the following statement:
I prefer Daxburgh to Blicketland, since I hate coastal cities.

Is it true that Daxburgh is a coastal city? Answer yes or no: ","Given the following statement:
I prefer Daxburgh to Blicketland, since I hate coastal cities.

Is it true that Blicketland is a coastal city? Answer yes or no: ",-0.7795779705047607,-0.6971646547317505,-3.6959829330444336,-5.365429878234863,-3.5040531158447266,-5.2689008712768555
22,"I hate skyscrapers, nevertheless, I prefer Daxburgh to Gektopia.",Daxburgh has skyscrapers.,120_10_preference_Daxburgh_nevertheless_Gektopia_Daxburgh has skyscrapers._hate,Gektopia has skyscrapers.,120_10_preference_Daxburgh_nevertheless_Gektopia_Gektopia has skyscrapers._hate,Daxburgh,Gektopia,"Given the following statement:
I hate skyscrapers, nevertheless, I prefer Daxburgh to Gektopia.

Produce a valid conclusion: ","Given the following statement:
I hate skyscrapers, nevertheless, I prefer Daxburgh to Gektopia.

Is it true that Daxburgh has skyscrapers? Answer yes or no: ","Given the following statement:
I hate skyscrapers, nevertheless, I prefer Daxburgh to Gektopia.

Is it true that Gektopia has skyscrapers? Answer yes or no: ",-0.9851821660995483,-1.0640439987182617,-4.074253082275391,-5.831511497497559,-4.204355239868164,-5.971024513244629
23,"I prefer wugs to daxes, but I hate blue flowers.",wugs are blue flowers.,53_3_preference_wugs_but_daxes_wugs are blue flowers._hate,daxes are blue flowers.,53_3_preference_wugs_but_daxes_daxes are blue flowers._hate,wugs,daxes,"Given the following statement:
I prefer wugs to daxes, but I hate blue flowers.

Produce a valid conclusion: ","Given the following statement:
I prefer wugs to daxes, but I hate blue flowers.

Is it true that wugs are blue flowers? Answer yes or no: ","Given the following statement:
I prefer wugs to daxes, but I hate blue flowers.

Is it true that daxes are blue flowers? Answer yes or no: ",-1.3429498672485352,-1.8189330101013184,-3.8928260803222656,-5.754202842712402,-3.9848880767822266,-5.765652656555176
24,"Although I prefer wugs to geks, I hate fuzzy creatures.",wugs are fuzzy creatures.,1_1_preference_wugs_although_geks_wugs are fuzzy creatures._hate,geks are fuzzy creatures.,1_1_preference_wugs_although_geks_geks are fuzzy creatures._hate,wugs,geks,"Given the following statement:
Although I prefer wugs to geks, I hate fuzzy creatures.

Produce a valid conclusion: ","Given the following statement:
Although I prefer wugs to geks, I hate fuzzy creatures.

Is it true that wugs are fuzzy creatures? Answer yes or no: ","Given the following statement:
Although I prefer wugs to geks, I hate fuzzy creatures.

Is it true that geks are fuzzy creatures? Answer yes or no: ",-1.1065515279769897,-2.1609206199645996,-3.9316320419311523,-5.7933197021484375,-3.7862138748168945,-5.735157012939453
25,"I like feps, for instance, geks are nice.",feps are instances of geks.,19_9_instantiation_feps_for instance_geks_feps are instances of geks._are,geks are instances of feps.,19_9_instantiation_feps_for instance_geks_geks are instances of feps._are,feps,geks,"Given the following statement:
I like feps, for instance, geks are nice.

Produce a valid conclusion: ","Given the following statement:
I like feps, for instance, geks are nice.

Is it true that feps are instances of geks? Answer yes or no: ","Given the following statement:
I like feps, for instance, geks are nice.

Is it true that geks are instances of feps? Answer yes or no: ",-2.9219415187835693,-2.895719289779663,-3.626434326171875,-5.734832763671875,-3.509298324584961,-5.714255332946777
26,"I love insects. For example, I prefer wugs to feps.",wugs are insects.,85_5_preference_wugs_for example_feps_wugs are insects._love,feps are insects.,85_5_preference_wugs_for example_feps_feps are insects._love,wugs,feps,"Given the following statement:
I love insects. For example, I prefer wugs to feps.

Produce a valid conclusion: ","Given the following statement:
I love insects. For example, I prefer wugs to feps.

Is it true that wugs are insects? Answer yes or no: ","Given the following statement:
I love insects. For example, I prefer wugs to feps.

Is it true that feps are insects? Answer yes or no: ",-2.0045270919799805,-3.282966136932373,-4.217373847961426,-6.165472984313965,-4.248974800109863,-6.204958915710449
27,"wugfest happend. Earlier, daxday had happened.",wugfest occured before daxday.,77_7_temporal_wugfest_earlier_daxday_wugfest occured before daxday._before,daxday occured before wugfest.,77_7_temporal_wugfest_earlier_daxday_daxday occured before wugfest._before,wugfest,daxday,"Given the following statement:
wugfest happend. Earlier, daxday had happened.

Produce a valid conclusion: ","Given the following statement:
wugfest happend. Earlier, daxday had happened.

Is it true that wugfest occured before daxday? Answer yes or no: ","Given the following statement:
wugfest happend. Earlier, daxday had happened.

Is it true that daxday occured before wugfest? Answer yes or no: ",-1.3113681077957153,-1.0576889514923096,-3.0648622512817383,-4.994335174560547,-2.921110153198242,-4.906304359436035
28,"I prefer Fepopolis to Blicketland, for I love snowy winters.",Fepopolis has snowy winters.,76_6_preference_Fepopolis_for_Blicketland_Fepopolis has snowy winters._love,Blicketland has snowy winters.,76_6_preference_Fepopolis_for_Blicketland_Blicketland has snowy winters._love,Fepopolis,Blicketland,"Given the following statement:
I prefer Fepopolis to Blicketland, for I love snowy winters.

Produce a valid conclusion: ","Given the following statement:
I prefer Fepopolis to Blicketland, for I love snowy winters.

Is it true that Fepopolis has snowy winters? Answer yes or no: ","Given the following statement:
I prefer Fepopolis to Blicketland, for I love snowy winters.

Is it true that Blicketland has snowy winters? Answer yes or no: ",-0.8184611201286316,-0.9019379615783691,-3.4289779663085938,-5.279265403747559,-3.458955764770508,-5.2863311767578125
29,"I hate snowy winters. So, I prefer Daxburgh to Fepopolis.",Daxburgh has snowy winters.,136_6_preference_Daxburgh_so_Fepopolis_Daxburgh has snowy winters._hate,Fepopolis has snowy winters.,136_6_preference_Daxburgh_so_Fepopolis_Fepopolis has snowy winters._hate,Daxburgh,Fepopolis,"Given the following statement:
I hate snowy winters. So, I prefer Daxburgh to Fepopolis.

Produce a valid conclusion: ","Given the following statement:
I hate snowy winters. So, I prefer Daxburgh to Fepopolis.

Is it true that Daxburgh has snowy winters? Answer yes or no: ","Given the following statement:
I hate snowy winters. So, I prefer Daxburgh to Fepopolis.

Is it true that Fepopolis has snowy winters? Answer yes or no: ",-1.0224308967590332,-0.9636324644088745,-3.6452245712280273,-5.257101058959961,-3.7997922897338867,-5.530389785766602
30,"I prefer feps to geks, since I love bass instruments.",feps are bass instruments.,124_4_preference_feps_since_geks_feps are bass instruments._love,geks are bass instruments.,124_4_preference_feps_since_geks_geks are bass instruments._love,feps,geks,"Given the following statement:
I prefer feps to geks, since I love bass instruments.

Produce a valid conclusion: ","Given the following statement:
I prefer feps to geks, since I love bass instruments.

Is it true that feps are bass instruments? Answer yes or no: ","Given the following statement:
I prefer feps to geks, since I love bass instruments.

Is it true that geks are bass instruments? Answer yes or no: ",-2.6533854007720947,-2.545490026473999,-4.213650703430176,-5.773750305175781,-4.138678550720215,-5.654406547546387
31,"I hate insects, even though I prefer daxes to feps.",daxes are insects.,65_5_preference_daxes_even though_feps_daxes are insects._hate,feps are insects.,65_5_preference_daxes_even though_feps_feps are insects._hate,daxes,feps,"Given the following statement:
I hate insects, even though I prefer daxes to feps.

Produce a valid conclusion: ","Given the following statement:
I hate insects, even though I prefer daxes to feps.

Is it true that daxes are insects? Answer yes or no: ","Given the following statement:
I hate insects, even though I prefer daxes to feps.

Is it true that feps are insects? Answer yes or no: ",-2.263019323348999,-3.044686794281006,-4.624408721923828,-6.587701797485352,-4.488321304321289,-6.34529972076416
32,"I prefer blickets to geks, even though I hate fuzzy creatures.",blickets are fuzzy creatures.,61_1_preference_blickets_even though_geks_blickets are fuzzy creatures._hate,geks are fuzzy creatures.,61_1_preference_blickets_even though_geks_geks are fuzzy creatures._hate,blickets,geks,"Given the following statement:
I prefer blickets to geks, even though I hate fuzzy creatures.

Produce a valid conclusion: ","Given the following statement:
I prefer blickets to geks, even though I hate fuzzy creatures.

Is it true that blickets are fuzzy creatures? Answer yes or no: ","Given the following statement:
I prefer blickets to geks, even though I hate fuzzy creatures.

Is it true that geks are fuzzy creatures? Answer yes or no: ",-0.923869788646698,-2.339339256286621,-4.017022132873535,-6.1015424728393555,-4.028328895568848,-6.081354141235352
33,"I hate coastal cities, yet I prefer Daxburgh to Fepopolis.",Daxburgh is a coastal city.,189_9_preference_Daxburgh_yet_Fepopolis_Daxburgh is a coastal city._hate,Fepopolis is a coastal city.,189_9_preference_Daxburgh_yet_Fepopolis_Fepopolis is a coastal city._hate,Daxburgh,Fepopolis,"Given the following statement:
I hate coastal cities, yet I prefer Daxburgh to Fepopolis.

Produce a valid conclusion: ","Given the following statement:
I hate coastal cities, yet I prefer Daxburgh to Fepopolis.

Is it true that Daxburgh is a coastal city? Answer yes or no: ","Given the following statement:
I hate coastal cities, yet I prefer Daxburgh to Fepopolis.

Is it true that Fepopolis is a coastal city? Answer yes or no: ",-0.6771130561828613,-0.7382504343986511,-3.9398956298828125,-5.710803031921387,-3.9669322967529297,-5.864603042602539
34,"I find daxes such as blickets, to be awful.",daxes are instances of blickets.,36_6_instantiation_daxes_such as_blickets_daxes are instances of blickets._are,blickets are instances of daxes.,36_6_instantiation_daxes_such as_blickets_blickets are instances of daxes._are,daxes,blickets,"Given the following statement:
I find daxes such as blickets, to be awful.

Produce a valid conclusion: ","Given the following statement:
I find daxes such as blickets, to be awful.

Is it true that daxes are instances of blickets? Answer yes or no: ","Given the following statement:
I find daxes such as blickets, to be awful.

Is it true that blickets are instances of daxes? Answer yes or no: ",-2.530907154083252,-2.3894848823547363,-3.0252838134765625,-5.520116806030273,-3.222956657409668,-5.740427017211914
35,"I prefer Daxburgh to Gektopia, since I hate skyscrapers.",Daxburgh has skyscrapers.,130_10_preference_Daxburgh_since_Gektopia_Daxburgh has skyscrapers._hate,Gektopia has skyscrapers.,130_10_preference_Daxburgh_since_Gektopia_Gektopia has skyscrapers._hate,Daxburgh,Gektopia,"Given the following statement:
I prefer Daxburgh to Gektopia, since I hate skyscrapers.

Produce a valid conclusion: ","Given the following statement:
I prefer Daxburgh to Gektopia, since I hate skyscrapers.

Is it true that Daxburgh has skyscrapers? Answer yes or no: ","Given the following statement:
I prefer Daxburgh to Gektopia, since I hate skyscrapers.

Is it true that Gektopia has skyscrapers? Answer yes or no: ",-0.879280686378479,-0.930203378200531,-3.2484169006347656,-5.114823341369629,-3.3295040130615234,-5.348873138427734
36,"I hate coastal cities, nevertheless, I prefer Fepopolis to Gektopia.",Fepopolis is a coastal city.,119_9_preference_Fepopolis_nevertheless_Gektopia_Fepopolis is a coastal city._hate,Gektopia is a coastal city.,119_9_preference_Fepopolis_nevertheless_Gektopia_Gektopia is a coastal city._hate,Fepopolis,Gektopia,"Given the following statement:
I hate coastal cities, nevertheless, I prefer Fepopolis to Gektopia.

Produce a valid conclusion: ","Given the following statement:
I hate coastal cities, nevertheless, I prefer Fepopolis to Gektopia.

Is it true that Fepopolis is a coastal city? Answer yes or no: ","Given the following statement:
I hate coastal cities, nevertheless, I prefer Fepopolis to Gektopia.

Is it true that Gektopia is a coastal city? Answer yes or no: ",-0.6791176199913025,-0.76670902967453,-4.4873504638671875,-6.417121887207031,-4.613497734069824,-6.4940290451049805
37,"wugfest happened. Then, daxday happened.",wugfest occured before daxday.,204_4_temporal_wugfest_then_daxday_wugfest occured before daxday._before,daxday occured before wugfest.,204_4_temporal_wugfest_then_daxday_daxday occured before wugfest._before,wugfest,daxday,"Given the following statement:
wugfest happened. Then, daxday happened.

Produce a valid conclusion: ","Given the following statement:
wugfest happened. Then, daxday happened.

Is it true that wugfest occured before daxday? Answer yes or no: ","Given the following statement:
wugfest happened. Then, daxday happened.

Is it true that daxday occured before wugfest? Answer yes or no: ",-1.6119731664657593,-1.3602221012115479,-3.281649589538574,-5.2983551025390625,-3.14267635345459,-5.131617546081543
38,daxday happened as a result of wugfest.,wugfest occured after daxday.,38_8_temporal_wugfest_as a result_daxday_wugfest occured after daxday._after,daxday occured after wugfest.,38_8_temporal_wugfest_as a result_daxday_daxday occured after wugfest._after,wugfest,daxday,"Given the following statement:
daxday happened as a result of wugfest.

Produce a valid conclusion: ","Given the following statement:
daxday happened as a result of wugfest.

Is it true that wugfest occured after daxday? Answer yes or no: ","Given the following statement:
daxday happened as a result of wugfest.

Is it true that daxday occured after wugfest? Answer yes or no: ",-1.5334036350250244,-1.3963053226470947,-2.7017393112182617,-4.466933250427246,-2.4182071685791016,-4.273355484008789
39,"I hate warm weather. So, I prefer Fepopolis to Blicketland.",Fepopolis has warm weather.,138_8_preference_Fepopolis_so_Blicketland_Fepopolis has warm weather._hate,Blicketland has warm weather.,138_8_preference_Fepopolis_so_Blicketland_Blicketland has warm weather._hate,Fepopolis,Blicketland,"Given the following statement:
I hate warm weather. So, I prefer Fepopolis to Blicketland.

Produce a valid conclusion: ","Given the following statement:
I hate warm weather. So, I prefer Fepopolis to Blicketland.

Is it true that Fepopolis has warm weather? Answer yes or no: ","Given the following statement:
I hate warm weather. So, I prefer Fepopolis to Blicketland.

Is it true that Blicketland has warm weather? Answer yes or no: ",-1.3125423192977905,-1.2246935367584229,-3.7701854705810547,-5.816186904907227,-3.8173608779907227,-5.840664863586426
40,"I love blue flowers. For instance, I prefer daxes to geks.",daxes are blue flowers.,93_3_preference_daxes_for instance_geks_daxes are blue flowers._love,geks are blue flowers.,93_3_preference_daxes_for instance_geks_geks are blue flowers._love,daxes,geks,"Given the following statement:
I love blue flowers. For instance, I prefer daxes to geks.

Produce a valid conclusion: ","Given the following statement:
I love blue flowers. For instance, I prefer daxes to geks.

Is it true that daxes are blue flowers? Answer yes or no: ","Given the following statement:
I love blue flowers. For instance, I prefer daxes to geks.

Is it true that geks are blue flowers? Answer yes or no: ",-1.6046767234802246,-2.6283812522888184,-4.634208679199219,-6.4842529296875,-4.557615280151367,-6.461603164672852
41,"I prefer wugs to geks, as I hate blue flowers.",wugs are blue flowers.,13_3_preference_wugs_as_geks_wugs are blue flowers._hate,geks are blue flowers.,13_3_preference_wugs_as_geks_geks are blue flowers._hate,wugs,geks,"Given the following statement:
I prefer wugs to geks, as I hate blue flowers.

Produce a valid conclusion: ","Given the following statement:
I prefer wugs to geks, as I hate blue flowers.

Is it true that wugs are blue flowers? Answer yes or no: ","Given the following statement:
I prefer wugs to geks, as I hate blue flowers.

Is it true that geks are blue flowers? Answer yes or no: ",-1.3275471925735474,-2.320777654647827,-4.129833221435547,-5.790070533752441,-4.101393699645996,-5.720270156860352
42,"I hate daxes, for instance, feps are awful.",daxes are instances of feps.,15_5_instantiation_daxes_for instance_feps_daxes are instances of feps._are,feps are instances of daxes.,15_5_instantiation_daxes_for instance_feps_feps are instances of daxes._are,daxes,feps,"Given the following statement:
I hate daxes, for instance, feps are awful.

Produce a valid conclusion: ","Given the following statement:
I hate daxes, for instance, feps are awful.

Is it true that daxes are instances of feps? Answer yes or no: ","Given the following statement:
I hate daxes, for instance, feps are awful.

Is it true that feps are instances of daxes? Answer yes or no: ",-2.4243428707122803,-2.928924798965454,-3.930962562561035,-5.843640327453613,-3.994961738586426,-5.851369857788086
43,"I love skyscrapers. So, I prefer Wugsville to Blicketland.",Wugsville has skyscrapers.,140_10_preference_Wugsville_so_Blicketland_Wugsville has skyscrapers._love,Blicketland has skyscrapers.,140_10_preference_Wugsville_so_Blicketland_Blicketland has skyscrapers._love,Wugsville,Blicketland,"Given the following statement:
I love skyscrapers. So, I prefer Wugsville to Blicketland.

Produce a valid conclusion: ","Given the following statement:
I love skyscrapers. So, I prefer Wugsville to Blicketland.

Is it true that Wugsville has skyscrapers? Answer yes or no: ","Given the following statement:
I love skyscrapers. So, I prefer Wugsville to Blicketland.

Is it true that Blicketland has skyscrapers? Answer yes or no: ",-0.9972329139709473,-0.9708585739135742,-3.6289243698120117,-5.375652313232422,-3.7649316787719727,-5.490496635437012
44,"I find wugs, in particular, geks to be cute.",wugs are instances of geks.,24_4_instantiation_wugs_in particular_geks_wugs are instances of geks._are,geks are instances of wugs.,24_4_instantiation_wugs_in particular_geks_geks are instances of wugs._are,wugs,geks,"Given the following statement:
I find wugs, in particular, geks to be cute.

Produce a valid conclusion: ","Given the following statement:
I find wugs, in particular, geks to be cute.

Is it true that wugs are instances of geks? Answer yes or no: ","Given the following statement:
I find wugs, in particular, geks to be cute.

Is it true that geks are instances of wugs? Answer yes or no: ",-2.7336974143981934,-3.280928611755371,-3.3121538162231445,-5.6699371337890625,-3.390336036682129,-5.731019020080566
45,"I hate warm weather. For instance, I prefer Wugsville to Fepopolis.",Wugsville has warm weather.,98_8_preference_Wugsville_for instance_Fepopolis_Wugsville has warm weather._hate,Fepopolis has warm weather.,98_8_preference_Wugsville_for instance_Fepopolis_Fepopolis has warm weather._hate,Wugsville,Fepopolis,"Given the following statement:
I hate warm weather. For instance, I prefer Wugsville to Fepopolis.

Produce a valid conclusion: ","Given the following statement:
I hate warm weather. For instance, I prefer Wugsville to Fepopolis.

Is it true that Wugsville has warm weather? Answer yes or no: ","Given the following statement:
I hate warm weather. For instance, I prefer Wugsville to Fepopolis.

Is it true that Fepopolis has warm weather? Answer yes or no: ",-1.5629417896270752,-1.3317630290985107,-3.348729133605957,-5.398370742797852,-3.528249740600586,-5.577732086181641
46,"daxday happened. Previously, gekxtravaganza happened.",daxday occured after gekxtravaganza.,166_6_temporal_daxday_previously_gekxtravaganza_daxday occured after gekxtravaganza._after,gekxtravaganza occured after daxday.,166_6_temporal_daxday_previously_gekxtravaganza_gekxtravaganza occured after daxday._after,daxday,gekxtravaganza,"Given the following statement:
daxday happened. Previously, gekxtravaganza happened.

Produce a valid conclusion: ","Given the following statement:
daxday happened. Previously, gekxtravaganza happened.

Is it true that daxday occured after gekxtravaganza? Answer yes or no: ","Given the following statement:
daxday happened. Previously, gekxtravaganza happened.

Is it true that gekxtravaganza occured after daxday? Answer yes or no: ",-1.0697133541107178,-1.117169976234436,-2.4251041412353516,-4.4539337158203125,-2.4155778884887695,-4.546734809875488
47,"I prefer Wugsville to Fepopolis, as I love skyscrapers.",Wugsville has skyscrapers.,20_10_preference_Wugsville_as_Fepopolis_Wugsville has skyscrapers._love,Fepopolis has skyscrapers.,20_10_preference_Wugsville_as_Fepopolis_Fepopolis has skyscrapers._love,Wugsville,Fepopolis,"Given the following statement:
I prefer Wugsville to Fepopolis, as I love skyscrapers.

Produce a valid conclusion: ","Given the following statement:
I prefer Wugsville to Fepopolis, as I love skyscrapers.

Is it true that Wugsville has skyscrapers? Answer yes or no: ","Given the following statement:
I prefer Wugsville to Fepopolis, as I love skyscrapers.

Is it true that Fepopolis has skyscrapers? Answer yes or no: ",-0.9450066685676575,-0.9437475204467773,-3.302554130554199,-5.04081916809082,-3.563579559326172,-5.373930931091309
48,"I prefer Wugsville to Daxburgh, but I hate living near mountains.",Wugsville has mountains.,57_7_preference_Wugsville_but_Daxburgh_Wugsville has mountains._hate,Daxburgh has mountains.,57_7_preference_Wugsville_but_Daxburgh_Daxburgh has mountains._hate,Wugsville,Daxburgh,"Given the following statement:
I prefer Wugsville to Daxburgh, but I hate living near mountains.

Produce a valid conclusion: ","Given the following statement:
I prefer Wugsville to Daxburgh, but I hate living near mountains.

Is it true that Wugsville has mountains? Answer yes or no: ","Given the following statement:
I prefer Wugsville to Daxburgh, but I hate living near mountains.

Is it true that Daxburgh has mountains? Answer yes or no: ",-1.5251268148422241,-1.61848783493042,-3.3744211196899414,-5.172952651977539,-3.5426578521728516,-5.398682594299316
49,"fepfestival happened. Then, blicketbash happened.",fepfestival occured before blicketbash.,205_5_temporal_fepfestival_then_blicketbash_fepfestival occured before blicketbash._before,blicketbash occured before fepfestival.,205_5_temporal_fepfestival_then_blicketbash_blicketbash occured before fepfestival._before,fepfestival,blicketbash,"Given the following statement:
fepfestival happened. Then, blicketbash happened.

Produce a valid conclusion: ","Given the following statement:
fepfestival happened. Then, blicketbash happened.

Is it true that fepfestival occured before blicketbash? Answer yes or no: ","Given the following statement:
fepfestival happened. Then, blicketbash happened.

Is it true that blicketbash occured before fepfestival? Answer yes or no: ",-1.4976515769958496,-1.7932825088500977,-3.0295028686523438,-5.520672798156738,-2.95523738861084,-5.297115325927734
50,"I hate insects. So, I prefer wugs to daxes.",wugs are insects.,135_5_preference_wugs_so_daxes_wugs are insects._hate,daxes are insects.,135_5_preference_wugs_so_daxes_daxes are insects._hate,wugs,daxes,"Given the following statement:
I hate insects. So, I prefer wugs to daxes.

Produce a valid conclusion: ","Given the following statement:
I hate insects. So, I prefer wugs to daxes.

Is it true that wugs are insects? Answer yes or no: ","Given the following statement:
I hate insects. So, I prefer wugs to daxes.

Is it true that daxes are insects? Answer yes or no: ",-1.7556746006011963,-1.8563867807388306,-4.7530927658081055,-6.658202171325684,-4.827663421630859,-6.764190673828125
51,"fepfestival happened. Consequently, blicketbash happened.",fepfestival occured after blicketbash.,68_8_temporal_fepfestival_consequently_blicketbash_fepfestival occured after blicketbash._after,blicketbash occured after fepfestival.,68_8_temporal_fepfestival_consequently_blicketbash_blicketbash occured after fepfestival._after,fepfestival,blicketbash,"Given the following statement:
fepfestival happened. Consequently, blicketbash happened.

Produce a valid conclusion: ","Given the following statement:
fepfestival happened. Consequently, blicketbash happened.

Is it true that fepfestival occured after blicketbash? Answer yes or no: ","Given the following statement:
fepfestival happened. Consequently, blicketbash happened.

Is it true that blicketbash occured after fepfestival? Answer yes or no: ",-1.668927788734436,-1.8006473779678345,-3.3424062728881836,-5.613584518432617,-3.1995182037353516,-5.468939781188965
52,"After gekxtravaganza, fepfestival happened.",fepfestival occured after gekxtravaganza.,10_10_temporal_fepfestival_after_gekxtravaganza_fepfestival occured after gekxtravaganza._after,gekxtravaganza occured after fepfestival.,10_10_temporal_fepfestival_after_gekxtravaganza_gekxtravaganza occured after fepfestival._after,fepfestival,gekxtravaganza,"Given the following statement:
After gekxtravaganza, fepfestival happened.

Produce a valid conclusion: ","Given the following statement:
After gekxtravaganza, fepfestival happened.

Is it true that fepfestival occured after gekxtravaganza? Answer yes or no: ","Given the following statement:
After gekxtravaganza, fepfestival happened.

Is it true that gekxtravaganza occured after fepfestival? Answer yes or no: ",-1.1022721529006958,-1.0089462995529175,-2.9303674697875977,-5.2267303466796875,-3.1217222213745117,-5.282949447631836
53,"I hate insects, but I prefer daxes to geks.",daxes are insects.,55_5_preference_daxes_but_geks_daxes are insects._hate,geks are insects.,55_5_preference_daxes_but_geks_geks are insects._hate,daxes,geks,"Given the following statement:
I hate insects, but I prefer daxes to geks.

Produce a valid conclusion: ","Given the following statement:
I hate insects, but I prefer daxes to geks.

Is it true that daxes are insects? Answer yes or no: ","Given the following statement:
I hate insects, but I prefer daxes to geks.

Is it true that geks are insects? Answer yes or no: ",-1.9591518640518188,-2.9571685791015625,-4.612082481384277,-6.580705642700195,-4.485718727111816,-6.321446418762207
54,"I find blickets such as geks, to be cute.",blickets are instances of geks.,40_10_instantiation_blickets_such as_geks_blickets are instances of geks._are,geks are instances of blickets.,40_10_instantiation_blickets_such as_geks_geks are instances of blickets._are,blickets,geks,"Given the following statement:
I find blickets such as geks, to be cute.

Produce a valid conclusion: ","Given the following statement:
I find blickets such as geks, to be cute.

Is it true that blickets are instances of geks? Answer yes or no: ","Given the following statement:
I find blickets such as geks, to be cute.

Is it true that geks are instances of blickets? Answer yes or no: ",-2.154250144958496,-3.043555736541748,-3.2099475860595703,-5.877262115478516,-3.458782196044922,-6.008608818054199
55,"I find daxes, in particular, blickets to be cute.",daxes are instances of blickets.,26_6_instantiation_daxes_in particular_blickets_daxes are instances of blickets._are,blickets are instances of daxes.,26_6_instantiation_daxes_in particular_blickets_blickets are instances of daxes._are,daxes,blickets,"Given the following statement:
I find daxes, in particular, blickets to be cute.

Produce a valid conclusion: ","Given the following statement:
I find daxes, in particular, blickets to be cute.

Is it true that daxes are instances of blickets? Answer yes or no: ","Given the following statement:
I find daxes, in particular, blickets to be cute.

Is it true that blickets are instances of daxes? Answer yes or no: ",-2.2640693187713623,-2.1678543090820312,-2.9555540084838867,-5.603941917419434,-2.9618606567382812,-5.6825056076049805
56,"I prefer daxes to blickets, though I love bass instruments.",daxes are bass instruments.,154_4_preference_daxes_though_blickets_daxes are bass instruments._love,blickets are bass instruments.,154_4_preference_daxes_though_blickets_blickets are bass instruments._love,daxes,blickets,"Given the following statement:
I prefer daxes to blickets, though I love bass instruments.

Produce a valid conclusion: ","Given the following statement:
I prefer daxes to blickets, though I love bass instruments.

Is it true that daxes are bass instruments? Answer yes or no: ","Given the following statement:
I prefer daxes to blickets, though I love bass instruments.

Is it true that blickets are bass instruments? Answer yes or no: ",-1.8254069089889526,-1.8167802095413208,-4.0847625732421875,-5.711000442504883,-3.9904184341430664,-5.777737617492676
57,"I love fuzzy creatures. As a result, I prefer wugs to feps.",wugs are fuzzy creatures.,21_1_preference_wugs_as a result_feps_wugs are fuzzy creatures._love,feps are fuzzy creatures.,21_1_preference_wugs_as a result_feps_feps are fuzzy creatures._love,wugs,feps,"Given the following statement:
I love fuzzy creatures. As a result, I prefer wugs to feps.

Produce a valid conclusion: ","Given the following statement:
I love fuzzy creatures. As a result, I prefer wugs to feps.

Is it true that wugs are fuzzy creatures? Answer yes or no: ","Given the following statement:
I love fuzzy creatures. As a result, I prefer wugs to feps.

Is it true that feps are fuzzy creatures? Answer yes or no: ",-1.196118712425232,-2.354055881500244,-4.592070579528809,-6.343951225280762,-4.567843437194824,-6.380967140197754
58,"As much as I love fuzzy creatures, I prefer daxes to geks.",daxes are fuzzy creatures.,31_1_preference_daxes_as much as_geks_daxes are fuzzy creatures._love,geks are fuzzy creatures.,31_1_preference_daxes_as much as_geks_geks are fuzzy creatures._love,daxes,geks,"Given the following statement:
As much as I love fuzzy creatures, I prefer daxes to geks.

Produce a valid conclusion: ","Given the following statement:
As much as I love fuzzy creatures, I prefer daxes to geks.

Is it true that daxes are fuzzy creatures? Answer yes or no: ","Given the following statement:
As much as I love fuzzy creatures, I prefer daxes to geks.

Is it true that geks are fuzzy creatures? Answer yes or no: ",-1.3930999040603638,-2.0756354331970215,-4.459662437438965,-6.353026390075684,-4.394369125366211,-6.197477340698242
59,"I prefer Wugsville to Fepopolis, however, I hate skyscrapers.",Wugsville has skyscrapers.,110_10_preference_Wugsville_however_Fepopolis_Wugsville has skyscrapers._hate,Fepopolis has skyscrapers.,110_10_preference_Wugsville_however_Fepopolis_Fepopolis has skyscrapers._hate,Wugsville,Fepopolis,"Given the following statement:
I prefer Wugsville to Fepopolis, however, I hate skyscrapers.

Produce a valid conclusion: ","Given the following statement:
I prefer Wugsville to Fepopolis, however, I hate skyscrapers.

Is it true that Wugsville has skyscrapers? Answer yes or no: ","Given the following statement:
I prefer Wugsville to Fepopolis, however, I hate skyscrapers.

Is it true that Fepopolis has skyscrapers? Answer yes or no: ",-0.9818803668022156,-0.9354286193847656,-3.5227489471435547,-5.345490455627441,-3.7351255416870117,-5.724884033203125
60,"I prefer wugs to feps, however, I hate bass instruments.",wugs are bass instruments.,104_4_preference_wugs_however_feps_wugs are bass instruments._hate,feps are bass instruments.,104_4_preference_wugs_however_feps_feps are bass instruments._hate,wugs,feps,"Given the following statement:
I prefer wugs to feps, however, I hate bass instruments.

Produce a valid conclusion: ","Given the following statement:
I prefer wugs to feps, however, I hate bass instruments.

Is it true that wugs are bass instruments? Answer yes or no: ","Given the following statement:
I prefer wugs to feps, however, I hate bass instruments.

Is it true that feps are bass instruments? Answer yes or no: ",-1.673801064491272,-2.919726610183716,-4.159659385681152,-5.628498077392578,-4.208155632019043,-5.6852521896362305
61,"wugfest happened. Consequently, fepfestival happened.",wugfest occured before fepfestival.,64_4_temporal_wugfest_consequently_fepfestival_wugfest occured before fepfestival._before,fepfestival occured before wugfest.,64_4_temporal_wugfest_consequently_fepfestival_fepfestival occured before wugfest._before,wugfest,fepfestival,"Given the following statement:
wugfest happened. Consequently, fepfestival happened.

Produce a valid conclusion: ","Given the following statement:
wugfest happened. Consequently, fepfestival happened.

Is it true that wugfest occured before fepfestival? Answer yes or no: ","Given the following statement:
wugfest happened. Consequently, fepfestival happened.

Is it true that fepfestival occured before wugfest? Answer yes or no: ",-1.8640731573104858,-2.083463191986084,-3.3501949310302734,-5.469261169433594,-3.072953224182129,-5.367436408996582
62,"I hate living near mountains, yet I prefer Fepopolis to Gektopia.",Fepopolis has mountains.,187_7_preference_Fepopolis_yet_Gektopia_Fepopolis has mountains._hate,Gektopia has mountains.,187_7_preference_Fepopolis_yet_Gektopia_Gektopia has mountains._hate,Fepopolis,Gektopia,"Given the following statement:
I hate living near mountains, yet I prefer Fepopolis to Gektopia.

Produce a valid conclusion: ","Given the following statement:
I hate living near mountains, yet I prefer Fepopolis to Gektopia.

Is it true that Fepopolis has mountains? Answer yes or no: ","Given the following statement:
I hate living near mountains, yet I prefer Fepopolis to Gektopia.

Is it true that Gektopia has mountains? Answer yes or no: ",-1.4518331289291382,-1.545933485031128,-3.7700319290161133,-5.712658882141113,-3.9166669845581055,-5.709383964538574
63,"I hate feps, for example, geks are awful.",feps are instances of geks.,9_9_instantiation_feps_for example_geks_feps are instances of geks._are,geks are instances of feps.,9_9_instantiation_feps_for example_geks_geks are instances of feps._are,feps,geks,"Given the following statement:
I hate feps, for example, geks are awful.

Produce a valid conclusion: ","Given the following statement:
I hate feps, for example, geks are awful.

Is it true that feps are instances of geks? Answer yes or no: ","Given the following statement:
I hate feps, for example, geks are awful.

Is it true that geks are instances of feps? Answer yes or no: ",-2.9578895568847656,-2.9451496601104736,-3.9384517669677734,-5.999680519104004,-3.789595603942871,-6.004687309265137
64,"I find wugs such as geks, to be cute.",wugs are instances of geks.,34_4_instantiation_wugs_such as_geks_wugs are instances of geks._are,geks are instances of wugs.,34_4_instantiation_wugs_such as_geks_geks are instances of wugs._are,wugs,geks,"Given the following statement:
I find wugs such as geks, to be cute.

Produce a valid conclusion: ","Given the following statement:
I find wugs such as geks, to be cute.

Is it true that wugs are instances of geks? Answer yes or no: ","Given the following statement:
I find wugs such as geks, to be cute.

Is it true that geks are instances of wugs? Answer yes or no: ",-2.8731396198272705,-3.2592716217041016,-3.2000722885131836,-5.54487419128418,-3.383833885192871,-5.782303810119629
65,"I love snowy winters, but I prefer Daxburgh to Blicketland.",Daxburgh has snowy winters.,56_6_preference_Daxburgh_but_Blicketland_Daxburgh has snowy winters._love,Blicketland has snowy winters.,56_6_preference_Daxburgh_but_Blicketland_Blicketland has snowy winters._love,Daxburgh,Blicketland,"Given the following statement:
I love snowy winters, but I prefer Daxburgh to Blicketland.

Produce a valid conclusion: ","Given the following statement:
I love snowy winters, but I prefer Daxburgh to Blicketland.

Is it true that Daxburgh has snowy winters? Answer yes or no: ","Given the following statement:
I love snowy winters, but I prefer Daxburgh to Blicketland.

Is it true that Blicketland has snowy winters? Answer yes or no: ",-1.0538780689239502,-0.9415030479431152,-3.380007743835449,-4.927294731140137,-3.3958940505981445,-4.968253135681152
66,"Though I love fuzzy creatures, I prefer wugs to feps.",wugs are fuzzy creatures.,151_1_preference_wugs_though_feps_wugs are fuzzy creatures._love,feps are fuzzy creatures.,151_1_preference_wugs_though_feps_feps are fuzzy creatures._love,wugs,feps,"Given the following statement:
Though I love fuzzy creatures, I prefer wugs to feps.

Produce a valid conclusion: ","Given the following statement:
Though I love fuzzy creatures, I prefer wugs to feps.

Is it true that wugs are fuzzy creatures? Answer yes or no: ","Given the following statement:
Though I love fuzzy creatures, I prefer wugs to feps.

Is it true that feps are fuzzy creatures? Answer yes or no: ",-1.415940761566162,-2.4887032508850098,-4.435839653015137,-6.073945999145508,-4.372957229614258,-6.029236793518066
67,"I love skyscrapers. Therefore, I prefer Daxburgh to Gektopia.",Daxburgh has skyscrapers.,150_10_preference_Daxburgh_therefore_Gektopia_Daxburgh has skyscrapers._love,Gektopia has skyscrapers.,150_10_preference_Daxburgh_therefore_Gektopia_Gektopia has skyscrapers._love,Daxburgh,Gektopia,"Given the following statement:
I love skyscrapers. Therefore, I prefer Daxburgh to Gektopia.

Produce a valid conclusion: ","Given the following statement:
I love skyscrapers. Therefore, I prefer Daxburgh to Gektopia.

Is it true that Daxburgh has skyscrapers? Answer yes or no: ","Given the following statement:
I love skyscrapers. Therefore, I prefer Daxburgh to Gektopia.

Is it true that Gektopia has skyscrapers? Answer yes or no: ",-1.0675609111785889,-1.1805548667907715,-3.7961387634277344,-5.57041072845459,-3.924563407897949,-5.6454668045043945
68,"daxday happened. As a result, fepfestival happened.",daxday occured after fepfestival.,39_9_temporal_daxday_as a result_fepfestival_daxday occured after fepfestival._after,fepfestival occured after daxday.,39_9_temporal_daxday_as a result_fepfestival_fepfestival occured after daxday._after,daxday,fepfestival,"Given the following statement:
daxday happened. As a result, fepfestival happened.

Produce a valid conclusion: ","Given the following statement:
daxday happened. As a result, fepfestival happened.

Is it true that daxday occured after fepfestival? Answer yes or no: ","Given the following statement:
daxday happened. As a result, fepfestival happened.

Is it true that fepfestival occured after daxday? Answer yes or no: ",-1.5152111053466797,-1.7841001749038696,-2.139275550842285,-4.375775337219238,-2.1638870239257812,-4.485095024108887
69,"While I prefer Fepopolis to Blicketland, I hate warm weather.",Fepopolis has warm weather.,178_8_preference_Fepopolis_while_Blicketland_Fepopolis has warm weather._hate,Blicketland has warm weather.,178_8_preference_Fepopolis_while_Blicketland_Blicketland has warm weather._hate,Fepopolis,Blicketland,"Given the following statement:
While I prefer Fepopolis to Blicketland, I hate warm weather.

Produce a valid conclusion: ","Given the following statement:
While I prefer Fepopolis to Blicketland, I hate warm weather.

Is it true that Fepopolis has warm weather? Answer yes or no: ","Given the following statement:
While I prefer Fepopolis to Blicketland, I hate warm weather.

Is it true that Blicketland has warm weather? Answer yes or no: ",-0.9853582382202148,-1.0659594535827637,-3.652960777282715,-5.724188804626465,-3.620347023010254,-5.782493591308594
70,"I hate coastal cities. For example, I prefer Fepopolis to Gektopia.",Fepopolis is a coastal city.,89_9_preference_Fepopolis_for example_Gektopia_Fepopolis is a coastal city._hate,Gektopia is a coastal city.,89_9_preference_Fepopolis_for example_Gektopia_Gektopia is a coastal city._hate,Fepopolis,Gektopia,"Given the following statement:
I hate coastal cities. For example, I prefer Fepopolis to Gektopia.

Produce a valid conclusion: ","Given the following statement:
I hate coastal cities. For example, I prefer Fepopolis to Gektopia.

Is it true that Fepopolis is a coastal city? Answer yes or no: ","Given the following statement:
I hate coastal cities. For example, I prefer Fepopolis to Gektopia.

Is it true that Gektopia is a coastal city? Answer yes or no: ",-0.6097090244293213,-0.6708062291145325,-3.9920530319213867,-6.015606880187988,-4.116495132446289,-6.090424537658691
71,"I hate blue flowers. For example, I prefer blickets to geks.",blickets are blue flowers.,83_3_preference_blickets_for example_geks_blickets are blue flowers._hate,geks are blue flowers.,83_3_preference_blickets_for example_geks_geks are blue flowers._hate,blickets,geks,"Given the following statement:
I hate blue flowers. For example, I prefer blickets to geks.

Produce a valid conclusion: ","Given the following statement:
I hate blue flowers. For example, I prefer blickets to geks.

Is it true that blickets are blue flowers? Answer yes or no: ","Given the following statement:
I hate blue flowers. For example, I prefer blickets to geks.

Is it true that geks are blue flowers? Answer yes or no: ",-1.3547213077545166,-2.5415046215057373,-4.440073013305664,-6.368124961853027,-4.431554794311523,-6.44663143157959
72,daxday happened before fepfestival.,daxday occured after fepfestival.,59_9_temporal_daxday_before_fepfestival_daxday occured after fepfestival._after,fepfestival occured after daxday.,59_9_temporal_daxday_before_fepfestival_fepfestival occured after daxday._after,daxday,fepfestival,"Given the following statement:
daxday happened before fepfestival.

Produce a valid conclusion: ","Given the following statement:
daxday happened before fepfestival.

Is it true that daxday occured after fepfestival? Answer yes or no: ","Given the following statement:
daxday happened before fepfestival.

Is it true that fepfestival occured after daxday? Answer yes or no: ",-0.9487006664276123,-1.479552984237671,-2.4245758056640625,-4.537383079528809,-2.335759162902832,-4.468982696533203
73,"I find daxes, in particular, feps to be cute.",daxes are instances of feps.,25_5_instantiation_daxes_in particular_feps_daxes are instances of feps._are,feps are instances of daxes.,25_5_instantiation_daxes_in particular_feps_feps are instances of daxes._are,daxes,feps,"Given the following statement:
I find daxes, in particular, feps to be cute.

Produce a valid conclusion: ","Given the following statement:
I find daxes, in particular, feps to be cute.

Is it true that daxes are instances of feps? Answer yes or no: ","Given the following statement:
I find daxes, in particular, feps to be cute.

Is it true that feps are instances of daxes? Answer yes or no: ",-2.4813458919525146,-3.3398568630218506,-3.0314693450927734,-5.41790771484375,-3.133652687072754,-5.465728759765625
74,"I hate living near mountains. As a result, I prefer Fepopolis to Gektopia.",Fepopolis has mountains.,27_7_preference_Fepopolis_as a result_Gektopia_Fepopolis has mountains._hate,Gektopia has mountains.,27_7_preference_Fepopolis_as a result_Gektopia_Gektopia has mountains._hate,Fepopolis,Gektopia,"Given the following statement:
I hate living near mountains. As a result, I prefer Fepopolis to Gektopia.

Produce a valid conclusion: ","Given the following statement:
I hate living near mountains. As a result, I prefer Fepopolis to Gektopia.

Is it true that Fepopolis has mountains? Answer yes or no: ","Given the following statement:
I hate living near mountains. As a result, I prefer Fepopolis to Gektopia.

Is it true that Gektopia has mountains? Answer yes or no: ",-1.5428082942962646,-1.4516934156417847,-3.980046272277832,-5.908669471740723,-4.128931999206543,-5.937396049499512
75,"I prefer Wugsville to Fepopolis, for I hate warm weather.",Wugsville has warm weather.,78_8_preference_Wugsville_for_Fepopolis_Wugsville has warm weather._hate,Fepopolis has warm weather.,78_8_preference_Wugsville_for_Fepopolis_Fepopolis has warm weather._hate,Wugsville,Fepopolis,"Given the following statement:
I prefer Wugsville to Fepopolis, for I hate warm weather.

Produce a valid conclusion: ","Given the following statement:
I prefer Wugsville to Fepopolis, for I hate warm weather.

Is it true that Wugsville has warm weather? Answer yes or no: ","Given the following statement:
I prefer Wugsville to Fepopolis, for I hate warm weather.

Is it true that Fepopolis has warm weather? Answer yes or no: ",-1.358912706375122,-1.164798378944397,-3.3461732864379883,-5.257628440856934,-3.5415802001953125,-5.447633743286133
76,"I hate daxes, for instance, geks are awful.",daxes are instances of geks.,17_7_instantiation_daxes_for instance_geks_daxes are instances of geks._are,geks are instances of daxes.,17_7_instantiation_daxes_for instance_geks_geks are instances of daxes._are,daxes,geks,"Given the following statement:
I hate daxes, for instance, geks are awful.

Produce a valid conclusion: ","Given the following statement:
I hate daxes, for instance, geks are awful.

Is it true that daxes are instances of geks? Answer yes or no: ","Given the following statement:
I hate daxes, for instance, geks are awful.

Is it true that geks are instances of daxes? Answer yes or no: ",-2.5190067291259766,-3.046360969543457,-3.948328971862793,-6.056729316711426,-4.0236711502075195,-6.092342376708984
77,"I hate skyscrapers. As a result, I prefer Blicketland to Gektopia.",Blicketland has skyscrapers.,30_10_preference_Blicketland_as a result_Gektopia_Blicketland has skyscrapers._hate,Gektopia has skyscrapers.,30_10_preference_Blicketland_as a result_Gektopia_Gektopia has skyscrapers._hate,Blicketland,Gektopia,"Given the following statement:
I hate skyscrapers. As a result, I prefer Blicketland to Gektopia.

Produce a valid conclusion: ","Given the following statement:
I hate skyscrapers. As a result, I prefer Blicketland to Gektopia.

Is it true that Blicketland has skyscrapers? Answer yes or no: ","Given the following statement:
I hate skyscrapers. As a result, I prefer Blicketland to Gektopia.

Is it true that Gektopia has skyscrapers? Answer yes or no: ",-0.9701846837997437,-0.9672216773033142,-4.179143905639648,-6.03706169128418,-4.392716407775879,-6.224491119384766
78,"I love fuzzy creatures. So, I prefer wugs to blickets.",wugs are fuzzy creatures.,131_1_preference_wugs_so_blickets_wugs are fuzzy creatures._love,blickets are fuzzy creatures.,131_1_preference_wugs_so_blickets_blickets are fuzzy creatures._love,wugs,blickets,"Given the following statement:
I love fuzzy creatures. So, I prefer wugs to blickets.

Produce a valid conclusion: ","Given the following statement:
I love fuzzy creatures. So, I prefer wugs to blickets.

Is it true that wugs are fuzzy creatures? Answer yes or no: ","Given the following statement:
I love fuzzy creatures. So, I prefer wugs to blickets.

Is it true that blickets are fuzzy creatures? Answer yes or no: ",-1.1053739786148071,-0.9817653298377991,-4.620673179626465,-6.485620498657227,-4.5052337646484375,-6.468652725219727
79,"wugfest happened. Hence, fepfestival happened.",wugfest occured after fepfestival.,126_6_temporal_wugfest_hence_fepfestival_wugfest occured after fepfestival._after,fepfestival occured after wugfest.,126_6_temporal_wugfest_hence_fepfestival_fepfestival occured after wugfest._after,wugfest,fepfestival,"Given the following statement:
wugfest happened. Hence, fepfestival happened.

Produce a valid conclusion: ","Given the following statement:
wugfest happened. Hence, fepfestival happened.

Is it true that wugfest occured after fepfestival? Answer yes or no: ","Given the following statement:
wugfest happened. Hence, fepfestival happened.

Is it true that fepfestival occured after wugfest? Answer yes or no: ",-1.7710076570510864,-1.951250433921814,-3.5611562728881836,-5.6042890548706055,-3.192638397216797,-5.455554962158203
80,"daxday happened. Hence, gekxtravaganza happened.",daxday occured after gekxtravaganza.,121_1_temporal_daxday_hence_gekxtravaganza_daxday occured after gekxtravaganza._after,gekxtravaganza occured after daxday.,121_1_temporal_daxday_hence_gekxtravaganza_gekxtravaganza occured after daxday._after,daxday,gekxtravaganza,"Given the following statement:
daxday happened. Hence, gekxtravaganza happened.

Produce a valid conclusion: ","Given the following statement:
daxday happened. Hence, gekxtravaganza happened.

Is it true that daxday occured after gekxtravaganza? Answer yes or no: ","Given the following statement:
daxday happened. Hence, gekxtravaganza happened.

Is it true that gekxtravaganza occured after daxday? Answer yes or no: ",-1.3211029767990112,-1.2898972034454346,-3.164033889770508,-5.163822174072266,-3.0545129776000977,-5.1845855712890625
81,"Though I prefer Fepopolis to Blicketland, I love skyscrapers.",Fepopolis has skyscrapers.,160_10_preference_Fepopolis_though_Blicketland_Fepopolis has skyscrapers._love,Blicketland has skyscrapers.,160_10_preference_Fepopolis_though_Blicketland_Blicketland has skyscrapers._love,Fepopolis,Blicketland,"Given the following statement:
Though I prefer Fepopolis to Blicketland, I love skyscrapers.

Produce a valid conclusion: ","Given the following statement:
Though I prefer Fepopolis to Blicketland, I love skyscrapers.

Is it true that Fepopolis has skyscrapers? Answer yes or no: ","Given the following statement:
Though I prefer Fepopolis to Blicketland, I love skyscrapers.

Is it true that Blicketland has skyscrapers? Answer yes or no: ",-0.8670817017555237,-0.9670989513397217,-4.150148391723633,-5.713171005249023,-4.182916641235352,-5.731541633605957
82,"I hate blickets, for example, geks are awful.",blickets are instances of geks.,10_10_instantiation_blickets_for example_geks_blickets are instances of geks._are,geks are instances of blickets.,10_10_instantiation_blickets_for example_geks_geks are instances of blickets._are,blickets,geks,"Given the following statement:
I hate blickets, for example, geks are awful.

Produce a valid conclusion: ","Given the following statement:
I hate blickets, for example, geks are awful.

Is it true that blickets are instances of geks? Answer yes or no: ","Given the following statement:
I hate blickets, for example, geks are awful.

Is it true that geks are instances of blickets? Answer yes or no: ",-2.0895442962646484,-2.6204423904418945,-3.7177839279174805,-6.23969841003418,-3.7707271575927734,-6.119457244873047
83,"I hate snowy winters, though I prefer Daxburgh to Fepopolis.",Daxburgh has snowy winters.,156_6_preference_Daxburgh_though_Fepopolis_Daxburgh has snowy winters._hate,Fepopolis has snowy winters.,156_6_preference_Daxburgh_though_Fepopolis_Fepopolis has snowy winters._hate,Daxburgh,Fepopolis,"Given the following statement:
I hate snowy winters, though I prefer Daxburgh to Fepopolis.

Produce a valid conclusion: ","Given the following statement:
I hate snowy winters, though I prefer Daxburgh to Fepopolis.

Is it true that Daxburgh has snowy winters? Answer yes or no: ","Given the following statement:
I hate snowy winters, though I prefer Daxburgh to Fepopolis.

Is it true that Fepopolis has snowy winters? Answer yes or no: ",-1.0586291551589966,-0.9945788383483887,-3.455683708190918,-5.060900688171387,-3.5666332244873047,-5.254580497741699
84,"Even though I love living near mountains, I prefer Wugsville to Gektopia.",Wugsville has mountains.,67_7_preference_Wugsville_even though_Gektopia_Wugsville has mountains._love,Gektopia has mountains.,67_7_preference_Wugsville_even though_Gektopia_Gektopia has mountains._love,Wugsville,Gektopia,"Given the following statement:
Even though I love living near mountains, I prefer Wugsville to Gektopia.

Produce a valid conclusion: ","Given the following statement:
Even though I love living near mountains, I prefer Wugsville to Gektopia.

Is it true that Wugsville has mountains? Answer yes or no: ","Given the following statement:
Even though I love living near mountains, I prefer Wugsville to Gektopia.

Is it true that Gektopia has mountains? Answer yes or no: ",-1.67158043384552,-1.383724331855774,-3.3941707611083984,-5.136059761047363,-3.602301597595215,-5.158805847167969
85,"I love mammals. For example, I prefer daxes to blickets.",daxes are mammals.,82_2_preference_daxes_for example_blickets_daxes are mammals._love,blickets are mammals.,82_2_preference_daxes_for example_blickets_blickets are mammals._love,daxes,blickets,"Given the following statement:
I love mammals. For example, I prefer daxes to blickets.

Produce a valid conclusion: ","Given the following statement:
I love mammals. For example, I prefer daxes to blickets.

Is it true that daxes are mammals? Answer yes or no: ","Given the following statement:
I love mammals. For example, I prefer daxes to blickets.

Is it true that blickets are mammals? Answer yes or no: ",-1.443455696105957,-1.172150731086731,-4.505313873291016,-6.764383316040039,-4.5022430419921875,-6.671152114868164
86,"I hate daxes, for instance, blickets are awful.",daxes are instances of blickets.,16_6_instantiation_daxes_for instance_blickets_daxes are instances of blickets._are,blickets are instances of daxes.,16_6_instantiation_daxes_for instance_blickets_blickets are instances of daxes._are,daxes,blickets,"Given the following statement:
I hate daxes, for instance, blickets are awful.

Produce a valid conclusion: ","Given the following statement:
I hate daxes, for instance, blickets are awful.

Is it true that daxes are instances of blickets? Answer yes or no: ","Given the following statement:
I hate daxes, for instance, blickets are awful.

Is it true that blickets are instances of daxes? Answer yes or no: ",-2.2174575328826904,-2.1798105239868164,-3.97744083404541,-6.01322078704834,-4.010616302490234,-6.204610824584961
87,"I prefer Daxburgh to Gektopia, but I love skyscrapers.",Daxburgh has skyscrapers.,60_10_preference_Daxburgh_but_Gektopia_Daxburgh has skyscrapers._love,Gektopia has skyscrapers.,60_10_preference_Daxburgh_but_Gektopia_Gektopia has skyscrapers._love,Daxburgh,Gektopia,"Given the following statement:
I prefer Daxburgh to Gektopia, but I love skyscrapers.

Produce a valid conclusion: ","Given the following statement:
I prefer Daxburgh to Gektopia, but I love skyscrapers.

Is it true that Daxburgh has skyscrapers? Answer yes or no: ","Given the following statement:
I prefer Daxburgh to Gektopia, but I love skyscrapers.

Is it true that Gektopia has skyscrapers? Answer yes or no: ",-0.8688654899597168,-0.979093611240387,-3.327005386352539,-4.894810676574707,-3.4151649475097656,-5.100742340087891
88,"I find wugs, in particular, blickets to be awful.",wugs are instances of blickets.,23_3_instantiation_wugs_in particular_blickets_wugs are instances of blickets._are,blickets are instances of wugs.,23_3_instantiation_wugs_in particular_blickets_blickets are instances of wugs._are,wugs,blickets,"Given the following statement:
I find wugs, in particular, blickets to be awful.

Produce a valid conclusion: ","Given the following statement:
I find wugs, in particular, blickets to be awful.

Is it true that wugs are instances of blickets? Answer yes or no: ","Given the following statement:
I find wugs, in particular, blickets to be awful.

Is it true that blickets are instances of wugs? Answer yes or no: ",-2.334218978881836,-2.047302722930908,-3.105009078979492,-5.600961685180664,-3.0533618927001953,-5.5655622482299805
89,"I prefer Daxburgh to Gektopia, for I love coastal cities.",Daxburgh is a coastal city.,79_9_preference_Daxburgh_for_Gektopia_Daxburgh is a coastal city._love,Gektopia is a coastal city.,79_9_preference_Daxburgh_for_Gektopia_Gektopia is a coastal city._love,Daxburgh,Gektopia,"Given the following statement:
I prefer Daxburgh to Gektopia, for I love coastal cities.

Produce a valid conclusion: ","Given the following statement:
I prefer Daxburgh to Gektopia, for I love coastal cities.

Is it true that Daxburgh is a coastal city? Answer yes or no: ","Given the following statement:
I prefer Daxburgh to Gektopia, for I love coastal cities.

Is it true that Gektopia is a coastal city? Answer yes or no: ",-0.7252943515777588,-0.8780915141105652,-3.6198740005493164,-5.5720319747924805,-3.539600372314453,-5.5008087158203125
90,"I prefer Wugsville to Gektopia, however, I hate snowy winters.",Wugsville has snowy winters.,106_6_preference_Wugsville_however_Gektopia_Wugsville has snowy winters._hate,Gektopia has snowy winters.,106_6_preference_Wugsville_however_Gektopia_Gektopia has snowy winters._hate,Wugsville,Gektopia,"Given the following statement:
I prefer Wugsville to Gektopia, however, I hate snowy winters.

Produce a valid conclusion: ","Given the following statement:
I prefer Wugsville to Gektopia, however, I hate snowy winters.

Is it true that Wugsville has snowy winters? Answer yes or no: ","Given the following statement:
I prefer Wugsville to Gektopia, however, I hate snowy winters.

Is it true that Gektopia has snowy winters? Answer yes or no: ",-0.8950095772743225,-0.8726699948310852,-3.335268020629883,-5.152240753173828,-3.639942169189453,-5.505779266357422
91,"I hate skyscrapers, even though I prefer Wugsville to Blicketland.",Wugsville has skyscrapers.,70_10_preference_Wugsville_even though_Blicketland_Wugsville has skyscrapers._hate,Blicketland has skyscrapers.,70_10_preference_Wugsville_even though_Blicketland_Blicketland has skyscrapers._hate,Wugsville,Blicketland,"Given the following statement:
I hate skyscrapers, even though I prefer Wugsville to Blicketland.

Produce a valid conclusion: ","Given the following statement:
I hate skyscrapers, even though I prefer Wugsville to Blicketland.

Is it true that Wugsville has skyscrapers? Answer yes or no: ","Given the following statement:
I hate skyscrapers, even though I prefer Wugsville to Blicketland.

Is it true that Blicketland has skyscrapers? Answer yes or no: ",-1.0592591762542725,-0.9722078442573547,-3.8608932495117188,-5.634613037109375,-3.8332319259643555,-5.692279815673828
92,"Even though gekxtravaganza had happened, blicketbash happened.",blicketbash occured after gekxtravaganza.,101_1_temporal_blicketbash_even though_gekxtravaganza_blicketbash occured after gekxtravaganza._after,gekxtravaganza occured after blicketbash.,101_1_temporal_blicketbash_even though_gekxtravaganza_gekxtravaganza occured after blicketbash._after,blicketbash,gekxtravaganza,"Given the following statement:
Even though gekxtravaganza had happened, blicketbash happened.

Produce a valid conclusion: ","Given the following statement:
Even though gekxtravaganza had happened, blicketbash happened.

Is it true that blicketbash occured after gekxtravaganza? Answer yes or no: ","Given the following statement:
Even though gekxtravaganza had happened, blicketbash happened.

Is it true that gekxtravaganza occured after blicketbash? Answer yes or no: ",-0.9138164520263672,-1.2282161712646484,-3.1975488662719727,-5.241341590881348,-3.387847900390625,-5.392701148986816
93,"Although I love skyscrapers, I prefer Fepopolis to Gektopia.",Fepopolis has skyscrapers.,10_10_preference_Fepopolis_although_Gektopia_Fepopolis has skyscrapers._love,Gektopia has skyscrapers.,10_10_preference_Fepopolis_although_Gektopia_Gektopia has skyscrapers._love,Fepopolis,Gektopia,"Given the following statement:
Although I love skyscrapers, I prefer Fepopolis to Gektopia.

Produce a valid conclusion: ","Given the following statement:
Although I love skyscrapers, I prefer Fepopolis to Gektopia.

Is it true that Fepopolis has skyscrapers? Answer yes or no: ","Given the following statement:
Although I love skyscrapers, I prefer Fepopolis to Gektopia.

Is it true that Gektopia has skyscrapers? Answer yes or no: ",-1.0477187633514404,-1.0615596771240234,-3.749129295349121,-5.229146957397461,-3.777048110961914,-5.245553016662598
94,"Once daxday happened, wugfest happened.",wugfest occured after daxday.,153_3_temporal_wugfest_once_daxday_wugfest occured after daxday._after,daxday occured after wugfest.,153_3_temporal_wugfest_once_daxday_daxday occured after wugfest._after,wugfest,daxday,"Given the following statement:
Once daxday happened, wugfest happened.

Produce a valid conclusion: ","Given the following statement:
Once daxday happened, wugfest happened.

Is it true that wugfest occured after daxday? Answer yes or no: ","Given the following statement:
Once daxday happened, wugfest happened.

Is it true that daxday occured after wugfest? Answer yes or no: ",-1.2987785339355469,-1.337231159210205,-3.049509048461914,-5.211287498474121,-3.0507707595825195,-5.078207015991211
95,"I prefer daxes to feps, however, I love blue flowers.",daxes are blue flowers.,103_3_preference_daxes_however_feps_daxes are blue flowers._love,feps are blue flowers.,103_3_preference_daxes_however_feps_feps are blue flowers._love,daxes,feps,"Given the following statement:
I prefer daxes to feps, however, I love blue flowers.

Produce a valid conclusion: ","Given the following statement:
I prefer daxes to feps, however, I love blue flowers.

Is it true that daxes are blue flowers? Answer yes or no: ","Given the following statement:
I prefer daxes to feps, however, I love blue flowers.

Is it true that feps are blue flowers? Answer yes or no: ",-1.3866363763809204,-2.5727999210357666,-4.123274803161621,-5.771683692932129,-3.943558692932129,-5.683566093444824
96,"Even after blicketbash, wugfest happened.",wugfest occured before blicketbash.,88_8_temporal_wugfest_even after_blicketbash_wugfest occured before blicketbash._before,blicketbash occured before wugfest.,88_8_temporal_wugfest_even after_blicketbash_blicketbash occured before wugfest._before,wugfest,blicketbash,"Given the following statement:
Even after blicketbash, wugfest happened.

Produce a valid conclusion: ","Given the following statement:
Even after blicketbash, wugfest happened.

Is it true that wugfest occured before blicketbash? Answer yes or no: ","Given the following statement:
Even after blicketbash, wugfest happened.

Is it true that blicketbash occured before wugfest? Answer yes or no: ",-1.5718594789505005,-1.2782723903656006,-3.162838935852051,-5.456769943237305,-2.9392051696777344,-5.167059898376465
97,"I hate living near mountains. Thus, I prefer Wugsville to Fepopolis.",Wugsville has mountains.,167_7_preference_Wugsville_thus_Fepopolis_Wugsville has mountains._hate,Fepopolis has mountains.,167_7_preference_Wugsville_thus_Fepopolis_Fepopolis has mountains._hate,Wugsville,Fepopolis,"Given the following statement:
I hate living near mountains. Thus, I prefer Wugsville to Fepopolis.

Produce a valid conclusion: ","Given the following statement:
I hate living near mountains. Thus, I prefer Wugsville to Fepopolis.

Is it true that Wugsville has mountains? Answer yes or no: ","Given the following statement:
I hate living near mountains. Thus, I prefer Wugsville to Fepopolis.

Is it true that Fepopolis has mountains? Answer yes or no: ",-1.8120883703231812,-1.5419074296951294,-3.859834671020508,-5.907322883605957,-3.9656524658203125,-6.006715774536133
98,"I like daxes, for example, geks are nice.",daxes are instances of geks.,7_7_instantiation_daxes_for example_geks_daxes are instances of geks._are,geks are instances of daxes.,7_7_instantiation_daxes_for example_geks_geks are instances of daxes._are,daxes,geks,"Given the following statement:
I like daxes, for example, geks are nice.

Produce a valid conclusion: ","Given the following statement:
I like daxes, for example, geks are nice.

Is it true that daxes are instances of geks? Answer yes or no: ","Given the following statement:
I like daxes, for example, geks are nice.

Is it true that geks are instances of daxes? Answer yes or no: ",-2.4859089851379395,-2.8625755310058594,-3.357635498046875,-5.671018600463867,-3.3771791458129883,-5.673578262329102
99,"I love snowy winters. For example, I prefer Daxburgh to Blicketland.",Daxburgh has snowy winters.,86_6_preference_Daxburgh_for example_Blicketland_Daxburgh has snowy winters._love,Blicketland has snowy winters.,86_6_preference_Daxburgh_for example_Blicketland_Blicketland has snowy winters._love,Daxburgh,Blicketland,"Given the following statement:
I love snowy winters. For example, I prefer Daxburgh to Blicketland.

Produce a valid conclusion: ","Given the following statement:
I love snowy winters. For example, I prefer Daxburgh to Blicketland.

Is it true that Daxburgh has snowy winters? Answer yes or no: ","Given the following statement:
I love snowy winters. For example, I prefer Daxburgh to Blicketland.

Is it true that Blicketland has snowy winters? Answer yes or no: ",-1.0155658721923828,-0.9449771642684937,-3.2902374267578125,-4.940359115600586,-3.327455520629883,-5.042787551879883
100,"I love snowy winters, nevertheless, I prefer Daxburgh to Fepopolis.",Daxburgh has snowy winters.,116_6_preference_Daxburgh_nevertheless_Fepopolis_Daxburgh has snowy winters._love,Fepopolis has snowy winters.,116_6_preference_Daxburgh_nevertheless_Fepopolis_Fepopolis has snowy winters._love,Daxburgh,Fepopolis,"Given the following statement:
I love snowy winters, nevertheless, I prefer Daxburgh to Fepopolis.

Produce a valid conclusion: ","Given the following statement:
I love snowy winters, nevertheless, I prefer Daxburgh to Fepopolis.

Is it true that Daxburgh has snowy winters? Answer yes or no: ","Given the following statement:
I love snowy winters, nevertheless, I prefer Daxburgh to Fepopolis.

Is it true that Fepopolis has snowy winters? Answer yes or no: ",-1.103230357170105,-1.015035629272461,-3.6127891540527344,-5.180652618408203,-3.7958106994628906,-5.46745491027832
101,"Though I prefer wugs to blickets, I hate insects.",wugs are insects.,155_5_preference_wugs_though_blickets_wugs are insects._hate,blickets are insects.,155_5_preference_wugs_though_blickets_blickets are insects._hate,wugs,blickets,"Given the following statement:
Though I prefer wugs to blickets, I hate insects.

Produce a valid conclusion: ","Given the following statement:
Though I prefer wugs to blickets, I hate insects.

Is it true that wugs are insects? Answer yes or no: ","Given the following statement:
Though I prefer wugs to blickets, I hate insects.

Is it true that blickets are insects? Answer yes or no: ",-1.8231481313705444,-1.389738917350769,-4.5630035400390625,-6.325074195861816,-4.579225540161133,-6.417574882507324
102,"As much as I hate blue flowers, I prefer wugs to geks.",wugs are blue flowers.,33_3_preference_wugs_as much as_geks_wugs are blue flowers._hate,geks are blue flowers.,33_3_preference_wugs_as much as_geks_geks are blue flowers._hate,wugs,geks,"Given the following statement:
As much as I hate blue flowers, I prefer wugs to geks.

Produce a valid conclusion: ","Given the following statement:
As much as I hate blue flowers, I prefer wugs to geks.

Is it true that wugs are blue flowers? Answer yes or no: ","Given the following statement:
As much as I hate blue flowers, I prefer wugs to geks.

Is it true that geks are blue flowers? Answer yes or no: ",-1.5015686750411987,-2.8216021060943604,-4.866211891174316,-6.4252166748046875,-4.8476667404174805,-6.363308906555176
103,"fepfestival happened. Later, blicketbash happened.",fepfestival occured before blicketbash.,134_4_temporal_fepfestival_later_blicketbash_fepfestival occured before blicketbash._before,blicketbash occured before fepfestival.,134_4_temporal_fepfestival_later_blicketbash_blicketbash occured before fepfestival._before,fepfestival,blicketbash,"Given the following statement:
fepfestival happened. Later, blicketbash happened.

Produce a valid conclusion: ","Given the following statement:
fepfestival happened. Later, blicketbash happened.

Is it true that fepfestival occured before blicketbash? Answer yes or no: ","Given the following statement:
fepfestival happened. Later, blicketbash happened.

Is it true that blicketbash occured before fepfestival? Answer yes or no: ",-1.418588638305664,-1.683292031288147,-3.0716028213500977,-5.522631645202637,-2.974850654602051,-5.301220893859863
104,"wugfest happend. Earlier, fepfestival had happened.",wugfest occured after fepfestival.,79_9_temporal_wugfest_earlier_fepfestival_wugfest occured after fepfestival._after,fepfestival occured after wugfest.,79_9_temporal_wugfest_earlier_fepfestival_fepfestival occured after wugfest._after,wugfest,fepfestival,"Given the following statement:
wugfest happend. Earlier, fepfestival had happened.

Produce a valid conclusion: ","Given the following statement:
wugfest happend. Earlier, fepfestival had happened.

Is it true that wugfest occured after fepfestival? Answer yes or no: ","Given the following statement:
wugfest happend. Earlier, fepfestival had happened.

Is it true that fepfestival occured after wugfest? Answer yes or no: ",-1.3192394971847534,-1.5212700366973877,-2.7494287490844727,-4.765438079833984,-2.5147361755371094,-4.697172164916992
105,"I like wugs, for example, daxes are nice.",wugs are instances of daxes.,1_1_instantiation_wugs_for example_daxes_wugs are instances of daxes._are,daxes are instances of wugs.,1_1_instantiation_wugs_for example_daxes_daxes are instances of wugs._are,wugs,daxes,"Given the following statement:
I like wugs, for example, daxes are nice.

Produce a valid conclusion: ","Given the following statement:
I like wugs, for example, daxes are nice.

Is it true that wugs are instances of daxes? Answer yes or no: ","Given the following statement:
I like wugs, for example, daxes are nice.

Is it true that daxes are instances of wugs? Answer yes or no: ",-2.4579522609710693,-2.300034761428833,-3.16732120513916,-5.627408981323242,-3.162130355834961,-5.585476875305176
106,"I prefer wugs to geks, for I hate fuzzy creatures.",wugs are fuzzy creatures.,71_1_preference_wugs_for_geks_wugs are fuzzy creatures._hate,geks are fuzzy creatures.,71_1_preference_wugs_for_geks_geks are fuzzy creatures._hate,wugs,geks,"Given the following statement:
I prefer wugs to geks, for I hate fuzzy creatures.

Produce a valid conclusion: ","Given the following statement:
I prefer wugs to geks, for I hate fuzzy creatures.

Is it true that wugs are fuzzy creatures? Answer yes or no: ","Given the following statement:
I prefer wugs to geks, for I hate fuzzy creatures.

Is it true that geks are fuzzy creatures? Answer yes or no: ",-1.1910144090652466,-2.15048885345459,-4.15284538269043,-6.0199432373046875,-4.055171012878418,-5.963470458984375
107,"Even before daxday, fepfestival happened.",daxday occured before fepfestival.,99_9_temporal_daxday_even before_fepfestival_daxday occured before fepfestival._before,fepfestival occured before daxday.,99_9_temporal_daxday_even before_fepfestival_fepfestival occured before daxday._before,daxday,fepfestival,"Given the following statement:
Even before daxday, fepfestival happened.

Produce a valid conclusion: ","Given the following statement:
Even before daxday, fepfestival happened.

Is it true that daxday occured before fepfestival? Answer yes or no: ","Given the following statement:
Even before daxday, fepfestival happened.

Is it true that fepfestival occured before daxday? Answer yes or no: ",-1.019736409187317,-1.3877155780792236,-2.7484493255615234,-4.872979164123535,-2.706192970275879,-4.995452880859375
108,"I prefer daxes to geks, for I hate insects.",daxes are insects.,75_5_preference_daxes_for_geks_daxes are insects._hate,geks are insects.,75_5_preference_daxes_for_geks_geks are insects._hate,daxes,geks,"Given the following statement:
I prefer daxes to geks, for I hate insects.

Produce a valid conclusion: ","Given the following statement:
I prefer daxes to geks, for I hate insects.

Is it true that daxes are insects? Answer yes or no: ","Given the following statement:
I prefer daxes to geks, for I hate insects.

Is it true that geks are insects? Answer yes or no: ",-1.7916758060455322,-3.0264344215393066,-4.0225372314453125,-6.085562705993652,-3.7770233154296875,-5.905359268188477
109,"I prefer Daxburgh to Gektopia, as I love living near mountains.",Daxburgh has mountains.,17_7_preference_Daxburgh_as_Gektopia_Daxburgh has mountains._love,Gektopia has mountains.,17_7_preference_Daxburgh_as_Gektopia_Gektopia has mountains._love,Daxburgh,Gektopia,"Given the following statement:
I prefer Daxburgh to Gektopia, as I love living near mountains.

Produce a valid conclusion: ","Given the following statement:
I prefer Daxburgh to Gektopia, as I love living near mountains.

Is it true that Daxburgh has mountains? Answer yes or no: ","Given the following statement:
I prefer Daxburgh to Gektopia, as I love living near mountains.

Is it true that Gektopia has mountains? Answer yes or no: ",-1.3249372243881226,-1.3922983407974243,-3.1015167236328125,-4.945570945739746,-3.2111387252807617,-4.8770294189453125
110,"daxday happend. Earlier, blicketbash had happened.",daxday occured before blicketbash.,76_6_temporal_daxday_earlier_blicketbash_daxday occured before blicketbash._before,blicketbash occured before daxday.,76_6_temporal_daxday_earlier_blicketbash_blicketbash occured before daxday._before,daxday,blicketbash,"Given the following statement:
daxday happend. Earlier, blicketbash had happened.

Produce a valid conclusion: ","Given the following statement:
daxday happend. Earlier, blicketbash had happened.

Is it true that daxday occured before blicketbash? Answer yes or no: ","Given the following statement:
daxday happend. Earlier, blicketbash had happened.

Is it true that blicketbash occured before daxday? Answer yes or no: ",-1.0347528457641602,-1.017485499382019,-2.493885040283203,-4.795866966247559,-2.44950008392334,-4.799252510070801
111,"I prefer blickets to geks, however, I love fuzzy creatures.",blickets are fuzzy creatures.,101_1_preference_blickets_however_geks_blickets are fuzzy creatures._love,geks are fuzzy creatures.,101_1_preference_blickets_however_geks_geks are fuzzy creatures._love,blickets,geks,"Given the following statement:
I prefer blickets to geks, however, I love fuzzy creatures.

Produce a valid conclusion: ","Given the following statement:
I prefer blickets to geks, however, I love fuzzy creatures.

Is it true that blickets are fuzzy creatures? Answer yes or no: ","Given the following statement:
I prefer blickets to geks, however, I love fuzzy creatures.

Is it true that geks are fuzzy creatures? Answer yes or no: ",-0.7707198262214661,-2.250685214996338,-3.94696044921875,-5.940587997436523,-4.018764495849609,-5.988448143005371
112,"Even though I prefer Daxburgh to Gektopia, I hate coastal cities.",Daxburgh is a coastal city.,69_9_preference_Daxburgh_even though_Gektopia_Daxburgh is a coastal city._hate,Gektopia is a coastal city.,69_9_preference_Daxburgh_even though_Gektopia_Gektopia is a coastal city._hate,Daxburgh,Gektopia,"Given the following statement:
Even though I prefer Daxburgh to Gektopia, I hate coastal cities.

Produce a valid conclusion: ","Given the following statement:
Even though I prefer Daxburgh to Gektopia, I hate coastal cities.

Is it true that Daxburgh is a coastal city? Answer yes or no: ","Given the following statement:
Even though I prefer Daxburgh to Gektopia, I hate coastal cities.

Is it true that Gektopia is a coastal city? Answer yes or no: ",-0.7641012668609619,-0.8510860800743103,-4.0645856857299805,-5.609043121337891,-4.093387603759766,-5.6382036209106445
113,"Even though I prefer Fepopolis to Blicketland, I love warm weather.",Fepopolis has warm weather.,68_8_preference_Fepopolis_even though_Blicketland_Fepopolis has warm weather._love,Blicketland has warm weather.,68_8_preference_Fepopolis_even though_Blicketland_Blicketland has warm weather._love,Fepopolis,Blicketland,"Given the following statement:
Even though I prefer Fepopolis to Blicketland, I love warm weather.

Produce a valid conclusion: ","Given the following statement:
Even though I prefer Fepopolis to Blicketland, I love warm weather.

Is it true that Fepopolis has warm weather? Answer yes or no: ","Given the following statement:
Even though I prefer Fepopolis to Blicketland, I love warm weather.

Is it true that Blicketland has warm weather? Answer yes or no: ",-0.9579540491104126,-1.1105912923812866,-3.5226173400878906,-5.237885475158691,-3.51248836517334,-5.2218017578125
114,"While I hate coastal cities, I prefer Daxburgh to Gektopia.",Daxburgh is a coastal city.,179_9_preference_Daxburgh_while_Gektopia_Daxburgh is a coastal city._hate,Gektopia is a coastal city.,179_9_preference_Daxburgh_while_Gektopia_Gektopia is a coastal city._hate,Daxburgh,Gektopia,"Given the following statement:
While I hate coastal cities, I prefer Daxburgh to Gektopia.

Produce a valid conclusion: ","Given the following statement:
While I hate coastal cities, I prefer Daxburgh to Gektopia.

Is it true that Daxburgh is a coastal city? Answer yes or no: ","Given the following statement:
While I hate coastal cities, I prefer Daxburgh to Gektopia.

Is it true that Gektopia is a coastal city? Answer yes or no: ",-0.7113821506500244,-0.6959465742111206,-4.16640567779541,-6.099276542663574,-4.235116004943848,-6.098419189453125
115,"I love living near mountains. For example, I prefer Blicketland to Gektopia.",Blicketland has mountains.,87_7_preference_Blicketland_for example_Gektopia_Blicketland has mountains._love,Gektopia has mountains.,87_7_preference_Blicketland_for example_Gektopia_Gektopia has mountains._love,Blicketland,Gektopia,"Given the following statement:
I love living near mountains. For example, I prefer Blicketland to Gektopia.

Produce a valid conclusion: ","Given the following statement:
I love living near mountains. For example, I prefer Blicketland to Gektopia.

Is it true that Blicketland has mountains? Answer yes or no: ","Given the following statement:
I love living near mountains. For example, I prefer Blicketland to Gektopia.

Is it true that Gektopia has mountains? Answer yes or no: ",-1.4243139028549194,-1.4598139524459839,-3.441631317138672,-5.336731910705566,-3.6223411560058594,-5.539236068725586
116,"blicketbash happened. Consequently, gekxtravaganza happened.",blicketbash occured after gekxtravaganza.,62_2_temporal_blicketbash_consequently_gekxtravaganza_blicketbash occured after gekxtravaganza._after,gekxtravaganza occured after blicketbash.,62_2_temporal_blicketbash_consequently_gekxtravaganza_gekxtravaganza occured after blicketbash._after,blicketbash,gekxtravaganza,"Given the following statement:
blicketbash happened. Consequently, gekxtravaganza happened.

Produce a valid conclusion: ","Given the following statement:
blicketbash happened. Consequently, gekxtravaganza happened.

Is it true that blicketbash occured after gekxtravaganza? Answer yes or no: ","Given the following statement:
blicketbash happened. Consequently, gekxtravaganza happened.

Is it true that gekxtravaganza occured after blicketbash? Answer yes or no: ",-1.272546410560608,-1.2845637798309326,-3.2987136840820312,-5.269165992736816,-3.21671199798584,-5.386505126953125
117,"I prefer Daxburgh to Gektopia, however, I hate coastal cities.",Daxburgh is a coastal city.,109_9_preference_Daxburgh_however_Gektopia_Daxburgh is a coastal city._hate,Gektopia is a coastal city.,109_9_preference_Daxburgh_however_Gektopia_Gektopia is a coastal city._hate,Daxburgh,Gektopia,"Given the following statement:
I prefer Daxburgh to Gektopia, however, I hate coastal cities.

Produce a valid conclusion: ","Given the following statement:
I prefer Daxburgh to Gektopia, however, I hate coastal cities.

Is it true that Daxburgh is a coastal city? Answer yes or no: ","Given the following statement:
I prefer Daxburgh to Gektopia, however, I hate coastal cities.

Is it true that Gektopia is a coastal city? Answer yes or no: ",-0.8416531085968018,-0.9065794348716736,-3.9063167572021484,-5.621310234069824,-3.941112518310547,-5.674104690551758
118,"As much as I hate bass instruments, I prefer wugs to blickets.",wugs are bass instruments.,34_4_preference_wugs_as much as_blickets_wugs are bass instruments._hate,blickets are bass instruments.,34_4_preference_wugs_as much as_blickets_blickets are bass instruments._hate,wugs,blickets,"Given the following statement:
As much as I hate bass instruments, I prefer wugs to blickets.

Produce a valid conclusion: ","Given the following statement:
As much as I hate bass instruments, I prefer wugs to blickets.

Is it true that wugs are bass instruments? Answer yes or no: ","Given the following statement:
As much as I hate bass instruments, I prefer wugs to blickets.

Is it true that blickets are bass instruments? Answer yes or no: ",-1.568519115447998,-1.1063834428787231,-4.6438188552856445,-6.175207138061523,-4.50389289855957,-6.044970512390137
119,"I hate wugs, for instance, daxes are awful.",wugs are instances of daxes.,11_1_instantiation_wugs_for instance_daxes_wugs are instances of daxes._are,daxes are instances of wugs.,11_1_instantiation_wugs_for instance_daxes_daxes are instances of wugs._are,wugs,daxes,"Given the following statement:
I hate wugs, for instance, daxes are awful.

Produce a valid conclusion: ","Given the following statement:
I hate wugs, for instance, daxes are awful.

Is it true that wugs are instances of daxes? Answer yes or no: ","Given the following statement:
I hate wugs, for instance, daxes are awful.

Is it true that daxes are instances of wugs? Answer yes or no: ",-2.6521904468536377,-2.3836591243743896,-3.672109603881836,-5.944231986999512,-3.6755781173706055,-5.907645225524902
120,"I hate bass instruments. So, I prefer daxes to feps.",daxes are bass instruments.,134_4_preference_daxes_so_feps_daxes are bass instruments._hate,feps are bass instruments.,134_4_preference_daxes_so_feps_feps are bass instruments._hate,daxes,feps,"Given the following statement:
I hate bass instruments. So, I prefer daxes to feps.

Produce a valid conclusion: ","Given the following statement:
I hate bass instruments. So, I prefer daxes to feps.

Is it true that daxes are bass instruments? Answer yes or no: ","Given the following statement:
I hate bass instruments. So, I prefer daxes to feps.

Is it true that feps are bass instruments? Answer yes or no: ",-1.5843653678894043,-2.428410768508911,-5.141175270080566,-6.724095344543457,-5.143622398376465,-6.668868064880371
121,"I love warm weather, yet I prefer Wugsville to Daxburgh.",Wugsville has warm weather.,188_8_preference_Wugsville_yet_Daxburgh_Wugsville has warm weather._love,Daxburgh has warm weather.,188_8_preference_Wugsville_yet_Daxburgh_Daxburgh has warm weather._love,Wugsville,Daxburgh,"Given the following statement:
I love warm weather, yet I prefer Wugsville to Daxburgh.

Produce a valid conclusion: ","Given the following statement:
I love warm weather, yet I prefer Wugsville to Daxburgh.

Is it true that Wugsville has warm weather? Answer yes or no: ","Given the following statement:
I love warm weather, yet I prefer Wugsville to Daxburgh.

Is it true that Daxburgh has warm weather? Answer yes or no: ",-1.4515178203582764,-1.4173082113265991,-3.1492576599121094,-4.9530181884765625,-3.1611995697021484,-5.005850791931152
122,"I prefer Wugsville to Blicketland, as I love snowy winters.",Wugsville has snowy winters.,16_6_preference_Wugsville_as_Blicketland_Wugsville has snowy winters._love,Blicketland has snowy winters.,16_6_preference_Wugsville_as_Blicketland_Blicketland has snowy winters._love,Wugsville,Blicketland,"Given the following statement:
I prefer Wugsville to Blicketland, as I love snowy winters.

Produce a valid conclusion: ","Given the following statement:
I prefer Wugsville to Blicketland, as I love snowy winters.

Is it true that Wugsville has snowy winters? Answer yes or no: ","Given the following statement:
I prefer Wugsville to Blicketland, as I love snowy winters.

Is it true that Blicketland has snowy winters? Answer yes or no: ",-0.9279471635818481,-0.9218174815177917,-3.2121782302856445,-4.882533073425293,-3.3861637115478516,-5.06984806060791
123,"I love fuzzy creatures, yet I prefer wugs to daxes.",wugs are fuzzy creatures.,181_1_preference_wugs_yet_daxes_wugs are fuzzy creatures._love,daxes are fuzzy creatures.,181_1_preference_wugs_yet_daxes_daxes are fuzzy creatures._love,wugs,daxes,"Given the following statement:
I love fuzzy creatures, yet I prefer wugs to daxes.

Produce a valid conclusion: ","Given the following statement:
I love fuzzy creatures, yet I prefer wugs to daxes.

Is it true that wugs are fuzzy creatures? Answer yes or no: ","Given the following statement:
I love fuzzy creatures, yet I prefer wugs to daxes.

Is it true that daxes are fuzzy creatures? Answer yes or no: ",-1.2808574438095093,-1.611422061920166,-4.123104095458984,-5.983345985412598,-4.159021377563477,-6.079901695251465
124,"I prefer Wugsville to Fepopolis, but I love warm weather.",Wugsville has warm weather.,58_8_preference_Wugsville_but_Fepopolis_Wugsville has warm weather._love,Fepopolis has warm weather.,58_8_preference_Wugsville_but_Fepopolis_Fepopolis has warm weather._love,Wugsville,Fepopolis,"Given the following statement:
I prefer Wugsville to Fepopolis, but I love warm weather.

Produce a valid conclusion: ","Given the following statement:
I prefer Wugsville to Fepopolis, but I love warm weather.

Is it true that Wugsville has warm weather? Answer yes or no: ","Given the following statement:
I prefer Wugsville to Fepopolis, but I love warm weather.

Is it true that Fepopolis has warm weather? Answer yes or no: ",-1.0769259929656982,-1.0433197021484375,-3.240414619445801,-4.980608940124512,-3.4263620376586914,-5.1834211349487305
125,"I prefer feps to blickets, for I love mammals.",feps are mammals.,72_2_preference_feps_for_blickets_feps are mammals._love,blickets are mammals.,72_2_preference_feps_for_blickets_blickets are mammals._love,feps,blickets,"Given the following statement:
I prefer feps to blickets, for I love mammals.

Produce a valid conclusion: ","Given the following statement:
I prefer feps to blickets, for I love mammals.

Is it true that feps are mammals? Answer yes or no: ","Given the following statement:
I prefer feps to blickets, for I love mammals.

Is it true that blickets are mammals? Answer yes or no: ",-2.814044952392578,-1.15153169631958,-4.35996150970459,-6.315177917480469,-4.39239501953125,-6.322561264038086
126,"I hate bass instruments, yet I prefer daxes to feps.",daxes are bass instruments.,184_4_preference_daxes_yet_feps_daxes are bass instruments._hate,feps are bass instruments.,184_4_preference_daxes_yet_feps_feps are bass instruments._hate,daxes,feps,"Given the following statement:
I hate bass instruments, yet I prefer daxes to feps.

Produce a valid conclusion: ","Given the following statement:
I hate bass instruments, yet I prefer daxes to feps.

Is it true that daxes are bass instruments? Answer yes or no: ","Given the following statement:
I hate bass instruments, yet I prefer daxes to feps.

Is it true that feps are bass instruments? Answer yes or no: ",-1.4749383926391602,-2.2997448444366455,-4.777480125427246,-6.369902610778809,-4.759309768676758,-6.282815933227539
127,"I love mammals, yet I prefer daxes to geks.",daxes are mammals.,182_2_preference_daxes_yet_geks_daxes are mammals._love,geks are mammals.,182_2_preference_daxes_yet_geks_geks are mammals._love,daxes,geks,"Given the following statement:
I love mammals, yet I prefer daxes to geks.

Produce a valid conclusion: ","Given the following statement:
I love mammals, yet I prefer daxes to geks.

Is it true that daxes are mammals? Answer yes or no: ","Given the following statement:
I love mammals, yet I prefer daxes to geks.

Is it true that geks are mammals? Answer yes or no: ",-1.3078508377075195,-2.598597288131714,-4.500683784484863,-6.61924934387207,-4.3552045822143555,-6.463627815246582
128,"Once blicketbash happened, wugfest happened.",wugfest occured after blicketbash.,151_1_temporal_wugfest_once_blicketbash_wugfest occured after blicketbash._after,blicketbash occured after wugfest.,151_1_temporal_wugfest_once_blicketbash_blicketbash occured after wugfest._after,wugfest,blicketbash,"Given the following statement:
Once blicketbash happened, wugfest happened.

Produce a valid conclusion: ","Given the following statement:
Once blicketbash happened, wugfest happened.

Is it true that wugfest occured after blicketbash? Answer yes or no: ","Given the following statement:
Once blicketbash happened, wugfest happened.

Is it true that blicketbash occured after wugfest? Answer yes or no: ",-1.2075570821762085,-1.2343032360076904,-3.177959442138672,-5.437540054321289,-3.1197280883789062,-5.289405822753906
129,"I hate mammals. Therefore, I prefer daxes to geks.",daxes are mammals.,142_2_preference_daxes_therefore_geks_daxes are mammals._hate,geks are mammals.,142_2_preference_daxes_therefore_geks_geks are mammals._hate,daxes,geks,"Given the following statement:
I hate mammals. Therefore, I prefer daxes to geks.

Produce a valid conclusion: ","Given the following statement:
I hate mammals. Therefore, I prefer daxes to geks.

Is it true that daxes are mammals? Answer yes or no: ","Given the following statement:
I hate mammals. Therefore, I prefer daxes to geks.

Is it true that geks are mammals? Answer yes or no: ",-1.2998186349868774,-2.23848295211792,-5.063925743103027,-6.974640846252441,-4.851065635681152,-6.779427528381348
130,"Though I prefer Wugsville to Gektopia, I hate living near mountains.",Wugsville has mountains.,157_7_preference_Wugsville_though_Gektopia_Wugsville has mountains._hate,Gektopia has mountains.,157_7_preference_Wugsville_though_Gektopia_Gektopia has mountains._hate,Wugsville,Gektopia,"Given the following statement:
Though I prefer Wugsville to Gektopia, I hate living near mountains.

Produce a valid conclusion: ","Given the following statement:
Though I prefer Wugsville to Gektopia, I hate living near mountains.

Is it true that Wugsville has mountains? Answer yes or no: ","Given the following statement:
Though I prefer Wugsville to Gektopia, I hate living near mountains.

Is it true that Gektopia has mountains? Answer yes or no: ",-1.5506463050842285,-1.3731516599655151,-3.7491092681884766,-5.5498809814453125,-4.118100166320801,-5.733293533325195
131,"daxday happened. Subsequently, gekxtravaganza happened.",daxday occured after gekxtravaganza.,193_3_temporal_daxday_subsequently_gekxtravaganza_daxday occured after gekxtravaganza._after,gekxtravaganza occured after daxday.,193_3_temporal_daxday_subsequently_gekxtravaganza_gekxtravaganza occured after daxday._after,daxday,gekxtravaganza,"Given the following statement:
daxday happened. Subsequently, gekxtravaganza happened.

Produce a valid conclusion: ","Given the following statement:
daxday happened. Subsequently, gekxtravaganza happened.

Is it true that daxday occured after gekxtravaganza? Answer yes or no: ","Given the following statement:
daxday happened. Subsequently, gekxtravaganza happened.

Is it true that gekxtravaganza occured after daxday? Answer yes or no: ",-1.0831246376037598,-1.0080379247665405,-2.721877098083496,-4.85947322845459,-2.72165584564209,-4.880385398864746
132,I prefer daxes to geks because I hate bass instruments.,daxes are bass instruments.,44_4_preference_daxes_because_geks_daxes are bass instruments._hate,geks are bass instruments.,44_4_preference_daxes_because_geks_geks are bass instruments._hate,daxes,geks,"Given the following statement:
I prefer daxes to geks because I hate bass instruments.

Produce a valid conclusion: ","Given the following statement:
I prefer daxes to geks because I hate bass instruments.

Is it true that daxes are bass instruments? Answer yes or no: ","Given the following statement:
I prefer daxes to geks because I hate bass instruments.

Is it true that geks are bass instruments? Answer yes or no: ",-1.4644032716751099,-2.5458319187164307,-3.807082176208496,-5.577480316162109,-3.7614564895629883,-5.4823503494262695
133,"I like wugs, for instance, feps are nice.",wugs are instances of feps.,12_2_instantiation_wugs_for instance_feps_wugs are instances of feps._are,feps are instances of wugs.,12_2_instantiation_wugs_for instance_feps_feps are instances of wugs._are,wugs,feps,"Given the following statement:
I like wugs, for instance, feps are nice.

Produce a valid conclusion: ","Given the following statement:
I like wugs, for instance, feps are nice.

Is it true that wugs are instances of feps? Answer yes or no: ","Given the following statement:
I like wugs, for instance, feps are nice.

Is it true that feps are instances of wugs? Answer yes or no: ",-2.419684886932373,-2.9115052223205566,-3.4073257446289062,-5.7331390380859375,-3.5410661697387695,-5.746767044067383
134,"I hate fuzzy creatures. For instance, I prefer blickets to geks.",blickets are fuzzy creatures.,91_1_preference_blickets_for instance_geks_blickets are fuzzy creatures._hate,geks are fuzzy creatures.,91_1_preference_blickets_for instance_geks_geks are fuzzy creatures._hate,blickets,geks,"Given the following statement:
I hate fuzzy creatures. For instance, I prefer blickets to geks.

Produce a valid conclusion: ","Given the following statement:
I hate fuzzy creatures. For instance, I prefer blickets to geks.

Is it true that blickets are fuzzy creatures? Answer yes or no: ","Given the following statement:
I hate fuzzy creatures. For instance, I prefer blickets to geks.

Is it true that geks are fuzzy creatures? Answer yes or no: ",-0.9586095809936523,-2.040560245513916,-4.220137596130371,-6.339699745178223,-4.158890724182129,-6.360013961791992
135,"Since I love snowy winters, I prefer Blicketland to Gektopia.",Blicketland has snowy winters.,126_6_preference_Blicketland_since_Gektopia_Blicketland has snowy winters._love,Gektopia has snowy winters.,126_6_preference_Blicketland_since_Gektopia_Gektopia has snowy winters._love,Blicketland,Gektopia,"Given the following statement:
Since I love snowy winters, I prefer Blicketland to Gektopia.

Produce a valid conclusion: ","Given the following statement:
Since I love snowy winters, I prefer Blicketland to Gektopia.

Is it true that Blicketland has snowy winters? Answer yes or no: ","Given the following statement:
Since I love snowy winters, I prefer Blicketland to Gektopia.

Is it true that Gektopia has snowy winters? Answer yes or no: ",-1.005580186843872,-1.0126619338989258,-3.5552473068237305,-4.955508232116699,-3.801629066467285,-5.213909149169922
136,"I find wugs, in particular, feps to be awful.",wugs are instances of feps.,22_2_instantiation_wugs_in particular_feps_wugs are instances of feps._are,feps are instances of wugs.,22_2_instantiation_wugs_in particular_feps_feps are instances of wugs._are,wugs,feps,"Given the following statement:
I find wugs, in particular, feps to be awful.

Produce a valid conclusion: ","Given the following statement:
I find wugs, in particular, feps to be awful.

Is it true that wugs are instances of feps? Answer yes or no: ","Given the following statement:
I find wugs, in particular, feps to be awful.

Is it true that feps are instances of wugs? Answer yes or no: ",-2.5162575244903564,-3.07720685005188,-3.1391124725341797,-5.453274726867676,-3.361509323120117,-5.474651336669922
137,"I prefer wugs to geks, nevertheless, I love insects.",wugs are insects.,115_5_preference_wugs_nevertheless_geks_wugs are insects._love,geks are insects.,115_5_preference_wugs_nevertheless_geks_geks are insects._love,wugs,geks,"Given the following statement:
I prefer wugs to geks, nevertheless, I love insects.

Produce a valid conclusion: ","Given the following statement:
I prefer wugs to geks, nevertheless, I love insects.

Is it true that wugs are insects? Answer yes or no: ","Given the following statement:
I prefer wugs to geks, nevertheless, I love insects.

Is it true that geks are insects? Answer yes or no: ",-1.6305034160614014,-3.1206517219543457,-4.002864837646484,-5.863807678222656,-4.040631294250488,-5.873716354370117
138,"I love warm weather. As a result, I prefer Wugsville to Gektopia.",Wugsville has warm weather.,28_8_preference_Wugsville_as a result_Gektopia_Wugsville has warm weather._love,Gektopia has warm weather.,28_8_preference_Wugsville_as a result_Gektopia_Gektopia has warm weather._love,Wugsville,Gektopia,"Given the following statement:
I love warm weather. As a result, I prefer Wugsville to Gektopia.

Produce a valid conclusion: ","Given the following statement:
I love warm weather. As a result, I prefer Wugsville to Gektopia.

Is it true that Wugsville has warm weather? Answer yes or no: ","Given the following statement:
I love warm weather. As a result, I prefer Wugsville to Gektopia.

Is it true that Gektopia has warm weather? Answer yes or no: ",-1.3999242782592773,-1.2219817638397217,-3.377023696899414,-5.290157318115234,-3.54638671875,-5.38232421875
139,"I hate mammals. As a result, I prefer daxes to feps.",daxes are mammals.,22_2_preference_daxes_as a result_feps_daxes are mammals._hate,feps are mammals.,22_2_preference_daxes_as a result_feps_feps are mammals._hate,daxes,feps,"Given the following statement:
I hate mammals. As a result, I prefer daxes to feps.

Produce a valid conclusion: ","Given the following statement:
I hate mammals. As a result, I prefer daxes to feps.

Is it true that daxes are mammals? Answer yes or no: ","Given the following statement:
I hate mammals. As a result, I prefer daxes to feps.

Is it true that feps are mammals? Answer yes or no: ",-1.348854422569275,-2.4059906005859375,-5.147648811340332,-6.989687919616699,-5.093432426452637,-6.873339653015137
140,"wugfest happend. Earlier, blicketbash had happened.",wugfest occured after blicketbash.,71_1_temporal_wugfest_earlier_blicketbash_wugfest occured after blicketbash._after,blicketbash occured after wugfest.,71_1_temporal_wugfest_earlier_blicketbash_blicketbash occured after wugfest._after,wugfest,blicketbash,"Given the following statement:
wugfest happend. Earlier, blicketbash had happened.

Produce a valid conclusion: ","Given the following statement:
wugfest happend. Earlier, blicketbash had happened.

Is it true that wugfest occured after blicketbash? Answer yes or no: ","Given the following statement:
wugfest happend. Earlier, blicketbash had happened.

Is it true that blicketbash occured after wugfest? Answer yes or no: ",-1.3595538139343262,-1.1693753004074097,-2.818739891052246,-5.080864906311035,-2.631136894226074,-4.937563896179199
141,"I hate bass instruments. For example, I prefer daxes to geks.",daxes are bass instruments.,84_4_preference_daxes_for example_geks_daxes are bass instruments._hate,geks are bass instruments.,84_4_preference_daxes_for example_geks_geks are bass instruments._hate,daxes,geks,"Given the following statement:
I hate bass instruments. For example, I prefer daxes to geks.

Produce a valid conclusion: ","Given the following statement:
I hate bass instruments. For example, I prefer daxes to geks.

Is it true that daxes are bass instruments? Answer yes or no: ","Given the following statement:
I hate bass instruments. For example, I prefer daxes to geks.

Is it true that geks are bass instruments? Answer yes or no: ",-1.672118067741394,-2.5051512718200684,-4.644827842712402,-6.383281707763672,-4.632794380187988,-6.365309715270996
142,"I hate coastal cities. Thus, I prefer Wugsville to Daxburgh.",Wugsville is a coastal city.,169_9_preference_Wugsville_thus_Daxburgh_Wugsville is a coastal city._hate,Daxburgh is a coastal city.,169_9_preference_Wugsville_thus_Daxburgh_Daxburgh is a coastal city._hate,Wugsville,Daxburgh,"Given the following statement:
I hate coastal cities. Thus, I prefer Wugsville to Daxburgh.

Produce a valid conclusion: ","Given the following statement:
I hate coastal cities. Thus, I prefer Wugsville to Daxburgh.

Is it true that Wugsville is a coastal city? Answer yes or no: ","Given the following statement:
I hate coastal cities. Thus, I prefer Wugsville to Daxburgh.

Is it true that Daxburgh is a coastal city? Answer yes or no: ",-0.6632586717605591,-0.7126849889755249,-4.138384819030762,-6.19853401184082,-4.34874153137207,-6.405769348144531
143,"Because I hate insects, I prefer wugs to geks.",wugs are insects.,45_5_preference_wugs_because_geks_wugs are insects._hate,geks are insects.,45_5_preference_wugs_because_geks_geks are insects._hate,wugs,geks,"Given the following statement:
Because I hate insects, I prefer wugs to geks.

Produce a valid conclusion: ","Given the following statement:
Because I hate insects, I prefer wugs to geks.

Is it true that wugs are insects? Answer yes or no: ","Given the following statement:
Because I hate insects, I prefer wugs to geks.

Is it true that geks are insects? Answer yes or no: ",-1.8442093133926392,-2.98854660987854,-4.407644271850586,-6.148935317993164,-4.329206466674805,-6.025369644165039
144,"I prefer blickets to geks, but I hate bass instruments.",blickets are bass instruments.,54_4_preference_blickets_but_geks_blickets are bass instruments._hate,geks are bass instruments.,54_4_preference_blickets_but_geks_geks are bass instruments._hate,blickets,geks,"Given the following statement:
I prefer blickets to geks, but I hate bass instruments.

Produce a valid conclusion: ","Given the following statement:
I prefer blickets to geks, but I hate bass instruments.

Is it true that blickets are bass instruments? Answer yes or no: ","Given the following statement:
I prefer blickets to geks, but I hate bass instruments.

Is it true that geks are bass instruments? Answer yes or no: ",-1.2948706150054932,-2.6359050273895264,-4.374382972717285,-6.219032287597656,-4.369166374206543,-6.231188774108887
145,I prefer Blicketland to Gektopia because I love warm weather.,Blicketland has warm weather.,48_8_preference_Blicketland_because_Gektopia_Blicketland has warm weather._love,Gektopia has warm weather.,48_8_preference_Blicketland_because_Gektopia_Gektopia has warm weather._love,Blicketland,Gektopia,"Given the following statement:
I prefer Blicketland to Gektopia because I love warm weather.

Produce a valid conclusion: ","Given the following statement:
I prefer Blicketland to Gektopia because I love warm weather.

Is it true that Blicketland has warm weather? Answer yes or no: ","Given the following statement:
I prefer Blicketland to Gektopia because I love warm weather.

Is it true that Gektopia has warm weather? Answer yes or no: ",-0.9684547185897827,-1.1523349285125732,-3.2398195266723633,-4.998208045959473,-3.3259153366088867,-5.1208953857421875
146,wugfest happened after blicketbash.,wugfest occured before blicketbash.,9_9_temporal_wugfest_after_blicketbash_wugfest occured before blicketbash._before,blicketbash occured before wugfest.,9_9_temporal_wugfest_after_blicketbash_blicketbash occured before wugfest._before,wugfest,blicketbash,"Given the following statement:
wugfest happened after blicketbash.

Produce a valid conclusion: ","Given the following statement:
wugfest happened after blicketbash.

Is it true that wugfest occured before blicketbash? Answer yes or no: ","Given the following statement:
wugfest happened after blicketbash.

Is it true that blicketbash occured before wugfest? Answer yes or no: ",-1.179658055305481,-1.1308823823928833,-3.105222702026367,-5.251411437988281,-2.738480567932129,-4.878805160522461
147,"Since I love blue flowers, I prefer wugs to feps.",wugs are blue flowers.,123_3_preference_wugs_since_feps_wugs are blue flowers._love,feps are blue flowers.,123_3_preference_wugs_since_feps_feps are blue flowers._love,wugs,feps,"Given the following statement:
Since I love blue flowers, I prefer wugs to feps.

Produce a valid conclusion: ","Given the following statement:
Since I love blue flowers, I prefer wugs to feps.

Is it true that wugs are blue flowers? Answer yes or no: ","Given the following statement:
Since I love blue flowers, I prefer wugs to feps.

Is it true that feps are blue flowers? Answer yes or no: ",-1.4015589952468872,-2.5436410903930664,-4.689983367919922,-6.182089805603027,-4.6959228515625,-6.226655006408691
148,"Since fepfestival happened, wugfest happened.",wugfest occured before fepfestival.,171_1_temporal_wugfest_since_fepfestival_wugfest occured before fepfestival._before,fepfestival occured before wugfest.,171_1_temporal_wugfest_since_fepfestival_fepfestival occured before wugfest._before,wugfest,fepfestival,"Given the following statement:
Since fepfestival happened, wugfest happened.

Produce a valid conclusion: ","Given the following statement:
Since fepfestival happened, wugfest happened.

Is it true that wugfest occured before fepfestival? Answer yes or no: ","Given the following statement:
Since fepfestival happened, wugfest happened.

Is it true that fepfestival occured before wugfest? Answer yes or no: ",-1.409797191619873,-1.8471342325210571,-3.217317581176758,-5.276638031005859,-2.979795455932617,-5.147948265075684
149,"I prefer Fepopolis to Gektopia, however, I love living near mountains.",Fepopolis has mountains.,107_7_preference_Fepopolis_however_Gektopia_Fepopolis has mountains._love,Gektopia has mountains.,107_7_preference_Fepopolis_however_Gektopia_Gektopia has mountains._love,Fepopolis,Gektopia,"Given the following statement:
I prefer Fepopolis to Gektopia, however, I love living near mountains.

Produce a valid conclusion: ","Given the following statement:
I prefer Fepopolis to Gektopia, however, I love living near mountains.

Is it true that Fepopolis has mountains? Answer yes or no: ","Given the following statement:
I prefer Fepopolis to Gektopia, however, I love living near mountains.

Is it true that Gektopia has mountains? Answer yes or no: ",-1.2345750331878662,-1.3652927875518799,-3.4241323471069336,-5.345646858215332,-3.5477867126464844,-5.414613723754883
150,I prefer Fepopolis to Gektopia because I hate coastal cities.,Fepopolis is a coastal city.,49_9_preference_Fepopolis_because_Gektopia_Fepopolis is a coastal city._hate,Gektopia is a coastal city.,49_9_preference_Fepopolis_because_Gektopia_Gektopia is a coastal city._hate,Fepopolis,Gektopia,"Given the following statement:
I prefer Fepopolis to Gektopia because I hate coastal cities.

Produce a valid conclusion: ","Given the following statement:
I prefer Fepopolis to Gektopia because I hate coastal cities.

Is it true that Fepopolis is a coastal city? Answer yes or no: ","Given the following statement:
I prefer Fepopolis to Gektopia because I hate coastal cities.

Is it true that Gektopia is a coastal city? Answer yes or no: ",-0.7608988881111145,-0.8357263207435608,-3.6999521255493164,-5.721813201904297,-3.695821762084961,-5.75401496887207
151,"I love bass instruments. Therefore, I prefer wugs to feps.",wugs are bass instruments.,144_4_preference_wugs_therefore_feps_wugs are bass instruments._love,feps are bass instruments.,144_4_preference_wugs_therefore_feps_feps are bass instruments._love,wugs,feps,"Given the following statement:
I love bass instruments. Therefore, I prefer wugs to feps.

Produce a valid conclusion: ","Given the following statement:
I love bass instruments. Therefore, I prefer wugs to feps.

Is it true that wugs are bass instruments? Answer yes or no: ","Given the following statement:
I love bass instruments. Therefore, I prefer wugs to feps.

Is it true that feps are bass instruments? Answer yes or no: ",-1.5411502122879028,-2.7850639820098877,-4.782011032104492,-6.417935371398926,-4.899024963378906,-6.462052345275879
152,"I love skyscrapers. For instance, I prefer Fepopolis to Gektopia.",Fepopolis has skyscrapers.,100_10_preference_Fepopolis_for instance_Gektopia_Fepopolis has skyscrapers._love,Gektopia has skyscrapers.,100_10_preference_Fepopolis_for instance_Gektopia_Gektopia has skyscrapers._love,Fepopolis,Gektopia,"Given the following statement:
I love skyscrapers. For instance, I prefer Fepopolis to Gektopia.

Produce a valid conclusion: ","Given the following statement:
I love skyscrapers. For instance, I prefer Fepopolis to Gektopia.

Is it true that Fepopolis has skyscrapers? Answer yes or no: ","Given the following statement:
I love skyscrapers. For instance, I prefer Fepopolis to Gektopia.

Is it true that Gektopia has skyscrapers? Answer yes or no: ",-1.0680525302886963,-1.1630220413208008,-3.9250755310058594,-5.801032066345215,-3.9964427947998047,-5.8098249435424805
153,"I hate warm weather. Therefore, I prefer Wugsville to Gektopia.",Wugsville has warm weather.,148_8_preference_Wugsville_therefore_Gektopia_Wugsville has warm weather._hate,Gektopia has warm weather.,148_8_preference_Wugsville_therefore_Gektopia_Gektopia has warm weather._hate,Wugsville,Gektopia,"Given the following statement:
I hate warm weather. Therefore, I prefer Wugsville to Gektopia.

Produce a valid conclusion: ","Given the following statement:
I hate warm weather. Therefore, I prefer Wugsville to Gektopia.

Is it true that Wugsville has warm weather? Answer yes or no: ","Given the following statement:
I hate warm weather. Therefore, I prefer Wugsville to Gektopia.

Is it true that Gektopia has warm weather? Answer yes or no: ",-1.6197274923324585,-1.3580775260925293,-3.7151546478271484,-5.78519344329834,-3.866549491882324,-5.84007453918457
154,"I love coastal cities. As a result, I prefer Daxburgh to Blicketland.",Daxburgh is a coastal city.,29_9_preference_Daxburgh_as a result_Blicketland_Daxburgh is a coastal city._love,Blicketland is a coastal city.,29_9_preference_Daxburgh_as a result_Blicketland_Blicketland is a coastal city._love,Daxburgh,Blicketland,"Given the following statement:
I love coastal cities. As a result, I prefer Daxburgh to Blicketland.

Produce a valid conclusion: ","Given the following statement:
I love coastal cities. As a result, I prefer Daxburgh to Blicketland.

Is it true that Daxburgh is a coastal city? Answer yes or no: ","Given the following statement:
I love coastal cities. As a result, I prefer Daxburgh to Blicketland.

Is it true that Blicketland is a coastal city? Answer yes or no: ",-0.5701758861541748,-0.6395413279533386,-3.618100166320801,-5.275735855102539,-3.5531721115112305,-5.191664695739746
155,"I love blue flowers, nevertheless, I prefer daxes to blickets.",daxes are blue flowers.,113_3_preference_daxes_nevertheless_blickets_daxes are blue flowers._love,blickets are blue flowers.,113_3_preference_daxes_nevertheless_blickets_blickets are blue flowers._love,daxes,blickets,"Given the following statement:
I love blue flowers, nevertheless, I prefer daxes to blickets.

Produce a valid conclusion: ","Given the following statement:
I love blue flowers, nevertheless, I prefer daxes to blickets.

Is it true that daxes are blue flowers? Answer yes or no: ","Given the following statement:
I love blue flowers, nevertheless, I prefer daxes to blickets.

Is it true that blickets are blue flowers? Answer yes or no: ",-1.5309590101242065,-1.3164794445037842,-5.009125709533691,-6.734768867492676,-4.808553695678711,-6.524292945861816
156,"daxday happened. Finally, fepfestival happened.",daxday occured after fepfestival.,117_7_temporal_daxday_finally_fepfestival_daxday occured after fepfestival._after,fepfestival occured after daxday.,117_7_temporal_daxday_finally_fepfestival_fepfestival occured after daxday._after,daxday,fepfestival,"Given the following statement:
daxday happened. Finally, fepfestival happened.

Produce a valid conclusion: ","Given the following statement:
daxday happened. Finally, fepfestival happened.

Is it true that daxday occured after fepfestival? Answer yes or no: ","Given the following statement:
daxday happened. Finally, fepfestival happened.

Is it true that fepfestival occured after daxday? Answer yes or no: ",-1.3031786680221558,-1.6622804403305054,-2.2052392959594727,-4.441286087036133,-2.343320846557617,-4.615500450134277
157,"I prefer Fepopolis to Blicketland, since I hate warm weather.",Fepopolis has warm weather.,128_8_preference_Fepopolis_since_Blicketland_Fepopolis has warm weather._hate,Blicketland has warm weather.,128_8_preference_Fepopolis_since_Blicketland_Blicketland has warm weather._hate,Fepopolis,Blicketland,"Given the following statement:
I prefer Fepopolis to Blicketland, since I hate warm weather.

Produce a valid conclusion: ","Given the following statement:
I prefer Fepopolis to Blicketland, since I hate warm weather.

Is it true that Fepopolis has warm weather? Answer yes or no: ","Given the following statement:
I prefer Fepopolis to Blicketland, since I hate warm weather.

Is it true that Blicketland has warm weather? Answer yes or no: ",-1.1680485010147095,-1.1441988945007324,-3.1938610076904297,-5.312236785888672,-3.220412254333496,-5.3385820388793945
158,"I hate wugs, for instance, geks are awful.",wugs are instances of geks.,14_4_instantiation_wugs_for instance_geks_wugs are instances of geks._are,geks are instances of wugs.,14_4_instantiation_wugs_for instance_geks_geks are instances of wugs._are,wugs,geks,"Given the following statement:
I hate wugs, for instance, geks are awful.

Produce a valid conclusion: ","Given the following statement:
I hate wugs, for instance, geks are awful.

Is it true that wugs are instances of geks? Answer yes or no: ","Given the following statement:
I hate wugs, for instance, geks are awful.

Is it true that geks are instances of wugs? Answer yes or no: ",-2.502551317214966,-2.9216997623443604,-3.688502311706543,-5.928436279296875,-3.8312454223632812,-5.96574592590332
159,"I love mammals, though I prefer feps to geks.",feps are mammals.,152_2_preference_feps_though_geks_feps are mammals._love,geks are mammals.,152_2_preference_feps_though_geks_geks are mammals._love,feps,geks,"Given the following statement:
I love mammals, though I prefer feps to geks.

Produce a valid conclusion: ","Given the following statement:
I love mammals, though I prefer feps to geks.

Is it true that feps are mammals? Answer yes or no: ","Given the following statement:
I love mammals, though I prefer feps to geks.

Is it true that geks are mammals? Answer yes or no: ",-2.569277286529541,-2.772634983062744,-4.524114608764648,-6.345799446105957,-4.275548934936523,-6.163325309753418
160,"I like feps, for example, blickets are nice.",feps are instances of blickets.,8_8_instantiation_feps_for example_blickets_feps are instances of blickets._are,blickets are instances of feps.,8_8_instantiation_feps_for example_blickets_blickets are instances of feps._are,feps,blickets,"Given the following statement:
I like feps, for example, blickets are nice.

Produce a valid conclusion: ","Given the following statement:
I like feps, for example, blickets are nice.

Is it true that feps are instances of blickets? Answer yes or no: ","Given the following statement:
I like feps, for example, blickets are nice.

Is it true that blickets are instances of feps? Answer yes or no: ",-2.6879186630249023,-2.052888870239258,-3.6421775817871094,-5.798845291137695,-3.43377685546875,-5.81126594543457
161,"I prefer Wugsville to Gektopia, but I love coastal cities.",Wugsville is a coastal city.,59_9_preference_Wugsville_but_Gektopia_Wugsville is a coastal city._love,Gektopia is a coastal city.,59_9_preference_Wugsville_but_Gektopia_Gektopia is a coastal city._love,Wugsville,Gektopia,"Given the following statement:
I prefer Wugsville to Gektopia, but I love coastal cities.

Produce a valid conclusion: ","Given the following statement:
I prefer Wugsville to Gektopia, but I love coastal cities.

Is it true that Wugsville is a coastal city? Answer yes or no: ","Given the following statement:
I prefer Wugsville to Gektopia, but I love coastal cities.

Is it true that Gektopia is a coastal city? Answer yes or no: ",-0.7204005718231201,-0.8501194715499878,-3.6424217224121094,-5.499655723571777,-3.7867889404296875,-5.677389144897461
162,"I like feps, for instance, blickets are nice.",feps are instances of blickets.,18_8_instantiation_feps_for instance_blickets_feps are instances of blickets._are,blickets are instances of feps.,18_8_instantiation_feps_for instance_blickets_blickets are instances of feps._are,feps,blickets,"Given the following statement:
I like feps, for instance, blickets are nice.

Produce a valid conclusion: ","Given the following statement:
I like feps, for instance, blickets are nice.

Is it true that feps are instances of blickets? Answer yes or no: ","Given the following statement:
I like feps, for instance, blickets are nice.

Is it true that blickets are instances of feps? Answer yes or no: ",-2.6925735473632812,-2.0866317749023438,-3.6699094772338867,-5.7543487548828125,-3.435551643371582,-5.76995849609375
163,"wugfest happened. Consequently, daxday happened.",wugfest occured after daxday.,70_10_temporal_wugfest_consequently_daxday_wugfest occured after daxday._after,daxday occured after wugfest.,70_10_temporal_wugfest_consequently_daxday_daxday occured after wugfest._after,wugfest,daxday,"Given the following statement:
wugfest happened. Consequently, daxday happened.

Produce a valid conclusion: ","Given the following statement:
wugfest happened. Consequently, daxday happened.

Is it true that wugfest occured after daxday? Answer yes or no: ","Given the following statement:
wugfest happened. Consequently, daxday happened.

Is it true that daxday occured after wugfest? Answer yes or no: ",-1.7334436178207397,-1.4873073101043701,-3.627352714538574,-5.510396957397461,-3.395134925842285,-5.345464706420898
164,"While I love mammals, I prefer feps to geks.",feps are mammals.,172_2_preference_feps_while_geks_feps are mammals._love,geks are mammals.,172_2_preference_feps_while_geks_geks are mammals._love,feps,geks,"Given the following statement:
While I love mammals, I prefer feps to geks.

Produce a valid conclusion: ","Given the following statement:
While I love mammals, I prefer feps to geks.

Is it true that feps are mammals? Answer yes or no: ","Given the following statement:
While I love mammals, I prefer feps to geks.

Is it true that geks are mammals? Answer yes or no: ",-2.409303665161133,-2.4337925910949707,-4.556285858154297,-6.503290176391602,-4.392838478088379,-6.382109642028809
165,"Though I hate warm weather, I prefer Wugsville to Daxburgh.",Wugsville has warm weather.,158_8_preference_Wugsville_though_Daxburgh_Wugsville has warm weather._hate,Daxburgh has warm weather.,158_8_preference_Wugsville_though_Daxburgh_Daxburgh has warm weather._hate,Wugsville,Daxburgh,"Given the following statement:
Though I hate warm weather, I prefer Wugsville to Daxburgh.

Produce a valid conclusion: ","Given the following statement:
Though I hate warm weather, I prefer Wugsville to Daxburgh.

Is it true that Wugsville has warm weather? Answer yes or no: ","Given the following statement:
Though I hate warm weather, I prefer Wugsville to Daxburgh.

Is it true that Daxburgh has warm weather? Answer yes or no: ",-1.5299265384674072,-1.5505000352859497,-3.538045883178711,-5.266155242919922,-3.539963722229004,-5.2902727127075195
166,I prefer Wugsville to Blicketland because I love snowy winters.,Wugsville has snowy winters.,46_6_preference_Wugsville_because_Blicketland_Wugsville has snowy winters._love,Blicketland has snowy winters.,46_6_preference_Wugsville_because_Blicketland_Blicketland has snowy winters._love,Wugsville,Blicketland,"Given the following statement:
I prefer Wugsville to Blicketland because I love snowy winters.

Produce a valid conclusion: ","Given the following statement:
I prefer Wugsville to Blicketland because I love snowy winters.

Is it true that Wugsville has snowy winters? Answer yes or no: ","Given the following statement:
I prefer Wugsville to Blicketland because I love snowy winters.

Is it true that Blicketland has snowy winters? Answer yes or no: ",-0.9089667797088623,-0.9166460037231445,-2.9701614379882812,-4.697182655334473,-3.191478729248047,-4.918448448181152
167,I prefer daxes to feps because I love blue flowers.,daxes are blue flowers.,43_3_preference_daxes_because_feps_daxes are blue flowers._love,feps are blue flowers.,43_3_preference_daxes_because_feps_feps are blue flowers._love,daxes,feps,"Given the following statement:
I prefer daxes to feps because I love blue flowers.

Produce a valid conclusion: ","Given the following statement:
I prefer daxes to feps because I love blue flowers.

Is it true that daxes are blue flowers? Answer yes or no: ","Given the following statement:
I prefer daxes to feps because I love blue flowers.

Is it true that feps are blue flowers? Answer yes or no: ",-1.3889570236206055,-2.611168622970581,-4.058492660522461,-5.846478462219238,-3.844015121459961,-5.668149948120117
168,"wugfest happened. Afterwards, blicketbash happened.",wugfest occured before blicketbash.,12_2_temporal_wugfest_afterwards_blicketbash_wugfest occured before blicketbash._before,blicketbash occured before wugfest.,12_2_temporal_wugfest_afterwards_blicketbash_blicketbash occured before wugfest._before,wugfest,blicketbash,"Given the following statement:
wugfest happened. Afterwards, blicketbash happened.

Produce a valid conclusion: ","Given the following statement:
wugfest happened. Afterwards, blicketbash happened.

Is it true that wugfest occured before blicketbash? Answer yes or no: ","Given the following statement:
wugfest happened. Afterwards, blicketbash happened.

Is it true that blicketbash occured before wugfest? Answer yes or no: ",-1.5376394987106323,-1.330658197402954,-3.259662628173828,-5.614713668823242,-2.985330581665039,-5.315926551818848
169,daxday happened even after fepfestival.,daxday occured before fepfestival.,89_9_temporal_daxday_even after_fepfestival_daxday occured before fepfestival._before,fepfestival occured before daxday.,89_9_temporal_daxday_even after_fepfestival_fepfestival occured before daxday._before,daxday,fepfestival,"Given the following statement:
daxday happened even after fepfestival.

Produce a valid conclusion: ","Given the following statement:
daxday happened even after fepfestival.

Is it true that daxday occured before fepfestival? Answer yes or no: ","Given the following statement:
daxday happened even after fepfestival.

Is it true that fepfestival occured before daxday? Answer yes or no: ",-1.126755952835083,-1.693992257118225,-2.5068359375,-4.799516677856445,-2.476055145263672,-4.859017372131348
170,"I hate wugs, for example, geks are awful.",wugs are instances of geks.,4_4_instantiation_wugs_for example_geks_wugs are instances of geks._are,geks are instances of wugs.,4_4_instantiation_wugs_for example_geks_geks are instances of wugs._are,wugs,geks,"Given the following statement:
I hate wugs, for example, geks are awful.

Produce a valid conclusion: ","Given the following statement:
I hate wugs, for example, geks are awful.

Is it true that wugs are instances of geks? Answer yes or no: ","Given the following statement:
I hate wugs, for example, geks are awful.

Is it true that geks are instances of wugs? Answer yes or no: ",-2.5221686363220215,-2.864896535873413,-3.6502532958984375,-5.974390029907227,-3.762173652648926,-5.966064453125
171,"Since I love mammals, I prefer daxes to blickets.",daxes are mammals.,122_2_preference_daxes_since_blickets_daxes are mammals._love,blickets are mammals.,122_2_preference_daxes_since_blickets_blickets are mammals._love,daxes,blickets,"Given the following statement:
Since I love mammals, I prefer daxes to blickets.

Produce a valid conclusion: ","Given the following statement:
Since I love mammals, I prefer daxes to blickets.

Is it true that daxes are mammals? Answer yes or no: ","Given the following statement:
Since I love mammals, I prefer daxes to blickets.

Is it true that blickets are mammals? Answer yes or no: ",-1.507529854774475,-1.1846269369125366,-4.708622932434082,-6.544668197631836,-4.625347137451172,-6.457533836364746
172,"I love insects. Therefore, I prefer wugs to daxes.",wugs are insects.,145_5_preference_wugs_therefore_daxes_wugs are insects._love,daxes are insects.,145_5_preference_wugs_therefore_daxes_daxes are insects._love,wugs,daxes,"Given the following statement:
I love insects. Therefore, I prefer wugs to daxes.

Produce a valid conclusion: ","Given the following statement:
I love insects. Therefore, I prefer wugs to daxes.

Is it true that wugs are insects? Answer yes or no: ","Given the following statement:
I love insects. Therefore, I prefer wugs to daxes.

Is it true that daxes are insects? Answer yes or no: ",-1.8319337368011475,-2.300112247467041,-4.7455644607543945,-6.585004806518555,-4.7900390625,-6.671078681945801
173,"I find blickets, in particular, geks to be cute.",blickets are instances of geks.,30_10_instantiation_blickets_in particular_geks_blickets are instances of geks._are,geks are instances of blickets.,30_10_instantiation_blickets_in particular_geks_geks are instances of blickets._are,blickets,geks,"Given the following statement:
I find blickets, in particular, geks to be cute.

Produce a valid conclusion: ","Given the following statement:
I find blickets, in particular, geks to be cute.

Is it true that blickets are instances of geks? Answer yes or no: ","Given the following statement:
I find blickets, in particular, geks to be cute.

Is it true that geks are instances of blickets? Answer yes or no: ",-2.024538993835449,-2.8360893726348877,-3.0758161544799805,-5.864476203918457,-3.2269649505615234,-5.868465423583984
174,wugfest happened before daxday.,wugfest occured before daxday.,52_2_temporal_wugfest_before_daxday_wugfest occured before daxday._before,daxday occured before wugfest.,52_2_temporal_wugfest_before_daxday_daxday occured before wugfest._before,wugfest,daxday,"Given the following statement:
wugfest happened before daxday.

Produce a valid conclusion: ","Given the following statement:
wugfest happened before daxday.

Is it true that wugfest occured before daxday? Answer yes or no: ","Given the following statement:
wugfest happened before daxday.

Is it true that daxday occured before wugfest? Answer yes or no: ",-0.9807208776473999,-0.9439836740493774,-2.6815404891967773,-4.6849212646484375,-2.6376819610595703,-4.486944198608398
175,I prefer wugs to daxes because I love fuzzy creatures.,wugs are fuzzy creatures.,41_1_preference_wugs_because_daxes_wugs are fuzzy creatures._love,daxes are fuzzy creatures.,41_1_preference_wugs_because_daxes_daxes are fuzzy creatures._love,wugs,daxes,"Given the following statement:
I prefer wugs to daxes because I love fuzzy creatures.

Produce a valid conclusion: ","Given the following statement:
I prefer wugs to daxes because I love fuzzy creatures.

Is it true that wugs are fuzzy creatures? Answer yes or no: ","Given the following statement:
I prefer wugs to daxes because I love fuzzy creatures.

Is it true that daxes are fuzzy creatures? Answer yes or no: ",-1.0127307176589966,-1.4658656120300293,-3.441732406616211,-5.549283027648926,-3.5821943283081055,-5.542289733886719
176,"I prefer Wugsville to Daxburgh, however, I hate warm weather.",Wugsville has warm weather.,108_8_preference_Wugsville_however_Daxburgh_Wugsville has warm weather._hate,Daxburgh has warm weather.,108_8_preference_Wugsville_however_Daxburgh_Daxburgh has warm weather._hate,Wugsville,Daxburgh,"Given the following statement:
I prefer Wugsville to Daxburgh, however, I hate warm weather.

Produce a valid conclusion: ","Given the following statement:
I prefer Wugsville to Daxburgh, however, I hate warm weather.

Is it true that Wugsville has warm weather? Answer yes or no: ","Given the following statement:
I prefer Wugsville to Daxburgh, however, I hate warm weather.

Is it true that Daxburgh has warm weather? Answer yes or no: ",-1.2189089059829712,-1.26107656955719,-3.2929019927978516,-5.085362434387207,-3.366588592529297,-5.2347564697265625
177,"Even though gekxtravaganza had happened, wugfest happened.",wugfest occured after gekxtravaganza.,107_7_temporal_wugfest_even though_gekxtravaganza_wugfest occured after gekxtravaganza._after,gekxtravaganza occured after wugfest.,107_7_temporal_wugfest_even though_gekxtravaganza_gekxtravaganza occured after wugfest._after,wugfest,gekxtravaganza,"Given the following statement:
Even though gekxtravaganza had happened, wugfest happened.

Produce a valid conclusion: ","Given the following statement:
Even though gekxtravaganza had happened, wugfest happened.

Is it true that wugfest occured after gekxtravaganza? Answer yes or no: ","Given the following statement:
Even though gekxtravaganza had happened, wugfest happened.

Is it true that gekxtravaganza occured after wugfest? Answer yes or no: ",-1.2365593910217285,-1.3263016939163208,-3.5349903106689453,-5.356832504272461,-3.479586601257324,-5.26507568359375
178,"I hate snowy winters, yet I prefer Wugsville to Fepopolis.",Wugsville has snowy winters.,186_6_preference_Wugsville_yet_Fepopolis_Wugsville has snowy winters._hate,Fepopolis has snowy winters.,186_6_preference_Wugsville_yet_Fepopolis_Fepopolis has snowy winters._hate,Wugsville,Fepopolis,"Given the following statement:
I hate snowy winters, yet I prefer Wugsville to Fepopolis.

Produce a valid conclusion: ","Given the following statement:
I hate snowy winters, yet I prefer Wugsville to Fepopolis.

Is it true that Wugsville has snowy winters? Answer yes or no: ","Given the following statement:
I hate snowy winters, yet I prefer Wugsville to Fepopolis.

Is it true that Fepopolis has snowy winters? Answer yes or no: ",-1.1344443559646606,-1.037047266960144,-3.552950859069824,-5.279616355895996,-3.7344284057617188,-5.445343971252441
179,"I prefer feps to blickets, as I love insects.",feps are insects.,15_5_preference_feps_as_blickets_feps are insects._love,blickets are insects.,15_5_preference_feps_as_blickets_blickets are insects._love,feps,blickets,"Given the following statement:
I prefer feps to blickets, as I love insects.

Produce a valid conclusion: ","Given the following statement:
I prefer feps to blickets, as I love insects.

Is it true that feps are insects? Answer yes or no: ","Given the following statement:
I prefer feps to blickets, as I love insects.

Is it true that blickets are insects? Answer yes or no: ",-3.058016538619995,-1.596877098083496,-4.264238357543945,-6.160788536071777,-4.285200119018555,-6.163633346557617
180,"I love warm weather. Thus, I prefer Wugsville to Blicketland.",Wugsville has warm weather.,168_8_preference_Wugsville_thus_Blicketland_Wugsville has warm weather._love,Blicketland has warm weather.,168_8_preference_Wugsville_thus_Blicketland_Blicketland has warm weather._love,Wugsville,Blicketland,"Given the following statement:
I love warm weather. Thus, I prefer Wugsville to Blicketland.

Produce a valid conclusion: ","Given the following statement:
I love warm weather. Thus, I prefer Wugsville to Blicketland.

Is it true that Wugsville has warm weather? Answer yes or no: ","Given the following statement:
I love warm weather. Thus, I prefer Wugsville to Blicketland.

Is it true that Blicketland has warm weather? Answer yes or no: ",-1.3705805540084839,-1.2318068742752075,-3.540304183959961,-5.590801239013672,-3.6256256103515625,-5.5972185134887695
181,"While I prefer Blicketland to Gektopia, I hate living near mountains.",Blicketland has mountains.,177_7_preference_Blicketland_while_Gektopia_Blicketland has mountains._hate,Gektopia has mountains.,177_7_preference_Blicketland_while_Gektopia_Gektopia has mountains._hate,Blicketland,Gektopia,"Given the following statement:
While I prefer Blicketland to Gektopia, I hate living near mountains.

Produce a valid conclusion: ","Given the following statement:
While I prefer Blicketland to Gektopia, I hate living near mountains.

Is it true that Blicketland has mountains? Answer yes or no: ","Given the following statement:
While I prefer Blicketland to Gektopia, I hate living near mountains.

Is it true that Gektopia has mountains? Answer yes or no: ",-1.309381127357483,-1.4043523073196411,-3.7551584243774414,-5.598154067993164,-3.9995059967041016,-5.851437568664551
182,"While I prefer daxes to blickets, I love fuzzy creatures.",daxes are fuzzy creatures.,171_1_preference_daxes_while_blickets_daxes are fuzzy creatures._love,blickets are fuzzy creatures.,171_1_preference_daxes_while_blickets_blickets are fuzzy creatures._love,daxes,blickets,"Given the following statement:
While I prefer daxes to blickets, I love fuzzy creatures.

Produce a valid conclusion: ","Given the following statement:
While I prefer daxes to blickets, I love fuzzy creatures.

Is it true that daxes are fuzzy creatures? Answer yes or no: ","Given the following statement:
While I prefer daxes to blickets, I love fuzzy creatures.

Is it true that blickets are fuzzy creatures? Answer yes or no: ",-1.1997016668319702,-1.1918359994888306,-4.106818199157715,-6.176012992858887,-4.018488883972168,-6.245270729064941
183,"because blicketbash happened, fepfestival happened.",fepfestival occured before blicketbash.,43_3_temporal_fepfestival_because_blicketbash_fepfestival occured before blicketbash._before,blicketbash occured before fepfestival.,43_3_temporal_fepfestival_because_blicketbash_blicketbash occured before fepfestival._before,fepfestival,blicketbash,"Given the following statement:
because blicketbash happened, fepfestival happened.

Produce a valid conclusion: ","Given the following statement:
because blicketbash happened, fepfestival happened.

Is it true that fepfestival occured before blicketbash? Answer yes or no: ","Given the following statement:
because blicketbash happened, fepfestival happened.

Is it true that blicketbash occured before fepfestival? Answer yes or no: ",-1.82060968875885,-1.3231475353240967,-2.263103485107422,-4.522212982177734,-2.2322072982788086,-4.361144065856934
184,"I prefer Wugsville to Fepopolis, nevertheless, I hate warm weather.",Wugsville has warm weather.,118_8_preference_Wugsville_nevertheless_Fepopolis_Wugsville has warm weather._hate,Fepopolis has warm weather.,118_8_preference_Wugsville_nevertheless_Fepopolis_Fepopolis has warm weather._hate,Wugsville,Fepopolis,"Given the following statement:
I prefer Wugsville to Fepopolis, nevertheless, I hate warm weather.

Produce a valid conclusion: ","Given the following statement:
I prefer Wugsville to Fepopolis, nevertheless, I hate warm weather.

Is it true that Wugsville has warm weather? Answer yes or no: ","Given the following statement:
I prefer Wugsville to Fepopolis, nevertheless, I hate warm weather.

Is it true that Fepopolis has warm weather? Answer yes or no: ",-1.331194281578064,-1.218669056892395,-3.5889892578125,-5.496259689331055,-3.7397937774658203,-5.716032981872559
185,"I prefer Wugsville to Gektopia, although I love coastal cities.",Wugsville is a coastal city.,9_9_preference_Wugsville_although_Gektopia_Wugsville is a coastal city._love,Gektopia is a coastal city.,9_9_preference_Wugsville_although_Gektopia_Gektopia is a coastal city._love,Wugsville,Gektopia,"Given the following statement:
I prefer Wugsville to Gektopia, although I love coastal cities.

Produce a valid conclusion: ","Given the following statement:
I prefer Wugsville to Gektopia, although I love coastal cities.

Is it true that Wugsville is a coastal city? Answer yes or no: ","Given the following statement:
I prefer Wugsville to Gektopia, although I love coastal cities.

Is it true that Gektopia is a coastal city? Answer yes or no: ",-0.7802704572677612,-0.8366667628288269,-3.7737655639648438,-5.57740592956543,-3.8995628356933594,-5.731050491333008
186,"Although I love mammals, I prefer daxes to blickets.",daxes are mammals.,2_2_preference_daxes_although_blickets_daxes are mammals._love,blickets are mammals.,2_2_preference_daxes_although_blickets_blickets are mammals._love,daxes,blickets,"Given the following statement:
Although I love mammals, I prefer daxes to blickets.

Produce a valid conclusion: ","Given the following statement:
Although I love mammals, I prefer daxes to blickets.

Is it true that daxes are mammals? Answer yes or no: ","Given the following statement:
Although I love mammals, I prefer daxes to blickets.

Is it true that blickets are mammals? Answer yes or no: ",-1.4700562953948975,-0.9740168452262878,-4.63419246673584,-6.457402229309082,-4.5281171798706055,-6.351219177246094
187,"As much as I love skyscrapers, I prefer Wugsville to Fepopolis.",Wugsville has skyscrapers.,40_10_preference_Wugsville_as much as_Fepopolis_Wugsville has skyscrapers._love,Fepopolis has skyscrapers.,40_10_preference_Wugsville_as much as_Fepopolis_Fepopolis has skyscrapers._love,Wugsville,Fepopolis,"Given the following statement:
As much as I love skyscrapers, I prefer Wugsville to Fepopolis.

Produce a valid conclusion: ","Given the following statement:
As much as I love skyscrapers, I prefer Wugsville to Fepopolis.

Is it true that Wugsville has skyscrapers? Answer yes or no: ","Given the following statement:
As much as I love skyscrapers, I prefer Wugsville to Fepopolis.

Is it true that Fepopolis has skyscrapers? Answer yes or no: ",-1.1496498584747314,-0.9988186359405518,-3.690232276916504,-5.138401031494141,-3.886638641357422,-5.392678260803223
188,"I prefer wugs to blickets, as I love bass instruments.",wugs are bass instruments.,14_4_preference_wugs_as_blickets_wugs are bass instruments._love,blickets are bass instruments.,14_4_preference_wugs_as_blickets_blickets are bass instruments._love,wugs,blickets,"Given the following statement:
I prefer wugs to blickets, as I love bass instruments.

Produce a valid conclusion: ","Given the following statement:
I prefer wugs to blickets, as I love bass instruments.

Is it true that wugs are bass instruments? Answer yes or no: ","Given the following statement:
I prefer wugs to blickets, as I love bass instruments.

Is it true that blickets are bass instruments? Answer yes or no: ",-1.5305746793746948,-1.4539915323257446,-4.027189254760742,-5.573675155639648,-4.158341407775879,-5.683762550354004
189,"As much as I hate living near mountains, I prefer Blicketland to Gektopia.",Blicketland has mountains.,37_7_preference_Blicketland_as much as_Gektopia_Blicketland has mountains._hate,Gektopia has mountains.,37_7_preference_Blicketland_as much as_Gektopia_Gektopia has mountains._hate,Blicketland,Gektopia,"Given the following statement:
As much as I hate living near mountains, I prefer Blicketland to Gektopia.

Produce a valid conclusion: ","Given the following statement:
As much as I hate living near mountains, I prefer Blicketland to Gektopia.

Is it true that Blicketland has mountains? Answer yes or no: ","Given the following statement:
As much as I hate living near mountains, I prefer Blicketland to Gektopia.

Is it true that Gektopia has mountains? Answer yes or no: ",-1.2805683612823486,-1.3421804904937744,-3.9195613861083984,-5.67503547668457,-4.085500717163086,-5.749161720275879
190,"I hate mammals. For instance, I prefer daxes to feps.",daxes are mammals.,92_2_preference_daxes_for instance_feps_daxes are mammals._hate,feps are mammals.,92_2_preference_daxes_for instance_feps_feps are mammals._hate,daxes,feps,"Given the following statement:
I hate mammals. For instance, I prefer daxes to feps.

Produce a valid conclusion: ","Given the following statement:
I hate mammals. For instance, I prefer daxes to feps.

Is it true that daxes are mammals? Answer yes or no: ","Given the following statement:
I hate mammals. For instance, I prefer daxes to feps.

Is it true that feps are mammals? Answer yes or no: ",-1.4347801208496094,-2.526763439178467,-4.793886184692383,-6.8196258544921875,-4.754416465759277,-6.666996002197266
191,"I hate fuzzy creatures. Thus, I prefer daxes to geks.",daxes are fuzzy creatures.,161_1_preference_daxes_thus_geks_daxes are fuzzy creatures._hate,geks are fuzzy creatures.,161_1_preference_daxes_thus_geks_geks are fuzzy creatures._hate,daxes,geks,"Given the following statement:
I hate fuzzy creatures. Thus, I prefer daxes to geks.

Produce a valid conclusion: ","Given the following statement:
I hate fuzzy creatures. Thus, I prefer daxes to geks.

Is it true that daxes are fuzzy creatures? Answer yes or no: ","Given the following statement:
I hate fuzzy creatures. Thus, I prefer daxes to geks.

Is it true that geks are fuzzy creatures? Answer yes or no: ",-1.4244948625564575,-1.9623156785964966,-4.972958564758301,-6.855830192565918,-4.910470008850098,-6.7811479568481445
192,wugfest happened as soon as blicketbash finished.,wugfest occured before blicketbash.,25_5_temporal_wugfest_as soon as_blicketbash_wugfest occured before blicketbash._before,blicketbash occured before wugfest.,25_5_temporal_wugfest_as soon as_blicketbash_blicketbash occured before wugfest._before,wugfest,blicketbash,"Given the following statement:
wugfest happened as soon as blicketbash finished.

Produce a valid conclusion: ","Given the following statement:
wugfest happened as soon as blicketbash finished.

Is it true that wugfest occured before blicketbash? Answer yes or no: ","Given the following statement:
wugfest happened as soon as blicketbash finished.

Is it true that blicketbash occured before wugfest? Answer yes or no: ",-1.34095299243927,-1.0664252042770386,-2.6561994552612305,-4.684523582458496,-2.398408889770508,-4.480470657348633
193,"I find daxes, in particular, geks to be cute.",daxes are instances of geks.,27_7_instantiation_daxes_in particular_geks_daxes are instances of geks._are,geks are instances of daxes.,27_7_instantiation_daxes_in particular_geks_geks are instances of daxes._are,daxes,geks,"Given the following statement:
I find daxes, in particular, geks to be cute.

Produce a valid conclusion: ","Given the following statement:
I find daxes, in particular, geks to be cute.

Is it true that daxes are instances of geks? Answer yes or no: ","Given the following statement:
I find daxes, in particular, geks to be cute.

Is it true that geks are instances of daxes? Answer yes or no: ",-2.4925787448883057,-3.314274549484253,-3.1638412475585938,-5.695517539978027,-3.327024459838867,-5.760885238647461
194,"Though I love blue flowers, I prefer blickets to geks.",blickets are blue flowers.,153_3_preference_blickets_though_geks_blickets are blue flowers._love,geks are blue flowers.,153_3_preference_blickets_though_geks_geks are blue flowers._love,blickets,geks,"Given the following statement:
Though I love blue flowers, I prefer blickets to geks.

Produce a valid conclusion: ","Given the following statement:
Though I love blue flowers, I prefer blickets to geks.

Is it true that blickets are blue flowers? Answer yes or no: ","Given the following statement:
Though I love blue flowers, I prefer blickets to geks.

Is it true that geks are blue flowers? Answer yes or no: ",-1.2386120557785034,-2.6335036754608154,-4.9892683029174805,-6.420409202575684,-4.927445411682129,-6.346803665161133
195,"Even though I love snowy winters, I prefer Wugsville to Fepopolis.",Wugsville has snowy winters.,66_6_preference_Wugsville_even though_Fepopolis_Wugsville has snowy winters._love,Fepopolis has snowy winters.,66_6_preference_Wugsville_even though_Fepopolis_Fepopolis has snowy winters._love,Wugsville,Fepopolis,"Given the following statement:
Even though I love snowy winters, I prefer Wugsville to Fepopolis.

Produce a valid conclusion: ","Given the following statement:
Even though I love snowy winters, I prefer Wugsville to Fepopolis.

Is it true that Wugsville has snowy winters? Answer yes or no: ","Given the following statement:
Even though I love snowy winters, I prefer Wugsville to Fepopolis.

Is it true that Fepopolis has snowy winters? Answer yes or no: ",-1.212449550628662,-1.000911831855774,-3.39113712310791,-4.8854265213012695,-3.611508369445801,-5.087198257446289
196,"I prefer wugs to geks, however, I love insects.",wugs are insects.,105_5_preference_wugs_however_geks_wugs are insects._love,geks are insects.,105_5_preference_wugs_however_geks_geks are insects._love,wugs,geks,"Given the following statement:
I prefer wugs to geks, however, I love insects.

Produce a valid conclusion: ","Given the following statement:
I prefer wugs to geks, however, I love insects.

Is it true that wugs are insects? Answer yes or no: ","Given the following statement:
I prefer wugs to geks, however, I love insects.

Is it true that geks are insects? Answer yes or no: ",-1.5881656408309937,-3.0324549674987793,-3.753390312194824,-5.471921920776367,-3.767120361328125,-5.4521684646606445
197,"fepfestival happened. Therefore, gekxtravaganza happened.",fepfestival occured after gekxtravaganza.,221_1_temporal_fepfestival_therefore_gekxtravaganza_fepfestival occured after gekxtravaganza._after,gekxtravaganza occured after fepfestival.,221_1_temporal_fepfestival_therefore_gekxtravaganza_gekxtravaganza occured after fepfestival._after,fepfestival,gekxtravaganza,"Given the following statement:
fepfestival happened. Therefore, gekxtravaganza happened.

Produce a valid conclusion: ","Given the following statement:
fepfestival happened. Therefore, gekxtravaganza happened.

Is it true that fepfestival occured after gekxtravaganza? Answer yes or no: ","Given the following statement:
fepfestival happened. Therefore, gekxtravaganza happened.

Is it true that gekxtravaganza occured after fepfestival? Answer yes or no: ",-1.5481302738189697,-1.6597243547439575,-3.466252326965332,-5.409161567687988,-3.567127227783203,-5.528227806091309
198,"I hate coastal cities, though I prefer Wugsville to Blicketland.",Wugsville is a coastal city.,159_9_preference_Wugsville_though_Blicketland_Wugsville is a coastal city._hate,Blicketland is a coastal city.,159_9_preference_Wugsville_though_Blicketland_Blicketland is a coastal city._hate,Wugsville,Blicketland,"Given the following statement:
I hate coastal cities, though I prefer Wugsville to Blicketland.

Produce a valid conclusion: ","Given the following statement:
I hate coastal cities, though I prefer Wugsville to Blicketland.

Is it true that Wugsville is a coastal city? Answer yes or no: ","Given the following statement:
I hate coastal cities, though I prefer Wugsville to Blicketland.

Is it true that Blicketland is a coastal city? Answer yes or no: ",-0.7524846792221069,-0.6767085194587708,-4.062148094177246,-5.859866142272949,-4.086522102355957,-5.868451118469238
199,daxday happened after blicketbash.,daxday occured before blicketbash.,6_6_temporal_daxday_after_blicketbash_daxday occured before blicketbash._before,blicketbash occured before daxday.,6_6_temporal_daxday_after_blicketbash_blicketbash occured before daxday._before,daxday,blicketbash,"Given the following statement:
daxday happened after blicketbash.

Produce a valid conclusion: ","Given the following statement:
daxday happened after blicketbash.

Is it true that daxday occured before blicketbash? Answer yes or no: ","Given the following statement:
daxday happened after blicketbash.

Is it true that blicketbash occured before daxday? Answer yes or no: ",-1.0700249671936035,-1.057504415512085,-2.782459259033203,-4.946883201599121,-2.5795907974243164,-4.797206878662109
200,"I hate bass instruments. For instance, I prefer wugs to geks.",wugs are bass instruments.,94_4_preference_wugs_for instance_geks_wugs are bass instruments._hate,geks are bass instruments.,94_4_preference_wugs_for instance_geks_geks are bass instruments._hate,wugs,geks,"Given the following statement:
I hate bass instruments. For instance, I prefer wugs to geks.

Produce a valid conclusion: ","Given the following statement:
I hate bass instruments. For instance, I prefer wugs to geks.

Is it true that wugs are bass instruments? Answer yes or no: ","Given the following statement:
I hate bass instruments. For instance, I prefer wugs to geks.

Is it true that geks are bass instruments? Answer yes or no: ",-1.8096833229064941,-2.7084693908691406,-4.572893142700195,-6.194757461547852,-4.706805229187012,-6.339691162109375
201,"I find feps such as geks, to be cute.",feps are instances of geks.,39_9_instantiation_feps_such as_geks_feps are instances of geks._are,geks are instances of feps.,39_9_instantiation_feps_such as_geks_geks are instances of feps._are,feps,geks,"Given the following statement:
I find feps such as geks, to be cute.

Produce a valid conclusion: ","Given the following statement:
I find feps such as geks, to be cute.

Is it true that feps are instances of geks? Answer yes or no: ","Given the following statement:
I find feps such as geks, to be cute.

Is it true that geks are instances of feps? Answer yes or no: ",-3.2499589920043945,-3.401109457015991,-3.3201732635498047,-5.734233856201172,-3.4641475677490234,-5.92719841003418
202,"I love snowy winters. Thus, I prefer Daxburgh to Gektopia.",Daxburgh has snowy winters.,166_6_preference_Daxburgh_thus_Gektopia_Daxburgh has snowy winters._love,Gektopia has snowy winters.,166_6_preference_Daxburgh_thus_Gektopia_Gektopia has snowy winters._love,Daxburgh,Gektopia,"Given the following statement:
I love snowy winters. Thus, I prefer Daxburgh to Gektopia.

Produce a valid conclusion: ","Given the following statement:
I love snowy winters. Thus, I prefer Daxburgh to Gektopia.

Is it true that Daxburgh has snowy winters? Answer yes or no: ","Given the following statement:
I love snowy winters. Thus, I prefer Daxburgh to Gektopia.

Is it true that Gektopia has snowy winters? Answer yes or no: ",-0.9803454875946045,-0.9826515913009644,-3.781932830810547,-5.628959655761719,-4.0634307861328125,-5.801763534545898
203,"wugfest happened. Later, daxday happened.",wugfest occured before daxday.,139_9_temporal_wugfest_later_daxday_wugfest occured before daxday._before,daxday occured before wugfest.,139_9_temporal_wugfest_later_daxday_daxday occured before wugfest._before,wugfest,daxday,"Given the following statement:
wugfest happened. Later, daxday happened.

Produce a valid conclusion: ","Given the following statement:
wugfest happened. Later, daxday happened.

Is it true that wugfest occured before daxday? Answer yes or no: ","Given the following statement:
wugfest happened. Later, daxday happened.

Is it true that daxday occured before wugfest? Answer yes or no: ",-1.5339419841766357,-1.2752997875213623,-3.317202568054199,-5.25064754486084,-3.0997514724731445,-5.045657157897949
204,wugfest happened even though fepfestival had happened.,wugfest occured before fepfestival.,108_8_temporal_wugfest_even though_fepfestival_wugfest occured before fepfestival._before,fepfestival occured before wugfest.,108_8_temporal_wugfest_even though_fepfestival_fepfestival occured before wugfest._before,wugfest,fepfestival,"Given the following statement:
wugfest happened even though fepfestival had happened.

Produce a valid conclusion: ","Given the following statement:
wugfest happened even though fepfestival had happened.

Is it true that wugfest occured before fepfestival? Answer yes or no: ","Given the following statement:
wugfest happened even though fepfestival had happened.

Is it true that fepfestival occured before wugfest? Answer yes or no: ",-1.4225174188613892,-1.8343944549560547,-2.6399917602539062,-4.657752990722656,-2.371701240539551,-4.486753463745117
205,"As much as I love warm weather, I prefer Daxburgh to Gektopia.",Daxburgh has warm weather.,38_8_preference_Daxburgh_as much as_Gektopia_Daxburgh has warm weather._love,Gektopia has warm weather.,38_8_preference_Daxburgh_as much as_Gektopia_Gektopia has warm weather._love,Daxburgh,Gektopia,"Given the following statement:
As much as I love warm weather, I prefer Daxburgh to Gektopia.

Produce a valid conclusion: ","Given the following statement:
As much as I love warm weather, I prefer Daxburgh to Gektopia.

Is it true that Daxburgh has warm weather? Answer yes or no: ","Given the following statement:
As much as I love warm weather, I prefer Daxburgh to Gektopia.

Is it true that Gektopia has warm weather? Answer yes or no: ",-1.3686083555221558,-1.2570306062698364,-3.492246627807617,-5.143762588500977,-3.608823776245117,-5.14969539642334
206,"I like wugs, for instance, blickets are nice.",wugs are instances of blickets.,13_3_instantiation_wugs_for instance_blickets_wugs are instances of blickets._are,blickets are instances of wugs.,13_3_instantiation_wugs_for instance_blickets_blickets are instances of wugs._are,wugs,blickets,"Given the following statement:
I like wugs, for instance, blickets are nice.

Produce a valid conclusion: ","Given the following statement:
I like wugs, for instance, blickets are nice.

Is it true that wugs are instances of blickets? Answer yes or no: ","Given the following statement:
I like wugs, for instance, blickets are nice.

Is it true that blickets are instances of wugs? Answer yes or no: ",-2.222334146499634,-2.063302516937256,-3.441685676574707,-5.785335540771484,-3.390671730041504,-5.807762145996094
207,"While I prefer Wugsville to Gektopia, I love snowy winters.",Wugsville has snowy winters.,176_6_preference_Wugsville_while_Gektopia_Wugsville has snowy winters._love,Gektopia has snowy winters.,176_6_preference_Wugsville_while_Gektopia_Gektopia has snowy winters._love,Wugsville,Gektopia,"Given the following statement:
While I prefer Wugsville to Gektopia, I love snowy winters.

Produce a valid conclusion: ","Given the following statement:
While I prefer Wugsville to Gektopia, I love snowy winters.

Is it true that Wugsville has snowy winters? Answer yes or no: ","Given the following statement:
While I prefer Wugsville to Gektopia, I love snowy winters.

Is it true that Gektopia has snowy winters? Answer yes or no: ",-0.853316605091095,-0.9172426462173462,-3.4568700790405273,-5.270107269287109,-3.73618221282959,-5.571809768676758
208,blicketbash happened as a result of wugfest.,wugfest occured after blicketbash.,33_3_temporal_wugfest_as a result_blicketbash_wugfest occured after blicketbash._after,blicketbash occured after wugfest.,33_3_temporal_wugfest_as a result_blicketbash_blicketbash occured after wugfest._after,wugfest,blicketbash,"Given the following statement:
blicketbash happened as a result of wugfest.

Produce a valid conclusion: ","Given the following statement:
blicketbash happened as a result of wugfest.

Is it true that wugfest occured after blicketbash? Answer yes or no: ","Given the following statement:
blicketbash happened as a result of wugfest.

Is it true that blicketbash occured after wugfest? Answer yes or no: ",-1.5150456428527832,-1.3529499769210815,-2.9507551193237305,-4.834465026855469,-2.5224809646606445,-4.461187362670898
209,"While I prefer daxes to geks, I hate bass instruments.",daxes are bass instruments.,174_4_preference_daxes_while_geks_daxes are bass instruments._hate,geks are bass instruments.,174_4_preference_daxes_while_geks_geks are bass instruments._hate,daxes,geks,"Given the following statement:
While I prefer daxes to geks, I hate bass instruments.

Produce a valid conclusion: ","Given the following statement:
While I prefer daxes to geks, I hate bass instruments.

Is it true that daxes are bass instruments? Answer yes or no: ","Given the following statement:
While I prefer daxes to geks, I hate bass instruments.

Is it true that geks are bass instruments? Answer yes or no: ",-1.38526451587677,-2.5546677112579346,-4.323097229003906,-6.099737167358398,-4.260720252990723,-6.055794715881348
210,"I prefer Wugsville to Gektopia, as I hate warm weather.",Wugsville has warm weather.,18_8_preference_Wugsville_as_Gektopia_Wugsville has warm weather._hate,Gektopia has warm weather.,18_8_preference_Wugsville_as_Gektopia_Gektopia has warm weather._hate,Wugsville,Gektopia,"Given the following statement:
I prefer Wugsville to Gektopia, as I hate warm weather.

Produce a valid conclusion: ","Given the following statement:
I prefer Wugsville to Gektopia, as I hate warm weather.

Is it true that Wugsville has warm weather? Answer yes or no: ","Given the following statement:
I prefer Wugsville to Gektopia, as I hate warm weather.

Is it true that Gektopia has warm weather? Answer yes or no: ",-1.328883409500122,-1.1869871616363525,-3.3608531951904297,-5.289764404296875,-3.5464134216308594,-5.471834182739258
211,"I love warm weather. For example, I prefer Daxburgh to Fepopolis.",Daxburgh has warm weather.,88_8_preference_Daxburgh_for example_Fepopolis_Daxburgh has warm weather._love,Fepopolis has warm weather.,88_8_preference_Daxburgh_for example_Fepopolis_Fepopolis has warm weather._love,Daxburgh,Fepopolis,"Given the following statement:
I love warm weather. For example, I prefer Daxburgh to Fepopolis.

Produce a valid conclusion: ","Given the following statement:
I love warm weather. For example, I prefer Daxburgh to Fepopolis.

Is it true that Daxburgh has warm weather? Answer yes or no: ","Given the following statement:
I love warm weather. For example, I prefer Daxburgh to Fepopolis.

Is it true that Fepopolis has warm weather? Answer yes or no: ",-1.2867906093597412,-1.2284128665924072,-3.169344902038574,-4.978672981262207,-3.2672080993652344,-5.147191047668457
212,"Even though I love mammals, I prefer wugs to blickets.",wugs are mammals.,62_2_preference_wugs_even though_blickets_wugs are mammals._love,blickets are mammals.,62_2_preference_wugs_even though_blickets_blickets are mammals._love,wugs,blickets,"Given the following statement:
Even though I love mammals, I prefer wugs to blickets.

Produce a valid conclusion: ","Given the following statement:
Even though I love mammals, I prefer wugs to blickets.

Is it true that wugs are mammals? Answer yes or no: ","Given the following statement:
Even though I love mammals, I prefer wugs to blickets.

Is it true that blickets are mammals? Answer yes or no: ",-1.342390775680542,-1.1464039087295532,-4.280500411987305,-6.101659774780273,-4.244837760925293,-6.0836944580078125
213,"I prefer Wugsville to Gektopia, since I hate living near mountains.",Wugsville has mountains.,127_7_preference_Wugsville_since_Gektopia_Wugsville has mountains._hate,Gektopia has mountains.,127_7_preference_Wugsville_since_Gektopia_Gektopia has mountains._hate,Wugsville,Gektopia,"Given the following statement:
I prefer Wugsville to Gektopia, since I hate living near mountains.

Produce a valid conclusion: ","Given the following statement:
I prefer Wugsville to Gektopia, since I hate living near mountains.

Is it true that Wugsville has mountains? Answer yes or no: ","Given the following statement:
I prefer Wugsville to Gektopia, since I hate living near mountains.

Is it true that Gektopia has mountains? Answer yes or no: ",-1.5314537286758423,-1.3853660821914673,-3.3338069915771484,-5.322053909301758,-3.5940046310424805,-5.48917293548584
214,"I like daxes, for example, blickets are nice.",daxes are instances of blickets.,6_6_instantiation_daxes_for example_blickets_daxes are instances of blickets._are,blickets are instances of daxes.,6_6_instantiation_daxes_for example_blickets_blickets are instances of daxes._are,daxes,blickets,"Given the following statement:
I like daxes, for example, blickets are nice.

Produce a valid conclusion: ","Given the following statement:
I like daxes, for example, blickets are nice.

Is it true that daxes are instances of blickets? Answer yes or no: ","Given the following statement:
I like daxes, for example, blickets are nice.

Is it true that blickets are instances of daxes? Answer yes or no: ",-2.144174098968506,-2.117417812347412,-3.401376724243164,-5.668793678283691,-3.4443511962890625,-5.841311454772949
215,"fepfestival happened. Subsequently, gekxtravaganza happened.",fepfestival occured after gekxtravaganza.,198_8_temporal_fepfestival_subsequently_gekxtravaganza_fepfestival occured after gekxtravaganza._after,gekxtravaganza occured after fepfestival.,198_8_temporal_fepfestival_subsequently_gekxtravaganza_gekxtravaganza occured after fepfestival._after,fepfestival,gekxtravaganza,"Given the following statement:
fepfestival happened. Subsequently, gekxtravaganza happened.

Produce a valid conclusion: ","Given the following statement:
fepfestival happened. Subsequently, gekxtravaganza happened.

Is it true that fepfestival occured after gekxtravaganza? Answer yes or no: ","Given the following statement:
fepfestival happened. Subsequently, gekxtravaganza happened.

Is it true that gekxtravaganza occured after fepfestival? Answer yes or no: ",-1.1983058452606201,-1.3797329664230347,-3.184023857116699,-5.189459800720215,-3.2391271591186523,-5.2597455978393555
216,"I find wugs such as daxes, to be awful.",wugs are instances of daxes.,31_1_instantiation_wugs_such as_daxes_wugs are instances of daxes._are,daxes are instances of wugs.,31_1_instantiation_wugs_such as_daxes_daxes are instances of wugs._are,wugs,daxes,"Given the following statement:
I find wugs such as daxes, to be awful.

Produce a valid conclusion: ","Given the following statement:
I find wugs such as daxes, to be awful.

Is it true that wugs are instances of daxes? Answer yes or no: ","Given the following statement:
I find wugs such as daxes, to be awful.

Is it true that daxes are instances of wugs? Answer yes or no: ",-2.765286445617676,-2.509328842163086,-3.196077346801758,-5.5485944747924805,-3.2875452041625977,-5.6351318359375
217,"I find wugs, in particular, daxes to be awful.",wugs are instances of daxes.,21_1_instantiation_wugs_in particular_daxes_wugs are instances of daxes._are,daxes are instances of wugs.,21_1_instantiation_wugs_in particular_daxes_daxes are instances of wugs._are,wugs,daxes,"Given the following statement:
I find wugs, in particular, daxes to be awful.

Produce a valid conclusion: ","Given the following statement:
I find wugs, in particular, daxes to be awful.

Is it true that wugs are instances of daxes? Answer yes or no: ","Given the following statement:
I find wugs, in particular, daxes to be awful.

Is it true that daxes are instances of wugs? Answer yes or no: ",-2.67126727104187,-2.4248764514923096,-3.097550392150879,-5.436182975769043,-3.0811290740966797,-5.356940269470215
218,"As much as I hate snowy winters, I prefer Wugsville to Gektopia.",Wugsville has snowy winters.,36_6_preference_Wugsville_as much as_Gektopia_Wugsville has snowy winters._hate,Gektopia has snowy winters.,36_6_preference_Wugsville_as much as_Gektopia_Gektopia has snowy winters._hate,Wugsville,Gektopia,"Given the following statement:
As much as I hate snowy winters, I prefer Wugsville to Gektopia.

Produce a valid conclusion: ","Given the following statement:
As much as I hate snowy winters, I prefer Wugsville to Gektopia.

Is it true that Wugsville has snowy winters? Answer yes or no: ","Given the following statement:
As much as I hate snowy winters, I prefer Wugsville to Gektopia.

Is it true that Gektopia has snowy winters? Answer yes or no: ",-1.130218505859375,-0.9650327563285828,-3.8344602584838867,-5.327445030212402,-4.055942535400391,-5.475693702697754
219,I prefer Wugsville to Gektopia because I love skyscrapers.,Wugsville has skyscrapers.,50_10_preference_Wugsville_because_Gektopia_Wugsville has skyscrapers._love,Gektopia has skyscrapers.,50_10_preference_Wugsville_because_Gektopia_Gektopia has skyscrapers._love,Wugsville,Gektopia,"Given the following statement:
I prefer Wugsville to Gektopia because I love skyscrapers.

Produce a valid conclusion: ","Given the following statement:
I prefer Wugsville to Gektopia because I love skyscrapers.

Is it true that Wugsville has skyscrapers? Answer yes or no: ","Given the following statement:
I prefer Wugsville to Gektopia because I love skyscrapers.

Is it true that Gektopia has skyscrapers? Answer yes or no: ",-0.8600172996520996,-0.9401329159736633,-3.0451221466064453,-4.85756778717041,-3.273286819458008,-5.05527400970459
220,"I hate skyscrapers. For example, I prefer Fepopolis to Blicketland.",Fepopolis has skyscrapers.,90_10_preference_Fepopolis_for example_Blicketland_Fepopolis has skyscrapers._hate,Blicketland has skyscrapers.,90_10_preference_Fepopolis_for example_Blicketland_Blicketland has skyscrapers._hate,Fepopolis,Blicketland,"Given the following statement:
I hate skyscrapers. For example, I prefer Fepopolis to Blicketland.

Produce a valid conclusion: ","Given the following statement:
I hate skyscrapers. For example, I prefer Fepopolis to Blicketland.

Is it true that Fepopolis has skyscrapers? Answer yes or no: ","Given the following statement:
I hate skyscrapers. For example, I prefer Fepopolis to Blicketland.

Is it true that Blicketland has skyscrapers? Answer yes or no: ",-1.0359050035476685,-1.047580599784851,-3.9302167892456055,-6.033652305603027,-3.9337615966796875,-6.025632858276367
221,"I find wugs such as feps, to be awful.",wugs are instances of feps.,32_2_instantiation_wugs_such as_feps_wugs are instances of feps._are,feps are instances of wugs.,32_2_instantiation_wugs_such as_feps_feps are instances of wugs._are,wugs,feps,"Given the following statement:
I find wugs such as feps, to be awful.

Produce a valid conclusion: ","Given the following statement:
I find wugs such as feps, to be awful.

Is it true that wugs are instances of feps? Answer yes or no: ","Given the following statement:
I find wugs such as feps, to be awful.

Is it true that feps are instances of wugs? Answer yes or no: ",-2.6545181274414062,-3.1406772136688232,-3.1275339126586914,-5.493099212646484,-3.425021171569824,-5.688014030456543
222,fepfestival happened even though gekxtravaganza had happened.,fepfestival occured before gekxtravaganza.,103_3_temporal_fepfestival_even though_gekxtravaganza_fepfestival occured before gekxtravaganza._before,gekxtravaganza occured before fepfestival.,103_3_temporal_fepfestival_even though_gekxtravaganza_gekxtravaganza occured before fepfestival._before,fepfestival,gekxtravaganza,"Given the following statement:
fepfestival happened even though gekxtravaganza had happened.

Produce a valid conclusion: ","Given the following statement:
fepfestival happened even though gekxtravaganza had happened.

Is it true that fepfestival occured before gekxtravaganza? Answer yes or no: ","Given the following statement:
fepfestival happened even though gekxtravaganza had happened.

Is it true that gekxtravaganza occured before fepfestival? Answer yes or no: ",-1.2083567380905151,-1.6260554790496826,-2.8114194869995117,-4.795558929443359,-2.8928470611572266,-4.783383369445801
223,"I find feps, in particular, blickets to be awful.",feps are instances of blickets.,28_8_instantiation_feps_in particular_blickets_feps are instances of blickets._are,blickets are instances of feps.,28_8_instantiation_feps_in particular_blickets_blickets are instances of feps._are,feps,blickets,"Given the following statement:
I find feps, in particular, blickets to be awful.

Produce a valid conclusion: ","Given the following statement:
I find feps, in particular, blickets to be awful.

Is it true that feps are instances of blickets? Answer yes or no: ","Given the following statement:
I find feps, in particular, blickets to be awful.

Is it true that blickets are instances of feps? Answer yes or no: ",-2.9153261184692383,-2.1579270362854004,-3.2145776748657227,-5.502192497253418,-3.016996383666992,-5.440862655639648
224,"I like daxes, for example, feps are nice.",daxes are instances of feps.,5_5_instantiation_daxes_for example_feps_daxes are instances of feps._are,feps are instances of daxes.,5_5_instantiation_daxes_for example_feps_feps are instances of daxes._are,daxes,feps,"Given the following statement:
I like daxes, for example, feps are nice.

Produce a valid conclusion: ","Given the following statement:
I like daxes, for example, feps are nice.

Is it true that daxes are instances of feps? Answer yes or no: ","Given the following statement:
I like daxes, for example, feps are nice.

Is it true that feps are instances of daxes? Answer yes or no: ",-2.265341281890869,-2.9612908363342285,-3.357391357421875,-5.535294532775879,-3.3811206817626953,-5.537779808044434
225,"I hate insects. For instance, I prefer wugs to feps.",wugs are insects.,95_5_preference_wugs_for instance_feps_wugs are insects._hate,feps are insects.,95_5_preference_wugs_for instance_feps_feps are insects._hate,wugs,feps,"Given the following statement:
I hate insects. For instance, I prefer wugs to feps.

Produce a valid conclusion: ","Given the following statement:
I hate insects. For instance, I prefer wugs to feps.

Is it true that wugs are insects? Answer yes or no: ","Given the following statement:
I hate insects. For instance, I prefer wugs to feps.

Is it true that feps are insects? Answer yes or no: ",-1.851885199546814,-2.862423896789551,-4.4853105545043945,-6.4156999588012695,-4.4839324951171875,-6.409170150756836
226,"While I prefer wugs to geks, I love insects.",wugs are insects.,175_5_preference_wugs_while_geks_wugs are insects._love,geks are insects.,175_5_preference_wugs_while_geks_geks are insects._love,wugs,geks,"Given the following statement:
While I prefer wugs to geks, I love insects.

Produce a valid conclusion: ","Given the following statement:
While I prefer wugs to geks, I love insects.

Is it true that wugs are insects? Answer yes or no: ","Given the following statement:
While I prefer wugs to geks, I love insects.

Is it true that geks are insects? Answer yes or no: ",-1.5570220947265625,-2.9121837615966797,-3.931300163269043,-5.903076171875,-3.869927406311035,-5.830815315246582
227,"I love coastal cities. For instance, I prefer Wugsville to Daxburgh.",Wugsville is a coastal city.,99_9_preference_Wugsville_for instance_Daxburgh_Wugsville is a coastal city._love,Daxburgh is a coastal city.,99_9_preference_Wugsville_for instance_Daxburgh_Daxburgh is a coastal city._love,Wugsville,Daxburgh,"Given the following statement:
I love coastal cities. For instance, I prefer Wugsville to Daxburgh.

Produce a valid conclusion: ","Given the following statement:
I love coastal cities. For instance, I prefer Wugsville to Daxburgh.

Is it true that Wugsville is a coastal city? Answer yes or no: ","Given the following statement:
I love coastal cities. For instance, I prefer Wugsville to Daxburgh.

Is it true that Daxburgh is a coastal city? Answer yes or no: ",-0.5586404800415039,-0.7426825761795044,-3.4490604400634766,-5.3933305740356445,-3.5778894424438477,-5.579496383666992
228,"I hate mammals. Thus, I prefer wugs to blickets.",wugs are mammals.,162_2_preference_wugs_thus_blickets_wugs are mammals._hate,blickets are mammals.,162_2_preference_wugs_thus_blickets_blickets are mammals._hate,wugs,blickets,"Given the following statement:
I hate mammals. Thus, I prefer wugs to blickets.

Produce a valid conclusion: ","Given the following statement:
I hate mammals. Thus, I prefer wugs to blickets.

Is it true that wugs are mammals? Answer yes or no: ","Given the following statement:
I hate mammals. Thus, I prefer wugs to blickets.

Is it true that blickets are mammals? Answer yes or no: ",-1.2921206951141357,-0.968054473400116,-5.053945541381836,-6.945612907409668,-5.0266618728637695,-6.963430404663086
229,"I prefer wugs to feps, for I love bass instruments.",wugs are bass instruments.,74_4_preference_wugs_for_feps_wugs are bass instruments._love,feps are bass instruments.,74_4_preference_wugs_for_feps_feps are bass instruments._love,wugs,feps,"Given the following statement:
I prefer wugs to feps, for I love bass instruments.

Produce a valid conclusion: ","Given the following statement:
I prefer wugs to feps, for I love bass instruments.

Is it true that wugs are bass instruments? Answer yes or no: ","Given the following statement:
I prefer wugs to feps, for I love bass instruments.

Is it true that feps are bass instruments? Answer yes or no: ",-1.5198942422866821,-2.9178173542022705,-4.070755958557129,-5.702028274536133,-4.207266807556152,-5.718633651733398
230,"I love bass instruments. Thus, I prefer daxes to feps.",daxes are bass instruments.,164_4_preference_daxes_thus_feps_daxes are bass instruments._love,feps are bass instruments.,164_4_preference_daxes_thus_feps_feps are bass instruments._love,daxes,feps,"Given the following statement:
I love bass instruments. Thus, I prefer daxes to feps.

Produce a valid conclusion: ","Given the following statement:
I love bass instruments. Thus, I prefer daxes to feps.

Is it true that daxes are bass instruments? Answer yes or no: ","Given the following statement:
I love bass instruments. Thus, I prefer daxes to feps.

Is it true that feps are bass instruments? Answer yes or no: ",-1.509567141532898,-2.67165470123291,-5.196772575378418,-6.8330583572387695,-5.235114097595215,-6.830866813659668
231,"I hate coastal cities. Therefore, I prefer Wugsville to Blicketland.",Wugsville is a coastal city.,149_9_preference_Wugsville_therefore_Blicketland_Wugsville is a coastal city._hate,Blicketland is a coastal city.,149_9_preference_Wugsville_therefore_Blicketland_Blicketland is a coastal city._hate,Wugsville,Blicketland,"Given the following statement:
I hate coastal cities. Therefore, I prefer Wugsville to Blicketland.

Produce a valid conclusion: ","Given the following statement:
I hate coastal cities. Therefore, I prefer Wugsville to Blicketland.

Is it true that Wugsville is a coastal city? Answer yes or no: ","Given the following statement:
I hate coastal cities. Therefore, I prefer Wugsville to Blicketland.

Is it true that Blicketland is a coastal city? Answer yes or no: ",-0.6649940013885498,-0.5822651386260986,-4.204065322875977,-6.15692138671875,-4.326584815979004,-6.254322052001953
232,"While I hate skyscrapers, I prefer Wugsville to Daxburgh.",Wugsville has skyscrapers.,180_10_preference_Wugsville_while_Daxburgh_Wugsville has skyscrapers._hate,Daxburgh has skyscrapers.,180_10_preference_Wugsville_while_Daxburgh_Daxburgh has skyscrapers._hate,Wugsville,Daxburgh,"Given the following statement:
While I hate skyscrapers, I prefer Wugsville to Daxburgh.

Produce a valid conclusion: ","Given the following statement:
While I hate skyscrapers, I prefer Wugsville to Daxburgh.

Is it true that Wugsville has skyscrapers? Answer yes or no: ","Given the following statement:
While I hate skyscrapers, I prefer Wugsville to Daxburgh.

Is it true that Daxburgh has skyscrapers? Answer yes or no: ",-1.0252783298492432,-1.0021789073944092,-3.646573066711426,-5.4635114669799805,-3.6734962463378906,-5.5381669998168945
233,"wugfest happened. Finally, daxday happened.",wugfest occured after daxday.,114_4_temporal_wugfest_finally_daxday_wugfest occured after daxday._after,daxday occured after wugfest.,114_4_temporal_wugfest_finally_daxday_daxday occured after wugfest._after,wugfest,daxday,"Given the following statement:
wugfest happened. Finally, daxday happened.

Produce a valid conclusion: ","Given the following statement:
wugfest happened. Finally, daxday happened.

Is it true that wugfest occured after daxday? Answer yes or no: ","Given the following statement:
wugfest happened. Finally, daxday happened.

Is it true that daxday occured after wugfest? Answer yes or no: ",-1.6549293994903564,-1.3513611555099487,-3.498117446899414,-5.243985176086426,-3.2190465927124023,-5.066032409667969
234,"Although I love blue flowers, I prefer wugs to blickets.",wugs are blue flowers.,3_3_preference_wugs_although_blickets_wugs are blue flowers._love,blickets are blue flowers.,3_3_preference_wugs_although_blickets_blickets are blue flowers._love,wugs,blickets,"Given the following statement:
Although I love blue flowers, I prefer wugs to blickets.

Produce a valid conclusion: ","Given the following statement:
Although I love blue flowers, I prefer wugs to blickets.

Is it true that wugs are blue flowers? Answer yes or no: ","Given the following statement:
Although I love blue flowers, I prefer wugs to blickets.

Is it true that blickets are blue flowers? Answer yes or no: ",-1.4479516744613647,-1.2032368183135986,-4.335549354553223,-5.845439910888672,-4.323787689208984,-5.8152313232421875
235,"I prefer blickets to geks, since I hate fuzzy creatures.",blickets are fuzzy creatures.,121_1_preference_blickets_since_geks_blickets are fuzzy creatures._hate,geks are fuzzy creatures.,121_1_preference_blickets_since_geks_geks are fuzzy creatures._hate,blickets,geks,"Given the following statement:
I prefer blickets to geks, since I hate fuzzy creatures.

Produce a valid conclusion: ","Given the following statement:
I prefer blickets to geks, since I hate fuzzy creatures.

Is it true that blickets are fuzzy creatures? Answer yes or no: ","Given the following statement:
I prefer blickets to geks, since I hate fuzzy creatures.

Is it true that geks are fuzzy creatures? Answer yes or no: ",-0.9936656951904297,-2.1027698516845703,-3.988201141357422,-6.056325912475586,-3.8937206268310547,-5.974170684814453
236,fepfestival happened even after blicketbash.,fepfestival occured before blicketbash.,90_10_temporal_fepfestival_even after_blicketbash_fepfestival occured before blicketbash._before,blicketbash occured before fepfestival.,90_10_temporal_fepfestival_even after_blicketbash_blicketbash occured before fepfestival._before,fepfestival,blicketbash,"Given the following statement:
fepfestival happened even after blicketbash.

Produce a valid conclusion: ","Given the following statement:
fepfestival happened even after blicketbash.

Is it true that fepfestival occured before blicketbash? Answer yes or no: ","Given the following statement:
fepfestival happened even after blicketbash.

Is it true that blicketbash occured before fepfestival? Answer yes or no: ",-1.3189988136291504,-1.6188701391220093,-3.2297000885009766,-5.401904106140137,-3.0398988723754883,-5.191898345947266
237,I prefer Daxburgh to Blicketland because I hate living near mountains.,Daxburgh has mountains.,47_7_preference_Daxburgh_because_Blicketland_Daxburgh has mountains._hate,Blicketland has mountains.,47_7_preference_Daxburgh_because_Blicketland_Blicketland has mountains._hate,Daxburgh,Blicketland,"Given the following statement:
I prefer Daxburgh to Blicketland because I hate living near mountains.

Produce a valid conclusion: ","Given the following statement:
I prefer Daxburgh to Blicketland because I hate living near mountains.

Is it true that Daxburgh has mountains? Answer yes or no: ","Given the following statement:
I prefer Daxburgh to Blicketland because I hate living near mountains.

Is it true that Blicketland has mountains? Answer yes or no: ",-1.6381301879882812,-1.3893308639526367,-3.266918182373047,-5.034393310546875,-3.2971019744873047,-5.004613876342773
238,"I prefer daxes to geks, nevertheless, I hate fuzzy creatures.",daxes are fuzzy creatures.,111_1_preference_daxes_nevertheless_geks_daxes are fuzzy creatures._hate,geks are fuzzy creatures.,111_1_preference_daxes_nevertheless_geks_geks are fuzzy creatures._hate,daxes,geks,"Given the following statement:
I prefer daxes to geks, nevertheless, I hate fuzzy creatures.

Produce a valid conclusion: ","Given the following statement:
I prefer daxes to geks, nevertheless, I hate fuzzy creatures.

Is it true that daxes are fuzzy creatures? Answer yes or no: ","Given the following statement:
I prefer daxes to geks, nevertheless, I hate fuzzy creatures.

Is it true that geks are fuzzy creatures? Answer yes or no: ",-1.2888530492782593,-2.3556041717529297,-3.9866037368774414,-5.958887100219727,-3.9072866439819336,-5.899979591369629
239,"I love bass instruments. As a result, I prefer daxes to blickets.",daxes are bass instruments.,24_4_preference_daxes_as a result_blickets_daxes are bass instruments._love,blickets are bass instruments.,24_4_preference_daxes_as a result_blickets_blickets are bass instruments._love,daxes,blickets,"Given the following statement:
I love bass instruments. As a result, I prefer daxes to blickets.

Produce a valid conclusion: ","Given the following statement:
I love bass instruments. As a result, I prefer daxes to blickets.

Is it true that daxes are bass instruments? Answer yes or no: ","Given the following statement:
I love bass instruments. As a result, I prefer daxes to blickets.

Is it true that blickets are bass instruments? Answer yes or no: ",-1.5104583501815796,-1.62925124168396,-4.993317604064941,-6.551670074462891,-4.7445068359375,-6.3954620361328125
240,"I find feps, in particular, geks to be awful.",feps are instances of geks.,29_9_instantiation_feps_in particular_geks_feps are instances of geks._are,geks are instances of feps.,29_9_instantiation_feps_in particular_geks_geks are instances of feps._are,feps,geks,"Given the following statement:
I find feps, in particular, geks to be awful.

Produce a valid conclusion: ","Given the following statement:
I find feps, in particular, geks to be awful.

Is it true that feps are instances of geks? Answer yes or no: ","Given the following statement:
I find feps, in particular, geks to be awful.

Is it true that geks are instances of feps? Answer yes or no: ",-3.1310787200927734,-3.123906373977661,-3.414865493774414,-5.652544975280762,-3.389230728149414,-5.634030342102051
241,"I love bass instruments, nevertheless, I prefer blickets to geks.",blickets are bass instruments.,114_4_preference_blickets_nevertheless_geks_blickets are bass instruments._love,geks are bass instruments.,114_4_preference_blickets_nevertheless_geks_geks are bass instruments._love,blickets,geks,"Given the following statement:
I love bass instruments, nevertheless, I prefer blickets to geks.

Produce a valid conclusion: ","Given the following statement:
I love bass instruments, nevertheless, I prefer blickets to geks.

Is it true that blickets are bass instruments? Answer yes or no: ","Given the following statement:
I love bass instruments, nevertheless, I prefer blickets to geks.

Is it true that geks are bass instruments? Answer yes or no: ",-1.1686404943466187,-2.569861650466919,-4.976512908935547,-6.539911270141602,-5.033870697021484,-6.641087532043457
242,"I find daxes such as geks, to be cute.",daxes are instances of geks.,37_7_instantiation_daxes_such as_geks_daxes are instances of geks._are,geks are instances of daxes.,37_7_instantiation_daxes_such as_geks_geks are instances of daxes._are,daxes,geks,"Given the following statement:
I find daxes such as geks, to be cute.

Produce a valid conclusion: ","Given the following statement:
I find daxes such as geks, to be cute.

Is it true that daxes are instances of geks? Answer yes or no: ","Given the following statement:
I find daxes such as geks, to be cute.

Is it true that geks are instances of daxes? Answer yes or no: ",-2.4507226943969727,-3.3554956912994385,-3.1975183486938477,-5.71584415435791,-3.547408103942871,-6.018952369689941
243,"daxday happened. Next, blicketbash happened.",daxday occured before blicketbash.,148_8_temporal_daxday_next_blicketbash_daxday occured before blicketbash._before,blicketbash occured before daxday.,148_8_temporal_daxday_next_blicketbash_blicketbash occured before daxday._before,daxday,blicketbash,"Given the following statement:
daxday happened. Next, blicketbash happened.

Produce a valid conclusion: ","Given the following statement:
daxday happened. Next, blicketbash happened.

Is it true that daxday occured before blicketbash? Answer yes or no: ","Given the following statement:
daxday happened. Next, blicketbash happened.

Is it true that blicketbash occured before daxday? Answer yes or no: ",-1.2220196723937988,-1.1815987825393677,-2.724140167236328,-5.22860050201416,-2.664125442504883,-5.083428382873535
244,"I love blue flowers, even though I prefer wugs to geks.",wugs are blue flowers.,63_3_preference_wugs_even though_geks_wugs are blue flowers._love,geks are blue flowers.,63_3_preference_wugs_even though_geks_geks are blue flowers._love,wugs,geks,"Given the following statement:
I love blue flowers, even though I prefer wugs to geks.

Produce a valid conclusion: ","Given the following statement:
I love blue flowers, even though I prefer wugs to geks.

Is it true that wugs are blue flowers? Answer yes or no: ","Given the following statement:
I love blue flowers, even though I prefer wugs to geks.

Is it true that geks are blue flowers? Answer yes or no: ",-1.6974607706069946,-3.1804606914520264,-4.283481597900391,-6.029569625854492,-4.321739196777344,-6.044669151306152
245,"I love coastal cities. So, I prefer Fepopolis to Gektopia.",Fepopolis is a coastal city.,139_9_preference_Fepopolis_so_Gektopia_Fepopolis is a coastal city._love,Gektopia is a coastal city.,139_9_preference_Fepopolis_so_Gektopia_Gektopia is a coastal city._love,Fepopolis,Gektopia,"Given the following statement:
I love coastal cities. So, I prefer Fepopolis to Gektopia.

Produce a valid conclusion: ","Given the following statement:
I love coastal cities. So, I prefer Fepopolis to Gektopia.

Is it true that Fepopolis is a coastal city? Answer yes or no: ","Given the following statement:
I love coastal cities. So, I prefer Fepopolis to Gektopia.

Is it true that Gektopia is a coastal city? Answer yes or no: ",-0.6017346978187561,-0.6995946168899536,-4.225424766540527,-6.080386161804199,-4.289826393127441,-6.095040321350098
246,"I prefer wugs to feps, but I hate mammals.",wugs are mammals.,52_2_preference_wugs_but_feps_wugs are mammals._hate,feps are mammals.,52_2_preference_wugs_but_feps_feps are mammals._hate,wugs,feps,"Given the following statement:
I prefer wugs to feps, but I hate mammals.

Produce a valid conclusion: ","Given the following statement:
I prefer wugs to feps, but I hate mammals.

Is it true that wugs are mammals? Answer yes or no: ","Given the following statement:
I prefer wugs to feps, but I hate mammals.

Is it true that feps are mammals? Answer yes or no: ",-1.2950470447540283,-2.7275352478027344,-4.184133529663086,-6.004398345947266,-4.2982892990112305,-6.08527946472168
247,"Before blicketbash, wugfest happened.",wugfest occured after blicketbash.,51_1_temporal_wugfest_before_blicketbash_wugfest occured after blicketbash._after,blicketbash occured after wugfest.,51_1_temporal_wugfest_before_blicketbash_blicketbash occured after wugfest._after,wugfest,blicketbash,"Given the following statement:
Before blicketbash, wugfest happened.

Produce a valid conclusion: ","Given the following statement:
Before blicketbash, wugfest happened.

Is it true that wugfest occured after blicketbash? Answer yes or no: ","Given the following statement:
Before blicketbash, wugfest happened.

Is it true that blicketbash occured after wugfest? Answer yes or no: ",-1.292322039604187,-1.12735116481781,-3.1180419921875,-5.120473861694336,-2.9066858291625977,-4.859072685241699
248,"fepfestival happened. Next, gekxtravaganza happened.",fepfestival occured after gekxtravaganza.,147_7_temporal_fepfestival_next_gekxtravaganza_fepfestival occured after gekxtravaganza._after,gekxtravaganza occured after fepfestival.,147_7_temporal_fepfestival_next_gekxtravaganza_gekxtravaganza occured after fepfestival._after,fepfestival,gekxtravaganza,"Given the following statement:
fepfestival happened. Next, gekxtravaganza happened.

Produce a valid conclusion: ","Given the following statement:
fepfestival happened. Next, gekxtravaganza happened.

Is it true that fepfestival occured after gekxtravaganza? Answer yes or no: ","Given the following statement:
fepfestival happened. Next, gekxtravaganza happened.

Is it true that gekxtravaganza occured after fepfestival? Answer yes or no: ",-1.2389289140701294,-1.4302350282669067,-3.1435413360595703,-5.125466346740723,-3.255642890930176,-5.231929779052734
249,"I love blue flowers, yet I prefer feps to geks.",feps are blue flowers.,183_3_preference_feps_yet_geks_feps are blue flowers._love,geks are blue flowers.,183_3_preference_feps_yet_geks_geks are blue flowers._love,feps,geks,"Given the following statement:
I love blue flowers, yet I prefer feps to geks.

Produce a valid conclusion: ","Given the following statement:
I love blue flowers, yet I prefer feps to geks.

Is it true that feps are blue flowers? Answer yes or no: ","Given the following statement:
I love blue flowers, yet I prefer feps to geks.

Is it true that geks are blue flowers? Answer yes or no: ",-2.402177333831787,-2.5598323345184326,-4.6327924728393555,-6.44757080078125,-4.482098579406738,-6.258925437927246
250,wugfest happened even after gekxtravaganza.,wugfest occured after gekxtravaganza.,86_6_temporal_wugfest_even after_gekxtravaganza_wugfest occured after gekxtravaganza._after,gekxtravaganza occured after wugfest.,86_6_temporal_wugfest_even after_gekxtravaganza_gekxtravaganza occured after wugfest._after,wugfest,gekxtravaganza,"Given the following statement:
wugfest happened even after gekxtravaganza.

Produce a valid conclusion: ","Given the following statement:
wugfest happened even after gekxtravaganza.

Is it true that wugfest occured after gekxtravaganza? Answer yes or no: ","Given the following statement:
wugfest happened even after gekxtravaganza.

Is it true that gekxtravaganza occured after wugfest? Answer yes or no: ",-0.9187447428703308,-1.110722303390503,-3.2656517028808594,-5.165898323059082,-3.053622245788574,-5.017285346984863
251,"As much as I love coastal cities, I prefer Daxburgh to Fepopolis.",Daxburgh is a coastal city.,39_9_preference_Daxburgh_as much as_Fepopolis_Daxburgh is a coastal city._love,Fepopolis is a coastal city.,39_9_preference_Daxburgh_as much as_Fepopolis_Fepopolis is a coastal city._love,Daxburgh,Fepopolis,"Given the following statement:
As much as I love coastal cities, I prefer Daxburgh to Fepopolis.

Produce a valid conclusion: ","Given the following statement:
As much as I love coastal cities, I prefer Daxburgh to Fepopolis.

Is it true that Daxburgh is a coastal city? Answer yes or no: ","Given the following statement:
As much as I love coastal cities, I prefer Daxburgh to Fepopolis.

Is it true that Fepopolis is a coastal city? Answer yes or no: ",-0.7573786973953247,-0.6833343505859375,-3.8486413955688477,-5.421968460083008,-3.9286680221557617,-5.5841875076293945
252,"As much as I love insects, I prefer daxes to blickets.",daxes are insects.,35_5_preference_daxes_as much as_blickets_daxes are insects._love,blickets are insects.,35_5_preference_daxes_as much as_blickets_blickets are insects._love,daxes,blickets,"Given the following statement:
As much as I love insects, I prefer daxes to blickets.

Produce a valid conclusion: ","Given the following statement:
As much as I love insects, I prefer daxes to blickets.

Is it true that daxes are insects? Answer yes or no: ","Given the following statement:
As much as I love insects, I prefer daxes to blickets.

Is it true that blickets are insects? Answer yes or no: ",-2.1715190410614014,-1.5359529256820679,-4.894491195678711,-6.61882209777832,-4.7411298751831055,-6.443397521972656
253,"I love skyscrapers, yet I prefer Blicketland to Gektopia.",Blicketland has skyscrapers.,190_10_preference_Blicketland_yet_Gektopia_Blicketland has skyscrapers._love,Gektopia has skyscrapers.,190_10_preference_Blicketland_yet_Gektopia_Gektopia has skyscrapers._love,Blicketland,Gektopia,"Given the following statement:
I love skyscrapers, yet I prefer Blicketland to Gektopia.

Produce a valid conclusion: ","Given the following statement:
I love skyscrapers, yet I prefer Blicketland to Gektopia.

Is it true that Blicketland has skyscrapers? Answer yes or no: ","Given the following statement:
I love skyscrapers, yet I prefer Blicketland to Gektopia.

Is it true that Gektopia has skyscrapers? Answer yes or no: ",-1.003670573234558,-1.105682611465454,-3.8234481811523438,-5.513561248779297,-3.9650745391845703,-5.668800354003906
254,"I love blue flowers. Thus, I prefer wugs to geks.",wugs are blue flowers.,163_3_preference_wugs_thus_geks_wugs are blue flowers._love,geks are blue flowers.,163_3_preference_wugs_thus_geks_geks are blue flowers._love,wugs,geks,"Given the following statement:
I love blue flowers. Thus, I prefer wugs to geks.

Produce a valid conclusion: ","Given the following statement:
I love blue flowers. Thus, I prefer wugs to geks.

Is it true that wugs are blue flowers? Answer yes or no: ","Given the following statement:
I love blue flowers. Thus, I prefer wugs to geks.

Is it true that geks are blue flowers? Answer yes or no: ",-1.337714672088623,-2.56603741645813,-4.999885559082031,-6.835855484008789,-5.0032196044921875,-6.859162330627441
255,"I prefer Wugsville to Daxburgh, as I hate coastal cities.",Wugsville is a coastal city.,19_9_preference_Wugsville_as_Daxburgh_Wugsville is a coastal city._hate,Daxburgh is a coastal city.,19_9_preference_Wugsville_as_Daxburgh_Daxburgh is a coastal city._hate,Wugsville,Daxburgh,"Given the following statement:
I prefer Wugsville to Daxburgh, as I hate coastal cities.

Produce a valid conclusion: ","Given the following statement:
I prefer Wugsville to Daxburgh, as I hate coastal cities.

Is it true that Wugsville is a coastal city? Answer yes or no: ","Given the following statement:
I prefer Wugsville to Daxburgh, as I hate coastal cities.

Is it true that Daxburgh is a coastal city? Answer yes or no: ",-0.7036579847335815,-0.7706646919250488,-3.644063949584961,-5.487929344177246,-3.741363525390625,-5.6381120681762695
256,"Even though blicketbash had happened, fepfestival happened.",fepfestival occured after blicketbash.,102_2_temporal_fepfestival_even though_blicketbash_fepfestival occured after blicketbash._after,blicketbash occured after fepfestival.,102_2_temporal_fepfestival_even though_blicketbash_blicketbash occured after fepfestival._after,fepfestival,blicketbash,"Given the following statement:
Even though blicketbash had happened, fepfestival happened.

Produce a valid conclusion: ","Given the following statement:
Even though blicketbash had happened, fepfestival happened.

Is it true that fepfestival occured after blicketbash? Answer yes or no: ","Given the following statement:
Even though blicketbash had happened, fepfestival happened.

Is it true that blicketbash occured after fepfestival? Answer yes or no: ",-1.7065421342849731,-1.124000906944275,-2.706899642944336,-4.887145042419434,-2.6680660247802734,-4.730617523193359
257,"I love blue flowers. Therefore, I prefer feps to blickets.",feps are blue flowers.,143_3_preference_feps_therefore_blickets_feps are blue flowers._love,blickets are blue flowers.,143_3_preference_feps_therefore_blickets_blickets are blue flowers._love,feps,blickets,"Given the following statement:
I love blue flowers. Therefore, I prefer feps to blickets.

Produce a valid conclusion: ","Given the following statement:
I love blue flowers. Therefore, I prefer feps to blickets.

Is it true that feps are blue flowers? Answer yes or no: ","Given the following statement:
I love blue flowers. Therefore, I prefer feps to blickets.

Is it true that blickets are blue flowers? Answer yes or no: ",-2.4086787700653076,-1.272434115409851,-5.187090873718262,-6.939537048339844,-4.851869583129883,-6.609493255615234
258,"wugfest happend. Earlier, gekxtravaganza had happened.",wugfest occured before gekxtravaganza.,80_10_temporal_wugfest_earlier_gekxtravaganza_wugfest occured before gekxtravaganza._before,gekxtravaganza occured before wugfest.,80_10_temporal_wugfest_earlier_gekxtravaganza_gekxtravaganza occured before wugfest._before,wugfest,gekxtravaganza,"Given the following statement:
wugfest happend. Earlier, gekxtravaganza had happened.

Produce a valid conclusion: ","Given the following statement:
wugfest happend. Earlier, gekxtravaganza had happened.

Is it true that wugfest occured before gekxtravaganza? Answer yes or no: ","Given the following statement:
wugfest happend. Earlier, gekxtravaganza had happened.

Is it true that gekxtravaganza occured before wugfest? Answer yes or no: ",-1.064225435256958,-1.0378190279006958,-2.9575958251953125,-4.997404098510742,-2.6643877029418945,-4.9886884689331055
259,"I prefer wugs to daxes, as I hate mammals.",wugs are mammals.,12_2_preference_wugs_as_daxes_wugs are mammals._hate,daxes are mammals.,12_2_preference_wugs_as_daxes_daxes are mammals._hate,wugs,daxes,"Given the following statement:
I prefer wugs to daxes, as I hate mammals.

Produce a valid conclusion: ","Given the following statement:
I prefer wugs to daxes, as I hate mammals.

Is it true that wugs are mammals? Answer yes or no: ","Given the following statement:
I prefer wugs to daxes, as I hate mammals.

Is it true that daxes are mammals? Answer yes or no: ",-1.2714372873306274,-1.6060682535171509,-3.6641435623168945,-5.560585021972656,-3.8540334701538086,-5.68723201751709
260,"wugfest happened. So, blicketbash happened.",wugfest occured before blicketbash.,183_3_temporal_wugfest_so_blicketbash_wugfest occured before blicketbash._before,blicketbash occured before wugfest.,183_3_temporal_wugfest_so_blicketbash_blicketbash occured before wugfest._before,wugfest,blicketbash,"Given the following statement:
wugfest happened. So, blicketbash happened.

Produce a valid conclusion: ","Given the following statement:
wugfest happened. So, blicketbash happened.

Is it true that wugfest occured before blicketbash? Answer yes or no: ","Given the following statement:
wugfest happened. So, blicketbash happened.

Is it true that blicketbash occured before wugfest? Answer yes or no: ",-1.7445158958435059,-1.4887951612472534,-3.3867359161376953,-5.740701675415039,-3.078080177307129,-5.421565055847168
261,I prefer feps to blickets because I hate mammals.,feps are mammals.,42_2_preference_feps_because_blickets_feps are mammals._hate,blickets are mammals.,42_2_preference_feps_because_blickets_blickets are mammals._hate,feps,blickets,"Given the following statement:
I prefer feps to blickets because I hate mammals.

Produce a valid conclusion: ","Given the following statement:
I prefer feps to blickets because I hate mammals.

Is it true that feps are mammals? Answer yes or no: ","Given the following statement:
I prefer feps to blickets because I hate mammals.

Is it true that blickets are mammals? Answer yes or no: ",-2.6460461616516113,-1.0999897718429565,-4.099710464477539,-6.106078147888184,-4.107281684875488,-6.111644744873047
262,"I love insects. Thus, I prefer blickets to geks.",blickets are insects.,165_5_preference_blickets_thus_geks_blickets are insects._love,geks are insects.,165_5_preference_blickets_thus_geks_geks are insects._love,blickets,geks,"Given the following statement:
I love insects. Thus, I prefer blickets to geks.

Produce a valid conclusion: ","Given the following statement:
I love insects. Thus, I prefer blickets to geks.

Is it true that blickets are insects? Answer yes or no: ","Given the following statement:
I love insects. Thus, I prefer blickets to geks.

Is it true that geks are insects? Answer yes or no: ",-1.5178645849227905,-3.0752172470092773,-5.092045783996582,-7.108166694641113,-4.932062149047852,-7.005002975463867
263,"I hate fuzzy creatures. For example, I prefer wugs to geks.",wugs are fuzzy creatures.,81_1_preference_wugs_for example_geks_wugs are fuzzy creatures._hate,geks are fuzzy creatures.,81_1_preference_wugs_for example_geks_geks are fuzzy creatures._hate,wugs,geks,"Given the following statement:
I hate fuzzy creatures. For example, I prefer wugs to geks.

Produce a valid conclusion: ","Given the following statement:
I hate fuzzy creatures. For example, I prefer wugs to geks.

Is it true that wugs are fuzzy creatures? Answer yes or no: ","Given the following statement:
I hate fuzzy creatures. For example, I prefer wugs to geks.

Is it true that geks are fuzzy creatures? Answer yes or no: ",-1.2111740112304688,-2.1226346492767334,-4.0982255935668945,-6.180377006530762,-4.093069076538086,-6.23121452331543
264,"I love fuzzy creatures, but I prefer feps to blickets.",feps are fuzzy creatures.,51_1_preference_feps_but_blickets_feps are fuzzy creatures._love,blickets are fuzzy creatures.,51_1_preference_feps_but_blickets_blickets are fuzzy creatures._love,feps,blickets,"Given the following statement:
I love fuzzy creatures, but I prefer feps to blickets.

Produce a valid conclusion: ","Given the following statement:
I love fuzzy creatures, but I prefer feps to blickets.

Is it true that feps are fuzzy creatures? Answer yes or no: ","Given the following statement:
I love fuzzy creatures, but I prefer feps to blickets.

Is it true that blickets are fuzzy creatures? Answer yes or no: ",-2.459796190261841,-1.0193203687667847,-4.214105606079102,-6.008462905883789,-4.248597145080566,-6.119232177734375
265,"I hate insects, yet I prefer blickets to geks.",blickets are insects.,185_5_preference_blickets_yet_geks_blickets are insects._hate,geks are insects.,185_5_preference_blickets_yet_geks_geks are insects._hate,blickets,geks,"Given the following statement:
I hate insects, yet I prefer blickets to geks.

Produce a valid conclusion: ","Given the following statement:
I hate insects, yet I prefer blickets to geks.

Is it true that blickets are insects? Answer yes or no: ","Given the following statement:
I hate insects, yet I prefer blickets to geks.

Is it true that geks are insects? Answer yes or no: ",-1.4838590621948242,-3.066226005554199,-4.889621734619141,-6.842820167541504,-4.736159324645996,-6.651601791381836
266,"I hate living near mountains, nevertheless, I prefer Wugsville to Gektopia.",Wugsville has mountains.,117_7_preference_Wugsville_nevertheless_Gektopia_Wugsville has mountains._hate,Gektopia has mountains.,117_7_preference_Wugsville_nevertheless_Gektopia_Gektopia has mountains._hate,Wugsville,Gektopia,"Given the following statement:
I hate living near mountains, nevertheless, I prefer Wugsville to Gektopia.

Produce a valid conclusion: ","Given the following statement:
I hate living near mountains, nevertheless, I prefer Wugsville to Gektopia.

Is it true that Wugsville has mountains? Answer yes or no: ","Given the following statement:
I hate living near mountains, nevertheless, I prefer Wugsville to Gektopia.

Is it true that Gektopia has mountains? Answer yes or no: ",-1.628000259399414,-1.419870138168335,-3.831979751586914,-5.796545028686523,-4.046338081359863,-5.842764854431152
267,"I hate insects. As a result, I prefer feps to geks.",feps are insects.,25_5_preference_feps_as a result_geks_feps are insects._hate,geks are insects.,25_5_preference_feps_as a result_geks_geks are insects._hate,feps,geks,"Given the following statement:
I hate insects. As a result, I prefer feps to geks.

Produce a valid conclusion: ","Given the following statement:
I hate insects. As a result, I prefer feps to geks.

Is it true that feps are insects? Answer yes or no: ","Given the following statement:
I hate insects. As a result, I prefer feps to geks.

Is it true that geks are insects? Answer yes or no: ",-2.8906803131103516,-2.521030902862549,-4.942442893981934,-6.768033027648926,-4.758234024047852,-6.569854736328125
268,"I prefer daxes to blickets, for I hate blue flowers.",daxes are blue flowers.,73_3_preference_daxes_for_blickets_daxes are blue flowers._hate,blickets are blue flowers.,73_3_preference_daxes_for_blickets_blickets are blue flowers._hate,daxes,blickets,"Given the following statement:
I prefer daxes to blickets, for I hate blue flowers.

Produce a valid conclusion: ","Given the following statement:
I prefer daxes to blickets, for I hate blue flowers.

Is it true that daxes are blue flowers? Answer yes or no: ","Given the following statement:
I prefer daxes to blickets, for I hate blue flowers.

Is it true that blickets are blue flowers? Answer yes or no: ",-1.4240789413452148,-1.4789917469024658,-4.558219909667969,-6.2144927978515625,-4.349033355712891,-6.148164749145508
269,"fepfestival happened. Consequently, gekxtravaganza happened.",fepfestival occured before gekxtravaganza.,67_7_temporal_fepfestival_consequently_gekxtravaganza_fepfestival occured before gekxtravaganza._before,gekxtravaganza occured before fepfestival.,67_7_temporal_fepfestival_consequently_gekxtravaganza_gekxtravaganza occured before fepfestival._before,fepfestival,gekxtravaganza,"Given the following statement:
fepfestival happened. Consequently, gekxtravaganza happened.

Produce a valid conclusion: ","Given the following statement:
fepfestival happened. Consequently, gekxtravaganza happened.

Is it true that fepfestival occured before gekxtravaganza? Answer yes or no: ","Given the following statement:
fepfestival happened. Consequently, gekxtravaganza happened.

Is it true that gekxtravaganza occured before fepfestival? Answer yes or no: ",-1.5243401527404785,-1.6518083810806274,-3.489835739135742,-5.477361679077148,-3.615115165710449,-5.571292877197266
270,"I love living near mountains. For instance, I prefer Blicketland to Gektopia.",Blicketland has mountains.,97_7_preference_Blicketland_for instance_Gektopia_Blicketland has mountains._love,Gektopia has mountains.,97_7_preference_Blicketland_for instance_Gektopia_Gektopia has mountains._love,Blicketland,Gektopia,"Given the following statement:
I love living near mountains. For instance, I prefer Blicketland to Gektopia.

Produce a valid conclusion: ","Given the following statement:
I love living near mountains. For instance, I prefer Blicketland to Gektopia.

Is it true that Blicketland has mountains? Answer yes or no: ","Given the following statement:
I love living near mountains. For instance, I prefer Blicketland to Gektopia.

Is it true that Gektopia has mountains? Answer yes or no: ",-1.4025224447250366,-1.4487913846969604,-3.50323486328125,-5.386651039123535,-3.708484649658203,-5.593898773193359
271,"Although I hate bass instruments, I prefer daxes to feps.",daxes are bass instruments.,4_4_preference_daxes_although_feps_daxes are bass instruments._hate,feps are bass instruments.,4_4_preference_daxes_although_feps_feps are bass instruments._hate,daxes,feps,"Given the following statement:
Although I hate bass instruments, I prefer daxes to feps.

Produce a valid conclusion: ","Given the following statement:
Although I hate bass instruments, I prefer daxes to feps.

Is it true that daxes are bass instruments? Answer yes or no: ","Given the following statement:
Although I hate bass instruments, I prefer daxes to feps.

Is it true that feps are bass instruments? Answer yes or no: ",-1.4179795980453491,-2.3274455070495605,-4.822422981262207,-6.191530227661133,-4.770601272583008,-6.100229263305664
272,"I prefer wugs to daxes, since I love insects.",wugs are insects.,125_5_preference_wugs_since_daxes_wugs are insects._love,daxes are insects.,125_5_preference_wugs_since_daxes_daxes are insects._love,wugs,daxes,"Given the following statement:
I prefer wugs to daxes, since I love insects.

Produce a valid conclusion: ","Given the following statement:
I prefer wugs to daxes, since I love insects.

Is it true that wugs are insects? Answer yes or no: ","Given the following statement:
I prefer wugs to daxes, since I love insects.

Is it true that daxes are insects? Answer yes or no: ",-1.550858736038208,-2.188368797302246,-3.423539161682129,-5.420446395874023,-3.614274024963379,-5.4781341552734375
273,"I hate mammals. So, I prefer wugs to geks.",wugs are mammals.,132_2_preference_wugs_so_geks_wugs are mammals._hate,geks are mammals.,132_2_preference_wugs_so_geks_geks are mammals._hate,wugs,geks,"Given the following statement:
I hate mammals. So, I prefer wugs to geks.

Produce a valid conclusion: ","Given the following statement:
I hate mammals. So, I prefer wugs to geks.

Is it true that wugs are mammals? Answer yes or no: ","Given the following statement:
I hate mammals. So, I prefer wugs to geks.

Is it true that geks are mammals? Answer yes or no: ",-1.4168376922607422,-2.6755456924438477,-4.721673965454102,-6.593031883239746,-4.759966850280762,-6.564098358154297
274,"I love snowy winters. Therefore, I prefer Fepopolis to Blicketland.",Fepopolis has snowy winters.,146_6_preference_Fepopolis_therefore_Blicketland_Fepopolis has snowy winters._love,Blicketland has snowy winters.,146_6_preference_Fepopolis_therefore_Blicketland_Blicketland has snowy winters._love,Fepopolis,Blicketland,"Given the following statement:
I love snowy winters. Therefore, I prefer Fepopolis to Blicketland.

Produce a valid conclusion: ","Given the following statement:
I love snowy winters. Therefore, I prefer Fepopolis to Blicketland.

Is it true that Fepopolis has snowy winters? Answer yes or no: ","Given the following statement:
I love snowy winters. Therefore, I prefer Fepopolis to Blicketland.

Is it true that Blicketland has snowy winters? Answer yes or no: ",-1.0421085357666016,-1.03021240234375,-3.745798110961914,-5.576605796813965,-3.7468252182006836,-5.515665054321289
275,"fepfestival happend. Earlier, gekxtravaganza had happened.",fepfestival occured after gekxtravaganza.,72_2_temporal_fepfestival_earlier_gekxtravaganza_fepfestival occured after gekxtravaganza._after,gekxtravaganza occured after fepfestival.,72_2_temporal_fepfestival_earlier_gekxtravaganza_gekxtravaganza occured after fepfestival._after,fepfestival,gekxtravaganza,"Given the following statement:
fepfestival happend. Earlier, gekxtravaganza had happened.

Produce a valid conclusion: ","Given the following statement:
fepfestival happend. Earlier, gekxtravaganza had happened.

Is it true that fepfestival occured after gekxtravaganza? Answer yes or no: ","Given the following statement:
fepfestival happend. Earlier, gekxtravaganza had happened.

Is it true that gekxtravaganza occured after fepfestival? Answer yes or no: ",-1.0965126752853394,-1.3006771802902222,-3.0077333450317383,-5.055136680603027,-3.0201826095581055,-5.162204742431641
276,"Although I hate living near mountains, I prefer Wugsville to Fepopolis.",Wugsville has mountains.,7_7_preference_Wugsville_although_Fepopolis_Wugsville has mountains._hate,Fepopolis has mountains.,7_7_preference_Wugsville_although_Fepopolis_Fepopolis has mountains._hate,Wugsville,Fepopolis,"Given the following statement:
Although I hate living near mountains, I prefer Wugsville to Fepopolis.

Produce a valid conclusion: ","Given the following statement:
Although I hate living near mountains, I prefer Wugsville to Fepopolis.

Is it true that Wugsville has mountains? Answer yes or no: ","Given the following statement:
Although I hate living near mountains, I prefer Wugsville to Fepopolis.

Is it true that Fepopolis has mountains? Answer yes or no: ",-1.7084041833877563,-1.4879180192947388,-3.4275693893432617,-5.106646537780762,-3.5585861206054688,-5.254755020141602
277,"wugfest happened. Therefore, fepfestival happened.",wugfest occured before fepfestival.,225_5_temporal_wugfest_therefore_fepfestival_wugfest occured before fepfestival._before,fepfestival occured before wugfest.,225_5_temporal_wugfest_therefore_fepfestival_fepfestival occured before wugfest._before,wugfest,fepfestival,"Given the following statement:
wugfest happened. Therefore, fepfestival happened.

Produce a valid conclusion: ","Given the following statement:
wugfest happened. Therefore, fepfestival happened.

Is it true that wugfest occured before fepfestival? Answer yes or no: ","Given the following statement:
wugfest happened. Therefore, fepfestival happened.

Is it true that fepfestival occured before wugfest? Answer yes or no: ",-1.8766841888427734,-2.1476006507873535,-3.387417793273926,-5.486088752746582,-3.1305274963378906,-5.394681930541992
278,"I prefer feps to geks, as I hate fuzzy creatures.",feps are fuzzy creatures.,11_1_preference_feps_as_geks_feps are fuzzy creatures._hate,geks are fuzzy creatures.,11_1_preference_feps_as_geks_geks are fuzzy creatures._hate,feps,geks,"Given the following statement:
I prefer feps to geks, as I hate fuzzy creatures.

Produce a valid conclusion: ","Given the following statement:
I prefer feps to geks, as I hate fuzzy creatures.

Is it true that feps are fuzzy creatures? Answer yes or no: ","Given the following statement:
I prefer feps to geks, as I hate fuzzy creatures.

Is it true that geks are fuzzy creatures? Answer yes or no: ",-2.383457899093628,-2.012744903564453,-4.2413330078125,-6.078765869140625,-4.102385520935059,-5.952974319458008
279,"wugfest happened. As a result, gekxtravaganza happened.",wugfest occured after gekxtravaganza.,31_1_temporal_wugfest_as a result_gekxtravaganza_wugfest occured after gekxtravaganza._after,gekxtravaganza occured after wugfest.,31_1_temporal_wugfest_as a result_gekxtravaganza_gekxtravaganza occured after wugfest._after,wugfest,gekxtravaganza,"Given the following statement:
wugfest happened. As a result, gekxtravaganza happened.

Produce a valid conclusion: ","Given the following statement:
wugfest happened. As a result, gekxtravaganza happened.

Is it true that wugfest occured after gekxtravaganza? Answer yes or no: ","Given the following statement:
wugfest happened. As a result, gekxtravaganza happened.

Is it true that gekxtravaganza occured after wugfest? Answer yes or no: ",-1.4301936626434326,-1.2942545413970947,-3.1182708740234375,-5.073261260986328,-2.8290014266967773,-5.005449295043945
280,"daxday happened. Next, gekxtravaganza happened.",daxday occured before gekxtravaganza.,149_9_temporal_daxday_next_gekxtravaganza_daxday occured before gekxtravaganza._before,gekxtravaganza occured before daxday.,149_9_temporal_daxday_next_gekxtravaganza_gekxtravaganza occured before daxday._before,daxday,gekxtravaganza,"Given the following statement:
daxday happened. Next, gekxtravaganza happened.

Produce a valid conclusion: ","Given the following statement:
daxday happened. Next, gekxtravaganza happened.

Is it true that daxday occured before gekxtravaganza? Answer yes or no: ","Given the following statement:
daxday happened. Next, gekxtravaganza happened.

Is it true that gekxtravaganza occured before daxday? Answer yes or no: ",-1.0821865797042847,-1.1303311586380005,-2.6424036026000977,-4.890955924987793,-2.6350202560424805,-4.914863586425781
281,"I prefer wugs to feps, nevertheless, I love mammals.",wugs are mammals.,112_2_preference_wugs_nevertheless_feps_wugs are mammals._love,feps are mammals.,112_2_preference_wugs_nevertheless_feps_feps are mammals._love,wugs,feps,"Given the following statement:
I prefer wugs to feps, nevertheless, I love mammals.

Produce a valid conclusion: ","Given the following statement:
I prefer wugs to feps, nevertheless, I love mammals.

Is it true that wugs are mammals? Answer yes or no: ","Given the following statement:
I prefer wugs to feps, nevertheless, I love mammals.

Is it true that feps are mammals? Answer yes or no: ",-1.3196144104003906,-2.785442590713501,-4.03665828704834,-5.92017936706543,-4.211091041564941,-6.052785873413086
282,daxday happened once gekxtravaganza happened.,daxday occured after gekxtravaganza.,154_4_temporal_daxday_once_gekxtravaganza_daxday occured after gekxtravaganza._after,gekxtravaganza occured after daxday.,154_4_temporal_daxday_once_gekxtravaganza_gekxtravaganza occured after daxday._after,daxday,gekxtravaganza,"Given the following statement:
daxday happened once gekxtravaganza happened.

Produce a valid conclusion: ","Given the following statement:
daxday happened once gekxtravaganza happened.

Is it true that daxday occured after gekxtravaganza? Answer yes or no: ","Given the following statement:
daxday happened once gekxtravaganza happened.

Is it true that gekxtravaganza occured after daxday? Answer yes or no: ",-1.061981439590454,-1.1440871953964233,-2.3122644424438477,-4.343743324279785,-2.245962142944336,-4.330568313598633
283,"As soon as blicketbash finished, daxday happened.",daxday occured before blicketbash.,22_2_temporal_daxday_as soon as_blicketbash_daxday occured before blicketbash._before,blicketbash occured before daxday.,22_2_temporal_daxday_as soon as_blicketbash_blicketbash occured before daxday._before,daxday,blicketbash,"Given the following statement:
As soon as blicketbash finished, daxday happened.

Produce a valid conclusion: ","Given the following statement:
As soon as blicketbash finished, daxday happened.

Is it true that daxday occured before blicketbash? Answer yes or no: ","Given the following statement:
As soon as blicketbash finished, daxday happened.

Is it true that blicketbash occured before daxday? Answer yes or no: ",-1.27140474319458,-1.1541270017623901,-2.9706830978393555,-5.1285552978515625,-2.944150924682617,-5.11966609954834
284,daxday happened even before wugfest.,wugfest occured before daxday.,96_6_temporal_wugfest_even before_daxday_wugfest occured before daxday._before,daxday occured before wugfest.,96_6_temporal_wugfest_even before_daxday_daxday occured before wugfest._before,wugfest,daxday,"Given the following statement:
daxday happened even before wugfest.

Produce a valid conclusion: ","Given the following statement:
daxday happened even before wugfest.

Is it true that wugfest occured before daxday? Answer yes or no: ","Given the following statement:
daxday happened even before wugfest.

Is it true that daxday occured before wugfest? Answer yes or no: ",-1.1010324954986572,-0.9616391062736511,-2.5749149322509766,-4.50880241394043,-2.411642074584961,-4.4753265380859375
285,"fepfestival happened. Previously, blicketbash happened.",fepfestival occured before blicketbash.,170_10_temporal_fepfestival_previously_blicketbash_fepfestival occured before blicketbash._before,blicketbash occured before fepfestival.,170_10_temporal_fepfestival_previously_blicketbash_blicketbash occured before fepfestival._before,fepfestival,blicketbash,"Given the following statement:
fepfestival happened. Previously, blicketbash happened.

Produce a valid conclusion: ","Given the following statement:
fepfestival happened. Previously, blicketbash happened.

Is it true that fepfestival occured before blicketbash? Answer yes or no: ","Given the following statement:
fepfestival happened. Previously, blicketbash happened.

Is it true that blicketbash occured before fepfestival? Answer yes or no: ",-1.3020042181015015,-1.6385868787765503,-2.7638559341430664,-5.076528549194336,-2.6612625122070312,-4.918313980102539
286,"blicketbash happened. Next, gekxtravaganza happened.",blicketbash occured before gekxtravaganza.,146_6_temporal_blicketbash_next_gekxtravaganza_blicketbash occured before gekxtravaganza._before,gekxtravaganza occured before blicketbash.,146_6_temporal_blicketbash_next_gekxtravaganza_gekxtravaganza occured before blicketbash._before,blicketbash,gekxtravaganza,"Given the following statement:
blicketbash happened. Next, gekxtravaganza happened.

Produce a valid conclusion: ","Given the following statement:
blicketbash happened. Next, gekxtravaganza happened.

Is it true that blicketbash occured before gekxtravaganza? Answer yes or no: ","Given the following statement:
blicketbash happened. Next, gekxtravaganza happened.

Is it true that gekxtravaganza occured before blicketbash? Answer yes or no: ",-1.131066083908081,-1.1371864080429077,-2.8554906845092773,-4.836596488952637,-2.9029769897460938,-5.024255752563477
287,"I prefer feps to geks, however, I love mammals.",feps are mammals.,102_2_preference_feps_however_geks_feps are mammals._love,geks are mammals.,102_2_preference_feps_however_geks_geks are mammals._love,feps,geks,"Given the following statement:
I prefer feps to geks, however, I love mammals.

Produce a valid conclusion: ","Given the following statement:
I prefer feps to geks, however, I love mammals.

Is it true that feps are mammals? Answer yes or no: ","Given the following statement:
I prefer feps to geks, however, I love mammals.

Is it true that geks are mammals? Answer yes or no: ",-2.450950860977173,-2.4763855934143066,-4.217368125915527,-6.058699607849121,-4.155959129333496,-5.961692810058594
288,"wugfest happened. Afterwards, fepfestival happened.",wugfest occured after fepfestival.,19_9_temporal_wugfest_afterwards_fepfestival_wugfest occured after fepfestival._after,fepfestival occured after wugfest.,19_9_temporal_wugfest_afterwards_fepfestival_fepfestival occured after wugfest._after,wugfest,fepfestival,"Given the following statement:
wugfest happened. Afterwards, fepfestival happened.

Produce a valid conclusion: ","Given the following statement:
wugfest happened. Afterwards, fepfestival happened.

Is it true that wugfest occured after fepfestival? Answer yes or no: ","Given the following statement:
wugfest happened. Afterwards, fepfestival happened.

Is it true that fepfestival occured after wugfest? Answer yes or no: ",-1.364037036895752,-1.4913254976272583,-2.797030448913574,-5.041447639465332,-2.5245628356933594,-5.019968032836914
289,wugfest happened after gekxtravaganza.,wugfest occured after gekxtravaganza.,8_8_temporal_wugfest_after_gekxtravaganza_wugfest occured after gekxtravaganza._after,gekxtravaganza occured after wugfest.,8_8_temporal_wugfest_after_gekxtravaganza_gekxtravaganza occured after wugfest._after,wugfest,gekxtravaganza,"Given the following statement:
wugfest happened after gekxtravaganza.

Produce a valid conclusion: ","Given the following statement:
wugfest happened after gekxtravaganza.

Is it true that wugfest occured after gekxtravaganza? Answer yes or no: ","Given the following statement:
wugfest happened after gekxtravaganza.

Is it true that gekxtravaganza occured after wugfest? Answer yes or no: ",-0.8626254200935364,-0.9590418338775635,-3.116506576538086,-5.071311950683594,-2.8898916244506836,-4.912656784057617
290,"Even though I hate bass instruments, I prefer daxes to geks.",daxes are bass instruments.,64_4_preference_daxes_even though_geks_daxes are bass instruments._hate,geks are bass instruments.,64_4_preference_daxes_even though_geks_geks are bass instruments._hate,daxes,geks,"Given the following statement:
Even though I hate bass instruments, I prefer daxes to geks.

Produce a valid conclusion: ","Given the following statement:
Even though I hate bass instruments, I prefer daxes to geks.

Is it true that daxes are bass instruments? Answer yes or no: ","Given the following statement:
Even though I hate bass instruments, I prefer daxes to geks.

Is it true that geks are bass instruments? Answer yes or no: ",-1.472312331199646,-2.5560920238494873,-4.749105453491211,-6.292139053344727,-4.793576240539551,-6.2459716796875
291,"While I prefer feps to blickets, I love blue flowers.",feps are blue flowers.,173_3_preference_feps_while_blickets_feps are blue flowers._love,blickets are blue flowers.,173_3_preference_feps_while_blickets_blickets are blue flowers._love,feps,blickets,"Given the following statement:
While I prefer feps to blickets, I love blue flowers.

Produce a valid conclusion: ","Given the following statement:
While I prefer feps to blickets, I love blue flowers.

Is it true that feps are blue flowers? Answer yes or no: ","Given the following statement:
While I prefer feps to blickets, I love blue flowers.

Is it true that blickets are blue flowers? Answer yes or no: ",-2.2310333251953125,-1.0540046691894531,-4.627143859863281,-6.379284858703613,-4.721931457519531,-6.465004920959473
292,"wugfest happened. Next, fepfestival happened.",wugfest occured after fepfestival.,141_1_temporal_wugfest_next_fepfestival_wugfest occured after fepfestival._after,fepfestival occured after wugfest.,141_1_temporal_wugfest_next_fepfestival_fepfestival occured after wugfest._after,wugfest,fepfestival,"Given the following statement:
wugfest happened. Next, fepfestival happened.

Produce a valid conclusion: ","Given the following statement:
wugfest happened. Next, fepfestival happened.

Is it true that wugfest occured after fepfestival? Answer yes or no: ","Given the following statement:
wugfest happened. Next, fepfestival happened.

Is it true that fepfestival occured after wugfest? Answer yes or no: ",-1.5341999530792236,-1.7128582000732422,-3.014920234680176,-5.120990753173828,-2.7128448486328125,-5.07547664642334
293,"I hate fuzzy creatures. Therefore, I prefer blickets to geks.",blickets are fuzzy creatures.,141_1_preference_blickets_therefore_geks_blickets are fuzzy creatures._hate,geks are fuzzy creatures.,141_1_preference_blickets_therefore_geks_geks are fuzzy creatures._hate,blickets,geks,"Given the following statement:
I hate fuzzy creatures. Therefore, I prefer blickets to geks.

Produce a valid conclusion: ","Given the following statement:
I hate fuzzy creatures. Therefore, I prefer blickets to geks.

Is it true that blickets are fuzzy creatures? Answer yes or no: ","Given the following statement:
I hate fuzzy creatures. Therefore, I prefer blickets to geks.

Is it true that geks are fuzzy creatures? Answer yes or no: ",-1.184818148612976,-1.9079021215438843,-4.799116134643555,-6.737386703491211,-4.763189315795898,-6.755437850952148
294,"I find wugs such as blickets, to be awful.",wugs are instances of blickets.,33_3_instantiation_wugs_such as_blickets_wugs are instances of blickets._are,blickets are instances of wugs.,33_3_instantiation_wugs_such as_blickets_blickets are instances of wugs._are,wugs,blickets,"Given the following statement:
I find wugs such as blickets, to be awful.

Produce a valid conclusion: ","Given the following statement:
I find wugs such as blickets, to be awful.

Is it true that wugs are instances of blickets? Answer yes or no: ","Given the following statement:
I find wugs such as blickets, to be awful.

Is it true that blickets are instances of wugs? Answer yes or no: ",-2.410029172897339,-2.1663119792938232,-3.257160186767578,-5.702060699462891,-3.416627883911133,-5.89810848236084
295,"Before blicketbash, daxday happened.",daxday occured after blicketbash.,55_5_temporal_daxday_before_blicketbash_daxday occured after blicketbash._after,blicketbash occured after daxday.,55_5_temporal_daxday_before_blicketbash_blicketbash occured after daxday._after,daxday,blicketbash,"Given the following statement:
Before blicketbash, daxday happened.

Produce a valid conclusion: ","Given the following statement:
Before blicketbash, daxday happened.

Is it true that daxday occured after blicketbash? Answer yes or no: ","Given the following statement:
Before blicketbash, daxday happened.

Is it true that blicketbash occured after daxday? Answer yes or no: ",-1.1337056159973145,-1.074931025505066,-2.9624099731445312,-4.817580223083496,-2.987473487854004,-4.898153305053711
296,"I prefer wugs to feps, although I hate insects.",wugs are insects.,5_5_preference_wugs_although_feps_wugs are insects._hate,feps are insects.,5_5_preference_wugs_although_feps_feps are insects._hate,wugs,feps,"Given the following statement:
I prefer wugs to feps, although I hate insects.

Produce a valid conclusion: ","Given the following statement:
I prefer wugs to feps, although I hate insects.

Is it true that wugs are insects? Answer yes or no: ","Given the following statement:
I prefer wugs to feps, although I hate insects.

Is it true that feps are insects? Answer yes or no: ",-1.5866693258285522,-2.794776439666748,-4.273014068603516,-5.985856056213379,-4.301324844360352,-6.01556396484375
297,"wugfest happened. Thereafter, gekxtravaganza happened.",wugfest occured after gekxtravaganza.,211_1_temporal_wugfest_thereafter_gekxtravaganza_wugfest occured after gekxtravaganza._after,gekxtravaganza occured after wugfest.,211_1_temporal_wugfest_thereafter_gekxtravaganza_gekxtravaganza occured after wugfest._after,wugfest,gekxtravaganza,"Given the following statement:
wugfest happened. Thereafter, gekxtravaganza happened.

Produce a valid conclusion: ","Given the following statement:
wugfest happened. Thereafter, gekxtravaganza happened.

Is it true that wugfest occured after gekxtravaganza? Answer yes or no: ","Given the following statement:
wugfest happened. Thereafter, gekxtravaganza happened.

Is it true that gekxtravaganza occured after wugfest? Answer yes or no: ",-1.1716500520706177,-1.1323786973953247,-3.3127517700195312,-5.210387229919434,-3.0753173828125,-5.188092231750488
298,"I hate blickets, for instance, geks are awful.",blickets are instances of geks.,20_10_instantiation_blickets_for instance_geks_blickets are instances of geks._are,geks are instances of blickets.,20_10_instantiation_blickets_for instance_geks_geks are instances of blickets._are,blickets,geks,"Given the following statement:
I hate blickets, for instance, geks are awful.

Produce a valid conclusion: ","Given the following statement:
I hate blickets, for instance, geks are awful.

Is it true that blickets are instances of geks? Answer yes or no: ","Given the following statement:
I hate blickets, for instance, geks are awful.

Is it true that geks are instances of blickets? Answer yes or no: ",-2.070631742477417,-2.6957545280456543,-3.7192087173461914,-6.170806884765625,-3.7884912490844727,-6.0730085372924805
299,"As soon as fepfestival finished, wugfest happened.",wugfest occured after fepfestival.,26_6_temporal_wugfest_as soon as_fepfestival_wugfest occured after fepfestival._after,fepfestival occured after wugfest.,26_6_temporal_wugfest_as soon as_fepfestival_fepfestival occured after wugfest._after,wugfest,fepfestival,"Given the following statement:
As soon as fepfestival finished, wugfest happened.

Produce a valid conclusion: ","Given the following statement:
As soon as fepfestival finished, wugfest happened.

Is it true that wugfest occured after fepfestival? Answer yes or no: ","Given the following statement:
As soon as fepfestival finished, wugfest happened.

Is it true that fepfestival occured after wugfest? Answer yes or no: ",-1.259316086769104,-1.632979393005371,-3.2834596633911133,-5.339977264404297,-3.119354248046875,-5.256682395935059
300,"daxday happened. Previously, blicketbash happened.",daxday occured after blicketbash.,169_9_temporal_daxday_previously_blicketbash_daxday occured after blicketbash._after,blicketbash occured after daxday.,169_9_temporal_daxday_previously_blicketbash_blicketbash occured after daxday._after,daxday,blicketbash,"Given the following statement:
daxday happened. Previously, blicketbash happened.

Produce a valid conclusion: ","Given the following statement:
daxday happened. Previously, blicketbash happened.

Is it true that daxday occured after blicketbash? Answer yes or no: ","Given the following statement:
daxday happened. Previously, blicketbash happened.

Is it true that blicketbash occured after daxday? Answer yes or no: ",-1.1868212223052979,-1.1685391664505005,-2.533450126647949,-4.733302116394043,-2.5775413513183594,-4.729355812072754
301,"wugfest happened. Thereafter, daxday happened.",wugfest occured before daxday.,214_4_temporal_wugfest_thereafter_daxday_wugfest occured before daxday._before,daxday occured before wugfest.,214_4_temporal_wugfest_thereafter_daxday_daxday occured before wugfest._before,wugfest,daxday,"Given the following statement:
wugfest happened. Thereafter, daxday happened.

Produce a valid conclusion: ","Given the following statement:
wugfest happened. Thereafter, daxday happened.

Is it true that wugfest occured before daxday? Answer yes or no: ","Given the following statement:
wugfest happened. Thereafter, daxday happened.

Is it true that daxday occured before wugfest? Answer yes or no: ",-1.4837604761123657,-1.293057918548584,-3.63138484954834,-5.401634216308594,-3.4430980682373047,-5.231158256530762
302,"daxday happened. Thereafter, fepfestival happened.",daxday occured before fepfestival.,220_10_temporal_daxday_thereafter_fepfestival_daxday occured before fepfestival._before,fepfestival occured before daxday.,220_10_temporal_daxday_thereafter_fepfestival_fepfestival occured before daxday._before,daxday,fepfestival,"Given the following statement:
daxday happened. Thereafter, fepfestival happened.

Produce a valid conclusion: ","Given the following statement:
daxday happened. Thereafter, fepfestival happened.

Is it true that daxday occured before fepfestival? Answer yes or no: ","Given the following statement:
daxday happened. Thereafter, fepfestival happened.

Is it true that fepfestival occured before daxday? Answer yes or no: ",-1.219075083732605,-1.584160327911377,-2.7467355728149414,-5.076626777648926,-2.7741470336914062,-5.034905433654785
303,"fepfestival happened. Afterwards, gekxtravaganza happened.",fepfestival occured after gekxtravaganza.,18_8_temporal_fepfestival_afterwards_gekxtravaganza_fepfestival occured after gekxtravaganza._after,gekxtravaganza occured after fepfestival.,18_8_temporal_fepfestival_afterwards_gekxtravaganza_gekxtravaganza occured after fepfestival._after,fepfestival,gekxtravaganza,"Given the following statement:
fepfestival happened. Afterwards, gekxtravaganza happened.

Produce a valid conclusion: ","Given the following statement:
fepfestival happened. Afterwards, gekxtravaganza happened.

Is it true that fepfestival occured after gekxtravaganza? Answer yes or no: ","Given the following statement:
fepfestival happened. Afterwards, gekxtravaganza happened.

Is it true that gekxtravaganza occured after fepfestival? Answer yes or no: ",-1.1524523496627808,-1.3141069412231445,-2.9562644958496094,-5.045783996582031,-3.056118965148926,-5.146768569946289
304,"daxday happened. Finally, blicketbash happened.",daxday occured after blicketbash.,111_1_temporal_daxday_finally_blicketbash_daxday occured after blicketbash._after,blicketbash occured after daxday.,111_1_temporal_daxday_finally_blicketbash_blicketbash occured after daxday._after,daxday,blicketbash,"Given the following statement:
daxday happened. Finally, blicketbash happened.

Produce a valid conclusion: ","Given the following statement:
daxday happened. Finally, blicketbash happened.

Is it true that daxday occured after blicketbash? Answer yes or no: ","Given the following statement:
daxday happened. Finally, blicketbash happened.

Is it true that blicketbash occured after daxday? Answer yes or no: ",-1.271479845046997,-1.1691818237304688,-2.8098602294921875,-5.0048980712890625,-2.8163719177246094,-4.958309173583984
305,"Before blicketbash, fepfestival happened.",fepfestival occured after blicketbash.,57_7_temporal_fepfestival_before_blicketbash_fepfestival occured after blicketbash._after,blicketbash occured after fepfestival.,57_7_temporal_fepfestival_before_blicketbash_blicketbash occured after fepfestival._after,fepfestival,blicketbash,"Given the following statement:
Before blicketbash, fepfestival happened.

Produce a valid conclusion: ","Given the following statement:
Before blicketbash, fepfestival happened.

Is it true that fepfestival occured after blicketbash? Answer yes or no: ","Given the following statement:
Before blicketbash, fepfestival happened.

Is it true that blicketbash occured after fepfestival? Answer yes or no: ",-1.514082670211792,-1.054566740989685,-2.7944440841674805,-4.814546585083008,-2.764667510986328,-4.7195940017700195
306,"daxday happened. So, fepfestival happened.",daxday occured after fepfestival.,182_2_temporal_daxday_so_fepfestival_daxday occured after fepfestival._after,fepfestival occured after daxday.,182_2_temporal_daxday_so_fepfestival_fepfestival occured after daxday._after,daxday,fepfestival,"Given the following statement:
daxday happened. So, fepfestival happened.

Produce a valid conclusion: ","Given the following statement:
daxday happened. So, fepfestival happened.

Is it true that daxday occured after fepfestival? Answer yes or no: ","Given the following statement:
daxday happened. So, fepfestival happened.

Is it true that fepfestival occured after daxday? Answer yes or no: ",-1.3727222681045532,-1.7069718837738037,-2.3587722778320312,-4.840588569641113,-2.3703575134277344,-4.890790939331055
307,"daxday happened. Later, gekxtravaganza happened.",daxday occured after gekxtravaganza.,131_1_temporal_daxday_later_gekxtravaganza_daxday occured after gekxtravaganza._after,gekxtravaganza occured after daxday.,131_1_temporal_daxday_later_gekxtravaganza_gekxtravaganza occured after daxday._after,daxday,gekxtravaganza,"Given the following statement:
daxday happened. Later, gekxtravaganza happened.

Produce a valid conclusion: ","Given the following statement:
daxday happened. Later, gekxtravaganza happened.

Is it true that daxday occured after gekxtravaganza? Answer yes or no: ","Given the following statement:
daxday happened. Later, gekxtravaganza happened.

Is it true that gekxtravaganza occured after daxday? Answer yes or no: ",-1.0423730611801147,-1.006642460823059,-2.522587776184082,-4.705178260803223,-2.530569076538086,-4.779309272766113
308,"Since blicketbash happened, daxday happened.",daxday occured after blicketbash.,175_5_temporal_daxday_since_blicketbash_daxday occured after blicketbash._after,blicketbash occured after daxday.,175_5_temporal_daxday_since_blicketbash_blicketbash occured after daxday._after,daxday,blicketbash,"Given the following statement:
Since blicketbash happened, daxday happened.

Produce a valid conclusion: ","Given the following statement:
Since blicketbash happened, daxday happened.

Is it true that daxday occured after blicketbash? Answer yes or no: ","Given the following statement:
Since blicketbash happened, daxday happened.

Is it true that blicketbash occured after daxday? Answer yes or no: ",-1.192857027053833,-1.207701325416565,-2.692655563354492,-4.619693756103516,-2.8218679428100586,-4.641910552978516
309,"Even after gekxtravaganza, fepfestival happened.",fepfestival occured after gekxtravaganza.,84_4_temporal_fepfestival_even after_gekxtravaganza_fepfestival occured after gekxtravaganza._after,gekxtravaganza occured after fepfestival.,84_4_temporal_fepfestival_even after_gekxtravaganza_gekxtravaganza occured after fepfestival._after,fepfestival,gekxtravaganza,"Given the following statement:
Even after gekxtravaganza, fepfestival happened.

Produce a valid conclusion: ","Given the following statement:
Even after gekxtravaganza, fepfestival happened.

Is it true that fepfestival occured after gekxtravaganza? Answer yes or no: ","Given the following statement:
Even after gekxtravaganza, fepfestival happened.

Is it true that gekxtravaganza occured after fepfestival? Answer yes or no: ",-1.2664233446121216,-1.115065574645996,-3.0213756561279297,-5.272640228271484,-3.1361637115478516,-5.233238220214844
310,"because daxday happened, wugfest happened.",wugfest occured before daxday.,48_8_temporal_wugfest_because_daxday_wugfest occured before daxday._before,daxday occured before wugfest.,48_8_temporal_wugfest_because_daxday_daxday occured before wugfest._before,wugfest,daxday,"Given the following statement:
because daxday happened, wugfest happened.

Produce a valid conclusion: ","Given the following statement:
because daxday happened, wugfest happened.

Is it true that wugfest occured before daxday? Answer yes or no: ","Given the following statement:
because daxday happened, wugfest happened.

Is it true that daxday occured before wugfest? Answer yes or no: ",-1.616249680519104,-1.4181960821151733,-2.7606000900268555,-4.606362342834473,-2.715510368347168,-4.539690017700195
311,"Before gekxtravaganza, fepfestival happened.",fepfestival occured after gekxtravaganza.,60_10_temporal_fepfestival_before_gekxtravaganza_fepfestival occured after gekxtravaganza._after,gekxtravaganza occured after fepfestival.,60_10_temporal_fepfestival_before_gekxtravaganza_gekxtravaganza occured after fepfestival._after,fepfestival,gekxtravaganza,"Given the following statement:
Before gekxtravaganza, fepfestival happened.

Produce a valid conclusion: ","Given the following statement:
Before gekxtravaganza, fepfestival happened.

Is it true that fepfestival occured after gekxtravaganza? Answer yes or no: ","Given the following statement:
Before gekxtravaganza, fepfestival happened.

Is it true that gekxtravaganza occured after fepfestival? Answer yes or no: ",-1.1580631732940674,-0.9795780181884766,-2.983279228210449,-4.963051795959473,-3.273728370666504,-5.155830383300781
312,"After fepfestival, daxday happened.",daxday occured before fepfestival.,3_3_temporal_daxday_after_fepfestival_daxday occured before fepfestival._before,fepfestival occured before daxday.,3_3_temporal_daxday_after_fepfestival_fepfestival occured before daxday._before,daxday,fepfestival,"Given the following statement:
After fepfestival, daxday happened.

Produce a valid conclusion: ","Given the following statement:
After fepfestival, daxday happened.

Is it true that daxday occured before fepfestival? Answer yes or no: ","Given the following statement:
After fepfestival, daxday happened.

Is it true that fepfestival occured before daxday? Answer yes or no: ",-1.2663748264312744,-1.866827368736267,-3.2671375274658203,-5.5061492919921875,-3.323152542114258,-5.698884010314941
313,"because fepfestival happened, daxday happened.",daxday occured after fepfestival.,46_6_temporal_daxday_because_fepfestival_daxday occured after fepfestival._after,fepfestival occured after daxday.,46_6_temporal_daxday_because_fepfestival_fepfestival occured after daxday._after,daxday,fepfestival,"Given the following statement:
because fepfestival happened, daxday happened.

Produce a valid conclusion: ","Given the following statement:
because fepfestival happened, daxday happened.

Is it true that daxday occured after fepfestival? Answer yes or no: ","Given the following statement:
because fepfestival happened, daxday happened.

Is it true that fepfestival occured after daxday? Answer yes or no: ",-1.2508814334869385,-1.6760857105255127,-2.52392578125,-4.688791275024414,-2.6053085327148438,-4.808197021484375
314,"Since gekxtravaganza happened, fepfestival happened.",fepfestival occured before gekxtravaganza.,172_2_temporal_fepfestival_since_gekxtravaganza_fepfestival occured before gekxtravaganza._before,gekxtravaganza occured before fepfestival.,172_2_temporal_fepfestival_since_gekxtravaganza_gekxtravaganza occured before fepfestival._before,fepfestival,gekxtravaganza,"Given the following statement:
Since gekxtravaganza happened, fepfestival happened.

Produce a valid conclusion: ","Given the following statement:
Since gekxtravaganza happened, fepfestival happened.

Is it true that fepfestival occured before gekxtravaganza? Answer yes or no: ","Given the following statement:
Since gekxtravaganza happened, fepfestival happened.

Is it true that gekxtravaganza occured before fepfestival? Answer yes or no: ",-1.3880887031555176,-1.133674144744873,-2.790761947631836,-4.9336957931518555,-3.04681396484375,-5.043981552124023
315,"wugfest happened. So, gekxtravaganza happened.",wugfest occured before gekxtravaganza.,184_4_temporal_wugfest_so_gekxtravaganza_wugfest occured before gekxtravaganza._before,gekxtravaganza occured before wugfest.,184_4_temporal_wugfest_so_gekxtravaganza_gekxtravaganza occured before wugfest._before,wugfest,gekxtravaganza,"Given the following statement:
wugfest happened. So, gekxtravaganza happened.

Produce a valid conclusion: ","Given the following statement:
wugfest happened. So, gekxtravaganza happened.

Is it true that wugfest occured before gekxtravaganza? Answer yes or no: ","Given the following statement:
wugfest happened. So, gekxtravaganza happened.

Is it true that gekxtravaganza occured before wugfest? Answer yes or no: ",-1.5198708772659302,-1.488071322441101,-3.5007200241088867,-5.4709320068359375,-3.246561050415039,-5.408114433288574
316,"Even though gekxtravaganza had happened, daxday happened.",daxday occured before gekxtravaganza.,104_4_temporal_daxday_even though_gekxtravaganza_daxday occured before gekxtravaganza._before,gekxtravaganza occured before daxday.,104_4_temporal_daxday_even though_gekxtravaganza_gekxtravaganza occured before daxday._before,daxday,gekxtravaganza,"Given the following statement:
Even though gekxtravaganza had happened, daxday happened.

Produce a valid conclusion: ","Given the following statement:
Even though gekxtravaganza had happened, daxday happened.

Is it true that daxday occured before gekxtravaganza? Answer yes or no: ","Given the following statement:
Even though gekxtravaganza had happened, daxday happened.

Is it true that gekxtravaganza occured before daxday? Answer yes or no: ",-1.110421061515808,-1.299478530883789,-3.5269107818603516,-5.553455352783203,-3.5157546997070312,-5.550165176391602
317,"daxday happened. Therefore, blicketbash happened.",daxday occured after blicketbash.,226_6_temporal_daxday_therefore_blicketbash_daxday occured after blicketbash._after,blicketbash occured after daxday.,226_6_temporal_daxday_therefore_blicketbash_blicketbash occured after daxday._after,daxday,blicketbash,"Given the following statement:
daxday happened. Therefore, blicketbash happened.

Produce a valid conclusion: ","Given the following statement:
daxday happened. Therefore, blicketbash happened.

Is it true that daxday occured after blicketbash? Answer yes or no: ","Given the following statement:
daxday happened. Therefore, blicketbash happened.

Is it true that blicketbash occured after daxday? Answer yes or no: ",-1.514025092124939,-1.3620238304138184,-2.9794349670410156,-5.337956428527832,-2.9434356689453125,-5.280874252319336
318,"wugfest happened. Previously, fepfestival happened.",wugfest occured after fepfestival.,161_1_temporal_wugfest_previously_fepfestival_wugfest occured after fepfestival._after,fepfestival occured after wugfest.,161_1_temporal_wugfest_previously_fepfestival_fepfestival occured after wugfest._after,wugfest,fepfestival,"Given the following statement:
wugfest happened. Previously, fepfestival happened.

Produce a valid conclusion: ","Given the following statement:
wugfest happened. Previously, fepfestival happened.

Is it true that wugfest occured after fepfestival? Answer yes or no: ","Given the following statement:
wugfest happened. Previously, fepfestival happened.

Is it true that fepfestival occured after wugfest? Answer yes or no: ",-1.5041823387145996,-1.7561838626861572,-2.6235876083374023,-4.703151702880859,-2.343698501586914,-4.612821578979492
319,"wugfest happened. Finally, fepfestival happened.",wugfest occured before fepfestival.,119_9_temporal_wugfest_finally_fepfestival_wugfest occured before fepfestival._before,fepfestival occured before wugfest.,119_9_temporal_wugfest_finally_fepfestival_fepfestival occured before wugfest._before,wugfest,fepfestival,"Given the following statement:
wugfest happened. Finally, fepfestival happened.

Produce a valid conclusion: ","Given the following statement:
wugfest happened. Finally, fepfestival happened.

Is it true that wugfest occured before fepfestival? Answer yes or no: ","Given the following statement:
wugfest happened. Finally, fepfestival happened.

Is it true that fepfestival occured before wugfest? Answer yes or no: ",-1.6621571779251099,-1.920519232749939,-2.953280448913574,-5.073110580444336,-2.7252864837646484,-5.036921501159668
320,"wugfest happened. Then, gekxtravaganza happened.",wugfest occured after gekxtravaganza.,203_3_temporal_wugfest_then_gekxtravaganza_wugfest occured after gekxtravaganza._after,gekxtravaganza occured after wugfest.,203_3_temporal_wugfest_then_gekxtravaganza_gekxtravaganza occured after wugfest._after,wugfest,gekxtravaganza,"Given the following statement:
wugfest happened. Then, gekxtravaganza happened.

Produce a valid conclusion: ","Given the following statement:
wugfest happened. Then, gekxtravaganza happened.

Is it true that wugfest occured after gekxtravaganza? Answer yes or no: ","Given the following statement:
wugfest happened. Then, gekxtravaganza happened.

Is it true that gekxtravaganza occured after wugfest? Answer yes or no: ",-1.3165333271026611,-1.2775708436965942,-3.2007360458374023,-5.192256927490234,-2.93597412109375,-5.141519546508789
321,"wugfest happened. Subsequently, daxday happened.",wugfest occured after daxday.,195_5_temporal_wugfest_subsequently_daxday_wugfest occured after daxday._after,daxday occured after wugfest.,195_5_temporal_wugfest_subsequently_daxday_daxday occured after wugfest._after,wugfest,daxday,"Given the following statement:
wugfest happened. Subsequently, daxday happened.

Produce a valid conclusion: ","Given the following statement:
wugfest happened. Subsequently, daxday happened.

Is it true that wugfest occured after daxday? Answer yes or no: ","Given the following statement:
wugfest happened. Subsequently, daxday happened.

Is it true that daxday occured after wugfest? Answer yes or no: ",-1.4749469757080078,-1.2128303050994873,-3.4161911010742188,-5.395623207092285,-3.153506278991699,-5.189296722412109
322,daxday happened even after blicketbash.,daxday occured after blicketbash.,83_3_temporal_daxday_even after_blicketbash_daxday occured after blicketbash._after,blicketbash occured after daxday.,83_3_temporal_daxday_even after_blicketbash_blicketbash occured after daxday._after,daxday,blicketbash,"Given the following statement:
daxday happened even after blicketbash.

Produce a valid conclusion: ","Given the following statement:
daxday happened even after blicketbash.

Is it true that daxday occured after blicketbash? Answer yes or no: ","Given the following statement:
daxday happened even after blicketbash.

Is it true that blicketbash occured after daxday? Answer yes or no: ",-0.9813368320465088,-0.9908816814422607,-2.775750160217285,-5.135158538818359,-2.7624502182006836,-5.014209747314453
323,"daxday happend. Earlier, gekxtravaganza had happened.",daxday occured before gekxtravaganza.,78_8_temporal_daxday_earlier_gekxtravaganza_daxday occured before gekxtravaganza._before,gekxtravaganza occured before daxday.,78_8_temporal_daxday_earlier_gekxtravaganza_gekxtravaganza occured before daxday._before,daxday,gekxtravaganza,"Given the following statement:
daxday happend. Earlier, gekxtravaganza had happened.

Produce a valid conclusion: ","Given the following statement:
daxday happend. Earlier, gekxtravaganza had happened.

Is it true that daxday occured before gekxtravaganza? Answer yes or no: ","Given the following statement:
daxday happend. Earlier, gekxtravaganza had happened.

Is it true that gekxtravaganza occured before daxday? Answer yes or no: ",-0.9290530681610107,-0.9614826440811157,-2.5641050338745117,-4.829489707946777,-2.440328598022461,-4.919377326965332
324,"wugfest happened. Hence, blicketbash happened.",wugfest occured before blicketbash.,127_7_temporal_wugfest_hence_blicketbash_wugfest occured before blicketbash._before,blicketbash occured before wugfest.,127_7_temporal_wugfest_hence_blicketbash_blicketbash occured before wugfest._before,wugfest,blicketbash,"Given the following statement:
wugfest happened. Hence, blicketbash happened.

Produce a valid conclusion: ","Given the following statement:
wugfest happened. Hence, blicketbash happened.

Is it true that wugfest occured before blicketbash? Answer yes or no: ","Given the following statement:
wugfest happened. Hence, blicketbash happened.

Is it true that blicketbash occured before wugfest? Answer yes or no: ",-1.768509030342102,-1.5646923780441284,-3.6467714309692383,-5.929529190063477,-3.339022636413574,-5.588327407836914
325,"blicketbash happened. Then, gekxtravaganza happened.",blicketbash occured before gekxtravaganza.,208_8_temporal_blicketbash_then_gekxtravaganza_blicketbash occured before gekxtravaganza._before,gekxtravaganza occured before blicketbash.,208_8_temporal_blicketbash_then_gekxtravaganza_gekxtravaganza occured before blicketbash._before,blicketbash,gekxtravaganza,"Given the following statement:
blicketbash happened. Then, gekxtravaganza happened.

Produce a valid conclusion: ","Given the following statement:
blicketbash happened. Then, gekxtravaganza happened.

Is it true that blicketbash occured before gekxtravaganza? Answer yes or no: ","Given the following statement:
blicketbash happened. Then, gekxtravaganza happened.

Is it true that gekxtravaganza occured before blicketbash? Answer yes or no: ",-1.1339565515518188,-1.219446063041687,-2.928804397583008,-4.9554443359375,-2.974231719970703,-5.14353084564209
326,"wugfest happened. As a result, fepfestival happened.",wugfest occured before fepfestival.,36_6_temporal_wugfest_as a result_fepfestival_wugfest occured before fepfestival._before,fepfestival occured before wugfest.,36_6_temporal_wugfest_as a result_fepfestival_fepfestival occured before wugfest._before,wugfest,fepfestival,"Given the following statement:
wugfest happened. As a result, fepfestival happened.

Produce a valid conclusion: ","Given the following statement:
wugfest happened. As a result, fepfestival happened.

Is it true that wugfest occured before fepfestival? Answer yes or no: ","Given the following statement:
wugfest happened. As a result, fepfestival happened.

Is it true that fepfestival occured before wugfest? Answer yes or no: ",-1.8024176359176636,-2.0729613304138184,-2.8559083938598633,-4.964836120605469,-2.584599494934082,-4.837482452392578
327,"wugfest happened. Previously, daxday happened.",wugfest occured after daxday.,164_4_temporal_wugfest_previously_daxday_wugfest occured after daxday._after,daxday occured after wugfest.,164_4_temporal_wugfest_previously_daxday_daxday occured after wugfest._after,wugfest,daxday,"Given the following statement:
wugfest happened. Previously, daxday happened.

Produce a valid conclusion: ","Given the following statement:
wugfest happened. Previously, daxday happened.

Is it true that wugfest occured after daxday? Answer yes or no: ","Given the following statement:
wugfest happened. Previously, daxday happened.

Is it true that daxday occured after wugfest? Answer yes or no: ",-1.4942543506622314,-1.256292700767517,-3.0892066955566406,-4.976091384887695,-2.8338890075683594,-4.753286361694336
328,daxday happened since fepfestival happened.,daxday occured before fepfestival.,180_10_temporal_daxday_since_fepfestival_daxday occured before fepfestival._before,fepfestival occured before daxday.,180_10_temporal_daxday_since_fepfestival_fepfestival occured before daxday._before,daxday,fepfestival,"Given the following statement:
daxday happened since fepfestival happened.

Produce a valid conclusion: ","Given the following statement:
daxday happened since fepfestival happened.

Is it true that daxday occured before fepfestival? Answer yes or no: ","Given the following statement:
daxday happened since fepfestival happened.

Is it true that fepfestival occured before daxday? Answer yes or no: ",-1.0742758512496948,-1.551461935043335,-2.20877742767334,-4.414039611816406,-2.210369110107422,-4.422525405883789
329,"wugfest happened. Finally, gekxtravaganza happened.",wugfest occured before gekxtravaganza.,116_6_temporal_wugfest_finally_gekxtravaganza_wugfest occured before gekxtravaganza._before,gekxtravaganza occured before wugfest.,116_6_temporal_wugfest_finally_gekxtravaganza_gekxtravaganza occured before wugfest._before,wugfest,gekxtravaganza,"Given the following statement:
wugfest happened. Finally, gekxtravaganza happened.

Produce a valid conclusion: ","Given the following statement:
wugfest happened. Finally, gekxtravaganza happened.

Is it true that wugfest occured before gekxtravaganza? Answer yes or no: ","Given the following statement:
wugfest happened. Finally, gekxtravaganza happened.

Is it true that gekxtravaganza occured before wugfest? Answer yes or no: ",-1.4411169290542603,-1.36495041847229,-3.359682083129883,-5.183673858642578,-3.1299314498901367,-5.161626815795898
330,daxday happened even though blicketbash had happened.,daxday occured before blicketbash.,105_5_temporal_daxday_even though_blicketbash_daxday occured before blicketbash._before,blicketbash occured before daxday.,105_5_temporal_daxday_even though_blicketbash_blicketbash occured before daxday._before,daxday,blicketbash,"Given the following statement:
daxday happened even though blicketbash had happened.

Produce a valid conclusion: ","Given the following statement:
daxday happened even though blicketbash had happened.

Is it true that daxday occured before blicketbash? Answer yes or no: ","Given the following statement:
daxday happened even though blicketbash had happened.

Is it true that blicketbash occured before daxday? Answer yes or no: ",-1.343183994293213,-1.2723002433776855,-2.4099674224853516,-4.715862274169922,-2.3248777389526367,-4.611959457397461
331,"Even after daxday, wugfest happened.",wugfest occured after daxday.,87_7_temporal_wugfest_even after_daxday_wugfest occured after daxday._after,daxday occured after wugfest.,87_7_temporal_wugfest_even after_daxday_daxday occured after wugfest._after,wugfest,daxday,"Given the following statement:
Even after daxday, wugfest happened.

Produce a valid conclusion: ","Given the following statement:
Even after daxday, wugfest happened.

Is it true that wugfest occured after daxday? Answer yes or no: ","Given the following statement:
Even after daxday, wugfest happened.

Is it true that daxday occured after wugfest? Answer yes or no: ",-1.3028886318206787,-1.1807304620742798,-3.205007553100586,-5.178989410400391,-3.1298818588256836,-5.038278579711914
332,blicketbash happened once gekxtravaganza happened.,blicketbash occured after gekxtravaganza.,156_6_temporal_blicketbash_once_gekxtravaganza_blicketbash occured after gekxtravaganza._after,gekxtravaganza occured after blicketbash.,156_6_temporal_blicketbash_once_gekxtravaganza_gekxtravaganza occured after blicketbash._after,blicketbash,gekxtravaganza,"Given the following statement:
blicketbash happened once gekxtravaganza happened.

Produce a valid conclusion: ","Given the following statement:
blicketbash happened once gekxtravaganza happened.

Is it true that blicketbash occured after gekxtravaganza? Answer yes or no: ","Given the following statement:
blicketbash happened once gekxtravaganza happened.

Is it true that gekxtravaganza occured after blicketbash? Answer yes or no: ",-1.002198338508606,-1.0291526317596436,-2.743419647216797,-4.623263359069824,-2.736992835998535,-4.7516584396362305
333,"fepfestival happened. Subsequently, blicketbash happened.",fepfestival occured after blicketbash.,194_4_temporal_fepfestival_subsequently_blicketbash_fepfestival occured after blicketbash._after,blicketbash occured after fepfestival.,194_4_temporal_fepfestival_subsequently_blicketbash_blicketbash occured after fepfestival._after,fepfestival,blicketbash,"Given the following statement:
fepfestival happened. Subsequently, blicketbash happened.

Produce a valid conclusion: ","Given the following statement:
fepfestival happened. Subsequently, blicketbash happened.

Is it true that fepfestival occured after blicketbash? Answer yes or no: ","Given the following statement:
fepfestival happened. Subsequently, blicketbash happened.

Is it true that blicketbash occured after fepfestival? Answer yes or no: ",-1.3319004774093628,-1.5921508073806763,-3.082791328430176,-5.422142028808594,-2.9587888717651367,-5.262176513671875
334,"wugfest happened. Later, gekxtravaganza happened.",wugfest occured after gekxtravaganza.,137_7_temporal_wugfest_later_gekxtravaganza_wugfest occured after gekxtravaganza._after,gekxtravaganza occured after wugfest.,137_7_temporal_wugfest_later_gekxtravaganza_gekxtravaganza occured after wugfest._after,wugfest,gekxtravaganza,"Given the following statement:
wugfest happened. Later, gekxtravaganza happened.

Produce a valid conclusion: ","Given the following statement:
wugfest happened. Later, gekxtravaganza happened.

Is it true that wugfest occured after gekxtravaganza? Answer yes or no: ","Given the following statement:
wugfest happened. Later, gekxtravaganza happened.

Is it true that gekxtravaganza occured after wugfest? Answer yes or no: ",-1.2368779182434082,-1.163891077041626,-3.1032419204711914,-5.10755729675293,-2.8325977325439453,-5.079395294189453
335,blicketbash happened even before fepfestival.,fepfestival occured before blicketbash.,94_4_temporal_fepfestival_even before_blicketbash_fepfestival occured before blicketbash._before,blicketbash occured before fepfestival.,94_4_temporal_fepfestival_even before_blicketbash_blicketbash occured before fepfestival._before,fepfestival,blicketbash,"Given the following statement:
blicketbash happened even before fepfestival.

Produce a valid conclusion: ","Given the following statement:
blicketbash happened even before fepfestival.

Is it true that fepfestival occured before blicketbash? Answer yes or no: ","Given the following statement:
blicketbash happened even before fepfestival.

Is it true that blicketbash occured before fepfestival? Answer yes or no: ",-1.5260242223739624,-0.8712484836578369,-2.606196403503418,-4.669638633728027,-2.4193572998046875,-4.529030799865723
336,gekxtravaganza happened even before daxday.,daxday occured before gekxtravaganza.,95_5_temporal_daxday_even before_gekxtravaganza_daxday occured before gekxtravaganza._before,gekxtravaganza occured before daxday.,95_5_temporal_daxday_even before_gekxtravaganza_gekxtravaganza occured before daxday._before,daxday,gekxtravaganza,"Given the following statement:
gekxtravaganza happened even before daxday.

Produce a valid conclusion: ","Given the following statement:
gekxtravaganza happened even before daxday.

Is it true that daxday occured before gekxtravaganza? Answer yes or no: ","Given the following statement:
gekxtravaganza happened even before daxday.

Is it true that gekxtravaganza occured before daxday? Answer yes or no: ",-0.9065755605697632,-0.8068239688873291,-2.636138916015625,-4.526001930236816,-2.435397148132324,-4.577933311462402
337,"daxday happened. Afterwards, gekxtravaganza happened.",daxday occured before gekxtravaganza.,16_6_temporal_daxday_afterwards_gekxtravaganza_daxday occured before gekxtravaganza._before,gekxtravaganza occured before daxday.,16_6_temporal_daxday_afterwards_gekxtravaganza_gekxtravaganza occured before daxday._before,daxday,gekxtravaganza,"Given the following statement:
daxday happened. Afterwards, gekxtravaganza happened.

Produce a valid conclusion: ","Given the following statement:
daxday happened. Afterwards, gekxtravaganza happened.

Is it true that daxday occured before gekxtravaganza? Answer yes or no: ","Given the following statement:
daxday happened. Afterwards, gekxtravaganza happened.

Is it true that gekxtravaganza occured before daxday? Answer yes or no: ",-1.1315926313400269,-1.0841929912567139,-2.690908432006836,-4.7968292236328125,-2.707058906555176,-4.796758651733398
338,"fepfestival happened. Previously, gekxtravaganza happened.",fepfestival occured before gekxtravaganza.,165_5_temporal_fepfestival_previously_gekxtravaganza_fepfestival occured before gekxtravaganza._before,gekxtravaganza occured before fepfestival.,165_5_temporal_fepfestival_previously_gekxtravaganza_gekxtravaganza occured before fepfestival._before,fepfestival,gekxtravaganza,"Given the following statement:
fepfestival happened. Previously, gekxtravaganza happened.

Produce a valid conclusion: ","Given the following statement:
fepfestival happened. Previously, gekxtravaganza happened.

Is it true that fepfestival occured before gekxtravaganza? Answer yes or no: ","Given the following statement:
fepfestival happened. Previously, gekxtravaganza happened.

Is it true that gekxtravaganza occured before fepfestival? Answer yes or no: ",-1.194171667098999,-1.41312575340271,-2.7962350845336914,-4.764015197753906,-2.960803985595703,-4.927152633666992
339,daxday happened because blicketbash happened.,daxday occured after blicketbash.,47_7_temporal_daxday_because_blicketbash_daxday occured after blicketbash._after,blicketbash occured after daxday.,47_7_temporal_daxday_because_blicketbash_blicketbash occured after daxday._after,daxday,blicketbash,"Given the following statement:
daxday happened because blicketbash happened.

Produce a valid conclusion: ","Given the following statement:
daxday happened because blicketbash happened.

Is it true that daxday occured after blicketbash? Answer yes or no: ","Given the following statement:
daxday happened because blicketbash happened.

Is it true that blicketbash occured after daxday? Answer yes or no: ",-1.312208652496338,-1.36061429977417,-2.550288200378418,-4.835501670837402,-2.6428604125976562,-4.747844696044922
340,"wugfest happened. Finally, blicketbash happened.",wugfest occured after blicketbash.,115_5_temporal_wugfest_finally_blicketbash_wugfest occured after blicketbash._after,blicketbash occured after wugfest.,115_5_temporal_wugfest_finally_blicketbash_blicketbash occured after wugfest._after,wugfest,blicketbash,"Given the following statement:
wugfest happened. Finally, blicketbash happened.

Produce a valid conclusion: ","Given the following statement:
wugfest happened. Finally, blicketbash happened.

Is it true that wugfest occured after blicketbash? Answer yes or no: ","Given the following statement:
wugfest happened. Finally, blicketbash happened.

Is it true that blicketbash occured after wugfest? Answer yes or no: ",-1.5690404176712036,-1.3007209300994873,-3.31581974029541,-5.446882247924805,-3.0262088775634766,-5.194402694702148
341,"wugfest happened. Consequently, gekxtravaganza happened.",wugfest occured before gekxtravaganza.,66_6_temporal_wugfest_consequently_gekxtravaganza_wugfest occured before gekxtravaganza._before,gekxtravaganza occured before wugfest.,66_6_temporal_wugfest_consequently_gekxtravaganza_gekxtravaganza occured before wugfest._before,wugfest,gekxtravaganza,"Given the following statement:
wugfest happened. Consequently, gekxtravaganza happened.

Produce a valid conclusion: ","Given the following statement:
wugfest happened. Consequently, gekxtravaganza happened.

Is it true that wugfest occured before gekxtravaganza? Answer yes or no: ","Given the following statement:
wugfest happened. Consequently, gekxtravaganza happened.

Is it true that gekxtravaganza occured before wugfest? Answer yes or no: ",-1.528544306755066,-1.4995659589767456,-3.5406532287597656,-5.471559524536133,-3.25466251373291,-5.386375427246094
342,daxday happened even though fepfestival had happened.,daxday occured after fepfestival.,109_9_temporal_daxday_even though_fepfestival_daxday occured after fepfestival._after,fepfestival occured after daxday.,109_9_temporal_daxday_even though_fepfestival_fepfestival occured after daxday._after,daxday,fepfestival,"Given the following statement:
daxday happened even though fepfestival had happened.

Produce a valid conclusion: ","Given the following statement:
daxday happened even though fepfestival had happened.

Is it true that daxday occured after fepfestival? Answer yes or no: ","Given the following statement:
daxday happened even though fepfestival had happened.

Is it true that fepfestival occured after daxday? Answer yes or no: ",-1.1774619817733765,-1.861265778541565,-2.1201553344726562,-4.365591049194336,-2.1410398483276367,-4.3637542724609375
343,"blicketbash happened. So, gekxtravaganza happened.",blicketbash occured before gekxtravaganza.,181_1_temporal_blicketbash_so_gekxtravaganza_blicketbash occured before gekxtravaganza._before,gekxtravaganza occured before blicketbash.,181_1_temporal_blicketbash_so_gekxtravaganza_gekxtravaganza occured before blicketbash._before,blicketbash,gekxtravaganza,"Given the following statement:
blicketbash happened. So, gekxtravaganza happened.

Produce a valid conclusion: ","Given the following statement:
blicketbash happened. So, gekxtravaganza happened.

Is it true that blicketbash occured before gekxtravaganza? Answer yes or no: ","Given the following statement:
blicketbash happened. So, gekxtravaganza happened.

Is it true that gekxtravaganza occured before blicketbash? Answer yes or no: ",-1.2985564470291138,-1.3642274141311646,-3.039966583251953,-5.142319679260254,-3.086946487426758,-5.377668380737305
344,"daxday happened. Therefore, fepfestival happened.",daxday occured before fepfestival.,222_2_temporal_daxday_therefore_fepfestival_daxday occured before fepfestival._before,fepfestival occured before daxday.,222_2_temporal_daxday_therefore_fepfestival_fepfestival occured before daxday._before,daxday,fepfestival,"Given the following statement:
daxday happened. Therefore, fepfestival happened.

Produce a valid conclusion: ","Given the following statement:
daxday happened. Therefore, fepfestival happened.

Is it true that daxday occured before fepfestival? Answer yes or no: ","Given the following statement:
daxday happened. Therefore, fepfestival happened.

Is it true that fepfestival occured before daxday? Answer yes or no: ",-1.5246284008026123,-1.9805305004119873,-2.6860742568969727,-5.136754035949707,-2.640504837036133,-5.118966102600098
345,blicketbash happened because gekxtravaganza happened.,blicketbash occured before gekxtravaganza.,44_4_temporal_blicketbash_because_gekxtravaganza_blicketbash occured before gekxtravaganza._before,gekxtravaganza occured before blicketbash.,44_4_temporal_blicketbash_because_gekxtravaganza_gekxtravaganza occured before blicketbash._before,blicketbash,gekxtravaganza,"Given the following statement:
blicketbash happened because gekxtravaganza happened.

Produce a valid conclusion: ","Given the following statement:
blicketbash happened because gekxtravaganza happened.

Is it true that blicketbash occured before gekxtravaganza? Answer yes or no: ","Given the following statement:
blicketbash happened because gekxtravaganza happened.

Is it true that gekxtravaganza occured before blicketbash? Answer yes or no: ",-1.2049795389175415,-1.2663694620132446,-2.684065818786621,-4.716859817504883,-2.849921226501465,-4.926393508911133
346,"wugfest happened. Next, daxday happened.",wugfest occured before daxday.,142_2_temporal_wugfest_next_daxday_wugfest occured before daxday._before,daxday occured before wugfest.,142_2_temporal_wugfest_next_daxday_daxday occured before wugfest._before,wugfest,daxday,"Given the following statement:
wugfest happened. Next, daxday happened.

Produce a valid conclusion: ","Given the following statement:
wugfest happened. Next, daxday happened.

Is it true that wugfest occured before daxday? Answer yes or no: ","Given the following statement:
wugfest happened. Next, daxday happened.

Is it true that daxday occured before wugfest? Answer yes or no: ",-1.5725700855255127,-1.2828646898269653,-3.440737724304199,-5.315173149108887,-3.2092514038085938,-5.135987281799316
347,daxday happened once fepfestival happened.,daxday occured before fepfestival.,152_2_temporal_daxday_once_fepfestival_daxday occured before fepfestival._before,fepfestival occured before daxday.,152_2_temporal_daxday_once_fepfestival_fepfestival occured before daxday._before,daxday,fepfestival,"Given the following statement:
daxday happened once fepfestival happened.

Produce a valid conclusion: ","Given the following statement:
daxday happened once fepfestival happened.

Is it true that daxday occured before fepfestival? Answer yes or no: ","Given the following statement:
daxday happened once fepfestival happened.

Is it true that fepfestival occured before daxday? Answer yes or no: ",-1.2890337705612183,-1.641664743423462,-2.1527957916259766,-4.459463119506836,-2.1258535385131836,-4.458846092224121
348,"fepfestival happened. So, blicketbash happened.",fepfestival occured before blicketbash.,187_7_temporal_fepfestival_so_blicketbash_fepfestival occured before blicketbash._before,blicketbash occured before fepfestival.,187_7_temporal_fepfestival_so_blicketbash_blicketbash occured before fepfestival._before,fepfestival,blicketbash,"Given the following statement:
fepfestival happened. So, blicketbash happened.

Produce a valid conclusion: ","Given the following statement:
fepfestival happened. So, blicketbash happened.

Is it true that fepfestival occured before blicketbash? Answer yes or no: ","Given the following statement:
fepfestival happened. So, blicketbash happened.

Is it true that blicketbash occured before fepfestival? Answer yes or no: ",-1.6614168882369995,-1.8343387842178345,-3.144763946533203,-5.608546257019043,-3.0988664627075195,-5.446325302124023
349,"because gekxtravaganza happened, fepfestival happened.",fepfestival occured after gekxtravaganza.,49_9_temporal_fepfestival_because_gekxtravaganza_fepfestival occured after gekxtravaganza._after,gekxtravaganza occured after fepfestival.,49_9_temporal_fepfestival_because_gekxtravaganza_gekxtravaganza occured after fepfestival._after,fepfestival,gekxtravaganza,"Given the following statement:
because gekxtravaganza happened, fepfestival happened.

Produce a valid conclusion: ","Given the following statement:
because gekxtravaganza happened, fepfestival happened.

Is it true that fepfestival occured after gekxtravaganza? Answer yes or no: ","Given the following statement:
because gekxtravaganza happened, fepfestival happened.

Is it true that gekxtravaganza occured after fepfestival? Answer yes or no: ",-1.3796446323394775,-1.1578153371810913,-2.3388137817382812,-4.3227434158325195,-2.551044464111328,-4.441725730895996
350,"wugfest happened. Therefore, gekxtravaganza happened.",wugfest occured before gekxtravaganza.,224_4_temporal_wugfest_therefore_gekxtravaganza_wugfest occured before gekxtravaganza._before,gekxtravaganza occured before wugfest.,224_4_temporal_wugfest_therefore_gekxtravaganza_gekxtravaganza occured before wugfest._before,wugfest,gekxtravaganza,"Given the following statement:
wugfest happened. Therefore, gekxtravaganza happened.

Produce a valid conclusion: ","Given the following statement:
wugfest happened. Therefore, gekxtravaganza happened.

Is it true that wugfest occured before gekxtravaganza? Answer yes or no: ","Given the following statement:
wugfest happened. Therefore, gekxtravaganza happened.

Is it true that gekxtravaganza occured before wugfest? Answer yes or no: ",-1.5386327505111694,-1.5559465885162354,-3.6631765365600586,-5.483001708984375,-3.4168272018432617,-5.435102462768555
351,"wugfest happened. Then, blicketbash happened.",wugfest occured after blicketbash.,201_1_temporal_wugfest_then_blicketbash_wugfest occured after blicketbash._after,blicketbash occured after wugfest.,201_1_temporal_wugfest_then_blicketbash_blicketbash occured after wugfest._after,wugfest,blicketbash,"Given the following statement:
wugfest happened. Then, blicketbash happened.

Produce a valid conclusion: ","Given the following statement:
wugfest happened. Then, blicketbash happened.

Is it true that wugfest occured after blicketbash? Answer yes or no: ","Given the following statement:
wugfest happened. Then, blicketbash happened.

Is it true that blicketbash occured after wugfest? Answer yes or no: ",-1.5325398445129395,-1.273129940032959,-3.189028739929199,-5.612512588500977,-2.903559684753418,-5.319977760314941
352,"daxday happened. Next, fepfestival happened.",daxday occured after fepfestival.,144_4_temporal_daxday_next_fepfestival_daxday occured after fepfestival._after,fepfestival occured after daxday.,144_4_temporal_daxday_next_fepfestival_fepfestival occured after daxday._after,daxday,fepfestival,"Given the following statement:
daxday happened. Next, fepfestival happened.

Produce a valid conclusion: ","Given the following statement:
daxday happened. Next, fepfestival happened.

Is it true that daxday occured after fepfestival? Answer yes or no: ","Given the following statement:
daxday happened. Next, fepfestival happened.

Is it true that fepfestival occured after daxday? Answer yes or no: ",-1.1996502876281738,-1.5821459293365479,-2.24350643157959,-4.650602340698242,-2.312389373779297,-4.7457475662231445
353,"fepfestival happened. Later, gekxtravaganza happened.",fepfestival occured after gekxtravaganza.,135_5_temporal_fepfestival_later_gekxtravaganza_fepfestival occured after gekxtravaganza._after,gekxtravaganza occured after fepfestival.,135_5_temporal_fepfestival_later_gekxtravaganza_gekxtravaganza occured after fepfestival._after,fepfestival,gekxtravaganza,"Given the following statement:
fepfestival happened. Later, gekxtravaganza happened.

Produce a valid conclusion: ","Given the following statement:
fepfestival happened. Later, gekxtravaganza happened.

Is it true that fepfestival occured after gekxtravaganza? Answer yes or no: ","Given the following statement:
fepfestival happened. Later, gekxtravaganza happened.

Is it true that gekxtravaganza occured after fepfestival? Answer yes or no: ",-1.2112367153167725,-1.4168869256973267,-2.988740921020508,-5.064422607421875,-3.0647926330566406,-5.175580024719238
354,"blicketbash happened. Subsequently, gekxtravaganza happened.",blicketbash occured after gekxtravaganza.,200_10_temporal_blicketbash_subsequently_gekxtravaganza_blicketbash occured after gekxtravaganza._after,gekxtravaganza occured after blicketbash.,200_10_temporal_blicketbash_subsequently_gekxtravaganza_gekxtravaganza occured after blicketbash._after,blicketbash,gekxtravaganza,"Given the following statement:
blicketbash happened. Subsequently, gekxtravaganza happened.

Produce a valid conclusion: ","Given the following statement:
blicketbash happened. Subsequently, gekxtravaganza happened.

Is it true that blicketbash occured after gekxtravaganza? Answer yes or no: ","Given the following statement:
blicketbash happened. Subsequently, gekxtravaganza happened.

Is it true that gekxtravaganza occured after blicketbash? Answer yes or no: ",-1.07597815990448,-1.0305901765823364,-2.927748680114746,-4.898372650146484,-2.8644285202026367,-5.025184631347656
355,"After fepfestival, wugfest happened.",wugfest occured before fepfestival.,7_7_temporal_wugfest_after_fepfestival_wugfest occured before fepfestival._before,fepfestival occured before wugfest.,7_7_temporal_wugfest_after_fepfestival_fepfestival occured before wugfest._before,wugfest,fepfestival,"Given the following statement:
After fepfestival, wugfest happened.

Produce a valid conclusion: ","Given the following statement:
After fepfestival, wugfest happened.

Is it true that wugfest occured before fepfestival? Answer yes or no: ","Given the following statement:
After fepfestival, wugfest happened.

Is it true that fepfestival occured before wugfest? Answer yes or no: ",-1.4269708395004272,-1.8674207925796509,-3.466214179992676,-5.559700012207031,-3.1939687728881836,-5.498985290527344
356,gekxtravaganza happened even before blicketbash.,blicketbash occured after gekxtravaganza.,100_10_temporal_blicketbash_even before_gekxtravaganza_blicketbash occured after gekxtravaganza._after,gekxtravaganza occured after blicketbash.,100_10_temporal_blicketbash_even before_gekxtravaganza_gekxtravaganza occured after blicketbash._after,blicketbash,gekxtravaganza,"Given the following statement:
gekxtravaganza happened even before blicketbash.

Produce a valid conclusion: ","Given the following statement:
gekxtravaganza happened even before blicketbash.

Is it true that blicketbash occured after gekxtravaganza? Answer yes or no: ","Given the following statement:
gekxtravaganza happened even before blicketbash.

Is it true that gekxtravaganza occured after blicketbash? Answer yes or no: ",-0.8865485191345215,-0.9424481391906738,-2.8125991821289062,-4.607545852661133,-2.87087345123291,-4.822417259216309
357,"daxday happened. Later, blicketbash happened.",daxday occured after blicketbash.,136_6_temporal_daxday_later_blicketbash_daxday occured after blicketbash._after,blicketbash occured after daxday.,136_6_temporal_daxday_later_blicketbash_blicketbash occured after daxday._after,daxday,blicketbash,"Given the following statement:
daxday happened. Later, blicketbash happened.

Produce a valid conclusion: ","Given the following statement:
daxday happened. Later, blicketbash happened.

Is it true that daxday occured after blicketbash? Answer yes or no: ","Given the following statement:
daxday happened. Later, blicketbash happened.

Is it true that blicketbash occured after daxday? Answer yes or no: ",-1.173937439918518,-1.0816270112991333,-2.639012336730957,-5.074143409729004,-2.685779571533203,-5.036615371704102
358,"wugfest happened. Later, blicketbash happened.",wugfest occured after blicketbash.,132_2_temporal_wugfest_later_blicketbash_wugfest occured after blicketbash._after,blicketbash occured after wugfest.,132_2_temporal_wugfest_later_blicketbash_blicketbash occured after wugfest._after,wugfest,blicketbash,"Given the following statement:
wugfest happened. Later, blicketbash happened.

Produce a valid conclusion: ","Given the following statement:
wugfest happened. Later, blicketbash happened.

Is it true that wugfest occured after blicketbash? Answer yes or no: ","Given the following statement:
wugfest happened. Later, blicketbash happened.

Is it true that blicketbash occured after wugfest? Answer yes or no: ",-1.4334828853607178,-1.2002044916152954,-3.096968650817871,-5.469033241271973,-2.848592758178711,-5.246512413024902
359,"Before gekxtravaganza, daxday happened.",daxday occured after gekxtravaganza.,58_8_temporal_daxday_before_gekxtravaganza_daxday occured after gekxtravaganza._after,gekxtravaganza occured after daxday.,58_8_temporal_daxday_before_gekxtravaganza_gekxtravaganza occured after daxday._after,daxday,gekxtravaganza,"Given the following statement:
Before gekxtravaganza, daxday happened.

Produce a valid conclusion: ","Given the following statement:
Before gekxtravaganza, daxday happened.

Is it true that daxday occured after gekxtravaganza? Answer yes or no: ","Given the following statement:
Before gekxtravaganza, daxday happened.

Is it true that gekxtravaganza occured after daxday? Answer yes or no: ",-0.9989350438117981,-1.1053502559661865,-3.5170135498046875,-5.332776069641113,-3.6747398376464844,-5.620207786560059
360,"because fepfestival happened, wugfest happened.",wugfest occured before fepfestival.,41_1_temporal_wugfest_because_fepfestival_wugfest occured before fepfestival._before,fepfestival occured before wugfest.,41_1_temporal_wugfest_because_fepfestival_fepfestival occured before wugfest._before,wugfest,fepfestival,"Given the following statement:
because fepfestival happened, wugfest happened.

Produce a valid conclusion: ","Given the following statement:
because fepfestival happened, wugfest happened.

Is it true that wugfest occured before fepfestival? Answer yes or no: ","Given the following statement:
because fepfestival happened, wugfest happened.

Is it true that fepfestival occured before wugfest? Answer yes or no: ",-1.5526223182678223,-1.8271777629852295,-2.9320755004882812,-4.8392486572265625,-2.683177947998047,-4.789559364318848
361,"wugfest happened. Subsequently, fepfestival happened.",wugfest occured before fepfestival.,197_7_temporal_wugfest_subsequently_fepfestival_wugfest occured before fepfestival._before,fepfestival occured before wugfest.,197_7_temporal_wugfest_subsequently_fepfestival_fepfestival occured before wugfest._before,wugfest,fepfestival,"Given the following statement:
wugfest happened. Subsequently, fepfestival happened.

Produce a valid conclusion: ","Given the following statement:
wugfest happened. Subsequently, fepfestival happened.

Is it true that wugfest occured before fepfestival? Answer yes or no: ","Given the following statement:
wugfest happened. Subsequently, fepfestival happened.

Is it true that fepfestival occured before wugfest? Answer yes or no: ",-1.55437433719635,-1.7624216079711914,-3.0907182693481445,-5.273847579956055,-2.841646194458008,-5.172491073608398
362,wugfest happened because gekxtravaganza happened.,wugfest occured after gekxtravaganza.,45_5_temporal_wugfest_because_gekxtravaganza_wugfest occured after gekxtravaganza._after,gekxtravaganza occured after wugfest.,45_5_temporal_wugfest_because_gekxtravaganza_gekxtravaganza occured after wugfest._after,wugfest,gekxtravaganza,"Given the following statement:
wugfest happened because gekxtravaganza happened.

Produce a valid conclusion: ","Given the following statement:
wugfest happened because gekxtravaganza happened.

Is it true that wugfest occured after gekxtravaganza? Answer yes or no: ","Given the following statement:
wugfest happened because gekxtravaganza happened.

Is it true that gekxtravaganza occured after wugfest? Answer yes or no: ",-1.2491874694824219,-1.3170154094696045,-2.9899187088012695,-4.961947441101074,-2.774683952331543,-4.712947845458984
363,"daxday happened. Thereafter, blicketbash happened.",daxday occured before blicketbash.,217_7_temporal_daxday_thereafter_blicketbash_daxday occured before blicketbash._before,blicketbash occured before daxday.,217_7_temporal_daxday_thereafter_blicketbash_blicketbash occured before daxday._before,daxday,blicketbash,"Given the following statement:
daxday happened. Thereafter, blicketbash happened.

Produce a valid conclusion: ","Given the following statement:
daxday happened. Thereafter, blicketbash happened.

Is it true that daxday occured before blicketbash? Answer yes or no: ","Given the following statement:
daxday happened. Thereafter, blicketbash happened.

Is it true that blicketbash occured before daxday? Answer yes or no: ",-1.2571927309036255,-1.179872989654541,-2.8346986770629883,-5.244943618774414,-2.8367481231689453,-5.089849472045898
364,"As soon as gekxtravaganza finished, daxday happened.",daxday occured before gekxtravaganza.,21_1_temporal_daxday_as soon as_gekxtravaganza_daxday occured before gekxtravaganza._before,gekxtravaganza occured before daxday.,21_1_temporal_daxday_as soon as_gekxtravaganza_gekxtravaganza occured before daxday._before,daxday,gekxtravaganza,"Given the following statement:
As soon as gekxtravaganza finished, daxday happened.

Produce a valid conclusion: ","Given the following statement:
As soon as gekxtravaganza finished, daxday happened.

Is it true that daxday occured before gekxtravaganza? Answer yes or no: ","Given the following statement:
As soon as gekxtravaganza finished, daxday happened.

Is it true that gekxtravaganza occured before daxday? Answer yes or no: ",-1.1805799007415771,-1.3266962766647339,-3.546969413757324,-5.590625762939453,-3.509993553161621,-5.667445182800293
365,"fepfestival happened. Therefore, blicketbash happened.",fepfestival occured before blicketbash.,230_10_temporal_fepfestival_therefore_blicketbash_fepfestival occured before blicketbash._before,blicketbash occured before fepfestival.,230_10_temporal_fepfestival_therefore_blicketbash_blicketbash occured before fepfestival._before,fepfestival,blicketbash,"Given the following statement:
fepfestival happened. Therefore, blicketbash happened.

Produce a valid conclusion: ","Given the following statement:
fepfestival happened. Therefore, blicketbash happened.

Is it true that fepfestival occured before blicketbash? Answer yes or no: ","Given the following statement:
fepfestival happened. Therefore, blicketbash happened.

Is it true that blicketbash occured before fepfestival? Answer yes or no: ",-1.7660179138183594,-1.9659605026245117,-3.3566484451293945,-5.742311477661133,-3.310293197631836,-5.574882507324219
366,"daxday happened. So, gekxtravaganza happened.",daxday occured before gekxtravaganza.,188_8_temporal_daxday_so_gekxtravaganza_daxday occured before gekxtravaganza._before,gekxtravaganza occured before daxday.,188_8_temporal_daxday_so_gekxtravaganza_gekxtravaganza occured before daxday._before,daxday,gekxtravaganza,"Given the following statement:
daxday happened. So, gekxtravaganza happened.

Produce a valid conclusion: ","Given the following statement:
daxday happened. So, gekxtravaganza happened.

Is it true that daxday occured before gekxtravaganza? Answer yes or no: ","Given the following statement:
daxday happened. So, gekxtravaganza happened.

Is it true that gekxtravaganza occured before daxday? Answer yes or no: ",-1.2610752582550049,-1.3388378620147705,-2.836252212524414,-5.1426239013671875,-2.796304702758789,-5.162276268005371
367,"fepfestival happened. Finally, blicketbash happened.",fepfestival occured after blicketbash.,118_8_temporal_fepfestival_finally_blicketbash_fepfestival occured after blicketbash._after,blicketbash occured after fepfestival.,118_8_temporal_fepfestival_finally_blicketbash_blicketbash occured after fepfestival._after,fepfestival,blicketbash,"Given the following statement:
fepfestival happened. Finally, blicketbash happened.

Produce a valid conclusion: ","Given the following statement:
fepfestival happened. Finally, blicketbash happened.

Is it true that fepfestival occured after blicketbash? Answer yes or no: ","Given the following statement:
fepfestival happened. Finally, blicketbash happened.

Is it true that blicketbash occured after fepfestival? Answer yes or no: ",-1.5222502946853638,-1.657543659210205,-3.128997802734375,-5.364444732666016,-2.984320640563965,-5.2000579833984375
368,blicketbash happened before gekxtravaganza.,blicketbash occured before gekxtravaganza.,53_3_temporal_blicketbash_before_gekxtravaganza_blicketbash occured before gekxtravaganza._before,gekxtravaganza occured before blicketbash.,53_3_temporal_blicketbash_before_gekxtravaganza_gekxtravaganza occured before blicketbash._before,blicketbash,gekxtravaganza,"Given the following statement:
blicketbash happened before gekxtravaganza.

Produce a valid conclusion: ","Given the following statement:
blicketbash happened before gekxtravaganza.

Is it true that blicketbash occured before gekxtravaganza? Answer yes or no: ","Given the following statement:
blicketbash happened before gekxtravaganza.

Is it true that gekxtravaganza occured before blicketbash? Answer yes or no: ",-0.698030412197113,-0.9706613421440125,-2.6473960876464844,-4.6078081130981445,-2.7763404846191406,-4.851255416870117
369,"fepfestival happend. Earlier, blicketbash had happened.",fepfestival occured before blicketbash.,75_5_temporal_fepfestival_earlier_blicketbash_fepfestival occured before blicketbash._before,blicketbash occured before fepfestival.,75_5_temporal_fepfestival_earlier_blicketbash_blicketbash occured before fepfestival._before,fepfestival,blicketbash,"Given the following statement:
fepfestival happend. Earlier, blicketbash had happened.

Produce a valid conclusion: ","Given the following statement:
fepfestival happend. Earlier, blicketbash had happened.

Is it true that fepfestival occured before blicketbash? Answer yes or no: ","Given the following statement:
fepfestival happend. Earlier, blicketbash had happened.

Is it true that blicketbash occured before fepfestival? Answer yes or no: ",-1.2466601133346558,-1.4586305618286133,-2.8114662170410156,-5.110265731811523,-2.647089958190918,-5.006512641906738
370,"wugfest happened. Previously, blicketbash happened.",wugfest occured after blicketbash.,168_8_temporal_wugfest_previously_blicketbash_wugfest occured after blicketbash._after,blicketbash occured after wugfest.,168_8_temporal_wugfest_previously_blicketbash_blicketbash occured after wugfest._after,wugfest,blicketbash,"Given the following statement:
wugfest happened. Previously, blicketbash happened.

Produce a valid conclusion: ","Given the following statement:
wugfest happened. Previously, blicketbash happened.

Is it true that wugfest occured after blicketbash? Answer yes or no: ","Given the following statement:
wugfest happened. Previously, blicketbash happened.

Is it true that blicketbash occured after wugfest? Answer yes or no: ",-1.424118161201477,-1.2314995527267456,-2.827239990234375,-5.073031425476074,-2.612438201904297,-4.866320610046387
371,"Since gekxtravaganza happened, daxday happened.",daxday occured before gekxtravaganza.,177_7_temporal_daxday_since_gekxtravaganza_daxday occured before gekxtravaganza._before,gekxtravaganza occured before daxday.,177_7_temporal_daxday_since_gekxtravaganza_gekxtravaganza occured before daxday._before,daxday,gekxtravaganza,"Given the following statement:
Since gekxtravaganza happened, daxday happened.

Produce a valid conclusion: ","Given the following statement:
Since gekxtravaganza happened, daxday happened.

Is it true that daxday occured before gekxtravaganza? Answer yes or no: ","Given the following statement:
Since gekxtravaganza happened, daxday happened.

Is it true that gekxtravaganza occured before daxday? Answer yes or no: ",-1.1616586446762085,-1.290099859237671,-3.1371612548828125,-5.30848503112793,-3.2453155517578125,-5.438542366027832
372,"because gekxtravaganza happened, daxday happened.",daxday occured before gekxtravaganza.,50_10_temporal_daxday_because_gekxtravaganza_daxday occured before gekxtravaganza._before,gekxtravaganza occured before daxday.,50_10_temporal_daxday_because_gekxtravaganza_gekxtravaganza occured before daxday._before,daxday,gekxtravaganza,"Given the following statement:
because gekxtravaganza happened, daxday happened.

Produce a valid conclusion: ","Given the following statement:
because gekxtravaganza happened, daxday happened.

Is it true that daxday occured before gekxtravaganza? Answer yes or no: ","Given the following statement:
because gekxtravaganza happened, daxday happened.

Is it true that gekxtravaganza occured before daxday? Answer yes or no: ",-1.2290759086608887,-1.305605173110962,-2.8058557510375977,-4.843579292297363,-2.792637825012207,-4.956348419189453
373,"fepfestival happened. Hence, blicketbash happened.",fepfestival occured after blicketbash.,122_2_temporal_fepfestival_hence_blicketbash_fepfestival occured after blicketbash._after,blicketbash occured after fepfestival.,122_2_temporal_fepfestival_hence_blicketbash_blicketbash occured after fepfestival._after,fepfestival,blicketbash,"Given the following statement:
fepfestival happened. Hence, blicketbash happened.

Produce a valid conclusion: ","Given the following statement:
fepfestival happened. Hence, blicketbash happened.

Is it true that fepfestival occured after blicketbash? Answer yes or no: ","Given the following statement:
fepfestival happened. Hence, blicketbash happened.

Is it true that blicketbash occured after fepfestival? Answer yes or no: ",-1.7131012678146362,-1.811501383781433,-3.4551267623901367,-5.744301795959473,-3.380488395690918,-5.64306640625
374,wugfest happened since blicketbash happened.,wugfest occured after blicketbash.,178_8_temporal_wugfest_since_blicketbash_wugfest occured after blicketbash._after,blicketbash occured after wugfest.,178_8_temporal_wugfest_since_blicketbash_blicketbash occured after wugfest._after,wugfest,blicketbash,"Given the following statement:
wugfest happened since blicketbash happened.

Produce a valid conclusion: ","Given the following statement:
wugfest happened since blicketbash happened.

Is it true that wugfest occured after blicketbash? Answer yes or no: ","Given the following statement:
wugfest happened since blicketbash happened.

Is it true that blicketbash occured after wugfest? Answer yes or no: ",-1.186163067817688,-1.1136072874069214,-2.8697948455810547,-5.125100135803223,-2.6746959686279297,-4.756293296813965
375,blicketbash happened after gekxtravaganza.,blicketbash occured after gekxtravaganza.,4_4_temporal_blicketbash_after_gekxtravaganza_blicketbash occured after gekxtravaganza._after,gekxtravaganza occured after blicketbash.,4_4_temporal_blicketbash_after_gekxtravaganza_gekxtravaganza occured after blicketbash._after,blicketbash,gekxtravaganza,"Given the following statement:
blicketbash happened after gekxtravaganza.

Produce a valid conclusion: ","Given the following statement:
blicketbash happened after gekxtravaganza.

Is it true that blicketbash occured after gekxtravaganza? Answer yes or no: ","Given the following statement:
blicketbash happened after gekxtravaganza.

Is it true that gekxtravaganza occured after blicketbash? Answer yes or no: ",-0.7508577108383179,-0.9473022818565369,-2.8158111572265625,-4.748503684997559,-2.9701128005981445,-5.0363874435424805
376,"blicketbash happened. Later, gekxtravaganza happened.",blicketbash occured before gekxtravaganza.,140_10_temporal_blicketbash_later_gekxtravaganza_blicketbash occured before gekxtravaganza._before,gekxtravaganza occured before blicketbash.,140_10_temporal_blicketbash_later_gekxtravaganza_gekxtravaganza occured before blicketbash._before,blicketbash,gekxtravaganza,"Given the following statement:
blicketbash happened. Later, gekxtravaganza happened.

Produce a valid conclusion: ","Given the following statement:
blicketbash happened. Later, gekxtravaganza happened.

Is it true that blicketbash occured before gekxtravaganza? Answer yes or no: ","Given the following statement:
blicketbash happened. Later, gekxtravaganza happened.

Is it true that gekxtravaganza occured before blicketbash? Answer yes or no: ",-1.1257377862930298,-1.0910245180130005,-2.878872871398926,-4.915714263916016,-2.929722785949707,-5.11176872253418
377,"wugfest happened. Next, blicketbash happened.",wugfest occured before blicketbash.,143_3_temporal_wugfest_next_blicketbash_wugfest occured before blicketbash._before,blicketbash occured before wugfest.,143_3_temporal_wugfest_next_blicketbash_blicketbash occured before wugfest._before,wugfest,blicketbash,"Given the following statement:
wugfest happened. Next, blicketbash happened.

Produce a valid conclusion: ","Given the following statement:
wugfest happened. Next, blicketbash happened.

Is it true that wugfest occured before blicketbash? Answer yes or no: ","Given the following statement:
wugfest happened. Next, blicketbash happened.

Is it true that blicketbash occured before wugfest? Answer yes or no: ",-1.5506004095077515,-1.307816982269287,-3.257927894592285,-5.519822120666504,-2.912250518798828,-5.188446998596191
378,"daxday happened. Afterwards, blicketbash happened.",daxday occured after blicketbash.,13_3_temporal_daxday_afterwards_blicketbash_daxday occured after blicketbash._after,blicketbash occured after daxday.,13_3_temporal_daxday_afterwards_blicketbash_blicketbash occured after daxday._after,daxday,blicketbash,"Given the following statement:
daxday happened. Afterwards, blicketbash happened.

Produce a valid conclusion: ","Given the following statement:
daxday happened. Afterwards, blicketbash happened.

Is it true that daxday occured after blicketbash? Answer yes or no: ","Given the following statement:
daxday happened. Afterwards, blicketbash happened.

Is it true that blicketbash occured after daxday? Answer yes or no: ",-1.2139372825622559,-1.0548529624938965,-2.7382192611694336,-5.1823015213012695,-2.793379783630371,-5.1292877197265625
379,"As soon as daxday finished, wugfest happened.",wugfest occured after daxday.,27_7_temporal_wugfest_as soon as_daxday_wugfest occured after daxday._after,daxday occured after wugfest.,27_7_temporal_wugfest_as soon as_daxday_daxday occured after wugfest._after,wugfest,daxday,"Given the following statement:
As soon as daxday finished, wugfest happened.

Produce a valid conclusion: ","Given the following statement:
As soon as daxday finished, wugfest happened.

Is it true that wugfest occured after daxday? Answer yes or no: ","Given the following statement:
As soon as daxday finished, wugfest happened.

Is it true that daxday occured after wugfest? Answer yes or no: ",-1.4559820890426636,-1.4688310623168945,-3.3506717681884766,-5.155880928039551,-3.2404651641845703,-4.996606826782227
380,"wugfest happened. Subsequently, blicketbash happened.",wugfest occured before blicketbash.,192_2_temporal_wugfest_subsequently_blicketbash_wugfest occured before blicketbash._before,blicketbash occured before wugfest.,192_2_temporal_wugfest_subsequently_blicketbash_blicketbash occured before wugfest._before,wugfest,blicketbash,"Given the following statement:
wugfest happened. Subsequently, blicketbash happened.

Produce a valid conclusion: ","Given the following statement:
wugfest happened. Subsequently, blicketbash happened.

Is it true that wugfest occured before blicketbash? Answer yes or no: ","Given the following statement:
wugfest happened. Subsequently, blicketbash happened.

Is it true that blicketbash occured before wugfest? Answer yes or no: ",-1.5239958763122559,-1.3576726913452148,-3.1367692947387695,-5.482193946838379,-2.872035026550293,-5.192269325256348
381,"daxday happened. Then, gekxtravaganza happened.",daxday occured after gekxtravaganza.,202_2_temporal_daxday_then_gekxtravaganza_daxday occured after gekxtravaganza._after,gekxtravaganza occured after daxday.,202_2_temporal_daxday_then_gekxtravaganza_gekxtravaganza occured after daxday._after,daxday,gekxtravaganza,"Given the following statement:
daxday happened. Then, gekxtravaganza happened.

Produce a valid conclusion: ","Given the following statement:
daxday happened. Then, gekxtravaganza happened.

Is it true that daxday occured after gekxtravaganza? Answer yes or no: ","Given the following statement:
daxday happened. Then, gekxtravaganza happened.

Is it true that gekxtravaganza occured after daxday? Answer yes or no: ",-1.1349341869354248,-1.1334065198898315,-2.6055097579956055,-4.770602226257324,-2.575221061706543,-4.821459770202637
382,"wugfest happened. Afterwards, daxday happened.",wugfest occured before daxday.,15_5_temporal_wugfest_afterwards_daxday_wugfest occured before daxday._before,daxday occured before wugfest.,15_5_temporal_wugfest_afterwards_daxday_daxday occured before wugfest._before,wugfest,daxday,"Given the following statement:
wugfest happened. Afterwards, daxday happened.

Produce a valid conclusion: ","Given the following statement:
wugfest happened. Afterwards, daxday happened.

Is it true that wugfest occured before daxday? Answer yes or no: ","Given the following statement:
wugfest happened. Afterwards, daxday happened.

Is it true that daxday occured before wugfest? Answer yes or no: ",-1.5784422159194946,-1.3382669687271118,-3.3465938568115234,-5.256189346313477,-3.144148826599121,-5.078997611999512
383,"As soon as gekxtravaganza finished, fepfestival happened.",fepfestival occured before gekxtravaganza.,24_4_temporal_fepfestival_as soon as_gekxtravaganza_fepfestival occured before gekxtravaganza._before,gekxtravaganza occured before fepfestival.,24_4_temporal_fepfestival_as soon as_gekxtravaganza_gekxtravaganza occured before fepfestival._before,fepfestival,gekxtravaganza,"Given the following statement:
As soon as gekxtravaganza finished, fepfestival happened.

Produce a valid conclusion: ","Given the following statement:
As soon as gekxtravaganza finished, fepfestival happened.

Is it true that fepfestival occured before gekxtravaganza? Answer yes or no: ","Given the following statement:
As soon as gekxtravaganza finished, fepfestival happened.

Is it true that gekxtravaganza occured before fepfestival? Answer yes or no: ",-1.2637856006622314,-1.0872457027435303,-3.089139938354492,-5.200583457946777,-3.1853790283203125,-5.270383834838867
384,"daxday happened. Consequently, gekxtravaganza happened.",daxday occured after gekxtravaganza.,65_5_temporal_daxday_consequently_gekxtravaganza_daxday occured after gekxtravaganza._after,gekxtravaganza occured after daxday.,65_5_temporal_daxday_consequently_gekxtravaganza_gekxtravaganza occured after daxday._after,daxday,gekxtravaganza,"Given the following statement:
daxday happened. Consequently, gekxtravaganza happened.

Produce a valid conclusion: ","Given the following statement:
daxday happened. Consequently, gekxtravaganza happened.

Is it true that daxday occured after gekxtravaganza? Answer yes or no: ","Given the following statement:
daxday happened. Consequently, gekxtravaganza happened.

Is it true that gekxtravaganza occured after daxday? Answer yes or no: ",-1.3278318643569946,-1.2718411684036255,-2.955862045288086,-4.998002052307129,-2.867123603820801,-5.011812210083008
385,"fepfestival happened. Thereafter, blicketbash happened.",fepfestival occured after blicketbash.,213_3_temporal_fepfestival_thereafter_blicketbash_fepfestival occured after blicketbash._after,blicketbash occured after fepfestival.,213_3_temporal_fepfestival_thereafter_blicketbash_blicketbash occured after fepfestival._after,fepfestival,blicketbash,"Given the following statement:
fepfestival happened. Thereafter, blicketbash happened.

Produce a valid conclusion: ","Given the following statement:
fepfestival happened. Thereafter, blicketbash happened.

Is it true that fepfestival occured after blicketbash? Answer yes or no: ","Given the following statement:
fepfestival happened. Thereafter, blicketbash happened.

Is it true that blicketbash occured after fepfestival? Answer yes or no: ",-1.2921602725982666,-1.5638236999511719,-3.1835927963256836,-5.471465110778809,-3.1032276153564453,-5.362476348876953
386,blicketbash happened as a result of fepfestival.,fepfestival occured before blicketbash.,37_7_temporal_fepfestival_as a result_blicketbash_fepfestival occured before blicketbash._before,blicketbash occured before fepfestival.,37_7_temporal_fepfestival_as a result_blicketbash_blicketbash occured before fepfestival._before,fepfestival,blicketbash,"Given the following statement:
blicketbash happened as a result of fepfestival.

Produce a valid conclusion: ","Given the following statement:
blicketbash happened as a result of fepfestival.

Is it true that fepfestival occured before blicketbash? Answer yes or no: ","Given the following statement:
blicketbash happened as a result of fepfestival.

Is it true that blicketbash occured before fepfestival? Answer yes or no: ",-1.8093624114990234,-1.3922470808029175,-2.5561628341674805,-4.525296211242676,-2.3161420822143555,-4.218676567077637
387,"daxday happened. Hence, blicketbash happened.",daxday occured after blicketbash.,123_3_temporal_daxday_hence_blicketbash_daxday occured after blicketbash._after,blicketbash occured after daxday.,123_3_temporal_daxday_hence_blicketbash_blicketbash occured after daxday._after,daxday,blicketbash,"Given the following statement:
daxday happened. Hence, blicketbash happened.

Produce a valid conclusion: ","Given the following statement:
daxday happened. Hence, blicketbash happened.

Is it true that daxday occured after blicketbash? Answer yes or no: ","Given the following statement:
daxday happened. Hence, blicketbash happened.

Is it true that blicketbash occured after daxday? Answer yes or no: ",-1.450778603553772,-1.3030004501342773,-3.1374998092651367,-5.465086936950684,-3.134610176086426,-5.428104400634766
388,"daxday happened. Then, blicketbash happened.",daxday occured before blicketbash.,209_9_temporal_daxday_then_blicketbash_daxday occured before blicketbash._before,blicketbash occured before daxday.,209_9_temporal_daxday_then_blicketbash_blicketbash occured before daxday._before,daxday,blicketbash,"Given the following statement:
daxday happened. Then, blicketbash happened.

Produce a valid conclusion: ","Given the following statement:
daxday happened. Then, blicketbash happened.

Is it true that daxday occured before blicketbash? Answer yes or no: ","Given the following statement:
daxday happened. Then, blicketbash happened.

Is it true that blicketbash occured before daxday? Answer yes or no: ",-1.2738330364227295,-1.2575596570968628,-2.697246551513672,-5.280594825744629,-2.6733245849609375,-5.1026411056518555
389,"fepfestival happened. Finally, gekxtravaganza happened.",fepfestival occured before gekxtravaganza.,112_2_temporal_fepfestival_finally_gekxtravaganza_fepfestival occured before gekxtravaganza._before,gekxtravaganza occured before fepfestival.,112_2_temporal_fepfestival_finally_gekxtravaganza_gekxtravaganza occured before fepfestival._before,fepfestival,gekxtravaganza,"Given the following statement:
fepfestival happened. Finally, gekxtravaganza happened.

Produce a valid conclusion: ","Given the following statement:
fepfestival happened. Finally, gekxtravaganza happened.

Is it true that fepfestival occured before gekxtravaganza? Answer yes or no: ","Given the following statement:
fepfestival happened. Finally, gekxtravaganza happened.

Is it true that gekxtravaganza occured before fepfestival? Answer yes or no: ",-1.327929973602295,-1.4834412336349487,-3.2148218154907227,-5.162160873413086,-3.4187049865722656,-5.2972002029418945
390,"Even before wugfest, fepfestival happened.",wugfest occured after fepfestival.,93_3_temporal_wugfest_even before_fepfestival_wugfest occured after fepfestival._after,fepfestival occured after wugfest.,93_3_temporal_wugfest_even before_fepfestival_fepfestival occured after wugfest._after,wugfest,fepfestival,"Given the following statement:
Even before wugfest, fepfestival happened.

Produce a valid conclusion: ","Given the following statement:
Even before wugfest, fepfestival happened.

Is it true that wugfest occured after fepfestival? Answer yes or no: ","Given the following statement:
Even before wugfest, fepfestival happened.

Is it true that fepfestival occured after wugfest? Answer yes or no: ",-1.3816752433776855,-1.781937599182129,-3.1425886154174805,-5.13437557220459,-2.813021659851074,-4.9886980056762695
391,"daxday happened. Consequently, blicketbash happened.",daxday occured before blicketbash.,69_9_temporal_daxday_consequently_blicketbash_daxday occured before blicketbash._before,blicketbash occured before daxday.,69_9_temporal_daxday_consequently_blicketbash_blicketbash occured before daxday._before,daxday,blicketbash,"Given the following statement:
daxday happened. Consequently, blicketbash happened.

Produce a valid conclusion: ","Given the following statement:
daxday happened. Consequently, blicketbash happened.

Is it true that daxday occured before blicketbash? Answer yes or no: ","Given the following statement:
daxday happened. Consequently, blicketbash happened.

Is it true that blicketbash occured before daxday? Answer yes or no: ",-1.487440824508667,-1.4290815591812134,-3.0089635848999023,-5.429211616516113,-2.95194149017334,-5.272403717041016
392,"daxday happened. Later, fepfestival happened.",daxday occured after fepfestival.,138_8_temporal_daxday_later_fepfestival_daxday occured after fepfestival._after,fepfestival occured after daxday.,138_8_temporal_daxday_later_fepfestival_fepfestival occured after daxday._after,daxday,fepfestival,"Given the following statement:
daxday happened. Later, fepfestival happened.

Produce a valid conclusion: ","Given the following statement:
daxday happened. Later, fepfestival happened.

Is it true that daxday occured after fepfestival? Answer yes or no: ","Given the following statement:
daxday happened. Later, fepfestival happened.

Is it true that fepfestival occured after daxday? Answer yes or no: ",-1.1628035306930542,-1.4770629405975342,-2.117502212524414,-4.556299209594727,-2.2018489837646484,-4.624839782714844
393,"wugfest happened. Therefore, daxday happened.",wugfest occured before daxday.,229_9_temporal_wugfest_therefore_daxday_wugfest occured before daxday._before,daxday occured before wugfest.,229_9_temporal_wugfest_therefore_daxday_daxday occured before wugfest._before,wugfest,daxday,"Given the following statement:
wugfest happened. Therefore, daxday happened.

Produce a valid conclusion: ","Given the following statement:
wugfest happened. Therefore, daxday happened.

Is it true that wugfest occured before daxday? Answer yes or no: ","Given the following statement:
wugfest happened. Therefore, daxday happened.

Is it true that daxday occured before wugfest? Answer yes or no: ",-1.7816669940948486,-1.5619251728057861,-3.635220527648926,-5.550966262817383,-3.510976791381836,-5.421483039855957
394,"daxday happened. So, blicketbash happened.",daxday occured after blicketbash.,190_10_temporal_daxday_so_blicketbash_daxday occured after blicketbash._after,blicketbash occured after daxday.,190_10_temporal_daxday_so_blicketbash_blicketbash occured after daxday._after,daxday,blicketbash,"Given the following statement:
daxday happened. So, blicketbash happened.

Produce a valid conclusion: ","Given the following statement:
daxday happened. So, blicketbash happened.

Is it true that daxday occured after blicketbash? Answer yes or no: ","Given the following statement:
daxday happened. So, blicketbash happened.

Is it true that blicketbash occured after daxday? Answer yes or no: ",-1.326241135597229,-1.2437819242477417,-2.7943124771118164,-5.246218681335449,-2.81173038482666,-5.1861371994018555
395,"wugfest happened. Hence, daxday happened.",wugfest occured before daxday.,124_4_temporal_wugfest_hence_daxday_wugfest occured before daxday._before,daxday occured before wugfest.,124_4_temporal_wugfest_hence_daxday_daxday occured before wugfest._before,wugfest,daxday,"Given the following statement:
wugfest happened. Hence, daxday happened.

Produce a valid conclusion: ","Given the following statement:
wugfest happened. Hence, daxday happened.

Is it true that wugfest occured before daxday? Answer yes or no: ","Given the following statement:
wugfest happened. Hence, daxday happened.

Is it true that daxday occured before wugfest? Answer yes or no: ",-1.8060137033462524,-1.563910961151123,-3.789846420288086,-5.768520355224609,-3.6920385360717773,-5.626177787780762
396,"fepfestival happened. Afterwards, blicketbash happened.",fepfestival occured before blicketbash.,20_10_temporal_fepfestival_afterwards_blicketbash_fepfestival occured before blicketbash._before,blicketbash occured before fepfestival.,20_10_temporal_fepfestival_afterwards_blicketbash_blicketbash occured before fepfestival._before,fepfestival,blicketbash,"Given the following statement:
fepfestival happened. Afterwards, blicketbash happened.

Produce a valid conclusion: ","Given the following statement:
fepfestival happened. Afterwards, blicketbash happened.

Is it true that fepfestival occured before blicketbash? Answer yes or no: ","Given the following statement:
fepfestival happened. Afterwards, blicketbash happened.

Is it true that blicketbash occured before fepfestival? Answer yes or no: ",-1.4697723388671875,-1.6595295667648315,-3.1125946044921875,-5.537442207336426,-3.0380306243896484,-5.337574005126953
397,"daxday happened. Previously, fepfestival happened.",daxday occured before fepfestival.,162_2_temporal_daxday_previously_fepfestival_daxday occured before fepfestival._before,fepfestival occured before daxday.,162_2_temporal_daxday_previously_fepfestival_fepfestival occured before daxday._before,daxday,fepfestival,"Given the following statement:
daxday happened. Previously, fepfestival happened.

Produce a valid conclusion: ","Given the following statement:
daxday happened. Previously, fepfestival happened.

Is it true that daxday occured before fepfestival? Answer yes or no: ","Given the following statement:
daxday happened. Previously, fepfestival happened.

Is it true that fepfestival occured before daxday? Answer yes or no: ",-1.1522777080535889,-1.6016957759857178,-2.1039600372314453,-4.379271507263184,-2.150631904602051,-4.498334884643555
398,"blicketbash happened. Therefore, gekxtravaganza happened.",blicketbash occured after gekxtravaganza.,223_3_temporal_blicketbash_therefore_gekxtravaganza_blicketbash occured after gekxtravaganza._after,gekxtravaganza occured after blicketbash.,223_3_temporal_blicketbash_therefore_gekxtravaganza_gekxtravaganza occured after blicketbash._after,blicketbash,gekxtravaganza,"Given the following statement:
blicketbash happened. Therefore, gekxtravaganza happened.

Produce a valid conclusion: ","Given the following statement:
blicketbash happened. Therefore, gekxtravaganza happened.

Is it true that blicketbash occured after gekxtravaganza? Answer yes or no: ","Given the following statement:
blicketbash happened. Therefore, gekxtravaganza happened.

Is it true that gekxtravaganza occured after blicketbash? Answer yes or no: ",-1.3033808469772339,-1.3330317735671997,-3.232145309448242,-5.204450607299805,-3.1560440063476562,-5.332386016845703
399,"daxday happened. Afterwards, fepfestival happened.",daxday occured after fepfestival.,14_4_temporal_daxday_afterwards_fepfestival_daxday occured after fepfestival._after,fepfestival occured after daxday.,14_4_temporal_daxday_afterwards_fepfestival_fepfestival occured after daxday._after,daxday,fepfestival,"Given the following statement:
daxday happened. Afterwards, fepfestival happened.

Produce a valid conclusion: ","Given the following statement:
daxday happened. Afterwards, fepfestival happened.

Is it true that daxday occured after fepfestival? Answer yes or no: ","Given the following statement:
daxday happened. Afterwards, fepfestival happened.

Is it true that fepfestival occured after daxday? Answer yes or no: ",-1.1631388664245605,-1.3969364166259766,-2.1673498153686523,-4.627342224121094,-2.2611169815063477,-4.713881492614746
400,"After blicketbash, fepfestival happened.",fepfestival occured before blicketbash.,5_5_temporal_fepfestival_after_blicketbash_fepfestival occured before blicketbash._before,blicketbash occured before fepfestival.,5_5_temporal_fepfestival_after_blicketbash_blicketbash occured before fepfestival._before,fepfestival,blicketbash,"Given the following statement:
After blicketbash, fepfestival happened.

Produce a valid conclusion: ","Given the following statement:
After blicketbash, fepfestival happened.

Is it true that fepfestival occured before blicketbash? Answer yes or no: ","Given the following statement:
After blicketbash, fepfestival happened.

Is it true that blicketbash occured before fepfestival? Answer yes or no: ",-1.697919487953186,-1.180622935295105,-2.7090368270874023,-5.068540573120117,-2.6929731369018555,-5.031674385070801
401,"blicketbash happened. Hence, gekxtravaganza happened.",blicketbash occured before gekxtravaganza.,130_10_temporal_blicketbash_hence_gekxtravaganza_blicketbash occured before gekxtravaganza._before,gekxtravaganza occured before blicketbash.,130_10_temporal_blicketbash_hence_gekxtravaganza_gekxtravaganza occured before blicketbash._before,blicketbash,gekxtravaganza,"Given the following statement:
blicketbash happened. Hence, gekxtravaganza happened.

Produce a valid conclusion: ","Given the following statement:
blicketbash happened. Hence, gekxtravaganza happened.

Is it true that blicketbash occured before gekxtravaganza? Answer yes or no: ","Given the following statement:
blicketbash happened. Hence, gekxtravaganza happened.

Is it true that gekxtravaganza occured before blicketbash? Answer yes or no: ",-1.3632392883300781,-1.4126224517822266,-3.2692909240722656,-5.335268020629883,-3.298274040222168,-5.5304107666015625
402,"Once gekxtravaganza happened, fepfestival happened.",fepfestival occured after gekxtravaganza.,157_7_temporal_fepfestival_once_gekxtravaganza_fepfestival occured after gekxtravaganza._after,gekxtravaganza occured after fepfestival.,157_7_temporal_fepfestival_once_gekxtravaganza_gekxtravaganza occured after fepfestival._after,fepfestival,gekxtravaganza,"Given the following statement:
Once gekxtravaganza happened, fepfestival happened.

Produce a valid conclusion: ","Given the following statement:
Once gekxtravaganza happened, fepfestival happened.

Is it true that fepfestival occured after gekxtravaganza? Answer yes or no: ","Given the following statement:
Once gekxtravaganza happened, fepfestival happened.

Is it true that gekxtravaganza occured after fepfestival? Answer yes or no: ",-1.1855480670928955,-1.0742560625076294,-2.919161796569824,-5.175082206726074,-3.1636457443237305,-5.220113754272461
403,"wugfest happened. Then, fepfestival happened.",wugfest occured after fepfestival.,210_10_temporal_wugfest_then_fepfestival_wugfest occured after fepfestival._after,fepfestival occured after wugfest.,210_10_temporal_wugfest_then_fepfestival_fepfestival occured after wugfest._after,wugfest,fepfestival,"Given the following statement:
wugfest happened. Then, fepfestival happened.

Produce a valid conclusion: ","Given the following statement:
wugfest happened. Then, fepfestival happened.

Is it true that wugfest occured after fepfestival? Answer yes or no: ","Given the following statement:
wugfest happened. Then, fepfestival happened.

Is it true that fepfestival occured after wugfest? Answer yes or no: ",-1.6126059293746948,-1.8007819652557373,-2.8918495178222656,-5.161874771118164,-2.6165151596069336,-5.1228437423706055
404,"As soon as blicketbash finished, fepfestival happened.",fepfestival occured after blicketbash.,30_10_temporal_fepfestival_as soon as_blicketbash_fepfestival occured after blicketbash._after,blicketbash occured after fepfestival.,30_10_temporal_fepfestival_as soon as_blicketbash_blicketbash occured after fepfestival._after,fepfestival,blicketbash,"Given the following statement:
As soon as blicketbash finished, fepfestival happened.

Produce a valid conclusion: ","Given the following statement:
As soon as blicketbash finished, fepfestival happened.

Is it true that fepfestival occured after blicketbash? Answer yes or no: ","Given the following statement:
As soon as blicketbash finished, fepfestival happened.

Is it true that blicketbash occured after fepfestival? Answer yes or no: ",-1.5713168382644653,-1.07145357131958,-2.795663833618164,-5.073820114135742,-2.8131494522094727,-4.9436845779418945
405,"wugfest happened. So, daxday happened.",wugfest occured after daxday.,186_6_temporal_wugfest_so_daxday_wugfest occured after daxday._after,daxday occured after wugfest.,186_6_temporal_wugfest_so_daxday_daxday occured after wugfest._after,wugfest,daxday,"Given the following statement:
wugfest happened. So, daxday happened.

Produce a valid conclusion: ","Given the following statement:
wugfest happened. So, daxday happened.

Is it true that wugfest occured after daxday? Answer yes or no: ","Given the following statement:
wugfest happened. So, daxday happened.

Is it true that daxday occured after wugfest? Answer yes or no: ",-1.6942412853240967,-1.4321333169937134,-3.435089111328125,-5.404223442077637,-3.23641300201416,-5.252704620361328
406,wugfest happened since daxday happened.,wugfest occured after daxday.,173_3_temporal_wugfest_since_daxday_wugfest occured after daxday._after,daxday occured after wugfest.,173_3_temporal_wugfest_since_daxday_daxday occured after wugfest._after,wugfest,daxday,"Given the following statement:
wugfest happened since daxday happened.

Produce a valid conclusion: ","Given the following statement:
wugfest happened since daxday happened.

Is it true that wugfest occured after daxday? Answer yes or no: ","Given the following statement:
wugfest happened since daxday happened.

Is it true that daxday occured after wugfest? Answer yes or no: ",-1.2630811929702759,-1.259705901145935,-2.862964630126953,-4.8280744552612305,-2.6455812454223633,-4.488777160644531
407,"fepfestival happened. Thereafter, gekxtravaganza happened.",fepfestival occured before gekxtravaganza.,219_9_temporal_fepfestival_thereafter_gekxtravaganza_fepfestival occured before gekxtravaganza._before,gekxtravaganza occured before fepfestival.,219_9_temporal_fepfestival_thereafter_gekxtravaganza_gekxtravaganza occured before fepfestival._before,fepfestival,gekxtravaganza,"Given the following statement:
fepfestival happened. Thereafter, gekxtravaganza happened.

Produce a valid conclusion: ","Given the following statement:
fepfestival happened. Thereafter, gekxtravaganza happened.

Is it true that fepfestival occured before gekxtravaganza? Answer yes or no: ","Given the following statement:
fepfestival happened. Thereafter, gekxtravaganza happened.

Is it true that gekxtravaganza occured before fepfestival? Answer yes or no: ",-1.24559485912323,-1.4553214311599731,-3.414529800415039,-5.3091278076171875,-3.570866584777832,-5.392220497131348
408,daxday happened after gekxtravaganza.,daxday occured after gekxtravaganza.,2_2_temporal_daxday_after_gekxtravaganza_daxday occured after gekxtravaganza._after,gekxtravaganza occured after daxday.,2_2_temporal_daxday_after_gekxtravaganza_gekxtravaganza occured after daxday._after,daxday,gekxtravaganza,"Given the following statement:
daxday happened after gekxtravaganza.

Produce a valid conclusion: ","Given the following statement:
daxday happened after gekxtravaganza.

Is it true that daxday occured after gekxtravaganza? Answer yes or no: ","Given the following statement:
daxday happened after gekxtravaganza.

Is it true that gekxtravaganza occured after daxday? Answer yes or no: ",-0.753171980381012,-0.9774360656738281,-2.584456443786621,-4.770493507385254,-2.514664649963379,-4.792574882507324
409,"wugfest happened. Hence, gekxtravaganza happened.",wugfest occured after gekxtravaganza.,129_9_temporal_wugfest_hence_gekxtravaganza_wugfest occured after gekxtravaganza._after,gekxtravaganza occured after wugfest.,129_9_temporal_wugfest_hence_gekxtravaganza_gekxtravaganza occured after wugfest._after,wugfest,gekxtravaganza,"Given the following statement:
wugfest happened. Hence, gekxtravaganza happened.

Produce a valid conclusion: ","Given the following statement:
wugfest happened. Hence, gekxtravaganza happened.

Is it true that wugfest occured after gekxtravaganza? Answer yes or no: ","Given the following statement:
wugfest happened. Hence, gekxtravaganza happened.

Is it true that gekxtravaganza occured after wugfest? Answer yes or no: ",-1.431666612625122,-1.3994977474212646,-3.7029237747192383,-5.5916643142700195,-3.4166746139526367,-5.501812934875488
410,"wugfest happened. Thereafter, fepfestival happened.",wugfest occured after fepfestival.,215_5_temporal_wugfest_thereafter_fepfestival_wugfest occured after fepfestival._after,fepfestival occured after wugfest.,215_5_temporal_wugfest_thereafter_fepfestival_fepfestival occured after wugfest._after,wugfest,fepfestival,"Given the following statement:
wugfest happened. Thereafter, fepfestival happened.

Produce a valid conclusion: ","Given the following statement:
wugfest happened. Thereafter, fepfestival happened.

Is it true that wugfest occured after fepfestival? Answer yes or no: ","Given the following statement:
wugfest happened. Thereafter, fepfestival happened.

Is it true that fepfestival occured after wugfest? Answer yes or no: ",-1.372326374053955,-1.55672287940979,-3.122370719909668,-5.200681686401367,-2.862393379211426,-5.170693397521973
411,gekxtravaganza happened as a result of fepfestival.,fepfestival occured before gekxtravaganza.,35_5_temporal_fepfestival_as a result_gekxtravaganza_fepfestival occured before gekxtravaganza._before,gekxtravaganza occured before fepfestival.,35_5_temporal_fepfestival_as a result_gekxtravaganza_gekxtravaganza occured before fepfestival._before,fepfestival,gekxtravaganza,"Given the following statement:
gekxtravaganza happened as a result of fepfestival.

Produce a valid conclusion: ","Given the following statement:
gekxtravaganza happened as a result of fepfestival.

Is it true that fepfestival occured before gekxtravaganza? Answer yes or no: ","Given the following statement:
gekxtravaganza happened as a result of fepfestival.

Is it true that gekxtravaganza occured before fepfestival? Answer yes or no: ",-1.393428921699524,-1.1573131084442139,-2.4344282150268555,-4.343194007873535,-2.512584686279297,-4.42191219329834
412,"wugfest happened. Therefore, blicketbash happened.",wugfest occured after blicketbash.,227_7_temporal_wugfest_therefore_blicketbash_wugfest occured after blicketbash._after,blicketbash occured after wugfest.,227_7_temporal_wugfest_therefore_blicketbash_blicketbash occured after wugfest._after,wugfest,blicketbash,"Given the following statement:
wugfest happened. Therefore, blicketbash happened.

Produce a valid conclusion: ","Given the following statement:
wugfest happened. Therefore, blicketbash happened.

Is it true that wugfest occured after blicketbash? Answer yes or no: ","Given the following statement:
wugfest happened. Therefore, blicketbash happened.

Is it true that blicketbash occured after wugfest? Answer yes or no: ",-1.6544597148895264,-1.4515314102172852,-3.4578428268432617,-5.655864715576172,-3.184001922607422,-5.408531188964844
413,wugfest happened even after fepfestival.,wugfest occured before fepfestival.,82_2_temporal_wugfest_even after_fepfestival_wugfest occured before fepfestival._before,fepfestival occured before wugfest.,82_2_temporal_wugfest_even after_fepfestival_fepfestival occured before wugfest._before,wugfest,fepfestival,"Given the following statement:
wugfest happened even after fepfestival.

Produce a valid conclusion: ","Given the following statement:
wugfest happened even after fepfestival.

Is it true that wugfest occured before fepfestival? Answer yes or no: ","Given the following statement:
wugfest happened even after fepfestival.

Is it true that fepfestival occured before wugfest? Answer yes or no: ",-1.2899577617645264,-1.7940528392791748,-3.101752281188965,-5.0262956619262695,-2.820034980773926,-4.847249984741211
414,"because blicketbash happened, wugfest happened.",wugfest occured after blicketbash.,42_2_temporal_wugfest_because_blicketbash_wugfest occured after blicketbash._after,blicketbash occured after wugfest.,42_2_temporal_wugfest_because_blicketbash_blicketbash occured after wugfest._after,wugfest,blicketbash,"Given the following statement:
because blicketbash happened, wugfest happened.

Produce a valid conclusion: ","Given the following statement:
because blicketbash happened, wugfest happened.

Is it true that wugfest occured after blicketbash? Answer yes or no: ","Given the following statement:
because blicketbash happened, wugfest happened.

Is it true that blicketbash occured after wugfest? Answer yes or no: ",-1.5934470891952515,-1.3832528591156006,-2.693174362182617,-4.7771196365356445,-2.635242462158203,-4.6713409423828125
415,"Once blicketbash happened, daxday happened.",daxday occured before blicketbash.,160_10_temporal_daxday_once_blicketbash_daxday occured before blicketbash._before,blicketbash occured before daxday.,160_10_temporal_daxday_once_blicketbash_blicketbash occured before daxday._before,daxday,blicketbash,"Given the following statement:
Once blicketbash happened, daxday happened.

Produce a valid conclusion: ","Given the following statement:
Once blicketbash happened, daxday happened.

Is it true that daxday occured before blicketbash? Answer yes or no: ","Given the following statement:
Once blicketbash happened, daxday happened.

Is it true that blicketbash occured before daxday? Answer yes or no: ",-1.1779711246490479,-1.2458720207214355,-2.9414100646972656,-5.313676834106445,-2.941309928894043,-5.339171409606934
416,"As soon as fepfestival finished, daxday happened.",daxday occured after fepfestival.,28_8_temporal_daxday_as soon as_fepfestival_daxday occured after fepfestival._after,fepfestival occured after daxday.,28_8_temporal_daxday_as soon as_fepfestival_fepfestival occured after daxday._after,daxday,fepfestival,"Given the following statement:
As soon as fepfestival finished, daxday happened.

Produce a valid conclusion: ","Given the following statement:
As soon as fepfestival finished, daxday happened.

Is it true that daxday occured after fepfestival? Answer yes or no: ","Given the following statement:
As soon as fepfestival finished, daxday happened.

Is it true that fepfestival occured after daxday? Answer yes or no: ",-1.157139778137207,-1.6451213359832764,-3.129868507385254,-5.365668296813965,-3.2069711685180664,-5.51621150970459
417,"fepfestival happened. Next, blicketbash happened.",fepfestival occured before blicketbash.,145_5_temporal_fepfestival_next_blicketbash_fepfestival occured before blicketbash._before,blicketbash occured before fepfestival.,145_5_temporal_fepfestival_next_blicketbash_blicketbash occured before fepfestival._before,fepfestival,blicketbash,"Given the following statement:
fepfestival happened. Next, blicketbash happened.

Produce a valid conclusion: ","Given the following statement:
fepfestival happened. Next, blicketbash happened.

Is it true that fepfestival occured before blicketbash? Answer yes or no: ","Given the following statement:
fepfestival happened. Next, blicketbash happened.

Is it true that blicketbash occured before fepfestival? Answer yes or no: ",-1.3960593938827515,-1.6935068368911743,-3.1708803176879883,-5.533308982849121,-3.0139312744140625,-5.2677202224731445
418,"wugfest happened. Next, gekxtravaganza happened.",wugfest occured after gekxtravaganza.,150_10_temporal_wugfest_next_gekxtravaganza_wugfest occured after gekxtravaganza._after,gekxtravaganza occured after wugfest.,150_10_temporal_wugfest_next_gekxtravaganza_gekxtravaganza occured after wugfest._after,wugfest,gekxtravaganza,"Given the following statement:
wugfest happened. Next, gekxtravaganza happened.

Produce a valid conclusion: ","Given the following statement:
wugfest happened. Next, gekxtravaganza happened.

Is it true that wugfest occured after gekxtravaganza? Answer yes or no: ","Given the following statement:
wugfest happened. Next, gekxtravaganza happened.

Is it true that gekxtravaganza occured after wugfest? Answer yes or no: ",-1.2932865619659424,-1.1973391771316528,-3.303389549255371,-5.230931282043457,-3.0510950088500977,-5.2028913497924805
419,"Even before daxday, blicketbash happened.",daxday occured before blicketbash.,97_7_temporal_daxday_even before_blicketbash_daxday occured before blicketbash._before,blicketbash occured before daxday.,97_7_temporal_daxday_even before_blicketbash_blicketbash occured before daxday._before,daxday,blicketbash,"Given the following statement:
Even before daxday, blicketbash happened.

Produce a valid conclusion: ","Given the following statement:
Even before daxday, blicketbash happened.

Is it true that daxday occured before blicketbash? Answer yes or no: ","Given the following statement:
Even before daxday, blicketbash happened.

Is it true that blicketbash occured before daxday? Answer yes or no: ",-1.096617579460144,-1.0027016401290894,-2.8515090942382812,-5.055675506591797,-2.7240190505981445,-5.051692008972168
420,gekxtravaganza happened as a result of blicketbash.,blicketbash occured before gekxtravaganza.,40_10_temporal_blicketbash_as a result_gekxtravaganza_blicketbash occured before gekxtravaganza._before,gekxtravaganza occured before blicketbash.,40_10_temporal_blicketbash_as a result_gekxtravaganza_gekxtravaganza occured before blicketbash._before,blicketbash,gekxtravaganza,"Given the following statement:
gekxtravaganza happened as a result of blicketbash.

Produce a valid conclusion: ","Given the following statement:
gekxtravaganza happened as a result of blicketbash.

Is it true that blicketbash occured before gekxtravaganza? Answer yes or no: ","Given the following statement:
gekxtravaganza happened as a result of blicketbash.

Is it true that gekxtravaganza occured before blicketbash? Answer yes or no: ",-1.169373631477356,-1.3024237155914307,-2.6628761291503906,-4.482318878173828,-2.721132278442383,-4.687624931335449
421,"daxday happened. Then, fepfestival happened.",daxday occured before fepfestival.,207_7_temporal_daxday_then_fepfestival_daxday occured before fepfestival._before,fepfestival occured before daxday.,207_7_temporal_daxday_then_fepfestival_fepfestival occured before daxday._before,daxday,fepfestival,"Given the following statement:
daxday happened. Then, fepfestival happened.

Produce a valid conclusion: ","Given the following statement:
daxday happened. Then, fepfestival happened.

Is it true that daxday occured before fepfestival? Answer yes or no: ","Given the following statement:
daxday happened. Then, fepfestival happened.

Is it true that fepfestival occured before daxday? Answer yes or no: ",-1.2332091331481934,-1.7085046768188477,-2.271122932434082,-4.812333106994629,-2.32071590423584,-4.831944465637207
422,"wugfest happened. Afterwards, gekxtravaganza happened.",wugfest occured before gekxtravaganza.,17_7_temporal_wugfest_afterwards_gekxtravaganza_wugfest occured before gekxtravaganza._before,gekxtravaganza occured before wugfest.,17_7_temporal_wugfest_afterwards_gekxtravaganza_gekxtravaganza occured before wugfest._before,wugfest,gekxtravaganza,"Given the following statement:
wugfest happened. Afterwards, gekxtravaganza happened.

Produce a valid conclusion: ","Given the following statement:
wugfest happened. Afterwards, gekxtravaganza happened.

Is it true that wugfest occured before gekxtravaganza? Answer yes or no: ","Given the following statement:
wugfest happened. Afterwards, gekxtravaganza happened.

Is it true that gekxtravaganza occured before wugfest? Answer yes or no: ",-1.3070292472839355,-1.266383409500122,-3.202573776245117,-5.110965728759766,-2.993401527404785,-5.080502510070801
423,"daxday happened. Finally, gekxtravaganza happened.",daxday occured before gekxtravaganza.,120_10_temporal_daxday_finally_gekxtravaganza_daxday occured before gekxtravaganza._before,gekxtravaganza occured before daxday.,120_10_temporal_daxday_finally_gekxtravaganza_gekxtravaganza occured before daxday._before,daxday,gekxtravaganza,"Given the following statement:
daxday happened. Finally, gekxtravaganza happened.

Produce a valid conclusion: ","Given the following statement:
daxday happened. Finally, gekxtravaganza happened.

Is it true that daxday occured before gekxtravaganza? Answer yes or no: ","Given the following statement:
daxday happened. Finally, gekxtravaganza happened.

Is it true that gekxtravaganza occured before daxday? Answer yes or no: ",-1.1653878688812256,-1.1695451736450195,-2.727022171020508,-4.813995361328125,-2.766468048095703,-4.8728837966918945
424,daxday happened even after gekxtravaganza.,daxday occured before gekxtravaganza.,81_1_temporal_daxday_even after_gekxtravaganza_daxday occured before gekxtravaganza._before,gekxtravaganza occured before daxday.,81_1_temporal_daxday_even after_gekxtravaganza_gekxtravaganza occured before daxday._before,daxday,gekxtravaganza,"Given the following statement:
daxday happened even after gekxtravaganza.

Produce a valid conclusion: ","Given the following statement:
daxday happened even after gekxtravaganza.

Is it true that daxday occured before gekxtravaganza? Answer yes or no: ","Given the following statement:
daxday happened even after gekxtravaganza.

Is it true that gekxtravaganza occured before daxday? Answer yes or no: ",-1.0489856004714966,-1.2110621929168701,-2.8358449935913086,-5.017514228820801,-2.698235511779785,-5.007159233093262
425,blicketbash happened since gekxtravaganza happened.,blicketbash occured after gekxtravaganza.,174_4_temporal_blicketbash_since_gekxtravaganza_blicketbash occured after gekxtravaganza._after,gekxtravaganza occured after blicketbash.,174_4_temporal_blicketbash_since_gekxtravaganza_gekxtravaganza occured after blicketbash._after,blicketbash,gekxtravaganza,"Given the following statement:
blicketbash happened since gekxtravaganza happened.

Produce a valid conclusion: ","Given the following statement:
blicketbash happened since gekxtravaganza happened.

Is it true that blicketbash occured after gekxtravaganza? Answer yes or no: ","Given the following statement:
blicketbash happened since gekxtravaganza happened.

Is it true that gekxtravaganza occured after blicketbash? Answer yes or no: ",-0.8771575093269348,-0.9793657660484314,-2.6742544174194336,-4.546418190002441,-2.749640464782715,-4.710023880004883
426,"daxday happened. Consequently, fepfestival happened.",daxday occured before fepfestival.,63_3_temporal_daxday_consequently_fepfestival_daxday occured before fepfestival._before,fepfestival occured before daxday.,63_3_temporal_daxday_consequently_fepfestival_fepfestival occured before daxday._before,daxday,fepfestival,"Given the following statement:
daxday happened. Consequently, fepfestival happened.

Produce a valid conclusion: ","Given the following statement:
daxday happened. Consequently, fepfestival happened.

Is it true that daxday occured before fepfestival? Answer yes or no: ","Given the following statement:
daxday happened. Consequently, fepfestival happened.

Is it true that fepfestival occured before daxday? Answer yes or no: ",-1.5073298215866089,-1.929213285446167,-2.80242919921875,-5.17972469329834,-2.7911596298217773,-5.184985160827637
427,"daxday happened. Subsequently, blicketbash happened.",daxday occured before blicketbash.,199_9_temporal_daxday_subsequently_blicketbash_daxday occured before blicketbash._before,blicketbash occured before daxday.,199_9_temporal_daxday_subsequently_blicketbash_blicketbash occured before daxday._before,daxday,blicketbash,"Given the following statement:
daxday happened. Subsequently, blicketbash happened.

Produce a valid conclusion: ","Given the following statement:
daxday happened. Subsequently, blicketbash happened.

Is it true that daxday occured before blicketbash? Answer yes or no: ","Given the following statement:
daxday happened. Subsequently, blicketbash happened.

Is it true that blicketbash occured before daxday? Answer yes or no: ",-1.24348783493042,-1.2128404378890991,-2.750762939453125,-5.2034101486206055,-2.7295074462890625,-5.039908409118652
428,wugfest happened once gekxtravaganza happened.,wugfest occured before gekxtravaganza.,158_8_temporal_wugfest_once_gekxtravaganza_wugfest occured before gekxtravaganza._before,gekxtravaganza occured before wugfest.,158_8_temporal_wugfest_once_gekxtravaganza_gekxtravaganza occured before wugfest._before,wugfest,gekxtravaganza,"Given the following statement:
wugfest happened once gekxtravaganza happened.

Produce a valid conclusion: ","Given the following statement:
wugfest happened once gekxtravaganza happened.

Is it true that wugfest occured before gekxtravaganza? Answer yes or no: ","Given the following statement:
wugfest happened once gekxtravaganza happened.

Is it true that gekxtravaganza occured before wugfest? Answer yes or no: ",-1.2290778160095215,-1.2332308292388916,-2.9708757400512695,-4.869309425354004,-2.668013572692871,-4.689697265625
429,gekxtravaganza happened as a result of daxday.,daxday occured after gekxtravaganza.,34_4_temporal_daxday_as a result_gekxtravaganza_daxday occured after gekxtravaganza._after,gekxtravaganza occured after daxday.,34_4_temporal_daxday_as a result_gekxtravaganza_gekxtravaganza occured after daxday._after,daxday,gekxtravaganza,"Given the following statement:
gekxtravaganza happened as a result of daxday.

Produce a valid conclusion: ","Given the following statement:
gekxtravaganza happened as a result of daxday.

Is it true that daxday occured after gekxtravaganza? Answer yes or no: ","Given the following statement:
gekxtravaganza happened as a result of daxday.

Is it true that gekxtravaganza occured after daxday? Answer yes or no: ",-1.150341510772705,-1.0620975494384766,-2.7918014526367188,-4.448564529418945,-2.524174690246582,-4.496811866760254
430,"daxday happend. Earlier, fepfestival had happened.",daxday occured before fepfestival.,73_3_temporal_daxday_earlier_fepfestival_daxday occured before fepfestival._before,fepfestival occured before daxday.,73_3_temporal_daxday_earlier_fepfestival_fepfestival occured before daxday._before,daxday,fepfestival,"Given the following statement:
daxday happend. Earlier, fepfestival had happened.

Produce a valid conclusion: ","Given the following statement:
daxday happend. Earlier, fepfestival had happened.

Is it true that daxday occured before fepfestival? Answer yes or no: ","Given the following statement:
daxday happend. Earlier, fepfestival had happened.

Is it true that fepfestival occured before daxday? Answer yes or no: ",-1.023290753364563,-1.3182705640792847,-2.3229284286499023,-4.567225456237793,-2.2458419799804688,-4.6339616775512695
431,wugfest happened even though daxday had happened.,wugfest occured before daxday.,110_10_temporal_wugfest_even though_daxday_wugfest occured before daxday._before,daxday occured before wugfest.,110_10_temporal_wugfest_even though_daxday_daxday occured before wugfest._before,wugfest,daxday,"Given the following statement:
wugfest happened even though daxday had happened.

Produce a valid conclusion: ","Given the following statement:
wugfest happened even though daxday had happened.

Is it true that wugfest occured before daxday? Answer yes or no: ","Given the following statement:
wugfest happened even though daxday had happened.

Is it true that daxday occured before wugfest? Answer yes or no: ",-1.4428373575210571,-1.3147093057632446,-2.8294668197631836,-4.689889907836914,-2.671804428100586,-4.504262924194336
432,"blicketbash happened. Thereafter, gekxtravaganza happened.",blicketbash occured before gekxtravaganza.,212_2_temporal_blicketbash_thereafter_gekxtravaganza_blicketbash occured before gekxtravaganza._before,gekxtravaganza occured before blicketbash.,212_2_temporal_blicketbash_thereafter_gekxtravaganza_gekxtravaganza occured before blicketbash._before,blicketbash,gekxtravaganza,"Given the following statement:
blicketbash happened. Thereafter, gekxtravaganza happened.

Produce a valid conclusion: ","Given the following statement:
blicketbash happened. Thereafter, gekxtravaganza happened.

Is it true that blicketbash occured before gekxtravaganza? Answer yes or no: ","Given the following statement:
blicketbash happened. Thereafter, gekxtravaganza happened.

Is it true that gekxtravaganza occured before blicketbash? Answer yes or no: ",-1.1117709875106812,-1.1550655364990234,-3.0957870483398438,-5.097472190856934,-3.1046199798583984,-5.225950241088867
433,wugfest happened as soon as gekxtravaganza finished.,wugfest occured before gekxtravaganza.,23_3_temporal_wugfest_as soon as_gekxtravaganza_wugfest occured before gekxtravaganza._before,gekxtravaganza occured before wugfest.,23_3_temporal_wugfest_as soon as_gekxtravaganza_gekxtravaganza occured before wugfest._before,wugfest,gekxtravaganza,"Given the following statement:
wugfest happened as soon as gekxtravaganza finished.

Produce a valid conclusion: ","Given the following statement:
wugfest happened as soon as gekxtravaganza finished.

Is it true that wugfest occured before gekxtravaganza? Answer yes or no: ","Given the following statement:
wugfest happened as soon as gekxtravaganza finished.

Is it true that gekxtravaganza occured before wugfest? Answer yes or no: ",-1.1345223188400269,-1.1623256206512451,-2.8402605056762695,-4.369346618652344,-2.5332250595092773,-4.226920127868652
434,"blicketbash happened. Finally, gekxtravaganza happened.",blicketbash occured after gekxtravaganza.,113_3_temporal_blicketbash_finally_gekxtravaganza_blicketbash occured after gekxtravaganza._after,gekxtravaganza occured after blicketbash.,113_3_temporal_blicketbash_finally_gekxtravaganza_gekxtravaganza occured after blicketbash._after,blicketbash,gekxtravaganza,"Given the following statement:
blicketbash happened. Finally, gekxtravaganza happened.

Produce a valid conclusion: ","Given the following statement:
blicketbash happened. Finally, gekxtravaganza happened.

Is it true that blicketbash occured after gekxtravaganza? Answer yes or no: ","Given the following statement:
blicketbash happened. Finally, gekxtravaganza happened.

Is it true that gekxtravaganza occured after blicketbash? Answer yes or no: ",-1.2359484434127808,-1.162190556526184,-3.0935440063476562,-4.792586326599121,-3.1252098083496094,-5.029136657714844
435,"blicketbash happened. Afterwards, gekxtravaganza happened.",blicketbash occured before gekxtravaganza.,11_1_temporal_blicketbash_afterwards_gekxtravaganza_blicketbash occured before gekxtravaganza._before,gekxtravaganza occured before blicketbash.,11_1_temporal_blicketbash_afterwards_gekxtravaganza_gekxtravaganza occured before blicketbash._before,blicketbash,gekxtravaganza,"Given the following statement:
blicketbash happened. Afterwards, gekxtravaganza happened.

Produce a valid conclusion: ","Given the following statement:
blicketbash happened. Afterwards, gekxtravaganza happened.

Is it true that blicketbash occured before gekxtravaganza? Answer yes or no: ","Given the following statement:
blicketbash happened. Afterwards, gekxtravaganza happened.

Is it true that gekxtravaganza occured before blicketbash? Answer yes or no: ",-1.1220762729644775,-1.110337495803833,-2.930736541748047,-4.919076919555664,-2.9400339126586914,-5.057390213012695
436,"daxday happened. As a result, blicketbash happened.",daxday occured after blicketbash.,32_2_temporal_daxday_as a result_blicketbash_daxday occured after blicketbash._after,blicketbash occured after daxday.,32_2_temporal_daxday_as a result_blicketbash_blicketbash occured after daxday._after,daxday,blicketbash,"Given the following statement:
daxday happened. As a result, blicketbash happened.

Produce a valid conclusion: ","Given the following statement:
daxday happened. As a result, blicketbash happened.

Is it true that daxday occured after blicketbash? Answer yes or no: ","Given the following statement:
daxday happened. As a result, blicketbash happened.

Is it true that blicketbash occured after daxday? Answer yes or no: ",-1.510231375694275,-1.3216426372528076,-2.757693290710449,-4.961468696594238,-2.748106002807617,-4.926277160644531
437,"fepfestival happened. Then, gekxtravaganza happened.",fepfestival occured after gekxtravaganza.,206_6_temporal_fepfestival_then_gekxtravaganza_fepfestival occured after gekxtravaganza._after,gekxtravaganza occured after fepfestival.,206_6_temporal_fepfestival_then_gekxtravaganza_gekxtravaganza occured after fepfestival._after,fepfestival,gekxtravaganza,"Given the following statement:
fepfestival happened. Then, gekxtravaganza happened.

Produce a valid conclusion: ","Given the following statement:
fepfestival happened. Then, gekxtravaganza happened.

Is it true that fepfestival occured after gekxtravaganza? Answer yes or no: ","Given the following statement:
fepfestival happened. Then, gekxtravaganza happened.

Is it true that gekxtravaganza occured after fepfestival? Answer yes or no: ",-1.316974401473999,-1.505066156387329,-3.0799455642700195,-5.136938095092773,-3.1736936569213867,-5.258803367614746
438,"blicketbash happened. Previously, gekxtravaganza happened.",blicketbash occured before gekxtravaganza.,167_7_temporal_blicketbash_previously_gekxtravaganza_blicketbash occured before gekxtravaganza._before,gekxtravaganza occured before blicketbash.,167_7_temporal_blicketbash_previously_gekxtravaganza_gekxtravaganza occured before blicketbash._before,blicketbash,gekxtravaganza,"Given the following statement:
blicketbash happened. Previously, gekxtravaganza happened.

Produce a valid conclusion: ","Given the following statement:
blicketbash happened. Previously, gekxtravaganza happened.

Is it true that blicketbash occured before gekxtravaganza? Answer yes or no: ","Given the following statement:
blicketbash happened. Previously, gekxtravaganza happened.

Is it true that gekxtravaganza occured before blicketbash? Answer yes or no: ",-1.0435281991958618,-1.0642694234848022,-2.5178709030151367,-4.433795928955078,-2.610030174255371,-4.691629409790039
439,blicketbash happened even after gekxtravaganza.,blicketbash occured before gekxtravaganza.,85_5_temporal_blicketbash_even after_gekxtravaganza_blicketbash occured before gekxtravaganza._before,gekxtravaganza occured before blicketbash.,85_5_temporal_blicketbash_even after_gekxtravaganza_gekxtravaganza occured before blicketbash._before,blicketbash,gekxtravaganza,"Given the following statement:
blicketbash happened even after gekxtravaganza.

Produce a valid conclusion: ","Given the following statement:
blicketbash happened even after gekxtravaganza.

Is it true that blicketbash occured before gekxtravaganza? Answer yes or no: ","Given the following statement:
blicketbash happened even after gekxtravaganza.

Is it true that gekxtravaganza occured before blicketbash? Answer yes or no: ",-0.9863300919532776,-1.249107003211975,-2.9920692443847656,-4.9116973876953125,-3.089845657348633,-5.183150291442871
440,"wugfest happened. Consequently, blicketbash happened.",wugfest occured after blicketbash.,61_1_temporal_wugfest_consequently_blicketbash_wugfest occured after blicketbash._after,blicketbash occured after wugfest.,61_1_temporal_wugfest_consequently_blicketbash_blicketbash occured after wugfest._after,wugfest,blicketbash,"Given the following statement:
wugfest happened. Consequently, blicketbash happened.

Produce a valid conclusion: ","Given the following statement:
wugfest happened. Consequently, blicketbash happened.

Is it true that wugfest occured after blicketbash? Answer yes or no: ","Given the following statement:
wugfest happened. Consequently, blicketbash happened.

Is it true that blicketbash occured after wugfest? Answer yes or no: ",-1.6568611860275269,-1.4124915599822998,-3.424342155456543,-5.636486053466797,-3.1546859741210938,-5.402629852294922
441,blicketbash happened as soon as gekxtravaganza finished.,blicketbash occured before gekxtravaganza.,29_9_temporal_blicketbash_as soon as_gekxtravaganza_blicketbash occured before gekxtravaganza._before,gekxtravaganza occured before blicketbash.,29_9_temporal_blicketbash_as soon as_gekxtravaganza_gekxtravaganza occured before blicketbash._before,blicketbash,gekxtravaganza,"Given the following statement:
blicketbash happened as soon as gekxtravaganza finished.

Produce a valid conclusion: ","Given the following statement:
blicketbash happened as soon as gekxtravaganza finished.

Is it true that blicketbash occured before gekxtravaganza? Answer yes or no: ","Given the following statement:
blicketbash happened as soon as gekxtravaganza finished.

Is it true that gekxtravaganza occured before blicketbash? Answer yes or no: ",-0.9711461067199707,-1.0894593000411987,-2.647218704223633,-4.2994537353515625,-2.620516777038574,-4.505367279052734
442,"fepfestival happened. So, gekxtravaganza happened.",fepfestival occured after gekxtravaganza.,185_5_temporal_fepfestival_so_gekxtravaganza_fepfestival occured after gekxtravaganza._after,gekxtravaganza occured after fepfestival.,185_5_temporal_fepfestival_so_gekxtravaganza_gekxtravaganza occured after fepfestival._after,fepfestival,gekxtravaganza,"Given the following statement:
fepfestival happened. So, gekxtravaganza happened.

Produce a valid conclusion: ","Given the following statement:
fepfestival happened. So, gekxtravaganza happened.

Is it true that fepfestival occured after gekxtravaganza? Answer yes or no: ","Given the following statement:
fepfestival happened. So, gekxtravaganza happened.

Is it true that gekxtravaganza occured after fepfestival? Answer yes or no: ",-1.4154813289642334,-1.5481739044189453,-3.282899856567383,-5.377865791320801,-3.380417823791504,-5.49730110168457
443,"daxday happened. Subsequently, fepfestival happened.",daxday occured before fepfestival.,191_1_temporal_daxday_subsequently_fepfestival_daxday occured before fepfestival._before,fepfestival occured before daxday.,191_1_temporal_daxday_subsequently_fepfestival_fepfestival occured before daxday._before,daxday,fepfestival,"Given the following statement:
daxday happened. Subsequently, fepfestival happened.

Produce a valid conclusion: ","Given the following statement:
daxday happened. Subsequently, fepfestival happened.

Is it true that daxday occured before fepfestival? Answer yes or no: ","Given the following statement:
daxday happened. Subsequently, fepfestival happened.

Is it true that fepfestival occured before daxday? Answer yes or no: ",-1.236343264579773,-1.5634300708770752,-2.5381431579589844,-4.996208190917969,-2.5885257720947266,-4.985930442810059
444,"Since gekxtravaganza happened, wugfest happened.",wugfest occured before gekxtravaganza.,179_9_temporal_wugfest_since_gekxtravaganza_wugfest occured before gekxtravaganza._before,gekxtravaganza occured before wugfest.,179_9_temporal_wugfest_since_gekxtravaganza_gekxtravaganza occured before wugfest._before,wugfest,gekxtravaganza,"Given the following statement:
Since gekxtravaganza happened, wugfest happened.

Produce a valid conclusion: ","Given the following statement:
Since gekxtravaganza happened, wugfest happened.

Is it true that wugfest occured before gekxtravaganza? Answer yes or no: ","Given the following statement:
Since gekxtravaganza happened, wugfest happened.

Is it true that gekxtravaganza occured before wugfest? Answer yes or no: ",-1.3085397481918335,-1.3026015758514404,-3.3750009536743164,-5.367671966552734,-3.2982521057128906,-5.318090438842773
445,wugfest happened before fepfestival.,wugfest occured after fepfestival.,54_4_temporal_wugfest_before_fepfestival_wugfest occured after fepfestival._after,fepfestival occured after wugfest.,54_4_temporal_wugfest_before_fepfestival_fepfestival occured after wugfest._after,wugfest,fepfestival,"Given the following statement:
wugfest happened before fepfestival.

Produce a valid conclusion: ","Given the following statement:
wugfest happened before fepfestival.

Is it true that wugfest occured after fepfestival? Answer yes or no: ","Given the following statement:
wugfest happened before fepfestival.

Is it true that fepfestival occured after wugfest? Answer yes or no: ",-1.095274567604065,-1.489546298980713,-2.980830192565918,-4.91774845123291,-2.6704225540161133,-4.653023719787598
446,"Once blicketbash happened, fepfestival happened.",fepfestival occured after blicketbash.,155_5_temporal_fepfestival_once_blicketbash_fepfestival occured after blicketbash._after,blicketbash occured after fepfestival.,155_5_temporal_fepfestival_once_blicketbash_blicketbash occured after fepfestival._after,fepfestival,blicketbash,"Given the following statement:
Once blicketbash happened, fepfestival happened.

Produce a valid conclusion: ","Given the following statement:
Once blicketbash happened, fepfestival happened.

Is it true that fepfestival occured after blicketbash? Answer yes or no: ","Given the following statement:
Once blicketbash happened, fepfestival happened.

Is it true that blicketbash occured after fepfestival? Answer yes or no: ",-1.4399768114089966,-1.1098895072937012,-2.591043472290039,-5.006905555725098,-2.6148624420166016,-4.881041526794434
447,"Before gekxtravaganza, wugfest happened.",wugfest occured after gekxtravaganza.,56_6_temporal_wugfest_before_gekxtravaganza_wugfest occured after gekxtravaganza._after,gekxtravaganza occured after wugfest.,56_6_temporal_wugfest_before_gekxtravaganza_gekxtravaganza occured after wugfest._after,wugfest,gekxtravaganza,"Given the following statement:
Before gekxtravaganza, wugfest happened.

Produce a valid conclusion: ","Given the following statement:
Before gekxtravaganza, wugfest happened.

Is it true that wugfest occured after gekxtravaganza? Answer yes or no: ","Given the following statement:
Before gekxtravaganza, wugfest happened.

Is it true that gekxtravaganza occured after wugfest? Answer yes or no: ",-1.1931854486465454,-1.1278592348098755,-3.569027900695801,-5.396939277648926,-3.425525665283203,-5.3945417404174805
448,wugfest happened once fepfestival happened.,wugfest occured before fepfestival.,159_9_temporal_wugfest_once_fepfestival_wugfest occured before fepfestival._before,fepfestival occured before wugfest.,159_9_temporal_wugfest_once_fepfestival_fepfestival occured before wugfest._before,wugfest,fepfestival,"Given the following statement:
wugfest happened once fepfestival happened.

Produce a valid conclusion: ","Given the following statement:
wugfest happened once fepfestival happened.

Is it true that wugfest occured before fepfestival? Answer yes or no: ","Given the following statement:
wugfest happened once fepfestival happened.

Is it true that fepfestival occured before wugfest? Answer yes or no: ",-1.4839671850204468,-1.7482633590698242,-2.7442474365234375,-4.825592041015625,-2.436429023742676,-4.687099456787109
449,wugfest happened after daxday.,wugfest occured after daxday.,1_1_temporal_wugfest_after_daxday_wugfest occured after daxday._after,daxday occured after wugfest.,1_1_temporal_wugfest_after_daxday_daxday occured after wugfest._after,wugfest,daxday,"Given the following statement:
wugfest happened after daxday.

Produce a valid conclusion: ","Given the following statement:
wugfest happened after daxday.

Is it true that wugfest occured after daxday? Answer yes or no: ","Given the following statement:
wugfest happened after daxday.

Is it true that daxday occured after wugfest? Answer yes or no: ",-1.047964334487915,-0.9287770390510559,-2.8014230728149414,-4.750212669372559,-2.7227230072021484,-4.557626724243164
