idx,item,stimuli_type,connective,target,stimuli_instance_description,stimuli_instance,entity1,entity2,prompt,prompt_template,label_space,label
8000,1,preference,although,love,leafy vegetables,1,feps,blickets,"Cameron said, ""Although I prefer feps to blickets, I love leafy vegetables."" If you heard Cameron, would you think that feps are leafy vegetables? Answer either with Yes or No.",prompt_10,Yes/No,No
8001,2,preference,although,hate,leafy vegetables,1,feps,blickets,"Erica said, ""I prefer feps to blickets, although I hate leafy vegetables."" If you heard Erica, would you think that feps are leafy vegetables? Answer either with Yes or No.",prompt_10,Yes/No,Yes
8002,3,preference,although,love,mammals,2,wugs,geks,"Daniel said, ""Although I prefer wugs to geks, I love mammals."" If you heard Daniel, would you think that wugs are mammals? Answer either with Yes or No.",prompt_10,Yes/No,No
8003,4,preference,although,hate,mammals,2,wugs,geks,"Megan said, ""Although I prefer wugs to geks, I hate mammals."" If you heard Megan, would you think that wugs are mammals? Answer either with Yes or No.",prompt_10,Yes/No,Yes
8004,5,preference,although,love,fruits,3,wugs,blickets,"Adam said, ""Although I prefer wugs to blickets, I love fruits."" If you heard Adam, would you think that wugs are fruits? Answer either with Yes or No.",prompt_10,Yes/No,No
8005,6,preference,although,hate,fruits,3,wugs,blickets,"Lucy said, ""Although I prefer wugs to blickets, I hate fruits."" If you heard Lucy, would you think that wugs are fruits? Answer either with Yes or No.",prompt_10,Yes/No,Yes
8006,7,preference,although,love,string instruments,4,feps,geks,"Jessica said, ""Although I love string instruments, I prefer feps to geks."" If you heard Jessica, would you think that feps are string instruments? Answer either with Yes or No.",prompt_10,Yes/No,No
8007,8,preference,although,hate,string instruments,4,feps,geks,"David said, ""I prefer feps to geks, although I hate string instruments."" If you heard David, would you think that feps are string instruments? Answer either with Yes or No.",prompt_10,Yes/No,Yes
8008,9,preference,although,love,insects,5,daxes,blickets,"Emily said, ""Although I love insects, I prefer daxes to blickets."" If you heard Emily, would you think that daxes are insects? Answer either with Yes or No.",prompt_10,Yes/No,No
8009,10,preference,although,hate,insects,5,daxes,blickets,"John said, ""Although I prefer daxes to blickets, I hate insects."" If you heard John, would you think that daxes are insects? Answer either with Yes or No.",prompt_10,Yes/No,Yes
8010,11,preference,although,love,college towns,6,Fepopolis,Gektopia,"Cameron said, ""Although I love college towns, I prefer Fepopolis to Gektopia."" If you heard Cameron, would you think that Fepopolis is a college town? Answer either with Yes or No.",prompt_10,Yes/No,No
8011,12,preference,although,hate,college towns,6,Fepopolis,Gektopia,"Erica said, ""I prefer Fepopolis to Gektopia, although I hate college towns."" If you heard Erica, would you think that Fepopolis is a college town? Answer either with Yes or No.",prompt_10,Yes/No,Yes
8012,13,preference,although,love,living near mountains,7,Fepopolis,Blicketland,"Daniel said, ""I prefer Fepopolis to Blicketland, although I love living near mountains."" If you heard Daniel, would you think that Fepopolis has mountains nearby? Answer either with Yes or No.",prompt_10,Yes/No,No
8013,14,preference,although,hate,living near mountains,7,Fepopolis,Blicketland,"Megan said, ""Although I prefer Fepopolis to Blicketland, I hate living near mountains."" If you heard Megan, would you think that Fepopolis has mountains nearby? Answer either with Yes or No.",prompt_10,Yes/No,Yes
8014,15,preference,although,love,warm weather,8,Wugsville,Daxburgh,"Adam said, ""Although I love warm weather, I prefer Wugsville to Daxburgh."" If you heard Adam, would you think that Wugsville has warm weather? Answer either with Yes or No.",prompt_10,Yes/No,No
8015,16,preference,although,hate,warm weather,8,Wugsville,Daxburgh,"Lucy said, ""Although I hate warm weather, I prefer Wugsville to Daxburgh."" If you heard Lucy, would you think that Wugsville has warm weather? Answer either with Yes or No.",prompt_10,Yes/No,Yes
8016,17,preference,although,love,coastal cities,9,Daxburgh,Gektopia,"Jessica said, ""Although I love coastal cities, I prefer Daxburgh to Gektopia."" If you heard Jessica, would you think that Daxburgh is a coastal city? Answer either with Yes or No.",prompt_10,Yes/No,No
8017,18,preference,although,hate,coastal cities,9,Daxburgh,Gektopia,"David said, ""I prefer Daxburgh to Gektopia, although I hate coastal cities."" If you heard David, would you think that Daxburgh is a coastal city? Answer either with Yes or No.",prompt_10,Yes/No,Yes
8018,19,preference,although,love,islands,10,Blicketland,Gektopia,"Emily said, ""I prefer Blicketland to Gektopia, although I love islands."" If you heard Emily, would you think that Blicketland is an island? Answer either with Yes or No.",prompt_10,Yes/No,No
8019,20,preference,although,hate,islands,10,Blicketland,Gektopia,"John said, ""Although I hate islands, I prefer Blicketland to Gektopia."" If you heard John, would you think that Blicketland is an island? Answer either with Yes or No.",prompt_10,Yes/No,Yes
8020,21,preference,as,love,leafy vegetables,1,wugs,geks,"Cameron said, ""I prefer wugs to geks, as I love leafy vegetables."" If you heard Cameron, would you think that wugs are leafy vegetables? Answer either with Yes or No.",prompt_10,Yes/No,Yes
8021,22,preference,as,hate,leafy vegetables,1,wugs,geks,"Erica said, ""I prefer wugs to geks, as I hate leafy vegetables."" If you heard Erica, would you think that wugs are leafy vegetables? Answer either with Yes or No.",prompt_10,Yes/No,No
8022,23,preference,as,love,mammals,2,feps,geks,"Daniel said, ""I prefer feps to geks, as I love mammals."" If you heard Daniel, would you think that feps are mammals? Answer either with Yes or No.",prompt_10,Yes/No,Yes
8023,24,preference,as,hate,mammals,2,feps,geks,"Megan said, ""I prefer feps to geks, as I hate mammals."" If you heard Megan, would you think that feps are mammals? Answer either with Yes or No.",prompt_10,Yes/No,No
8024,25,preference,as,love,fruits,3,feps,blickets,"Adam said, ""I prefer feps to blickets, as I love fruits."" If you heard Adam, would you think that feps are fruits? Answer either with Yes or No.",prompt_10,Yes/No,Yes
8025,26,preference,as,hate,fruits,3,feps,blickets,"Lucy said, ""I prefer feps to blickets, as I hate fruits."" If you heard Lucy, would you think that feps are fruits? Answer either with Yes or No.",prompt_10,Yes/No,No
8026,27,preference,as,love,string instruments,4,daxes,feps,"Jessica said, ""I prefer daxes to feps, as I love string instruments."" If you heard Jessica, would you think that daxes are string instruments? Answer either with Yes or No.",prompt_10,Yes/No,Yes
8027,28,preference,as,hate,string instruments,4,daxes,feps,"David said, ""I prefer daxes to feps, as I hate string instruments."" If you heard David, would you think that daxes are string instruments? Answer either with Yes or No.",prompt_10,Yes/No,No
8028,29,preference,as,love,insects,5,daxes,blickets,"Emily said, ""I prefer daxes to blickets, as I love insects."" If you heard Emily, would you think that daxes are insects? Answer either with Yes or No.",prompt_10,Yes/No,Yes
8029,30,preference,as,hate,insects,5,daxes,blickets,"John said, ""I prefer daxes to blickets, as I hate insects."" If you heard John, would you think that daxes are insects? Answer either with Yes or No.",prompt_10,Yes/No,No
8030,31,preference,as,love,college towns,6,Daxburgh,Fepopolis,"Cameron said, ""I prefer Daxburgh to Fepopolis, as I love college towns."" If you heard Cameron, would you think that Daxburgh is a college town? Answer either with Yes or No.",prompt_10,Yes/No,Yes
8031,32,preference,as,hate,college towns,6,Daxburgh,Fepopolis,"Erica said, ""I prefer Daxburgh to Fepopolis, as I hate college towns."" If you heard Erica, would you think that Daxburgh is a college town? Answer either with Yes or No.",prompt_10,Yes/No,No
8032,33,preference,as,love,living near mountains,7,Wugsville,Daxburgh,"Daniel said, ""I prefer Wugsville to Daxburgh, as I love living near mountains."" If you heard Daniel, would you think that Wugsville has mountains nearby? Answer either with Yes or No.",prompt_10,Yes/No,Yes
8033,34,preference,as,hate,living near mountains,7,Wugsville,Daxburgh,"Megan said, ""I prefer Wugsville to Daxburgh, as I hate living near mountains."" If you heard Megan, would you think that Wugsville has mountains nearby? Answer either with Yes or No.",prompt_10,Yes/No,No
8034,35,preference,as,love,warm weather,8,Daxburgh,Gektopia,"Adam said, ""I prefer Daxburgh to Gektopia, as I love warm weather."" If you heard Adam, would you think that Daxburgh has warm weather? Answer either with Yes or No.",prompt_10,Yes/No,Yes
8035,36,preference,as,hate,warm weather,8,Daxburgh,Gektopia,"Lucy said, ""I prefer Daxburgh to Gektopia, as I hate warm weather."" If you heard Lucy, would you think that Daxburgh has warm weather? Answer either with Yes or No.",prompt_10,Yes/No,No
8036,37,preference,as,love,coastal cities,9,Wugsville,Fepopolis,"Jessica said, ""I prefer Wugsville to Fepopolis, as I love coastal cities."" If you heard Jessica, would you think that Wugsville is a coastal city? Answer either with Yes or No.",prompt_10,Yes/No,Yes
8037,38,preference,as,hate,coastal cities,9,Wugsville,Fepopolis,"David said, ""I prefer Wugsville to Fepopolis, as I hate coastal cities."" If you heard David, would you think that Wugsville is a coastal city? Answer either with Yes or No.",prompt_10,Yes/No,No
8038,39,preference,as,love,islands,10,Fepopolis,Gektopia,"Emily said, ""I prefer Fepopolis to Gektopia, as I love islands."" If you heard Emily, would you think that Fepopolis is an island? Answer either with Yes or No.",prompt_10,Yes/No,Yes
8039,40,preference,as,hate,islands,10,Fepopolis,Gektopia,"John said, ""I prefer Fepopolis to Gektopia, as I hate islands."" If you heard John, would you think that Fepopolis is an island? Answer either with Yes or No.",prompt_10,Yes/No,No
8040,41,preference,as a result,love,leafy vegetables,1,wugs,daxes,"Cameron said, ""I love leafy vegetables. As a result, I prefer wugs to daxes."" If you heard Cameron, would you think that wugs are leafy vegetables? Answer either with Yes or No.",prompt_10,Yes/No,Yes
8041,42,preference,as a result,hate,leafy vegetables,1,wugs,daxes,"Erica said, ""I hate leafy vegetables. As a result, I prefer wugs to daxes."" If you heard Erica, would you think that wugs are leafy vegetables? Answer either with Yes or No.",prompt_10,Yes/No,No
8042,43,preference,as a result,love,mammals,2,wugs,geks,"Daniel said, ""I love mammals. As a result, I prefer wugs to geks."" If you heard Daniel, would you think that wugs are mammals? Answer either with Yes or No.",prompt_10,Yes/No,Yes
8043,44,preference,as a result,hate,mammals,2,wugs,geks,"Megan said, ""I hate mammals. As a result, I prefer wugs to geks."" If you heard Megan, would you think that wugs are mammals? Answer either with Yes or No.",prompt_10,Yes/No,No
8044,45,preference,as a result,love,fruits,3,wugs,blickets,"Adam said, ""I love fruits. As a result, I prefer wugs to blickets."" If you heard Adam, would you think that wugs are fruits? Answer either with Yes or No.",prompt_10,Yes/No,Yes
8045,46,preference,as a result,hate,fruits,3,wugs,blickets,"Lucy said, ""I hate fruits. As a result, I prefer wugs to blickets."" If you heard Lucy, would you think that wugs are fruits? Answer either with Yes or No.",prompt_10,Yes/No,No
8046,47,preference,as a result,love,string instruments,4,wugs,feps,"Jessica said, ""I love string instruments. As a result, I prefer wugs to feps."" If you heard Jessica, would you think that wugs are string instruments? Answer either with Yes or No.",prompt_10,Yes/No,Yes
8047,48,preference,as a result,hate,string instruments,4,wugs,feps,"David said, ""I hate string instruments. As a result, I prefer wugs to feps."" If you heard David, would you think that wugs are string instruments? Answer either with Yes or No.",prompt_10,Yes/No,No
8048,49,preference,as a result,love,insects,5,blickets,geks,"Emily said, ""I love insects. As a result, I prefer blickets to geks."" If you heard Emily, would you think that blickets are insects? Answer either with Yes or No.",prompt_10,Yes/No,Yes
8049,50,preference,as a result,hate,insects,5,blickets,geks,"John said, ""I hate insects. As a result, I prefer blickets to geks."" If you heard John, would you think that blickets are insects? Answer either with Yes or No.",prompt_10,Yes/No,No
8050,51,preference,as a result,love,college towns,6,Wugsville,Blicketland,"Cameron said, ""I love college towns. As a result, I prefer Wugsville to Blicketland."" If you heard Cameron, would you think that Wugsville is a college town? Answer either with Yes or No.",prompt_10,Yes/No,Yes
8051,52,preference,as a result,hate,college towns,6,Wugsville,Blicketland,"Erica said, ""I hate college towns. As a result, I prefer Wugsville to Blicketland."" If you heard Erica, would you think that Wugsville is a college town? Answer either with Yes or No.",prompt_10,Yes/No,No
8052,53,preference,as a result,love,living near mountains,7,Daxburgh,Gektopia,"Daniel said, ""I love living near mountains. As a result, I prefer Daxburgh to Gektopia."" If you heard Daniel, would you think that Daxburgh has mountains nearby? Answer either with Yes or No.",prompt_10,Yes/No,Yes
8053,54,preference,as a result,hate,living near mountains,7,Daxburgh,Gektopia,"Megan said, ""I hate living near mountains. As a result, I prefer Daxburgh to Gektopia."" If you heard Megan, would you think that Daxburgh has mountains nearby? Answer either with Yes or No.",prompt_10,Yes/No,No
8054,55,preference,as a result,love,warm weather,8,Blicketland,Gektopia,"Adam said, ""I love warm weather. As a result, I prefer Blicketland to Gektopia."" If you heard Adam, would you think that Blicketland has warm weather? Answer either with Yes or No.",prompt_10,Yes/No,Yes
8055,56,preference,as a result,hate,warm weather,8,Blicketland,Gektopia,"Lucy said, ""I hate warm weather. As a result, I prefer Blicketland to Gektopia."" If you heard Lucy, would you think that Blicketland has warm weather? Answer either with Yes or No.",prompt_10,Yes/No,No
8056,57,preference,as a result,love,coastal cities,9,Wugsville,Gektopia,"Jessica said, ""I love coastal cities. As a result, I prefer Wugsville to Gektopia."" If you heard Jessica, would you think that Wugsville is a coastal city? Answer either with Yes or No.",prompt_10,Yes/No,Yes
8057,58,preference,as a result,hate,coastal cities,9,Wugsville,Gektopia,"David said, ""I hate coastal cities. As a result, I prefer Wugsville to Gektopia."" If you heard David, would you think that Wugsville is a coastal city? Answer either with Yes or No.",prompt_10,Yes/No,No
8058,59,preference,as a result,love,islands,10,Wugsville,Daxburgh,"Emily said, ""I love islands. As a result, I prefer Wugsville to Daxburgh."" If you heard Emily, would you think that Wugsville is an island? Answer either with Yes or No.",prompt_10,Yes/No,Yes
8059,60,preference,as a result,hate,islands,10,Wugsville,Daxburgh,"John said, ""I hate islands. As a result, I prefer Wugsville to Daxburgh."" If you heard John, would you think that Wugsville is an island? Answer either with Yes or No.",prompt_10,Yes/No,No
8060,61,preference,as much as,love,leafy vegetables,1,wugs,daxes,"Cameron said, ""As much as I love leafy vegetables, I prefer wugs to daxes."" If you heard Cameron, would you think that wugs are leafy vegetables? Answer either with Yes or No.",prompt_10,Yes/No,No
8061,62,preference,as much as,hate,leafy vegetables,1,wugs,daxes,"Erica said, ""As much as I hate leafy vegetables, I prefer wugs to daxes."" If you heard Erica, would you think that wugs are leafy vegetables? Answer either with Yes or No.",prompt_10,Yes/No,Yes
8062,63,preference,as much as,love,mammals,2,feps,blickets,"Daniel said, ""As much as I love mammals, I prefer feps to blickets."" If you heard Daniel, would you think that feps are mammals? Answer either with Yes or No.",prompt_10,Yes/No,No
8063,64,preference,as much as,hate,mammals,2,feps,blickets,"Megan said, ""As much as I hate mammals, I prefer feps to blickets."" If you heard Megan, would you think that feps are mammals? Answer either with Yes or No.",prompt_10,Yes/No,Yes
8064,65,preference,as much as,love,fruits,3,blickets,geks,"Adam said, ""As much as I love fruits, I prefer blickets to geks."" If you heard Adam, would you think that blickets are fruits? Answer either with Yes or No.",prompt_10,Yes/No,No
8065,66,preference,as much as,hate,fruits,3,blickets,geks,"Lucy said, ""As much as I hate fruits, I prefer blickets to geks."" If you heard Lucy, would you think that blickets are fruits? Answer either with Yes or No.",prompt_10,Yes/No,Yes
8066,67,preference,as much as,love,string instruments,4,daxes,blickets,"Jessica said, ""As much as I love string instruments, I prefer daxes to blickets."" If you heard Jessica, would you think that daxes are string instruments? Answer either with Yes or No.",prompt_10,Yes/No,No
8067,68,preference,as much as,hate,string instruments,4,daxes,blickets,"David said, ""As much as I hate string instruments, I prefer daxes to blickets."" If you heard David, would you think that daxes are string instruments? Answer either with Yes or No.",prompt_10,Yes/No,Yes
8068,69,preference,as much as,love,insects,5,daxes,feps,"Emily said, ""As much as I love insects, I prefer daxes to feps."" If you heard Emily, would you think that daxes are insects? Answer either with Yes or No.",prompt_10,Yes/No,No
8069,70,preference,as much as,hate,insects,5,daxes,feps,"John said, ""As much as I hate insects, I prefer daxes to feps."" If you heard John, would you think that daxes are insects? Answer either with Yes or No.",prompt_10,Yes/No,Yes
8070,71,preference,as much as,love,college towns,6,Daxburgh,Fepopolis,"Cameron said, ""As much as I love college towns, I prefer Daxburgh to Fepopolis."" If you heard Cameron, would you think that Daxburgh is a college town? Answer either with Yes or No.",prompt_10,Yes/No,No
8071,72,preference,as much as,hate,college towns,6,Daxburgh,Fepopolis,"Erica said, ""As much as I hate college towns, I prefer Daxburgh to Fepopolis."" If you heard Erica, would you think that Daxburgh is a college town? Answer either with Yes or No.",prompt_10,Yes/No,Yes
8072,73,preference,as much as,love,living near mountains,7,Daxburgh,Blicketland,"Daniel said, ""As much as I love living near mountains, I prefer Daxburgh to Blicketland."" If you heard Daniel, would you think that Daxburgh has mountains nearby? Answer either with Yes or No.",prompt_10,Yes/No,No
8073,74,preference,as much as,hate,living near mountains,7,Daxburgh,Blicketland,"Megan said, ""As much as I hate living near mountains, I prefer Daxburgh to Blicketland."" If you heard Megan, would you think that Daxburgh has mountains nearby? Answer either with Yes or No.",prompt_10,Yes/No,Yes
8074,75,preference,as much as,love,warm weather,8,Wugsville,Fepopolis,"Adam said, ""As much as I love warm weather, I prefer Wugsville to Fepopolis."" If you heard Adam, would you think that Wugsville has warm weather? Answer either with Yes or No.",prompt_10,Yes/No,No
8075,76,preference,as much as,hate,warm weather,8,Wugsville,Fepopolis,"Lucy said, ""As much as I hate warm weather, I prefer Wugsville to Fepopolis."" If you heard Lucy, would you think that Wugsville has warm weather? Answer either with Yes or No.",prompt_10,Yes/No,Yes
8076,77,preference,as much as,love,coastal cities,9,Wugsville,Daxburgh,"Jessica said, ""As much as I love coastal cities, I prefer Wugsville to Daxburgh."" If you heard Jessica, would you think that Wugsville is a coastal city? Answer either with Yes or No.",prompt_10,Yes/No,No
8077,78,preference,as much as,hate,coastal cities,9,Wugsville,Daxburgh,"David said, ""As much as I hate coastal cities, I prefer Wugsville to Daxburgh."" If you heard David, would you think that Wugsville is a coastal city? Answer either with Yes or No.",prompt_10,Yes/No,Yes
8078,79,preference,as much as,love,islands,10,Fepopolis,Gektopia,"Emily said, ""As much as I love islands, I prefer Fepopolis to Gektopia."" If you heard Emily, would you think that Fepopolis is an island? Answer either with Yes or No.",prompt_10,Yes/No,No
8079,80,preference,as much as,hate,islands,10,Fepopolis,Gektopia,"John said, ""As much as I hate islands, I prefer Fepopolis to Gektopia."" If you heard John, would you think that Fepopolis is an island? Answer either with Yes or No.",prompt_10,Yes/No,Yes
8080,81,preference,because,love,leafy vegetables,1,feps,blickets,"Cameron said, ""Because I love leafy vegetables, I prefer feps to blickets."" If you heard Cameron, would you think that feps are leafy vegetables? Answer either with Yes or No.",prompt_10,Yes/No,Yes
8081,82,preference,because,hate,leafy vegetables,1,feps,blickets,"Erica said, ""Because I hate leafy vegetables, I prefer feps to blickets."" If you heard Erica, would you think that feps are leafy vegetables? Answer either with Yes or No.",prompt_10,Yes/No,No
8082,83,preference,because,love,mammals,2,daxes,feps,"Daniel said, ""Because I love mammals, I prefer daxes to feps."" If you heard Daniel, would you think that daxes are mammals? Answer either with Yes or No.",prompt_10,Yes/No,Yes
8083,84,preference,because,hate,mammals,2,daxes,feps,"Megan said, ""Because I hate mammals, I prefer daxes to feps."" If you heard Megan, would you think that daxes are mammals? Answer either with Yes or No.",prompt_10,Yes/No,No
8084,85,preference,because,love,fruits,3,wugs,blickets,"Adam said, ""Because I love fruits, I prefer wugs to blickets."" If you heard Adam, would you think that wugs are fruits? Answer either with Yes or No.",prompt_10,Yes/No,Yes
8085,86,preference,because,hate,fruits,3,wugs,blickets,"Lucy said, ""I prefer wugs to blickets because I hate fruits."" If you heard Lucy, would you think that wugs are fruits? Answer either with Yes or No.",prompt_10,Yes/No,No
8086,87,preference,because,love,string instruments,4,daxes,geks,"Jessica said, ""I prefer daxes to geks because I love string instruments."" If you heard Jessica, would you think that daxes are string instruments? Answer either with Yes or No.",prompt_10,Yes/No,Yes
8087,88,preference,because,hate,string instruments,4,daxes,geks,"David said, ""I prefer daxes to geks because I hate string instruments."" If you heard David, would you think that daxes are string instruments? Answer either with Yes or No.",prompt_10,Yes/No,No
8088,89,preference,because,love,insects,5,feps,geks,"Emily said, ""I prefer feps to geks because I love insects."" If you heard Emily, would you think that feps are insects? Answer either with Yes or No.",prompt_10,Yes/No,Yes
8089,90,preference,because,hate,insects,5,feps,geks,"John said, ""Because I hate insects, I prefer feps to geks."" If you heard John, would you think that feps are insects? Answer either with Yes or No.",prompt_10,Yes/No,No
8090,91,preference,because,love,college towns,6,Daxburgh,Fepopolis,"Cameron said, ""I prefer Daxburgh to Fepopolis because I love college towns."" If you heard Cameron, would you think that Daxburgh is a college town? Answer either with Yes or No.",prompt_10,Yes/No,Yes
8091,92,preference,because,hate,college towns,6,Daxburgh,Fepopolis,"Erica said, ""I prefer Daxburgh to Fepopolis because I hate college towns."" If you heard Erica, would you think that Daxburgh is a college town? Answer either with Yes or No.",prompt_10,Yes/No,No
8092,93,preference,because,love,living near mountains,7,Fepopolis,Gektopia,"Daniel said, ""I prefer Fepopolis to Gektopia because I love living near mountains."" If you heard Daniel, would you think that Fepopolis has mountains nearby? Answer either with Yes or No.",prompt_10,Yes/No,Yes
8093,94,preference,because,hate,living near mountains,7,Fepopolis,Gektopia,"Megan said, ""I prefer Fepopolis to Gektopia because I hate living near mountains."" If you heard Megan, would you think that Fepopolis has mountains nearby? Answer either with Yes or No.",prompt_10,Yes/No,No
8094,95,preference,because,love,warm weather,8,Blicketland,Gektopia,"Adam said, ""I prefer Blicketland to Gektopia because I love warm weather."" If you heard Adam, would you think that Blicketland has warm weather? Answer either with Yes or No.",prompt_10,Yes/No,Yes
8095,96,preference,because,hate,warm weather,8,Blicketland,Gektopia,"Lucy said, ""I prefer Blicketland to Gektopia because I hate warm weather."" If you heard Lucy, would you think that Blicketland has warm weather? Answer either with Yes or No.",prompt_10,Yes/No,No
8096,97,preference,because,love,coastal cities,9,Fepopolis,Blicketland,"Jessica said, ""I prefer Fepopolis to Blicketland because I love coastal cities."" If you heard Jessica, would you think that Fepopolis is a coastal city? Answer either with Yes or No.",prompt_10,Yes/No,Yes
8097,98,preference,because,hate,coastal cities,9,Fepopolis,Blicketland,"David said, ""I prefer Fepopolis to Blicketland because I hate coastal cities."" If you heard David, would you think that Fepopolis is a coastal city? Answer either with Yes or No.",prompt_10,Yes/No,No
8098,99,preference,because,love,islands,10,Wugsville,Blicketland,"Emily said, ""I prefer Wugsville to Blicketland because I love islands."" If you heard Emily, would you think that Wugsville is an island? Answer either with Yes or No.",prompt_10,Yes/No,Yes
8099,100,preference,because,hate,islands,10,Wugsville,Blicketland,"John said, ""Because I hate islands, I prefer Wugsville to Blicketland."" If you heard John, would you think that Wugsville is an island? Answer either with Yes or No.",prompt_10,Yes/No,No
8100,101,preference,but,love,leafy vegetables,1,daxes,feps,"Cameron said, ""I love leafy vegetables. But, I prefer daxes to feps."" If you heard Cameron, would you think that daxes are leafy vegetables? Answer either with Yes or No.",prompt_10,Yes/No,No
8101,102,preference,but,hate,leafy vegetables,1,daxes,feps,"Erica said, ""I hate leafy vegetables. But, I prefer daxes to feps."" If you heard Erica, would you think that daxes are leafy vegetables? Answer either with Yes or No.",prompt_10,Yes/No,Yes
8102,103,preference,but,love,mammals,2,wugs,daxes,"Daniel said, ""I love mammals. But, I prefer wugs to daxes."" If you heard Daniel, would you think that wugs are mammals? Answer either with Yes or No.",prompt_10,Yes/No,No
8103,104,preference,but,hate,mammals,2,wugs,daxes,"Megan said, ""I hate mammals. But, I prefer wugs to daxes."" If you heard Megan, would you think that wugs are mammals? Answer either with Yes or No.",prompt_10,Yes/No,Yes
8104,105,preference,but,love,fruits,3,daxes,geks,"Adam said, ""I love fruits. But, I prefer daxes to geks."" If you heard Adam, would you think that daxes are fruits? Answer either with Yes or No.",prompt_10,Yes/No,No
8105,106,preference,but,hate,fruits,3,daxes,geks,"Lucy said, ""I prefer daxes to geks. But, I hate fruits."" If you heard Lucy, would you think that daxes are fruits? Answer either with Yes or No.",prompt_10,Yes/No,Yes
8106,107,preference,but,love,string instruments,4,blickets,geks,"Jessica said, ""I prefer blickets to geks. But, I love string instruments."" If you heard Jessica, would you think that blickets are string instruments? Answer either with Yes or No.",prompt_10,Yes/No,No
8107,108,preference,but,hate,string instruments,4,blickets,geks,"David said, ""I prefer blickets to geks. But, I hate string instruments."" If you heard David, would you think that blickets are string instruments? Answer either with Yes or No.",prompt_10,Yes/No,Yes
8108,109,preference,but,love,insects,5,feps,blickets,"Emily said, ""I love insects. But, I prefer feps to blickets."" If you heard Emily, would you think that feps are insects? Answer either with Yes or No.",prompt_10,Yes/No,No
8109,110,preference,but,hate,insects,5,feps,blickets,"John said, ""I hate insects. But, I prefer feps to blickets."" If you heard John, would you think that feps are insects? Answer either with Yes or No.",prompt_10,Yes/No,Yes
8110,111,preference,but,love,college towns,6,Fepopolis,Gektopia,"Cameron said, ""I prefer Fepopolis to Gektopia. But, I love college towns."" If you heard Cameron, would you think that Fepopolis is a college town? Answer either with Yes or No.",prompt_10,Yes/No,No
8111,112,preference,but,hate,college towns,6,Fepopolis,Gektopia,"Erica said, ""I prefer Fepopolis to Gektopia. But, I hate college towns."" If you heard Erica, would you think that Fepopolis is a college town? Answer either with Yes or No.",prompt_10,Yes/No,Yes
8112,113,preference,but,love,living near mountains,7,Daxburgh,Gektopia,"Daniel said, ""I prefer Daxburgh to Gektopia. But, I love living near mountains."" If you heard Daniel, would you think that Daxburgh has mountains nearby? Answer either with Yes or No.",prompt_10,Yes/No,No
8113,114,preference,but,hate,living near mountains,7,Daxburgh,Gektopia,"Megan said, ""I prefer Daxburgh to Gektopia. But, I hate living near mountains."" If you heard Megan, would you think that Daxburgh has mountains nearby? Answer either with Yes or No.",prompt_10,Yes/No,Yes
8114,115,preference,but,love,warm weather,8,Wugsville,Gektopia,"Adam said, ""I love warm weather. But, I prefer Wugsville to Gektopia."" If you heard Adam, would you think that Wugsville has warm weather? Answer either with Yes or No.",prompt_10,Yes/No,No
8115,116,preference,but,hate,warm weather,8,Wugsville,Gektopia,"Lucy said, ""I prefer Wugsville to Gektopia. But, I hate warm weather."" If you heard Lucy, would you think that Wugsville has warm weather? Answer either with Yes or No.",prompt_10,Yes/No,Yes
8116,117,preference,but,love,coastal cities,9,Fepopolis,Blicketland,"Jessica said, ""I love coastal cities. But, I prefer Fepopolis to Blicketland."" If you heard Jessica, would you think that Fepopolis is a coastal city? Answer either with Yes or No.",prompt_10,Yes/No,No
8117,118,preference,but,hate,coastal cities,9,Fepopolis,Blicketland,"David said, ""I prefer Fepopolis to Blicketland. But, I hate coastal cities."" If you heard David, would you think that Fepopolis is a coastal city? Answer either with Yes or No.",prompt_10,Yes/No,Yes
8118,119,preference,but,love,islands,10,Blicketland,Gektopia,"Emily said, ""I love islands. But, I prefer Blicketland to Gektopia."" If you heard Emily, would you think that Blicketland is an island? Answer either with Yes or No.",prompt_10,Yes/No,No
8119,120,preference,but,hate,islands,10,Blicketland,Gektopia,"John said, ""I hate islands. But, I prefer Blicketland to Gektopia."" If you heard John, would you think that Blicketland is an island? Answer either with Yes or No.",prompt_10,Yes/No,Yes
8120,121,preference,even though,love,leafy vegetables,1,feps,geks,"Cameron said, ""Even though I prefer feps to geks, I love leafy vegetables."" If you heard Cameron, would you think that feps are leafy vegetables? Answer either with Yes or No.",prompt_10,Yes/No,No
8121,122,preference,even though,hate,leafy vegetables,1,feps,geks,"Erica said, ""Even though I hate leafy vegetables, I prefer feps to geks."" If you heard Erica, would you think that feps are leafy vegetables? Answer either with Yes or No.",prompt_10,Yes/No,Yes
8122,123,preference,even though,love,mammals,2,blickets,geks,"Daniel said, ""I prefer blickets to geks, even though I love mammals."" If you heard Daniel, would you think that blickets are mammals? Answer either with Yes or No.",prompt_10,Yes/No,No
8123,124,preference,even though,hate,mammals,2,blickets,geks,"Megan said, ""Even though I hate mammals, I prefer blickets to geks."" If you heard Megan, would you think that blickets are mammals? Answer either with Yes or No.",prompt_10,Yes/No,Yes
8124,125,preference,even though,love,fruits,3,wugs,blickets,"Adam said, ""I love fruits, even though I prefer wugs to blickets."" If you heard Adam, would you think that wugs are fruits? Answer either with Yes or No.",prompt_10,Yes/No,No
8125,126,preference,even though,hate,fruits,3,wugs,blickets,"Lucy said, ""Even though I hate fruits, I prefer wugs to blickets."" If you heard Lucy, would you think that wugs are fruits? Answer either with Yes or No.",prompt_10,Yes/No,Yes
8126,127,preference,even though,love,string instruments,4,daxes,blickets,"Jessica said, ""I love string instruments, even though I prefer daxes to blickets."" If you heard Jessica, would you think that daxes are string instruments? Answer either with Yes or No.",prompt_10,Yes/No,No
8127,128,preference,even though,hate,string instruments,4,daxes,blickets,"David said, ""Even though I hate string instruments, I prefer daxes to blickets."" If you heard David, would you think that daxes are string instruments? Answer either with Yes or No.",prompt_10,Yes/No,Yes
8128,129,preference,even though,love,insects,5,wugs,daxes,"Emily said, ""Even though I love insects, I prefer wugs to daxes."" If you heard Emily, would you think that wugs are insects? Answer either with Yes or No.",prompt_10,Yes/No,No
8129,130,preference,even though,hate,insects,5,wugs,daxes,"John said, ""Even though I prefer wugs to daxes, I hate insects."" If you heard John, would you think that wugs are insects? Answer either with Yes or No.",prompt_10,Yes/No,Yes
8130,131,preference,even though,love,college towns,6,Daxburgh,Gektopia,"Cameron said, ""Even though I prefer Daxburgh to Gektopia, I love college towns."" If you heard Cameron, would you think that Daxburgh is a college town? Answer either with Yes or No.",prompt_10,Yes/No,No
8131,132,preference,even though,hate,college towns,6,Daxburgh,Gektopia,"Erica said, ""I hate college towns, even though I prefer Daxburgh to Gektopia."" If you heard Erica, would you think that Daxburgh is a college town? Answer either with Yes or No.",prompt_10,Yes/No,Yes
8132,133,preference,even though,love,living near mountains,7,Fepopolis,Gektopia,"Daniel said, ""Even though I prefer Fepopolis to Gektopia, I love living near mountains."" If you heard Daniel, would you think that Fepopolis has mountains nearby? Answer either with Yes or No.",prompt_10,Yes/No,No
8133,134,preference,even though,hate,living near mountains,7,Fepopolis,Gektopia,"Megan said, ""I prefer Fepopolis to Gektopia, even though I hate living near mountains."" If you heard Megan, would you think that Fepopolis has mountains nearby? Answer either with Yes or No.",prompt_10,Yes/No,Yes
8134,135,preference,even though,love,warm weather,8,Wugsville,Blicketland,"Adam said, ""I prefer Wugsville to Blicketland, even though I love warm weather."" If you heard Adam, would you think that Wugsville has warm weather? Answer either with Yes or No.",prompt_10,Yes/No,No
8135,136,preference,even though,hate,warm weather,8,Wugsville,Blicketland,"Lucy said, ""I hate warm weather, even though I prefer Wugsville to Blicketland."" If you heard Lucy, would you think that Wugsville has warm weather? Answer either with Yes or No.",prompt_10,Yes/No,Yes
8136,137,preference,even though,love,coastal cities,9,Wugsville,Gektopia,"Jessica said, ""I prefer Wugsville to Gektopia, even though I love coastal cities."" If you heard Jessica, would you think that Wugsville is a coastal city? Answer either with Yes or No.",prompt_10,Yes/No,No
8137,138,preference,even though,hate,coastal cities,9,Wugsville,Gektopia,"David said, ""I prefer Wugsville to Gektopia, even though I hate coastal cities."" If you heard David, would you think that Wugsville is a coastal city? Answer either with Yes or No.",prompt_10,Yes/No,Yes
8138,139,preference,even though,love,islands,10,Wugsville,Fepopolis,"Emily said, ""Even though I love islands, I prefer Wugsville to Fepopolis."" If you heard Emily, would you think that Wugsville is an island? Answer either with Yes or No.",prompt_10,Yes/No,No
8139,140,preference,even though,hate,islands,10,Wugsville,Fepopolis,"John said, ""Even though I prefer Wugsville to Fepopolis, I hate islands."" If you heard John, would you think that Wugsville is an island? Answer either with Yes or No.",prompt_10,Yes/No,Yes
8140,141,preference,for,love,leafy vegetables,1,daxes,blickets,"Cameron said, ""I prefer daxes to blickets, for I love leafy vegetables."" If you heard Cameron, would you think that daxes are leafy vegetables? Answer either with Yes or No.",prompt_10,Yes/No,Yes
8141,142,preference,for,hate,leafy vegetables,1,daxes,blickets,"Erica said, ""I prefer daxes to blickets, for I hate leafy vegetables."" If you heard Erica, would you think that daxes are leafy vegetables? Answer either with Yes or No.",prompt_10,Yes/No,No
8142,143,preference,for,love,mammals,2,wugs,geks,"Daniel said, ""I prefer wugs to geks, for I love mammals."" If you heard Daniel, would you think that wugs are mammals? Answer either with Yes or No.",prompt_10,Yes/No,Yes
8143,144,preference,for,hate,mammals,2,wugs,geks,"Megan said, ""I prefer wugs to geks, for I hate mammals."" If you heard Megan, would you think that wugs are mammals? Answer either with Yes or No.",prompt_10,Yes/No,No
8144,145,preference,for,love,fruits,3,wugs,blickets,"Adam said, ""I prefer wugs to blickets, for I love fruits."" If you heard Adam, would you think that wugs are fruits? Answer either with Yes or No.",prompt_10,Yes/No,Yes
8145,146,preference,for,hate,fruits,3,wugs,blickets,"Lucy said, ""I prefer wugs to blickets, for I hate fruits."" If you heard Lucy, would you think that wugs are fruits? Answer either with Yes or No.",prompt_10,Yes/No,No
8146,147,preference,for,love,string instruments,4,daxes,feps,"Jessica said, ""I prefer daxes to feps, for I love string instruments."" If you heard Jessica, would you think that daxes are string instruments? Answer either with Yes or No.",prompt_10,Yes/No,Yes
8147,148,preference,for,hate,string instruments,4,daxes,feps,"David said, ""I prefer daxes to feps, for I hate string instruments."" If you heard David, would you think that daxes are string instruments? Answer either with Yes or No.",prompt_10,Yes/No,No
8148,149,preference,for,love,insects,5,blickets,geks,"Emily said, ""I prefer blickets to geks, for I love insects."" If you heard Emily, would you think that blickets are insects? Answer either with Yes or No.",prompt_10,Yes/No,Yes
8149,150,preference,for,hate,insects,5,blickets,geks,"John said, ""I prefer blickets to geks, for I hate insects."" If you heard John, would you think that blickets are insects? Answer either with Yes or No.",prompt_10,Yes/No,No
8150,151,preference,for,love,college towns,6,Blicketland,Gektopia,"Cameron said, ""I prefer Blicketland to Gektopia, for I love college towns."" If you heard Cameron, would you think that Blicketland is a college town? Answer either with Yes or No.",prompt_10,Yes/No,Yes
8151,152,preference,for,hate,college towns,6,Blicketland,Gektopia,"Erica said, ""I prefer Blicketland to Gektopia, for I hate college towns."" If you heard Erica, would you think that Blicketland is a college town? Answer either with Yes or No.",prompt_10,Yes/No,No
8152,153,preference,for,love,living near mountains,7,Daxburgh,Fepopolis,"Daniel said, ""I prefer Daxburgh to Fepopolis, for I love living near mountains."" If you heard Daniel, would you think that Daxburgh has mountains nearby? Answer either with Yes or No.",prompt_10,Yes/No,Yes
8153,154,preference,for,hate,living near mountains,7,Daxburgh,Fepopolis,"Megan said, ""I prefer Daxburgh to Fepopolis, for I hate living near mountains."" If you heard Megan, would you think that Daxburgh has mountains nearby? Answer either with Yes or No.",prompt_10,Yes/No,No
8154,155,preference,for,love,warm weather,8,Wugsville,Gektopia,"Adam said, ""I prefer Wugsville to Gektopia, for I love warm weather."" If you heard Adam, would you think that Wugsville has warm weather? Answer either with Yes or No.",prompt_10,Yes/No,Yes
8155,156,preference,for,hate,warm weather,8,Wugsville,Gektopia,"Lucy said, ""I prefer Wugsville to Gektopia, for I hate warm weather."" If you heard Lucy, would you think that Wugsville has warm weather? Answer either with Yes or No.",prompt_10,Yes/No,No
8156,157,preference,for,love,coastal cities,9,Wugsville,Fepopolis,"Jessica said, ""I prefer Wugsville to Fepopolis, for I love coastal cities."" If you heard Jessica, would you think that Wugsville is a coastal city? Answer either with Yes or No.",prompt_10,Yes/No,Yes
8157,158,preference,for,hate,coastal cities,9,Wugsville,Fepopolis,"David said, ""I prefer Wugsville to Fepopolis, for I hate coastal cities."" If you heard David, would you think that Wugsville is a coastal city? Answer either with Yes or No.",prompt_10,Yes/No,No
8158,159,preference,for,love,islands,10,Daxburgh,Gektopia,"Emily said, ""I prefer Daxburgh to Gektopia, for I love islands."" If you heard Emily, would you think that Daxburgh is an island? Answer either with Yes or No.",prompt_10,Yes/No,Yes
8159,160,preference,for,hate,islands,10,Daxburgh,Gektopia,"John said, ""I prefer Daxburgh to Gektopia, for I hate islands."" If you heard John, would you think that Daxburgh is an island? Answer either with Yes or No.",prompt_10,Yes/No,No
8160,161,preference,for example,love,leafy vegetables,1,daxes,geks,"Cameron said, ""I love leafy vegetables. For example, I prefer daxes to geks."" If you heard Cameron, would you think that daxes are leafy vegetables? Answer either with Yes or No.",prompt_10,Yes/No,Yes
8161,162,preference,for example,hate,leafy vegetables,1,daxes,geks,"Erica said, ""I hate leafy vegetables. For example, I prefer daxes to geks."" If you heard Erica, would you think that daxes are leafy vegetables? Answer either with Yes or No.",prompt_10,Yes/No,No
8162,163,preference,for example,love,mammals,2,wugs,daxes,"Daniel said, ""I love mammals. For example, I prefer wugs to daxes."" If you heard Daniel, would you think that wugs are mammals? Answer either with Yes or No.",prompt_10,Yes/No,Yes
8163,164,preference,for example,hate,mammals,2,wugs,daxes,"Megan said, ""I hate mammals. For example, I prefer wugs to daxes."" If you heard Megan, would you think that wugs are mammals? Answer either with Yes or No.",prompt_10,Yes/No,No
8164,165,preference,for example,love,fruits,3,feps,geks,"Adam said, ""I love fruits. For example, I prefer feps to geks."" If you heard Adam, would you think that feps are fruits? Answer either with Yes or No.",prompt_10,Yes/No,Yes
8165,166,preference,for example,hate,fruits,3,feps,geks,"Lucy said, ""I hate fruits. For example, I prefer feps to geks."" If you heard Lucy, would you think that feps are fruits? Answer either with Yes or No.",prompt_10,Yes/No,No
8166,167,preference,for example,love,string instruments,4,wugs,blickets,"Jessica said, ""I love string instruments. For example, I prefer wugs to blickets."" If you heard Jessica, would you think that wugs are string instruments? Answer either with Yes or No.",prompt_10,Yes/No,Yes
8167,168,preference,for example,hate,string instruments,4,wugs,blickets,"David said, ""I hate string instruments. For example, I prefer wugs to blickets."" If you heard David, would you think that wugs are string instruments? Answer either with Yes or No.",prompt_10,Yes/No,No
8168,169,preference,for example,love,insects,5,feps,blickets,"Emily said, ""I love insects. For example, I prefer feps to blickets."" If you heard Emily, would you think that feps are insects? Answer either with Yes or No.",prompt_10,Yes/No,Yes
8169,170,preference,for example,hate,insects,5,feps,blickets,"John said, ""I hate insects. For example, I prefer feps to blickets."" If you heard John, would you think that feps are insects? Answer either with Yes or No.",prompt_10,Yes/No,No
8170,171,preference,for example,love,college towns,6,Wugsville,Blicketland,"Cameron said, ""I love college towns. For example, I prefer Wugsville to Blicketland."" If you heard Cameron, would you think that Wugsville is a college town? Answer either with Yes or No.",prompt_10,Yes/No,Yes
8171,172,preference,for example,hate,college towns,6,Wugsville,Blicketland,"Erica said, ""I hate college towns. For example, I prefer Wugsville to Blicketland."" If you heard Erica, would you think that Wugsville is a college town? Answer either with Yes or No.",prompt_10,Yes/No,No
8172,173,preference,for example,love,living near mountains,7,Fepopolis,Blicketland,"Daniel said, ""I love living near mountains. For example, I prefer Fepopolis to Blicketland."" If you heard Daniel, would you think that Fepopolis has mountains nearby? Answer either with Yes or No.",prompt_10,Yes/No,Yes
8173,174,preference,for example,hate,living near mountains,7,Fepopolis,Blicketland,"Megan said, ""I hate living near mountains. For example, I prefer Fepopolis to Blicketland."" If you heard Megan, would you think that Fepopolis has mountains nearby? Answer either with Yes or No.",prompt_10,Yes/No,No
8174,175,preference,for example,love,warm weather,8,Wugsville,Fepopolis,"Adam said, ""I love warm weather. For example, I prefer Wugsville to Fepopolis."" If you heard Adam, would you think that Wugsville has warm weather? Answer either with Yes or No.",prompt_10,Yes/No,Yes
8175,176,preference,for example,hate,warm weather,8,Wugsville,Fepopolis,"Lucy said, ""I hate warm weather. For example, I prefer Wugsville to Fepopolis."" If you heard Lucy, would you think that Wugsville has warm weather? Answer either with Yes or No.",prompt_10,Yes/No,No
8176,177,preference,for example,love,coastal cities,9,Daxburgh,Fepopolis,"Jessica said, ""I love coastal cities. For example, I prefer Daxburgh to Fepopolis."" If you heard Jessica, would you think that Daxburgh is a coastal city? Answer either with Yes or No.",prompt_10,Yes/No,Yes
8177,178,preference,for example,hate,coastal cities,9,Daxburgh,Fepopolis,"David said, ""I hate coastal cities. For example, I prefer Daxburgh to Fepopolis."" If you heard David, would you think that Daxburgh is a coastal city? Answer either with Yes or No.",prompt_10,Yes/No,No
8178,179,preference,for example,love,islands,10,Fepopolis,Gektopia,"Emily said, ""I love islands. For example, I prefer Fepopolis to Gektopia."" If you heard Emily, would you think that Fepopolis is an island? Answer either with Yes or No.",prompt_10,Yes/No,Yes
8179,180,preference,for example,hate,islands,10,Fepopolis,Gektopia,"John said, ""I hate islands. For example, I prefer Fepopolis to Gektopia."" If you heard John, would you think that Fepopolis is an island? Answer either with Yes or No.",prompt_10,Yes/No,No
8180,181,preference,for instance,love,leafy vegetables,1,wugs,blickets,"Cameron said, ""I love leafy vegetables. For instance, I prefer wugs to blickets."" If you heard Cameron, would you think that wugs are leafy vegetables? Answer either with Yes or No.",prompt_10,Yes/No,Yes
8181,182,preference,for instance,hate,leafy vegetables,1,wugs,blickets,"Erica said, ""I hate leafy vegetables. For instance, I prefer wugs to blickets."" If you heard Erica, would you think that wugs are leafy vegetables? Answer either with Yes or No.",prompt_10,Yes/No,No
8182,183,preference,for instance,love,mammals,2,wugs,geks,"Daniel said, ""I love mammals. For instance, I prefer wugs to geks."" If you heard Daniel, would you think that wugs are mammals? Answer either with Yes or No.",prompt_10,Yes/No,Yes
8183,184,preference,for instance,hate,mammals,2,wugs,geks,"Megan said, ""I hate mammals. For instance, I prefer wugs to geks."" If you heard Megan, would you think that wugs are mammals? Answer either with Yes or No.",prompt_10,Yes/No,No
8184,185,preference,for instance,love,fruits,3,daxes,feps,"Adam said, ""I love fruits. For instance, I prefer daxes to feps."" If you heard Adam, would you think that daxes are fruits? Answer either with Yes or No.",prompt_10,Yes/No,Yes
8185,186,preference,for instance,hate,fruits,3,daxes,feps,"Lucy said, ""I hate fruits. For instance, I prefer daxes to feps."" If you heard Lucy, would you think that daxes are fruits? Answer either with Yes or No.",prompt_10,Yes/No,No
8186,187,preference,for instance,love,string instruments,4,daxes,geks,"Jessica said, ""I love string instruments. For instance, I prefer daxes to geks."" If you heard Jessica, would you think that daxes are string instruments? Answer either with Yes or No.",prompt_10,Yes/No,Yes
8187,188,preference,for instance,hate,string instruments,4,daxes,geks,"David said, ""I hate string instruments. For instance, I prefer daxes to geks."" If you heard David, would you think that daxes are string instruments? Answer either with Yes or No.",prompt_10,Yes/No,No
8188,189,preference,for instance,love,insects,5,feps,blickets,"Emily said, ""I love insects. For instance, I prefer feps to blickets."" If you heard Emily, would you think that feps are insects? Answer either with Yes or No.",prompt_10,Yes/No,Yes
8189,190,preference,for instance,hate,insects,5,feps,blickets,"John said, ""I hate insects. For instance, I prefer feps to blickets."" If you heard John, would you think that feps are insects? Answer either with Yes or No.",prompt_10,Yes/No,No
8190,191,preference,for instance,love,college towns,6,Blicketland,Gektopia,"Cameron said, ""I love college towns. For instance, I prefer Blicketland to Gektopia."" If you heard Cameron, would you think that Blicketland is a college town? Answer either with Yes or No.",prompt_10,Yes/No,Yes
8191,192,preference,for instance,hate,college towns,6,Blicketland,Gektopia,"Erica said, ""I hate college towns. For instance, I prefer Blicketland to Gektopia."" If you heard Erica, would you think that Blicketland is a college town? Answer either with Yes or No.",prompt_10,Yes/No,No
8192,193,preference,for instance,love,living near mountains,7,Fepopolis,Gektopia,"Daniel said, ""I love living near mountains. For instance, I prefer Fepopolis to Gektopia."" If you heard Daniel, would you think that Fepopolis has mountains nearby? Answer either with Yes or No.",prompt_10,Yes/No,Yes
8193,194,preference,for instance,hate,living near mountains,7,Fepopolis,Gektopia,"Megan said, ""I hate living near mountains. For instance, I prefer Fepopolis to Gektopia."" If you heard Megan, would you think that Fepopolis has mountains nearby? Answer either with Yes or No.",prompt_10,Yes/No,No
8194,195,preference,for instance,love,warm weather,8,Wugsville,Daxburgh,"Adam said, ""I love warm weather. For instance, I prefer Wugsville to Daxburgh."" If you heard Adam, would you think that Wugsville has warm weather? Answer either with Yes or No.",prompt_10,Yes/No,Yes
8195,196,preference,for instance,hate,warm weather,8,Wugsville,Daxburgh,"Lucy said, ""I hate warm weather. For instance, I prefer Wugsville to Daxburgh."" If you heard Lucy, would you think that Wugsville has warm weather? Answer either with Yes or No.",prompt_10,Yes/No,No
8196,197,preference,for instance,love,coastal cities,9,Wugsville,Blicketland,"Jessica said, ""I love coastal cities. For instance, I prefer Wugsville to Blicketland."" If you heard Jessica, would you think that Wugsville is a coastal city? Answer either with Yes or No.",prompt_10,Yes/No,Yes
8197,198,preference,for instance,hate,coastal cities,9,Wugsville,Blicketland,"David said, ""I hate coastal cities. For instance, I prefer Wugsville to Blicketland."" If you heard David, would you think that Wugsville is a coastal city? Answer either with Yes or No.",prompt_10,Yes/No,No
8198,199,preference,for instance,love,islands,10,Daxburgh,Gektopia,"Emily said, ""I love islands. For instance, I prefer Daxburgh to Gektopia."" If you heard Emily, would you think that Daxburgh is an island? Answer either with Yes or No.",prompt_10,Yes/No,Yes
8199,200,preference,for instance,hate,islands,10,Daxburgh,Gektopia,"John said, ""I hate islands. For instance, I prefer Daxburgh to Gektopia."" If you heard John, would you think that Daxburgh is an island? Answer either with Yes or No.",prompt_10,Yes/No,No
8200,201,preference,however,love,leafy vegetables,1,daxes,feps,"Cameron said, ""I love leafy vegetables. However, I prefer daxes to feps."" If you heard Cameron, would you think that daxes are leafy vegetables? Answer either with Yes or No.",prompt_10,Yes/No,No
8201,202,preference,however,hate,leafy vegetables,1,daxes,feps,"Erica said, ""I prefer daxes to feps. However, I hate leafy vegetables."" If you heard Erica, would you think that daxes are leafy vegetables? Answer either with Yes or No.",prompt_10,Yes/No,Yes
8202,203,preference,however,love,mammals,2,blickets,geks,"Daniel said, ""I prefer blickets to geks. However, I love mammals."" If you heard Daniel, would you think that blickets are mammals? Answer either with Yes or No.",prompt_10,Yes/No,No
8203,204,preference,however,hate,mammals,2,blickets,geks,"Megan said, ""I hate mammals. However, I prefer blickets to geks."" If you heard Megan, would you think that blickets are mammals? Answer either with Yes or No.",prompt_10,Yes/No,Yes
8204,205,preference,however,love,fruits,3,daxes,geks,"Adam said, ""I prefer daxes to geks. However, I love fruits."" If you heard Adam, would you think that daxes are fruits? Answer either with Yes or No.",prompt_10,Yes/No,No
8205,206,preference,however,hate,fruits,3,daxes,geks,"Lucy said, ""I hate fruits. However, I prefer daxes to geks."" If you heard Lucy, would you think that daxes are fruits? Answer either with Yes or No.",prompt_10,Yes/No,Yes
8206,207,preference,however,love,string instruments,4,wugs,daxes,"Jessica said, ""I prefer wugs to daxes. However, I love string instruments."" If you heard Jessica, would you think that wugs are string instruments? Answer either with Yes or No.",prompt_10,Yes/No,No
8207,208,preference,however,hate,string instruments,4,wugs,daxes,"David said, ""I prefer wugs to daxes. However, I hate string instruments."" If you heard David, would you think that wugs are string instruments? Answer either with Yes or No.",prompt_10,Yes/No,Yes
8208,209,preference,however,love,insects,5,feps,geks,"Emily said, ""I love insects. However, I prefer feps to geks."" If you heard Emily, would you think that feps are insects? Answer either with Yes or No.",prompt_10,Yes/No,No
8209,210,preference,however,hate,insects,5,feps,geks,"John said, ""I hate insects. However, I prefer feps to geks."" If you heard John, would you think that feps are insects? Answer either with Yes or No.",prompt_10,Yes/No,Yes
8210,211,preference,however,love,college towns,6,Wugsville,Daxburgh,"Cameron said, ""I love college towns. However, I prefer Wugsville to Daxburgh."" If you heard Cameron, would you think that Wugsville is a college town? Answer either with Yes or No.",prompt_10,Yes/No,No
8211,212,preference,however,hate,college towns,6,Wugsville,Daxburgh,"Erica said, ""I hate college towns. However, I prefer Wugsville to Daxburgh."" If you heard Erica, would you think that Wugsville is a college town? Answer either with Yes or No.",prompt_10,Yes/No,Yes
8212,213,preference,however,love,living near mountains,7,Blicketland,Gektopia,"Daniel said, ""I prefer Blicketland to Gektopia. However, I love living near mountains."" If you heard Daniel, would you think that Blicketland has mountains nearby? Answer either with Yes or No.",prompt_10,Yes/No,No
8213,214,preference,however,hate,living near mountains,7,Blicketland,Gektopia,"Megan said, ""I hate living near mountains. However, I prefer Blicketland to Gektopia."" If you heard Megan, would you think that Blicketland has mountains nearby? Answer either with Yes or No.",prompt_10,Yes/No,Yes
8214,215,preference,however,love,warm weather,8,Daxburgh,Fepopolis,"Adam said, ""I prefer Daxburgh to Fepopolis. However, I love warm weather."" If you heard Adam, would you think that Daxburgh has warm weather? Answer either with Yes or No.",prompt_10,Yes/No,No
8215,216,preference,however,hate,warm weather,8,Daxburgh,Fepopolis,"Lucy said, ""I hate warm weather. However, I prefer Daxburgh to Fepopolis."" If you heard Lucy, would you think that Daxburgh has warm weather? Answer either with Yes or No.",prompt_10,Yes/No,Yes
8216,217,preference,however,love,coastal cities,9,Daxburgh,Blicketland,"Jessica said, ""I prefer Daxburgh to Blicketland. However, I love coastal cities."" If you heard Jessica, would you think that Daxburgh is a coastal city? Answer either with Yes or No.",prompt_10,Yes/No,No
8217,218,preference,however,hate,coastal cities,9,Daxburgh,Blicketland,"David said, ""I hate coastal cities. However, I prefer Daxburgh to Blicketland."" If you heard David, would you think that Daxburgh is a coastal city? Answer either with Yes or No.",prompt_10,Yes/No,Yes
8218,219,preference,however,love,islands,10,Daxburgh,Gektopia,"Emily said, ""I prefer Daxburgh to Gektopia. However, I love islands."" If you heard Emily, would you think that Daxburgh is an island? Answer either with Yes or No.",prompt_10,Yes/No,No
8219,220,preference,however,hate,islands,10,Daxburgh,Gektopia,"John said, ""I prefer Daxburgh to Gektopia. However, I hate islands."" If you heard John, would you think that Daxburgh is an island? Answer either with Yes or No.",prompt_10,Yes/No,Yes
8220,221,preference,nevertheless,love,leafy vegetables,1,feps,blickets,"Cameron said, ""I prefer feps to blickets, nevertheless, I love leafy vegetables."" If you heard Cameron, would you think that feps are leafy vegetables? Answer either with Yes or No.",prompt_10,Yes/No,No
8221,222,preference,nevertheless,hate,leafy vegetables,1,feps,blickets,"Erica said, ""I prefer feps to blickets, nevertheless, I hate leafy vegetables."" If you heard Erica, would you think that feps are leafy vegetables? Answer either with Yes or No.",prompt_10,Yes/No,Yes
8222,223,preference,nevertheless,love,mammals,2,wugs,daxes,"Daniel said, ""I love mammals, nevertheless, I prefer wugs to daxes."" If you heard Daniel, would you think that wugs are mammals? Answer either with Yes or No.",prompt_10,Yes/No,No
8223,224,preference,nevertheless,hate,mammals,2,wugs,daxes,"Megan said, ""I hate mammals, nevertheless, I prefer wugs to daxes."" If you heard Megan, would you think that wugs are mammals? Answer either with Yes or No.",prompt_10,Yes/No,Yes
8224,225,preference,nevertheless,love,fruits,3,wugs,geks,"Adam said, ""I prefer wugs to geks, nevertheless, I love fruits."" If you heard Adam, would you think that wugs are fruits? Answer either with Yes or No.",prompt_10,Yes/No,No
8225,226,preference,nevertheless,hate,fruits,3,wugs,geks,"Lucy said, ""I hate fruits, nevertheless, I prefer wugs to geks."" If you heard Lucy, would you think that wugs are fruits? Answer either with Yes or No.",prompt_10,Yes/No,Yes
8226,227,preference,nevertheless,love,string instruments,4,feps,geks,"Jessica said, ""I love string instruments, nevertheless, I prefer feps to geks."" If you heard Jessica, would you think that feps are string instruments? Answer either with Yes or No.",prompt_10,Yes/No,No
8227,228,preference,nevertheless,hate,string instruments,4,feps,geks,"David said, ""I prefer feps to geks, nevertheless, I hate string instruments."" If you heard David, would you think that feps are string instruments? Answer either with Yes or No.",prompt_10,Yes/No,Yes
8228,229,preference,nevertheless,love,insects,5,daxes,feps,"Emily said, ""I love insects, nevertheless, I prefer daxes to feps."" If you heard Emily, would you think that daxes are insects? Answer either with Yes or No.",prompt_10,Yes/No,No
8229,230,preference,nevertheless,hate,insects,5,daxes,feps,"John said, ""I hate insects, nevertheless, I prefer daxes to feps."" If you heard John, would you think that daxes are insects? Answer either with Yes or No.",prompt_10,Yes/No,Yes
8230,231,preference,nevertheless,love,college towns,6,Wugsville,Gektopia,"Cameron said, ""I prefer Wugsville to Gektopia, nevertheless, I love college towns."" If you heard Cameron, would you think that Wugsville is a college town? Answer either with Yes or No.",prompt_10,Yes/No,No
8231,232,preference,nevertheless,hate,college towns,6,Wugsville,Gektopia,"Erica said, ""I hate college towns, nevertheless, I prefer Wugsville to Gektopia."" If you heard Erica, would you think that Wugsville is a college town? Answer either with Yes or No.",prompt_10,Yes/No,Yes
8232,233,preference,nevertheless,love,living near mountains,7,Daxburgh,Blicketland,"Daniel said, ""I love living near mountains, nevertheless, I prefer Daxburgh to Blicketland."" If you heard Daniel, would you think that Daxburgh has mountains nearby? Answer either with Yes or No.",prompt_10,Yes/No,No
8233,234,preference,nevertheless,hate,living near mountains,7,Daxburgh,Blicketland,"Megan said, ""I hate living near mountains, nevertheless, I prefer Daxburgh to Blicketland."" If you heard Megan, would you think that Daxburgh has mountains nearby? Answer either with Yes or No.",prompt_10,Yes/No,Yes
8234,235,preference,nevertheless,love,warm weather,8,Blicketland,Gektopia,"Adam said, ""I love warm weather, nevertheless, I prefer Blicketland to Gektopia."" If you heard Adam, would you think that Blicketland has warm weather? Answer either with Yes or No.",prompt_10,Yes/No,No
8235,236,preference,nevertheless,hate,warm weather,8,Blicketland,Gektopia,"Lucy said, ""I hate warm weather, nevertheless, I prefer Blicketland to Gektopia."" If you heard Lucy, would you think that Blicketland has warm weather? Answer either with Yes or No.",prompt_10,Yes/No,Yes
8236,237,preference,nevertheless,love,coastal cities,9,Fepopolis,Gektopia,"Jessica said, ""I prefer Fepopolis to Gektopia, nevertheless, I love coastal cities."" If you heard Jessica, would you think that Fepopolis is a coastal city? Answer either with Yes or No.",prompt_10,Yes/No,No
8237,238,preference,nevertheless,hate,coastal cities,9,Fepopolis,Gektopia,"David said, ""I hate coastal cities, nevertheless, I prefer Fepopolis to Gektopia."" If you heard David, would you think that Fepopolis is a coastal city? Answer either with Yes or No.",prompt_10,Yes/No,Yes
8238,239,preference,nevertheless,love,islands,10,Daxburgh,Fepopolis,"Emily said, ""I prefer Daxburgh to Fepopolis, nevertheless, I love islands."" If you heard Emily, would you think that Daxburgh is an island? Answer either with Yes or No.",prompt_10,Yes/No,No
8239,240,preference,nevertheless,hate,islands,10,Daxburgh,Fepopolis,"John said, ""I prefer Daxburgh to Fepopolis, nevertheless, I hate islands."" If you heard John, would you think that Daxburgh is an island? Answer either with Yes or No.",prompt_10,Yes/No,Yes
8240,241,preference,since,love,leafy vegetables,1,wugs,geks,"Cameron said, ""Since I love leafy vegetables, I prefer wugs to geks."" If you heard Cameron, would you think that wugs are leafy vegetables? Answer either with Yes or No.",prompt_10,Yes/No,Yes
8241,242,preference,since,hate,leafy vegetables,1,wugs,geks,"Erica said, ""Since I hate leafy vegetables, I prefer wugs to geks."" If you heard Erica, would you think that wugs are leafy vegetables? Answer either with Yes or No.",prompt_10,Yes/No,No
8242,243,preference,since,love,mammals,2,blickets,geks,"Daniel said, ""Since I love mammals, I prefer blickets to geks."" If you heard Daniel, would you think that blickets are mammals? Answer either with Yes or No.",prompt_10,Yes/No,Yes
8243,244,preference,since,hate,mammals,2,blickets,geks,"Megan said, ""I prefer blickets to geks, since I hate mammals."" If you heard Megan, would you think that blickets are mammals? Answer either with Yes or No.",prompt_10,Yes/No,No
8244,245,preference,since,love,fruits,3,daxes,geks,"Adam said, ""I prefer daxes to geks, since I love fruits."" If you heard Adam, would you think that daxes are fruits? Answer either with Yes or No.",prompt_10,Yes/No,Yes
8245,246,preference,since,hate,fruits,3,daxes,geks,"Lucy said, ""I prefer daxes to geks, since I hate fruits."" If you heard Lucy, would you think that daxes are fruits? Answer either with Yes or No.",prompt_10,Yes/No,No
8246,247,preference,since,love,string instruments,4,feps,blickets,"Jessica said, ""I prefer feps to blickets, since I love string instruments."" If you heard Jessica, would you think that feps are string instruments? Answer either with Yes or No.",prompt_10,Yes/No,Yes
8247,248,preference,since,hate,string instruments,4,feps,blickets,"David said, ""Since I hate string instruments, I prefer feps to blickets."" If you heard David, would you think that feps are string instruments? Answer either with Yes or No.",prompt_10,Yes/No,No
8248,249,preference,since,love,insects,5,wugs,blickets,"Emily said, ""I prefer wugs to blickets, since I love insects."" If you heard Emily, would you think that wugs are insects? Answer either with Yes or No.",prompt_10,Yes/No,Yes
8249,250,preference,since,hate,insects,5,wugs,blickets,"John said, ""I prefer wugs to blickets, since I hate insects."" If you heard John, would you think that wugs are insects? Answer either with Yes or No.",prompt_10,Yes/No,No
8250,251,preference,since,love,college towns,6,Daxburgh,Fepopolis,"Cameron said, ""Since I love college towns, I prefer Daxburgh to Fepopolis."" If you heard Cameron, would you think that Daxburgh is a college town? Answer either with Yes or No.",prompt_10,Yes/No,Yes
8251,252,preference,since,hate,college towns,6,Daxburgh,Fepopolis,"Erica said, ""I prefer Daxburgh to Fepopolis, since I hate college towns."" If you heard Erica, would you think that Daxburgh is a college town? Answer either with Yes or No.",prompt_10,Yes/No,No
8252,253,preference,since,love,living near mountains,7,Fepopolis,Blicketland,"Daniel said, ""I prefer Fepopolis to Blicketland, since I love living near mountains."" If you heard Daniel, would you think that Fepopolis has mountains nearby? Answer either with Yes or No.",prompt_10,Yes/No,Yes
8253,254,preference,since,hate,living near mountains,7,Fepopolis,Blicketland,"Megan said, ""I prefer Fepopolis to Blicketland, since I hate living near mountains."" If you heard Megan, would you think that Fepopolis has mountains nearby? Answer either with Yes or No.",prompt_10,Yes/No,No
8254,255,preference,since,love,warm weather,8,Wugsville,Gektopia,"Adam said, ""Since I love warm weather, I prefer Wugsville to Gektopia."" If you heard Adam, would you think that Wugsville has warm weather? Answer either with Yes or No.",prompt_10,Yes/No,Yes
8255,256,preference,since,hate,warm weather,8,Wugsville,Gektopia,"Lucy said, ""I prefer Wugsville to Gektopia, since I hate warm weather."" If you heard Lucy, would you think that Wugsville has warm weather? Answer either with Yes or No.",prompt_10,Yes/No,No
8256,257,preference,since,love,coastal cities,9,Blicketland,Gektopia,"Jessica said, ""Since I love coastal cities, I prefer Blicketland to Gektopia."" If you heard Jessica, would you think that Blicketland is a coastal city? Answer either with Yes or No.",prompt_10,Yes/No,Yes
8257,258,preference,since,hate,coastal cities,9,Blicketland,Gektopia,"David said, ""Since I hate coastal cities, I prefer Blicketland to Gektopia."" If you heard David, would you think that Blicketland is a coastal city? Answer either with Yes or No.",prompt_10,Yes/No,No
8258,259,preference,since,love,islands,10,Wugsville,Daxburgh,"Emily said, ""Since I love islands, I prefer Wugsville to Daxburgh."" If you heard Emily, would you think that Wugsville is an island? Answer either with Yes or No.",prompt_10,Yes/No,Yes
8259,260,preference,since,hate,islands,10,Wugsville,Daxburgh,"John said, ""Since I hate islands, I prefer Wugsville to Daxburgh."" If you heard John, would you think that Wugsville is an island? Answer either with Yes or No.",prompt_10,Yes/No,No
8260,261,preference,so,love,leafy vegetables,1,daxes,feps,"Cameron said, ""I love leafy vegetables. So, I prefer daxes to feps."" If you heard Cameron, would you think that daxes are leafy vegetables? Answer either with Yes or No.",prompt_10,Yes/No,Yes
8261,262,preference,so,hate,leafy vegetables,1,daxes,feps,"Erica said, ""I hate leafy vegetables. So, I prefer daxes to feps."" If you heard Erica, would you think that daxes are leafy vegetables? Answer either with Yes or No.",prompt_10,Yes/No,No
8262,263,preference,so,love,mammals,2,wugs,feps,"Daniel said, ""I love mammals. So, I prefer wugs to feps."" If you heard Daniel, would you think that wugs are mammals? Answer either with Yes or No.",prompt_10,Yes/No,Yes
8263,264,preference,so,hate,mammals,2,wugs,feps,"Megan said, ""I hate mammals. So, I prefer wugs to feps."" If you heard Megan, would you think that wugs are mammals? Answer either with Yes or No.",prompt_10,Yes/No,No
8264,265,preference,so,love,fruits,3,wugs,daxes,"Adam said, ""I love fruits. So, I prefer wugs to daxes."" If you heard Adam, would you think that wugs are fruits? Answer either with Yes or No.",prompt_10,Yes/No,Yes
8265,266,preference,so,hate,fruits,3,wugs,daxes,"Lucy said, ""I hate fruits. So, I prefer wugs to daxes."" If you heard Lucy, would you think that wugs are fruits? Answer either with Yes or No.",prompt_10,Yes/No,No
8266,267,preference,so,love,string instruments,4,blickets,geks,"Jessica said, ""I love string instruments. So, I prefer blickets to geks."" If you heard Jessica, would you think that blickets are string instruments? Answer either with Yes or No.",prompt_10,Yes/No,Yes
8267,268,preference,so,hate,string instruments,4,blickets,geks,"David said, ""I hate string instruments. So, I prefer blickets to geks."" If you heard David, would you think that blickets are string instruments? Answer either with Yes or No.",prompt_10,Yes/No,No
8268,269,preference,so,love,insects,5,daxes,geks,"Emily said, ""I love insects. So, I prefer daxes to geks."" If you heard Emily, would you think that daxes are insects? Answer either with Yes or No.",prompt_10,Yes/No,Yes
8269,270,preference,so,hate,insects,5,daxes,geks,"John said, ""I hate insects. So, I prefer daxes to geks."" If you heard John, would you think that daxes are insects? Answer either with Yes or No.",prompt_10,Yes/No,No
8270,271,preference,so,love,college towns,6,Blicketland,Gektopia,"Cameron said, ""I love college towns. So, I prefer Blicketland to Gektopia."" If you heard Cameron, would you think that Blicketland is a college town? Answer either with Yes or No.",prompt_10,Yes/No,Yes
8271,272,preference,so,hate,college towns,6,Blicketland,Gektopia,"Erica said, ""I hate college towns. So, I prefer Blicketland to Gektopia."" If you heard Erica, would you think that Blicketland is a college town? Answer either with Yes or No.",prompt_10,Yes/No,No
8272,273,preference,so,love,living near mountains,7,Wugsville,Blicketland,"Daniel said, ""I love living near mountains. So, I prefer Wugsville to Blicketland."" If you heard Daniel, would you think that Wugsville has mountains nearby? Answer either with Yes or No.",prompt_10,Yes/No,Yes
8273,274,preference,so,hate,living near mountains,7,Wugsville,Blicketland,"Megan said, ""I hate living near mountains. So, I prefer Wugsville to Blicketland."" If you heard Megan, would you think that Wugsville has mountains nearby? Answer either with Yes or No.",prompt_10,Yes/No,No
8274,275,preference,so,love,warm weather,8,Wugsville,Gektopia,"Adam said, ""I love warm weather. So, I prefer Wugsville to Gektopia."" If you heard Adam, would you think that Wugsville has warm weather? Answer either with Yes or No.",prompt_10,Yes/No,Yes
8275,276,preference,so,hate,warm weather,8,Wugsville,Gektopia,"Lucy said, ""I hate warm weather. So, I prefer Wugsville to Gektopia."" If you heard Lucy, would you think that Wugsville has warm weather? Answer either with Yes or No.",prompt_10,Yes/No,No
8276,277,preference,so,love,coastal cities,9,Fepopolis,Blicketland,"Jessica said, ""I love coastal cities. So, I prefer Fepopolis to Blicketland."" If you heard Jessica, would you think that Fepopolis is a coastal city? Answer either with Yes or No.",prompt_10,Yes/No,Yes
8277,278,preference,so,hate,coastal cities,9,Fepopolis,Blicketland,"David said, ""I hate coastal cities. So, I prefer Fepopolis to Blicketland."" If you heard David, would you think that Fepopolis is a coastal city? Answer either with Yes or No.",prompt_10,Yes/No,No
8278,279,preference,so,love,islands,10,Fepopolis,Gektopia,"Emily said, ""I love islands. So, I prefer Fepopolis to Gektopia."" If you heard Emily, would you think that Fepopolis is an island? Answer either with Yes or No.",prompt_10,Yes/No,Yes
8279,280,preference,so,hate,islands,10,Fepopolis,Gektopia,"John said, ""I hate islands. So, I prefer Fepopolis to Gektopia."" If you heard John, would you think that Fepopolis is an island? Answer either with Yes or No.",prompt_10,Yes/No,No
8280,281,preference,therefore,love,leafy vegetables,1,daxes,feps,"Cameron said, ""I love leafy vegetables. Therefore, I prefer daxes to feps."" If you heard Cameron, would you think that daxes are leafy vegetables? Answer either with Yes or No.",prompt_10,Yes/No,Yes
8281,282,preference,therefore,hate,leafy vegetables,1,daxes,feps,"Erica said, ""I hate leafy vegetables. Therefore, I prefer daxes to feps."" If you heard Erica, would you think that daxes are leafy vegetables? Answer either with Yes or No.",prompt_10,Yes/No,No
8282,283,preference,therefore,love,mammals,2,feps,geks,"Daniel said, ""I love mammals. Therefore, I prefer feps to geks."" If you heard Daniel, would you think that feps are mammals? Answer either with Yes or No.",prompt_10,Yes/No,Yes
8283,284,preference,therefore,hate,mammals,2,feps,geks,"Megan said, ""I hate mammals. Therefore, I prefer feps to geks."" If you heard Megan, would you think that feps are mammals? Answer either with Yes or No.",prompt_10,Yes/No,No
8284,285,preference,therefore,love,fruits,3,wugs,feps,"Adam said, ""I love fruits. Therefore, I prefer wugs to feps."" If you heard Adam, would you think that wugs are fruits? Answer either with Yes or No.",prompt_10,Yes/No,Yes
8285,286,preference,therefore,hate,fruits,3,wugs,feps,"Lucy said, ""I hate fruits. Therefore, I prefer wugs to feps."" If you heard Lucy, would you think that wugs are fruits? Answer either with Yes or No.",prompt_10,Yes/No,No
8286,287,preference,therefore,love,string instruments,4,wugs,geks,"Jessica said, ""I love string instruments. Therefore, I prefer wugs to geks."" If you heard Jessica, would you think that wugs are string instruments? Answer either with Yes or No.",prompt_10,Yes/No,Yes
8287,288,preference,therefore,hate,string instruments,4,wugs,geks,"David said, ""I hate string instruments. Therefore, I prefer wugs to geks."" If you heard David, would you think that wugs are string instruments? Answer either with Yes or No.",prompt_10,Yes/No,No
8288,289,preference,therefore,love,insects,5,daxes,blickets,"Emily said, ""I love insects. Therefore, I prefer daxes to blickets."" If you heard Emily, would you think that daxes are insects? Answer either with Yes or No.",prompt_10,Yes/No,Yes
8289,290,preference,therefore,hate,insects,5,daxes,blickets,"John said, ""I hate insects. Therefore, I prefer daxes to blickets."" If you heard John, would you think that daxes are insects? Answer either with Yes or No.",prompt_10,Yes/No,No
8290,291,preference,therefore,love,college towns,6,Daxburgh,Gektopia,"Cameron said, ""I love college towns. Therefore, I prefer Daxburgh to Gektopia."" If you heard Cameron, would you think that Daxburgh is a college town? Answer either with Yes or No.",prompt_10,Yes/No,Yes
8291,292,preference,therefore,hate,college towns,6,Daxburgh,Gektopia,"Erica said, ""I hate college towns. Therefore, I prefer Daxburgh to Gektopia."" If you heard Erica, would you think that Daxburgh is a college town? Answer either with Yes or No.",prompt_10,Yes/No,No
8292,293,preference,therefore,love,living near mountains,7,Fepopolis,Gektopia,"Daniel said, ""I love living near mountains. Therefore, I prefer Fepopolis to Gektopia."" If you heard Daniel, would you think that Fepopolis has mountains nearby? Answer either with Yes or No.",prompt_10,Yes/No,Yes
8293,294,preference,therefore,hate,living near mountains,7,Fepopolis,Gektopia,"Megan said, ""I hate living near mountains. Therefore, I prefer Fepopolis to Gektopia."" If you heard Megan, would you think that Fepopolis has mountains nearby? Answer either with Yes or No.",prompt_10,Yes/No,No
8294,295,preference,therefore,love,warm weather,8,Daxburgh,Fepopolis,"Adam said, ""I love warm weather. Therefore, I prefer Daxburgh to Fepopolis."" If you heard Adam, would you think that Daxburgh has warm weather? Answer either with Yes or No.",prompt_10,Yes/No,Yes
8295,296,preference,therefore,hate,warm weather,8,Daxburgh,Fepopolis,"Lucy said, ""I hate warm weather. Therefore, I prefer Daxburgh to Fepopolis."" If you heard Lucy, would you think that Daxburgh has warm weather? Answer either with Yes or No.",prompt_10,Yes/No,No
8296,297,preference,therefore,love,coastal cities,9,Wugsville,Gektopia,"Jessica said, ""I love coastal cities. Therefore, I prefer Wugsville to Gektopia."" If you heard Jessica, would you think that Wugsville is a coastal city? Answer either with Yes or No.",prompt_10,Yes/No,Yes
8297,298,preference,therefore,hate,coastal cities,9,Wugsville,Gektopia,"David said, ""I hate coastal cities. Therefore, I prefer Wugsville to Gektopia."" If you heard David, would you think that Wugsville is a coastal city? Answer either with Yes or No.",prompt_10,Yes/No,No
8298,299,preference,therefore,love,islands,10,Fepopolis,Blicketland,"Emily said, ""I love islands. Therefore, I prefer Fepopolis to Blicketland."" If you heard Emily, would you think that Fepopolis is an island? Answer either with Yes or No.",prompt_10,Yes/No,Yes
8299,300,preference,therefore,hate,islands,10,Fepopolis,Blicketland,"John said, ""I hate islands. Therefore, I prefer Fepopolis to Blicketland."" If you heard John, would you think that Fepopolis is an island? Answer either with Yes or No.",prompt_10,Yes/No,No
8300,301,preference,though,love,leafy vegetables,1,wugs,feps,"Cameron said, ""I prefer wugs to feps, though I love leafy vegetables."" If you heard Cameron, would you think that wugs are leafy vegetables? Answer either with Yes or No.",prompt_10,Yes/No,No
8301,302,preference,though,hate,leafy vegetables,1,wugs,feps,"Erica said, ""Though I hate leafy vegetables, I prefer wugs to feps."" If you heard Erica, would you think that wugs are leafy vegetables? Answer either with Yes or No.",prompt_10,Yes/No,Yes
8302,303,preference,though,love,mammals,2,feps,blickets,"Daniel said, ""Though I love mammals, I prefer feps to blickets."" If you heard Daniel, would you think that feps are mammals? Answer either with Yes or No.",prompt_10,Yes/No,No
8303,304,preference,though,hate,mammals,2,feps,blickets,"Megan said, ""Though I hate mammals, I prefer feps to blickets."" If you heard Megan, would you think that feps are mammals? Answer either with Yes or No.",prompt_10,Yes/No,Yes
8304,305,preference,though,love,fruits,3,wugs,blickets,"Adam said, ""I love fruits, though I prefer wugs to blickets."" If you heard Adam, would you think that wugs are fruits? Answer either with Yes or No.",prompt_10,Yes/No,No
8305,306,preference,though,hate,fruits,3,wugs,blickets,"Lucy said, ""I prefer wugs to blickets, though I hate fruits."" If you heard Lucy, would you think that wugs are fruits? Answer either with Yes or No.",prompt_10,Yes/No,Yes
8306,307,preference,though,love,string instruments,4,daxes,blickets,"Jessica said, ""Though I love string instruments, I prefer daxes to blickets."" If you heard Jessica, would you think that daxes are string instruments? Answer either with Yes or No.",prompt_10,Yes/No,No
8307,308,preference,though,hate,string instruments,4,daxes,blickets,"David said, ""I hate string instruments, though I prefer daxes to blickets."" If you heard David, would you think that daxes are string instruments? Answer either with Yes or No.",prompt_10,Yes/No,Yes
8308,309,preference,though,love,insects,5,wugs,geks,"Emily said, ""Though I prefer wugs to geks, I love insects."" If you heard Emily, would you think that wugs are insects? Answer either with Yes or No.",prompt_10,Yes/No,No
8309,310,preference,though,hate,insects,5,wugs,geks,"John said, ""Though I prefer wugs to geks, I hate insects."" If you heard John, would you think that wugs are insects? Answer either with Yes or No.",prompt_10,Yes/No,Yes
8310,311,preference,though,love,college towns,6,Blicketland,Gektopia,"Cameron said, ""Though I love college towns, I prefer Blicketland to Gektopia."" If you heard Cameron, would you think that Blicketland is a college town? Answer either with Yes or No.",prompt_10,Yes/No,No
8311,312,preference,though,hate,college towns,6,Blicketland,Gektopia,"Erica said, ""I prefer Blicketland to Gektopia, though I hate college towns."" If you heard Erica, would you think that Blicketland is a college town? Answer either with Yes or No.",prompt_10,Yes/No,Yes
8312,313,preference,though,love,living near mountains,7,Daxburgh,Gektopia,"Daniel said, ""Though I love living near mountains, I prefer Daxburgh to Gektopia."" If you heard Daniel, would you think that Daxburgh has mountains nearby? Answer either with Yes or No.",prompt_10,Yes/No,No
8313,314,preference,though,hate,living near mountains,7,Daxburgh,Gektopia,"Megan said, ""Though I prefer Daxburgh to Gektopia, I hate living near mountains."" If you heard Megan, would you think that Daxburgh has mountains nearby? Answer either with Yes or No.",prompt_10,Yes/No,Yes
8314,315,preference,though,love,warm weather,8,Wugsville,Fepopolis,"Adam said, ""I prefer Wugsville to Fepopolis, though I love warm weather."" If you heard Adam, would you think that Wugsville has warm weather? Answer either with Yes or No.",prompt_10,Yes/No,No
8315,316,preference,though,hate,warm weather,8,Wugsville,Fepopolis,"Lucy said, ""I prefer Wugsville to Fepopolis, though I hate warm weather."" If you heard Lucy, would you think that Wugsville has warm weather? Answer either with Yes or No.",prompt_10,Yes/No,Yes
8316,317,preference,though,love,coastal cities,9,Wugsville,Gektopia,"Jessica said, ""Though I prefer Wugsville to Gektopia, I love coastal cities."" If you heard Jessica, would you think that Wugsville is a coastal city? Answer either with Yes or No.",prompt_10,Yes/No,No
8317,318,preference,though,hate,coastal cities,9,Wugsville,Gektopia,"David said, ""I hate coastal cities, though I prefer Wugsville to Gektopia."" If you heard David, would you think that Wugsville is a coastal city? Answer either with Yes or No.",prompt_10,Yes/No,Yes
8318,319,preference,though,love,islands,10,Daxburgh,Blicketland,"Emily said, ""I love islands, though I prefer Daxburgh to Blicketland."" If you heard Emily, would you think that Daxburgh is an island? Answer either with Yes or No.",prompt_10,Yes/No,No
8319,320,preference,though,hate,islands,10,Daxburgh,Blicketland,"John said, ""Though I hate islands, I prefer Daxburgh to Blicketland."" If you heard John, would you think that Daxburgh is an island? Answer either with Yes or No.",prompt_10,Yes/No,Yes
8320,321,preference,thus,love,leafy vegetables,1,feps,blickets,"Cameron said, ""I love leafy vegetables. Thus, I prefer feps to blickets."" If you heard Cameron, would you think that feps are leafy vegetables? Answer either with Yes or No.",prompt_10,Yes/No,Yes
8321,322,preference,thus,hate,leafy vegetables,1,feps,blickets,"Erica said, ""I hate leafy vegetables. Thus, I prefer feps to blickets."" If you heard Erica, would you think that feps are leafy vegetables? Answer either with Yes or No.",prompt_10,Yes/No,No
8322,323,preference,thus,love,mammals,2,feps,geks,"Daniel said, ""I love mammals. Thus, I prefer feps to geks."" If you heard Daniel, would you think that feps are mammals? Answer either with Yes or No.",prompt_10,Yes/No,Yes
8323,324,preference,thus,hate,mammals,2,feps,geks,"Megan said, ""I hate mammals. Thus, I prefer feps to geks."" If you heard Megan, would you think that feps are mammals? Answer either with Yes or No.",prompt_10,Yes/No,No
8324,325,preference,thus,love,fruits,3,daxes,geks,"Adam said, ""I love fruits. Thus, I prefer daxes to geks."" If you heard Adam, would you think that daxes are fruits? Answer either with Yes or No.",prompt_10,Yes/No,Yes
8325,326,preference,thus,hate,fruits,3,daxes,geks,"Lucy said, ""I hate fruits. Thus, I prefer daxes to geks."" If you heard Lucy, would you think that daxes are fruits? Answer either with Yes or No.",prompt_10,Yes/No,No
8326,327,preference,thus,love,string instruments,4,wugs,daxes,"Jessica said, ""I love string instruments. Thus, I prefer wugs to daxes."" If you heard Jessica, would you think that wugs are string instruments? Answer either with Yes or No.",prompt_10,Yes/No,Yes
8327,328,preference,thus,hate,string instruments,4,wugs,daxes,"David said, ""I hate string instruments. Thus, I prefer wugs to daxes."" If you heard David, would you think that wugs are string instruments? Answer either with Yes or No.",prompt_10,Yes/No,No
8328,329,preference,thus,love,insects,5,daxes,feps,"Emily said, ""I love insects. Thus, I prefer daxes to feps."" If you heard Emily, would you think that daxes are insects? Answer either with Yes or No.",prompt_10,Yes/No,Yes
8329,330,preference,thus,hate,insects,5,daxes,feps,"John said, ""I hate insects. Thus, I prefer daxes to feps."" If you heard John, would you think that daxes are insects? Answer either with Yes or No.",prompt_10,Yes/No,No
8330,331,preference,thus,love,college towns,6,Wugsville,Blicketland,"Cameron said, ""I love college towns. Thus, I prefer Wugsville to Blicketland."" If you heard Cameron, would you think that Wugsville is a college town? Answer either with Yes or No.",prompt_10,Yes/No,Yes
8331,332,preference,thus,hate,college towns,6,Wugsville,Blicketland,"Erica said, ""I hate college towns. Thus, I prefer Wugsville to Blicketland."" If you heard Erica, would you think that Wugsville is a college town? Answer either with Yes or No.",prompt_10,Yes/No,No
8332,333,preference,thus,love,living near mountains,7,Blicketland,Gektopia,"Daniel said, ""I love living near mountains. Thus, I prefer Blicketland to Gektopia."" If you heard Daniel, would you think that Blicketland has mountains nearby? Answer either with Yes or No.",prompt_10,Yes/No,Yes
8333,334,preference,thus,hate,living near mountains,7,Blicketland,Gektopia,"Megan said, ""I hate living near mountains. Thus, I prefer Blicketland to Gektopia."" If you heard Megan, would you think that Blicketland has mountains nearby? Answer either with Yes or No.",prompt_10,Yes/No,No
8334,335,preference,thus,love,warm weather,8,Daxburgh,Gektopia,"Adam said, ""I love warm weather. Thus, I prefer Daxburgh to Gektopia."" If you heard Adam, would you think that Daxburgh has warm weather? Answer either with Yes or No.",prompt_10,Yes/No,Yes
8335,336,preference,thus,hate,warm weather,8,Daxburgh,Gektopia,"Lucy said, ""I hate warm weather. Thus, I prefer Daxburgh to Gektopia."" If you heard Lucy, would you think that Daxburgh has warm weather? Answer either with Yes or No.",prompt_10,Yes/No,No
8336,337,preference,thus,love,coastal cities,9,Fepopolis,Gektopia,"Jessica said, ""I love coastal cities. Thus, I prefer Fepopolis to Gektopia."" If you heard Jessica, would you think that Fepopolis is a coastal city? Answer either with Yes or No.",prompt_10,Yes/No,Yes
8337,338,preference,thus,hate,coastal cities,9,Fepopolis,Gektopia,"David said, ""I hate coastal cities. Thus, I prefer Fepopolis to Gektopia."" If you heard David, would you think that Fepopolis is a coastal city? Answer either with Yes or No.",prompt_10,Yes/No,No
8338,339,preference,thus,love,islands,10,Daxburgh,Blicketland,"Emily said, ""I love islands. Thus, I prefer Daxburgh to Blicketland."" If you heard Emily, would you think that Daxburgh is an island? Answer either with Yes or No.",prompt_10,Yes/No,Yes
8339,340,preference,thus,hate,islands,10,Daxburgh,Blicketland,"John said, ""I hate islands. Thus, I prefer Daxburgh to Blicketland."" If you heard John, would you think that Daxburgh is an island? Answer either with Yes or No.",prompt_10,Yes/No,No
8340,341,preference,while,love,leafy vegetables,1,daxes,feps,"Cameron said, ""While I love leafy vegetables, I prefer daxes to feps."" If you heard Cameron, would you think that daxes are leafy vegetables? Answer either with Yes or No.",prompt_10,Yes/No,No
8341,342,preference,while,hate,leafy vegetables,1,daxes,feps,"Erica said, ""While I hate leafy vegetables, I prefer daxes to feps."" If you heard Erica, would you think that daxes are leafy vegetables? Answer either with Yes or No.",prompt_10,Yes/No,Yes
8342,343,preference,while,love,mammals,2,feps,geks,"Daniel said, ""While I prefer feps to geks, I love mammals."" If you heard Daniel, would you think that feps are mammals? Answer either with Yes or No.",prompt_10,Yes/No,No
8343,344,preference,while,hate,mammals,2,feps,geks,"Megan said, ""While I prefer feps to geks, I hate mammals."" If you heard Megan, would you think that feps are mammals? Answer either with Yes or No.",prompt_10,Yes/No,Yes
8344,345,preference,while,love,fruits,3,feps,blickets,"Adam said, ""While I love fruits, I prefer feps to blickets."" If you heard Adam, would you think that feps are fruits? Answer either with Yes or No.",prompt_10,Yes/No,No
8345,346,preference,while,hate,fruits,3,feps,blickets,"Lucy said, ""While I prefer feps to blickets, I hate fruits."" If you heard Lucy, would you think that feps are fruits? Answer either with Yes or No.",prompt_10,Yes/No,Yes
8346,347,preference,while,love,string instruments,4,wugs,feps,"Jessica said, ""While I prefer wugs to feps, I love string instruments."" If you heard Jessica, would you think that wugs are string instruments? Answer either with Yes or No.",prompt_10,Yes/No,No
8347,348,preference,while,hate,string instruments,4,wugs,feps,"David said, ""While I prefer wugs to feps, I hate string instruments."" If you heard David, would you think that wugs are string instruments? Answer either with Yes or No.",prompt_10,Yes/No,Yes
8348,349,preference,while,love,insects,5,wugs,blickets,"Emily said, ""While I love insects, I prefer wugs to blickets."" If you heard Emily, would you think that wugs are insects? Answer either with Yes or No.",prompt_10,Yes/No,No
8349,350,preference,while,hate,insects,5,wugs,blickets,"John said, ""While I hate insects, I prefer wugs to blickets."" If you heard John, would you think that wugs are insects? Answer either with Yes or No.",prompt_10,Yes/No,Yes
8350,351,preference,while,love,college towns,6,Fepopolis,Gektopia,"Cameron said, ""While I prefer Fepopolis to Gektopia, I love college towns."" If you heard Cameron, would you think that Fepopolis is a college town? Answer either with Yes or No.",prompt_10,Yes/No,No
8351,352,preference,while,hate,college towns,6,Fepopolis,Gektopia,"Erica said, ""While I hate college towns, I prefer Fepopolis to Gektopia."" If you heard Erica, would you think that Fepopolis is a college town? Answer either with Yes or No.",prompt_10,Yes/No,Yes
8352,353,preference,while,love,living near mountains,7,Wugsville,Blicketland,"Daniel said, ""While I prefer Wugsville to Blicketland, I love living near mountains."" If you heard Daniel, would you think that Wugsville has mountains nearby? Answer either with Yes or No.",prompt_10,Yes/No,No
8353,354,preference,while,hate,living near mountains,7,Wugsville,Blicketland,"Megan said, ""While I hate living near mountains, I prefer Wugsville to Blicketland."" If you heard Megan, would you think that Wugsville has mountains nearby? Answer either with Yes or No.",prompt_10,Yes/No,Yes
8354,355,preference,while,love,warm weather,8,Blicketland,Gektopia,"Adam said, ""While I prefer Blicketland to Gektopia, I love warm weather."" If you heard Adam, would you think that Blicketland has warm weather? Answer either with Yes or No.",prompt_10,Yes/No,No
8355,356,preference,while,hate,warm weather,8,Blicketland,Gektopia,"Lucy said, ""While I prefer Blicketland to Gektopia, I hate warm weather."" If you heard Lucy, would you think that Blicketland has warm weather? Answer either with Yes or No.",prompt_10,Yes/No,Yes
8356,357,preference,while,love,coastal cities,9,Daxburgh,Fepopolis,"Jessica said, ""While I prefer Daxburgh to Fepopolis, I love coastal cities."" If you heard Jessica, would you think that Daxburgh is a coastal city? Answer either with Yes or No.",prompt_10,Yes/No,No
8357,358,preference,while,hate,coastal cities,9,Daxburgh,Fepopolis,"David said, ""While I prefer Daxburgh to Fepopolis, I hate coastal cities."" If you heard David, would you think that Daxburgh is a coastal city? Answer either with Yes or No.",prompt_10,Yes/No,Yes
8358,359,preference,while,love,islands,10,Daxburgh,Blicketland,"Emily said, ""While I prefer Daxburgh to Blicketland, I love islands."" If you heard Emily, would you think that Daxburgh is an island? Answer either with Yes or No.",prompt_10,Yes/No,No
8359,360,preference,while,hate,islands,10,Daxburgh,Blicketland,"John said, ""While I prefer Daxburgh to Blicketland, I hate islands."" If you heard John, would you think that Daxburgh is an island? Answer either with Yes or No.",prompt_10,Yes/No,Yes
8360,361,preference,yet,love,leafy vegetables,1,feps,geks,"Cameron said, ""I love leafy vegetables, yet I prefer feps to geks."" If you heard Cameron, would you think that feps are leafy vegetables? Answer either with Yes or No.",prompt_10,Yes/No,No
8361,362,preference,yet,hate,leafy vegetables,1,feps,geks,"Erica said, ""I hate leafy vegetables, yet I prefer feps to geks."" If you heard Erica, would you think that feps are leafy vegetables? Answer either with Yes or No.",prompt_10,Yes/No,Yes
8362,363,preference,yet,love,mammals,2,wugs,geks,"Daniel said, ""I love mammals, yet I prefer wugs to geks."" If you heard Daniel, would you think that wugs are mammals? Answer either with Yes or No.",prompt_10,Yes/No,No
8363,364,preference,yet,hate,mammals,2,wugs,geks,"Megan said, ""I hate mammals, yet I prefer wugs to geks."" If you heard Megan, would you think that wugs are mammals? Answer either with Yes or No.",prompt_10,Yes/No,Yes
8364,365,preference,yet,love,fruits,3,blickets,geks,"Adam said, ""I love fruits, yet I prefer blickets to geks."" If you heard Adam, would you think that blickets are fruits? Answer either with Yes or No.",prompt_10,Yes/No,No
8365,366,preference,yet,hate,fruits,3,blickets,geks,"Lucy said, ""I hate fruits, yet I prefer blickets to geks."" If you heard Lucy, would you think that blickets are fruits? Answer either with Yes or No.",prompt_10,Yes/No,Yes
8366,367,preference,yet,love,string instruments,4,wugs,daxes,"Jessica said, ""I love string instruments, yet I prefer wugs to daxes."" If you heard Jessica, would you think that wugs are string instruments? Answer either with Yes or No.",prompt_10,Yes/No,No
8367,368,preference,yet,hate,string instruments,4,wugs,daxes,"David said, ""I hate string instruments, yet I prefer wugs to daxes."" If you heard David, would you think that wugs are string instruments? Answer either with Yes or No.",prompt_10,Yes/No,Yes
8368,369,preference,yet,love,insects,5,wugs,feps,"Emily said, ""I love insects, yet I prefer wugs to feps."" If you heard Emily, would you think that wugs are insects? Answer either with Yes or No.",prompt_10,Yes/No,No
8369,370,preference,yet,hate,insects,5,wugs,feps,"John said, ""I hate insects, yet I prefer wugs to feps."" If you heard John, would you think that wugs are insects? Answer either with Yes or No.",prompt_10,Yes/No,Yes
8370,371,preference,yet,love,college towns,6,Daxburgh,Gektopia,"Cameron said, ""I love college towns, yet I prefer Daxburgh to Gektopia."" If you heard Cameron, would you think that Daxburgh is a college town? Answer either with Yes or No.",prompt_10,Yes/No,No
8371,372,preference,yet,hate,college towns,6,Daxburgh,Gektopia,"Erica said, ""I hate college towns, yet I prefer Daxburgh to Gektopia."" If you heard Erica, would you think that Daxburgh is a college town? Answer either with Yes or No.",prompt_10,Yes/No,Yes
8372,373,preference,yet,love,living near mountains,7,Fepopolis,Gektopia,"Daniel said, ""I love living near mountains, yet I prefer Fepopolis to Gektopia."" If you heard Daniel, would you think that Fepopolis has mountains nearby? Answer either with Yes or No.",prompt_10,Yes/No,No
8373,374,preference,yet,hate,living near mountains,7,Fepopolis,Gektopia,"Megan said, ""I hate living near mountains, yet I prefer Fepopolis to Gektopia."" If you heard Megan, would you think that Fepopolis has mountains nearby? Answer either with Yes or No.",prompt_10,Yes/No,Yes
8374,375,preference,yet,love,warm weather,8,Wugsville,Blicketland,"Adam said, ""I love warm weather, yet I prefer Wugsville to Blicketland."" If you heard Adam, would you think that Wugsville has warm weather? Answer either with Yes or No.",prompt_10,Yes/No,No
8375,376,preference,yet,hate,warm weather,8,Wugsville,Blicketland,"Lucy said, ""I hate warm weather, yet I prefer Wugsville to Blicketland."" If you heard Lucy, would you think that Wugsville has warm weather? Answer either with Yes or No.",prompt_10,Yes/No,Yes
8376,377,preference,yet,love,coastal cities,9,Wugsville,Fepopolis,"Jessica said, ""I love coastal cities, yet I prefer Wugsville to Fepopolis."" If you heard Jessica, would you think that Wugsville is a coastal city? Answer either with Yes or No.",prompt_10,Yes/No,No
8377,378,preference,yet,hate,coastal cities,9,Wugsville,Fepopolis,"David said, ""I hate coastal cities, yet I prefer Wugsville to Fepopolis."" If you heard David, would you think that Wugsville is a coastal city? Answer either with Yes or No.",prompt_10,Yes/No,Yes
8378,379,preference,yet,love,islands,10,Daxburgh,Blicketland,"Emily said, ""I love islands, yet I prefer Daxburgh to Blicketland."" If you heard Emily, would you think that Daxburgh is an island? Answer either with Yes or No.",prompt_10,Yes/No,No
8379,380,preference,yet,hate,islands,10,Daxburgh,Blicketland,"John said, ""I hate islands, yet I prefer Daxburgh to Blicketland."" If you heard John, would you think that Daxburgh is an island? Answer either with Yes or No.",prompt_10,Yes/No,Yes
8380,381,preference,despite that,love,leafy vegetables,1,feps,geks,"Cameron said, ""I love leafy vegetables. Despite that, I prefer feps to geks."" If you heard Cameron, would you think that feps are leafy vegetables? Answer either with Yes or No.",prompt_10,Yes/No,No
8381,382,preference,despite that,hate,leafy vegetables,1,feps,geks,"Erica said, ""I hate leafy vegetables. Despite that, I prefer feps to geks."" If you heard Erica, would you think that feps are leafy vegetables? Answer either with Yes or No.",prompt_10,Yes/No,Yes
8382,383,preference,despite that,love,mammals,2,wugs,feps,"Daniel said, ""I love mammals. Despite that, I prefer wugs to feps."" If you heard Daniel, would you think that wugs are mammals? Answer either with Yes or No.",prompt_10,Yes/No,No
8383,384,preference,despite that,hate,mammals,2,wugs,feps,"Megan said, ""I hate mammals. Despite that, I prefer wugs to feps."" If you heard Megan, would you think that wugs are mammals? Answer either with Yes or No.",prompt_10,Yes/No,Yes
8384,385,preference,despite that,love,fruits,3,daxes,feps,"Adam said, ""I love fruits. Despite that, I prefer daxes to feps."" If you heard Adam, would you think that daxes are fruits? Answer either with Yes or No.",prompt_10,Yes/No,No
8385,386,preference,despite that,hate,fruits,3,daxes,feps,"Lucy said, ""I hate fruits. Despite that, I prefer daxes to feps."" If you heard Lucy, would you think that daxes are fruits? Answer either with Yes or No.",prompt_10,Yes/No,Yes
8386,387,preference,despite that,love,string instruments,4,daxes,geks,"Jessica said, ""I love string instruments. Despite that, I prefer daxes to geks."" If you heard Jessica, would you think that daxes are string instruments? Answer either with Yes or No.",prompt_10,Yes/No,No
8387,388,preference,despite that,hate,string instruments,4,daxes,geks,"David said, ""I hate string instruments. Despite that, I prefer daxes to geks."" If you heard David, would you think that daxes are string instruments? Answer either with Yes or No.",prompt_10,Yes/No,Yes
8388,389,preference,despite that,love,insects,5,wugs,geks,"Emily said, ""I love insects. Despite that, I prefer wugs to geks."" If you heard Emily, would you think that wugs are insects? Answer either with Yes or No.",prompt_10,Yes/No,No
8389,390,preference,despite that,hate,insects,5,wugs,geks,"John said, ""I hate insects. Despite that, I prefer wugs to geks."" If you heard John, would you think that wugs are insects? Answer either with Yes or No.",prompt_10,Yes/No,Yes
8390,391,preference,despite that,love,college towns,6,Daxburgh,Gektopia,"Cameron said, ""I love college towns. Despite that, I prefer Daxburgh to Gektopia."" If you heard Cameron, would you think that Daxburgh is a college town? Answer either with Yes or No.",prompt_10,Yes/No,No
8391,392,preference,despite that,hate,college towns,6,Daxburgh,Gektopia,"Erica said, ""I hate college towns. Despite that, I prefer Daxburgh to Gektopia."" If you heard Erica, would you think that Daxburgh is a college town? Answer either with Yes or No.",prompt_10,Yes/No,Yes
8392,393,preference,despite that,love,living near mountains,7,Fepopolis,Gektopia,"Daniel said, ""I love living near mountains. Despite that, I prefer Fepopolis to Gektopia."" If you heard Daniel, would you think that Fepopolis has mountains nearby? Answer either with Yes or No.",prompt_10,Yes/No,No
8393,394,preference,despite that,hate,living near mountains,7,Fepopolis,Gektopia,"Megan said, ""I hate living near mountains. Despite that, I prefer Fepopolis to Gektopia."" If you heard Megan, would you think that Fepopolis has mountains nearby? Answer either with Yes or No.",prompt_10,Yes/No,Yes
8394,395,preference,despite that,love,warm weather,8,Wugsville,Daxburgh,"Adam said, ""I love warm weather. Despite that, I prefer Wugsville to Daxburgh."" If you heard Adam, would you think that Wugsville has warm weather? Answer either with Yes or No.",prompt_10,Yes/No,No
8395,396,preference,despite that,hate,warm weather,8,Wugsville,Daxburgh,"Lucy said, ""I hate warm weather. Despite that, I prefer Wugsville to Daxburgh."" If you heard Lucy, would you think that Wugsville has warm weather? Answer either with Yes or No.",prompt_10,Yes/No,Yes
8396,397,preference,despite that,love,coastal cities,9,Wugsville,Fepopolis,"Jessica said, ""I love coastal cities. Despite that, I prefer Wugsville to Fepopolis."" If you heard Jessica, would you think that Wugsville is a coastal city? Answer either with Yes or No.",prompt_10,Yes/No,No
8397,398,preference,despite that,hate,coastal cities,9,Wugsville,Fepopolis,"David said, ""I hate coastal cities. Despite that, I prefer Wugsville to Fepopolis."" If you heard David, would you think that Wugsville is a coastal city? Answer either with Yes or No.",prompt_10,Yes/No,Yes
8398,399,preference,despite that,love,islands,10,Fepopolis,Blicketland,"Emily said, ""I love islands. Despite that, I prefer Fepopolis to Blicketland."" If you heard Emily, would you think that Fepopolis is an island? Answer either with Yes or No.",prompt_10,Yes/No,No
8399,400,preference,despite that,hate,islands,10,Fepopolis,Blicketland,"John said, ""I hate islands. Despite that, I prefer Fepopolis to Blicketland."" If you heard John, would you think that Fepopolis is an island? Answer either with Yes or No.",prompt_10,Yes/No,Yes
8400,1,preference,although,love,leafy vegetables,1,feps,blickets,"Cameron said, ""Although I prefer feps to blickets, I love leafy vegetables."" If you heard Cameron, would you think that blickets are leafy vegetables? Answer either with Yes or No.",prompt_10,Yes/No,Yes
8401,2,preference,although,hate,leafy vegetables,1,feps,blickets,"Erica said, ""I prefer feps to blickets, although I hate leafy vegetables."" If you heard Erica, would you think that blickets are leafy vegetables? Answer either with Yes or No.",prompt_10,Yes/No,No
8402,3,preference,although,love,mammals,2,wugs,geks,"Daniel said, ""Although I prefer wugs to geks, I love mammals."" If you heard Daniel, would you think that geks are mammals? Answer either with Yes or No.",prompt_10,Yes/No,Yes
8403,4,preference,although,hate,mammals,2,wugs,geks,"Megan said, ""Although I prefer wugs to geks, I hate mammals."" If you heard Megan, would you think that geks are mammals? Answer either with Yes or No.",prompt_10,Yes/No,No
8404,5,preference,although,love,fruits,3,wugs,blickets,"Adam said, ""Although I prefer wugs to blickets, I love fruits."" If you heard Adam, would you think that blickets are fruits? Answer either with Yes or No.",prompt_10,Yes/No,Yes
8405,6,preference,although,hate,fruits,3,wugs,blickets,"Lucy said, ""Although I prefer wugs to blickets, I hate fruits."" If you heard Lucy, would you think that blickets are fruits? Answer either with Yes or No.",prompt_10,Yes/No,No
8406,7,preference,although,love,string instruments,4,feps,geks,"Jessica said, ""Although I love string instruments, I prefer feps to geks."" If you heard Jessica, would you think that geks are string instruments? Answer either with Yes or No.",prompt_10,Yes/No,Yes
8407,8,preference,although,hate,string instruments,4,feps,geks,"David said, ""I prefer feps to geks, although I hate string instruments."" If you heard David, would you think that geks are string instruments? Answer either with Yes or No.",prompt_10,Yes/No,No
8408,9,preference,although,love,insects,5,daxes,blickets,"Emily said, ""Although I love insects, I prefer daxes to blickets."" If you heard Emily, would you think that blickets are insects? Answer either with Yes or No.",prompt_10,Yes/No,Yes
8409,10,preference,although,hate,insects,5,daxes,blickets,"John said, ""Although I prefer daxes to blickets, I hate insects."" If you heard John, would you think that blickets are insects? Answer either with Yes or No.",prompt_10,Yes/No,No
8410,11,preference,although,love,college towns,6,Fepopolis,Gektopia,"Cameron said, ""Although I love college towns, I prefer Fepopolis to Gektopia."" If you heard Cameron, would you think that Gektopia is a college town? Answer either with Yes or No.",prompt_10,Yes/No,Yes
8411,12,preference,although,hate,college towns,6,Fepopolis,Gektopia,"Erica said, ""I prefer Fepopolis to Gektopia, although I hate college towns."" If you heard Erica, would you think that Gektopia is a college town? Answer either with Yes or No.",prompt_10,Yes/No,No
8412,13,preference,although,love,living near mountains,7,Fepopolis,Blicketland,"Daniel said, ""I prefer Fepopolis to Blicketland, although I love living near mountains."" If you heard Daniel, would you think that Blicketland has mountains nearby? Answer either with Yes or No.",prompt_10,Yes/No,Yes
8413,14,preference,although,hate,living near mountains,7,Fepopolis,Blicketland,"Megan said, ""Although I prefer Fepopolis to Blicketland, I hate living near mountains."" If you heard Megan, would you think that Blicketland has mountains nearby? Answer either with Yes or No.",prompt_10,Yes/No,No
8414,15,preference,although,love,warm weather,8,Wugsville,Daxburgh,"Adam said, ""Although I love warm weather, I prefer Wugsville to Daxburgh."" If you heard Adam, would you think that Daxburgh has warm weather? Answer either with Yes or No.",prompt_10,Yes/No,Yes
8415,16,preference,although,hate,warm weather,8,Wugsville,Daxburgh,"Lucy said, ""Although I hate warm weather, I prefer Wugsville to Daxburgh."" If you heard Lucy, would you think that Daxburgh has warm weather? Answer either with Yes or No.",prompt_10,Yes/No,No
8416,17,preference,although,love,coastal cities,9,Daxburgh,Gektopia,"Jessica said, ""Although I love coastal cities, I prefer Daxburgh to Gektopia."" If you heard Jessica, would you think that Gektopia is a coastal city? Answer either with Yes or No.",prompt_10,Yes/No,Yes
8417,18,preference,although,hate,coastal cities,9,Daxburgh,Gektopia,"David said, ""I prefer Daxburgh to Gektopia, although I hate coastal cities."" If you heard David, would you think that Gektopia is a coastal city? Answer either with Yes or No.",prompt_10,Yes/No,No
8418,19,preference,although,love,islands,10,Blicketland,Gektopia,"Emily said, ""I prefer Blicketland to Gektopia, although I love islands."" If you heard Emily, would you think that Gektopia is an island? Answer either with Yes or No.",prompt_10,Yes/No,Yes
8419,20,preference,although,hate,islands,10,Blicketland,Gektopia,"John said, ""Although I hate islands, I prefer Blicketland to Gektopia."" If you heard John, would you think that Gektopia is an island? Answer either with Yes or No.",prompt_10,Yes/No,No
8420,21,preference,as,love,leafy vegetables,1,wugs,geks,"Cameron said, ""I prefer wugs to geks, as I love leafy vegetables."" If you heard Cameron, would you think that geks are leafy vegetables? Answer either with Yes or No.",prompt_10,Yes/No,No
8421,22,preference,as,hate,leafy vegetables,1,wugs,geks,"Erica said, ""I prefer wugs to geks, as I hate leafy vegetables."" If you heard Erica, would you think that geks are leafy vegetables? Answer either with Yes or No.",prompt_10,Yes/No,Yes
8422,23,preference,as,love,mammals,2,feps,geks,"Daniel said, ""I prefer feps to geks, as I love mammals."" If you heard Daniel, would you think that geks are mammals? Answer either with Yes or No.",prompt_10,Yes/No,No
8423,24,preference,as,hate,mammals,2,feps,geks,"Megan said, ""I prefer feps to geks, as I hate mammals."" If you heard Megan, would you think that geks are mammals? Answer either with Yes or No.",prompt_10,Yes/No,Yes
8424,25,preference,as,love,fruits,3,feps,blickets,"Adam said, ""I prefer feps to blickets, as I love fruits."" If you heard Adam, would you think that blickets are fruits? Answer either with Yes or No.",prompt_10,Yes/No,No
8425,26,preference,as,hate,fruits,3,feps,blickets,"Lucy said, ""I prefer feps to blickets, as I hate fruits."" If you heard Lucy, would you think that blickets are fruits? Answer either with Yes or No.",prompt_10,Yes/No,Yes
8426,27,preference,as,love,string instruments,4,daxes,feps,"Jessica said, ""I prefer daxes to feps, as I love string instruments."" If you heard Jessica, would you think that feps are string instruments? Answer either with Yes or No.",prompt_10,Yes/No,No
8427,28,preference,as,hate,string instruments,4,daxes,feps,"David said, ""I prefer daxes to feps, as I hate string instruments."" If you heard David, would you think that feps are string instruments? Answer either with Yes or No.",prompt_10,Yes/No,Yes
8428,29,preference,as,love,insects,5,daxes,blickets,"Emily said, ""I prefer daxes to blickets, as I love insects."" If you heard Emily, would you think that blickets are insects? Answer either with Yes or No.",prompt_10,Yes/No,No
8429,30,preference,as,hate,insects,5,daxes,blickets,"John said, ""I prefer daxes to blickets, as I hate insects."" If you heard John, would you think that blickets are insects? Answer either with Yes or No.",prompt_10,Yes/No,Yes
8430,31,preference,as,love,college towns,6,Daxburgh,Fepopolis,"Cameron said, ""I prefer Daxburgh to Fepopolis, as I love college towns."" If you heard Cameron, would you think that Fepopolis is a college town? Answer either with Yes or No.",prompt_10,Yes/No,No
8431,32,preference,as,hate,college towns,6,Daxburgh,Fepopolis,"Erica said, ""I prefer Daxburgh to Fepopolis, as I hate college towns."" If you heard Erica, would you think that Fepopolis is a college town? Answer either with Yes or No.",prompt_10,Yes/No,Yes
8432,33,preference,as,love,living near mountains,7,Wugsville,Daxburgh,"Daniel said, ""I prefer Wugsville to Daxburgh, as I love living near mountains."" If you heard Daniel, would you think that Daxburgh has mountains nearby? Answer either with Yes or No.",prompt_10,Yes/No,No
8433,34,preference,as,hate,living near mountains,7,Wugsville,Daxburgh,"Megan said, ""I prefer Wugsville to Daxburgh, as I hate living near mountains."" If you heard Megan, would you think that Daxburgh has mountains nearby? Answer either with Yes or No.",prompt_10,Yes/No,Yes
8434,35,preference,as,love,warm weather,8,Daxburgh,Gektopia,"Adam said, ""I prefer Daxburgh to Gektopia, as I love warm weather."" If you heard Adam, would you think that Gektopia has warm weather? Answer either with Yes or No.",prompt_10,Yes/No,No
8435,36,preference,as,hate,warm weather,8,Daxburgh,Gektopia,"Lucy said, ""I prefer Daxburgh to Gektopia, as I hate warm weather."" If you heard Lucy, would you think that Gektopia has warm weather? Answer either with Yes or No.",prompt_10,Yes/No,Yes
8436,37,preference,as,love,coastal cities,9,Wugsville,Fepopolis,"Jessica said, ""I prefer Wugsville to Fepopolis, as I love coastal cities."" If you heard Jessica, would you think that Fepopolis is a coastal city? Answer either with Yes or No.",prompt_10,Yes/No,No
8437,38,preference,as,hate,coastal cities,9,Wugsville,Fepopolis,"David said, ""I prefer Wugsville to Fepopolis, as I hate coastal cities."" If you heard David, would you think that Fepopolis is a coastal city? Answer either with Yes or No.",prompt_10,Yes/No,Yes
8438,39,preference,as,love,islands,10,Fepopolis,Gektopia,"Emily said, ""I prefer Fepopolis to Gektopia, as I love islands."" If you heard Emily, would you think that Gektopia is an island? Answer either with Yes or No.",prompt_10,Yes/No,No
8439,40,preference,as,hate,islands,10,Fepopolis,Gektopia,"John said, ""I prefer Fepopolis to Gektopia, as I hate islands."" If you heard John, would you think that Gektopia is an island? Answer either with Yes or No.",prompt_10,Yes/No,Yes
8440,41,preference,as a result,love,leafy vegetables,1,wugs,daxes,"Cameron said, ""I love leafy vegetables. As a result, I prefer wugs to daxes."" If you heard Cameron, would you think that daxes are leafy vegetables? Answer either with Yes or No.",prompt_10,Yes/No,No
8441,42,preference,as a result,hate,leafy vegetables,1,wugs,daxes,"Erica said, ""I hate leafy vegetables. As a result, I prefer wugs to daxes."" If you heard Erica, would you think that daxes are leafy vegetables? Answer either with Yes or No.",prompt_10,Yes/No,Yes
8442,43,preference,as a result,love,mammals,2,wugs,geks,"Daniel said, ""I love mammals. As a result, I prefer wugs to geks."" If you heard Daniel, would you think that geks are mammals? Answer either with Yes or No.",prompt_10,Yes/No,No
8443,44,preference,as a result,hate,mammals,2,wugs,geks,"Megan said, ""I hate mammals. As a result, I prefer wugs to geks."" If you heard Megan, would you think that geks are mammals? Answer either with Yes or No.",prompt_10,Yes/No,Yes
8444,45,preference,as a result,love,fruits,3,wugs,blickets,"Adam said, ""I love fruits. As a result, I prefer wugs to blickets."" If you heard Adam, would you think that blickets are fruits? Answer either with Yes or No.",prompt_10,Yes/No,No
8445,46,preference,as a result,hate,fruits,3,wugs,blickets,"Lucy said, ""I hate fruits. As a result, I prefer wugs to blickets."" If you heard Lucy, would you think that blickets are fruits? Answer either with Yes or No.",prompt_10,Yes/No,Yes
8446,47,preference,as a result,love,string instruments,4,wugs,feps,"Jessica said, ""I love string instruments. As a result, I prefer wugs to feps."" If you heard Jessica, would you think that feps are string instruments? Answer either with Yes or No.",prompt_10,Yes/No,No
8447,48,preference,as a result,hate,string instruments,4,wugs,feps,"David said, ""I hate string instruments. As a result, I prefer wugs to feps."" If you heard David, would you think that feps are string instruments? Answer either with Yes or No.",prompt_10,Yes/No,Yes
8448,49,preference,as a result,love,insects,5,blickets,geks,"Emily said, ""I love insects. As a result, I prefer blickets to geks."" If you heard Emily, would you think that geks are insects? Answer either with Yes or No.",prompt_10,Yes/No,No
8449,50,preference,as a result,hate,insects,5,blickets,geks,"John said, ""I hate insects. As a result, I prefer blickets to geks."" If you heard John, would you think that geks are insects? Answer either with Yes or No.",prompt_10,Yes/No,Yes
8450,51,preference,as a result,love,college towns,6,Wugsville,Blicketland,"Cameron said, ""I love college towns. As a result, I prefer Wugsville to Blicketland."" If you heard Cameron, would you think that Blicketland is a college town? Answer either with Yes or No.",prompt_10,Yes/No,No
8451,52,preference,as a result,hate,college towns,6,Wugsville,Blicketland,"Erica said, ""I hate college towns. As a result, I prefer Wugsville to Blicketland."" If you heard Erica, would you think that Blicketland is a college town? Answer either with Yes or No.",prompt_10,Yes/No,Yes
8452,53,preference,as a result,love,living near mountains,7,Daxburgh,Gektopia,"Daniel said, ""I love living near mountains. As a result, I prefer Daxburgh to Gektopia."" If you heard Daniel, would you think that Gektopia has mountains nearby? Answer either with Yes or No.",prompt_10,Yes/No,No
8453,54,preference,as a result,hate,living near mountains,7,Daxburgh,Gektopia,"Megan said, ""I hate living near mountains. As a result, I prefer Daxburgh to Gektopia."" If you heard Megan, would you think that Gektopia has mountains nearby? Answer either with Yes or No.",prompt_10,Yes/No,Yes
8454,55,preference,as a result,love,warm weather,8,Blicketland,Gektopia,"Adam said, ""I love warm weather. As a result, I prefer Blicketland to Gektopia."" If you heard Adam, would you think that Gektopia has warm weather? Answer either with Yes or No.",prompt_10,Yes/No,No
8455,56,preference,as a result,hate,warm weather,8,Blicketland,Gektopia,"Lucy said, ""I hate warm weather. As a result, I prefer Blicketland to Gektopia."" If you heard Lucy, would you think that Gektopia has warm weather? Answer either with Yes or No.",prompt_10,Yes/No,Yes
8456,57,preference,as a result,love,coastal cities,9,Wugsville,Gektopia,"Jessica said, ""I love coastal cities. As a result, I prefer Wugsville to Gektopia."" If you heard Jessica, would you think that Gektopia is a coastal city? Answer either with Yes or No.",prompt_10,Yes/No,No
8457,58,preference,as a result,hate,coastal cities,9,Wugsville,Gektopia,"David said, ""I hate coastal cities. As a result, I prefer Wugsville to Gektopia."" If you heard David, would you think that Gektopia is a coastal city? Answer either with Yes or No.",prompt_10,Yes/No,Yes
8458,59,preference,as a result,love,islands,10,Wugsville,Daxburgh,"Emily said, ""I love islands. As a result, I prefer Wugsville to Daxburgh."" If you heard Emily, would you think that Daxburgh is an island? Answer either with Yes or No.",prompt_10,Yes/No,No
8459,60,preference,as a result,hate,islands,10,Wugsville,Daxburgh,"John said, ""I hate islands. As a result, I prefer Wugsville to Daxburgh."" If you heard John, would you think that Daxburgh is an island? Answer either with Yes or No.",prompt_10,Yes/No,Yes
8460,61,preference,as much as,love,leafy vegetables,1,wugs,daxes,"Cameron said, ""As much as I love leafy vegetables, I prefer wugs to daxes."" If you heard Cameron, would you think that daxes are leafy vegetables? Answer either with Yes or No.",prompt_10,Yes/No,Yes
8461,62,preference,as much as,hate,leafy vegetables,1,wugs,daxes,"Erica said, ""As much as I hate leafy vegetables, I prefer wugs to daxes."" If you heard Erica, would you think that daxes are leafy vegetables? Answer either with Yes or No.",prompt_10,Yes/No,No
8462,63,preference,as much as,love,mammals,2,feps,blickets,"Daniel said, ""As much as I love mammals, I prefer feps to blickets."" If you heard Daniel, would you think that blickets are mammals? Answer either with Yes or No.",prompt_10,Yes/No,Yes
8463,64,preference,as much as,hate,mammals,2,feps,blickets,"Megan said, ""As much as I hate mammals, I prefer feps to blickets."" If you heard Megan, would you think that blickets are mammals? Answer either with Yes or No.",prompt_10,Yes/No,No
8464,65,preference,as much as,love,fruits,3,blickets,geks,"Adam said, ""As much as I love fruits, I prefer blickets to geks."" If you heard Adam, would you think that geks are fruits? Answer either with Yes or No.",prompt_10,Yes/No,Yes
8465,66,preference,as much as,hate,fruits,3,blickets,geks,"Lucy said, ""As much as I hate fruits, I prefer blickets to geks."" If you heard Lucy, would you think that geks are fruits? Answer either with Yes or No.",prompt_10,Yes/No,No
8466,67,preference,as much as,love,string instruments,4,daxes,blickets,"Jessica said, ""As much as I love string instruments, I prefer daxes to blickets."" If you heard Jessica, would you think that blickets are string instruments? Answer either with Yes or No.",prompt_10,Yes/No,Yes
8467,68,preference,as much as,hate,string instruments,4,daxes,blickets,"David said, ""As much as I hate string instruments, I prefer daxes to blickets."" If you heard David, would you think that blickets are string instruments? Answer either with Yes or No.",prompt_10,Yes/No,No
8468,69,preference,as much as,love,insects,5,daxes,feps,"Emily said, ""As much as I love insects, I prefer daxes to feps."" If you heard Emily, would you think that feps are insects? Answer either with Yes or No.",prompt_10,Yes/No,Yes
8469,70,preference,as much as,hate,insects,5,daxes,feps,"John said, ""As much as I hate insects, I prefer daxes to feps."" If you heard John, would you think that feps are insects? Answer either with Yes or No.",prompt_10,Yes/No,No
8470,71,preference,as much as,love,college towns,6,Daxburgh,Fepopolis,"Cameron said, ""As much as I love college towns, I prefer Daxburgh to Fepopolis."" If you heard Cameron, would you think that Fepopolis is a college town? Answer either with Yes or No.",prompt_10,Yes/No,Yes
8471,72,preference,as much as,hate,college towns,6,Daxburgh,Fepopolis,"Erica said, ""As much as I hate college towns, I prefer Daxburgh to Fepopolis."" If you heard Erica, would you think that Fepopolis is a college town? Answer either with Yes or No.",prompt_10,Yes/No,No
8472,73,preference,as much as,love,living near mountains,7,Daxburgh,Blicketland,"Daniel said, ""As much as I love living near mountains, I prefer Daxburgh to Blicketland."" If you heard Daniel, would you think that Blicketland has mountains nearby? Answer either with Yes or No.",prompt_10,Yes/No,Yes
8473,74,preference,as much as,hate,living near mountains,7,Daxburgh,Blicketland,"Megan said, ""As much as I hate living near mountains, I prefer Daxburgh to Blicketland."" If you heard Megan, would you think that Blicketland has mountains nearby? Answer either with Yes or No.",prompt_10,Yes/No,No
8474,75,preference,as much as,love,warm weather,8,Wugsville,Fepopolis,"Adam said, ""As much as I love warm weather, I prefer Wugsville to Fepopolis."" If you heard Adam, would you think that Fepopolis has warm weather? Answer either with Yes or No.",prompt_10,Yes/No,Yes
8475,76,preference,as much as,hate,warm weather,8,Wugsville,Fepopolis,"Lucy said, ""As much as I hate warm weather, I prefer Wugsville to Fepopolis."" If you heard Lucy, would you think that Fepopolis has warm weather? Answer either with Yes or No.",prompt_10,Yes/No,No
8476,77,preference,as much as,love,coastal cities,9,Wugsville,Daxburgh,"Jessica said, ""As much as I love coastal cities, I prefer Wugsville to Daxburgh."" If you heard Jessica, would you think that Daxburgh is a coastal city? Answer either with Yes or No.",prompt_10,Yes/No,Yes
8477,78,preference,as much as,hate,coastal cities,9,Wugsville,Daxburgh,"David said, ""As much as I hate coastal cities, I prefer Wugsville to Daxburgh."" If you heard David, would you think that Daxburgh is a coastal city? Answer either with Yes or No.",prompt_10,Yes/No,No
8478,79,preference,as much as,love,islands,10,Fepopolis,Gektopia,"Emily said, ""As much as I love islands, I prefer Fepopolis to Gektopia."" If you heard Emily, would you think that Gektopia is an island? Answer either with Yes or No.",prompt_10,Yes/No,Yes
8479,80,preference,as much as,hate,islands,10,Fepopolis,Gektopia,"John said, ""As much as I hate islands, I prefer Fepopolis to Gektopia."" If you heard John, would you think that Gektopia is an island? Answer either with Yes or No.",prompt_10,Yes/No,No
8480,81,preference,because,love,leafy vegetables,1,feps,blickets,"Cameron said, ""Because I love leafy vegetables, I prefer feps to blickets."" If you heard Cameron, would you think that blickets are leafy vegetables? Answer either with Yes or No.",prompt_10,Yes/No,No
8481,82,preference,because,hate,leafy vegetables,1,feps,blickets,"Erica said, ""Because I hate leafy vegetables, I prefer feps to blickets."" If you heard Erica, would you think that blickets are leafy vegetables? Answer either with Yes or No.",prompt_10,Yes/No,Yes
8482,83,preference,because,love,mammals,2,daxes,feps,"Daniel said, ""Because I love mammals, I prefer daxes to feps."" If you heard Daniel, would you think that feps are mammals? Answer either with Yes or No.",prompt_10,Yes/No,No
8483,84,preference,because,hate,mammals,2,daxes,feps,"Megan said, ""Because I hate mammals, I prefer daxes to feps."" If you heard Megan, would you think that feps are mammals? Answer either with Yes or No.",prompt_10,Yes/No,Yes
8484,85,preference,because,love,fruits,3,wugs,blickets,"Adam said, ""Because I love fruits, I prefer wugs to blickets."" If you heard Adam, would you think that blickets are fruits? Answer either with Yes or No.",prompt_10,Yes/No,No
8485,86,preference,because,hate,fruits,3,wugs,blickets,"Lucy said, ""I prefer wugs to blickets because I hate fruits."" If you heard Lucy, would you think that blickets are fruits? Answer either with Yes or No.",prompt_10,Yes/No,Yes
8486,87,preference,because,love,string instruments,4,daxes,geks,"Jessica said, ""I prefer daxes to geks because I love string instruments."" If you heard Jessica, would you think that geks are string instruments? Answer either with Yes or No.",prompt_10,Yes/No,No
8487,88,preference,because,hate,string instruments,4,daxes,geks,"David said, ""I prefer daxes to geks because I hate string instruments."" If you heard David, would you think that geks are string instruments? Answer either with Yes or No.",prompt_10,Yes/No,Yes
8488,89,preference,because,love,insects,5,feps,geks,"Emily said, ""I prefer feps to geks because I love insects."" If you heard Emily, would you think that geks are insects? Answer either with Yes or No.",prompt_10,Yes/No,No
8489,90,preference,because,hate,insects,5,feps,geks,"John said, ""Because I hate insects, I prefer feps to geks."" If you heard John, would you think that geks are insects? Answer either with Yes or No.",prompt_10,Yes/No,Yes
8490,91,preference,because,love,college towns,6,Daxburgh,Fepopolis,"Cameron said, ""I prefer Daxburgh to Fepopolis because I love college towns."" If you heard Cameron, would you think that Fepopolis is a college town? Answer either with Yes or No.",prompt_10,Yes/No,No
8491,92,preference,because,hate,college towns,6,Daxburgh,Fepopolis,"Erica said, ""I prefer Daxburgh to Fepopolis because I hate college towns."" If you heard Erica, would you think that Fepopolis is a college town? Answer either with Yes or No.",prompt_10,Yes/No,Yes
8492,93,preference,because,love,living near mountains,7,Fepopolis,Gektopia,"Daniel said, ""I prefer Fepopolis to Gektopia because I love living near mountains."" If you heard Daniel, would you think that Gektopia has mountains nearby? Answer either with Yes or No.",prompt_10,Yes/No,No
8493,94,preference,because,hate,living near mountains,7,Fepopolis,Gektopia,"Megan said, ""I prefer Fepopolis to Gektopia because I hate living near mountains."" If you heard Megan, would you think that Gektopia has mountains nearby? Answer either with Yes or No.",prompt_10,Yes/No,Yes
8494,95,preference,because,love,warm weather,8,Blicketland,Gektopia,"Adam said, ""I prefer Blicketland to Gektopia because I love warm weather."" If you heard Adam, would you think that Gektopia has warm weather? Answer either with Yes or No.",prompt_10,Yes/No,No
8495,96,preference,because,hate,warm weather,8,Blicketland,Gektopia,"Lucy said, ""I prefer Blicketland to Gektopia because I hate warm weather."" If you heard Lucy, would you think that Gektopia has warm weather? Answer either with Yes or No.",prompt_10,Yes/No,Yes
8496,97,preference,because,love,coastal cities,9,Fepopolis,Blicketland,"Jessica said, ""I prefer Fepopolis to Blicketland because I love coastal cities."" If you heard Jessica, would you think that Blicketland is a coastal city? Answer either with Yes or No.",prompt_10,Yes/No,No
8497,98,preference,because,hate,coastal cities,9,Fepopolis,Blicketland,"David said, ""I prefer Fepopolis to Blicketland because I hate coastal cities."" If you heard David, would you think that Blicketland is a coastal city? Answer either with Yes or No.",prompt_10,Yes/No,Yes
8498,99,preference,because,love,islands,10,Wugsville,Blicketland,"Emily said, ""I prefer Wugsville to Blicketland because I love islands."" If you heard Emily, would you think that Blicketland is an island? Answer either with Yes or No.",prompt_10,Yes/No,No
8499,100,preference,because,hate,islands,10,Wugsville,Blicketland,"John said, ""Because I hate islands, I prefer Wugsville to Blicketland."" If you heard John, would you think that Blicketland is an island? Answer either with Yes or No.",prompt_10,Yes/No,Yes
8500,101,preference,but,love,leafy vegetables,1,daxes,feps,"Cameron said, ""I love leafy vegetables. But, I prefer daxes to feps."" If you heard Cameron, would you think that feps are leafy vegetables? Answer either with Yes or No.",prompt_10,Yes/No,Yes
8501,102,preference,but,hate,leafy vegetables,1,daxes,feps,"Erica said, ""I hate leafy vegetables. But, I prefer daxes to feps."" If you heard Erica, would you think that feps are leafy vegetables? Answer either with Yes or No.",prompt_10,Yes/No,No
8502,103,preference,but,love,mammals,2,wugs,daxes,"Daniel said, ""I love mammals. But, I prefer wugs to daxes."" If you heard Daniel, would you think that daxes are mammals? Answer either with Yes or No.",prompt_10,Yes/No,Yes
8503,104,preference,but,hate,mammals,2,wugs,daxes,"Megan said, ""I hate mammals. But, I prefer wugs to daxes."" If you heard Megan, would you think that daxes are mammals? Answer either with Yes or No.",prompt_10,Yes/No,No
8504,105,preference,but,love,fruits,3,daxes,geks,"Adam said, ""I love fruits. But, I prefer daxes to geks."" If you heard Adam, would you think that geks are fruits? Answer either with Yes or No.",prompt_10,Yes/No,Yes
8505,106,preference,but,hate,fruits,3,daxes,geks,"Lucy said, ""I prefer daxes to geks. But, I hate fruits."" If you heard Lucy, would you think that geks are fruits? Answer either with Yes or No.",prompt_10,Yes/No,No
8506,107,preference,but,love,string instruments,4,blickets,geks,"Jessica said, ""I prefer blickets to geks. But, I love string instruments."" If you heard Jessica, would you think that geks are string instruments? Answer either with Yes or No.",prompt_10,Yes/No,Yes
8507,108,preference,but,hate,string instruments,4,blickets,geks,"David said, ""I prefer blickets to geks. But, I hate string instruments."" If you heard David, would you think that geks are string instruments? Answer either with Yes or No.",prompt_10,Yes/No,No
8508,109,preference,but,love,insects,5,feps,blickets,"Emily said, ""I love insects. But, I prefer feps to blickets."" If you heard Emily, would you think that blickets are insects? Answer either with Yes or No.",prompt_10,Yes/No,Yes
8509,110,preference,but,hate,insects,5,feps,blickets,"John said, ""I hate insects. But, I prefer feps to blickets."" If you heard John, would you think that blickets are insects? Answer either with Yes or No.",prompt_10,Yes/No,No
8510,111,preference,but,love,college towns,6,Fepopolis,Gektopia,"Cameron said, ""I prefer Fepopolis to Gektopia. But, I love college towns."" If you heard Cameron, would you think that Gektopia is a college town? Answer either with Yes or No.",prompt_10,Yes/No,Yes
8511,112,preference,but,hate,college towns,6,Fepopolis,Gektopia,"Erica said, ""I prefer Fepopolis to Gektopia. But, I hate college towns."" If you heard Erica, would you think that Gektopia is a college town? Answer either with Yes or No.",prompt_10,Yes/No,No
8512,113,preference,but,love,living near mountains,7,Daxburgh,Gektopia,"Daniel said, ""I prefer Daxburgh to Gektopia. But, I love living near mountains."" If you heard Daniel, would you think that Gektopia has mountains nearby? Answer either with Yes or No.",prompt_10,Yes/No,Yes
8513,114,preference,but,hate,living near mountains,7,Daxburgh,Gektopia,"Megan said, ""I prefer Daxburgh to Gektopia. But, I hate living near mountains."" If you heard Megan, would you think that Gektopia has mountains nearby? Answer either with Yes or No.",prompt_10,Yes/No,No
8514,115,preference,but,love,warm weather,8,Wugsville,Gektopia,"Adam said, ""I love warm weather. But, I prefer Wugsville to Gektopia."" If you heard Adam, would you think that Gektopia has warm weather? Answer either with Yes or No.",prompt_10,Yes/No,Yes
8515,116,preference,but,hate,warm weather,8,Wugsville,Gektopia,"Lucy said, ""I prefer Wugsville to Gektopia. But, I hate warm weather."" If you heard Lucy, would you think that Gektopia has warm weather? Answer either with Yes or No.",prompt_10,Yes/No,No
8516,117,preference,but,love,coastal cities,9,Fepopolis,Blicketland,"Jessica said, ""I love coastal cities. But, I prefer Fepopolis to Blicketland."" If you heard Jessica, would you think that Blicketland is a coastal city? Answer either with Yes or No.",prompt_10,Yes/No,Yes
8517,118,preference,but,hate,coastal cities,9,Fepopolis,Blicketland,"David said, ""I prefer Fepopolis to Blicketland. But, I hate coastal cities."" If you heard David, would you think that Blicketland is a coastal city? Answer either with Yes or No.",prompt_10,Yes/No,No
8518,119,preference,but,love,islands,10,Blicketland,Gektopia,"Emily said, ""I love islands. But, I prefer Blicketland to Gektopia."" If you heard Emily, would you think that Gektopia is an island? Answer either with Yes or No.",prompt_10,Yes/No,Yes
8519,120,preference,but,hate,islands,10,Blicketland,Gektopia,"John said, ""I hate islands. But, I prefer Blicketland to Gektopia."" If you heard John, would you think that Gektopia is an island? Answer either with Yes or No.",prompt_10,Yes/No,No
8520,121,preference,even though,love,leafy vegetables,1,feps,geks,"Cameron said, ""Even though I prefer feps to geks, I love leafy vegetables."" If you heard Cameron, would you think that geks are leafy vegetables? Answer either with Yes or No.",prompt_10,Yes/No,Yes
8521,122,preference,even though,hate,leafy vegetables,1,feps,geks,"Erica said, ""Even though I hate leafy vegetables, I prefer feps to geks."" If you heard Erica, would you think that geks are leafy vegetables? Answer either with Yes or No.",prompt_10,Yes/No,No
8522,123,preference,even though,love,mammals,2,blickets,geks,"Daniel said, ""I prefer blickets to geks, even though I love mammals."" If you heard Daniel, would you think that geks are mammals? Answer either with Yes or No.",prompt_10,Yes/No,Yes
8523,124,preference,even though,hate,mammals,2,blickets,geks,"Megan said, ""Even though I hate mammals, I prefer blickets to geks."" If you heard Megan, would you think that geks are mammals? Answer either with Yes or No.",prompt_10,Yes/No,No
8524,125,preference,even though,love,fruits,3,wugs,blickets,"Adam said, ""I love fruits, even though I prefer wugs to blickets."" If you heard Adam, would you think that blickets are fruits? Answer either with Yes or No.",prompt_10,Yes/No,Yes
8525,126,preference,even though,hate,fruits,3,wugs,blickets,"Lucy said, ""Even though I hate fruits, I prefer wugs to blickets."" If you heard Lucy, would you think that blickets are fruits? Answer either with Yes or No.",prompt_10,Yes/No,No
8526,127,preference,even though,love,string instruments,4,daxes,blickets,"Jessica said, ""I love string instruments, even though I prefer daxes to blickets."" If you heard Jessica, would you think that blickets are string instruments? Answer either with Yes or No.",prompt_10,Yes/No,Yes
8527,128,preference,even though,hate,string instruments,4,daxes,blickets,"David said, ""Even though I hate string instruments, I prefer daxes to blickets."" If you heard David, would you think that blickets are string instruments? Answer either with Yes or No.",prompt_10,Yes/No,No
8528,129,preference,even though,love,insects,5,wugs,daxes,"Emily said, ""Even though I love insects, I prefer wugs to daxes."" If you heard Emily, would you think that daxes are insects? Answer either with Yes or No.",prompt_10,Yes/No,Yes
8529,130,preference,even though,hate,insects,5,wugs,daxes,"John said, ""Even though I prefer wugs to daxes, I hate insects."" If you heard John, would you think that daxes are insects? Answer either with Yes or No.",prompt_10,Yes/No,No
8530,131,preference,even though,love,college towns,6,Daxburgh,Gektopia,"Cameron said, ""Even though I prefer Daxburgh to Gektopia, I love college towns."" If you heard Cameron, would you think that Gektopia is a college town? Answer either with Yes or No.",prompt_10,Yes/No,Yes
8531,132,preference,even though,hate,college towns,6,Daxburgh,Gektopia,"Erica said, ""I hate college towns, even though I prefer Daxburgh to Gektopia."" If you heard Erica, would you think that Gektopia is a college town? Answer either with Yes or No.",prompt_10,Yes/No,No
8532,133,preference,even though,love,living near mountains,7,Fepopolis,Gektopia,"Daniel said, ""Even though I prefer Fepopolis to Gektopia, I love living near mountains."" If you heard Daniel, would you think that Gektopia has mountains nearby? Answer either with Yes or No.",prompt_10,Yes/No,Yes
8533,134,preference,even though,hate,living near mountains,7,Fepopolis,Gektopia,"Megan said, ""I prefer Fepopolis to Gektopia, even though I hate living near mountains."" If you heard Megan, would you think that Gektopia has mountains nearby? Answer either with Yes or No.",prompt_10,Yes/No,No
8534,135,preference,even though,love,warm weather,8,Wugsville,Blicketland,"Adam said, ""I prefer Wugsville to Blicketland, even though I love warm weather."" If you heard Adam, would you think that Blicketland has warm weather? Answer either with Yes or No.",prompt_10,Yes/No,Yes
8535,136,preference,even though,hate,warm weather,8,Wugsville,Blicketland,"Lucy said, ""I hate warm weather, even though I prefer Wugsville to Blicketland."" If you heard Lucy, would you think that Blicketland has warm weather? Answer either with Yes or No.",prompt_10,Yes/No,No
8536,137,preference,even though,love,coastal cities,9,Wugsville,Gektopia,"Jessica said, ""I prefer Wugsville to Gektopia, even though I love coastal cities."" If you heard Jessica, would you think that Gektopia is a coastal city? Answer either with Yes or No.",prompt_10,Yes/No,Yes
8537,138,preference,even though,hate,coastal cities,9,Wugsville,Gektopia,"David said, ""I prefer Wugsville to Gektopia, even though I hate coastal cities."" If you heard David, would you think that Gektopia is a coastal city? Answer either with Yes or No.",prompt_10,Yes/No,No
8538,139,preference,even though,love,islands,10,Wugsville,Fepopolis,"Emily said, ""Even though I love islands, I prefer Wugsville to Fepopolis."" If you heard Emily, would you think that Fepopolis is an island? Answer either with Yes or No.",prompt_10,Yes/No,Yes
8539,140,preference,even though,hate,islands,10,Wugsville,Fepopolis,"John said, ""Even though I prefer Wugsville to Fepopolis, I hate islands."" If you heard John, would you think that Fepopolis is an island? Answer either with Yes or No.",prompt_10,Yes/No,No
8540,141,preference,for,love,leafy vegetables,1,daxes,blickets,"Cameron said, ""I prefer daxes to blickets, for I love leafy vegetables."" If you heard Cameron, would you think that blickets are leafy vegetables? Answer either with Yes or No.",prompt_10,Yes/No,No
8541,142,preference,for,hate,leafy vegetables,1,daxes,blickets,"Erica said, ""I prefer daxes to blickets, for I hate leafy vegetables."" If you heard Erica, would you think that blickets are leafy vegetables? Answer either with Yes or No.",prompt_10,Yes/No,Yes
8542,143,preference,for,love,mammals,2,wugs,geks,"Daniel said, ""I prefer wugs to geks, for I love mammals."" If you heard Daniel, would you think that geks are mammals? Answer either with Yes or No.",prompt_10,Yes/No,No
8543,144,preference,for,hate,mammals,2,wugs,geks,"Megan said, ""I prefer wugs to geks, for I hate mammals."" If you heard Megan, would you think that geks are mammals? Answer either with Yes or No.",prompt_10,Yes/No,Yes
8544,145,preference,for,love,fruits,3,wugs,blickets,"Adam said, ""I prefer wugs to blickets, for I love fruits."" If you heard Adam, would you think that blickets are fruits? Answer either with Yes or No.",prompt_10,Yes/No,No
8545,146,preference,for,hate,fruits,3,wugs,blickets,"Lucy said, ""I prefer wugs to blickets, for I hate fruits."" If you heard Lucy, would you think that blickets are fruits? Answer either with Yes or No.",prompt_10,Yes/No,Yes
8546,147,preference,for,love,string instruments,4,daxes,feps,"Jessica said, ""I prefer daxes to feps, for I love string instruments."" If you heard Jessica, would you think that feps are string instruments? Answer either with Yes or No.",prompt_10,Yes/No,No
8547,148,preference,for,hate,string instruments,4,daxes,feps,"David said, ""I prefer daxes to feps, for I hate string instruments."" If you heard David, would you think that feps are string instruments? Answer either with Yes or No.",prompt_10,Yes/No,Yes
8548,149,preference,for,love,insects,5,blickets,geks,"Emily said, ""I prefer blickets to geks, for I love insects."" If you heard Emily, would you think that geks are insects? Answer either with Yes or No.",prompt_10,Yes/No,No
8549,150,preference,for,hate,insects,5,blickets,geks,"John said, ""I prefer blickets to geks, for I hate insects."" If you heard John, would you think that geks are insects? Answer either with Yes or No.",prompt_10,Yes/No,Yes
8550,151,preference,for,love,college towns,6,Blicketland,Gektopia,"Cameron said, ""I prefer Blicketland to Gektopia, for I love college towns."" If you heard Cameron, would you think that Gektopia is a college town? Answer either with Yes or No.",prompt_10,Yes/No,No
8551,152,preference,for,hate,college towns,6,Blicketland,Gektopia,"Erica said, ""I prefer Blicketland to Gektopia, for I hate college towns."" If you heard Erica, would you think that Gektopia is a college town? Answer either with Yes or No.",prompt_10,Yes/No,Yes
8552,153,preference,for,love,living near mountains,7,Daxburgh,Fepopolis,"Daniel said, ""I prefer Daxburgh to Fepopolis, for I love living near mountains."" If you heard Daniel, would you think that Fepopolis has mountains nearby? Answer either with Yes or No.",prompt_10,Yes/No,No
8553,154,preference,for,hate,living near mountains,7,Daxburgh,Fepopolis,"Megan said, ""I prefer Daxburgh to Fepopolis, for I hate living near mountains."" If you heard Megan, would you think that Fepopolis has mountains nearby? Answer either with Yes or No.",prompt_10,Yes/No,Yes
8554,155,preference,for,love,warm weather,8,Wugsville,Gektopia,"Adam said, ""I prefer Wugsville to Gektopia, for I love warm weather."" If you heard Adam, would you think that Gektopia has warm weather? Answer either with Yes or No.",prompt_10,Yes/No,No
8555,156,preference,for,hate,warm weather,8,Wugsville,Gektopia,"Lucy said, ""I prefer Wugsville to Gektopia, for I hate warm weather."" If you heard Lucy, would you think that Gektopia has warm weather? Answer either with Yes or No.",prompt_10,Yes/No,Yes
8556,157,preference,for,love,coastal cities,9,Wugsville,Fepopolis,"Jessica said, ""I prefer Wugsville to Fepopolis, for I love coastal cities."" If you heard Jessica, would you think that Fepopolis is a coastal city? Answer either with Yes or No.",prompt_10,Yes/No,No
8557,158,preference,for,hate,coastal cities,9,Wugsville,Fepopolis,"David said, ""I prefer Wugsville to Fepopolis, for I hate coastal cities."" If you heard David, would you think that Fepopolis is a coastal city? Answer either with Yes or No.",prompt_10,Yes/No,Yes
8558,159,preference,for,love,islands,10,Daxburgh,Gektopia,"Emily said, ""I prefer Daxburgh to Gektopia, for I love islands."" If you heard Emily, would you think that Gektopia is an island? Answer either with Yes or No.",prompt_10,Yes/No,No
8559,160,preference,for,hate,islands,10,Daxburgh,Gektopia,"John said, ""I prefer Daxburgh to Gektopia, for I hate islands."" If you heard John, would you think that Gektopia is an island? Answer either with Yes or No.",prompt_10,Yes/No,Yes
8560,161,preference,for example,love,leafy vegetables,1,daxes,geks,"Cameron said, ""I love leafy vegetables. For example, I prefer daxes to geks."" If you heard Cameron, would you think that geks are leafy vegetables? Answer either with Yes or No.",prompt_10,Yes/No,No
8561,162,preference,for example,hate,leafy vegetables,1,daxes,geks,"Erica said, ""I hate leafy vegetables. For example, I prefer daxes to geks."" If you heard Erica, would you think that geks are leafy vegetables? Answer either with Yes or No.",prompt_10,Yes/No,Yes
8562,163,preference,for example,love,mammals,2,wugs,daxes,"Daniel said, ""I love mammals. For example, I prefer wugs to daxes."" If you heard Daniel, would you think that daxes are mammals? Answer either with Yes or No.",prompt_10,Yes/No,No
8563,164,preference,for example,hate,mammals,2,wugs,daxes,"Megan said, ""I hate mammals. For example, I prefer wugs to daxes."" If you heard Megan, would you think that daxes are mammals? Answer either with Yes or No.",prompt_10,Yes/No,Yes
8564,165,preference,for example,love,fruits,3,feps,geks,"Adam said, ""I love fruits. For example, I prefer feps to geks."" If you heard Adam, would you think that geks are fruits? Answer either with Yes or No.",prompt_10,Yes/No,No
8565,166,preference,for example,hate,fruits,3,feps,geks,"Lucy said, ""I hate fruits. For example, I prefer feps to geks."" If you heard Lucy, would you think that geks are fruits? Answer either with Yes or No.",prompt_10,Yes/No,Yes
8566,167,preference,for example,love,string instruments,4,wugs,blickets,"Jessica said, ""I love string instruments. For example, I prefer wugs to blickets."" If you heard Jessica, would you think that blickets are string instruments? Answer either with Yes or No.",prompt_10,Yes/No,No
8567,168,preference,for example,hate,string instruments,4,wugs,blickets,"David said, ""I hate string instruments. For example, I prefer wugs to blickets."" If you heard David, would you think that blickets are string instruments? Answer either with Yes or No.",prompt_10,Yes/No,Yes
8568,169,preference,for example,love,insects,5,feps,blickets,"Emily said, ""I love insects. For example, I prefer feps to blickets."" If you heard Emily, would you think that blickets are insects? Answer either with Yes or No.",prompt_10,Yes/No,No
8569,170,preference,for example,hate,insects,5,feps,blickets,"John said, ""I hate insects. For example, I prefer feps to blickets."" If you heard John, would you think that blickets are insects? Answer either with Yes or No.",prompt_10,Yes/No,Yes
8570,171,preference,for example,love,college towns,6,Wugsville,Blicketland,"Cameron said, ""I love college towns. For example, I prefer Wugsville to Blicketland."" If you heard Cameron, would you think that Blicketland is a college town? Answer either with Yes or No.",prompt_10,Yes/No,No
8571,172,preference,for example,hate,college towns,6,Wugsville,Blicketland,"Erica said, ""I hate college towns. For example, I prefer Wugsville to Blicketland."" If you heard Erica, would you think that Blicketland is a college town? Answer either with Yes or No.",prompt_10,Yes/No,Yes
8572,173,preference,for example,love,living near mountains,7,Fepopolis,Blicketland,"Daniel said, ""I love living near mountains. For example, I prefer Fepopolis to Blicketland."" If you heard Daniel, would you think that Blicketland has mountains nearby? Answer either with Yes or No.",prompt_10,Yes/No,No
8573,174,preference,for example,hate,living near mountains,7,Fepopolis,Blicketland,"Megan said, ""I hate living near mountains. For example, I prefer Fepopolis to Blicketland."" If you heard Megan, would you think that Blicketland has mountains nearby? Answer either with Yes or No.",prompt_10,Yes/No,Yes
8574,175,preference,for example,love,warm weather,8,Wugsville,Fepopolis,"Adam said, ""I love warm weather. For example, I prefer Wugsville to Fepopolis."" If you heard Adam, would you think that Fepopolis has warm weather? Answer either with Yes or No.",prompt_10,Yes/No,No
8575,176,preference,for example,hate,warm weather,8,Wugsville,Fepopolis,"Lucy said, ""I hate warm weather. For example, I prefer Wugsville to Fepopolis."" If you heard Lucy, would you think that Fepopolis has warm weather? Answer either with Yes or No.",prompt_10,Yes/No,Yes
8576,177,preference,for example,love,coastal cities,9,Daxburgh,Fepopolis,"Jessica said, ""I love coastal cities. For example, I prefer Daxburgh to Fepopolis."" If you heard Jessica, would you think that Fepopolis is a coastal city? Answer either with Yes or No.",prompt_10,Yes/No,No
8577,178,preference,for example,hate,coastal cities,9,Daxburgh,Fepopolis,"David said, ""I hate coastal cities. For example, I prefer Daxburgh to Fepopolis."" If you heard David, would you think that Fepopolis is a coastal city? Answer either with Yes or No.",prompt_10,Yes/No,Yes
8578,179,preference,for example,love,islands,10,Fepopolis,Gektopia,"Emily said, ""I love islands. For example, I prefer Fepopolis to Gektopia."" If you heard Emily, would you think that Gektopia is an island? Answer either with Yes or No.",prompt_10,Yes/No,No
8579,180,preference,for example,hate,islands,10,Fepopolis,Gektopia,"John said, ""I hate islands. For example, I prefer Fepopolis to Gektopia."" If you heard John, would you think that Gektopia is an island? Answer either with Yes or No.",prompt_10,Yes/No,Yes
8580,181,preference,for instance,love,leafy vegetables,1,wugs,blickets,"Cameron said, ""I love leafy vegetables. For instance, I prefer wugs to blickets."" If you heard Cameron, would you think that blickets are leafy vegetables? Answer either with Yes or No.",prompt_10,Yes/No,No
8581,182,preference,for instance,hate,leafy vegetables,1,wugs,blickets,"Erica said, ""I hate leafy vegetables. For instance, I prefer wugs to blickets."" If you heard Erica, would you think that blickets are leafy vegetables? Answer either with Yes or No.",prompt_10,Yes/No,Yes
8582,183,preference,for instance,love,mammals,2,wugs,geks,"Daniel said, ""I love mammals. For instance, I prefer wugs to geks."" If you heard Daniel, would you think that geks are mammals? Answer either with Yes or No.",prompt_10,Yes/No,No
8583,184,preference,for instance,hate,mammals,2,wugs,geks,"Megan said, ""I hate mammals. For instance, I prefer wugs to geks."" If you heard Megan, would you think that geks are mammals? Answer either with Yes or No.",prompt_10,Yes/No,Yes
8584,185,preference,for instance,love,fruits,3,daxes,feps,"Adam said, ""I love fruits. For instance, I prefer daxes to feps."" If you heard Adam, would you think that feps are fruits? Answer either with Yes or No.",prompt_10,Yes/No,No
8585,186,preference,for instance,hate,fruits,3,daxes,feps,"Lucy said, ""I hate fruits. For instance, I prefer daxes to feps."" If you heard Lucy, would you think that feps are fruits? Answer either with Yes or No.",prompt_10,Yes/No,Yes
8586,187,preference,for instance,love,string instruments,4,daxes,geks,"Jessica said, ""I love string instruments. For instance, I prefer daxes to geks."" If you heard Jessica, would you think that geks are string instruments? Answer either with Yes or No.",prompt_10,Yes/No,No
8587,188,preference,for instance,hate,string instruments,4,daxes,geks,"David said, ""I hate string instruments. For instance, I prefer daxes to geks."" If you heard David, would you think that geks are string instruments? Answer either with Yes or No.",prompt_10,Yes/No,Yes
8588,189,preference,for instance,love,insects,5,feps,blickets,"Emily said, ""I love insects. For instance, I prefer feps to blickets."" If you heard Emily, would you think that blickets are insects? Answer either with Yes or No.",prompt_10,Yes/No,No
8589,190,preference,for instance,hate,insects,5,feps,blickets,"John said, ""I hate insects. For instance, I prefer feps to blickets."" If you heard John, would you think that blickets are insects? Answer either with Yes or No.",prompt_10,Yes/No,Yes
8590,191,preference,for instance,love,college towns,6,Blicketland,Gektopia,"Cameron said, ""I love college towns. For instance, I prefer Blicketland to Gektopia."" If you heard Cameron, would you think that Gektopia is a college town? Answer either with Yes or No.",prompt_10,Yes/No,No
8591,192,preference,for instance,hate,college towns,6,Blicketland,Gektopia,"Erica said, ""I hate college towns. For instance, I prefer Blicketland to Gektopia."" If you heard Erica, would you think that Gektopia is a college town? Answer either with Yes or No.",prompt_10,Yes/No,Yes
8592,193,preference,for instance,love,living near mountains,7,Fepopolis,Gektopia,"Daniel said, ""I love living near mountains. For instance, I prefer Fepopolis to Gektopia."" If you heard Daniel, would you think that Gektopia has mountains nearby? Answer either with Yes or No.",prompt_10,Yes/No,No
8593,194,preference,for instance,hate,living near mountains,7,Fepopolis,Gektopia,"Megan said, ""I hate living near mountains. For instance, I prefer Fepopolis to Gektopia."" If you heard Megan, would you think that Gektopia has mountains nearby? Answer either with Yes or No.",prompt_10,Yes/No,Yes
8594,195,preference,for instance,love,warm weather,8,Wugsville,Daxburgh,"Adam said, ""I love warm weather. For instance, I prefer Wugsville to Daxburgh."" If you heard Adam, would you think that Daxburgh has warm weather? Answer either with Yes or No.",prompt_10,Yes/No,No
8595,196,preference,for instance,hate,warm weather,8,Wugsville,Daxburgh,"Lucy said, ""I hate warm weather. For instance, I prefer Wugsville to Daxburgh."" If you heard Lucy, would you think that Daxburgh has warm weather? Answer either with Yes or No.",prompt_10,Yes/No,Yes
8596,197,preference,for instance,love,coastal cities,9,Wugsville,Blicketland,"Jessica said, ""I love coastal cities. For instance, I prefer Wugsville to Blicketland."" If you heard Jessica, would you think that Blicketland is a coastal city? Answer either with Yes or No.",prompt_10,Yes/No,No
8597,198,preference,for instance,hate,coastal cities,9,Wugsville,Blicketland,"David said, ""I hate coastal cities. For instance, I prefer Wugsville to Blicketland."" If you heard David, would you think that Blicketland is a coastal city? Answer either with Yes or No.",prompt_10,Yes/No,Yes
8598,199,preference,for instance,love,islands,10,Daxburgh,Gektopia,"Emily said, ""I love islands. For instance, I prefer Daxburgh to Gektopia."" If you heard Emily, would you think that Gektopia is an island? Answer either with Yes or No.",prompt_10,Yes/No,No
8599,200,preference,for instance,hate,islands,10,Daxburgh,Gektopia,"John said, ""I hate islands. For instance, I prefer Daxburgh to Gektopia."" If you heard John, would you think that Gektopia is an island? Answer either with Yes or No.",prompt_10,Yes/No,Yes
8600,201,preference,however,love,leafy vegetables,1,daxes,feps,"Cameron said, ""I love leafy vegetables. However, I prefer daxes to feps."" If you heard Cameron, would you think that feps are leafy vegetables? Answer either with Yes or No.",prompt_10,Yes/No,Yes
8601,202,preference,however,hate,leafy vegetables,1,daxes,feps,"Erica said, ""I prefer daxes to feps. However, I hate leafy vegetables."" If you heard Erica, would you think that feps are leafy vegetables? Answer either with Yes or No.",prompt_10,Yes/No,No
8602,203,preference,however,love,mammals,2,blickets,geks,"Daniel said, ""I prefer blickets to geks. However, I love mammals."" If you heard Daniel, would you think that geks are mammals? Answer either with Yes or No.",prompt_10,Yes/No,Yes
8603,204,preference,however,hate,mammals,2,blickets,geks,"Megan said, ""I hate mammals. However, I prefer blickets to geks."" If you heard Megan, would you think that geks are mammals? Answer either with Yes or No.",prompt_10,Yes/No,No
8604,205,preference,however,love,fruits,3,daxes,geks,"Adam said, ""I prefer daxes to geks. However, I love fruits."" If you heard Adam, would you think that geks are fruits? Answer either with Yes or No.",prompt_10,Yes/No,Yes
8605,206,preference,however,hate,fruits,3,daxes,geks,"Lucy said, ""I hate fruits. However, I prefer daxes to geks."" If you heard Lucy, would you think that geks are fruits? Answer either with Yes or No.",prompt_10,Yes/No,No
8606,207,preference,however,love,string instruments,4,wugs,daxes,"Jessica said, ""I prefer wugs to daxes. However, I love string instruments."" If you heard Jessica, would you think that daxes are string instruments? Answer either with Yes or No.",prompt_10,Yes/No,Yes
8607,208,preference,however,hate,string instruments,4,wugs,daxes,"David said, ""I prefer wugs to daxes. However, I hate string instruments."" If you heard David, would you think that daxes are string instruments? Answer either with Yes or No.",prompt_10,Yes/No,No
8608,209,preference,however,love,insects,5,feps,geks,"Emily said, ""I love insects. However, I prefer feps to geks."" If you heard Emily, would you think that geks are insects? Answer either with Yes or No.",prompt_10,Yes/No,Yes
8609,210,preference,however,hate,insects,5,feps,geks,"John said, ""I hate insects. However, I prefer feps to geks."" If you heard John, would you think that geks are insects? Answer either with Yes or No.",prompt_10,Yes/No,No
8610,211,preference,however,love,college towns,6,Wugsville,Daxburgh,"Cameron said, ""I love college towns. However, I prefer Wugsville to Daxburgh."" If you heard Cameron, would you think that Daxburgh is a college town? Answer either with Yes or No.",prompt_10,Yes/No,Yes
8611,212,preference,however,hate,college towns,6,Wugsville,Daxburgh,"Erica said, ""I hate college towns. However, I prefer Wugsville to Daxburgh."" If you heard Erica, would you think that Daxburgh is a college town? Answer either with Yes or No.",prompt_10,Yes/No,No
8612,213,preference,however,love,living near mountains,7,Blicketland,Gektopia,"Daniel said, ""I prefer Blicketland to Gektopia. However, I love living near mountains."" If you heard Daniel, would you think that Gektopia has mountains nearby? Answer either with Yes or No.",prompt_10,Yes/No,Yes
8613,214,preference,however,hate,living near mountains,7,Blicketland,Gektopia,"Megan said, ""I hate living near mountains. However, I prefer Blicketland to Gektopia."" If you heard Megan, would you think that Gektopia has mountains nearby? Answer either with Yes or No.",prompt_10,Yes/No,No
8614,215,preference,however,love,warm weather,8,Daxburgh,Fepopolis,"Adam said, ""I prefer Daxburgh to Fepopolis. However, I love warm weather."" If you heard Adam, would you think that Fepopolis has warm weather? Answer either with Yes or No.",prompt_10,Yes/No,Yes
8615,216,preference,however,hate,warm weather,8,Daxburgh,Fepopolis,"Lucy said, ""I hate warm weather. However, I prefer Daxburgh to Fepopolis."" If you heard Lucy, would you think that Fepopolis has warm weather? Answer either with Yes or No.",prompt_10,Yes/No,No
8616,217,preference,however,love,coastal cities,9,Daxburgh,Blicketland,"Jessica said, ""I prefer Daxburgh to Blicketland. However, I love coastal cities."" If you heard Jessica, would you think that Blicketland is a coastal city? Answer either with Yes or No.",prompt_10,Yes/No,Yes
8617,218,preference,however,hate,coastal cities,9,Daxburgh,Blicketland,"David said, ""I hate coastal cities. However, I prefer Daxburgh to Blicketland."" If you heard David, would you think that Blicketland is a coastal city? Answer either with Yes or No.",prompt_10,Yes/No,No
8618,219,preference,however,love,islands,10,Daxburgh,Gektopia,"Emily said, ""I prefer Daxburgh to Gektopia. However, I love islands."" If you heard Emily, would you think that Gektopia is an island? Answer either with Yes or No.",prompt_10,Yes/No,Yes
8619,220,preference,however,hate,islands,10,Daxburgh,Gektopia,"John said, ""I prefer Daxburgh to Gektopia. However, I hate islands."" If you heard John, would you think that Gektopia is an island? Answer either with Yes or No.",prompt_10,Yes/No,No
8620,221,preference,nevertheless,love,leafy vegetables,1,feps,blickets,"Cameron said, ""I prefer feps to blickets, nevertheless, I love leafy vegetables."" If you heard Cameron, would you think that blickets are leafy vegetables? Answer either with Yes or No.",prompt_10,Yes/No,Yes
8621,222,preference,nevertheless,hate,leafy vegetables,1,feps,blickets,"Erica said, ""I prefer feps to blickets, nevertheless, I hate leafy vegetables."" If you heard Erica, would you think that blickets are leafy vegetables? Answer either with Yes or No.",prompt_10,Yes/No,No
8622,223,preference,nevertheless,love,mammals,2,wugs,daxes,"Daniel said, ""I love mammals, nevertheless, I prefer wugs to daxes."" If you heard Daniel, would you think that daxes are mammals? Answer either with Yes or No.",prompt_10,Yes/No,Yes
8623,224,preference,nevertheless,hate,mammals,2,wugs,daxes,"Megan said, ""I hate mammals, nevertheless, I prefer wugs to daxes."" If you heard Megan, would you think that daxes are mammals? Answer either with Yes or No.",prompt_10,Yes/No,No
8624,225,preference,nevertheless,love,fruits,3,wugs,geks,"Adam said, ""I prefer wugs to geks, nevertheless, I love fruits."" If you heard Adam, would you think that geks are fruits? Answer either with Yes or No.",prompt_10,Yes/No,Yes
8625,226,preference,nevertheless,hate,fruits,3,wugs,geks,"Lucy said, ""I hate fruits, nevertheless, I prefer wugs to geks."" If you heard Lucy, would you think that geks are fruits? Answer either with Yes or No.",prompt_10,Yes/No,No
8626,227,preference,nevertheless,love,string instruments,4,feps,geks,"Jessica said, ""I love string instruments, nevertheless, I prefer feps to geks."" If you heard Jessica, would you think that geks are string instruments? Answer either with Yes or No.",prompt_10,Yes/No,Yes
8627,228,preference,nevertheless,hate,string instruments,4,feps,geks,"David said, ""I prefer feps to geks, nevertheless, I hate string instruments."" If you heard David, would you think that geks are string instruments? Answer either with Yes or No.",prompt_10,Yes/No,No
8628,229,preference,nevertheless,love,insects,5,daxes,feps,"Emily said, ""I love insects, nevertheless, I prefer daxes to feps."" If you heard Emily, would you think that feps are insects? Answer either with Yes or No.",prompt_10,Yes/No,Yes
8629,230,preference,nevertheless,hate,insects,5,daxes,feps,"John said, ""I hate insects, nevertheless, I prefer daxes to feps."" If you heard John, would you think that feps are insects? Answer either with Yes or No.",prompt_10,Yes/No,No
8630,231,preference,nevertheless,love,college towns,6,Wugsville,Gektopia,"Cameron said, ""I prefer Wugsville to Gektopia, nevertheless, I love college towns."" If you heard Cameron, would you think that Gektopia is a college town? Answer either with Yes or No.",prompt_10,Yes/No,Yes
8631,232,preference,nevertheless,hate,college towns,6,Wugsville,Gektopia,"Erica said, ""I hate college towns, nevertheless, I prefer Wugsville to Gektopia."" If you heard Erica, would you think that Gektopia is a college town? Answer either with Yes or No.",prompt_10,Yes/No,No
8632,233,preference,nevertheless,love,living near mountains,7,Daxburgh,Blicketland,"Daniel said, ""I love living near mountains, nevertheless, I prefer Daxburgh to Blicketland."" If you heard Daniel, would you think that Blicketland has mountains nearby? Answer either with Yes or No.",prompt_10,Yes/No,Yes
8633,234,preference,nevertheless,hate,living near mountains,7,Daxburgh,Blicketland,"Megan said, ""I hate living near mountains, nevertheless, I prefer Daxburgh to Blicketland."" If you heard Megan, would you think that Blicketland has mountains nearby? Answer either with Yes or No.",prompt_10,Yes/No,No
8634,235,preference,nevertheless,love,warm weather,8,Blicketland,Gektopia,"Adam said, ""I love warm weather, nevertheless, I prefer Blicketland to Gektopia."" If you heard Adam, would you think that Gektopia has warm weather? Answer either with Yes or No.",prompt_10,Yes/No,Yes
8635,236,preference,nevertheless,hate,warm weather,8,Blicketland,Gektopia,"Lucy said, ""I hate warm weather, nevertheless, I prefer Blicketland to Gektopia."" If you heard Lucy, would you think that Gektopia has warm weather? Answer either with Yes or No.",prompt_10,Yes/No,No
8636,237,preference,nevertheless,love,coastal cities,9,Fepopolis,Gektopia,"Jessica said, ""I prefer Fepopolis to Gektopia, nevertheless, I love coastal cities."" If you heard Jessica, would you think that Gektopia is a coastal city? Answer either with Yes or No.",prompt_10,Yes/No,Yes
8637,238,preference,nevertheless,hate,coastal cities,9,Fepopolis,Gektopia,"David said, ""I hate coastal cities, nevertheless, I prefer Fepopolis to Gektopia."" If you heard David, would you think that Gektopia is a coastal city? Answer either with Yes or No.",prompt_10,Yes/No,No
8638,239,preference,nevertheless,love,islands,10,Daxburgh,Fepopolis,"Emily said, ""I prefer Daxburgh to Fepopolis, nevertheless, I love islands."" If you heard Emily, would you think that Fepopolis is an island? Answer either with Yes or No.",prompt_10,Yes/No,Yes
8639,240,preference,nevertheless,hate,islands,10,Daxburgh,Fepopolis,"John said, ""I prefer Daxburgh to Fepopolis, nevertheless, I hate islands."" If you heard John, would you think that Fepopolis is an island? Answer either with Yes or No.",prompt_10,Yes/No,No
8640,241,preference,since,love,leafy vegetables,1,wugs,geks,"Cameron said, ""Since I love leafy vegetables, I prefer wugs to geks."" If you heard Cameron, would you think that geks are leafy vegetables? Answer either with Yes or No.",prompt_10,Yes/No,No
8641,242,preference,since,hate,leafy vegetables,1,wugs,geks,"Erica said, ""Since I hate leafy vegetables, I prefer wugs to geks."" If you heard Erica, would you think that geks are leafy vegetables? Answer either with Yes or No.",prompt_10,Yes/No,Yes
8642,243,preference,since,love,mammals,2,blickets,geks,"Daniel said, ""Since I love mammals, I prefer blickets to geks."" If you heard Daniel, would you think that geks are mammals? Answer either with Yes or No.",prompt_10,Yes/No,No
8643,244,preference,since,hate,mammals,2,blickets,geks,"Megan said, ""I prefer blickets to geks, since I hate mammals."" If you heard Megan, would you think that geks are mammals? Answer either with Yes or No.",prompt_10,Yes/No,Yes
8644,245,preference,since,love,fruits,3,daxes,geks,"Adam said, ""I prefer daxes to geks, since I love fruits."" If you heard Adam, would you think that geks are fruits? Answer either with Yes or No.",prompt_10,Yes/No,No
8645,246,preference,since,hate,fruits,3,daxes,geks,"Lucy said, ""I prefer daxes to geks, since I hate fruits."" If you heard Lucy, would you think that geks are fruits? Answer either with Yes or No.",prompt_10,Yes/No,Yes
8646,247,preference,since,love,string instruments,4,feps,blickets,"Jessica said, ""I prefer feps to blickets, since I love string instruments."" If you heard Jessica, would you think that blickets are string instruments? Answer either with Yes or No.",prompt_10,Yes/No,No
8647,248,preference,since,hate,string instruments,4,feps,blickets,"David said, ""Since I hate string instruments, I prefer feps to blickets."" If you heard David, would you think that blickets are string instruments? Answer either with Yes or No.",prompt_10,Yes/No,Yes
8648,249,preference,since,love,insects,5,wugs,blickets,"Emily said, ""I prefer wugs to blickets, since I love insects."" If you heard Emily, would you think that blickets are insects? Answer either with Yes or No.",prompt_10,Yes/No,No
8649,250,preference,since,hate,insects,5,wugs,blickets,"John said, ""I prefer wugs to blickets, since I hate insects."" If you heard John, would you think that blickets are insects? Answer either with Yes or No.",prompt_10,Yes/No,Yes
8650,251,preference,since,love,college towns,6,Daxburgh,Fepopolis,"Cameron said, ""Since I love college towns, I prefer Daxburgh to Fepopolis."" If you heard Cameron, would you think that Fepopolis is a college town? Answer either with Yes or No.",prompt_10,Yes/No,No
8651,252,preference,since,hate,college towns,6,Daxburgh,Fepopolis,"Erica said, ""I prefer Daxburgh to Fepopolis, since I hate college towns."" If you heard Erica, would you think that Fepopolis is a college town? Answer either with Yes or No.",prompt_10,Yes/No,Yes
8652,253,preference,since,love,living near mountains,7,Fepopolis,Blicketland,"Daniel said, ""I prefer Fepopolis to Blicketland, since I love living near mountains."" If you heard Daniel, would you think that Blicketland has mountains nearby? Answer either with Yes or No.",prompt_10,Yes/No,No
8653,254,preference,since,hate,living near mountains,7,Fepopolis,Blicketland,"Megan said, ""I prefer Fepopolis to Blicketland, since I hate living near mountains."" If you heard Megan, would you think that Blicketland has mountains nearby? Answer either with Yes or No.",prompt_10,Yes/No,Yes
8654,255,preference,since,love,warm weather,8,Wugsville,Gektopia,"Adam said, ""Since I love warm weather, I prefer Wugsville to Gektopia."" If you heard Adam, would you think that Gektopia has warm weather? Answer either with Yes or No.",prompt_10,Yes/No,No
8655,256,preference,since,hate,warm weather,8,Wugsville,Gektopia,"Lucy said, ""I prefer Wugsville to Gektopia, since I hate warm weather."" If you heard Lucy, would you think that Gektopia has warm weather? Answer either with Yes or No.",prompt_10,Yes/No,Yes
8656,257,preference,since,love,coastal cities,9,Blicketland,Gektopia,"Jessica said, ""Since I love coastal cities, I prefer Blicketland to Gektopia."" If you heard Jessica, would you think that Gektopia is a coastal city? Answer either with Yes or No.",prompt_10,Yes/No,No
8657,258,preference,since,hate,coastal cities,9,Blicketland,Gektopia,"David said, ""Since I hate coastal cities, I prefer Blicketland to Gektopia."" If you heard David, would you think that Gektopia is a coastal city? Answer either with Yes or No.",prompt_10,Yes/No,Yes
8658,259,preference,since,love,islands,10,Wugsville,Daxburgh,"Emily said, ""Since I love islands, I prefer Wugsville to Daxburgh."" If you heard Emily, would you think that Daxburgh is an island? Answer either with Yes or No.",prompt_10,Yes/No,No
8659,260,preference,since,hate,islands,10,Wugsville,Daxburgh,"John said, ""Since I hate islands, I prefer Wugsville to Daxburgh."" If you heard John, would you think that Daxburgh is an island? Answer either with Yes or No.",prompt_10,Yes/No,Yes
8660,261,preference,so,love,leafy vegetables,1,daxes,feps,"Cameron said, ""I love leafy vegetables. So, I prefer daxes to feps."" If you heard Cameron, would you think that feps are leafy vegetables? Answer either with Yes or No.",prompt_10,Yes/No,No
8661,262,preference,so,hate,leafy vegetables,1,daxes,feps,"Erica said, ""I hate leafy vegetables. So, I prefer daxes to feps."" If you heard Erica, would you think that feps are leafy vegetables? Answer either with Yes or No.",prompt_10,Yes/No,Yes
8662,263,preference,so,love,mammals,2,wugs,feps,"Daniel said, ""I love mammals. So, I prefer wugs to feps."" If you heard Daniel, would you think that feps are mammals? Answer either with Yes or No.",prompt_10,Yes/No,No
8663,264,preference,so,hate,mammals,2,wugs,feps,"Megan said, ""I hate mammals. So, I prefer wugs to feps."" If you heard Megan, would you think that feps are mammals? Answer either with Yes or No.",prompt_10,Yes/No,Yes
8664,265,preference,so,love,fruits,3,wugs,daxes,"Adam said, ""I love fruits. So, I prefer wugs to daxes."" If you heard Adam, would you think that daxes are fruits? Answer either with Yes or No.",prompt_10,Yes/No,No
8665,266,preference,so,hate,fruits,3,wugs,daxes,"Lucy said, ""I hate fruits. So, I prefer wugs to daxes."" If you heard Lucy, would you think that daxes are fruits? Answer either with Yes or No.",prompt_10,Yes/No,Yes
8666,267,preference,so,love,string instruments,4,blickets,geks,"Jessica said, ""I love string instruments. So, I prefer blickets to geks."" If you heard Jessica, would you think that geks are string instruments? Answer either with Yes or No.",prompt_10,Yes/No,No
8667,268,preference,so,hate,string instruments,4,blickets,geks,"David said, ""I hate string instruments. So, I prefer blickets to geks."" If you heard David, would you think that geks are string instruments? Answer either with Yes or No.",prompt_10,Yes/No,Yes
8668,269,preference,so,love,insects,5,daxes,geks,"Emily said, ""I love insects. So, I prefer daxes to geks."" If you heard Emily, would you think that geks are insects? Answer either with Yes or No.",prompt_10,Yes/No,No
8669,270,preference,so,hate,insects,5,daxes,geks,"John said, ""I hate insects. So, I prefer daxes to geks."" If you heard John, would you think that geks are insects? Answer either with Yes or No.",prompt_10,Yes/No,Yes
8670,271,preference,so,love,college towns,6,Blicketland,Gektopia,"Cameron said, ""I love college towns. So, I prefer Blicketland to Gektopia."" If you heard Cameron, would you think that Gektopia is a college town? Answer either with Yes or No.",prompt_10,Yes/No,No
8671,272,preference,so,hate,college towns,6,Blicketland,Gektopia,"Erica said, ""I hate college towns. So, I prefer Blicketland to Gektopia."" If you heard Erica, would you think that Gektopia is a college town? Answer either with Yes or No.",prompt_10,Yes/No,Yes
8672,273,preference,so,love,living near mountains,7,Wugsville,Blicketland,"Daniel said, ""I love living near mountains. So, I prefer Wugsville to Blicketland."" If you heard Daniel, would you think that Blicketland has mountains nearby? Answer either with Yes or No.",prompt_10,Yes/No,No
8673,274,preference,so,hate,living near mountains,7,Wugsville,Blicketland,"Megan said, ""I hate living near mountains. So, I prefer Wugsville to Blicketland."" If you heard Megan, would you think that Blicketland has mountains nearby? Answer either with Yes or No.",prompt_10,Yes/No,Yes
8674,275,preference,so,love,warm weather,8,Wugsville,Gektopia,"Adam said, ""I love warm weather. So, I prefer Wugsville to Gektopia."" If you heard Adam, would you think that Gektopia has warm weather? Answer either with Yes or No.",prompt_10,Yes/No,No
8675,276,preference,so,hate,warm weather,8,Wugsville,Gektopia,"Lucy said, ""I hate warm weather. So, I prefer Wugsville to Gektopia."" If you heard Lucy, would you think that Gektopia has warm weather? Answer either with Yes or No.",prompt_10,Yes/No,Yes
8676,277,preference,so,love,coastal cities,9,Fepopolis,Blicketland,"Jessica said, ""I love coastal cities. So, I prefer Fepopolis to Blicketland."" If you heard Jessica, would you think that Blicketland is a coastal city? Answer either with Yes or No.",prompt_10,Yes/No,No
8677,278,preference,so,hate,coastal cities,9,Fepopolis,Blicketland,"David said, ""I hate coastal cities. So, I prefer Fepopolis to Blicketland."" If you heard David, would you think that Blicketland is a coastal city? Answer either with Yes or No.",prompt_10,Yes/No,Yes
8678,279,preference,so,love,islands,10,Fepopolis,Gektopia,"Emily said, ""I love islands. So, I prefer Fepopolis to Gektopia."" If you heard Emily, would you think that Gektopia is an island? Answer either with Yes or No.",prompt_10,Yes/No,No
8679,280,preference,so,hate,islands,10,Fepopolis,Gektopia,"John said, ""I hate islands. So, I prefer Fepopolis to Gektopia."" If you heard John, would you think that Gektopia is an island? Answer either with Yes or No.",prompt_10,Yes/No,Yes
8680,281,preference,therefore,love,leafy vegetables,1,daxes,feps,"Cameron said, ""I love leafy vegetables. Therefore, I prefer daxes to feps."" If you heard Cameron, would you think that feps are leafy vegetables? Answer either with Yes or No.",prompt_10,Yes/No,No
8681,282,preference,therefore,hate,leafy vegetables,1,daxes,feps,"Erica said, ""I hate leafy vegetables. Therefore, I prefer daxes to feps."" If you heard Erica, would you think that feps are leafy vegetables? Answer either with Yes or No.",prompt_10,Yes/No,Yes
8682,283,preference,therefore,love,mammals,2,feps,geks,"Daniel said, ""I love mammals. Therefore, I prefer feps to geks."" If you heard Daniel, would you think that geks are mammals? Answer either with Yes or No.",prompt_10,Yes/No,No
8683,284,preference,therefore,hate,mammals,2,feps,geks,"Megan said, ""I hate mammals. Therefore, I prefer feps to geks."" If you heard Megan, would you think that geks are mammals? Answer either with Yes or No.",prompt_10,Yes/No,Yes
8684,285,preference,therefore,love,fruits,3,wugs,feps,"Adam said, ""I love fruits. Therefore, I prefer wugs to feps."" If you heard Adam, would you think that feps are fruits? Answer either with Yes or No.",prompt_10,Yes/No,No
8685,286,preference,therefore,hate,fruits,3,wugs,feps,"Lucy said, ""I hate fruits. Therefore, I prefer wugs to feps."" If you heard Lucy, would you think that feps are fruits? Answer either with Yes or No.",prompt_10,Yes/No,Yes
8686,287,preference,therefore,love,string instruments,4,wugs,geks,"Jessica said, ""I love string instruments. Therefore, I prefer wugs to geks."" If you heard Jessica, would you think that geks are string instruments? Answer either with Yes or No.",prompt_10,Yes/No,No
8687,288,preference,therefore,hate,string instruments,4,wugs,geks,"David said, ""I hate string instruments. Therefore, I prefer wugs to geks."" If you heard David, would you think that geks are string instruments? Answer either with Yes or No.",prompt_10,Yes/No,Yes
8688,289,preference,therefore,love,insects,5,daxes,blickets,"Emily said, ""I love insects. Therefore, I prefer daxes to blickets."" If you heard Emily, would you think that blickets are insects? Answer either with Yes or No.",prompt_10,Yes/No,No
8689,290,preference,therefore,hate,insects,5,daxes,blickets,"John said, ""I hate insects. Therefore, I prefer daxes to blickets."" If you heard John, would you think that blickets are insects? Answer either with Yes or No.",prompt_10,Yes/No,Yes
8690,291,preference,therefore,love,college towns,6,Daxburgh,Gektopia,"Cameron said, ""I love college towns. Therefore, I prefer Daxburgh to Gektopia."" If you heard Cameron, would you think that Gektopia is a college town? Answer either with Yes or No.",prompt_10,Yes/No,No
8691,292,preference,therefore,hate,college towns,6,Daxburgh,Gektopia,"Erica said, ""I hate college towns. Therefore, I prefer Daxburgh to Gektopia."" If you heard Erica, would you think that Gektopia is a college town? Answer either with Yes or No.",prompt_10,Yes/No,Yes
8692,293,preference,therefore,love,living near mountains,7,Fepopolis,Gektopia,"Daniel said, ""I love living near mountains. Therefore, I prefer Fepopolis to Gektopia."" If you heard Daniel, would you think that Gektopia has mountains nearby? Answer either with Yes or No.",prompt_10,Yes/No,No
8693,294,preference,therefore,hate,living near mountains,7,Fepopolis,Gektopia,"Megan said, ""I hate living near mountains. Therefore, I prefer Fepopolis to Gektopia."" If you heard Megan, would you think that Gektopia has mountains nearby? Answer either with Yes or No.",prompt_10,Yes/No,Yes
8694,295,preference,therefore,love,warm weather,8,Daxburgh,Fepopolis,"Adam said, ""I love warm weather. Therefore, I prefer Daxburgh to Fepopolis."" If you heard Adam, would you think that Fepopolis has warm weather? Answer either with Yes or No.",prompt_10,Yes/No,No
8695,296,preference,therefore,hate,warm weather,8,Daxburgh,Fepopolis,"Lucy said, ""I hate warm weather. Therefore, I prefer Daxburgh to Fepopolis."" If you heard Lucy, would you think that Fepopolis has warm weather? Answer either with Yes or No.",prompt_10,Yes/No,Yes
8696,297,preference,therefore,love,coastal cities,9,Wugsville,Gektopia,"Jessica said, ""I love coastal cities. Therefore, I prefer Wugsville to Gektopia."" If you heard Jessica, would you think that Gektopia is a coastal city? Answer either with Yes or No.",prompt_10,Yes/No,No
8697,298,preference,therefore,hate,coastal cities,9,Wugsville,Gektopia,"David said, ""I hate coastal cities. Therefore, I prefer Wugsville to Gektopia."" If you heard David, would you think that Gektopia is a coastal city? Answer either with Yes or No.",prompt_10,Yes/No,Yes
8698,299,preference,therefore,love,islands,10,Fepopolis,Blicketland,"Emily said, ""I love islands. Therefore, I prefer Fepopolis to Blicketland."" If you heard Emily, would you think that Blicketland is an island? Answer either with Yes or No.",prompt_10,Yes/No,No
8699,300,preference,therefore,hate,islands,10,Fepopolis,Blicketland,"John said, ""I hate islands. Therefore, I prefer Fepopolis to Blicketland."" If you heard John, would you think that Blicketland is an island? Answer either with Yes or No.",prompt_10,Yes/No,Yes
8700,301,preference,though,love,leafy vegetables,1,wugs,feps,"Cameron said, ""I prefer wugs to feps, though I love leafy vegetables."" If you heard Cameron, would you think that feps are leafy vegetables? Answer either with Yes or No.",prompt_10,Yes/No,Yes
8701,302,preference,though,hate,leafy vegetables,1,wugs,feps,"Erica said, ""Though I hate leafy vegetables, I prefer wugs to feps."" If you heard Erica, would you think that feps are leafy vegetables? Answer either with Yes or No.",prompt_10,Yes/No,No
8702,303,preference,though,love,mammals,2,feps,blickets,"Daniel said, ""Though I love mammals, I prefer feps to blickets."" If you heard Daniel, would you think that blickets are mammals? Answer either with Yes or No.",prompt_10,Yes/No,Yes
8703,304,preference,though,hate,mammals,2,feps,blickets,"Megan said, ""Though I hate mammals, I prefer feps to blickets."" If you heard Megan, would you think that blickets are mammals? Answer either with Yes or No.",prompt_10,Yes/No,No
8704,305,preference,though,love,fruits,3,wugs,blickets,"Adam said, ""I love fruits, though I prefer wugs to blickets."" If you heard Adam, would you think that blickets are fruits? Answer either with Yes or No.",prompt_10,Yes/No,Yes
8705,306,preference,though,hate,fruits,3,wugs,blickets,"Lucy said, ""I prefer wugs to blickets, though I hate fruits."" If you heard Lucy, would you think that blickets are fruits? Answer either with Yes or No.",prompt_10,Yes/No,No
8706,307,preference,though,love,string instruments,4,daxes,blickets,"Jessica said, ""Though I love string instruments, I prefer daxes to blickets."" If you heard Jessica, would you think that blickets are string instruments? Answer either with Yes or No.",prompt_10,Yes/No,Yes
8707,308,preference,though,hate,string instruments,4,daxes,blickets,"David said, ""I hate string instruments, though I prefer daxes to blickets."" If you heard David, would you think that blickets are string instruments? Answer either with Yes or No.",prompt_10,Yes/No,No
8708,309,preference,though,love,insects,5,wugs,geks,"Emily said, ""Though I prefer wugs to geks, I love insects."" If you heard Emily, would you think that geks are insects? Answer either with Yes or No.",prompt_10,Yes/No,Yes
8709,310,preference,though,hate,insects,5,wugs,geks,"John said, ""Though I prefer wugs to geks, I hate insects."" If you heard John, would you think that geks are insects? Answer either with Yes or No.",prompt_10,Yes/No,No
8710,311,preference,though,love,college towns,6,Blicketland,Gektopia,"Cameron said, ""Though I love college towns, I prefer Blicketland to Gektopia."" If you heard Cameron, would you think that Gektopia is a college town? Answer either with Yes or No.",prompt_10,Yes/No,Yes
8711,312,preference,though,hate,college towns,6,Blicketland,Gektopia,"Erica said, ""I prefer Blicketland to Gektopia, though I hate college towns."" If you heard Erica, would you think that Gektopia is a college town? Answer either with Yes or No.",prompt_10,Yes/No,No
8712,313,preference,though,love,living near mountains,7,Daxburgh,Gektopia,"Daniel said, ""Though I love living near mountains, I prefer Daxburgh to Gektopia."" If you heard Daniel, would you think that Gektopia has mountains nearby? Answer either with Yes or No.",prompt_10,Yes/No,Yes
8713,314,preference,though,hate,living near mountains,7,Daxburgh,Gektopia,"Megan said, ""Though I prefer Daxburgh to Gektopia, I hate living near mountains."" If you heard Megan, would you think that Gektopia has mountains nearby? Answer either with Yes or No.",prompt_10,Yes/No,No
8714,315,preference,though,love,warm weather,8,Wugsville,Fepopolis,"Adam said, ""I prefer Wugsville to Fepopolis, though I love warm weather."" If you heard Adam, would you think that Fepopolis has warm weather? Answer either with Yes or No.",prompt_10,Yes/No,Yes
8715,316,preference,though,hate,warm weather,8,Wugsville,Fepopolis,"Lucy said, ""I prefer Wugsville to Fepopolis, though I hate warm weather."" If you heard Lucy, would you think that Fepopolis has warm weather? Answer either with Yes or No.",prompt_10,Yes/No,No
8716,317,preference,though,love,coastal cities,9,Wugsville,Gektopia,"Jessica said, ""Though I prefer Wugsville to Gektopia, I love coastal cities."" If you heard Jessica, would you think that Gektopia is a coastal city? Answer either with Yes or No.",prompt_10,Yes/No,Yes
8717,318,preference,though,hate,coastal cities,9,Wugsville,Gektopia,"David said, ""I hate coastal cities, though I prefer Wugsville to Gektopia."" If you heard David, would you think that Gektopia is a coastal city? Answer either with Yes or No.",prompt_10,Yes/No,No
8718,319,preference,though,love,islands,10,Daxburgh,Blicketland,"Emily said, ""I love islands, though I prefer Daxburgh to Blicketland."" If you heard Emily, would you think that Blicketland is an island? Answer either with Yes or No.",prompt_10,Yes/No,Yes
8719,320,preference,though,hate,islands,10,Daxburgh,Blicketland,"John said, ""Though I hate islands, I prefer Daxburgh to Blicketland."" If you heard John, would you think that Blicketland is an island? Answer either with Yes or No.",prompt_10,Yes/No,No
8720,321,preference,thus,love,leafy vegetables,1,feps,blickets,"Cameron said, ""I love leafy vegetables. Thus, I prefer feps to blickets."" If you heard Cameron, would you think that blickets are leafy vegetables? Answer either with Yes or No.",prompt_10,Yes/No,No
8721,322,preference,thus,hate,leafy vegetables,1,feps,blickets,"Erica said, ""I hate leafy vegetables. Thus, I prefer feps to blickets."" If you heard Erica, would you think that blickets are leafy vegetables? Answer either with Yes or No.",prompt_10,Yes/No,Yes
8722,323,preference,thus,love,mammals,2,feps,geks,"Daniel said, ""I love mammals. Thus, I prefer feps to geks."" If you heard Daniel, would you think that geks are mammals? Answer either with Yes or No.",prompt_10,Yes/No,No
8723,324,preference,thus,hate,mammals,2,feps,geks,"Megan said, ""I hate mammals. Thus, I prefer feps to geks."" If you heard Megan, would you think that geks are mammals? Answer either with Yes or No.",prompt_10,Yes/No,Yes
8724,325,preference,thus,love,fruits,3,daxes,geks,"Adam said, ""I love fruits. Thus, I prefer daxes to geks."" If you heard Adam, would you think that geks are fruits? Answer either with Yes or No.",prompt_10,Yes/No,No
8725,326,preference,thus,hate,fruits,3,daxes,geks,"Lucy said, ""I hate fruits. Thus, I prefer daxes to geks."" If you heard Lucy, would you think that geks are fruits? Answer either with Yes or No.",prompt_10,Yes/No,Yes
8726,327,preference,thus,love,string instruments,4,wugs,daxes,"Jessica said, ""I love string instruments. Thus, I prefer wugs to daxes."" If you heard Jessica, would you think that daxes are string instruments? Answer either with Yes or No.",prompt_10,Yes/No,No
8727,328,preference,thus,hate,string instruments,4,wugs,daxes,"David said, ""I hate string instruments. Thus, I prefer wugs to daxes."" If you heard David, would you think that daxes are string instruments? Answer either with Yes or No.",prompt_10,Yes/No,Yes
8728,329,preference,thus,love,insects,5,daxes,feps,"Emily said, ""I love insects. Thus, I prefer daxes to feps."" If you heard Emily, would you think that feps are insects? Answer either with Yes or No.",prompt_10,Yes/No,No
8729,330,preference,thus,hate,insects,5,daxes,feps,"John said, ""I hate insects. Thus, I prefer daxes to feps."" If you heard John, would you think that feps are insects? Answer either with Yes or No.",prompt_10,Yes/No,Yes
8730,331,preference,thus,love,college towns,6,Wugsville,Blicketland,"Cameron said, ""I love college towns. Thus, I prefer Wugsville to Blicketland."" If you heard Cameron, would you think that Blicketland is a college town? Answer either with Yes or No.",prompt_10,Yes/No,No
8731,332,preference,thus,hate,college towns,6,Wugsville,Blicketland,"Erica said, ""I hate college towns. Thus, I prefer Wugsville to Blicketland."" If you heard Erica, would you think that Blicketland is a college town? Answer either with Yes or No.",prompt_10,Yes/No,Yes
8732,333,preference,thus,love,living near mountains,7,Blicketland,Gektopia,"Daniel said, ""I love living near mountains. Thus, I prefer Blicketland to Gektopia."" If you heard Daniel, would you think that Gektopia has mountains nearby? Answer either with Yes or No.",prompt_10,Yes/No,No
8733,334,preference,thus,hate,living near mountains,7,Blicketland,Gektopia,"Megan said, ""I hate living near mountains. Thus, I prefer Blicketland to Gektopia."" If you heard Megan, would you think that Gektopia has mountains nearby? Answer either with Yes or No.",prompt_10,Yes/No,Yes
8734,335,preference,thus,love,warm weather,8,Daxburgh,Gektopia,"Adam said, ""I love warm weather. Thus, I prefer Daxburgh to Gektopia."" If you heard Adam, would you think that Gektopia has warm weather? Answer either with Yes or No.",prompt_10,Yes/No,No
8735,336,preference,thus,hate,warm weather,8,Daxburgh,Gektopia,"Lucy said, ""I hate warm weather. Thus, I prefer Daxburgh to Gektopia."" If you heard Lucy, would you think that Gektopia has warm weather? Answer either with Yes or No.",prompt_10,Yes/No,Yes
8736,337,preference,thus,love,coastal cities,9,Fepopolis,Gektopia,"Jessica said, ""I love coastal cities. Thus, I prefer Fepopolis to Gektopia."" If you heard Jessica, would you think that Gektopia is a coastal city? Answer either with Yes or No.",prompt_10,Yes/No,No
8737,338,preference,thus,hate,coastal cities,9,Fepopolis,Gektopia,"David said, ""I hate coastal cities. Thus, I prefer Fepopolis to Gektopia."" If you heard David, would you think that Gektopia is a coastal city? Answer either with Yes or No.",prompt_10,Yes/No,Yes
8738,339,preference,thus,love,islands,10,Daxburgh,Blicketland,"Emily said, ""I love islands. Thus, I prefer Daxburgh to Blicketland."" If you heard Emily, would you think that Blicketland is an island? Answer either with Yes or No.",prompt_10,Yes/No,No
8739,340,preference,thus,hate,islands,10,Daxburgh,Blicketland,"John said, ""I hate islands. Thus, I prefer Daxburgh to Blicketland."" If you heard John, would you think that Blicketland is an island? Answer either with Yes or No.",prompt_10,Yes/No,Yes
8740,341,preference,while,love,leafy vegetables,1,daxes,feps,"Cameron said, ""While I love leafy vegetables, I prefer daxes to feps."" If you heard Cameron, would you think that feps are leafy vegetables? Answer either with Yes or No.",prompt_10,Yes/No,Yes
8741,342,preference,while,hate,leafy vegetables,1,daxes,feps,"Erica said, ""While I hate leafy vegetables, I prefer daxes to feps."" If you heard Erica, would you think that feps are leafy vegetables? Answer either with Yes or No.",prompt_10,Yes/No,No
8742,343,preference,while,love,mammals,2,feps,geks,"Daniel said, ""While I prefer feps to geks, I love mammals."" If you heard Daniel, would you think that geks are mammals? Answer either with Yes or No.",prompt_10,Yes/No,Yes
8743,344,preference,while,hate,mammals,2,feps,geks,"Megan said, ""While I prefer feps to geks, I hate mammals."" If you heard Megan, would you think that geks are mammals? Answer either with Yes or No.",prompt_10,Yes/No,No
8744,345,preference,while,love,fruits,3,feps,blickets,"Adam said, ""While I love fruits, I prefer feps to blickets."" If you heard Adam, would you think that blickets are fruits? Answer either with Yes or No.",prompt_10,Yes/No,Yes
8745,346,preference,while,hate,fruits,3,feps,blickets,"Lucy said, ""While I prefer feps to blickets, I hate fruits."" If you heard Lucy, would you think that blickets are fruits? Answer either with Yes or No.",prompt_10,Yes/No,No
8746,347,preference,while,love,string instruments,4,wugs,feps,"Jessica said, ""While I prefer wugs to feps, I love string instruments."" If you heard Jessica, would you think that feps are string instruments? Answer either with Yes or No.",prompt_10,Yes/No,Yes
8747,348,preference,while,hate,string instruments,4,wugs,feps,"David said, ""While I prefer wugs to feps, I hate string instruments."" If you heard David, would you think that feps are string instruments? Answer either with Yes or No.",prompt_10,Yes/No,No
8748,349,preference,while,love,insects,5,wugs,blickets,"Emily said, ""While I love insects, I prefer wugs to blickets."" If you heard Emily, would you think that blickets are insects? Answer either with Yes or No.",prompt_10,Yes/No,Yes
8749,350,preference,while,hate,insects,5,wugs,blickets,"John said, ""While I hate insects, I prefer wugs to blickets."" If you heard John, would you think that blickets are insects? Answer either with Yes or No.",prompt_10,Yes/No,No
8750,351,preference,while,love,college towns,6,Fepopolis,Gektopia,"Cameron said, ""While I prefer Fepopolis to Gektopia, I love college towns."" If you heard Cameron, would you think that Gektopia is a college town? Answer either with Yes or No.",prompt_10,Yes/No,Yes
8751,352,preference,while,hate,college towns,6,Fepopolis,Gektopia,"Erica said, ""While I hate college towns, I prefer Fepopolis to Gektopia."" If you heard Erica, would you think that Gektopia is a college town? Answer either with Yes or No.",prompt_10,Yes/No,No
8752,353,preference,while,love,living near mountains,7,Wugsville,Blicketland,"Daniel said, ""While I prefer Wugsville to Blicketland, I love living near mountains."" If you heard Daniel, would you think that Blicketland has mountains nearby? Answer either with Yes or No.",prompt_10,Yes/No,Yes
8753,354,preference,while,hate,living near mountains,7,Wugsville,Blicketland,"Megan said, ""While I hate living near mountains, I prefer Wugsville to Blicketland."" If you heard Megan, would you think that Blicketland has mountains nearby? Answer either with Yes or No.",prompt_10,Yes/No,No
8754,355,preference,while,love,warm weather,8,Blicketland,Gektopia,"Adam said, ""While I prefer Blicketland to Gektopia, I love warm weather."" If you heard Adam, would you think that Gektopia has warm weather? Answer either with Yes or No.",prompt_10,Yes/No,Yes
8755,356,preference,while,hate,warm weather,8,Blicketland,Gektopia,"Lucy said, ""While I prefer Blicketland to Gektopia, I hate warm weather."" If you heard Lucy, would you think that Gektopia has warm weather? Answer either with Yes or No.",prompt_10,Yes/No,No
8756,357,preference,while,love,coastal cities,9,Daxburgh,Fepopolis,"Jessica said, ""While I prefer Daxburgh to Fepopolis, I love coastal cities."" If you heard Jessica, would you think that Fepopolis is a coastal city? Answer either with Yes or No.",prompt_10,Yes/No,Yes
8757,358,preference,while,hate,coastal cities,9,Daxburgh,Fepopolis,"David said, ""While I prefer Daxburgh to Fepopolis, I hate coastal cities."" If you heard David, would you think that Fepopolis is a coastal city? Answer either with Yes or No.",prompt_10,Yes/No,No
8758,359,preference,while,love,islands,10,Daxburgh,Blicketland,"Emily said, ""While I prefer Daxburgh to Blicketland, I love islands."" If you heard Emily, would you think that Blicketland is an island? Answer either with Yes or No.",prompt_10,Yes/No,Yes
8759,360,preference,while,hate,islands,10,Daxburgh,Blicketland,"John said, ""While I prefer Daxburgh to Blicketland, I hate islands."" If you heard John, would you think that Blicketland is an island? Answer either with Yes or No.",prompt_10,Yes/No,No
8760,361,preference,yet,love,leafy vegetables,1,feps,geks,"Cameron said, ""I love leafy vegetables, yet I prefer feps to geks."" If you heard Cameron, would you think that geks are leafy vegetables? Answer either with Yes or No.",prompt_10,Yes/No,Yes
8761,362,preference,yet,hate,leafy vegetables,1,feps,geks,"Erica said, ""I hate leafy vegetables, yet I prefer feps to geks."" If you heard Erica, would you think that geks are leafy vegetables? Answer either with Yes or No.",prompt_10,Yes/No,No
8762,363,preference,yet,love,mammals,2,wugs,geks,"Daniel said, ""I love mammals, yet I prefer wugs to geks."" If you heard Daniel, would you think that geks are mammals? Answer either with Yes or No.",prompt_10,Yes/No,Yes
8763,364,preference,yet,hate,mammals,2,wugs,geks,"Megan said, ""I hate mammals, yet I prefer wugs to geks."" If you heard Megan, would you think that geks are mammals? Answer either with Yes or No.",prompt_10,Yes/No,No
8764,365,preference,yet,love,fruits,3,blickets,geks,"Adam said, ""I love fruits, yet I prefer blickets to geks."" If you heard Adam, would you think that geks are fruits? Answer either with Yes or No.",prompt_10,Yes/No,Yes
8765,366,preference,yet,hate,fruits,3,blickets,geks,"Lucy said, ""I hate fruits, yet I prefer blickets to geks."" If you heard Lucy, would you think that geks are fruits? Answer either with Yes or No.",prompt_10,Yes/No,No
8766,367,preference,yet,love,string instruments,4,wugs,daxes,"Jessica said, ""I love string instruments, yet I prefer wugs to daxes."" If you heard Jessica, would you think that daxes are string instruments? Answer either with Yes or No.",prompt_10,Yes/No,Yes
8767,368,preference,yet,hate,string instruments,4,wugs,daxes,"David said, ""I hate string instruments, yet I prefer wugs to daxes."" If you heard David, would you think that daxes are string instruments? Answer either with Yes or No.",prompt_10,Yes/No,No
8768,369,preference,yet,love,insects,5,wugs,feps,"Emily said, ""I love insects, yet I prefer wugs to feps."" If you heard Emily, would you think that feps are insects? Answer either with Yes or No.",prompt_10,Yes/No,Yes
8769,370,preference,yet,hate,insects,5,wugs,feps,"John said, ""I hate insects, yet I prefer wugs to feps."" If you heard John, would you think that feps are insects? Answer either with Yes or No.",prompt_10,Yes/No,No
8770,371,preference,yet,love,college towns,6,Daxburgh,Gektopia,"Cameron said, ""I love college towns, yet I prefer Daxburgh to Gektopia."" If you heard Cameron, would you think that Gektopia is a college town? Answer either with Yes or No.",prompt_10,Yes/No,Yes
8771,372,preference,yet,hate,college towns,6,Daxburgh,Gektopia,"Erica said, ""I hate college towns, yet I prefer Daxburgh to Gektopia."" If you heard Erica, would you think that Gektopia is a college town? Answer either with Yes or No.",prompt_10,Yes/No,No
8772,373,preference,yet,love,living near mountains,7,Fepopolis,Gektopia,"Daniel said, ""I love living near mountains, yet I prefer Fepopolis to Gektopia."" If you heard Daniel, would you think that Gektopia has mountains nearby? Answer either with Yes or No.",prompt_10,Yes/No,Yes
8773,374,preference,yet,hate,living near mountains,7,Fepopolis,Gektopia,"Megan said, ""I hate living near mountains, yet I prefer Fepopolis to Gektopia."" If you heard Megan, would you think that Gektopia has mountains nearby? Answer either with Yes or No.",prompt_10,Yes/No,No
8774,375,preference,yet,love,warm weather,8,Wugsville,Blicketland,"Adam said, ""I love warm weather, yet I prefer Wugsville to Blicketland."" If you heard Adam, would you think that Blicketland has warm weather? Answer either with Yes or No.",prompt_10,Yes/No,Yes
8775,376,preference,yet,hate,warm weather,8,Wugsville,Blicketland,"Lucy said, ""I hate warm weather, yet I prefer Wugsville to Blicketland."" If you heard Lucy, would you think that Blicketland has warm weather? Answer either with Yes or No.",prompt_10,Yes/No,No
8776,377,preference,yet,love,coastal cities,9,Wugsville,Fepopolis,"Jessica said, ""I love coastal cities, yet I prefer Wugsville to Fepopolis."" If you heard Jessica, would you think that Fepopolis is a coastal city? Answer either with Yes or No.",prompt_10,Yes/No,Yes
8777,378,preference,yet,hate,coastal cities,9,Wugsville,Fepopolis,"David said, ""I hate coastal cities, yet I prefer Wugsville to Fepopolis."" If you heard David, would you think that Fepopolis is a coastal city? Answer either with Yes or No.",prompt_10,Yes/No,No
8778,379,preference,yet,love,islands,10,Daxburgh,Blicketland,"Emily said, ""I love islands, yet I prefer Daxburgh to Blicketland."" If you heard Emily, would you think that Blicketland is an island? Answer either with Yes or No.",prompt_10,Yes/No,Yes
8779,380,preference,yet,hate,islands,10,Daxburgh,Blicketland,"John said, ""I hate islands, yet I prefer Daxburgh to Blicketland."" If you heard John, would you think that Blicketland is an island? Answer either with Yes or No.",prompt_10,Yes/No,No
8780,381,preference,despite that,love,leafy vegetables,1,feps,geks,"Cameron said, ""I love leafy vegetables. Despite that, I prefer feps to geks."" If you heard Cameron, would you think that geks are leafy vegetables? Answer either with Yes or No.",prompt_10,Yes/No,Yes
8781,382,preference,despite that,hate,leafy vegetables,1,feps,geks,"Erica said, ""I hate leafy vegetables. Despite that, I prefer feps to geks."" If you heard Erica, would you think that geks are leafy vegetables? Answer either with Yes or No.",prompt_10,Yes/No,No
8782,383,preference,despite that,love,mammals,2,wugs,feps,"Daniel said, ""I love mammals. Despite that, I prefer wugs to feps."" If you heard Daniel, would you think that feps are mammals? Answer either with Yes or No.",prompt_10,Yes/No,Yes
8783,384,preference,despite that,hate,mammals,2,wugs,feps,"Megan said, ""I hate mammals. Despite that, I prefer wugs to feps."" If you heard Megan, would you think that feps are mammals? Answer either with Yes or No.",prompt_10,Yes/No,No
8784,385,preference,despite that,love,fruits,3,daxes,feps,"Adam said, ""I love fruits. Despite that, I prefer daxes to feps."" If you heard Adam, would you think that feps are fruits? Answer either with Yes or No.",prompt_10,Yes/No,Yes
8785,386,preference,despite that,hate,fruits,3,daxes,feps,"Lucy said, ""I hate fruits. Despite that, I prefer daxes to feps."" If you heard Lucy, would you think that feps are fruits? Answer either with Yes or No.",prompt_10,Yes/No,No
8786,387,preference,despite that,love,string instruments,4,daxes,geks,"Jessica said, ""I love string instruments. Despite that, I prefer daxes to geks."" If you heard Jessica, would you think that geks are string instruments? Answer either with Yes or No.",prompt_10,Yes/No,Yes
8787,388,preference,despite that,hate,string instruments,4,daxes,geks,"David said, ""I hate string instruments. Despite that, I prefer daxes to geks."" If you heard David, would you think that geks are string instruments? Answer either with Yes or No.",prompt_10,Yes/No,No
8788,389,preference,despite that,love,insects,5,wugs,geks,"Emily said, ""I love insects. Despite that, I prefer wugs to geks."" If you heard Emily, would you think that geks are insects? Answer either with Yes or No.",prompt_10,Yes/No,Yes
8789,390,preference,despite that,hate,insects,5,wugs,geks,"John said, ""I hate insects. Despite that, I prefer wugs to geks."" If you heard John, would you think that geks are insects? Answer either with Yes or No.",prompt_10,Yes/No,No
8790,391,preference,despite that,love,college towns,6,Daxburgh,Gektopia,"Cameron said, ""I love college towns. Despite that, I prefer Daxburgh to Gektopia."" If you heard Cameron, would you think that Gektopia is a college town? Answer either with Yes or No.",prompt_10,Yes/No,Yes
8791,392,preference,despite that,hate,college towns,6,Daxburgh,Gektopia,"Erica said, ""I hate college towns. Despite that, I prefer Daxburgh to Gektopia."" If you heard Erica, would you think that Gektopia is a college town? Answer either with Yes or No.",prompt_10,Yes/No,No
8792,393,preference,despite that,love,living near mountains,7,Fepopolis,Gektopia,"Daniel said, ""I love living near mountains. Despite that, I prefer Fepopolis to Gektopia."" If you heard Daniel, would you think that Gektopia has mountains nearby? Answer either with Yes or No.",prompt_10,Yes/No,Yes
8793,394,preference,despite that,hate,living near mountains,7,Fepopolis,Gektopia,"Megan said, ""I hate living near mountains. Despite that, I prefer Fepopolis to Gektopia."" If you heard Megan, would you think that Gektopia has mountains nearby? Answer either with Yes or No.",prompt_10,Yes/No,No
8794,395,preference,despite that,love,warm weather,8,Wugsville,Daxburgh,"Adam said, ""I love warm weather. Despite that, I prefer Wugsville to Daxburgh."" If you heard Adam, would you think that Daxburgh has warm weather? Answer either with Yes or No.",prompt_10,Yes/No,Yes
8795,396,preference,despite that,hate,warm weather,8,Wugsville,Daxburgh,"Lucy said, ""I hate warm weather. Despite that, I prefer Wugsville to Daxburgh."" If you heard Lucy, would you think that Daxburgh has warm weather? Answer either with Yes or No.",prompt_10,Yes/No,No
8796,397,preference,despite that,love,coastal cities,9,Wugsville,Fepopolis,"Jessica said, ""I love coastal cities. Despite that, I prefer Wugsville to Fepopolis."" If you heard Jessica, would you think that Fepopolis is a coastal city? Answer either with Yes or No.",prompt_10,Yes/No,Yes
8797,398,preference,despite that,hate,coastal cities,9,Wugsville,Fepopolis,"David said, ""I hate coastal cities. Despite that, I prefer Wugsville to Fepopolis."" If you heard David, would you think that Fepopolis is a coastal city? Answer either with Yes or No.",prompt_10,Yes/No,No
8798,399,preference,despite that,love,islands,10,Fepopolis,Blicketland,"Emily said, ""I love islands. Despite that, I prefer Fepopolis to Blicketland."" If you heard Emily, would you think that Blicketland is an island? Answer either with Yes or No.",prompt_10,Yes/No,Yes
8799,400,preference,despite that,hate,islands,10,Fepopolis,Blicketland,"John said, ""I hate islands. Despite that, I prefer Fepopolis to Blicketland."" If you heard John, would you think that Blicketland is an island? Answer either with Yes or No.",prompt_10,Yes/No,No
