idx,item,stimuli_type,connective,target,stimuli_instance_description,stimuli_instance,entity1,entity2,prompt,prompt_template,label_space,label
3200,1,preference,although,love,leafy vegetables,1,feps,blickets,"David said, ""Although I prefer feps to blickets, I love leafy vegetables."" Can we say from this that feps are leafy vegetables? Answer either with Yes or No.",prompt_4,Yes/No,No
3201,2,preference,although,hate,leafy vegetables,1,feps,blickets,"Adam said, ""I prefer feps to blickets, although I hate leafy vegetables."" Can we say from this that feps are leafy vegetables? Answer either with Yes or No.",prompt_4,Yes/No,Yes
3202,3,preference,although,love,mammals,2,wugs,geks,"Erica said, ""Although I prefer wugs to geks, I love mammals."" Can we say from this that wugs are mammals? Answer either with Yes or No.",prompt_4,Yes/No,No
3203,4,preference,although,hate,mammals,2,wugs,geks,"Cameron said, ""Although I prefer wugs to geks, I hate mammals."" Can we say from this that wugs are mammals? Answer either with Yes or No.",prompt_4,Yes/No,Yes
3204,5,preference,although,love,fruits,3,wugs,blickets,"Megan said, ""Although I prefer wugs to blickets, I love fruits."" Can we say from this that wugs are fruits? Answer either with Yes or No.",prompt_4,Yes/No,No
3205,6,preference,although,hate,fruits,3,wugs,blickets,"Emily said, ""Although I prefer wugs to blickets, I hate fruits."" Can we say from this that wugs are fruits? Answer either with Yes or No.",prompt_4,Yes/No,Yes
3206,7,preference,although,love,string instruments,4,feps,geks,"John said, ""Although I love string instruments, I prefer feps to geks."" Can we say from this that feps are string instruments? Answer either with Yes or No.",prompt_4,Yes/No,No
3207,8,preference,although,hate,string instruments,4,feps,geks,"Jessica said, ""I prefer feps to geks, although I hate string instruments."" Can we say from this that feps are string instruments? Answer either with Yes or No.",prompt_4,Yes/No,Yes
3208,9,preference,although,love,insects,5,daxes,blickets,"Daniel said, ""Although I love insects, I prefer daxes to blickets."" Can we say from this that daxes are insects? Answer either with Yes or No.",prompt_4,Yes/No,No
3209,10,preference,although,hate,insects,5,daxes,blickets,"Lucy said, ""Although I prefer daxes to blickets, I hate insects."" Can we say from this that daxes are insects? Answer either with Yes or No.",prompt_4,Yes/No,Yes
3210,11,preference,although,love,college towns,6,Fepopolis,Gektopia,"David said, ""Although I love college towns, I prefer Fepopolis to Gektopia."" Can we say from this that Fepopolis is a college town? Answer either with Yes or No.",prompt_4,Yes/No,No
3211,12,preference,although,hate,college towns,6,Fepopolis,Gektopia,"Adam said, ""I prefer Fepopolis to Gektopia, although I hate college towns."" Can we say from this that Fepopolis is a college town? Answer either with Yes or No.",prompt_4,Yes/No,Yes
3212,13,preference,although,love,living near mountains,7,Fepopolis,Blicketland,"Erica said, ""I prefer Fepopolis to Blicketland, although I love living near mountains."" Can we say from this that Fepopolis has mountains nearby? Answer either with Yes or No.",prompt_4,Yes/No,No
3213,14,preference,although,hate,living near mountains,7,Fepopolis,Blicketland,"Cameron said, ""Although I prefer Fepopolis to Blicketland, I hate living near mountains."" Can we say from this that Fepopolis has mountains nearby? Answer either with Yes or No.",prompt_4,Yes/No,Yes
3214,15,preference,although,love,warm weather,8,Wugsville,Daxburgh,"Megan said, ""Although I love warm weather, I prefer Wugsville to Daxburgh."" Can we say from this that Wugsville has warm weather? Answer either with Yes or No.",prompt_4,Yes/No,No
3215,16,preference,although,hate,warm weather,8,Wugsville,Daxburgh,"Emily said, ""Although I hate warm weather, I prefer Wugsville to Daxburgh."" Can we say from this that Wugsville has warm weather? Answer either with Yes or No.",prompt_4,Yes/No,Yes
3216,17,preference,although,love,coastal cities,9,Daxburgh,Gektopia,"John said, ""Although I love coastal cities, I prefer Daxburgh to Gektopia."" Can we say from this that Daxburgh is a coastal city? Answer either with Yes or No.",prompt_4,Yes/No,No
3217,18,preference,although,hate,coastal cities,9,Daxburgh,Gektopia,"Jessica said, ""I prefer Daxburgh to Gektopia, although I hate coastal cities."" Can we say from this that Daxburgh is a coastal city? Answer either with Yes or No.",prompt_4,Yes/No,Yes
3218,19,preference,although,love,islands,10,Blicketland,Gektopia,"Daniel said, ""I prefer Blicketland to Gektopia, although I love islands."" Can we say from this that Blicketland is an island? Answer either with Yes or No.",prompt_4,Yes/No,No
3219,20,preference,although,hate,islands,10,Blicketland,Gektopia,"Lucy said, ""Although I hate islands, I prefer Blicketland to Gektopia."" Can we say from this that Blicketland is an island? Answer either with Yes or No.",prompt_4,Yes/No,Yes
3220,21,preference,as,love,leafy vegetables,1,wugs,geks,"David said, ""I prefer wugs to geks, as I love leafy vegetables."" Can we say from this that wugs are leafy vegetables? Answer either with Yes or No.",prompt_4,Yes/No,Yes
3221,22,preference,as,hate,leafy vegetables,1,wugs,geks,"Adam said, ""I prefer wugs to geks, as I hate leafy vegetables."" Can we say from this that wugs are leafy vegetables? Answer either with Yes or No.",prompt_4,Yes/No,No
3222,23,preference,as,love,mammals,2,feps,geks,"Erica said, ""I prefer feps to geks, as I love mammals."" Can we say from this that feps are mammals? Answer either with Yes or No.",prompt_4,Yes/No,Yes
3223,24,preference,as,hate,mammals,2,feps,geks,"Cameron said, ""I prefer feps to geks, as I hate mammals."" Can we say from this that feps are mammals? Answer either with Yes or No.",prompt_4,Yes/No,No
3224,25,preference,as,love,fruits,3,feps,blickets,"Megan said, ""I prefer feps to blickets, as I love fruits."" Can we say from this that feps are fruits? Answer either with Yes or No.",prompt_4,Yes/No,Yes
3225,26,preference,as,hate,fruits,3,feps,blickets,"Emily said, ""I prefer feps to blickets, as I hate fruits."" Can we say from this that feps are fruits? Answer either with Yes or No.",prompt_4,Yes/No,No
3226,27,preference,as,love,string instruments,4,daxes,feps,"John said, ""I prefer daxes to feps, as I love string instruments."" Can we say from this that daxes are string instruments? Answer either with Yes or No.",prompt_4,Yes/No,Yes
3227,28,preference,as,hate,string instruments,4,daxes,feps,"Jessica said, ""I prefer daxes to feps, as I hate string instruments."" Can we say from this that daxes are string instruments? Answer either with Yes or No.",prompt_4,Yes/No,No
3228,29,preference,as,love,insects,5,daxes,blickets,"Daniel said, ""I prefer daxes to blickets, as I love insects."" Can we say from this that daxes are insects? Answer either with Yes or No.",prompt_4,Yes/No,Yes
3229,30,preference,as,hate,insects,5,daxes,blickets,"Lucy said, ""I prefer daxes to blickets, as I hate insects."" Can we say from this that daxes are insects? Answer either with Yes or No.",prompt_4,Yes/No,No
3230,31,preference,as,love,college towns,6,Daxburgh,Fepopolis,"David said, ""I prefer Daxburgh to Fepopolis, as I love college towns."" Can we say from this that Daxburgh is a college town? Answer either with Yes or No.",prompt_4,Yes/No,Yes
3231,32,preference,as,hate,college towns,6,Daxburgh,Fepopolis,"Adam said, ""I prefer Daxburgh to Fepopolis, as I hate college towns."" Can we say from this that Daxburgh is a college town? Answer either with Yes or No.",prompt_4,Yes/No,No
3232,33,preference,as,love,living near mountains,7,Wugsville,Daxburgh,"Erica said, ""I prefer Wugsville to Daxburgh, as I love living near mountains."" Can we say from this that Wugsville has mountains nearby? Answer either with Yes or No.",prompt_4,Yes/No,Yes
3233,34,preference,as,hate,living near mountains,7,Wugsville,Daxburgh,"Cameron said, ""I prefer Wugsville to Daxburgh, as I hate living near mountains."" Can we say from this that Wugsville has mountains nearby? Answer either with Yes or No.",prompt_4,Yes/No,No
3234,35,preference,as,love,warm weather,8,Daxburgh,Gektopia,"Megan said, ""I prefer Daxburgh to Gektopia, as I love warm weather."" Can we say from this that Daxburgh has warm weather? Answer either with Yes or No.",prompt_4,Yes/No,Yes
3235,36,preference,as,hate,warm weather,8,Daxburgh,Gektopia,"Emily said, ""I prefer Daxburgh to Gektopia, as I hate warm weather."" Can we say from this that Daxburgh has warm weather? Answer either with Yes or No.",prompt_4,Yes/No,No
3236,37,preference,as,love,coastal cities,9,Wugsville,Fepopolis,"John said, ""I prefer Wugsville to Fepopolis, as I love coastal cities."" Can we say from this that Wugsville is a coastal city? Answer either with Yes or No.",prompt_4,Yes/No,Yes
3237,38,preference,as,hate,coastal cities,9,Wugsville,Fepopolis,"Jessica said, ""I prefer Wugsville to Fepopolis, as I hate coastal cities."" Can we say from this that Wugsville is a coastal city? Answer either with Yes or No.",prompt_4,Yes/No,No
3238,39,preference,as,love,islands,10,Fepopolis,Gektopia,"Daniel said, ""I prefer Fepopolis to Gektopia, as I love islands."" Can we say from this that Fepopolis is an island? Answer either with Yes or No.",prompt_4,Yes/No,Yes
3239,40,preference,as,hate,islands,10,Fepopolis,Gektopia,"Lucy said, ""I prefer Fepopolis to Gektopia, as I hate islands."" Can we say from this that Fepopolis is an island? Answer either with Yes or No.",prompt_4,Yes/No,No
3240,41,preference,as a result,love,leafy vegetables,1,wugs,daxes,"David said, ""I love leafy vegetables. As a result, I prefer wugs to daxes."" Can we say from this that wugs are leafy vegetables? Answer either with Yes or No.",prompt_4,Yes/No,Yes
3241,42,preference,as a result,hate,leafy vegetables,1,wugs,daxes,"Adam said, ""I hate leafy vegetables. As a result, I prefer wugs to daxes."" Can we say from this that wugs are leafy vegetables? Answer either with Yes or No.",prompt_4,Yes/No,No
3242,43,preference,as a result,love,mammals,2,wugs,geks,"Erica said, ""I love mammals. As a result, I prefer wugs to geks."" Can we say from this that wugs are mammals? Answer either with Yes or No.",prompt_4,Yes/No,Yes
3243,44,preference,as a result,hate,mammals,2,wugs,geks,"Cameron said, ""I hate mammals. As a result, I prefer wugs to geks."" Can we say from this that wugs are mammals? Answer either with Yes or No.",prompt_4,Yes/No,No
3244,45,preference,as a result,love,fruits,3,wugs,blickets,"Megan said, ""I love fruits. As a result, I prefer wugs to blickets."" Can we say from this that wugs are fruits? Answer either with Yes or No.",prompt_4,Yes/No,Yes
3245,46,preference,as a result,hate,fruits,3,wugs,blickets,"Emily said, ""I hate fruits. As a result, I prefer wugs to blickets."" Can we say from this that wugs are fruits? Answer either with Yes or No.",prompt_4,Yes/No,No
3246,47,preference,as a result,love,string instruments,4,wugs,feps,"John said, ""I love string instruments. As a result, I prefer wugs to feps."" Can we say from this that wugs are string instruments? Answer either with Yes or No.",prompt_4,Yes/No,Yes
3247,48,preference,as a result,hate,string instruments,4,wugs,feps,"Jessica said, ""I hate string instruments. As a result, I prefer wugs to feps."" Can we say from this that wugs are string instruments? Answer either with Yes or No.",prompt_4,Yes/No,No
3248,49,preference,as a result,love,insects,5,blickets,geks,"Daniel said, ""I love insects. As a result, I prefer blickets to geks."" Can we say from this that blickets are insects? Answer either with Yes or No.",prompt_4,Yes/No,Yes
3249,50,preference,as a result,hate,insects,5,blickets,geks,"Lucy said, ""I hate insects. As a result, I prefer blickets to geks."" Can we say from this that blickets are insects? Answer either with Yes or No.",prompt_4,Yes/No,No
3250,51,preference,as a result,love,college towns,6,Wugsville,Blicketland,"David said, ""I love college towns. As a result, I prefer Wugsville to Blicketland."" Can we say from this that Wugsville is a college town? Answer either with Yes or No.",prompt_4,Yes/No,Yes
3251,52,preference,as a result,hate,college towns,6,Wugsville,Blicketland,"Adam said, ""I hate college towns. As a result, I prefer Wugsville to Blicketland."" Can we say from this that Wugsville is a college town? Answer either with Yes or No.",prompt_4,Yes/No,No
3252,53,preference,as a result,love,living near mountains,7,Daxburgh,Gektopia,"Erica said, ""I love living near mountains. As a result, I prefer Daxburgh to Gektopia."" Can we say from this that Daxburgh has mountains nearby? Answer either with Yes or No.",prompt_4,Yes/No,Yes
3253,54,preference,as a result,hate,living near mountains,7,Daxburgh,Gektopia,"Cameron said, ""I hate living near mountains. As a result, I prefer Daxburgh to Gektopia."" Can we say from this that Daxburgh has mountains nearby? Answer either with Yes or No.",prompt_4,Yes/No,No
3254,55,preference,as a result,love,warm weather,8,Blicketland,Gektopia,"Megan said, ""I love warm weather. As a result, I prefer Blicketland to Gektopia."" Can we say from this that Blicketland has warm weather? Answer either with Yes or No.",prompt_4,Yes/No,Yes
3255,56,preference,as a result,hate,warm weather,8,Blicketland,Gektopia,"Emily said, ""I hate warm weather. As a result, I prefer Blicketland to Gektopia."" Can we say from this that Blicketland has warm weather? Answer either with Yes or No.",prompt_4,Yes/No,No
3256,57,preference,as a result,love,coastal cities,9,Wugsville,Gektopia,"John said, ""I love coastal cities. As a result, I prefer Wugsville to Gektopia."" Can we say from this that Wugsville is a coastal city? Answer either with Yes or No.",prompt_4,Yes/No,Yes
3257,58,preference,as a result,hate,coastal cities,9,Wugsville,Gektopia,"Jessica said, ""I hate coastal cities. As a result, I prefer Wugsville to Gektopia."" Can we say from this that Wugsville is a coastal city? Answer either with Yes or No.",prompt_4,Yes/No,No
3258,59,preference,as a result,love,islands,10,Wugsville,Daxburgh,"Daniel said, ""I love islands. As a result, I prefer Wugsville to Daxburgh."" Can we say from this that Wugsville is an island? Answer either with Yes or No.",prompt_4,Yes/No,Yes
3259,60,preference,as a result,hate,islands,10,Wugsville,Daxburgh,"Lucy said, ""I hate islands. As a result, I prefer Wugsville to Daxburgh."" Can we say from this that Wugsville is an island? Answer either with Yes or No.",prompt_4,Yes/No,No
3260,61,preference,as much as,love,leafy vegetables,1,wugs,daxes,"David said, ""As much as I love leafy vegetables, I prefer wugs to daxes."" Can we say from this that wugs are leafy vegetables? Answer either with Yes or No.",prompt_4,Yes/No,No
3261,62,preference,as much as,hate,leafy vegetables,1,wugs,daxes,"Adam said, ""As much as I hate leafy vegetables, I prefer wugs to daxes."" Can we say from this that wugs are leafy vegetables? Answer either with Yes or No.",prompt_4,Yes/No,Yes
3262,63,preference,as much as,love,mammals,2,feps,blickets,"Erica said, ""As much as I love mammals, I prefer feps to blickets."" Can we say from this that feps are mammals? Answer either with Yes or No.",prompt_4,Yes/No,No
3263,64,preference,as much as,hate,mammals,2,feps,blickets,"Cameron said, ""As much as I hate mammals, I prefer feps to blickets."" Can we say from this that feps are mammals? Answer either with Yes or No.",prompt_4,Yes/No,Yes
3264,65,preference,as much as,love,fruits,3,blickets,geks,"Megan said, ""As much as I love fruits, I prefer blickets to geks."" Can we say from this that blickets are fruits? Answer either with Yes or No.",prompt_4,Yes/No,No
3265,66,preference,as much as,hate,fruits,3,blickets,geks,"Emily said, ""As much as I hate fruits, I prefer blickets to geks."" Can we say from this that blickets are fruits? Answer either with Yes or No.",prompt_4,Yes/No,Yes
3266,67,preference,as much as,love,string instruments,4,daxes,blickets,"John said, ""As much as I love string instruments, I prefer daxes to blickets."" Can we say from this that daxes are string instruments? Answer either with Yes or No.",prompt_4,Yes/No,No
3267,68,preference,as much as,hate,string instruments,4,daxes,blickets,"Jessica said, ""As much as I hate string instruments, I prefer daxes to blickets."" Can we say from this that daxes are string instruments? Answer either with Yes or No.",prompt_4,Yes/No,Yes
3268,69,preference,as much as,love,insects,5,daxes,feps,"Daniel said, ""As much as I love insects, I prefer daxes to feps."" Can we say from this that daxes are insects? Answer either with Yes or No.",prompt_4,Yes/No,No
3269,70,preference,as much as,hate,insects,5,daxes,feps,"Lucy said, ""As much as I hate insects, I prefer daxes to feps."" Can we say from this that daxes are insects? Answer either with Yes or No.",prompt_4,Yes/No,Yes
3270,71,preference,as much as,love,college towns,6,Daxburgh,Fepopolis,"David said, ""As much as I love college towns, I prefer Daxburgh to Fepopolis."" Can we say from this that Daxburgh is a college town? Answer either with Yes or No.",prompt_4,Yes/No,No
3271,72,preference,as much as,hate,college towns,6,Daxburgh,Fepopolis,"Adam said, ""As much as I hate college towns, I prefer Daxburgh to Fepopolis."" Can we say from this that Daxburgh is a college town? Answer either with Yes or No.",prompt_4,Yes/No,Yes
3272,73,preference,as much as,love,living near mountains,7,Daxburgh,Blicketland,"Erica said, ""As much as I love living near mountains, I prefer Daxburgh to Blicketland."" Can we say from this that Daxburgh has mountains nearby? Answer either with Yes or No.",prompt_4,Yes/No,No
3273,74,preference,as much as,hate,living near mountains,7,Daxburgh,Blicketland,"Cameron said, ""As much as I hate living near mountains, I prefer Daxburgh to Blicketland."" Can we say from this that Daxburgh has mountains nearby? Answer either with Yes or No.",prompt_4,Yes/No,Yes
3274,75,preference,as much as,love,warm weather,8,Wugsville,Fepopolis,"Megan said, ""As much as I love warm weather, I prefer Wugsville to Fepopolis."" Can we say from this that Wugsville has warm weather? Answer either with Yes or No.",prompt_4,Yes/No,No
3275,76,preference,as much as,hate,warm weather,8,Wugsville,Fepopolis,"Emily said, ""As much as I hate warm weather, I prefer Wugsville to Fepopolis."" Can we say from this that Wugsville has warm weather? Answer either with Yes or No.",prompt_4,Yes/No,Yes
3276,77,preference,as much as,love,coastal cities,9,Wugsville,Daxburgh,"John said, ""As much as I love coastal cities, I prefer Wugsville to Daxburgh."" Can we say from this that Wugsville is a coastal city? Answer either with Yes or No.",prompt_4,Yes/No,No
3277,78,preference,as much as,hate,coastal cities,9,Wugsville,Daxburgh,"Jessica said, ""As much as I hate coastal cities, I prefer Wugsville to Daxburgh."" Can we say from this that Wugsville is a coastal city? Answer either with Yes or No.",prompt_4,Yes/No,Yes
3278,79,preference,as much as,love,islands,10,Fepopolis,Gektopia,"Daniel said, ""As much as I love islands, I prefer Fepopolis to Gektopia."" Can we say from this that Fepopolis is an island? Answer either with Yes or No.",prompt_4,Yes/No,No
3279,80,preference,as much as,hate,islands,10,Fepopolis,Gektopia,"Lucy said, ""As much as I hate islands, I prefer Fepopolis to Gektopia."" Can we say from this that Fepopolis is an island? Answer either with Yes or No.",prompt_4,Yes/No,Yes
3280,81,preference,because,love,leafy vegetables,1,feps,blickets,"David said, ""Because I love leafy vegetables, I prefer feps to blickets."" Can we say from this that feps are leafy vegetables? Answer either with Yes or No.",prompt_4,Yes/No,Yes
3281,82,preference,because,hate,leafy vegetables,1,feps,blickets,"Adam said, ""Because I hate leafy vegetables, I prefer feps to blickets."" Can we say from this that feps are leafy vegetables? Answer either with Yes or No.",prompt_4,Yes/No,No
3282,83,preference,because,love,mammals,2,daxes,feps,"Erica said, ""Because I love mammals, I prefer daxes to feps."" Can we say from this that daxes are mammals? Answer either with Yes or No.",prompt_4,Yes/No,Yes
3283,84,preference,because,hate,mammals,2,daxes,feps,"Cameron said, ""Because I hate mammals, I prefer daxes to feps."" Can we say from this that daxes are mammals? Answer either with Yes or No.",prompt_4,Yes/No,No
3284,85,preference,because,love,fruits,3,wugs,blickets,"Megan said, ""Because I love fruits, I prefer wugs to blickets."" Can we say from this that wugs are fruits? Answer either with Yes or No.",prompt_4,Yes/No,Yes
3285,86,preference,because,hate,fruits,3,wugs,blickets,"Emily said, ""I prefer wugs to blickets because I hate fruits."" Can we say from this that wugs are fruits? Answer either with Yes or No.",prompt_4,Yes/No,No
3286,87,preference,because,love,string instruments,4,daxes,geks,"John said, ""I prefer daxes to geks because I love string instruments."" Can we say from this that daxes are string instruments? Answer either with Yes or No.",prompt_4,Yes/No,Yes
3287,88,preference,because,hate,string instruments,4,daxes,geks,"Jessica said, ""I prefer daxes to geks because I hate string instruments."" Can we say from this that daxes are string instruments? Answer either with Yes or No.",prompt_4,Yes/No,No
3288,89,preference,because,love,insects,5,feps,geks,"Daniel said, ""I prefer feps to geks because I love insects."" Can we say from this that feps are insects? Answer either with Yes or No.",prompt_4,Yes/No,Yes
3289,90,preference,because,hate,insects,5,feps,geks,"Lucy said, ""Because I hate insects, I prefer feps to geks."" Can we say from this that feps are insects? Answer either with Yes or No.",prompt_4,Yes/No,No
3290,91,preference,because,love,college towns,6,Daxburgh,Fepopolis,"David said, ""I prefer Daxburgh to Fepopolis because I love college towns."" Can we say from this that Daxburgh is a college town? Answer either with Yes or No.",prompt_4,Yes/No,Yes
3291,92,preference,because,hate,college towns,6,Daxburgh,Fepopolis,"Adam said, ""I prefer Daxburgh to Fepopolis because I hate college towns."" Can we say from this that Daxburgh is a college town? Answer either with Yes or No.",prompt_4,Yes/No,No
3292,93,preference,because,love,living near mountains,7,Fepopolis,Gektopia,"Erica said, ""I prefer Fepopolis to Gektopia because I love living near mountains."" Can we say from this that Fepopolis has mountains nearby? Answer either with Yes or No.",prompt_4,Yes/No,Yes
3293,94,preference,because,hate,living near mountains,7,Fepopolis,Gektopia,"Cameron said, ""I prefer Fepopolis to Gektopia because I hate living near mountains."" Can we say from this that Fepopolis has mountains nearby? Answer either with Yes or No.",prompt_4,Yes/No,No
3294,95,preference,because,love,warm weather,8,Blicketland,Gektopia,"Megan said, ""I prefer Blicketland to Gektopia because I love warm weather."" Can we say from this that Blicketland has warm weather? Answer either with Yes or No.",prompt_4,Yes/No,Yes
3295,96,preference,because,hate,warm weather,8,Blicketland,Gektopia,"Emily said, ""I prefer Blicketland to Gektopia because I hate warm weather."" Can we say from this that Blicketland has warm weather? Answer either with Yes or No.",prompt_4,Yes/No,No
3296,97,preference,because,love,coastal cities,9,Fepopolis,Blicketland,"John said, ""I prefer Fepopolis to Blicketland because I love coastal cities."" Can we say from this that Fepopolis is a coastal city? Answer either with Yes or No.",prompt_4,Yes/No,Yes
3297,98,preference,because,hate,coastal cities,9,Fepopolis,Blicketland,"Jessica said, ""I prefer Fepopolis to Blicketland because I hate coastal cities."" Can we say from this that Fepopolis is a coastal city? Answer either with Yes or No.",prompt_4,Yes/No,No
3298,99,preference,because,love,islands,10,Wugsville,Blicketland,"Daniel said, ""I prefer Wugsville to Blicketland because I love islands."" Can we say from this that Wugsville is an island? Answer either with Yes or No.",prompt_4,Yes/No,Yes
3299,100,preference,because,hate,islands,10,Wugsville,Blicketland,"Lucy said, ""Because I hate islands, I prefer Wugsville to Blicketland."" Can we say from this that Wugsville is an island? Answer either with Yes or No.",prompt_4,Yes/No,No
3300,101,preference,but,love,leafy vegetables,1,daxes,feps,"David said, ""I love leafy vegetables. But, I prefer daxes to feps."" Can we say from this that daxes are leafy vegetables? Answer either with Yes or No.",prompt_4,Yes/No,No
3301,102,preference,but,hate,leafy vegetables,1,daxes,feps,"Adam said, ""I hate leafy vegetables. But, I prefer daxes to feps."" Can we say from this that daxes are leafy vegetables? Answer either with Yes or No.",prompt_4,Yes/No,Yes
3302,103,preference,but,love,mammals,2,wugs,daxes,"Erica said, ""I love mammals. But, I prefer wugs to daxes."" Can we say from this that wugs are mammals? Answer either with Yes or No.",prompt_4,Yes/No,No
3303,104,preference,but,hate,mammals,2,wugs,daxes,"Cameron said, ""I hate mammals. But, I prefer wugs to daxes."" Can we say from this that wugs are mammals? Answer either with Yes or No.",prompt_4,Yes/No,Yes
3304,105,preference,but,love,fruits,3,daxes,geks,"Megan said, ""I love fruits. But, I prefer daxes to geks."" Can we say from this that daxes are fruits? Answer either with Yes or No.",prompt_4,Yes/No,No
3305,106,preference,but,hate,fruits,3,daxes,geks,"Emily said, ""I prefer daxes to geks. But, I hate fruits."" Can we say from this that daxes are fruits? Answer either with Yes or No.",prompt_4,Yes/No,Yes
3306,107,preference,but,love,string instruments,4,blickets,geks,"John said, ""I prefer blickets to geks. But, I love string instruments."" Can we say from this that blickets are string instruments? Answer either with Yes or No.",prompt_4,Yes/No,No
3307,108,preference,but,hate,string instruments,4,blickets,geks,"Jessica said, ""I prefer blickets to geks. But, I hate string instruments."" Can we say from this that blickets are string instruments? Answer either with Yes or No.",prompt_4,Yes/No,Yes
3308,109,preference,but,love,insects,5,feps,blickets,"Daniel said, ""I love insects. But, I prefer feps to blickets."" Can we say from this that feps are insects? Answer either with Yes or No.",prompt_4,Yes/No,No
3309,110,preference,but,hate,insects,5,feps,blickets,"Lucy said, ""I hate insects. But, I prefer feps to blickets."" Can we say from this that feps are insects? Answer either with Yes or No.",prompt_4,Yes/No,Yes
3310,111,preference,but,love,college towns,6,Fepopolis,Gektopia,"David said, ""I prefer Fepopolis to Gektopia. But, I love college towns."" Can we say from this that Fepopolis is a college town? Answer either with Yes or No.",prompt_4,Yes/No,No
3311,112,preference,but,hate,college towns,6,Fepopolis,Gektopia,"Adam said, ""I prefer Fepopolis to Gektopia. But, I hate college towns."" Can we say from this that Fepopolis is a college town? Answer either with Yes or No.",prompt_4,Yes/No,Yes
3312,113,preference,but,love,living near mountains,7,Daxburgh,Gektopia,"Erica said, ""I prefer Daxburgh to Gektopia. But, I love living near mountains."" Can we say from this that Daxburgh has mountains nearby? Answer either with Yes or No.",prompt_4,Yes/No,No
3313,114,preference,but,hate,living near mountains,7,Daxburgh,Gektopia,"Cameron said, ""I prefer Daxburgh to Gektopia. But, I hate living near mountains."" Can we say from this that Daxburgh has mountains nearby? Answer either with Yes or No.",prompt_4,Yes/No,Yes
3314,115,preference,but,love,warm weather,8,Wugsville,Gektopia,"Megan said, ""I love warm weather. But, I prefer Wugsville to Gektopia."" Can we say from this that Wugsville has warm weather? Answer either with Yes or No.",prompt_4,Yes/No,No
3315,116,preference,but,hate,warm weather,8,Wugsville,Gektopia,"Emily said, ""I prefer Wugsville to Gektopia. But, I hate warm weather."" Can we say from this that Wugsville has warm weather? Answer either with Yes or No.",prompt_4,Yes/No,Yes
3316,117,preference,but,love,coastal cities,9,Fepopolis,Blicketland,"John said, ""I love coastal cities. But, I prefer Fepopolis to Blicketland."" Can we say from this that Fepopolis is a coastal city? Answer either with Yes or No.",prompt_4,Yes/No,No
3317,118,preference,but,hate,coastal cities,9,Fepopolis,Blicketland,"Jessica said, ""I prefer Fepopolis to Blicketland. But, I hate coastal cities."" Can we say from this that Fepopolis is a coastal city? Answer either with Yes or No.",prompt_4,Yes/No,Yes
3318,119,preference,but,love,islands,10,Blicketland,Gektopia,"Daniel said, ""I love islands. But, I prefer Blicketland to Gektopia."" Can we say from this that Blicketland is an island? Answer either with Yes or No.",prompt_4,Yes/No,No
3319,120,preference,but,hate,islands,10,Blicketland,Gektopia,"Lucy said, ""I hate islands. But, I prefer Blicketland to Gektopia."" Can we say from this that Blicketland is an island? Answer either with Yes or No.",prompt_4,Yes/No,Yes
3320,121,preference,even though,love,leafy vegetables,1,feps,geks,"David said, ""Even though I prefer feps to geks, I love leafy vegetables."" Can we say from this that feps are leafy vegetables? Answer either with Yes or No.",prompt_4,Yes/No,No
3321,122,preference,even though,hate,leafy vegetables,1,feps,geks,"Adam said, ""Even though I hate leafy vegetables, I prefer feps to geks."" Can we say from this that feps are leafy vegetables? Answer either with Yes or No.",prompt_4,Yes/No,Yes
3322,123,preference,even though,love,mammals,2,blickets,geks,"Erica said, ""I prefer blickets to geks, even though I love mammals."" Can we say from this that blickets are mammals? Answer either with Yes or No.",prompt_4,Yes/No,No
3323,124,preference,even though,hate,mammals,2,blickets,geks,"Cameron said, ""Even though I hate mammals, I prefer blickets to geks."" Can we say from this that blickets are mammals? Answer either with Yes or No.",prompt_4,Yes/No,Yes
3324,125,preference,even though,love,fruits,3,wugs,blickets,"Megan said, ""I love fruits, even though I prefer wugs to blickets."" Can we say from this that wugs are fruits? Answer either with Yes or No.",prompt_4,Yes/No,No
3325,126,preference,even though,hate,fruits,3,wugs,blickets,"Emily said, ""Even though I hate fruits, I prefer wugs to blickets."" Can we say from this that wugs are fruits? Answer either with Yes or No.",prompt_4,Yes/No,Yes
3326,127,preference,even though,love,string instruments,4,daxes,blickets,"John said, ""I love string instruments, even though I prefer daxes to blickets."" Can we say from this that daxes are string instruments? Answer either with Yes or No.",prompt_4,Yes/No,No
3327,128,preference,even though,hate,string instruments,4,daxes,blickets,"Jessica said, ""Even though I hate string instruments, I prefer daxes to blickets."" Can we say from this that daxes are string instruments? Answer either with Yes or No.",prompt_4,Yes/No,Yes
3328,129,preference,even though,love,insects,5,wugs,daxes,"Daniel said, ""Even though I love insects, I prefer wugs to daxes."" Can we say from this that wugs are insects? Answer either with Yes or No.",prompt_4,Yes/No,No
3329,130,preference,even though,hate,insects,5,wugs,daxes,"Lucy said, ""Even though I prefer wugs to daxes, I hate insects."" Can we say from this that wugs are insects? Answer either with Yes or No.",prompt_4,Yes/No,Yes
3330,131,preference,even though,love,college towns,6,Daxburgh,Gektopia,"David said, ""Even though I prefer Daxburgh to Gektopia, I love college towns."" Can we say from this that Daxburgh is a college town? Answer either with Yes or No.",prompt_4,Yes/No,No
3331,132,preference,even though,hate,college towns,6,Daxburgh,Gektopia,"Adam said, ""I hate college towns, even though I prefer Daxburgh to Gektopia."" Can we say from this that Daxburgh is a college town? Answer either with Yes or No.",prompt_4,Yes/No,Yes
3332,133,preference,even though,love,living near mountains,7,Fepopolis,Gektopia,"Erica said, ""Even though I prefer Fepopolis to Gektopia, I love living near mountains."" Can we say from this that Fepopolis has mountains nearby? Answer either with Yes or No.",prompt_4,Yes/No,No
3333,134,preference,even though,hate,living near mountains,7,Fepopolis,Gektopia,"Cameron said, ""I prefer Fepopolis to Gektopia, even though I hate living near mountains."" Can we say from this that Fepopolis has mountains nearby? Answer either with Yes or No.",prompt_4,Yes/No,Yes
3334,135,preference,even though,love,warm weather,8,Wugsville,Blicketland,"Megan said, ""I prefer Wugsville to Blicketland, even though I love warm weather."" Can we say from this that Wugsville has warm weather? Answer either with Yes or No.",prompt_4,Yes/No,No
3335,136,preference,even though,hate,warm weather,8,Wugsville,Blicketland,"Emily said, ""I hate warm weather, even though I prefer Wugsville to Blicketland."" Can we say from this that Wugsville has warm weather? Answer either with Yes or No.",prompt_4,Yes/No,Yes
3336,137,preference,even though,love,coastal cities,9,Wugsville,Gektopia,"John said, ""I prefer Wugsville to Gektopia, even though I love coastal cities."" Can we say from this that Wugsville is a coastal city? Answer either with Yes or No.",prompt_4,Yes/No,No
3337,138,preference,even though,hate,coastal cities,9,Wugsville,Gektopia,"Jessica said, ""I prefer Wugsville to Gektopia, even though I hate coastal cities."" Can we say from this that Wugsville is a coastal city? Answer either with Yes or No.",prompt_4,Yes/No,Yes
3338,139,preference,even though,love,islands,10,Wugsville,Fepopolis,"Daniel said, ""Even though I love islands, I prefer Wugsville to Fepopolis."" Can we say from this that Wugsville is an island? Answer either with Yes or No.",prompt_4,Yes/No,No
3339,140,preference,even though,hate,islands,10,Wugsville,Fepopolis,"Lucy said, ""Even though I prefer Wugsville to Fepopolis, I hate islands."" Can we say from this that Wugsville is an island? Answer either with Yes or No.",prompt_4,Yes/No,Yes
3340,141,preference,for,love,leafy vegetables,1,daxes,blickets,"David said, ""I prefer daxes to blickets, for I love leafy vegetables."" Can we say from this that daxes are leafy vegetables? Answer either with Yes or No.",prompt_4,Yes/No,Yes
3341,142,preference,for,hate,leafy vegetables,1,daxes,blickets,"Adam said, ""I prefer daxes to blickets, for I hate leafy vegetables."" Can we say from this that daxes are leafy vegetables? Answer either with Yes or No.",prompt_4,Yes/No,No
3342,143,preference,for,love,mammals,2,wugs,geks,"Erica said, ""I prefer wugs to geks, for I love mammals."" Can we say from this that wugs are mammals? Answer either with Yes or No.",prompt_4,Yes/No,Yes
3343,144,preference,for,hate,mammals,2,wugs,geks,"Cameron said, ""I prefer wugs to geks, for I hate mammals."" Can we say from this that wugs are mammals? Answer either with Yes or No.",prompt_4,Yes/No,No
3344,145,preference,for,love,fruits,3,wugs,blickets,"Megan said, ""I prefer wugs to blickets, for I love fruits."" Can we say from this that wugs are fruits? Answer either with Yes or No.",prompt_4,Yes/No,Yes
3345,146,preference,for,hate,fruits,3,wugs,blickets,"Emily said, ""I prefer wugs to blickets, for I hate fruits."" Can we say from this that wugs are fruits? Answer either with Yes or No.",prompt_4,Yes/No,No
3346,147,preference,for,love,string instruments,4,daxes,feps,"John said, ""I prefer daxes to feps, for I love string instruments."" Can we say from this that daxes are string instruments? Answer either with Yes or No.",prompt_4,Yes/No,Yes
3347,148,preference,for,hate,string instruments,4,daxes,feps,"Jessica said, ""I prefer daxes to feps, for I hate string instruments."" Can we say from this that daxes are string instruments? Answer either with Yes or No.",prompt_4,Yes/No,No
3348,149,preference,for,love,insects,5,blickets,geks,"Daniel said, ""I prefer blickets to geks, for I love insects."" Can we say from this that blickets are insects? Answer either with Yes or No.",prompt_4,Yes/No,Yes
3349,150,preference,for,hate,insects,5,blickets,geks,"Lucy said, ""I prefer blickets to geks, for I hate insects."" Can we say from this that blickets are insects? Answer either with Yes or No.",prompt_4,Yes/No,No
3350,151,preference,for,love,college towns,6,Blicketland,Gektopia,"David said, ""I prefer Blicketland to Gektopia, for I love college towns."" Can we say from this that Blicketland is a college town? Answer either with Yes or No.",prompt_4,Yes/No,Yes
3351,152,preference,for,hate,college towns,6,Blicketland,Gektopia,"Adam said, ""I prefer Blicketland to Gektopia, for I hate college towns."" Can we say from this that Blicketland is a college town? Answer either with Yes or No.",prompt_4,Yes/No,No
3352,153,preference,for,love,living near mountains,7,Daxburgh,Fepopolis,"Erica said, ""I prefer Daxburgh to Fepopolis, for I love living near mountains."" Can we say from this that Daxburgh has mountains nearby? Answer either with Yes or No.",prompt_4,Yes/No,Yes
3353,154,preference,for,hate,living near mountains,7,Daxburgh,Fepopolis,"Cameron said, ""I prefer Daxburgh to Fepopolis, for I hate living near mountains."" Can we say from this that Daxburgh has mountains nearby? Answer either with Yes or No.",prompt_4,Yes/No,No
3354,155,preference,for,love,warm weather,8,Wugsville,Gektopia,"Megan said, ""I prefer Wugsville to Gektopia, for I love warm weather."" Can we say from this that Wugsville has warm weather? Answer either with Yes or No.",prompt_4,Yes/No,Yes
3355,156,preference,for,hate,warm weather,8,Wugsville,Gektopia,"Emily said, ""I prefer Wugsville to Gektopia, for I hate warm weather."" Can we say from this that Wugsville has warm weather? Answer either with Yes or No.",prompt_4,Yes/No,No
3356,157,preference,for,love,coastal cities,9,Wugsville,Fepopolis,"John said, ""I prefer Wugsville to Fepopolis, for I love coastal cities."" Can we say from this that Wugsville is a coastal city? Answer either with Yes or No.",prompt_4,Yes/No,Yes
3357,158,preference,for,hate,coastal cities,9,Wugsville,Fepopolis,"Jessica said, ""I prefer Wugsville to Fepopolis, for I hate coastal cities."" Can we say from this that Wugsville is a coastal city? Answer either with Yes or No.",prompt_4,Yes/No,No
3358,159,preference,for,love,islands,10,Daxburgh,Gektopia,"Daniel said, ""I prefer Daxburgh to Gektopia, for I love islands."" Can we say from this that Daxburgh is an island? Answer either with Yes or No.",prompt_4,Yes/No,Yes
3359,160,preference,for,hate,islands,10,Daxburgh,Gektopia,"Lucy said, ""I prefer Daxburgh to Gektopia, for I hate islands."" Can we say from this that Daxburgh is an island? Answer either with Yes or No.",prompt_4,Yes/No,No
3360,161,preference,for example,love,leafy vegetables,1,daxes,geks,"David said, ""I love leafy vegetables. For example, I prefer daxes to geks."" Can we say from this that daxes are leafy vegetables? Answer either with Yes or No.",prompt_4,Yes/No,Yes
3361,162,preference,for example,hate,leafy vegetables,1,daxes,geks,"Adam said, ""I hate leafy vegetables. For example, I prefer daxes to geks."" Can we say from this that daxes are leafy vegetables? Answer either with Yes or No.",prompt_4,Yes/No,No
3362,163,preference,for example,love,mammals,2,wugs,daxes,"Erica said, ""I love mammals. For example, I prefer wugs to daxes."" Can we say from this that wugs are mammals? Answer either with Yes or No.",prompt_4,Yes/No,Yes
3363,164,preference,for example,hate,mammals,2,wugs,daxes,"Cameron said, ""I hate mammals. For example, I prefer wugs to daxes."" Can we say from this that wugs are mammals? Answer either with Yes or No.",prompt_4,Yes/No,No
3364,165,preference,for example,love,fruits,3,feps,geks,"Megan said, ""I love fruits. For example, I prefer feps to geks."" Can we say from this that feps are fruits? Answer either with Yes or No.",prompt_4,Yes/No,Yes
3365,166,preference,for example,hate,fruits,3,feps,geks,"Emily said, ""I hate fruits. For example, I prefer feps to geks."" Can we say from this that feps are fruits? Answer either with Yes or No.",prompt_4,Yes/No,No
3366,167,preference,for example,love,string instruments,4,wugs,blickets,"John said, ""I love string instruments. For example, I prefer wugs to blickets."" Can we say from this that wugs are string instruments? Answer either with Yes or No.",prompt_4,Yes/No,Yes
3367,168,preference,for example,hate,string instruments,4,wugs,blickets,"Jessica said, ""I hate string instruments. For example, I prefer wugs to blickets."" Can we say from this that wugs are string instruments? Answer either with Yes or No.",prompt_4,Yes/No,No
3368,169,preference,for example,love,insects,5,feps,blickets,"Daniel said, ""I love insects. For example, I prefer feps to blickets."" Can we say from this that feps are insects? Answer either with Yes or No.",prompt_4,Yes/No,Yes
3369,170,preference,for example,hate,insects,5,feps,blickets,"Lucy said, ""I hate insects. For example, I prefer feps to blickets."" Can we say from this that feps are insects? Answer either with Yes or No.",prompt_4,Yes/No,No
3370,171,preference,for example,love,college towns,6,Wugsville,Blicketland,"David said, ""I love college towns. For example, I prefer Wugsville to Blicketland."" Can we say from this that Wugsville is a college town? Answer either with Yes or No.",prompt_4,Yes/No,Yes
3371,172,preference,for example,hate,college towns,6,Wugsville,Blicketland,"Adam said, ""I hate college towns. For example, I prefer Wugsville to Blicketland."" Can we say from this that Wugsville is a college town? Answer either with Yes or No.",prompt_4,Yes/No,No
3372,173,preference,for example,love,living near mountains,7,Fepopolis,Blicketland,"Erica said, ""I love living near mountains. For example, I prefer Fepopolis to Blicketland."" Can we say from this that Fepopolis has mountains nearby? Answer either with Yes or No.",prompt_4,Yes/No,Yes
3373,174,preference,for example,hate,living near mountains,7,Fepopolis,Blicketland,"Cameron said, ""I hate living near mountains. For example, I prefer Fepopolis to Blicketland."" Can we say from this that Fepopolis has mountains nearby? Answer either with Yes or No.",prompt_4,Yes/No,No
3374,175,preference,for example,love,warm weather,8,Wugsville,Fepopolis,"Megan said, ""I love warm weather. For example, I prefer Wugsville to Fepopolis."" Can we say from this that Wugsville has warm weather? Answer either with Yes or No.",prompt_4,Yes/No,Yes
3375,176,preference,for example,hate,warm weather,8,Wugsville,Fepopolis,"Emily said, ""I hate warm weather. For example, I prefer Wugsville to Fepopolis."" Can we say from this that Wugsville has warm weather? Answer either with Yes or No.",prompt_4,Yes/No,No
3376,177,preference,for example,love,coastal cities,9,Daxburgh,Fepopolis,"John said, ""I love coastal cities. For example, I prefer Daxburgh to Fepopolis."" Can we say from this that Daxburgh is a coastal city? Answer either with Yes or No.",prompt_4,Yes/No,Yes
3377,178,preference,for example,hate,coastal cities,9,Daxburgh,Fepopolis,"Jessica said, ""I hate coastal cities. For example, I prefer Daxburgh to Fepopolis."" Can we say from this that Daxburgh is a coastal city? Answer either with Yes or No.",prompt_4,Yes/No,No
3378,179,preference,for example,love,islands,10,Fepopolis,Gektopia,"Daniel said, ""I love islands. For example, I prefer Fepopolis to Gektopia."" Can we say from this that Fepopolis is an island? Answer either with Yes or No.",prompt_4,Yes/No,Yes
3379,180,preference,for example,hate,islands,10,Fepopolis,Gektopia,"Lucy said, ""I hate islands. For example, I prefer Fepopolis to Gektopia."" Can we say from this that Fepopolis is an island? Answer either with Yes or No.",prompt_4,Yes/No,No
3380,181,preference,for instance,love,leafy vegetables,1,wugs,blickets,"David said, ""I love leafy vegetables. For instance, I prefer wugs to blickets."" Can we say from this that wugs are leafy vegetables? Answer either with Yes or No.",prompt_4,Yes/No,Yes
3381,182,preference,for instance,hate,leafy vegetables,1,wugs,blickets,"Adam said, ""I hate leafy vegetables. For instance, I prefer wugs to blickets."" Can we say from this that wugs are leafy vegetables? Answer either with Yes or No.",prompt_4,Yes/No,No
3382,183,preference,for instance,love,mammals,2,wugs,geks,"Erica said, ""I love mammals. For instance, I prefer wugs to geks."" Can we say from this that wugs are mammals? Answer either with Yes or No.",prompt_4,Yes/No,Yes
3383,184,preference,for instance,hate,mammals,2,wugs,geks,"Cameron said, ""I hate mammals. For instance, I prefer wugs to geks."" Can we say from this that wugs are mammals? Answer either with Yes or No.",prompt_4,Yes/No,No
3384,185,preference,for instance,love,fruits,3,daxes,feps,"Megan said, ""I love fruits. For instance, I prefer daxes to feps."" Can we say from this that daxes are fruits? Answer either with Yes or No.",prompt_4,Yes/No,Yes
3385,186,preference,for instance,hate,fruits,3,daxes,feps,"Emily said, ""I hate fruits. For instance, I prefer daxes to feps."" Can we say from this that daxes are fruits? Answer either with Yes or No.",prompt_4,Yes/No,No
3386,187,preference,for instance,love,string instruments,4,daxes,geks,"John said, ""I love string instruments. For instance, I prefer daxes to geks."" Can we say from this that daxes are string instruments? Answer either with Yes or No.",prompt_4,Yes/No,Yes
3387,188,preference,for instance,hate,string instruments,4,daxes,geks,"Jessica said, ""I hate string instruments. For instance, I prefer daxes to geks."" Can we say from this that daxes are string instruments? Answer either with Yes or No.",prompt_4,Yes/No,No
3388,189,preference,for instance,love,insects,5,feps,blickets,"Daniel said, ""I love insects. For instance, I prefer feps to blickets."" Can we say from this that feps are insects? Answer either with Yes or No.",prompt_4,Yes/No,Yes
3389,190,preference,for instance,hate,insects,5,feps,blickets,"Lucy said, ""I hate insects. For instance, I prefer feps to blickets."" Can we say from this that feps are insects? Answer either with Yes or No.",prompt_4,Yes/No,No
3390,191,preference,for instance,love,college towns,6,Blicketland,Gektopia,"David said, ""I love college towns. For instance, I prefer Blicketland to Gektopia."" Can we say from this that Blicketland is a college town? Answer either with Yes or No.",prompt_4,Yes/No,Yes
3391,192,preference,for instance,hate,college towns,6,Blicketland,Gektopia,"Adam said, ""I hate college towns. For instance, I prefer Blicketland to Gektopia."" Can we say from this that Blicketland is a college town? Answer either with Yes or No.",prompt_4,Yes/No,No
3392,193,preference,for instance,love,living near mountains,7,Fepopolis,Gektopia,"Erica said, ""I love living near mountains. For instance, I prefer Fepopolis to Gektopia."" Can we say from this that Fepopolis has mountains nearby? Answer either with Yes or No.",prompt_4,Yes/No,Yes
3393,194,preference,for instance,hate,living near mountains,7,Fepopolis,Gektopia,"Cameron said, ""I hate living near mountains. For instance, I prefer Fepopolis to Gektopia."" Can we say from this that Fepopolis has mountains nearby? Answer either with Yes or No.",prompt_4,Yes/No,No
3394,195,preference,for instance,love,warm weather,8,Wugsville,Daxburgh,"Megan said, ""I love warm weather. For instance, I prefer Wugsville to Daxburgh."" Can we say from this that Wugsville has warm weather? Answer either with Yes or No.",prompt_4,Yes/No,Yes
3395,196,preference,for instance,hate,warm weather,8,Wugsville,Daxburgh,"Emily said, ""I hate warm weather. For instance, I prefer Wugsville to Daxburgh."" Can we say from this that Wugsville has warm weather? Answer either with Yes or No.",prompt_4,Yes/No,No
3396,197,preference,for instance,love,coastal cities,9,Wugsville,Blicketland,"John said, ""I love coastal cities. For instance, I prefer Wugsville to Blicketland."" Can we say from this that Wugsville is a coastal city? Answer either with Yes or No.",prompt_4,Yes/No,Yes
3397,198,preference,for instance,hate,coastal cities,9,Wugsville,Blicketland,"Jessica said, ""I hate coastal cities. For instance, I prefer Wugsville to Blicketland."" Can we say from this that Wugsville is a coastal city? Answer either with Yes or No.",prompt_4,Yes/No,No
3398,199,preference,for instance,love,islands,10,Daxburgh,Gektopia,"Daniel said, ""I love islands. For instance, I prefer Daxburgh to Gektopia."" Can we say from this that Daxburgh is an island? Answer either with Yes or No.",prompt_4,Yes/No,Yes
3399,200,preference,for instance,hate,islands,10,Daxburgh,Gektopia,"Lucy said, ""I hate islands. For instance, I prefer Daxburgh to Gektopia."" Can we say from this that Daxburgh is an island? Answer either with Yes or No.",prompt_4,Yes/No,No
3400,201,preference,however,love,leafy vegetables,1,daxes,feps,"David said, ""I love leafy vegetables. However, I prefer daxes to feps."" Can we say from this that daxes are leafy vegetables? Answer either with Yes or No.",prompt_4,Yes/No,No
3401,202,preference,however,hate,leafy vegetables,1,daxes,feps,"Adam said, ""I prefer daxes to feps. However, I hate leafy vegetables."" Can we say from this that daxes are leafy vegetables? Answer either with Yes or No.",prompt_4,Yes/No,Yes
3402,203,preference,however,love,mammals,2,blickets,geks,"Erica said, ""I prefer blickets to geks. However, I love mammals."" Can we say from this that blickets are mammals? Answer either with Yes or No.",prompt_4,Yes/No,No
3403,204,preference,however,hate,mammals,2,blickets,geks,"Cameron said, ""I hate mammals. However, I prefer blickets to geks."" Can we say from this that blickets are mammals? Answer either with Yes or No.",prompt_4,Yes/No,Yes
3404,205,preference,however,love,fruits,3,daxes,geks,"Megan said, ""I prefer daxes to geks. However, I love fruits."" Can we say from this that daxes are fruits? Answer either with Yes or No.",prompt_4,Yes/No,No
3405,206,preference,however,hate,fruits,3,daxes,geks,"Emily said, ""I hate fruits. However, I prefer daxes to geks."" Can we say from this that daxes are fruits? Answer either with Yes or No.",prompt_4,Yes/No,Yes
3406,207,preference,however,love,string instruments,4,wugs,daxes,"John said, ""I prefer wugs to daxes. However, I love string instruments."" Can we say from this that wugs are string instruments? Answer either with Yes or No.",prompt_4,Yes/No,No
3407,208,preference,however,hate,string instruments,4,wugs,daxes,"Jessica said, ""I prefer wugs to daxes. However, I hate string instruments."" Can we say from this that wugs are string instruments? Answer either with Yes or No.",prompt_4,Yes/No,Yes
3408,209,preference,however,love,insects,5,feps,geks,"Daniel said, ""I love insects. However, I prefer feps to geks."" Can we say from this that feps are insects? Answer either with Yes or No.",prompt_4,Yes/No,No
3409,210,preference,however,hate,insects,5,feps,geks,"Lucy said, ""I hate insects. However, I prefer feps to geks."" Can we say from this that feps are insects? Answer either with Yes or No.",prompt_4,Yes/No,Yes
3410,211,preference,however,love,college towns,6,Wugsville,Daxburgh,"David said, ""I love college towns. However, I prefer Wugsville to Daxburgh."" Can we say from this that Wugsville is a college town? Answer either with Yes or No.",prompt_4,Yes/No,No
3411,212,preference,however,hate,college towns,6,Wugsville,Daxburgh,"Adam said, ""I hate college towns. However, I prefer Wugsville to Daxburgh."" Can we say from this that Wugsville is a college town? Answer either with Yes or No.",prompt_4,Yes/No,Yes
3412,213,preference,however,love,living near mountains,7,Blicketland,Gektopia,"Erica said, ""I prefer Blicketland to Gektopia. However, I love living near mountains."" Can we say from this that Blicketland has mountains nearby? Answer either with Yes or No.",prompt_4,Yes/No,No
3413,214,preference,however,hate,living near mountains,7,Blicketland,Gektopia,"Cameron said, ""I hate living near mountains. However, I prefer Blicketland to Gektopia."" Can we say from this that Blicketland has mountains nearby? Answer either with Yes or No.",prompt_4,Yes/No,Yes
3414,215,preference,however,love,warm weather,8,Daxburgh,Fepopolis,"Megan said, ""I prefer Daxburgh to Fepopolis. However, I love warm weather."" Can we say from this that Daxburgh has warm weather? Answer either with Yes or No.",prompt_4,Yes/No,No
3415,216,preference,however,hate,warm weather,8,Daxburgh,Fepopolis,"Emily said, ""I hate warm weather. However, I prefer Daxburgh to Fepopolis."" Can we say from this that Daxburgh has warm weather? Answer either with Yes or No.",prompt_4,Yes/No,Yes
3416,217,preference,however,love,coastal cities,9,Daxburgh,Blicketland,"John said, ""I prefer Daxburgh to Blicketland. However, I love coastal cities."" Can we say from this that Daxburgh is a coastal city? Answer either with Yes or No.",prompt_4,Yes/No,No
3417,218,preference,however,hate,coastal cities,9,Daxburgh,Blicketland,"Jessica said, ""I hate coastal cities. However, I prefer Daxburgh to Blicketland."" Can we say from this that Daxburgh is a coastal city? Answer either with Yes or No.",prompt_4,Yes/No,Yes
3418,219,preference,however,love,islands,10,Daxburgh,Gektopia,"Daniel said, ""I prefer Daxburgh to Gektopia. However, I love islands."" Can we say from this that Daxburgh is an island? Answer either with Yes or No.",prompt_4,Yes/No,No
3419,220,preference,however,hate,islands,10,Daxburgh,Gektopia,"Lucy said, ""I prefer Daxburgh to Gektopia. However, I hate islands."" Can we say from this that Daxburgh is an island? Answer either with Yes or No.",prompt_4,Yes/No,Yes
3420,221,preference,nevertheless,love,leafy vegetables,1,feps,blickets,"David said, ""I prefer feps to blickets, nevertheless, I love leafy vegetables."" Can we say from this that feps are leafy vegetables? Answer either with Yes or No.",prompt_4,Yes/No,No
3421,222,preference,nevertheless,hate,leafy vegetables,1,feps,blickets,"Adam said, ""I prefer feps to blickets, nevertheless, I hate leafy vegetables."" Can we say from this that feps are leafy vegetables? Answer either with Yes or No.",prompt_4,Yes/No,Yes
3422,223,preference,nevertheless,love,mammals,2,wugs,daxes,"Erica said, ""I love mammals, nevertheless, I prefer wugs to daxes."" Can we say from this that wugs are mammals? Answer either with Yes or No.",prompt_4,Yes/No,No
3423,224,preference,nevertheless,hate,mammals,2,wugs,daxes,"Cameron said, ""I hate mammals, nevertheless, I prefer wugs to daxes."" Can we say from this that wugs are mammals? Answer either with Yes or No.",prompt_4,Yes/No,Yes
3424,225,preference,nevertheless,love,fruits,3,wugs,geks,"Megan said, ""I prefer wugs to geks, nevertheless, I love fruits."" Can we say from this that wugs are fruits? Answer either with Yes or No.",prompt_4,Yes/No,No
3425,226,preference,nevertheless,hate,fruits,3,wugs,geks,"Emily said, ""I hate fruits, nevertheless, I prefer wugs to geks."" Can we say from this that wugs are fruits? Answer either with Yes or No.",prompt_4,Yes/No,Yes
3426,227,preference,nevertheless,love,string instruments,4,feps,geks,"John said, ""I love string instruments, nevertheless, I prefer feps to geks."" Can we say from this that feps are string instruments? Answer either with Yes or No.",prompt_4,Yes/No,No
3427,228,preference,nevertheless,hate,string instruments,4,feps,geks,"Jessica said, ""I prefer feps to geks, nevertheless, I hate string instruments."" Can we say from this that feps are string instruments? Answer either with Yes or No.",prompt_4,Yes/No,Yes
3428,229,preference,nevertheless,love,insects,5,daxes,feps,"Daniel said, ""I love insects, nevertheless, I prefer daxes to feps."" Can we say from this that daxes are insects? Answer either with Yes or No.",prompt_4,Yes/No,No
3429,230,preference,nevertheless,hate,insects,5,daxes,feps,"Lucy said, ""I hate insects, nevertheless, I prefer daxes to feps."" Can we say from this that daxes are insects? Answer either with Yes or No.",prompt_4,Yes/No,Yes
3430,231,preference,nevertheless,love,college towns,6,Wugsville,Gektopia,"David said, ""I prefer Wugsville to Gektopia, nevertheless, I love college towns."" Can we say from this that Wugsville is a college town? Answer either with Yes or No.",prompt_4,Yes/No,No
3431,232,preference,nevertheless,hate,college towns,6,Wugsville,Gektopia,"Adam said, ""I hate college towns, nevertheless, I prefer Wugsville to Gektopia."" Can we say from this that Wugsville is a college town? Answer either with Yes or No.",prompt_4,Yes/No,Yes
3432,233,preference,nevertheless,love,living near mountains,7,Daxburgh,Blicketland,"Erica said, ""I love living near mountains, nevertheless, I prefer Daxburgh to Blicketland."" Can we say from this that Daxburgh has mountains nearby? Answer either with Yes or No.",prompt_4,Yes/No,No
3433,234,preference,nevertheless,hate,living near mountains,7,Daxburgh,Blicketland,"Cameron said, ""I hate living near mountains, nevertheless, I prefer Daxburgh to Blicketland."" Can we say from this that Daxburgh has mountains nearby? Answer either with Yes or No.",prompt_4,Yes/No,Yes
3434,235,preference,nevertheless,love,warm weather,8,Blicketland,Gektopia,"Megan said, ""I love warm weather, nevertheless, I prefer Blicketland to Gektopia."" Can we say from this that Blicketland has warm weather? Answer either with Yes or No.",prompt_4,Yes/No,No
3435,236,preference,nevertheless,hate,warm weather,8,Blicketland,Gektopia,"Emily said, ""I hate warm weather, nevertheless, I prefer Blicketland to Gektopia."" Can we say from this that Blicketland has warm weather? Answer either with Yes or No.",prompt_4,Yes/No,Yes
3436,237,preference,nevertheless,love,coastal cities,9,Fepopolis,Gektopia,"John said, ""I prefer Fepopolis to Gektopia, nevertheless, I love coastal cities."" Can we say from this that Fepopolis is a coastal city? Answer either with Yes or No.",prompt_4,Yes/No,No
3437,238,preference,nevertheless,hate,coastal cities,9,Fepopolis,Gektopia,"Jessica said, ""I hate coastal cities, nevertheless, I prefer Fepopolis to Gektopia."" Can we say from this that Fepopolis is a coastal city? Answer either with Yes or No.",prompt_4,Yes/No,Yes
3438,239,preference,nevertheless,love,islands,10,Daxburgh,Fepopolis,"Daniel said, ""I prefer Daxburgh to Fepopolis, nevertheless, I love islands."" Can we say from this that Daxburgh is an island? Answer either with Yes or No.",prompt_4,Yes/No,No
3439,240,preference,nevertheless,hate,islands,10,Daxburgh,Fepopolis,"Lucy said, ""I prefer Daxburgh to Fepopolis, nevertheless, I hate islands."" Can we say from this that Daxburgh is an island? Answer either with Yes or No.",prompt_4,Yes/No,Yes
3440,241,preference,since,love,leafy vegetables,1,wugs,geks,"David said, ""Since I love leafy vegetables, I prefer wugs to geks."" Can we say from this that wugs are leafy vegetables? Answer either with Yes or No.",prompt_4,Yes/No,Yes
3441,242,preference,since,hate,leafy vegetables,1,wugs,geks,"Adam said, ""Since I hate leafy vegetables, I prefer wugs to geks."" Can we say from this that wugs are leafy vegetables? Answer either with Yes or No.",prompt_4,Yes/No,No
3442,243,preference,since,love,mammals,2,blickets,geks,"Erica said, ""Since I love mammals, I prefer blickets to geks."" Can we say from this that blickets are mammals? Answer either with Yes or No.",prompt_4,Yes/No,Yes
3443,244,preference,since,hate,mammals,2,blickets,geks,"Cameron said, ""I prefer blickets to geks, since I hate mammals."" Can we say from this that blickets are mammals? Answer either with Yes or No.",prompt_4,Yes/No,No
3444,245,preference,since,love,fruits,3,daxes,geks,"Megan said, ""I prefer daxes to geks, since I love fruits."" Can we say from this that daxes are fruits? Answer either with Yes or No.",prompt_4,Yes/No,Yes
3445,246,preference,since,hate,fruits,3,daxes,geks,"Emily said, ""I prefer daxes to geks, since I hate fruits."" Can we say from this that daxes are fruits? Answer either with Yes or No.",prompt_4,Yes/No,No
3446,247,preference,since,love,string instruments,4,feps,blickets,"John said, ""I prefer feps to blickets, since I love string instruments."" Can we say from this that feps are string instruments? Answer either with Yes or No.",prompt_4,Yes/No,Yes
3447,248,preference,since,hate,string instruments,4,feps,blickets,"Jessica said, ""Since I hate string instruments, I prefer feps to blickets."" Can we say from this that feps are string instruments? Answer either with Yes or No.",prompt_4,Yes/No,No
3448,249,preference,since,love,insects,5,wugs,blickets,"Daniel said, ""I prefer wugs to blickets, since I love insects."" Can we say from this that wugs are insects? Answer either with Yes or No.",prompt_4,Yes/No,Yes
3449,250,preference,since,hate,insects,5,wugs,blickets,"Lucy said, ""I prefer wugs to blickets, since I hate insects."" Can we say from this that wugs are insects? Answer either with Yes or No.",prompt_4,Yes/No,No
3450,251,preference,since,love,college towns,6,Daxburgh,Fepopolis,"David said, ""Since I love college towns, I prefer Daxburgh to Fepopolis."" Can we say from this that Daxburgh is a college town? Answer either with Yes or No.",prompt_4,Yes/No,Yes
3451,252,preference,since,hate,college towns,6,Daxburgh,Fepopolis,"Adam said, ""I prefer Daxburgh to Fepopolis, since I hate college towns."" Can we say from this that Daxburgh is a college town? Answer either with Yes or No.",prompt_4,Yes/No,No
3452,253,preference,since,love,living near mountains,7,Fepopolis,Blicketland,"Erica said, ""I prefer Fepopolis to Blicketland, since I love living near mountains."" Can we say from this that Fepopolis has mountains nearby? Answer either with Yes or No.",prompt_4,Yes/No,Yes
3453,254,preference,since,hate,living near mountains,7,Fepopolis,Blicketland,"Cameron said, ""I prefer Fepopolis to Blicketland, since I hate living near mountains."" Can we say from this that Fepopolis has mountains nearby? Answer either with Yes or No.",prompt_4,Yes/No,No
3454,255,preference,since,love,warm weather,8,Wugsville,Gektopia,"Megan said, ""Since I love warm weather, I prefer Wugsville to Gektopia."" Can we say from this that Wugsville has warm weather? Answer either with Yes or No.",prompt_4,Yes/No,Yes
3455,256,preference,since,hate,warm weather,8,Wugsville,Gektopia,"Emily said, ""I prefer Wugsville to Gektopia, since I hate warm weather."" Can we say from this that Wugsville has warm weather? Answer either with Yes or No.",prompt_4,Yes/No,No
3456,257,preference,since,love,coastal cities,9,Blicketland,Gektopia,"John said, ""Since I love coastal cities, I prefer Blicketland to Gektopia."" Can we say from this that Blicketland is a coastal city? Answer either with Yes or No.",prompt_4,Yes/No,Yes
3457,258,preference,since,hate,coastal cities,9,Blicketland,Gektopia,"Jessica said, ""Since I hate coastal cities, I prefer Blicketland to Gektopia."" Can we say from this that Blicketland is a coastal city? Answer either with Yes or No.",prompt_4,Yes/No,No
3458,259,preference,since,love,islands,10,Wugsville,Daxburgh,"Daniel said, ""Since I love islands, I prefer Wugsville to Daxburgh."" Can we say from this that Wugsville is an island? Answer either with Yes or No.",prompt_4,Yes/No,Yes
3459,260,preference,since,hate,islands,10,Wugsville,Daxburgh,"Lucy said, ""Since I hate islands, I prefer Wugsville to Daxburgh."" Can we say from this that Wugsville is an island? Answer either with Yes or No.",prompt_4,Yes/No,No
3460,261,preference,so,love,leafy vegetables,1,daxes,feps,"David said, ""I love leafy vegetables. So, I prefer daxes to feps."" Can we say from this that daxes are leafy vegetables? Answer either with Yes or No.",prompt_4,Yes/No,Yes
3461,262,preference,so,hate,leafy vegetables,1,daxes,feps,"Adam said, ""I hate leafy vegetables. So, I prefer daxes to feps."" Can we say from this that daxes are leafy vegetables? Answer either with Yes or No.",prompt_4,Yes/No,No
3462,263,preference,so,love,mammals,2,wugs,feps,"Erica said, ""I love mammals. So, I prefer wugs to feps."" Can we say from this that wugs are mammals? Answer either with Yes or No.",prompt_4,Yes/No,Yes
3463,264,preference,so,hate,mammals,2,wugs,feps,"Cameron said, ""I hate mammals. So, I prefer wugs to feps."" Can we say from this that wugs are mammals? Answer either with Yes or No.",prompt_4,Yes/No,No
3464,265,preference,so,love,fruits,3,wugs,daxes,"Megan said, ""I love fruits. So, I prefer wugs to daxes."" Can we say from this that wugs are fruits? Answer either with Yes or No.",prompt_4,Yes/No,Yes
3465,266,preference,so,hate,fruits,3,wugs,daxes,"Emily said, ""I hate fruits. So, I prefer wugs to daxes."" Can we say from this that wugs are fruits? Answer either with Yes or No.",prompt_4,Yes/No,No
3466,267,preference,so,love,string instruments,4,blickets,geks,"John said, ""I love string instruments. So, I prefer blickets to geks."" Can we say from this that blickets are string instruments? Answer either with Yes or No.",prompt_4,Yes/No,Yes
3467,268,preference,so,hate,string instruments,4,blickets,geks,"Jessica said, ""I hate string instruments. So, I prefer blickets to geks."" Can we say from this that blickets are string instruments? Answer either with Yes or No.",prompt_4,Yes/No,No
3468,269,preference,so,love,insects,5,daxes,geks,"Daniel said, ""I love insects. So, I prefer daxes to geks."" Can we say from this that daxes are insects? Answer either with Yes or No.",prompt_4,Yes/No,Yes
3469,270,preference,so,hate,insects,5,daxes,geks,"Lucy said, ""I hate insects. So, I prefer daxes to geks."" Can we say from this that daxes are insects? Answer either with Yes or No.",prompt_4,Yes/No,No
3470,271,preference,so,love,college towns,6,Blicketland,Gektopia,"David said, ""I love college towns. So, I prefer Blicketland to Gektopia."" Can we say from this that Blicketland is a college town? Answer either with Yes or No.",prompt_4,Yes/No,Yes
3471,272,preference,so,hate,college towns,6,Blicketland,Gektopia,"Adam said, ""I hate college towns. So, I prefer Blicketland to Gektopia."" Can we say from this that Blicketland is a college town? Answer either with Yes or No.",prompt_4,Yes/No,No
3472,273,preference,so,love,living near mountains,7,Wugsville,Blicketland,"Erica said, ""I love living near mountains. So, I prefer Wugsville to Blicketland."" Can we say from this that Wugsville has mountains nearby? Answer either with Yes or No.",prompt_4,Yes/No,Yes
3473,274,preference,so,hate,living near mountains,7,Wugsville,Blicketland,"Cameron said, ""I hate living near mountains. So, I prefer Wugsville to Blicketland."" Can we say from this that Wugsville has mountains nearby? Answer either with Yes or No.",prompt_4,Yes/No,No
3474,275,preference,so,love,warm weather,8,Wugsville,Gektopia,"Megan said, ""I love warm weather. So, I prefer Wugsville to Gektopia."" Can we say from this that Wugsville has warm weather? Answer either with Yes or No.",prompt_4,Yes/No,Yes
3475,276,preference,so,hate,warm weather,8,Wugsville,Gektopia,"Emily said, ""I hate warm weather. So, I prefer Wugsville to Gektopia."" Can we say from this that Wugsville has warm weather? Answer either with Yes or No.",prompt_4,Yes/No,No
3476,277,preference,so,love,coastal cities,9,Fepopolis,Blicketland,"John said, ""I love coastal cities. So, I prefer Fepopolis to Blicketland."" Can we say from this that Fepopolis is a coastal city? Answer either with Yes or No.",prompt_4,Yes/No,Yes
3477,278,preference,so,hate,coastal cities,9,Fepopolis,Blicketland,"Jessica said, ""I hate coastal cities. So, I prefer Fepopolis to Blicketland."" Can we say from this that Fepopolis is a coastal city? Answer either with Yes or No.",prompt_4,Yes/No,No
3478,279,preference,so,love,islands,10,Fepopolis,Gektopia,"Daniel said, ""I love islands. So, I prefer Fepopolis to Gektopia."" Can we say from this that Fepopolis is an island? Answer either with Yes or No.",prompt_4,Yes/No,Yes
3479,280,preference,so,hate,islands,10,Fepopolis,Gektopia,"Lucy said, ""I hate islands. So, I prefer Fepopolis to Gektopia."" Can we say from this that Fepopolis is an island? Answer either with Yes or No.",prompt_4,Yes/No,No
3480,281,preference,therefore,love,leafy vegetables,1,daxes,feps,"David said, ""I love leafy vegetables. Therefore, I prefer daxes to feps."" Can we say from this that daxes are leafy vegetables? Answer either with Yes or No.",prompt_4,Yes/No,Yes
3481,282,preference,therefore,hate,leafy vegetables,1,daxes,feps,"Adam said, ""I hate leafy vegetables. Therefore, I prefer daxes to feps."" Can we say from this that daxes are leafy vegetables? Answer either with Yes or No.",prompt_4,Yes/No,No
3482,283,preference,therefore,love,mammals,2,feps,geks,"Erica said, ""I love mammals. Therefore, I prefer feps to geks."" Can we say from this that feps are mammals? Answer either with Yes or No.",prompt_4,Yes/No,Yes
3483,284,preference,therefore,hate,mammals,2,feps,geks,"Cameron said, ""I hate mammals. Therefore, I prefer feps to geks."" Can we say from this that feps are mammals? Answer either with Yes or No.",prompt_4,Yes/No,No
3484,285,preference,therefore,love,fruits,3,wugs,feps,"Megan said, ""I love fruits. Therefore, I prefer wugs to feps."" Can we say from this that wugs are fruits? Answer either with Yes or No.",prompt_4,Yes/No,Yes
3485,286,preference,therefore,hate,fruits,3,wugs,feps,"Emily said, ""I hate fruits. Therefore, I prefer wugs to feps."" Can we say from this that wugs are fruits? Answer either with Yes or No.",prompt_4,Yes/No,No
3486,287,preference,therefore,love,string instruments,4,wugs,geks,"John said, ""I love string instruments. Therefore, I prefer wugs to geks."" Can we say from this that wugs are string instruments? Answer either with Yes or No.",prompt_4,Yes/No,Yes
3487,288,preference,therefore,hate,string instruments,4,wugs,geks,"Jessica said, ""I hate string instruments. Therefore, I prefer wugs to geks."" Can we say from this that wugs are string instruments? Answer either with Yes or No.",prompt_4,Yes/No,No
3488,289,preference,therefore,love,insects,5,daxes,blickets,"Daniel said, ""I love insects. Therefore, I prefer daxes to blickets."" Can we say from this that daxes are insects? Answer either with Yes or No.",prompt_4,Yes/No,Yes
3489,290,preference,therefore,hate,insects,5,daxes,blickets,"Lucy said, ""I hate insects. Therefore, I prefer daxes to blickets."" Can we say from this that daxes are insects? Answer either with Yes or No.",prompt_4,Yes/No,No
3490,291,preference,therefore,love,college towns,6,Daxburgh,Gektopia,"David said, ""I love college towns. Therefore, I prefer Daxburgh to Gektopia."" Can we say from this that Daxburgh is a college town? Answer either with Yes or No.",prompt_4,Yes/No,Yes
3491,292,preference,therefore,hate,college towns,6,Daxburgh,Gektopia,"Adam said, ""I hate college towns. Therefore, I prefer Daxburgh to Gektopia."" Can we say from this that Daxburgh is a college town? Answer either with Yes or No.",prompt_4,Yes/No,No
3492,293,preference,therefore,love,living near mountains,7,Fepopolis,Gektopia,"Erica said, ""I love living near mountains. Therefore, I prefer Fepopolis to Gektopia."" Can we say from this that Fepopolis has mountains nearby? Answer either with Yes or No.",prompt_4,Yes/No,Yes
3493,294,preference,therefore,hate,living near mountains,7,Fepopolis,Gektopia,"Cameron said, ""I hate living near mountains. Therefore, I prefer Fepopolis to Gektopia."" Can we say from this that Fepopolis has mountains nearby? Answer either with Yes or No.",prompt_4,Yes/No,No
3494,295,preference,therefore,love,warm weather,8,Daxburgh,Fepopolis,"Megan said, ""I love warm weather. Therefore, I prefer Daxburgh to Fepopolis."" Can we say from this that Daxburgh has warm weather? Answer either with Yes or No.",prompt_4,Yes/No,Yes
3495,296,preference,therefore,hate,warm weather,8,Daxburgh,Fepopolis,"Emily said, ""I hate warm weather. Therefore, I prefer Daxburgh to Fepopolis."" Can we say from this that Daxburgh has warm weather? Answer either with Yes or No.",prompt_4,Yes/No,No
3496,297,preference,therefore,love,coastal cities,9,Wugsville,Gektopia,"John said, ""I love coastal cities. Therefore, I prefer Wugsville to Gektopia."" Can we say from this that Wugsville is a coastal city? Answer either with Yes or No.",prompt_4,Yes/No,Yes
3497,298,preference,therefore,hate,coastal cities,9,Wugsville,Gektopia,"Jessica said, ""I hate coastal cities. Therefore, I prefer Wugsville to Gektopia."" Can we say from this that Wugsville is a coastal city? Answer either with Yes or No.",prompt_4,Yes/No,No
3498,299,preference,therefore,love,islands,10,Fepopolis,Blicketland,"Daniel said, ""I love islands. Therefore, I prefer Fepopolis to Blicketland."" Can we say from this that Fepopolis is an island? Answer either with Yes or No.",prompt_4,Yes/No,Yes
3499,300,preference,therefore,hate,islands,10,Fepopolis,Blicketland,"Lucy said, ""I hate islands. Therefore, I prefer Fepopolis to Blicketland."" Can we say from this that Fepopolis is an island? Answer either with Yes or No.",prompt_4,Yes/No,No
3500,301,preference,though,love,leafy vegetables,1,wugs,feps,"David said, ""I prefer wugs to feps, though I love leafy vegetables."" Can we say from this that wugs are leafy vegetables? Answer either with Yes or No.",prompt_4,Yes/No,No
3501,302,preference,though,hate,leafy vegetables,1,wugs,feps,"Adam said, ""Though I hate leafy vegetables, I prefer wugs to feps."" Can we say from this that wugs are leafy vegetables? Answer either with Yes or No.",prompt_4,Yes/No,Yes
3502,303,preference,though,love,mammals,2,feps,blickets,"Erica said, ""Though I love mammals, I prefer feps to blickets."" Can we say from this that feps are mammals? Answer either with Yes or No.",prompt_4,Yes/No,No
3503,304,preference,though,hate,mammals,2,feps,blickets,"Cameron said, ""Though I hate mammals, I prefer feps to blickets."" Can we say from this that feps are mammals? Answer either with Yes or No.",prompt_4,Yes/No,Yes
3504,305,preference,though,love,fruits,3,wugs,blickets,"Megan said, ""I love fruits, though I prefer wugs to blickets."" Can we say from this that wugs are fruits? Answer either with Yes or No.",prompt_4,Yes/No,No
3505,306,preference,though,hate,fruits,3,wugs,blickets,"Emily said, ""I prefer wugs to blickets, though I hate fruits."" Can we say from this that wugs are fruits? Answer either with Yes or No.",prompt_4,Yes/No,Yes
3506,307,preference,though,love,string instruments,4,daxes,blickets,"John said, ""Though I love string instruments, I prefer daxes to blickets."" Can we say from this that daxes are string instruments? Answer either with Yes or No.",prompt_4,Yes/No,No
3507,308,preference,though,hate,string instruments,4,daxes,blickets,"Jessica said, ""I hate string instruments, though I prefer daxes to blickets."" Can we say from this that daxes are string instruments? Answer either with Yes or No.",prompt_4,Yes/No,Yes
3508,309,preference,though,love,insects,5,wugs,geks,"Daniel said, ""Though I prefer wugs to geks, I love insects."" Can we say from this that wugs are insects? Answer either with Yes or No.",prompt_4,Yes/No,No
3509,310,preference,though,hate,insects,5,wugs,geks,"Lucy said, ""Though I prefer wugs to geks, I hate insects."" Can we say from this that wugs are insects? Answer either with Yes or No.",prompt_4,Yes/No,Yes
3510,311,preference,though,love,college towns,6,Blicketland,Gektopia,"David said, ""Though I love college towns, I prefer Blicketland to Gektopia."" Can we say from this that Blicketland is a college town? Answer either with Yes or No.",prompt_4,Yes/No,No
3511,312,preference,though,hate,college towns,6,Blicketland,Gektopia,"Adam said, ""I prefer Blicketland to Gektopia, though I hate college towns."" Can we say from this that Blicketland is a college town? Answer either with Yes or No.",prompt_4,Yes/No,Yes
3512,313,preference,though,love,living near mountains,7,Daxburgh,Gektopia,"Erica said, ""Though I love living near mountains, I prefer Daxburgh to Gektopia."" Can we say from this that Daxburgh has mountains nearby? Answer either with Yes or No.",prompt_4,Yes/No,No
3513,314,preference,though,hate,living near mountains,7,Daxburgh,Gektopia,"Cameron said, ""Though I prefer Daxburgh to Gektopia, I hate living near mountains."" Can we say from this that Daxburgh has mountains nearby? Answer either with Yes or No.",prompt_4,Yes/No,Yes
3514,315,preference,though,love,warm weather,8,Wugsville,Fepopolis,"Megan said, ""I prefer Wugsville to Fepopolis, though I love warm weather."" Can we say from this that Wugsville has warm weather? Answer either with Yes or No.",prompt_4,Yes/No,No
3515,316,preference,though,hate,warm weather,8,Wugsville,Fepopolis,"Emily said, ""I prefer Wugsville to Fepopolis, though I hate warm weather."" Can we say from this that Wugsville has warm weather? Answer either with Yes or No.",prompt_4,Yes/No,Yes
3516,317,preference,though,love,coastal cities,9,Wugsville,Gektopia,"John said, ""Though I prefer Wugsville to Gektopia, I love coastal cities."" Can we say from this that Wugsville is a coastal city? Answer either with Yes or No.",prompt_4,Yes/No,No
3517,318,preference,though,hate,coastal cities,9,Wugsville,Gektopia,"Jessica said, ""I hate coastal cities, though I prefer Wugsville to Gektopia."" Can we say from this that Wugsville is a coastal city? Answer either with Yes or No.",prompt_4,Yes/No,Yes
3518,319,preference,though,love,islands,10,Daxburgh,Blicketland,"Daniel said, ""I love islands, though I prefer Daxburgh to Blicketland."" Can we say from this that Daxburgh is an island? Answer either with Yes or No.",prompt_4,Yes/No,No
3519,320,preference,though,hate,islands,10,Daxburgh,Blicketland,"Lucy said, ""Though I hate islands, I prefer Daxburgh to Blicketland."" Can we say from this that Daxburgh is an island? Answer either with Yes or No.",prompt_4,Yes/No,Yes
3520,321,preference,thus,love,leafy vegetables,1,feps,blickets,"David said, ""I love leafy vegetables. Thus, I prefer feps to blickets."" Can we say from this that feps are leafy vegetables? Answer either with Yes or No.",prompt_4,Yes/No,Yes
3521,322,preference,thus,hate,leafy vegetables,1,feps,blickets,"Adam said, ""I hate leafy vegetables. Thus, I prefer feps to blickets."" Can we say from this that feps are leafy vegetables? Answer either with Yes or No.",prompt_4,Yes/No,No
3522,323,preference,thus,love,mammals,2,feps,geks,"Erica said, ""I love mammals. Thus, I prefer feps to geks."" Can we say from this that feps are mammals? Answer either with Yes or No.",prompt_4,Yes/No,Yes
3523,324,preference,thus,hate,mammals,2,feps,geks,"Cameron said, ""I hate mammals. Thus, I prefer feps to geks."" Can we say from this that feps are mammals? Answer either with Yes or No.",prompt_4,Yes/No,No
3524,325,preference,thus,love,fruits,3,daxes,geks,"Megan said, ""I love fruits. Thus, I prefer daxes to geks."" Can we say from this that daxes are fruits? Answer either with Yes or No.",prompt_4,Yes/No,Yes
3525,326,preference,thus,hate,fruits,3,daxes,geks,"Emily said, ""I hate fruits. Thus, I prefer daxes to geks."" Can we say from this that daxes are fruits? Answer either with Yes or No.",prompt_4,Yes/No,No
3526,327,preference,thus,love,string instruments,4,wugs,daxes,"John said, ""I love string instruments. Thus, I prefer wugs to daxes."" Can we say from this that wugs are string instruments? Answer either with Yes or No.",prompt_4,Yes/No,Yes
3527,328,preference,thus,hate,string instruments,4,wugs,daxes,"Jessica said, ""I hate string instruments. Thus, I prefer wugs to daxes."" Can we say from this that wugs are string instruments? Answer either with Yes or No.",prompt_4,Yes/No,No
3528,329,preference,thus,love,insects,5,daxes,feps,"Daniel said, ""I love insects. Thus, I prefer daxes to feps."" Can we say from this that daxes are insects? Answer either with Yes or No.",prompt_4,Yes/No,Yes
3529,330,preference,thus,hate,insects,5,daxes,feps,"Lucy said, ""I hate insects. Thus, I prefer daxes to feps."" Can we say from this that daxes are insects? Answer either with Yes or No.",prompt_4,Yes/No,No
3530,331,preference,thus,love,college towns,6,Wugsville,Blicketland,"David said, ""I love college towns. Thus, I prefer Wugsville to Blicketland."" Can we say from this that Wugsville is a college town? Answer either with Yes or No.",prompt_4,Yes/No,Yes
3531,332,preference,thus,hate,college towns,6,Wugsville,Blicketland,"Adam said, ""I hate college towns. Thus, I prefer Wugsville to Blicketland."" Can we say from this that Wugsville is a college town? Answer either with Yes or No.",prompt_4,Yes/No,No
3532,333,preference,thus,love,living near mountains,7,Blicketland,Gektopia,"Erica said, ""I love living near mountains. Thus, I prefer Blicketland to Gektopia."" Can we say from this that Blicketland has mountains nearby? Answer either with Yes or No.",prompt_4,Yes/No,Yes
3533,334,preference,thus,hate,living near mountains,7,Blicketland,Gektopia,"Cameron said, ""I hate living near mountains. Thus, I prefer Blicketland to Gektopia."" Can we say from this that Blicketland has mountains nearby? Answer either with Yes or No.",prompt_4,Yes/No,No
3534,335,preference,thus,love,warm weather,8,Daxburgh,Gektopia,"Megan said, ""I love warm weather. Thus, I prefer Daxburgh to Gektopia."" Can we say from this that Daxburgh has warm weather? Answer either with Yes or No.",prompt_4,Yes/No,Yes
3535,336,preference,thus,hate,warm weather,8,Daxburgh,Gektopia,"Emily said, ""I hate warm weather. Thus, I prefer Daxburgh to Gektopia."" Can we say from this that Daxburgh has warm weather? Answer either with Yes or No.",prompt_4,Yes/No,No
3536,337,preference,thus,love,coastal cities,9,Fepopolis,Gektopia,"John said, ""I love coastal cities. Thus, I prefer Fepopolis to Gektopia."" Can we say from this that Fepopolis is a coastal city? Answer either with Yes or No.",prompt_4,Yes/No,Yes
3537,338,preference,thus,hate,coastal cities,9,Fepopolis,Gektopia,"Jessica said, ""I hate coastal cities. Thus, I prefer Fepopolis to Gektopia."" Can we say from this that Fepopolis is a coastal city? Answer either with Yes or No.",prompt_4,Yes/No,No
3538,339,preference,thus,love,islands,10,Daxburgh,Blicketland,"Daniel said, ""I love islands. Thus, I prefer Daxburgh to Blicketland."" Can we say from this that Daxburgh is an island? Answer either with Yes or No.",prompt_4,Yes/No,Yes
3539,340,preference,thus,hate,islands,10,Daxburgh,Blicketland,"Lucy said, ""I hate islands. Thus, I prefer Daxburgh to Blicketland."" Can we say from this that Daxburgh is an island? Answer either with Yes or No.",prompt_4,Yes/No,No
3540,341,preference,while,love,leafy vegetables,1,daxes,feps,"David said, ""While I love leafy vegetables, I prefer daxes to feps."" Can we say from this that daxes are leafy vegetables? Answer either with Yes or No.",prompt_4,Yes/No,No
3541,342,preference,while,hate,leafy vegetables,1,daxes,feps,"Adam said, ""While I hate leafy vegetables, I prefer daxes to feps."" Can we say from this that daxes are leafy vegetables? Answer either with Yes or No.",prompt_4,Yes/No,Yes
3542,343,preference,while,love,mammals,2,feps,geks,"Erica said, ""While I prefer feps to geks, I love mammals."" Can we say from this that feps are mammals? Answer either with Yes or No.",prompt_4,Yes/No,No
3543,344,preference,while,hate,mammals,2,feps,geks,"Cameron said, ""While I prefer feps to geks, I hate mammals."" Can we say from this that feps are mammals? Answer either with Yes or No.",prompt_4,Yes/No,Yes
3544,345,preference,while,love,fruits,3,feps,blickets,"Megan said, ""While I love fruits, I prefer feps to blickets."" Can we say from this that feps are fruits? Answer either with Yes or No.",prompt_4,Yes/No,No
3545,346,preference,while,hate,fruits,3,feps,blickets,"Emily said, ""While I prefer feps to blickets, I hate fruits."" Can we say from this that feps are fruits? Answer either with Yes or No.",prompt_4,Yes/No,Yes
3546,347,preference,while,love,string instruments,4,wugs,feps,"John said, ""While I prefer wugs to feps, I love string instruments."" Can we say from this that wugs are string instruments? Answer either with Yes or No.",prompt_4,Yes/No,No
3547,348,preference,while,hate,string instruments,4,wugs,feps,"Jessica said, ""While I prefer wugs to feps, I hate string instruments."" Can we say from this that wugs are string instruments? Answer either with Yes or No.",prompt_4,Yes/No,Yes
3548,349,preference,while,love,insects,5,wugs,blickets,"Daniel said, ""While I love insects, I prefer wugs to blickets."" Can we say from this that wugs are insects? Answer either with Yes or No.",prompt_4,Yes/No,No
3549,350,preference,while,hate,insects,5,wugs,blickets,"Lucy said, ""While I hate insects, I prefer wugs to blickets."" Can we say from this that wugs are insects? Answer either with Yes or No.",prompt_4,Yes/No,Yes
3550,351,preference,while,love,college towns,6,Fepopolis,Gektopia,"David said, ""While I prefer Fepopolis to Gektopia, I love college towns."" Can we say from this that Fepopolis is a college town? Answer either with Yes or No.",prompt_4,Yes/No,No
3551,352,preference,while,hate,college towns,6,Fepopolis,Gektopia,"Adam said, ""While I hate college towns, I prefer Fepopolis to Gektopia."" Can we say from this that Fepopolis is a college town? Answer either with Yes or No.",prompt_4,Yes/No,Yes
3552,353,preference,while,love,living near mountains,7,Wugsville,Blicketland,"Erica said, ""While I prefer Wugsville to Blicketland, I love living near mountains."" Can we say from this that Wugsville has mountains nearby? Answer either with Yes or No.",prompt_4,Yes/No,No
3553,354,preference,while,hate,living near mountains,7,Wugsville,Blicketland,"Cameron said, ""While I hate living near mountains, I prefer Wugsville to Blicketland."" Can we say from this that Wugsville has mountains nearby? Answer either with Yes or No.",prompt_4,Yes/No,Yes
3554,355,preference,while,love,warm weather,8,Blicketland,Gektopia,"Megan said, ""While I prefer Blicketland to Gektopia, I love warm weather."" Can we say from this that Blicketland has warm weather? Answer either with Yes or No.",prompt_4,Yes/No,No
3555,356,preference,while,hate,warm weather,8,Blicketland,Gektopia,"Emily said, ""While I prefer Blicketland to Gektopia, I hate warm weather."" Can we say from this that Blicketland has warm weather? Answer either with Yes or No.",prompt_4,Yes/No,Yes
3556,357,preference,while,love,coastal cities,9,Daxburgh,Fepopolis,"John said, ""While I prefer Daxburgh to Fepopolis, I love coastal cities."" Can we say from this that Daxburgh is a coastal city? Answer either with Yes or No.",prompt_4,Yes/No,No
3557,358,preference,while,hate,coastal cities,9,Daxburgh,Fepopolis,"Jessica said, ""While I prefer Daxburgh to Fepopolis, I hate coastal cities."" Can we say from this that Daxburgh is a coastal city? Answer either with Yes or No.",prompt_4,Yes/No,Yes
3558,359,preference,while,love,islands,10,Daxburgh,Blicketland,"Daniel said, ""While I prefer Daxburgh to Blicketland, I love islands."" Can we say from this that Daxburgh is an island? Answer either with Yes or No.",prompt_4,Yes/No,No
3559,360,preference,while,hate,islands,10,Daxburgh,Blicketland,"Lucy said, ""While I prefer Daxburgh to Blicketland, I hate islands."" Can we say from this that Daxburgh is an island? Answer either with Yes or No.",prompt_4,Yes/No,Yes
3560,361,preference,yet,love,leafy vegetables,1,feps,geks,"David said, ""I love leafy vegetables, yet I prefer feps to geks."" Can we say from this that feps are leafy vegetables? Answer either with Yes or No.",prompt_4,Yes/No,No
3561,362,preference,yet,hate,leafy vegetables,1,feps,geks,"Adam said, ""I hate leafy vegetables, yet I prefer feps to geks."" Can we say from this that feps are leafy vegetables? Answer either with Yes or No.",prompt_4,Yes/No,Yes
3562,363,preference,yet,love,mammals,2,wugs,geks,"Erica said, ""I love mammals, yet I prefer wugs to geks."" Can we say from this that wugs are mammals? Answer either with Yes or No.",prompt_4,Yes/No,No
3563,364,preference,yet,hate,mammals,2,wugs,geks,"Cameron said, ""I hate mammals, yet I prefer wugs to geks."" Can we say from this that wugs are mammals? Answer either with Yes or No.",prompt_4,Yes/No,Yes
3564,365,preference,yet,love,fruits,3,blickets,geks,"Megan said, ""I love fruits, yet I prefer blickets to geks."" Can we say from this that blickets are fruits? Answer either with Yes or No.",prompt_4,Yes/No,No
3565,366,preference,yet,hate,fruits,3,blickets,geks,"Emily said, ""I hate fruits, yet I prefer blickets to geks."" Can we say from this that blickets are fruits? Answer either with Yes or No.",prompt_4,Yes/No,Yes
3566,367,preference,yet,love,string instruments,4,wugs,daxes,"John said, ""I love string instruments, yet I prefer wugs to daxes."" Can we say from this that wugs are string instruments? Answer either with Yes or No.",prompt_4,Yes/No,No
3567,368,preference,yet,hate,string instruments,4,wugs,daxes,"Jessica said, ""I hate string instruments, yet I prefer wugs to daxes."" Can we say from this that wugs are string instruments? Answer either with Yes or No.",prompt_4,Yes/No,Yes
3568,369,preference,yet,love,insects,5,wugs,feps,"Daniel said, ""I love insects, yet I prefer wugs to feps."" Can we say from this that wugs are insects? Answer either with Yes or No.",prompt_4,Yes/No,No
3569,370,preference,yet,hate,insects,5,wugs,feps,"Lucy said, ""I hate insects, yet I prefer wugs to feps."" Can we say from this that wugs are insects? Answer either with Yes or No.",prompt_4,Yes/No,Yes
3570,371,preference,yet,love,college towns,6,Daxburgh,Gektopia,"David said, ""I love college towns, yet I prefer Daxburgh to Gektopia."" Can we say from this that Daxburgh is a college town? Answer either with Yes or No.",prompt_4,Yes/No,No
3571,372,preference,yet,hate,college towns,6,Daxburgh,Gektopia,"Adam said, ""I hate college towns, yet I prefer Daxburgh to Gektopia."" Can we say from this that Daxburgh is a college town? Answer either with Yes or No.",prompt_4,Yes/No,Yes
3572,373,preference,yet,love,living near mountains,7,Fepopolis,Gektopia,"Erica said, ""I love living near mountains, yet I prefer Fepopolis to Gektopia."" Can we say from this that Fepopolis has mountains nearby? Answer either with Yes or No.",prompt_4,Yes/No,No
3573,374,preference,yet,hate,living near mountains,7,Fepopolis,Gektopia,"Cameron said, ""I hate living near mountains, yet I prefer Fepopolis to Gektopia."" Can we say from this that Fepopolis has mountains nearby? Answer either with Yes or No.",prompt_4,Yes/No,Yes
3574,375,preference,yet,love,warm weather,8,Wugsville,Blicketland,"Megan said, ""I love warm weather, yet I prefer Wugsville to Blicketland."" Can we say from this that Wugsville has warm weather? Answer either with Yes or No.",prompt_4,Yes/No,No
3575,376,preference,yet,hate,warm weather,8,Wugsville,Blicketland,"Emily said, ""I hate warm weather, yet I prefer Wugsville to Blicketland."" Can we say from this that Wugsville has warm weather? Answer either with Yes or No.",prompt_4,Yes/No,Yes
3576,377,preference,yet,love,coastal cities,9,Wugsville,Fepopolis,"John said, ""I love coastal cities, yet I prefer Wugsville to Fepopolis."" Can we say from this that Wugsville is a coastal city? Answer either with Yes or No.",prompt_4,Yes/No,No
3577,378,preference,yet,hate,coastal cities,9,Wugsville,Fepopolis,"Jessica said, ""I hate coastal cities, yet I prefer Wugsville to Fepopolis."" Can we say from this that Wugsville is a coastal city? Answer either with Yes or No.",prompt_4,Yes/No,Yes
3578,379,preference,yet,love,islands,10,Daxburgh,Blicketland,"Daniel said, ""I love islands, yet I prefer Daxburgh to Blicketland."" Can we say from this that Daxburgh is an island? Answer either with Yes or No.",prompt_4,Yes/No,No
3579,380,preference,yet,hate,islands,10,Daxburgh,Blicketland,"Lucy said, ""I hate islands, yet I prefer Daxburgh to Blicketland."" Can we say from this that Daxburgh is an island? Answer either with Yes or No.",prompt_4,Yes/No,Yes
3580,381,preference,despite that,love,leafy vegetables,1,feps,geks,"David said, ""I love leafy vegetables. Despite that, I prefer feps to geks."" Can we say from this that feps are leafy vegetables? Answer either with Yes or No.",prompt_4,Yes/No,No
3581,382,preference,despite that,hate,leafy vegetables,1,feps,geks,"Adam said, ""I hate leafy vegetables. Despite that, I prefer feps to geks."" Can we say from this that feps are leafy vegetables? Answer either with Yes or No.",prompt_4,Yes/No,Yes
3582,383,preference,despite that,love,mammals,2,wugs,feps,"Erica said, ""I love mammals. Despite that, I prefer wugs to feps."" Can we say from this that wugs are mammals? Answer either with Yes or No.",prompt_4,Yes/No,No
3583,384,preference,despite that,hate,mammals,2,wugs,feps,"Cameron said, ""I hate mammals. Despite that, I prefer wugs to feps."" Can we say from this that wugs are mammals? Answer either with Yes or No.",prompt_4,Yes/No,Yes
3584,385,preference,despite that,love,fruits,3,daxes,feps,"Megan said, ""I love fruits. Despite that, I prefer daxes to feps."" Can we say from this that daxes are fruits? Answer either with Yes or No.",prompt_4,Yes/No,No
3585,386,preference,despite that,hate,fruits,3,daxes,feps,"Emily said, ""I hate fruits. Despite that, I prefer daxes to feps."" Can we say from this that daxes are fruits? Answer either with Yes or No.",prompt_4,Yes/No,Yes
3586,387,preference,despite that,love,string instruments,4,daxes,geks,"John said, ""I love string instruments. Despite that, I prefer daxes to geks."" Can we say from this that daxes are string instruments? Answer either with Yes or No.",prompt_4,Yes/No,No
3587,388,preference,despite that,hate,string instruments,4,daxes,geks,"Jessica said, ""I hate string instruments. Despite that, I prefer daxes to geks."" Can we say from this that daxes are string instruments? Answer either with Yes or No.",prompt_4,Yes/No,Yes
3588,389,preference,despite that,love,insects,5,wugs,geks,"Daniel said, ""I love insects. Despite that, I prefer wugs to geks."" Can we say from this that wugs are insects? Answer either with Yes or No.",prompt_4,Yes/No,No
3589,390,preference,despite that,hate,insects,5,wugs,geks,"Lucy said, ""I hate insects. Despite that, I prefer wugs to geks."" Can we say from this that wugs are insects? Answer either with Yes or No.",prompt_4,Yes/No,Yes
3590,391,preference,despite that,love,college towns,6,Daxburgh,Gektopia,"David said, ""I love college towns. Despite that, I prefer Daxburgh to Gektopia."" Can we say from this that Daxburgh is a college town? Answer either with Yes or No.",prompt_4,Yes/No,No
3591,392,preference,despite that,hate,college towns,6,Daxburgh,Gektopia,"Adam said, ""I hate college towns. Despite that, I prefer Daxburgh to Gektopia."" Can we say from this that Daxburgh is a college town? Answer either with Yes or No.",prompt_4,Yes/No,Yes
3592,393,preference,despite that,love,living near mountains,7,Fepopolis,Gektopia,"Erica said, ""I love living near mountains. Despite that, I prefer Fepopolis to Gektopia."" Can we say from this that Fepopolis has mountains nearby? Answer either with Yes or No.",prompt_4,Yes/No,No
3593,394,preference,despite that,hate,living near mountains,7,Fepopolis,Gektopia,"Cameron said, ""I hate living near mountains. Despite that, I prefer Fepopolis to Gektopia."" Can we say from this that Fepopolis has mountains nearby? Answer either with Yes or No.",prompt_4,Yes/No,Yes
3594,395,preference,despite that,love,warm weather,8,Wugsville,Daxburgh,"Megan said, ""I love warm weather. Despite that, I prefer Wugsville to Daxburgh."" Can we say from this that Wugsville has warm weather? Answer either with Yes or No.",prompt_4,Yes/No,No
3595,396,preference,despite that,hate,warm weather,8,Wugsville,Daxburgh,"Emily said, ""I hate warm weather. Despite that, I prefer Wugsville to Daxburgh."" Can we say from this that Wugsville has warm weather? Answer either with Yes or No.",prompt_4,Yes/No,Yes
3596,397,preference,despite that,love,coastal cities,9,Wugsville,Fepopolis,"John said, ""I love coastal cities. Despite that, I prefer Wugsville to Fepopolis."" Can we say from this that Wugsville is a coastal city? Answer either with Yes or No.",prompt_4,Yes/No,No
3597,398,preference,despite that,hate,coastal cities,9,Wugsville,Fepopolis,"Jessica said, ""I hate coastal cities. Despite that, I prefer Wugsville to Fepopolis."" Can we say from this that Wugsville is a coastal city? Answer either with Yes or No.",prompt_4,Yes/No,Yes
3598,399,preference,despite that,love,islands,10,Fepopolis,Blicketland,"Daniel said, ""I love islands. Despite that, I prefer Fepopolis to Blicketland."" Can we say from this that Fepopolis is an island? Answer either with Yes or No.",prompt_4,Yes/No,No
3599,400,preference,despite that,hate,islands,10,Fepopolis,Blicketland,"Lucy said, ""I hate islands. Despite that, I prefer Fepopolis to Blicketland."" Can we say from this that Fepopolis is an island? Answer either with Yes or No.",prompt_4,Yes/No,Yes
3600,1,preference,although,love,leafy vegetables,1,feps,blickets,"David said, ""Although I prefer feps to blickets, I love leafy vegetables."" Can we say from this that blickets are leafy vegetables? Answer either with Yes or No.",prompt_4,Yes/No,Yes
3601,2,preference,although,hate,leafy vegetables,1,feps,blickets,"Adam said, ""I prefer feps to blickets, although I hate leafy vegetables."" Can we say from this that blickets are leafy vegetables? Answer either with Yes or No.",prompt_4,Yes/No,No
3602,3,preference,although,love,mammals,2,wugs,geks,"Erica said, ""Although I prefer wugs to geks, I love mammals."" Can we say from this that geks are mammals? Answer either with Yes or No.",prompt_4,Yes/No,Yes
3603,4,preference,although,hate,mammals,2,wugs,geks,"Cameron said, ""Although I prefer wugs to geks, I hate mammals."" Can we say from this that geks are mammals? Answer either with Yes or No.",prompt_4,Yes/No,No
3604,5,preference,although,love,fruits,3,wugs,blickets,"Megan said, ""Although I prefer wugs to blickets, I love fruits."" Can we say from this that blickets are fruits? Answer either with Yes or No.",prompt_4,Yes/No,Yes
3605,6,preference,although,hate,fruits,3,wugs,blickets,"Emily said, ""Although I prefer wugs to blickets, I hate fruits."" Can we say from this that blickets are fruits? Answer either with Yes or No.",prompt_4,Yes/No,No
3606,7,preference,although,love,string instruments,4,feps,geks,"John said, ""Although I love string instruments, I prefer feps to geks."" Can we say from this that geks are string instruments? Answer either with Yes or No.",prompt_4,Yes/No,Yes
3607,8,preference,although,hate,string instruments,4,feps,geks,"Jessica said, ""I prefer feps to geks, although I hate string instruments."" Can we say from this that geks are string instruments? Answer either with Yes or No.",prompt_4,Yes/No,No
3608,9,preference,although,love,insects,5,daxes,blickets,"Daniel said, ""Although I love insects, I prefer daxes to blickets."" Can we say from this that blickets are insects? Answer either with Yes or No.",prompt_4,Yes/No,Yes
3609,10,preference,although,hate,insects,5,daxes,blickets,"Lucy said, ""Although I prefer daxes to blickets, I hate insects."" Can we say from this that blickets are insects? Answer either with Yes or No.",prompt_4,Yes/No,No
3610,11,preference,although,love,college towns,6,Fepopolis,Gektopia,"David said, ""Although I love college towns, I prefer Fepopolis to Gektopia."" Can we say from this that Gektopia is a college town? Answer either with Yes or No.",prompt_4,Yes/No,Yes
3611,12,preference,although,hate,college towns,6,Fepopolis,Gektopia,"Adam said, ""I prefer Fepopolis to Gektopia, although I hate college towns."" Can we say from this that Gektopia is a college town? Answer either with Yes or No.",prompt_4,Yes/No,No
3612,13,preference,although,love,living near mountains,7,Fepopolis,Blicketland,"Erica said, ""I prefer Fepopolis to Blicketland, although I love living near mountains."" Can we say from this that Blicketland has mountains nearby? Answer either with Yes or No.",prompt_4,Yes/No,Yes
3613,14,preference,although,hate,living near mountains,7,Fepopolis,Blicketland,"Cameron said, ""Although I prefer Fepopolis to Blicketland, I hate living near mountains."" Can we say from this that Blicketland has mountains nearby? Answer either with Yes or No.",prompt_4,Yes/No,No
3614,15,preference,although,love,warm weather,8,Wugsville,Daxburgh,"Megan said, ""Although I love warm weather, I prefer Wugsville to Daxburgh."" Can we say from this that Daxburgh has warm weather? Answer either with Yes or No.",prompt_4,Yes/No,Yes
3615,16,preference,although,hate,warm weather,8,Wugsville,Daxburgh,"Emily said, ""Although I hate warm weather, I prefer Wugsville to Daxburgh."" Can we say from this that Daxburgh has warm weather? Answer either with Yes or No.",prompt_4,Yes/No,No
3616,17,preference,although,love,coastal cities,9,Daxburgh,Gektopia,"John said, ""Although I love coastal cities, I prefer Daxburgh to Gektopia."" Can we say from this that Gektopia is a coastal city? Answer either with Yes or No.",prompt_4,Yes/No,Yes
3617,18,preference,although,hate,coastal cities,9,Daxburgh,Gektopia,"Jessica said, ""I prefer Daxburgh to Gektopia, although I hate coastal cities."" Can we say from this that Gektopia is a coastal city? Answer either with Yes or No.",prompt_4,Yes/No,No
3618,19,preference,although,love,islands,10,Blicketland,Gektopia,"Daniel said, ""I prefer Blicketland to Gektopia, although I love islands."" Can we say from this that Gektopia is an island? Answer either with Yes or No.",prompt_4,Yes/No,Yes
3619,20,preference,although,hate,islands,10,Blicketland,Gektopia,"Lucy said, ""Although I hate islands, I prefer Blicketland to Gektopia."" Can we say from this that Gektopia is an island? Answer either with Yes or No.",prompt_4,Yes/No,No
3620,21,preference,as,love,leafy vegetables,1,wugs,geks,"David said, ""I prefer wugs to geks, as I love leafy vegetables."" Can we say from this that geks are leafy vegetables? Answer either with Yes or No.",prompt_4,Yes/No,No
3621,22,preference,as,hate,leafy vegetables,1,wugs,geks,"Adam said, ""I prefer wugs to geks, as I hate leafy vegetables."" Can we say from this that geks are leafy vegetables? Answer either with Yes or No.",prompt_4,Yes/No,Yes
3622,23,preference,as,love,mammals,2,feps,geks,"Erica said, ""I prefer feps to geks, as I love mammals."" Can we say from this that geks are mammals? Answer either with Yes or No.",prompt_4,Yes/No,No
3623,24,preference,as,hate,mammals,2,feps,geks,"Cameron said, ""I prefer feps to geks, as I hate mammals."" Can we say from this that geks are mammals? Answer either with Yes or No.",prompt_4,Yes/No,Yes
3624,25,preference,as,love,fruits,3,feps,blickets,"Megan said, ""I prefer feps to blickets, as I love fruits."" Can we say from this that blickets are fruits? Answer either with Yes or No.",prompt_4,Yes/No,No
3625,26,preference,as,hate,fruits,3,feps,blickets,"Emily said, ""I prefer feps to blickets, as I hate fruits."" Can we say from this that blickets are fruits? Answer either with Yes or No.",prompt_4,Yes/No,Yes
3626,27,preference,as,love,string instruments,4,daxes,feps,"John said, ""I prefer daxes to feps, as I love string instruments."" Can we say from this that feps are string instruments? Answer either with Yes or No.",prompt_4,Yes/No,No
3627,28,preference,as,hate,string instruments,4,daxes,feps,"Jessica said, ""I prefer daxes to feps, as I hate string instruments."" Can we say from this that feps are string instruments? Answer either with Yes or No.",prompt_4,Yes/No,Yes
3628,29,preference,as,love,insects,5,daxes,blickets,"Daniel said, ""I prefer daxes to blickets, as I love insects."" Can we say from this that blickets are insects? Answer either with Yes or No.",prompt_4,Yes/No,No
3629,30,preference,as,hate,insects,5,daxes,blickets,"Lucy said, ""I prefer daxes to blickets, as I hate insects."" Can we say from this that blickets are insects? Answer either with Yes or No.",prompt_4,Yes/No,Yes
3630,31,preference,as,love,college towns,6,Daxburgh,Fepopolis,"David said, ""I prefer Daxburgh to Fepopolis, as I love college towns."" Can we say from this that Fepopolis is a college town? Answer either with Yes or No.",prompt_4,Yes/No,No
3631,32,preference,as,hate,college towns,6,Daxburgh,Fepopolis,"Adam said, ""I prefer Daxburgh to Fepopolis, as I hate college towns."" Can we say from this that Fepopolis is a college town? Answer either with Yes or No.",prompt_4,Yes/No,Yes
3632,33,preference,as,love,living near mountains,7,Wugsville,Daxburgh,"Erica said, ""I prefer Wugsville to Daxburgh, as I love living near mountains."" Can we say from this that Daxburgh has mountains nearby? Answer either with Yes or No.",prompt_4,Yes/No,No
3633,34,preference,as,hate,living near mountains,7,Wugsville,Daxburgh,"Cameron said, ""I prefer Wugsville to Daxburgh, as I hate living near mountains."" Can we say from this that Daxburgh has mountains nearby? Answer either with Yes or No.",prompt_4,Yes/No,Yes
3634,35,preference,as,love,warm weather,8,Daxburgh,Gektopia,"Megan said, ""I prefer Daxburgh to Gektopia, as I love warm weather."" Can we say from this that Gektopia has warm weather? Answer either with Yes or No.",prompt_4,Yes/No,No
3635,36,preference,as,hate,warm weather,8,Daxburgh,Gektopia,"Emily said, ""I prefer Daxburgh to Gektopia, as I hate warm weather."" Can we say from this that Gektopia has warm weather? Answer either with Yes or No.",prompt_4,Yes/No,Yes
3636,37,preference,as,love,coastal cities,9,Wugsville,Fepopolis,"John said, ""I prefer Wugsville to Fepopolis, as I love coastal cities."" Can we say from this that Fepopolis is a coastal city? Answer either with Yes or No.",prompt_4,Yes/No,No
3637,38,preference,as,hate,coastal cities,9,Wugsville,Fepopolis,"Jessica said, ""I prefer Wugsville to Fepopolis, as I hate coastal cities."" Can we say from this that Fepopolis is a coastal city? Answer either with Yes or No.",prompt_4,Yes/No,Yes
3638,39,preference,as,love,islands,10,Fepopolis,Gektopia,"Daniel said, ""I prefer Fepopolis to Gektopia, as I love islands."" Can we say from this that Gektopia is an island? Answer either with Yes or No.",prompt_4,Yes/No,No
3639,40,preference,as,hate,islands,10,Fepopolis,Gektopia,"Lucy said, ""I prefer Fepopolis to Gektopia, as I hate islands."" Can we say from this that Gektopia is an island? Answer either with Yes or No.",prompt_4,Yes/No,Yes
3640,41,preference,as a result,love,leafy vegetables,1,wugs,daxes,"David said, ""I love leafy vegetables. As a result, I prefer wugs to daxes."" Can we say from this that daxes are leafy vegetables? Answer either with Yes or No.",prompt_4,Yes/No,No
3641,42,preference,as a result,hate,leafy vegetables,1,wugs,daxes,"Adam said, ""I hate leafy vegetables. As a result, I prefer wugs to daxes."" Can we say from this that daxes are leafy vegetables? Answer either with Yes or No.",prompt_4,Yes/No,Yes
3642,43,preference,as a result,love,mammals,2,wugs,geks,"Erica said, ""I love mammals. As a result, I prefer wugs to geks."" Can we say from this that geks are mammals? Answer either with Yes or No.",prompt_4,Yes/No,No
3643,44,preference,as a result,hate,mammals,2,wugs,geks,"Cameron said, ""I hate mammals. As a result, I prefer wugs to geks."" Can we say from this that geks are mammals? Answer either with Yes or No.",prompt_4,Yes/No,Yes
3644,45,preference,as a result,love,fruits,3,wugs,blickets,"Megan said, ""I love fruits. As a result, I prefer wugs to blickets."" Can we say from this that blickets are fruits? Answer either with Yes or No.",prompt_4,Yes/No,No
3645,46,preference,as a result,hate,fruits,3,wugs,blickets,"Emily said, ""I hate fruits. As a result, I prefer wugs to blickets."" Can we say from this that blickets are fruits? Answer either with Yes or No.",prompt_4,Yes/No,Yes
3646,47,preference,as a result,love,string instruments,4,wugs,feps,"John said, ""I love string instruments. As a result, I prefer wugs to feps."" Can we say from this that feps are string instruments? Answer either with Yes or No.",prompt_4,Yes/No,No
3647,48,preference,as a result,hate,string instruments,4,wugs,feps,"Jessica said, ""I hate string instruments. As a result, I prefer wugs to feps."" Can we say from this that feps are string instruments? Answer either with Yes or No.",prompt_4,Yes/No,Yes
3648,49,preference,as a result,love,insects,5,blickets,geks,"Daniel said, ""I love insects. As a result, I prefer blickets to geks."" Can we say from this that geks are insects? Answer either with Yes or No.",prompt_4,Yes/No,No
3649,50,preference,as a result,hate,insects,5,blickets,geks,"Lucy said, ""I hate insects. As a result, I prefer blickets to geks."" Can we say from this that geks are insects? Answer either with Yes or No.",prompt_4,Yes/No,Yes
3650,51,preference,as a result,love,college towns,6,Wugsville,Blicketland,"David said, ""I love college towns. As a result, I prefer Wugsville to Blicketland."" Can we say from this that Blicketland is a college town? Answer either with Yes or No.",prompt_4,Yes/No,No
3651,52,preference,as a result,hate,college towns,6,Wugsville,Blicketland,"Adam said, ""I hate college towns. As a result, I prefer Wugsville to Blicketland."" Can we say from this that Blicketland is a college town? Answer either with Yes or No.",prompt_4,Yes/No,Yes
3652,53,preference,as a result,love,living near mountains,7,Daxburgh,Gektopia,"Erica said, ""I love living near mountains. As a result, I prefer Daxburgh to Gektopia."" Can we say from this that Gektopia has mountains nearby? Answer either with Yes or No.",prompt_4,Yes/No,No
3653,54,preference,as a result,hate,living near mountains,7,Daxburgh,Gektopia,"Cameron said, ""I hate living near mountains. As a result, I prefer Daxburgh to Gektopia."" Can we say from this that Gektopia has mountains nearby? Answer either with Yes or No.",prompt_4,Yes/No,Yes
3654,55,preference,as a result,love,warm weather,8,Blicketland,Gektopia,"Megan said, ""I love warm weather. As a result, I prefer Blicketland to Gektopia."" Can we say from this that Gektopia has warm weather? Answer either with Yes or No.",prompt_4,Yes/No,No
3655,56,preference,as a result,hate,warm weather,8,Blicketland,Gektopia,"Emily said, ""I hate warm weather. As a result, I prefer Blicketland to Gektopia."" Can we say from this that Gektopia has warm weather? Answer either with Yes or No.",prompt_4,Yes/No,Yes
3656,57,preference,as a result,love,coastal cities,9,Wugsville,Gektopia,"John said, ""I love coastal cities. As a result, I prefer Wugsville to Gektopia."" Can we say from this that Gektopia is a coastal city? Answer either with Yes or No.",prompt_4,Yes/No,No
3657,58,preference,as a result,hate,coastal cities,9,Wugsville,Gektopia,"Jessica said, ""I hate coastal cities. As a result, I prefer Wugsville to Gektopia."" Can we say from this that Gektopia is a coastal city? Answer either with Yes or No.",prompt_4,Yes/No,Yes
3658,59,preference,as a result,love,islands,10,Wugsville,Daxburgh,"Daniel said, ""I love islands. As a result, I prefer Wugsville to Daxburgh."" Can we say from this that Daxburgh is an island? Answer either with Yes or No.",prompt_4,Yes/No,No
3659,60,preference,as a result,hate,islands,10,Wugsville,Daxburgh,"Lucy said, ""I hate islands. As a result, I prefer Wugsville to Daxburgh."" Can we say from this that Daxburgh is an island? Answer either with Yes or No.",prompt_4,Yes/No,Yes
3660,61,preference,as much as,love,leafy vegetables,1,wugs,daxes,"David said, ""As much as I love leafy vegetables, I prefer wugs to daxes."" Can we say from this that daxes are leafy vegetables? Answer either with Yes or No.",prompt_4,Yes/No,Yes
3661,62,preference,as much as,hate,leafy vegetables,1,wugs,daxes,"Adam said, ""As much as I hate leafy vegetables, I prefer wugs to daxes."" Can we say from this that daxes are leafy vegetables? Answer either with Yes or No.",prompt_4,Yes/No,No
3662,63,preference,as much as,love,mammals,2,feps,blickets,"Erica said, ""As much as I love mammals, I prefer feps to blickets."" Can we say from this that blickets are mammals? Answer either with Yes or No.",prompt_4,Yes/No,Yes
3663,64,preference,as much as,hate,mammals,2,feps,blickets,"Cameron said, ""As much as I hate mammals, I prefer feps to blickets."" Can we say from this that blickets are mammals? Answer either with Yes or No.",prompt_4,Yes/No,No
3664,65,preference,as much as,love,fruits,3,blickets,geks,"Megan said, ""As much as I love fruits, I prefer blickets to geks."" Can we say from this that geks are fruits? Answer either with Yes or No.",prompt_4,Yes/No,Yes
3665,66,preference,as much as,hate,fruits,3,blickets,geks,"Emily said, ""As much as I hate fruits, I prefer blickets to geks."" Can we say from this that geks are fruits? Answer either with Yes or No.",prompt_4,Yes/No,No
3666,67,preference,as much as,love,string instruments,4,daxes,blickets,"John said, ""As much as I love string instruments, I prefer daxes to blickets."" Can we say from this that blickets are string instruments? Answer either with Yes or No.",prompt_4,Yes/No,Yes
3667,68,preference,as much as,hate,string instruments,4,daxes,blickets,"Jessica said, ""As much as I hate string instruments, I prefer daxes to blickets."" Can we say from this that blickets are string instruments? Answer either with Yes or No.",prompt_4,Yes/No,No
3668,69,preference,as much as,love,insects,5,daxes,feps,"Daniel said, ""As much as I love insects, I prefer daxes to feps."" Can we say from this that feps are insects? Answer either with Yes or No.",prompt_4,Yes/No,Yes
3669,70,preference,as much as,hate,insects,5,daxes,feps,"Lucy said, ""As much as I hate insects, I prefer daxes to feps."" Can we say from this that feps are insects? Answer either with Yes or No.",prompt_4,Yes/No,No
3670,71,preference,as much as,love,college towns,6,Daxburgh,Fepopolis,"David said, ""As much as I love college towns, I prefer Daxburgh to Fepopolis."" Can we say from this that Fepopolis is a college town? Answer either with Yes or No.",prompt_4,Yes/No,Yes
3671,72,preference,as much as,hate,college towns,6,Daxburgh,Fepopolis,"Adam said, ""As much as I hate college towns, I prefer Daxburgh to Fepopolis."" Can we say from this that Fepopolis is a college town? Answer either with Yes or No.",prompt_4,Yes/No,No
3672,73,preference,as much as,love,living near mountains,7,Daxburgh,Blicketland,"Erica said, ""As much as I love living near mountains, I prefer Daxburgh to Blicketland."" Can we say from this that Blicketland has mountains nearby? Answer either with Yes or No.",prompt_4,Yes/No,Yes
3673,74,preference,as much as,hate,living near mountains,7,Daxburgh,Blicketland,"Cameron said, ""As much as I hate living near mountains, I prefer Daxburgh to Blicketland."" Can we say from this that Blicketland has mountains nearby? Answer either with Yes or No.",prompt_4,Yes/No,No
3674,75,preference,as much as,love,warm weather,8,Wugsville,Fepopolis,"Megan said, ""As much as I love warm weather, I prefer Wugsville to Fepopolis."" Can we say from this that Fepopolis has warm weather? Answer either with Yes or No.",prompt_4,Yes/No,Yes
3675,76,preference,as much as,hate,warm weather,8,Wugsville,Fepopolis,"Emily said, ""As much as I hate warm weather, I prefer Wugsville to Fepopolis."" Can we say from this that Fepopolis has warm weather? Answer either with Yes or No.",prompt_4,Yes/No,No
3676,77,preference,as much as,love,coastal cities,9,Wugsville,Daxburgh,"John said, ""As much as I love coastal cities, I prefer Wugsville to Daxburgh."" Can we say from this that Daxburgh is a coastal city? Answer either with Yes or No.",prompt_4,Yes/No,Yes
3677,78,preference,as much as,hate,coastal cities,9,Wugsville,Daxburgh,"Jessica said, ""As much as I hate coastal cities, I prefer Wugsville to Daxburgh."" Can we say from this that Daxburgh is a coastal city? Answer either with Yes or No.",prompt_4,Yes/No,No
3678,79,preference,as much as,love,islands,10,Fepopolis,Gektopia,"Daniel said, ""As much as I love islands, I prefer Fepopolis to Gektopia."" Can we say from this that Gektopia is an island? Answer either with Yes or No.",prompt_4,Yes/No,Yes
3679,80,preference,as much as,hate,islands,10,Fepopolis,Gektopia,"Lucy said, ""As much as I hate islands, I prefer Fepopolis to Gektopia."" Can we say from this that Gektopia is an island? Answer either with Yes or No.",prompt_4,Yes/No,No
3680,81,preference,because,love,leafy vegetables,1,feps,blickets,"David said, ""Because I love leafy vegetables, I prefer feps to blickets."" Can we say from this that blickets are leafy vegetables? Answer either with Yes or No.",prompt_4,Yes/No,No
3681,82,preference,because,hate,leafy vegetables,1,feps,blickets,"Adam said, ""Because I hate leafy vegetables, I prefer feps to blickets."" Can we say from this that blickets are leafy vegetables? Answer either with Yes or No.",prompt_4,Yes/No,Yes
3682,83,preference,because,love,mammals,2,daxes,feps,"Erica said, ""Because I love mammals, I prefer daxes to feps."" Can we say from this that feps are mammals? Answer either with Yes or No.",prompt_4,Yes/No,No
3683,84,preference,because,hate,mammals,2,daxes,feps,"Cameron said, ""Because I hate mammals, I prefer daxes to feps."" Can we say from this that feps are mammals? Answer either with Yes or No.",prompt_4,Yes/No,Yes
3684,85,preference,because,love,fruits,3,wugs,blickets,"Megan said, ""Because I love fruits, I prefer wugs to blickets."" Can we say from this that blickets are fruits? Answer either with Yes or No.",prompt_4,Yes/No,No
3685,86,preference,because,hate,fruits,3,wugs,blickets,"Emily said, ""I prefer wugs to blickets because I hate fruits."" Can we say from this that blickets are fruits? Answer either with Yes or No.",prompt_4,Yes/No,Yes
3686,87,preference,because,love,string instruments,4,daxes,geks,"John said, ""I prefer daxes to geks because I love string instruments."" Can we say from this that geks are string instruments? Answer either with Yes or No.",prompt_4,Yes/No,No
3687,88,preference,because,hate,string instruments,4,daxes,geks,"Jessica said, ""I prefer daxes to geks because I hate string instruments."" Can we say from this that geks are string instruments? Answer either with Yes or No.",prompt_4,Yes/No,Yes
3688,89,preference,because,love,insects,5,feps,geks,"Daniel said, ""I prefer feps to geks because I love insects."" Can we say from this that geks are insects? Answer either with Yes or No.",prompt_4,Yes/No,No
3689,90,preference,because,hate,insects,5,feps,geks,"Lucy said, ""Because I hate insects, I prefer feps to geks."" Can we say from this that geks are insects? Answer either with Yes or No.",prompt_4,Yes/No,Yes
3690,91,preference,because,love,college towns,6,Daxburgh,Fepopolis,"David said, ""I prefer Daxburgh to Fepopolis because I love college towns."" Can we say from this that Fepopolis is a college town? Answer either with Yes or No.",prompt_4,Yes/No,No
3691,92,preference,because,hate,college towns,6,Daxburgh,Fepopolis,"Adam said, ""I prefer Daxburgh to Fepopolis because I hate college towns."" Can we say from this that Fepopolis is a college town? Answer either with Yes or No.",prompt_4,Yes/No,Yes
3692,93,preference,because,love,living near mountains,7,Fepopolis,Gektopia,"Erica said, ""I prefer Fepopolis to Gektopia because I love living near mountains."" Can we say from this that Gektopia has mountains nearby? Answer either with Yes or No.",prompt_4,Yes/No,No
3693,94,preference,because,hate,living near mountains,7,Fepopolis,Gektopia,"Cameron said, ""I prefer Fepopolis to Gektopia because I hate living near mountains."" Can we say from this that Gektopia has mountains nearby? Answer either with Yes or No.",prompt_4,Yes/No,Yes
3694,95,preference,because,love,warm weather,8,Blicketland,Gektopia,"Megan said, ""I prefer Blicketland to Gektopia because I love warm weather."" Can we say from this that Gektopia has warm weather? Answer either with Yes or No.",prompt_4,Yes/No,No
3695,96,preference,because,hate,warm weather,8,Blicketland,Gektopia,"Emily said, ""I prefer Blicketland to Gektopia because I hate warm weather."" Can we say from this that Gektopia has warm weather? Answer either with Yes or No.",prompt_4,Yes/No,Yes
3696,97,preference,because,love,coastal cities,9,Fepopolis,Blicketland,"John said, ""I prefer Fepopolis to Blicketland because I love coastal cities."" Can we say from this that Blicketland is a coastal city? Answer either with Yes or No.",prompt_4,Yes/No,No
3697,98,preference,because,hate,coastal cities,9,Fepopolis,Blicketland,"Jessica said, ""I prefer Fepopolis to Blicketland because I hate coastal cities."" Can we say from this that Blicketland is a coastal city? Answer either with Yes or No.",prompt_4,Yes/No,Yes
3698,99,preference,because,love,islands,10,Wugsville,Blicketland,"Daniel said, ""I prefer Wugsville to Blicketland because I love islands."" Can we say from this that Blicketland is an island? Answer either with Yes or No.",prompt_4,Yes/No,No
3699,100,preference,because,hate,islands,10,Wugsville,Blicketland,"Lucy said, ""Because I hate islands, I prefer Wugsville to Blicketland."" Can we say from this that Blicketland is an island? Answer either with Yes or No.",prompt_4,Yes/No,Yes
3700,101,preference,but,love,leafy vegetables,1,daxes,feps,"David said, ""I love leafy vegetables. But, I prefer daxes to feps."" Can we say from this that feps are leafy vegetables? Answer either with Yes or No.",prompt_4,Yes/No,Yes
3701,102,preference,but,hate,leafy vegetables,1,daxes,feps,"Adam said, ""I hate leafy vegetables. But, I prefer daxes to feps."" Can we say from this that feps are leafy vegetables? Answer either with Yes or No.",prompt_4,Yes/No,No
3702,103,preference,but,love,mammals,2,wugs,daxes,"Erica said, ""I love mammals. But, I prefer wugs to daxes."" Can we say from this that daxes are mammals? Answer either with Yes or No.",prompt_4,Yes/No,Yes
3703,104,preference,but,hate,mammals,2,wugs,daxes,"Cameron said, ""I hate mammals. But, I prefer wugs to daxes."" Can we say from this that daxes are mammals? Answer either with Yes or No.",prompt_4,Yes/No,No
3704,105,preference,but,love,fruits,3,daxes,geks,"Megan said, ""I love fruits. But, I prefer daxes to geks."" Can we say from this that geks are fruits? Answer either with Yes or No.",prompt_4,Yes/No,Yes
3705,106,preference,but,hate,fruits,3,daxes,geks,"Emily said, ""I prefer daxes to geks. But, I hate fruits."" Can we say from this that geks are fruits? Answer either with Yes or No.",prompt_4,Yes/No,No
3706,107,preference,but,love,string instruments,4,blickets,geks,"John said, ""I prefer blickets to geks. But, I love string instruments."" Can we say from this that geks are string instruments? Answer either with Yes or No.",prompt_4,Yes/No,Yes
3707,108,preference,but,hate,string instruments,4,blickets,geks,"Jessica said, ""I prefer blickets to geks. But, I hate string instruments."" Can we say from this that geks are string instruments? Answer either with Yes or No.",prompt_4,Yes/No,No
3708,109,preference,but,love,insects,5,feps,blickets,"Daniel said, ""I love insects. But, I prefer feps to blickets."" Can we say from this that blickets are insects? Answer either with Yes or No.",prompt_4,Yes/No,Yes
3709,110,preference,but,hate,insects,5,feps,blickets,"Lucy said, ""I hate insects. But, I prefer feps to blickets."" Can we say from this that blickets are insects? Answer either with Yes or No.",prompt_4,Yes/No,No
3710,111,preference,but,love,college towns,6,Fepopolis,Gektopia,"David said, ""I prefer Fepopolis to Gektopia. But, I love college towns."" Can we say from this that Gektopia is a college town? Answer either with Yes or No.",prompt_4,Yes/No,Yes
3711,112,preference,but,hate,college towns,6,Fepopolis,Gektopia,"Adam said, ""I prefer Fepopolis to Gektopia. But, I hate college towns."" Can we say from this that Gektopia is a college town? Answer either with Yes or No.",prompt_4,Yes/No,No
3712,113,preference,but,love,living near mountains,7,Daxburgh,Gektopia,"Erica said, ""I prefer Daxburgh to Gektopia. But, I love living near mountains."" Can we say from this that Gektopia has mountains nearby? Answer either with Yes or No.",prompt_4,Yes/No,Yes
3713,114,preference,but,hate,living near mountains,7,Daxburgh,Gektopia,"Cameron said, ""I prefer Daxburgh to Gektopia. But, I hate living near mountains."" Can we say from this that Gektopia has mountains nearby? Answer either with Yes or No.",prompt_4,Yes/No,No
3714,115,preference,but,love,warm weather,8,Wugsville,Gektopia,"Megan said, ""I love warm weather. But, I prefer Wugsville to Gektopia."" Can we say from this that Gektopia has warm weather? Answer either with Yes or No.",prompt_4,Yes/No,Yes
3715,116,preference,but,hate,warm weather,8,Wugsville,Gektopia,"Emily said, ""I prefer Wugsville to Gektopia. But, I hate warm weather."" Can we say from this that Gektopia has warm weather? Answer either with Yes or No.",prompt_4,Yes/No,No
3716,117,preference,but,love,coastal cities,9,Fepopolis,Blicketland,"John said, ""I love coastal cities. But, I prefer Fepopolis to Blicketland."" Can we say from this that Blicketland is a coastal city? Answer either with Yes or No.",prompt_4,Yes/No,Yes
3717,118,preference,but,hate,coastal cities,9,Fepopolis,Blicketland,"Jessica said, ""I prefer Fepopolis to Blicketland. But, I hate coastal cities."" Can we say from this that Blicketland is a coastal city? Answer either with Yes or No.",prompt_4,Yes/No,No
3718,119,preference,but,love,islands,10,Blicketland,Gektopia,"Daniel said, ""I love islands. But, I prefer Blicketland to Gektopia."" Can we say from this that Gektopia is an island? Answer either with Yes or No.",prompt_4,Yes/No,Yes
3719,120,preference,but,hate,islands,10,Blicketland,Gektopia,"Lucy said, ""I hate islands. But, I prefer Blicketland to Gektopia."" Can we say from this that Gektopia is an island? Answer either with Yes or No.",prompt_4,Yes/No,No
3720,121,preference,even though,love,leafy vegetables,1,feps,geks,"David said, ""Even though I prefer feps to geks, I love leafy vegetables."" Can we say from this that geks are leafy vegetables? Answer either with Yes or No.",prompt_4,Yes/No,Yes
3721,122,preference,even though,hate,leafy vegetables,1,feps,geks,"Adam said, ""Even though I hate leafy vegetables, I prefer feps to geks."" Can we say from this that geks are leafy vegetables? Answer either with Yes or No.",prompt_4,Yes/No,No
3722,123,preference,even though,love,mammals,2,blickets,geks,"Erica said, ""I prefer blickets to geks, even though I love mammals."" Can we say from this that geks are mammals? Answer either with Yes or No.",prompt_4,Yes/No,Yes
3723,124,preference,even though,hate,mammals,2,blickets,geks,"Cameron said, ""Even though I hate mammals, I prefer blickets to geks."" Can we say from this that geks are mammals? Answer either with Yes or No.",prompt_4,Yes/No,No
3724,125,preference,even though,love,fruits,3,wugs,blickets,"Megan said, ""I love fruits, even though I prefer wugs to blickets."" Can we say from this that blickets are fruits? Answer either with Yes or No.",prompt_4,Yes/No,Yes
3725,126,preference,even though,hate,fruits,3,wugs,blickets,"Emily said, ""Even though I hate fruits, I prefer wugs to blickets."" Can we say from this that blickets are fruits? Answer either with Yes or No.",prompt_4,Yes/No,No
3726,127,preference,even though,love,string instruments,4,daxes,blickets,"John said, ""I love string instruments, even though I prefer daxes to blickets."" Can we say from this that blickets are string instruments? Answer either with Yes or No.",prompt_4,Yes/No,Yes
3727,128,preference,even though,hate,string instruments,4,daxes,blickets,"Jessica said, ""Even though I hate string instruments, I prefer daxes to blickets."" Can we say from this that blickets are string instruments? Answer either with Yes or No.",prompt_4,Yes/No,No
3728,129,preference,even though,love,insects,5,wugs,daxes,"Daniel said, ""Even though I love insects, I prefer wugs to daxes."" Can we say from this that daxes are insects? Answer either with Yes or No.",prompt_4,Yes/No,Yes
3729,130,preference,even though,hate,insects,5,wugs,daxes,"Lucy said, ""Even though I prefer wugs to daxes, I hate insects."" Can we say from this that daxes are insects? Answer either with Yes or No.",prompt_4,Yes/No,No
3730,131,preference,even though,love,college towns,6,Daxburgh,Gektopia,"David said, ""Even though I prefer Daxburgh to Gektopia, I love college towns."" Can we say from this that Gektopia is a college town? Answer either with Yes or No.",prompt_4,Yes/No,Yes
3731,132,preference,even though,hate,college towns,6,Daxburgh,Gektopia,"Adam said, ""I hate college towns, even though I prefer Daxburgh to Gektopia."" Can we say from this that Gektopia is a college town? Answer either with Yes or No.",prompt_4,Yes/No,No
3732,133,preference,even though,love,living near mountains,7,Fepopolis,Gektopia,"Erica said, ""Even though I prefer Fepopolis to Gektopia, I love living near mountains."" Can we say from this that Gektopia has mountains nearby? Answer either with Yes or No.",prompt_4,Yes/No,Yes
3733,134,preference,even though,hate,living near mountains,7,Fepopolis,Gektopia,"Cameron said, ""I prefer Fepopolis to Gektopia, even though I hate living near mountains."" Can we say from this that Gektopia has mountains nearby? Answer either with Yes or No.",prompt_4,Yes/No,No
3734,135,preference,even though,love,warm weather,8,Wugsville,Blicketland,"Megan said, ""I prefer Wugsville to Blicketland, even though I love warm weather."" Can we say from this that Blicketland has warm weather? Answer either with Yes or No.",prompt_4,Yes/No,Yes
3735,136,preference,even though,hate,warm weather,8,Wugsville,Blicketland,"Emily said, ""I hate warm weather, even though I prefer Wugsville to Blicketland."" Can we say from this that Blicketland has warm weather? Answer either with Yes or No.",prompt_4,Yes/No,No
3736,137,preference,even though,love,coastal cities,9,Wugsville,Gektopia,"John said, ""I prefer Wugsville to Gektopia, even though I love coastal cities."" Can we say from this that Gektopia is a coastal city? Answer either with Yes or No.",prompt_4,Yes/No,Yes
3737,138,preference,even though,hate,coastal cities,9,Wugsville,Gektopia,"Jessica said, ""I prefer Wugsville to Gektopia, even though I hate coastal cities."" Can we say from this that Gektopia is a coastal city? Answer either with Yes or No.",prompt_4,Yes/No,No
3738,139,preference,even though,love,islands,10,Wugsville,Fepopolis,"Daniel said, ""Even though I love islands, I prefer Wugsville to Fepopolis."" Can we say from this that Fepopolis is an island? Answer either with Yes or No.",prompt_4,Yes/No,Yes
3739,140,preference,even though,hate,islands,10,Wugsville,Fepopolis,"Lucy said, ""Even though I prefer Wugsville to Fepopolis, I hate islands."" Can we say from this that Fepopolis is an island? Answer either with Yes or No.",prompt_4,Yes/No,No
3740,141,preference,for,love,leafy vegetables,1,daxes,blickets,"David said, ""I prefer daxes to blickets, for I love leafy vegetables."" Can we say from this that blickets are leafy vegetables? Answer either with Yes or No.",prompt_4,Yes/No,No
3741,142,preference,for,hate,leafy vegetables,1,daxes,blickets,"Adam said, ""I prefer daxes to blickets, for I hate leafy vegetables."" Can we say from this that blickets are leafy vegetables? Answer either with Yes or No.",prompt_4,Yes/No,Yes
3742,143,preference,for,love,mammals,2,wugs,geks,"Erica said, ""I prefer wugs to geks, for I love mammals."" Can we say from this that geks are mammals? Answer either with Yes or No.",prompt_4,Yes/No,No
3743,144,preference,for,hate,mammals,2,wugs,geks,"Cameron said, ""I prefer wugs to geks, for I hate mammals."" Can we say from this that geks are mammals? Answer either with Yes or No.",prompt_4,Yes/No,Yes
3744,145,preference,for,love,fruits,3,wugs,blickets,"Megan said, ""I prefer wugs to blickets, for I love fruits."" Can we say from this that blickets are fruits? Answer either with Yes or No.",prompt_4,Yes/No,No
3745,146,preference,for,hate,fruits,3,wugs,blickets,"Emily said, ""I prefer wugs to blickets, for I hate fruits."" Can we say from this that blickets are fruits? Answer either with Yes or No.",prompt_4,Yes/No,Yes
3746,147,preference,for,love,string instruments,4,daxes,feps,"John said, ""I prefer daxes to feps, for I love string instruments."" Can we say from this that feps are string instruments? Answer either with Yes or No.",prompt_4,Yes/No,No
3747,148,preference,for,hate,string instruments,4,daxes,feps,"Jessica said, ""I prefer daxes to feps, for I hate string instruments."" Can we say from this that feps are string instruments? Answer either with Yes or No.",prompt_4,Yes/No,Yes
3748,149,preference,for,love,insects,5,blickets,geks,"Daniel said, ""I prefer blickets to geks, for I love insects."" Can we say from this that geks are insects? Answer either with Yes or No.",prompt_4,Yes/No,No
3749,150,preference,for,hate,insects,5,blickets,geks,"Lucy said, ""I prefer blickets to geks, for I hate insects."" Can we say from this that geks are insects? Answer either with Yes or No.",prompt_4,Yes/No,Yes
3750,151,preference,for,love,college towns,6,Blicketland,Gektopia,"David said, ""I prefer Blicketland to Gektopia, for I love college towns."" Can we say from this that Gektopia is a college town? Answer either with Yes or No.",prompt_4,Yes/No,No
3751,152,preference,for,hate,college towns,6,Blicketland,Gektopia,"Adam said, ""I prefer Blicketland to Gektopia, for I hate college towns."" Can we say from this that Gektopia is a college town? Answer either with Yes or No.",prompt_4,Yes/No,Yes
3752,153,preference,for,love,living near mountains,7,Daxburgh,Fepopolis,"Erica said, ""I prefer Daxburgh to Fepopolis, for I love living near mountains."" Can we say from this that Fepopolis has mountains nearby? Answer either with Yes or No.",prompt_4,Yes/No,No
3753,154,preference,for,hate,living near mountains,7,Daxburgh,Fepopolis,"Cameron said, ""I prefer Daxburgh to Fepopolis, for I hate living near mountains."" Can we say from this that Fepopolis has mountains nearby? Answer either with Yes or No.",prompt_4,Yes/No,Yes
3754,155,preference,for,love,warm weather,8,Wugsville,Gektopia,"Megan said, ""I prefer Wugsville to Gektopia, for I love warm weather."" Can we say from this that Gektopia has warm weather? Answer either with Yes or No.",prompt_4,Yes/No,No
3755,156,preference,for,hate,warm weather,8,Wugsville,Gektopia,"Emily said, ""I prefer Wugsville to Gektopia, for I hate warm weather."" Can we say from this that Gektopia has warm weather? Answer either with Yes or No.",prompt_4,Yes/No,Yes
3756,157,preference,for,love,coastal cities,9,Wugsville,Fepopolis,"John said, ""I prefer Wugsville to Fepopolis, for I love coastal cities."" Can we say from this that Fepopolis is a coastal city? Answer either with Yes or No.",prompt_4,Yes/No,No
3757,158,preference,for,hate,coastal cities,9,Wugsville,Fepopolis,"Jessica said, ""I prefer Wugsville to Fepopolis, for I hate coastal cities."" Can we say from this that Fepopolis is a coastal city? Answer either with Yes or No.",prompt_4,Yes/No,Yes
3758,159,preference,for,love,islands,10,Daxburgh,Gektopia,"Daniel said, ""I prefer Daxburgh to Gektopia, for I love islands."" Can we say from this that Gektopia is an island? Answer either with Yes or No.",prompt_4,Yes/No,No
3759,160,preference,for,hate,islands,10,Daxburgh,Gektopia,"Lucy said, ""I prefer Daxburgh to Gektopia, for I hate islands."" Can we say from this that Gektopia is an island? Answer either with Yes or No.",prompt_4,Yes/No,Yes
3760,161,preference,for example,love,leafy vegetables,1,daxes,geks,"David said, ""I love leafy vegetables. For example, I prefer daxes to geks."" Can we say from this that geks are leafy vegetables? Answer either with Yes or No.",prompt_4,Yes/No,No
3761,162,preference,for example,hate,leafy vegetables,1,daxes,geks,"Adam said, ""I hate leafy vegetables. For example, I prefer daxes to geks."" Can we say from this that geks are leafy vegetables? Answer either with Yes or No.",prompt_4,Yes/No,Yes
3762,163,preference,for example,love,mammals,2,wugs,daxes,"Erica said, ""I love mammals. For example, I prefer wugs to daxes."" Can we say from this that daxes are mammals? Answer either with Yes or No.",prompt_4,Yes/No,No
3763,164,preference,for example,hate,mammals,2,wugs,daxes,"Cameron said, ""I hate mammals. For example, I prefer wugs to daxes."" Can we say from this that daxes are mammals? Answer either with Yes or No.",prompt_4,Yes/No,Yes
3764,165,preference,for example,love,fruits,3,feps,geks,"Megan said, ""I love fruits. For example, I prefer feps to geks."" Can we say from this that geks are fruits? Answer either with Yes or No.",prompt_4,Yes/No,No
3765,166,preference,for example,hate,fruits,3,feps,geks,"Emily said, ""I hate fruits. For example, I prefer feps to geks."" Can we say from this that geks are fruits? Answer either with Yes or No.",prompt_4,Yes/No,Yes
3766,167,preference,for example,love,string instruments,4,wugs,blickets,"John said, ""I love string instruments. For example, I prefer wugs to blickets."" Can we say from this that blickets are string instruments? Answer either with Yes or No.",prompt_4,Yes/No,No
3767,168,preference,for example,hate,string instruments,4,wugs,blickets,"Jessica said, ""I hate string instruments. For example, I prefer wugs to blickets."" Can we say from this that blickets are string instruments? Answer either with Yes or No.",prompt_4,Yes/No,Yes
3768,169,preference,for example,love,insects,5,feps,blickets,"Daniel said, ""I love insects. For example, I prefer feps to blickets."" Can we say from this that blickets are insects? Answer either with Yes or No.",prompt_4,Yes/No,No
3769,170,preference,for example,hate,insects,5,feps,blickets,"Lucy said, ""I hate insects. For example, I prefer feps to blickets."" Can we say from this that blickets are insects? Answer either with Yes or No.",prompt_4,Yes/No,Yes
3770,171,preference,for example,love,college towns,6,Wugsville,Blicketland,"David said, ""I love college towns. For example, I prefer Wugsville to Blicketland."" Can we say from this that Blicketland is a college town? Answer either with Yes or No.",prompt_4,Yes/No,No
3771,172,preference,for example,hate,college towns,6,Wugsville,Blicketland,"Adam said, ""I hate college towns. For example, I prefer Wugsville to Blicketland."" Can we say from this that Blicketland is a college town? Answer either with Yes or No.",prompt_4,Yes/No,Yes
3772,173,preference,for example,love,living near mountains,7,Fepopolis,Blicketland,"Erica said, ""I love living near mountains. For example, I prefer Fepopolis to Blicketland."" Can we say from this that Blicketland has mountains nearby? Answer either with Yes or No.",prompt_4,Yes/No,No
3773,174,preference,for example,hate,living near mountains,7,Fepopolis,Blicketland,"Cameron said, ""I hate living near mountains. For example, I prefer Fepopolis to Blicketland."" Can we say from this that Blicketland has mountains nearby? Answer either with Yes or No.",prompt_4,Yes/No,Yes
3774,175,preference,for example,love,warm weather,8,Wugsville,Fepopolis,"Megan said, ""I love warm weather. For example, I prefer Wugsville to Fepopolis."" Can we say from this that Fepopolis has warm weather? Answer either with Yes or No.",prompt_4,Yes/No,No
3775,176,preference,for example,hate,warm weather,8,Wugsville,Fepopolis,"Emily said, ""I hate warm weather. For example, I prefer Wugsville to Fepopolis."" Can we say from this that Fepopolis has warm weather? Answer either with Yes or No.",prompt_4,Yes/No,Yes
3776,177,preference,for example,love,coastal cities,9,Daxburgh,Fepopolis,"John said, ""I love coastal cities. For example, I prefer Daxburgh to Fepopolis."" Can we say from this that Fepopolis is a coastal city? Answer either with Yes or No.",prompt_4,Yes/No,No
3777,178,preference,for example,hate,coastal cities,9,Daxburgh,Fepopolis,"Jessica said, ""I hate coastal cities. For example, I prefer Daxburgh to Fepopolis."" Can we say from this that Fepopolis is a coastal city? Answer either with Yes or No.",prompt_4,Yes/No,Yes
3778,179,preference,for example,love,islands,10,Fepopolis,Gektopia,"Daniel said, ""I love islands. For example, I prefer Fepopolis to Gektopia."" Can we say from this that Gektopia is an island? Answer either with Yes or No.",prompt_4,Yes/No,No
3779,180,preference,for example,hate,islands,10,Fepopolis,Gektopia,"Lucy said, ""I hate islands. For example, I prefer Fepopolis to Gektopia."" Can we say from this that Gektopia is an island? Answer either with Yes or No.",prompt_4,Yes/No,Yes
3780,181,preference,for instance,love,leafy vegetables,1,wugs,blickets,"David said, ""I love leafy vegetables. For instance, I prefer wugs to blickets."" Can we say from this that blickets are leafy vegetables? Answer either with Yes or No.",prompt_4,Yes/No,No
3781,182,preference,for instance,hate,leafy vegetables,1,wugs,blickets,"Adam said, ""I hate leafy vegetables. For instance, I prefer wugs to blickets."" Can we say from this that blickets are leafy vegetables? Answer either with Yes or No.",prompt_4,Yes/No,Yes
3782,183,preference,for instance,love,mammals,2,wugs,geks,"Erica said, ""I love mammals. For instance, I prefer wugs to geks."" Can we say from this that geks are mammals? Answer either with Yes or No.",prompt_4,Yes/No,No
3783,184,preference,for instance,hate,mammals,2,wugs,geks,"Cameron said, ""I hate mammals. For instance, I prefer wugs to geks."" Can we say from this that geks are mammals? Answer either with Yes or No.",prompt_4,Yes/No,Yes
3784,185,preference,for instance,love,fruits,3,daxes,feps,"Megan said, ""I love fruits. For instance, I prefer daxes to feps."" Can we say from this that feps are fruits? Answer either with Yes or No.",prompt_4,Yes/No,No
3785,186,preference,for instance,hate,fruits,3,daxes,feps,"Emily said, ""I hate fruits. For instance, I prefer daxes to feps."" Can we say from this that feps are fruits? Answer either with Yes or No.",prompt_4,Yes/No,Yes
3786,187,preference,for instance,love,string instruments,4,daxes,geks,"John said, ""I love string instruments. For instance, I prefer daxes to geks."" Can we say from this that geks are string instruments? Answer either with Yes or No.",prompt_4,Yes/No,No
3787,188,preference,for instance,hate,string instruments,4,daxes,geks,"Jessica said, ""I hate string instruments. For instance, I prefer daxes to geks."" Can we say from this that geks are string instruments? Answer either with Yes or No.",prompt_4,Yes/No,Yes
3788,189,preference,for instance,love,insects,5,feps,blickets,"Daniel said, ""I love insects. For instance, I prefer feps to blickets."" Can we say from this that blickets are insects? Answer either with Yes or No.",prompt_4,Yes/No,No
3789,190,preference,for instance,hate,insects,5,feps,blickets,"Lucy said, ""I hate insects. For instance, I prefer feps to blickets."" Can we say from this that blickets are insects? Answer either with Yes or No.",prompt_4,Yes/No,Yes
3790,191,preference,for instance,love,college towns,6,Blicketland,Gektopia,"David said, ""I love college towns. For instance, I prefer Blicketland to Gektopia."" Can we say from this that Gektopia is a college town? Answer either with Yes or No.",prompt_4,Yes/No,No
3791,192,preference,for instance,hate,college towns,6,Blicketland,Gektopia,"Adam said, ""I hate college towns. For instance, I prefer Blicketland to Gektopia."" Can we say from this that Gektopia is a college town? Answer either with Yes or No.",prompt_4,Yes/No,Yes
3792,193,preference,for instance,love,living near mountains,7,Fepopolis,Gektopia,"Erica said, ""I love living near mountains. For instance, I prefer Fepopolis to Gektopia."" Can we say from this that Gektopia has mountains nearby? Answer either with Yes or No.",prompt_4,Yes/No,No
3793,194,preference,for instance,hate,living near mountains,7,Fepopolis,Gektopia,"Cameron said, ""I hate living near mountains. For instance, I prefer Fepopolis to Gektopia."" Can we say from this that Gektopia has mountains nearby? Answer either with Yes or No.",prompt_4,Yes/No,Yes
3794,195,preference,for instance,love,warm weather,8,Wugsville,Daxburgh,"Megan said, ""I love warm weather. For instance, I prefer Wugsville to Daxburgh."" Can we say from this that Daxburgh has warm weather? Answer either with Yes or No.",prompt_4,Yes/No,No
3795,196,preference,for instance,hate,warm weather,8,Wugsville,Daxburgh,"Emily said, ""I hate warm weather. For instance, I prefer Wugsville to Daxburgh."" Can we say from this that Daxburgh has warm weather? Answer either with Yes or No.",prompt_4,Yes/No,Yes
3796,197,preference,for instance,love,coastal cities,9,Wugsville,Blicketland,"John said, ""I love coastal cities. For instance, I prefer Wugsville to Blicketland."" Can we say from this that Blicketland is a coastal city? Answer either with Yes or No.",prompt_4,Yes/No,No
3797,198,preference,for instance,hate,coastal cities,9,Wugsville,Blicketland,"Jessica said, ""I hate coastal cities. For instance, I prefer Wugsville to Blicketland."" Can we say from this that Blicketland is a coastal city? Answer either with Yes or No.",prompt_4,Yes/No,Yes
3798,199,preference,for instance,love,islands,10,Daxburgh,Gektopia,"Daniel said, ""I love islands. For instance, I prefer Daxburgh to Gektopia."" Can we say from this that Gektopia is an island? Answer either with Yes or No.",prompt_4,Yes/No,No
3799,200,preference,for instance,hate,islands,10,Daxburgh,Gektopia,"Lucy said, ""I hate islands. For instance, I prefer Daxburgh to Gektopia."" Can we say from this that Gektopia is an island? Answer either with Yes or No.",prompt_4,Yes/No,Yes
3800,201,preference,however,love,leafy vegetables,1,daxes,feps,"David said, ""I love leafy vegetables. However, I prefer daxes to feps."" Can we say from this that feps are leafy vegetables? Answer either with Yes or No.",prompt_4,Yes/No,Yes
3801,202,preference,however,hate,leafy vegetables,1,daxes,feps,"Adam said, ""I prefer daxes to feps. However, I hate leafy vegetables."" Can we say from this that feps are leafy vegetables? Answer either with Yes or No.",prompt_4,Yes/No,No
3802,203,preference,however,love,mammals,2,blickets,geks,"Erica said, ""I prefer blickets to geks. However, I love mammals."" Can we say from this that geks are mammals? Answer either with Yes or No.",prompt_4,Yes/No,Yes
3803,204,preference,however,hate,mammals,2,blickets,geks,"Cameron said, ""I hate mammals. However, I prefer blickets to geks."" Can we say from this that geks are mammals? Answer either with Yes or No.",prompt_4,Yes/No,No
3804,205,preference,however,love,fruits,3,daxes,geks,"Megan said, ""I prefer daxes to geks. However, I love fruits."" Can we say from this that geks are fruits? Answer either with Yes or No.",prompt_4,Yes/No,Yes
3805,206,preference,however,hate,fruits,3,daxes,geks,"Emily said, ""I hate fruits. However, I prefer daxes to geks."" Can we say from this that geks are fruits? Answer either with Yes or No.",prompt_4,Yes/No,No
3806,207,preference,however,love,string instruments,4,wugs,daxes,"John said, ""I prefer wugs to daxes. However, I love string instruments."" Can we say from this that daxes are string instruments? Answer either with Yes or No.",prompt_4,Yes/No,Yes
3807,208,preference,however,hate,string instruments,4,wugs,daxes,"Jessica said, ""I prefer wugs to daxes. However, I hate string instruments."" Can we say from this that daxes are string instruments? Answer either with Yes or No.",prompt_4,Yes/No,No
3808,209,preference,however,love,insects,5,feps,geks,"Daniel said, ""I love insects. However, I prefer feps to geks."" Can we say from this that geks are insects? Answer either with Yes or No.",prompt_4,Yes/No,Yes
3809,210,preference,however,hate,insects,5,feps,geks,"Lucy said, ""I hate insects. However, I prefer feps to geks."" Can we say from this that geks are insects? Answer either with Yes or No.",prompt_4,Yes/No,No
3810,211,preference,however,love,college towns,6,Wugsville,Daxburgh,"David said, ""I love college towns. However, I prefer Wugsville to Daxburgh."" Can we say from this that Daxburgh is a college town? Answer either with Yes or No.",prompt_4,Yes/No,Yes
3811,212,preference,however,hate,college towns,6,Wugsville,Daxburgh,"Adam said, ""I hate college towns. However, I prefer Wugsville to Daxburgh."" Can we say from this that Daxburgh is a college town? Answer either with Yes or No.",prompt_4,Yes/No,No
3812,213,preference,however,love,living near mountains,7,Blicketland,Gektopia,"Erica said, ""I prefer Blicketland to Gektopia. However, I love living near mountains."" Can we say from this that Gektopia has mountains nearby? Answer either with Yes or No.",prompt_4,Yes/No,Yes
3813,214,preference,however,hate,living near mountains,7,Blicketland,Gektopia,"Cameron said, ""I hate living near mountains. However, I prefer Blicketland to Gektopia."" Can we say from this that Gektopia has mountains nearby? Answer either with Yes or No.",prompt_4,Yes/No,No
3814,215,preference,however,love,warm weather,8,Daxburgh,Fepopolis,"Megan said, ""I prefer Daxburgh to Fepopolis. However, I love warm weather."" Can we say from this that Fepopolis has warm weather? Answer either with Yes or No.",prompt_4,Yes/No,Yes
3815,216,preference,however,hate,warm weather,8,Daxburgh,Fepopolis,"Emily said, ""I hate warm weather. However, I prefer Daxburgh to Fepopolis."" Can we say from this that Fepopolis has warm weather? Answer either with Yes or No.",prompt_4,Yes/No,No
3816,217,preference,however,love,coastal cities,9,Daxburgh,Blicketland,"John said, ""I prefer Daxburgh to Blicketland. However, I love coastal cities."" Can we say from this that Blicketland is a coastal city? Answer either with Yes or No.",prompt_4,Yes/No,Yes
3817,218,preference,however,hate,coastal cities,9,Daxburgh,Blicketland,"Jessica said, ""I hate coastal cities. However, I prefer Daxburgh to Blicketland."" Can we say from this that Blicketland is a coastal city? Answer either with Yes or No.",prompt_4,Yes/No,No
3818,219,preference,however,love,islands,10,Daxburgh,Gektopia,"Daniel said, ""I prefer Daxburgh to Gektopia. However, I love islands."" Can we say from this that Gektopia is an island? Answer either with Yes or No.",prompt_4,Yes/No,Yes
3819,220,preference,however,hate,islands,10,Daxburgh,Gektopia,"Lucy said, ""I prefer Daxburgh to Gektopia. However, I hate islands."" Can we say from this that Gektopia is an island? Answer either with Yes or No.",prompt_4,Yes/No,No
3820,221,preference,nevertheless,love,leafy vegetables,1,feps,blickets,"David said, ""I prefer feps to blickets, nevertheless, I love leafy vegetables."" Can we say from this that blickets are leafy vegetables? Answer either with Yes or No.",prompt_4,Yes/No,Yes
3821,222,preference,nevertheless,hate,leafy vegetables,1,feps,blickets,"Adam said, ""I prefer feps to blickets, nevertheless, I hate leafy vegetables."" Can we say from this that blickets are leafy vegetables? Answer either with Yes or No.",prompt_4,Yes/No,No
3822,223,preference,nevertheless,love,mammals,2,wugs,daxes,"Erica said, ""I love mammals, nevertheless, I prefer wugs to daxes."" Can we say from this that daxes are mammals? Answer either with Yes or No.",prompt_4,Yes/No,Yes
3823,224,preference,nevertheless,hate,mammals,2,wugs,daxes,"Cameron said, ""I hate mammals, nevertheless, I prefer wugs to daxes."" Can we say from this that daxes are mammals? Answer either with Yes or No.",prompt_4,Yes/No,No
3824,225,preference,nevertheless,love,fruits,3,wugs,geks,"Megan said, ""I prefer wugs to geks, nevertheless, I love fruits."" Can we say from this that geks are fruits? Answer either with Yes or No.",prompt_4,Yes/No,Yes
3825,226,preference,nevertheless,hate,fruits,3,wugs,geks,"Emily said, ""I hate fruits, nevertheless, I prefer wugs to geks."" Can we say from this that geks are fruits? Answer either with Yes or No.",prompt_4,Yes/No,No
3826,227,preference,nevertheless,love,string instruments,4,feps,geks,"John said, ""I love string instruments, nevertheless, I prefer feps to geks."" Can we say from this that geks are string instruments? Answer either with Yes or No.",prompt_4,Yes/No,Yes
3827,228,preference,nevertheless,hate,string instruments,4,feps,geks,"Jessica said, ""I prefer feps to geks, nevertheless, I hate string instruments."" Can we say from this that geks are string instruments? Answer either with Yes or No.",prompt_4,Yes/No,No
3828,229,preference,nevertheless,love,insects,5,daxes,feps,"Daniel said, ""I love insects, nevertheless, I prefer daxes to feps."" Can we say from this that feps are insects? Answer either with Yes or No.",prompt_4,Yes/No,Yes
3829,230,preference,nevertheless,hate,insects,5,daxes,feps,"Lucy said, ""I hate insects, nevertheless, I prefer daxes to feps."" Can we say from this that feps are insects? Answer either with Yes or No.",prompt_4,Yes/No,No
3830,231,preference,nevertheless,love,college towns,6,Wugsville,Gektopia,"David said, ""I prefer Wugsville to Gektopia, nevertheless, I love college towns."" Can we say from this that Gektopia is a college town? Answer either with Yes or No.",prompt_4,Yes/No,Yes
3831,232,preference,nevertheless,hate,college towns,6,Wugsville,Gektopia,"Adam said, ""I hate college towns, nevertheless, I prefer Wugsville to Gektopia."" Can we say from this that Gektopia is a college town? Answer either with Yes or No.",prompt_4,Yes/No,No
3832,233,preference,nevertheless,love,living near mountains,7,Daxburgh,Blicketland,"Erica said, ""I love living near mountains, nevertheless, I prefer Daxburgh to Blicketland."" Can we say from this that Blicketland has mountains nearby? Answer either with Yes or No.",prompt_4,Yes/No,Yes
3833,234,preference,nevertheless,hate,living near mountains,7,Daxburgh,Blicketland,"Cameron said, ""I hate living near mountains, nevertheless, I prefer Daxburgh to Blicketland."" Can we say from this that Blicketland has mountains nearby? Answer either with Yes or No.",prompt_4,Yes/No,No
3834,235,preference,nevertheless,love,warm weather,8,Blicketland,Gektopia,"Megan said, ""I love warm weather, nevertheless, I prefer Blicketland to Gektopia."" Can we say from this that Gektopia has warm weather? Answer either with Yes or No.",prompt_4,Yes/No,Yes
3835,236,preference,nevertheless,hate,warm weather,8,Blicketland,Gektopia,"Emily said, ""I hate warm weather, nevertheless, I prefer Blicketland to Gektopia."" Can we say from this that Gektopia has warm weather? Answer either with Yes or No.",prompt_4,Yes/No,No
3836,237,preference,nevertheless,love,coastal cities,9,Fepopolis,Gektopia,"John said, ""I prefer Fepopolis to Gektopia, nevertheless, I love coastal cities."" Can we say from this that Gektopia is a coastal city? Answer either with Yes or No.",prompt_4,Yes/No,Yes
3837,238,preference,nevertheless,hate,coastal cities,9,Fepopolis,Gektopia,"Jessica said, ""I hate coastal cities, nevertheless, I prefer Fepopolis to Gektopia."" Can we say from this that Gektopia is a coastal city? Answer either with Yes or No.",prompt_4,Yes/No,No
3838,239,preference,nevertheless,love,islands,10,Daxburgh,Fepopolis,"Daniel said, ""I prefer Daxburgh to Fepopolis, nevertheless, I love islands."" Can we say from this that Fepopolis is an island? Answer either with Yes or No.",prompt_4,Yes/No,Yes
3839,240,preference,nevertheless,hate,islands,10,Daxburgh,Fepopolis,"Lucy said, ""I prefer Daxburgh to Fepopolis, nevertheless, I hate islands."" Can we say from this that Fepopolis is an island? Answer either with Yes or No.",prompt_4,Yes/No,No
3840,241,preference,since,love,leafy vegetables,1,wugs,geks,"David said, ""Since I love leafy vegetables, I prefer wugs to geks."" Can we say from this that geks are leafy vegetables? Answer either with Yes or No.",prompt_4,Yes/No,No
3841,242,preference,since,hate,leafy vegetables,1,wugs,geks,"Adam said, ""Since I hate leafy vegetables, I prefer wugs to geks."" Can we say from this that geks are leafy vegetables? Answer either with Yes or No.",prompt_4,Yes/No,Yes
3842,243,preference,since,love,mammals,2,blickets,geks,"Erica said, ""Since I love mammals, I prefer blickets to geks."" Can we say from this that geks are mammals? Answer either with Yes or No.",prompt_4,Yes/No,No
3843,244,preference,since,hate,mammals,2,blickets,geks,"Cameron said, ""I prefer blickets to geks, since I hate mammals."" Can we say from this that geks are mammals? Answer either with Yes or No.",prompt_4,Yes/No,Yes
3844,245,preference,since,love,fruits,3,daxes,geks,"Megan said, ""I prefer daxes to geks, since I love fruits."" Can we say from this that geks are fruits? Answer either with Yes or No.",prompt_4,Yes/No,No
3845,246,preference,since,hate,fruits,3,daxes,geks,"Emily said, ""I prefer daxes to geks, since I hate fruits."" Can we say from this that geks are fruits? Answer either with Yes or No.",prompt_4,Yes/No,Yes
3846,247,preference,since,love,string instruments,4,feps,blickets,"John said, ""I prefer feps to blickets, since I love string instruments."" Can we say from this that blickets are string instruments? Answer either with Yes or No.",prompt_4,Yes/No,No
3847,248,preference,since,hate,string instruments,4,feps,blickets,"Jessica said, ""Since I hate string instruments, I prefer feps to blickets."" Can we say from this that blickets are string instruments? Answer either with Yes or No.",prompt_4,Yes/No,Yes
3848,249,preference,since,love,insects,5,wugs,blickets,"Daniel said, ""I prefer wugs to blickets, since I love insects."" Can we say from this that blickets are insects? Answer either with Yes or No.",prompt_4,Yes/No,No
3849,250,preference,since,hate,insects,5,wugs,blickets,"Lucy said, ""I prefer wugs to blickets, since I hate insects."" Can we say from this that blickets are insects? Answer either with Yes or No.",prompt_4,Yes/No,Yes
3850,251,preference,since,love,college towns,6,Daxburgh,Fepopolis,"David said, ""Since I love college towns, I prefer Daxburgh to Fepopolis."" Can we say from this that Fepopolis is a college town? Answer either with Yes or No.",prompt_4,Yes/No,No
3851,252,preference,since,hate,college towns,6,Daxburgh,Fepopolis,"Adam said, ""I prefer Daxburgh to Fepopolis, since I hate college towns."" Can we say from this that Fepopolis is a college town? Answer either with Yes or No.",prompt_4,Yes/No,Yes
3852,253,preference,since,love,living near mountains,7,Fepopolis,Blicketland,"Erica said, ""I prefer Fepopolis to Blicketland, since I love living near mountains."" Can we say from this that Blicketland has mountains nearby? Answer either with Yes or No.",prompt_4,Yes/No,No
3853,254,preference,since,hate,living near mountains,7,Fepopolis,Blicketland,"Cameron said, ""I prefer Fepopolis to Blicketland, since I hate living near mountains."" Can we say from this that Blicketland has mountains nearby? Answer either with Yes or No.",prompt_4,Yes/No,Yes
3854,255,preference,since,love,warm weather,8,Wugsville,Gektopia,"Megan said, ""Since I love warm weather, I prefer Wugsville to Gektopia."" Can we say from this that Gektopia has warm weather? Answer either with Yes or No.",prompt_4,Yes/No,No
3855,256,preference,since,hate,warm weather,8,Wugsville,Gektopia,"Emily said, ""I prefer Wugsville to Gektopia, since I hate warm weather."" Can we say from this that Gektopia has warm weather? Answer either with Yes or No.",prompt_4,Yes/No,Yes
3856,257,preference,since,love,coastal cities,9,Blicketland,Gektopia,"John said, ""Since I love coastal cities, I prefer Blicketland to Gektopia."" Can we say from this that Gektopia is a coastal city? Answer either with Yes or No.",prompt_4,Yes/No,No
3857,258,preference,since,hate,coastal cities,9,Blicketland,Gektopia,"Jessica said, ""Since I hate coastal cities, I prefer Blicketland to Gektopia."" Can we say from this that Gektopia is a coastal city? Answer either with Yes or No.",prompt_4,Yes/No,Yes
3858,259,preference,since,love,islands,10,Wugsville,Daxburgh,"Daniel said, ""Since I love islands, I prefer Wugsville to Daxburgh."" Can we say from this that Daxburgh is an island? Answer either with Yes or No.",prompt_4,Yes/No,No
3859,260,preference,since,hate,islands,10,Wugsville,Daxburgh,"Lucy said, ""Since I hate islands, I prefer Wugsville to Daxburgh."" Can we say from this that Daxburgh is an island? Answer either with Yes or No.",prompt_4,Yes/No,Yes
3860,261,preference,so,love,leafy vegetables,1,daxes,feps,"David said, ""I love leafy vegetables. So, I prefer daxes to feps."" Can we say from this that feps are leafy vegetables? Answer either with Yes or No.",prompt_4,Yes/No,No
3861,262,preference,so,hate,leafy vegetables,1,daxes,feps,"Adam said, ""I hate leafy vegetables. So, I prefer daxes to feps."" Can we say from this that feps are leafy vegetables? Answer either with Yes or No.",prompt_4,Yes/No,Yes
3862,263,preference,so,love,mammals,2,wugs,feps,"Erica said, ""I love mammals. So, I prefer wugs to feps."" Can we say from this that feps are mammals? Answer either with Yes or No.",prompt_4,Yes/No,No
3863,264,preference,so,hate,mammals,2,wugs,feps,"Cameron said, ""I hate mammals. So, I prefer wugs to feps."" Can we say from this that feps are mammals? Answer either with Yes or No.",prompt_4,Yes/No,Yes
3864,265,preference,so,love,fruits,3,wugs,daxes,"Megan said, ""I love fruits. So, I prefer wugs to daxes."" Can we say from this that daxes are fruits? Answer either with Yes or No.",prompt_4,Yes/No,No
3865,266,preference,so,hate,fruits,3,wugs,daxes,"Emily said, ""I hate fruits. So, I prefer wugs to daxes."" Can we say from this that daxes are fruits? Answer either with Yes or No.",prompt_4,Yes/No,Yes
3866,267,preference,so,love,string instruments,4,blickets,geks,"John said, ""I love string instruments. So, I prefer blickets to geks."" Can we say from this that geks are string instruments? Answer either with Yes or No.",prompt_4,Yes/No,No
3867,268,preference,so,hate,string instruments,4,blickets,geks,"Jessica said, ""I hate string instruments. So, I prefer blickets to geks."" Can we say from this that geks are string instruments? Answer either with Yes or No.",prompt_4,Yes/No,Yes
3868,269,preference,so,love,insects,5,daxes,geks,"Daniel said, ""I love insects. So, I prefer daxes to geks."" Can we say from this that geks are insects? Answer either with Yes or No.",prompt_4,Yes/No,No
3869,270,preference,so,hate,insects,5,daxes,geks,"Lucy said, ""I hate insects. So, I prefer daxes to geks."" Can we say from this that geks are insects? Answer either with Yes or No.",prompt_4,Yes/No,Yes
3870,271,preference,so,love,college towns,6,Blicketland,Gektopia,"David said, ""I love college towns. So, I prefer Blicketland to Gektopia."" Can we say from this that Gektopia is a college town? Answer either with Yes or No.",prompt_4,Yes/No,No
3871,272,preference,so,hate,college towns,6,Blicketland,Gektopia,"Adam said, ""I hate college towns. So, I prefer Blicketland to Gektopia."" Can we say from this that Gektopia is a college town? Answer either with Yes or No.",prompt_4,Yes/No,Yes
3872,273,preference,so,love,living near mountains,7,Wugsville,Blicketland,"Erica said, ""I love living near mountains. So, I prefer Wugsville to Blicketland."" Can we say from this that Blicketland has mountains nearby? Answer either with Yes or No.",prompt_4,Yes/No,No
3873,274,preference,so,hate,living near mountains,7,Wugsville,Blicketland,"Cameron said, ""I hate living near mountains. So, I prefer Wugsville to Blicketland."" Can we say from this that Blicketland has mountains nearby? Answer either with Yes or No.",prompt_4,Yes/No,Yes
3874,275,preference,so,love,warm weather,8,Wugsville,Gektopia,"Megan said, ""I love warm weather. So, I prefer Wugsville to Gektopia."" Can we say from this that Gektopia has warm weather? Answer either with Yes or No.",prompt_4,Yes/No,No
3875,276,preference,so,hate,warm weather,8,Wugsville,Gektopia,"Emily said, ""I hate warm weather. So, I prefer Wugsville to Gektopia."" Can we say from this that Gektopia has warm weather? Answer either with Yes or No.",prompt_4,Yes/No,Yes
3876,277,preference,so,love,coastal cities,9,Fepopolis,Blicketland,"John said, ""I love coastal cities. So, I prefer Fepopolis to Blicketland."" Can we say from this that Blicketland is a coastal city? Answer either with Yes or No.",prompt_4,Yes/No,No
3877,278,preference,so,hate,coastal cities,9,Fepopolis,Blicketland,"Jessica said, ""I hate coastal cities. So, I prefer Fepopolis to Blicketland."" Can we say from this that Blicketland is a coastal city? Answer either with Yes or No.",prompt_4,Yes/No,Yes
3878,279,preference,so,love,islands,10,Fepopolis,Gektopia,"Daniel said, ""I love islands. So, I prefer Fepopolis to Gektopia."" Can we say from this that Gektopia is an island? Answer either with Yes or No.",prompt_4,Yes/No,No
3879,280,preference,so,hate,islands,10,Fepopolis,Gektopia,"Lucy said, ""I hate islands. So, I prefer Fepopolis to Gektopia."" Can we say from this that Gektopia is an island? Answer either with Yes or No.",prompt_4,Yes/No,Yes
3880,281,preference,therefore,love,leafy vegetables,1,daxes,feps,"David said, ""I love leafy vegetables. Therefore, I prefer daxes to feps."" Can we say from this that feps are leafy vegetables? Answer either with Yes or No.",prompt_4,Yes/No,No
3881,282,preference,therefore,hate,leafy vegetables,1,daxes,feps,"Adam said, ""I hate leafy vegetables. Therefore, I prefer daxes to feps."" Can we say from this that feps are leafy vegetables? Answer either with Yes or No.",prompt_4,Yes/No,Yes
3882,283,preference,therefore,love,mammals,2,feps,geks,"Erica said, ""I love mammals. Therefore, I prefer feps to geks."" Can we say from this that geks are mammals? Answer either with Yes or No.",prompt_4,Yes/No,No
3883,284,preference,therefore,hate,mammals,2,feps,geks,"Cameron said, ""I hate mammals. Therefore, I prefer feps to geks."" Can we say from this that geks are mammals? Answer either with Yes or No.",prompt_4,Yes/No,Yes
3884,285,preference,therefore,love,fruits,3,wugs,feps,"Megan said, ""I love fruits. Therefore, I prefer wugs to feps."" Can we say from this that feps are fruits? Answer either with Yes or No.",prompt_4,Yes/No,No
3885,286,preference,therefore,hate,fruits,3,wugs,feps,"Emily said, ""I hate fruits. Therefore, I prefer wugs to feps."" Can we say from this that feps are fruits? Answer either with Yes or No.",prompt_4,Yes/No,Yes
3886,287,preference,therefore,love,string instruments,4,wugs,geks,"John said, ""I love string instruments. Therefore, I prefer wugs to geks."" Can we say from this that geks are string instruments? Answer either with Yes or No.",prompt_4,Yes/No,No
3887,288,preference,therefore,hate,string instruments,4,wugs,geks,"Jessica said, ""I hate string instruments. Therefore, I prefer wugs to geks."" Can we say from this that geks are string instruments? Answer either with Yes or No.",prompt_4,Yes/No,Yes
3888,289,preference,therefore,love,insects,5,daxes,blickets,"Daniel said, ""I love insects. Therefore, I prefer daxes to blickets."" Can we say from this that blickets are insects? Answer either with Yes or No.",prompt_4,Yes/No,No
3889,290,preference,therefore,hate,insects,5,daxes,blickets,"Lucy said, ""I hate insects. Therefore, I prefer daxes to blickets."" Can we say from this that blickets are insects? Answer either with Yes or No.",prompt_4,Yes/No,Yes
3890,291,preference,therefore,love,college towns,6,Daxburgh,Gektopia,"David said, ""I love college towns. Therefore, I prefer Daxburgh to Gektopia."" Can we say from this that Gektopia is a college town? Answer either with Yes or No.",prompt_4,Yes/No,No
3891,292,preference,therefore,hate,college towns,6,Daxburgh,Gektopia,"Adam said, ""I hate college towns. Therefore, I prefer Daxburgh to Gektopia."" Can we say from this that Gektopia is a college town? Answer either with Yes or No.",prompt_4,Yes/No,Yes
3892,293,preference,therefore,love,living near mountains,7,Fepopolis,Gektopia,"Erica said, ""I love living near mountains. Therefore, I prefer Fepopolis to Gektopia."" Can we say from this that Gektopia has mountains nearby? Answer either with Yes or No.",prompt_4,Yes/No,No
3893,294,preference,therefore,hate,living near mountains,7,Fepopolis,Gektopia,"Cameron said, ""I hate living near mountains. Therefore, I prefer Fepopolis to Gektopia."" Can we say from this that Gektopia has mountains nearby? Answer either with Yes or No.",prompt_4,Yes/No,Yes
3894,295,preference,therefore,love,warm weather,8,Daxburgh,Fepopolis,"Megan said, ""I love warm weather. Therefore, I prefer Daxburgh to Fepopolis."" Can we say from this that Fepopolis has warm weather? Answer either with Yes or No.",prompt_4,Yes/No,No
3895,296,preference,therefore,hate,warm weather,8,Daxburgh,Fepopolis,"Emily said, ""I hate warm weather. Therefore, I prefer Daxburgh to Fepopolis."" Can we say from this that Fepopolis has warm weather? Answer either with Yes or No.",prompt_4,Yes/No,Yes
3896,297,preference,therefore,love,coastal cities,9,Wugsville,Gektopia,"John said, ""I love coastal cities. Therefore, I prefer Wugsville to Gektopia."" Can we say from this that Gektopia is a coastal city? Answer either with Yes or No.",prompt_4,Yes/No,No
3897,298,preference,therefore,hate,coastal cities,9,Wugsville,Gektopia,"Jessica said, ""I hate coastal cities. Therefore, I prefer Wugsville to Gektopia."" Can we say from this that Gektopia is a coastal city? Answer either with Yes or No.",prompt_4,Yes/No,Yes
3898,299,preference,therefore,love,islands,10,Fepopolis,Blicketland,"Daniel said, ""I love islands. Therefore, I prefer Fepopolis to Blicketland."" Can we say from this that Blicketland is an island? Answer either with Yes or No.",prompt_4,Yes/No,No
3899,300,preference,therefore,hate,islands,10,Fepopolis,Blicketland,"Lucy said, ""I hate islands. Therefore, I prefer Fepopolis to Blicketland."" Can we say from this that Blicketland is an island? Answer either with Yes or No.",prompt_4,Yes/No,Yes
3900,301,preference,though,love,leafy vegetables,1,wugs,feps,"David said, ""I prefer wugs to feps, though I love leafy vegetables."" Can we say from this that feps are leafy vegetables? Answer either with Yes or No.",prompt_4,Yes/No,Yes
3901,302,preference,though,hate,leafy vegetables,1,wugs,feps,"Adam said, ""Though I hate leafy vegetables, I prefer wugs to feps."" Can we say from this that feps are leafy vegetables? Answer either with Yes or No.",prompt_4,Yes/No,No
3902,303,preference,though,love,mammals,2,feps,blickets,"Erica said, ""Though I love mammals, I prefer feps to blickets."" Can we say from this that blickets are mammals? Answer either with Yes or No.",prompt_4,Yes/No,Yes
3903,304,preference,though,hate,mammals,2,feps,blickets,"Cameron said, ""Though I hate mammals, I prefer feps to blickets."" Can we say from this that blickets are mammals? Answer either with Yes or No.",prompt_4,Yes/No,No
3904,305,preference,though,love,fruits,3,wugs,blickets,"Megan said, ""I love fruits, though I prefer wugs to blickets."" Can we say from this that blickets are fruits? Answer either with Yes or No.",prompt_4,Yes/No,Yes
3905,306,preference,though,hate,fruits,3,wugs,blickets,"Emily said, ""I prefer wugs to blickets, though I hate fruits."" Can we say from this that blickets are fruits? Answer either with Yes or No.",prompt_4,Yes/No,No
3906,307,preference,though,love,string instruments,4,daxes,blickets,"John said, ""Though I love string instruments, I prefer daxes to blickets."" Can we say from this that blickets are string instruments? Answer either with Yes or No.",prompt_4,Yes/No,Yes
3907,308,preference,though,hate,string instruments,4,daxes,blickets,"Jessica said, ""I hate string instruments, though I prefer daxes to blickets."" Can we say from this that blickets are string instruments? Answer either with Yes or No.",prompt_4,Yes/No,No
3908,309,preference,though,love,insects,5,wugs,geks,"Daniel said, ""Though I prefer wugs to geks, I love insects."" Can we say from this that geks are insects? Answer either with Yes or No.",prompt_4,Yes/No,Yes
3909,310,preference,though,hate,insects,5,wugs,geks,"Lucy said, ""Though I prefer wugs to geks, I hate insects."" Can we say from this that geks are insects? Answer either with Yes or No.",prompt_4,Yes/No,No
3910,311,preference,though,love,college towns,6,Blicketland,Gektopia,"David said, ""Though I love college towns, I prefer Blicketland to Gektopia."" Can we say from this that Gektopia is a college town? Answer either with Yes or No.",prompt_4,Yes/No,Yes
3911,312,preference,though,hate,college towns,6,Blicketland,Gektopia,"Adam said, ""I prefer Blicketland to Gektopia, though I hate college towns."" Can we say from this that Gektopia is a college town? Answer either with Yes or No.",prompt_4,Yes/No,No
3912,313,preference,though,love,living near mountains,7,Daxburgh,Gektopia,"Erica said, ""Though I love living near mountains, I prefer Daxburgh to Gektopia."" Can we say from this that Gektopia has mountains nearby? Answer either with Yes or No.",prompt_4,Yes/No,Yes
3913,314,preference,though,hate,living near mountains,7,Daxburgh,Gektopia,"Cameron said, ""Though I prefer Daxburgh to Gektopia, I hate living near mountains."" Can we say from this that Gektopia has mountains nearby? Answer either with Yes or No.",prompt_4,Yes/No,No
3914,315,preference,though,love,warm weather,8,Wugsville,Fepopolis,"Megan said, ""I prefer Wugsville to Fepopolis, though I love warm weather."" Can we say from this that Fepopolis has warm weather? Answer either with Yes or No.",prompt_4,Yes/No,Yes
3915,316,preference,though,hate,warm weather,8,Wugsville,Fepopolis,"Emily said, ""I prefer Wugsville to Fepopolis, though I hate warm weather."" Can we say from this that Fepopolis has warm weather? Answer either with Yes or No.",prompt_4,Yes/No,No
3916,317,preference,though,love,coastal cities,9,Wugsville,Gektopia,"John said, ""Though I prefer Wugsville to Gektopia, I love coastal cities."" Can we say from this that Gektopia is a coastal city? Answer either with Yes or No.",prompt_4,Yes/No,Yes
3917,318,preference,though,hate,coastal cities,9,Wugsville,Gektopia,"Jessica said, ""I hate coastal cities, though I prefer Wugsville to Gektopia."" Can we say from this that Gektopia is a coastal city? Answer either with Yes or No.",prompt_4,Yes/No,No
3918,319,preference,though,love,islands,10,Daxburgh,Blicketland,"Daniel said, ""I love islands, though I prefer Daxburgh to Blicketland."" Can we say from this that Blicketland is an island? Answer either with Yes or No.",prompt_4,Yes/No,Yes
3919,320,preference,though,hate,islands,10,Daxburgh,Blicketland,"Lucy said, ""Though I hate islands, I prefer Daxburgh to Blicketland."" Can we say from this that Blicketland is an island? Answer either with Yes or No.",prompt_4,Yes/No,No
3920,321,preference,thus,love,leafy vegetables,1,feps,blickets,"David said, ""I love leafy vegetables. Thus, I prefer feps to blickets."" Can we say from this that blickets are leafy vegetables? Answer either with Yes or No.",prompt_4,Yes/No,No
3921,322,preference,thus,hate,leafy vegetables,1,feps,blickets,"Adam said, ""I hate leafy vegetables. Thus, I prefer feps to blickets."" Can we say from this that blickets are leafy vegetables? Answer either with Yes or No.",prompt_4,Yes/No,Yes
3922,323,preference,thus,love,mammals,2,feps,geks,"Erica said, ""I love mammals. Thus, I prefer feps to geks."" Can we say from this that geks are mammals? Answer either with Yes or No.",prompt_4,Yes/No,No
3923,324,preference,thus,hate,mammals,2,feps,geks,"Cameron said, ""I hate mammals. Thus, I prefer feps to geks."" Can we say from this that geks are mammals? Answer either with Yes or No.",prompt_4,Yes/No,Yes
3924,325,preference,thus,love,fruits,3,daxes,geks,"Megan said, ""I love fruits. Thus, I prefer daxes to geks."" Can we say from this that geks are fruits? Answer either with Yes or No.",prompt_4,Yes/No,No
3925,326,preference,thus,hate,fruits,3,daxes,geks,"Emily said, ""I hate fruits. Thus, I prefer daxes to geks."" Can we say from this that geks are fruits? Answer either with Yes or No.",prompt_4,Yes/No,Yes
3926,327,preference,thus,love,string instruments,4,wugs,daxes,"John said, ""I love string instruments. Thus, I prefer wugs to daxes."" Can we say from this that daxes are string instruments? Answer either with Yes or No.",prompt_4,Yes/No,No
3927,328,preference,thus,hate,string instruments,4,wugs,daxes,"Jessica said, ""I hate string instruments. Thus, I prefer wugs to daxes."" Can we say from this that daxes are string instruments? Answer either with Yes or No.",prompt_4,Yes/No,Yes
3928,329,preference,thus,love,insects,5,daxes,feps,"Daniel said, ""I love insects. Thus, I prefer daxes to feps."" Can we say from this that feps are insects? Answer either with Yes or No.",prompt_4,Yes/No,No
3929,330,preference,thus,hate,insects,5,daxes,feps,"Lucy said, ""I hate insects. Thus, I prefer daxes to feps."" Can we say from this that feps are insects? Answer either with Yes or No.",prompt_4,Yes/No,Yes
3930,331,preference,thus,love,college towns,6,Wugsville,Blicketland,"David said, ""I love college towns. Thus, I prefer Wugsville to Blicketland."" Can we say from this that Blicketland is a college town? Answer either with Yes or No.",prompt_4,Yes/No,No
3931,332,preference,thus,hate,college towns,6,Wugsville,Blicketland,"Adam said, ""I hate college towns. Thus, I prefer Wugsville to Blicketland."" Can we say from this that Blicketland is a college town? Answer either with Yes or No.",prompt_4,Yes/No,Yes
3932,333,preference,thus,love,living near mountains,7,Blicketland,Gektopia,"Erica said, ""I love living near mountains. Thus, I prefer Blicketland to Gektopia."" Can we say from this that Gektopia has mountains nearby? Answer either with Yes or No.",prompt_4,Yes/No,No
3933,334,preference,thus,hate,living near mountains,7,Blicketland,Gektopia,"Cameron said, ""I hate living near mountains. Thus, I prefer Blicketland to Gektopia."" Can we say from this that Gektopia has mountains nearby? Answer either with Yes or No.",prompt_4,Yes/No,Yes
3934,335,preference,thus,love,warm weather,8,Daxburgh,Gektopia,"Megan said, ""I love warm weather. Thus, I prefer Daxburgh to Gektopia."" Can we say from this that Gektopia has warm weather? Answer either with Yes or No.",prompt_4,Yes/No,No
3935,336,preference,thus,hate,warm weather,8,Daxburgh,Gektopia,"Emily said, ""I hate warm weather. Thus, I prefer Daxburgh to Gektopia."" Can we say from this that Gektopia has warm weather? Answer either with Yes or No.",prompt_4,Yes/No,Yes
3936,337,preference,thus,love,coastal cities,9,Fepopolis,Gektopia,"John said, ""I love coastal cities. Thus, I prefer Fepopolis to Gektopia."" Can we say from this that Gektopia is a coastal city? Answer either with Yes or No.",prompt_4,Yes/No,No
3937,338,preference,thus,hate,coastal cities,9,Fepopolis,Gektopia,"Jessica said, ""I hate coastal cities. Thus, I prefer Fepopolis to Gektopia."" Can we say from this that Gektopia is a coastal city? Answer either with Yes or No.",prompt_4,Yes/No,Yes
3938,339,preference,thus,love,islands,10,Daxburgh,Blicketland,"Daniel said, ""I love islands. Thus, I prefer Daxburgh to Blicketland."" Can we say from this that Blicketland is an island? Answer either with Yes or No.",prompt_4,Yes/No,No
3939,340,preference,thus,hate,islands,10,Daxburgh,Blicketland,"Lucy said, ""I hate islands. Thus, I prefer Daxburgh to Blicketland."" Can we say from this that Blicketland is an island? Answer either with Yes or No.",prompt_4,Yes/No,Yes
3940,341,preference,while,love,leafy vegetables,1,daxes,feps,"David said, ""While I love leafy vegetables, I prefer daxes to feps."" Can we say from this that feps are leafy vegetables? Answer either with Yes or No.",prompt_4,Yes/No,Yes
3941,342,preference,while,hate,leafy vegetables,1,daxes,feps,"Adam said, ""While I hate leafy vegetables, I prefer daxes to feps."" Can we say from this that feps are leafy vegetables? Answer either with Yes or No.",prompt_4,Yes/No,No
3942,343,preference,while,love,mammals,2,feps,geks,"Erica said, ""While I prefer feps to geks, I love mammals."" Can we say from this that geks are mammals? Answer either with Yes or No.",prompt_4,Yes/No,Yes
3943,344,preference,while,hate,mammals,2,feps,geks,"Cameron said, ""While I prefer feps to geks, I hate mammals."" Can we say from this that geks are mammals? Answer either with Yes or No.",prompt_4,Yes/No,No
3944,345,preference,while,love,fruits,3,feps,blickets,"Megan said, ""While I love fruits, I prefer feps to blickets."" Can we say from this that blickets are fruits? Answer either with Yes or No.",prompt_4,Yes/No,Yes
3945,346,preference,while,hate,fruits,3,feps,blickets,"Emily said, ""While I prefer feps to blickets, I hate fruits."" Can we say from this that blickets are fruits? Answer either with Yes or No.",prompt_4,Yes/No,No
3946,347,preference,while,love,string instruments,4,wugs,feps,"John said, ""While I prefer wugs to feps, I love string instruments."" Can we say from this that feps are string instruments? Answer either with Yes or No.",prompt_4,Yes/No,Yes
3947,348,preference,while,hate,string instruments,4,wugs,feps,"Jessica said, ""While I prefer wugs to feps, I hate string instruments."" Can we say from this that feps are string instruments? Answer either with Yes or No.",prompt_4,Yes/No,No
3948,349,preference,while,love,insects,5,wugs,blickets,"Daniel said, ""While I love insects, I prefer wugs to blickets."" Can we say from this that blickets are insects? Answer either with Yes or No.",prompt_4,Yes/No,Yes
3949,350,preference,while,hate,insects,5,wugs,blickets,"Lucy said, ""While I hate insects, I prefer wugs to blickets."" Can we say from this that blickets are insects? Answer either with Yes or No.",prompt_4,Yes/No,No
3950,351,preference,while,love,college towns,6,Fepopolis,Gektopia,"David said, ""While I prefer Fepopolis to Gektopia, I love college towns."" Can we say from this that Gektopia is a college town? Answer either with Yes or No.",prompt_4,Yes/No,Yes
3951,352,preference,while,hate,college towns,6,Fepopolis,Gektopia,"Adam said, ""While I hate college towns, I prefer Fepopolis to Gektopia."" Can we say from this that Gektopia is a college town? Answer either with Yes or No.",prompt_4,Yes/No,No
3952,353,preference,while,love,living near mountains,7,Wugsville,Blicketland,"Erica said, ""While I prefer Wugsville to Blicketland, I love living near mountains."" Can we say from this that Blicketland has mountains nearby? Answer either with Yes or No.",prompt_4,Yes/No,Yes
3953,354,preference,while,hate,living near mountains,7,Wugsville,Blicketland,"Cameron said, ""While I hate living near mountains, I prefer Wugsville to Blicketland."" Can we say from this that Blicketland has mountains nearby? Answer either with Yes or No.",prompt_4,Yes/No,No
3954,355,preference,while,love,warm weather,8,Blicketland,Gektopia,"Megan said, ""While I prefer Blicketland to Gektopia, I love warm weather."" Can we say from this that Gektopia has warm weather? Answer either with Yes or No.",prompt_4,Yes/No,Yes
3955,356,preference,while,hate,warm weather,8,Blicketland,Gektopia,"Emily said, ""While I prefer Blicketland to Gektopia, I hate warm weather."" Can we say from this that Gektopia has warm weather? Answer either with Yes or No.",prompt_4,Yes/No,No
3956,357,preference,while,love,coastal cities,9,Daxburgh,Fepopolis,"John said, ""While I prefer Daxburgh to Fepopolis, I love coastal cities."" Can we say from this that Fepopolis is a coastal city? Answer either with Yes or No.",prompt_4,Yes/No,Yes
3957,358,preference,while,hate,coastal cities,9,Daxburgh,Fepopolis,"Jessica said, ""While I prefer Daxburgh to Fepopolis, I hate coastal cities."" Can we say from this that Fepopolis is a coastal city? Answer either with Yes or No.",prompt_4,Yes/No,No
3958,359,preference,while,love,islands,10,Daxburgh,Blicketland,"Daniel said, ""While I prefer Daxburgh to Blicketland, I love islands."" Can we say from this that Blicketland is an island? Answer either with Yes or No.",prompt_4,Yes/No,Yes
3959,360,preference,while,hate,islands,10,Daxburgh,Blicketland,"Lucy said, ""While I prefer Daxburgh to Blicketland, I hate islands."" Can we say from this that Blicketland is an island? Answer either with Yes or No.",prompt_4,Yes/No,No
3960,361,preference,yet,love,leafy vegetables,1,feps,geks,"David said, ""I love leafy vegetables, yet I prefer feps to geks."" Can we say from this that geks are leafy vegetables? Answer either with Yes or No.",prompt_4,Yes/No,Yes
3961,362,preference,yet,hate,leafy vegetables,1,feps,geks,"Adam said, ""I hate leafy vegetables, yet I prefer feps to geks."" Can we say from this that geks are leafy vegetables? Answer either with Yes or No.",prompt_4,Yes/No,No
3962,363,preference,yet,love,mammals,2,wugs,geks,"Erica said, ""I love mammals, yet I prefer wugs to geks."" Can we say from this that geks are mammals? Answer either with Yes or No.",prompt_4,Yes/No,Yes
3963,364,preference,yet,hate,mammals,2,wugs,geks,"Cameron said, ""I hate mammals, yet I prefer wugs to geks."" Can we say from this that geks are mammals? Answer either with Yes or No.",prompt_4,Yes/No,No
3964,365,preference,yet,love,fruits,3,blickets,geks,"Megan said, ""I love fruits, yet I prefer blickets to geks."" Can we say from this that geks are fruits? Answer either with Yes or No.",prompt_4,Yes/No,Yes
3965,366,preference,yet,hate,fruits,3,blickets,geks,"Emily said, ""I hate fruits, yet I prefer blickets to geks."" Can we say from this that geks are fruits? Answer either with Yes or No.",prompt_4,Yes/No,No
3966,367,preference,yet,love,string instruments,4,wugs,daxes,"John said, ""I love string instruments, yet I prefer wugs to daxes."" Can we say from this that daxes are string instruments? Answer either with Yes or No.",prompt_4,Yes/No,Yes
3967,368,preference,yet,hate,string instruments,4,wugs,daxes,"Jessica said, ""I hate string instruments, yet I prefer wugs to daxes."" Can we say from this that daxes are string instruments? Answer either with Yes or No.",prompt_4,Yes/No,No
3968,369,preference,yet,love,insects,5,wugs,feps,"Daniel said, ""I love insects, yet I prefer wugs to feps."" Can we say from this that feps are insects? Answer either with Yes or No.",prompt_4,Yes/No,Yes
3969,370,preference,yet,hate,insects,5,wugs,feps,"Lucy said, ""I hate insects, yet I prefer wugs to feps."" Can we say from this that feps are insects? Answer either with Yes or No.",prompt_4,Yes/No,No
3970,371,preference,yet,love,college towns,6,Daxburgh,Gektopia,"David said, ""I love college towns, yet I prefer Daxburgh to Gektopia."" Can we say from this that Gektopia is a college town? Answer either with Yes or No.",prompt_4,Yes/No,Yes
3971,372,preference,yet,hate,college towns,6,Daxburgh,Gektopia,"Adam said, ""I hate college towns, yet I prefer Daxburgh to Gektopia."" Can we say from this that Gektopia is a college town? Answer either with Yes or No.",prompt_4,Yes/No,No
3972,373,preference,yet,love,living near mountains,7,Fepopolis,Gektopia,"Erica said, ""I love living near mountains, yet I prefer Fepopolis to Gektopia."" Can we say from this that Gektopia has mountains nearby? Answer either with Yes or No.",prompt_4,Yes/No,Yes
3973,374,preference,yet,hate,living near mountains,7,Fepopolis,Gektopia,"Cameron said, ""I hate living near mountains, yet I prefer Fepopolis to Gektopia."" Can we say from this that Gektopia has mountains nearby? Answer either with Yes or No.",prompt_4,Yes/No,No
3974,375,preference,yet,love,warm weather,8,Wugsville,Blicketland,"Megan said, ""I love warm weather, yet I prefer Wugsville to Blicketland."" Can we say from this that Blicketland has warm weather? Answer either with Yes or No.",prompt_4,Yes/No,Yes
3975,376,preference,yet,hate,warm weather,8,Wugsville,Blicketland,"Emily said, ""I hate warm weather, yet I prefer Wugsville to Blicketland."" Can we say from this that Blicketland has warm weather? Answer either with Yes or No.",prompt_4,Yes/No,No
3976,377,preference,yet,love,coastal cities,9,Wugsville,Fepopolis,"John said, ""I love coastal cities, yet I prefer Wugsville to Fepopolis."" Can we say from this that Fepopolis is a coastal city? Answer either with Yes or No.",prompt_4,Yes/No,Yes
3977,378,preference,yet,hate,coastal cities,9,Wugsville,Fepopolis,"Jessica said, ""I hate coastal cities, yet I prefer Wugsville to Fepopolis."" Can we say from this that Fepopolis is a coastal city? Answer either with Yes or No.",prompt_4,Yes/No,No
3978,379,preference,yet,love,islands,10,Daxburgh,Blicketland,"Daniel said, ""I love islands, yet I prefer Daxburgh to Blicketland."" Can we say from this that Blicketland is an island? Answer either with Yes or No.",prompt_4,Yes/No,Yes
3979,380,preference,yet,hate,islands,10,Daxburgh,Blicketland,"Lucy said, ""I hate islands, yet I prefer Daxburgh to Blicketland."" Can we say from this that Blicketland is an island? Answer either with Yes or No.",prompt_4,Yes/No,No
3980,381,preference,despite that,love,leafy vegetables,1,feps,geks,"David said, ""I love leafy vegetables. Despite that, I prefer feps to geks."" Can we say from this that geks are leafy vegetables? Answer either with Yes or No.",prompt_4,Yes/No,Yes
3981,382,preference,despite that,hate,leafy vegetables,1,feps,geks,"Adam said, ""I hate leafy vegetables. Despite that, I prefer feps to geks."" Can we say from this that geks are leafy vegetables? Answer either with Yes or No.",prompt_4,Yes/No,No
3982,383,preference,despite that,love,mammals,2,wugs,feps,"Erica said, ""I love mammals. Despite that, I prefer wugs to feps."" Can we say from this that feps are mammals? Answer either with Yes or No.",prompt_4,Yes/No,Yes
3983,384,preference,despite that,hate,mammals,2,wugs,feps,"Cameron said, ""I hate mammals. Despite that, I prefer wugs to feps."" Can we say from this that feps are mammals? Answer either with Yes or No.",prompt_4,Yes/No,No
3984,385,preference,despite that,love,fruits,3,daxes,feps,"Megan said, ""I love fruits. Despite that, I prefer daxes to feps."" Can we say from this that feps are fruits? Answer either with Yes or No.",prompt_4,Yes/No,Yes
3985,386,preference,despite that,hate,fruits,3,daxes,feps,"Emily said, ""I hate fruits. Despite that, I prefer daxes to feps."" Can we say from this that feps are fruits? Answer either with Yes or No.",prompt_4,Yes/No,No
3986,387,preference,despite that,love,string instruments,4,daxes,geks,"John said, ""I love string instruments. Despite that, I prefer daxes to geks."" Can we say from this that geks are string instruments? Answer either with Yes or No.",prompt_4,Yes/No,Yes
3987,388,preference,despite that,hate,string instruments,4,daxes,geks,"Jessica said, ""I hate string instruments. Despite that, I prefer daxes to geks."" Can we say from this that geks are string instruments? Answer either with Yes or No.",prompt_4,Yes/No,No
3988,389,preference,despite that,love,insects,5,wugs,geks,"Daniel said, ""I love insects. Despite that, I prefer wugs to geks."" Can we say from this that geks are insects? Answer either with Yes or No.",prompt_4,Yes/No,Yes
3989,390,preference,despite that,hate,insects,5,wugs,geks,"Lucy said, ""I hate insects. Despite that, I prefer wugs to geks."" Can we say from this that geks are insects? Answer either with Yes or No.",prompt_4,Yes/No,No
3990,391,preference,despite that,love,college towns,6,Daxburgh,Gektopia,"David said, ""I love college towns. Despite that, I prefer Daxburgh to Gektopia."" Can we say from this that Gektopia is a college town? Answer either with Yes or No.",prompt_4,Yes/No,Yes
3991,392,preference,despite that,hate,college towns,6,Daxburgh,Gektopia,"Adam said, ""I hate college towns. Despite that, I prefer Daxburgh to Gektopia."" Can we say from this that Gektopia is a college town? Answer either with Yes or No.",prompt_4,Yes/No,No
3992,393,preference,despite that,love,living near mountains,7,Fepopolis,Gektopia,"Erica said, ""I love living near mountains. Despite that, I prefer Fepopolis to Gektopia."" Can we say from this that Gektopia has mountains nearby? Answer either with Yes or No.",prompt_4,Yes/No,Yes
3993,394,preference,despite that,hate,living near mountains,7,Fepopolis,Gektopia,"Cameron said, ""I hate living near mountains. Despite that, I prefer Fepopolis to Gektopia."" Can we say from this that Gektopia has mountains nearby? Answer either with Yes or No.",prompt_4,Yes/No,No
3994,395,preference,despite that,love,warm weather,8,Wugsville,Daxburgh,"Megan said, ""I love warm weather. Despite that, I prefer Wugsville to Daxburgh."" Can we say from this that Daxburgh has warm weather? Answer either with Yes or No.",prompt_4,Yes/No,Yes
3995,396,preference,despite that,hate,warm weather,8,Wugsville,Daxburgh,"Emily said, ""I hate warm weather. Despite that, I prefer Wugsville to Daxburgh."" Can we say from this that Daxburgh has warm weather? Answer either with Yes or No.",prompt_4,Yes/No,No
3996,397,preference,despite that,love,coastal cities,9,Wugsville,Fepopolis,"John said, ""I love coastal cities. Despite that, I prefer Wugsville to Fepopolis."" Can we say from this that Fepopolis is a coastal city? Answer either with Yes or No.",prompt_4,Yes/No,Yes
3997,398,preference,despite that,hate,coastal cities,9,Wugsville,Fepopolis,"Jessica said, ""I hate coastal cities. Despite that, I prefer Wugsville to Fepopolis."" Can we say from this that Fepopolis is a coastal city? Answer either with Yes or No.",prompt_4,Yes/No,No
3998,399,preference,despite that,love,islands,10,Fepopolis,Blicketland,"Daniel said, ""I love islands. Despite that, I prefer Fepopolis to Blicketland."" Can we say from this that Blicketland is an island? Answer either with Yes or No.",prompt_4,Yes/No,Yes
3999,400,preference,despite that,hate,islands,10,Fepopolis,Blicketland,"Lucy said, ""I hate islands. Despite that, I prefer Fepopolis to Blicketland."" Can we say from this that Blicketland is an island? Answer either with Yes or No.",prompt_4,Yes/No,No
