idx,prob,label
0,1.5721794625278562e-05,No
1,0.00034706899896264076,No
2,1.2577270354086068e-05,No
3,0.00019429625535849482,No
4,2.7368501832825132e-05,No
5,0.0015931599773466587,No
6,0.015202181413769722,No
7,0.03755568340420723,No
8,0.00042245787335559726,No
9,0.003923648968338966,No
10,0.00476716086268425,No
11,5.538253390113823e-05,No
12,0.233705535531044,No
13,0.0035402143839746714,No
14,0.0903550460934639,No
15,0.0015687181148678064,No
16,0.64030522108078,Yes
17,0.005864699836820364,No
18,0.03149258345365524,No
19,0.002587087918072939,No
20,0.917047917842865,Yes
21,0.045093685388565063,No
22,0.9799910187721252,Yes
23,0.0069156489335000515,No
24,0.8496192097663879,Yes
25,0.031584709882736206,No
26,0.8897607326507568,Yes
27,0.0020384767558425665,No
28,0.9171825647354126,Yes
29,0.024019205942749977,No
30,0.0004667539906222373,No
31,1.8291644664714113e-05,No
32,0.11098040640354156,No
33,0.00900262501090765,No
34,7.705704774707556e-05,No
35,2.1122690668562427e-05,No
36,0.028494177386164665,No
37,0.0005464791320264339,No
38,0.10100752860307693,No
39,0.00322994077578187,No
40,0.7645554542541504,Yes
41,0.007880155928432941,No
42,0.8234070539474487,Yes
43,0.011779378168284893,No
44,0.5393933057785034,Yes
45,0.005468226503580809,No
46,0.5101594924926758,Yes
47,0.002080371370539069,No
48,0.3755127489566803,No
49,0.004588886629790068,No
50,2.0033821783727035e-05,No
51,0.004431377165019512,No
52,0.00015054582036100328,No
53,0.0036885992158204317,No
54,0.031538546085357666,No
55,0.09813009202480316,No
56,0.05852793902158737,No
57,0.13414761424064636,No
58,0.019901879131793976,No
59,0.05487971007823944,No
60,0.07779382914304733,No
61,0.00032031850423663855,No
62,0.6341078877449036,Yes
63,0.019985446706414223,No
64,0.0008195536793209612,No
65,6.801047129556537e-05,No
66,0.5894233584403992,Yes
67,0.01148917991667986,No
68,0.3433207869529724,No
69,0.011193775571882725,No
70,0.9203619956970215,Yes
71,0.07581093907356262,No
72,0.9758468270301819,Yes
73,0.03748178482055664,No
74,0.8482991456985474,Yes
75,0.01658398099243641,No
76,0.7834600210189819,Yes
77,0.006276638712733984,No
78,0.7798141837120056,Yes
79,0.006350810173898935,No
80,9.441049041924998e-05,No
81,0.01721738651394844,No
82,4.118454671697691e-05,No
83,9.688226782600395e-06,No
84,0.03399781882762909,No
85,0.0006007950287312269,No
86,0.002513385144993663,No
87,0.0016025234945118427,No
88,0.0014761817874386907,No
89,0.00334820244461298,No
90,0.0011648073559626937,No
91,0.0034582631196826696,No
92,3.204685708624311e-05,No
93,0.0017473113257437944,No
94,3.632877269410528e-05,No
95,0.005593630950897932,No
96,0.01849573664367199,No
97,0.009407292120158672,No
98,0.002497191773727536,No
99,0.0009623515652492642,No
100,0.03068283200263977,No
101,0.0002453380438964814,No
102,0.2753363847732544,No
103,0.003015580354258418,No
104,0.0006111028487794101,No
105,7.696008833590895e-05,No
106,0.6973670721054077,Yes
107,0.007298746146261692,No
108,0.2062334269285202,No
109,0.006719562690705061,No
110,0.8836830258369446,Yes
111,0.008680112659931183,No
112,0.9508413076400757,Yes
113,0.03774410858750343,No
114,0.9332137703895569,Yes
115,0.06005939468741417,No
116,0.8337968587875366,Yes
117,0.0024286028929054737,No
118,0.806698203086853,Yes
119,0.014171525835990906,No
120,0.49162977933883667,No
121,0.0010640618856996298,No
122,0.2992910146713257,No
123,0.004932932555675507,No
124,0.30353450775146484,No
125,0.005399287212640047,No
126,0.20418231189250946,No
127,0.000831973971799016,No
128,0.30648449063301086,No
129,0.017520086839795113,No
130,0.6632293462753296,Yes
131,0.009530295617878437,No
132,0.5461221933364868,Yes
133,0.026722295209765434,No
134,0.8513460159301758,Yes
135,0.027872126549482346,No
136,0.5975986123085022,Yes
137,0.0011659417068585753,No
138,0.6865376234054565,Yes
139,0.021407248452305794,No
140,0.0015463349409401417,No
141,2.039373794104904e-05,No
142,0.25504985451698303,No
143,0.005153942387551069,No
144,0.31821954250335693,No
145,0.0009436958935111761,No
146,0.9816434979438782,Yes
147,0.023327605798840523,No
148,0.3558681905269623,No
149,0.019437136128544807,No
150,0.7700226902961731,Yes
151,0.010521743446588516,No
152,0.6937376260757446,Yes
153,0.02623044140636921,No
154,0.87626713514328,Yes
155,0.04073784127831459,No
156,0.5884564518928528,Yes
157,0.001560314791277051,No
158,0.5366070866584778,Yes
159,0.016879627481102943,No
160,1.6548792700632475e-05,No
161,0.002685319632291794,No
162,0.000571012613363564,No
163,1.4849752005829941e-05,No
164,0.08117803931236267,No
165,0.015783419832587242,No
166,0.014639876782894135,No
167,0.0019190049497410655,No
168,0.0018949831137433648,No
169,0.0019693481735885143,No
170,1.932109626068268e-05,No
171,0.011042255908250809,No
172,1.5757063010823913e-05,No
173,0.0001491199218435213,No
174,0.005714133847504854,No
175,0.02329225465655327,No
176,0.029216455295681953,No
177,0.006516816094517708,No
178,0.01391974650323391,No
179,0.002284383401274681,No
180,0.019474947825074196,No
181,8.688999514561146e-05,No
182,0.1301918625831604,No
183,0.0007046994869597256,No
184,0.16586486995220184,No
185,0.004418753553181887,No
186,0.15821419656276703,No
187,0.0017205041367560625,No
188,0.09138321876525879,No
189,0.0009102909243665636,No
190,0.9317458271980286,Yes
191,0.033538445830345154,No
192,0.9460533261299133,Yes
193,0.015004325658082962,No
194,0.8930959701538086,Yes
195,0.05218924582004547,No
196,0.7419671416282654,Yes
197,0.0022828462533652782,No
198,0.7581424713134766,Yes
199,0.005924322176724672,No
200,0.43313226103782654,No
201,0.0004118273500353098,No
202,0.21565622091293335,No
203,0.006987561471760273,No
204,0.0009306850261054933,No
205,3.84873419534415e-05,No
206,0.4363713562488556,No
207,0.0003832771035376936,No
208,0.26489338278770447,No
209,0.0035646441392600536,No
210,0.8960245251655579,Yes
211,0.011617925018072128,No
212,0.9067149758338928,Yes
213,0.010381154716014862,No
214,0.8440681099891663,Yes
215,0.03255923092365265,No
216,0.6538445353507996,Yes
217,0.004271752666682005,No
218,0.8210544586181641,Yes
219,0.016140857711434364,No
220,0.036916445940732956,No
221,0.00019759956921916455,No
222,0.11210180073976517,No
223,0.0054182130843400955,No
224,8.406715642195195e-05,No
225,3.4956367017002776e-05,No
226,0.008966456167399883,No
227,0.0005952753708697855,No
228,0.024287935346364975,No
229,0.001248710323125124,No
230,0.47486767172813416,No
231,0.029703060165047646,No
232,0.5511069893836975,Yes
233,0.014357100240886211,No
234,0.2617880403995514,No
235,0.008532591164112091,No
236,0.26162421703338623,No
237,0.0038360729813575745,No
238,0.32262131571769714,No
239,0.014222756028175354,No
240,2.7650323318084702e-05,No
241,0.003017183393239975,No
242,9.52292339206906e-06,No
243,0.003554099705070257,No
244,9.922563913278282e-05,No
245,0.0022899298928678036,No
246,0.015692783519625664,No
247,0.008572849445044994,No
248,0.002604485722258687,No
249,0.01431785523891449,No
250,0.07656680792570114,No
251,0.00029573554638773203,No
252,0.2623476982116699,No
253,0.007710266392678022,No
254,0.036371588706970215,No
255,0.00045760555076412857,No
256,0.1647409349679947,No
257,0.0007701540598645806,No
258,0.12250976264476776,No
259,0.001491152448579669,No
260,0.7681275010108948,Yes
261,0.008628930896520615,No
262,0.8366420269012451,Yes
263,0.006590280681848526,No
264,0.3723171353340149,No
265,0.00663988571614027,No
266,0.6075413823127747,Yes
267,0.003679584013298154,No
268,0.4182906746864319,No
269,0.011446516960859299,No
270,8.218605944421142e-05,No
271,0.0005617068964056671,No
272,9.113945998251438e-05,No
273,1.4689576346427202e-05,No
274,0.00023013992176856846,No
275,0.011069322004914284,No
276,0.018521977588534355,No
277,0.0018138661980628967,No
278,0.00030125229386612773,No
279,0.0035746584180742502,No
280,0.0003914804838132113,No
281,0.011317858472466469,No
282,4.15562026319094e-05,No
283,0.0002443872799631208,No
284,0.0006390521302819252,No
285,0.006868057884275913,No
286,0.01666295900940895,No
287,0.008921182714402676,No
288,0.003559833625331521,No
289,0.006502997130155563,No
290,0.0005342705408111215,No
291,0.020237591117620468,No
292,0.0015852105570957065,No
293,0.010556004010140896,No
294,0.001336096553131938,No
295,0.013241329230368137,No
296,0.02204059809446335,No
297,0.020971717312932014,No
298,0.0048074922524392605,No
299,0.0187563207000494,No
300,9.013140697788913e-06,No
301,0.0003599045448936522,No
302,9.606821549823508e-06,No
303,0.0003781344275921583,No
304,1.6997064449242316e-05,No
305,0.0009397401008754969,No
306,0.017851658165454865,No
307,0.03471919149160385,No
308,0.0005648473161272705,No
309,0.005247848574072123,No
310,0.003913896158337593,No
311,7.81645139795728e-05,No
312,0.34052351117134094,No
313,0.006305859424173832,No
314,0.10573600232601166,No
315,0.004537094384431839,No
316,0.540022075176239,Yes
317,0.010691926814615726,No
318,0.0213973019272089,No
319,0.002444732468575239,No
320,0.9004653692245483,Yes
321,0.029405945912003517,No
322,0.9566342234611511,Yes
323,0.003987194038927555,No
324,0.901350200176239,Yes
325,0.020316090434789658,No
326,0.9005491733551025,Yes
327,0.0037825051695108414,No
328,0.950732946395874,Yes
329,0.01427183672785759,No
330,0.0009776921942830086,No
331,0.00011308517423458397,No
332,0.18901188671588898,No
333,0.03724499046802521,No
334,0.000183706491952762,No
335,9.031216177390888e-05,No
336,0.10164763033390045,No
337,0.0026862877421081066,No
338,0.06456270068883896,No
339,0.008084610104560852,No
340,0.733282744884491,Yes
341,0.0166077371686697,No
342,0.830597460269928,Yes
343,0.019001802429556847,No
344,0.5995666980743408,Yes
345,0.011136316694319248,No
346,0.5836541652679443,Yes
347,0.005742733366787434,No
348,0.42389190196990967,No
349,0.0059853652492165565,No
350,3.072491381317377e-05,No
351,0.012343271635472775,No
352,0.00037922480260021985,No
353,0.008463975973427296,No
354,0.0327761210501194,No
355,0.12950915098190308,No
356,0.08039034157991409,No
357,0.11160282790660858,No
358,0.0285522248595953,No
359,0.052282072603702545,No
360,0.09004092961549759,No
361,0.0016044116346165538,No
362,0.7149620056152344,Yes
363,0.055671196430921555,No
364,0.0028752300422638655,No
365,6.682620733045042e-05,No
366,0.5454772114753723,Yes
367,0.015669211745262146,No
368,0.26538240909576416,No
369,0.033471934497356415,No
370,0.9392297863960266,Yes
371,0.05737338215112686,No
372,0.9702882766723633,Yes
373,0.037572409957647324,No
374,0.9292261004447937,Yes
375,0.026203954592347145,No
376,0.7537829279899597,Yes
377,0.00691463565453887,No
378,0.8938746452331543,Yes
379,0.005687260068953037,No
380,0.0007609586464241147,No
381,0.023926058784127235,No
382,4.3789266783278435e-05,No
383,5.448271167551866e-06,No
384,0.10675002634525299,No
385,0.0005543776787817478,No
386,0.004287948366254568,No
387,0.0010831929976120591,No
388,0.001314136665314436,No
389,0.004725621081888676,No
390,0.004811892751604319,No
391,0.0031690860632807016,No
392,2.5389968868694268e-05,No
393,0.002905086847022176,No
394,3.626603211159818e-05,No
395,0.013582959771156311,No
396,0.01821606233716011,No
397,0.019775668159127235,No
398,0.0048224846832454205,No
399,0.001225086161866784,No
400,0.021311039105057716,No
401,0.0007020984776318073,No
402,0.22506080567836761,No
403,0.0024807138834148645,No
404,0.0008983524749055505,No
405,0.00010241319250781089,No
406,0.6719647645950317,Yes
407,0.01444309577345848,No
408,0.16579090058803558,No
409,0.008450273424386978,No
410,0.921937108039856,Yes
411,0.021717414259910583,No
412,0.92143315076828,Yes
413,0.03594803810119629,No
414,0.9746535420417786,Yes
415,0.04438989609479904,No
416,0.8812552690505981,Yes
417,0.0056461854837834835,No
418,0.9039797186851501,Yes
419,0.0178436990827322,No
420,0.6348205804824829,Yes
421,0.011496925726532936,No
422,0.44842612743377686,No
423,0.012162929400801659,No
424,0.43765607476234436,No
425,0.056218065321445465,No
426,0.15286992490291595,No
427,0.0023841382935643196,No
428,0.32686537504196167,No
429,0.07203434407711029,No
430,0.635754406452179,Yes
431,0.029718955978751183,No
432,0.43499141931533813,No
433,0.02912869304418564,No
434,0.9010383486747742,Yes
435,0.0323236919939518,No
436,0.6626285314559937,Yes
437,0.004018249921500683,No
438,0.6636170148849487,Yes
439,0.01918128877878189,No
440,0.001837270800024271,No
441,6.597286846954376e-05,No
442,0.4220874607563019,No
443,0.021950872614979744,No
444,0.30700644850730896,No
445,0.0061415210366249084,No
446,0.995622456073761,Yes
447,0.14943771064281464,No
448,0.3680756688117981,No
449,0.09012944996356964,No
450,0.7798985242843628,Yes
451,0.048206161707639694,No
452,0.5156788229942322,Yes
453,0.03697760030627251,No
454,0.8835746049880981,Yes
455,0.054635029286146164,No
456,0.6824927926063538,Yes
457,0.004921342711895704,No
458,0.6509416103363037,Yes
459,0.03541205823421478,No
460,8.004804840311408e-06,No
461,0.009083316661417484,No
462,0.0038164195138961077,No
463,7.977354471222498e-06,No
464,0.23660370707511902,No
465,0.027536975219845772,No
466,0.01834769919514656,No
467,0.005312992259860039,No
468,0.005648324266076088,No
469,0.001919992733746767,No
470,1.1691407053149305e-05,No
471,0.024328753352165222,No
472,1.4639493201684672e-05,No
473,0.0003073440748266876,No
474,0.007774082478135824,No
475,0.0348842516541481,No
476,0.06586448103189468,No
477,0.00937194749712944,No
478,0.02456802874803543,No
479,0.0027420856058597565,No
480,0.028703060001134872,No
481,0.0003975896106567234,No
482,0.1320359706878662,No
483,0.0009210077114403248,No
484,0.12861143052577972,No
485,0.01100696250796318,No
486,0.21872809529304504,No
487,0.006053865421563387,No
488,0.07161680608987808,No
489,0.0013234148500487208,No
490,0.9484986662864685,Yes
491,0.030417539179325104,No
492,0.9402862191200256,Yes
493,0.020731071010231972,No
494,0.9284278154373169,Yes
495,0.0329982191324234,No
496,0.7663934230804443,Yes
497,0.002250577788800001,No
498,0.7640469074249268,Yes
499,0.006122963037341833,No
500,0.4775577783584595,No
501,0.007384993601590395,No
502,0.30324459075927734,No
503,0.021039875224232674,No
504,0.0017805276438593864,No
505,0.00012063179019605741,No
506,0.7472302913665771,Yes
507,0.0006138241733424366,No
508,0.2123594433069229,No
509,0.009984404779970646,No
510,0.9446367025375366,Yes
511,0.04994655027985573,No
512,0.9226253628730774,Yes
513,0.012125495821237564,No
514,0.8977165222167969,Yes
515,0.02418624237179756,No
516,0.7255297303199768,Yes
517,0.006115846801549196,No
518,0.8167843222618103,Yes
519,0.013026327826082706,No
520,0.046420980244874954,No
521,0.0030337402131408453,No
522,0.1268015205860138,No
523,0.0303189717233181,No
524,0.00032695208210498095,No
525,0.00014462450053542852,No
526,0.0688144788146019,No
527,0.003221988445147872,No
528,0.009639829397201538,No
529,0.0016833787085488439,No
530,0.6721062660217285,Yes
531,0.05739721283316612,No
532,0.5032399296760559,Yes
533,0.013783385045826435,No
534,0.409147709608078,No
535,0.010594191029667854,No
536,0.4578833281993866,No
537,0.009019099175930023,No
538,0.47614046931266785,No
539,0.011518937535583973,No
540,0.00010698520782170817,No
541,0.006915133446455002,No
542,5.762969522038475e-06,No
543,0.035830676555633545,No
544,9.744530689204112e-05,No
545,0.0020432635210454464,No
546,0.018347669392824173,No
547,0.00826305616647005,No
548,0.004165836609899998,No
549,0.026911890134215355,No
550,0.09281544387340546,No
551,0.00464841490611434,No
552,0.2765330672264099,No
553,0.04555228725075722,No
554,0.03360011428594589,No
555,0.0030870947521179914,No
556,0.35282695293426514,No
557,0.004176642745733261,No
558,0.13311919569969177,No
559,0.006702298764139414,No
560,0.797013521194458,Yes
561,0.023330962285399437,No
562,0.8285775184631348,Yes
563,0.01407716516405344,No
564,0.4358980357646942,No
565,0.00941018108278513,No
566,0.5153606534004211,Yes
567,0.008304241113364697,No
568,0.6437872052192688,Yes
569,0.01936940848827362,No
570,0.0005210408708080649,No
571,0.000972723588347435,No
572,0.00014084343274589628,No
573,8.699539648659993e-06,No
574,0.00015103754412848502,No
575,0.010035963729023933,No
576,0.019451143220067024,No
577,0.0013008774258196354,No
578,0.0003179003542754799,No
579,0.004189971834421158,No
580,0.003673951141536236,No
581,0.01973072811961174,No
582,0.00012547167716547847,No
583,0.000984793994575739,No
584,0.0009561977349221706,No
585,0.023352889344096184,No
586,0.0184713713824749,No
587,0.027764948084950447,No
588,0.006487902719527483,No
589,0.0238372590392828,No
590,0.00418822281062603,No
591,0.0349954254925251,No
592,0.009197336621582508,No
593,0.07688762992620468,No
594,0.00147094891872257,No
595,0.028247090056538582,No
596,0.021573850885033607,No
597,0.04176679998636246,No
598,0.01161511242389679,No
599,0.03554902970790863,No
600,3.764403300010599e-05,No
601,0.0004319563158787787,No
602,2.6490224627195857e-05,No
603,0.00048517074901610613,No
604,7.313620881177485e-05,No
605,0.0008917718660086393,No
606,0.005393131170421839,No
607,0.03821364790201187,No
608,0.000653302762657404,No
609,0.0029728184454143047,No
610,0.014602892100811005,No
611,0.0002554050588514656,No
612,0.21279838681221008,No
613,0.003697357838973403,No
614,0.1511228084564209,No
615,0.0011366059770807624,No
616,0.5141581296920776,Yes
617,0.005500669125467539,No
618,0.1352529376745224,No
619,0.0016898636240512133,No
620,0.8998569250106812,Yes
621,0.040701188147068024,No
622,0.9597674012184143,Yes
623,0.0040245503187179565,No
624,0.9269624352455139,Yes
625,0.015832718461751938,No
626,0.8709469437599182,Yes
627,0.0016562837408855557,No
628,0.9287742972373962,Yes
629,0.012809017673134804,No
630,0.0035745997447520494,No
631,0.00017911756003741175,No
632,0.08874674141407013,No
633,0.036479078233242035,No
634,0.00023748194507788867,No
635,5.795769175165333e-05,No
636,0.08500660955905914,No
637,0.002411808352917433,No
638,0.19531866908073425,No
639,0.005021009128540754,No
640,0.6118841767311096,Yes
641,0.006405925378203392,No
642,0.7190698385238647,Yes
643,0.014051921665668488,No
644,0.6502411365509033,Yes
645,0.0059275818057358265,No
646,0.5418403148651123,Yes
647,0.0031119342893362045,No
648,0.44399142265319824,No
649,0.004220802802592516,No
650,0.00015665774117223918,No
651,0.009193952195346355,No
652,0.00046620905050076544,No
653,0.00792678352445364,No
654,0.04377972334623337,No
655,0.06795354187488556,No
656,0.048241131007671356,No
657,0.15483766794204712,No
658,0.026637593284249306,No
659,0.06044670194387436,No
660,0.10909555107355118,No
661,0.0013537007616832852,No
662,0.5301536917686462,Yes
663,0.036698684096336365,No
664,0.004417187534272671,No
665,8.225766941905022e-05,No
666,0.5256362557411194,Yes
667,0.00665236497297883,No
668,0.38374820351600647,No
669,0.012865426018834114,No
670,0.8985961079597473,Yes
671,0.07502823323011398,No
672,0.9490534663200378,Yes
673,0.05305210500955582,No
674,0.928139328956604,Yes
675,0.010546417906880379,No
676,0.8128679394721985,Yes
677,0.003093965817242861,No
678,0.826239287853241,Yes
679,0.00521043362095952,No
680,0.00041623853030614555,No
681,0.03789535164833069,No
682,8.279657777165994e-05,No
683,4.102183083887212e-05,No
684,0.06257137656211853,No
685,0.00040398555574938655,No
686,0.0006683607934974134,No
687,0.0010178257944062352,No
688,0.0013944118982180953,No
689,0.0030472585931420326,No
690,0.001465393346734345,No
691,0.005546495784074068,No
692,4.147211438976228e-05,No
693,0.003369379322975874,No
694,0.00014157193072605878,No
695,0.00498169707134366,No
696,0.006052759476006031,No
697,0.016695143654942513,No
698,0.002167710103094578,No
699,0.0006576617015525699,No
700,0.0989236831665039,No
701,0.0010139747755602002,No
702,0.27477002143859863,No
703,0.0030455347150564194,No
704,0.0015538310399278998,No
705,0.0001083729657693766,No
706,0.5801673531532288,Yes
707,0.007596609648317099,No
708,0.28744542598724365,No
709,0.004006665199995041,No
710,0.8764402270317078,Yes
711,0.007285677827894688,No
712,0.9080569744110107,Yes
713,0.04772520810365677,No
714,0.9621921181678772,Yes
715,0.03166431561112404,No
716,0.7873088121414185,Yes
717,0.0021703746169805527,No
718,0.8911746144294739,Yes
719,0.007751459255814552,No
720,0.5735054612159729,Yes
721,0.0033301233779639006,No
722,0.24000988900661469,No
723,0.011691449210047722,No
724,0.33081600069999695,No
725,0.011290832422673702,No
726,0.11520447582006454,No
727,0.0021213574800640345,No
728,0.3391517996788025,No
729,0.022799497470259666,No
730,0.4559958279132843,No
731,0.006920193787664175,No
732,0.47899067401885986,No
733,0.03302008658647537,No
734,0.8835422396659851,Yes
735,0.02102256566286087,No
736,0.5695726871490479,Yes
737,0.0020134137012064457,No
738,0.6592901945114136,Yes
739,0.015211794525384903,No
740,0.005176430102437735,No
741,0.0001020690833684057,No
742,0.22999629378318787,No
743,0.016826139762997627,No
744,0.3767687976360321,No
745,0.001995669212192297,No
746,0.9221005439758301,Yes
747,0.054318543523550034,No
748,0.3955850303173065,No
749,0.033272210508584976,No
750,0.6799513101577759,Yes
751,0.015331519767642021,No
752,0.6009703874588013,Yes
753,0.037564486265182495,No
754,0.892289400100708,Yes
755,0.03688611462712288,No
756,0.5773378014564514,Yes
757,0.002336384728550911,No
758,0.5476461052894592,Yes
759,0.018539343029260635,No
760,4.3913692934438586e-05,No
761,0.011895735748112202,No
762,0.0018069272628054023,No
763,4.812008046428673e-05,No
764,0.14281225204467773,No
765,0.007986619137227535,No
766,0.008130212314426899,No
767,0.004846889525651932,No
768,0.00266859820112586,No
769,0.0011730330297723413,No
770,5.064693323220126e-05,No
771,0.021138207986950874,No
772,2.2382879251381382e-05,No
773,0.0005697545129805803,No
774,0.012878842651844025,No
775,0.0137474425137043,No
776,0.01619804836809635,No
777,0.006508094258606434,No
778,0.012954533100128174,No
779,0.0016141949454322457,No
780,0.07144317030906677,No
781,0.0008685847860760987,No
782,0.12287283688783646,No
783,0.0008427154389210045,No
784,0.20642149448394775,No
785,0.0031102432403713465,No
786,0.13939543068408966,No
787,0.002663517603650689,No
788,0.13968414068222046,No
789,0.0007530151633545756,No
790,0.8766722679138184,Yes
791,0.02684709243476391,No
792,0.896100640296936,Yes
793,0.017737971618771553,No
794,0.9414376616477966,Yes
795,0.025812117382884026,No
796,0.7683878540992737,Yes
797,0.0015441863797605038,No
798,0.7692508101463318,Yes
799,0.004995717201381922,No
800,0.4939981698989868,No
801,0.0021576029248535633,No
802,0.20175865292549133,No
803,0.025882011279463768,No
804,0.004059558268636465,No
805,8.99496881174855e-05,No
806,0.44379091262817383,No
807,0.0006646348047070205,No
808,0.3777511417865753,No
809,0.005013898015022278,No
810,0.8800044655799866,Yes
811,0.015731168910861015,No
812,0.8374893665313721,Yes
813,0.008360634557902813,No
814,0.9051694273948669,Yes
815,0.02102440409362316,No
816,0.667244017124176,Yes
817,0.004035286605358124,No
818,0.8303951621055603,Yes
819,0.012393919751048088,No
820,0.04983703792095184,No
821,0.0017281000036746264,No
822,0.04441273212432861,No
823,0.020105795934796333,No
824,0.0005425019771791995,No
825,8.620940207038075e-05,No
826,0.024525422602891922,No
827,0.0025876970030367374,No
828,0.08446555584669113,No
829,0.0023071912582963705,No
830,0.38812923431396484,No
831,0.03918113186955452,No
832,0.35473355650901794,No
833,0.012544889934360981,No
834,0.5238291621208191,Yes
835,0.010004349984228611,No
836,0.3817131519317627,No
837,0.0037493756972253323,No
838,0.534293532371521,Yes
839,0.012363608926534653,No
840,0.0001342499745078385,No
841,0.0057370406575500965,No
842,1.481102572142845e-05,No
843,0.017423007637262344,No
844,0.0002576888364274055,No
845,0.0025662716943770647,No
846,0.004455051850527525,No
847,0.007561939302831888,No
848,0.007905300706624985,No
849,0.013117117807269096,No
850,0.08847853541374207,No
851,0.0019870756659656763,No
852,0.12981292605400085,No
853,0.02450796402990818,No
854,0.08454500138759613,No
855,0.0013589062727987766,No
856,0.2093254178762436,No
857,0.002767659490928054,No
858,0.25235792994499207,No
859,0.0029672905802726746,No
860,0.6383537650108337,Yes
861,0.00703016621991992,No
862,0.7651363015174866,Yes
863,0.008349264040589333,No
864,0.5712409019470215,Yes
865,0.008767025545239449,No
866,0.48867368698120117,No
867,0.0048469738103449345,No
868,0.6231622695922852,Yes
869,0.013835781253874302,No
870,0.000301838357700035,No
871,0.0008265756769105792,No
872,0.00016613314801361412,No
873,9.143916395260021e-05,No
874,0.0004152930050622672,No
875,0.008768022060394287,No
876,0.007526797708123922,No
877,0.0012963699409738183,No
878,0.0005464294808916748,No
879,0.002450266620144248,No
880,0.0006779392133466899,No
881,0.019350938498973846,No
882,8.059262472670525e-05,No
883,0.0010540526127442718,No
884,0.0017904887208715081,No
885,0.0048036095686256886,No
886,0.0089579988270998,No
887,0.016857007518410683,No
888,0.005887735169380903,No
889,0.007155406754463911,No
890,0.0011641704477369785,No
891,0.04003863036632538,No
892,0.005072845611721277,No
893,0.019391357898712158,No
894,0.00458147469907999,No
895,0.008181627839803696,No
896,0.013737273402512074,No
897,0.03309977799654007,No
898,0.010210021398961544,No
899,0.025303233414888382,No
900,1.478553531342186e-05,No
901,0.0008738902397453785,No
902,1.0241767085972242e-05,No
903,0.0006553956191055477,No
904,3.516354627208784e-05,No
905,0.003182787913829088,No
906,0.022836554795503616,No
907,0.05503471568226814,No
908,0.0009556955192238092,No
909,0.006149418652057648,No
910,0.005337415728718042,No
911,0.00018926737539004534,No
912,0.28675147891044617,No
913,0.0064963893964886665,No
914,0.03226635605096817,No
915,0.0025337731931358576,No
916,0.6096299886703491,Yes
917,0.013338863849639893,No
918,0.03329389542341232,No
919,0.0027679644990712404,No
920,0.9434486627578735,Yes
921,0.03656136244535446,No
922,0.9851188659667969,Yes
923,0.005946839693933725,No
924,0.9556785821914673,Yes
925,0.025651099160313606,No
926,0.9793463945388794,Yes
927,0.004779138136655092,No
928,0.9835008978843689,Yes
929,0.013756081461906433,No
930,0.001024009776301682,No
931,0.00011570891365408897,No
932,0.16127601265907288,No
933,0.033929243683815,No
934,0.00020677494467236102,No
935,6.75550036248751e-05,No
936,0.07684280723333359,No
937,0.003114719409495592,No
938,0.058043841272592545,No
939,0.0062381811439991,No
940,0.5607995986938477,Yes
941,0.015228630043566227,No
942,0.7931078672409058,Yes
943,0.019397400319576263,No
944,0.6786969304084778,Yes
945,0.015636829659342766,No
946,0.6431839466094971,Yes
947,0.005220053717494011,No
948,0.43334704637527466,No
949,0.007003013044595718,No
950,8.526734018232673e-05,No
951,0.014471957460045815,No
952,0.0007067905971780419,No
953,0.009403606876730919,No
954,0.026518207043409348,No
955,0.15355761349201202,No
956,0.08180392533540726,No
957,0.136702761054039,No
958,0.022060317918658257,No
959,0.056372907012701035,No
960,0.062364451587200165,No
961,0.001780242077074945,No
962,0.61555016040802,Yes
963,0.05525241419672966,No
964,0.0017136023379862309,No
965,0.00011097396054537967,No
966,0.5926108360290527,Yes
967,0.02311304584145546,No
968,0.29080384969711304,No
969,0.029713362455368042,No
970,0.9630251526832581,Yes
971,0.05594034120440483,No
972,0.9858150482177734,Yes
973,0.045251138508319855,No
974,0.9862995743751526,Yes
975,0.028919938951730728,No
976,0.9391611218452454,Yes
977,0.009239203296601772,No
978,0.9745723009109497,Yes
979,0.00865079928189516,No
980,0.0007655298104509711,No
981,0.02323359251022339,No
982,2.9901419111411087e-05,No
983,1.1347437066433486e-05,No
984,0.07419739663600922,No
985,0.0014641357120126486,No
986,0.0037479684688150883,No
987,0.0029088088776916265,No
988,0.001499480684287846,No
989,0.005711859092116356,No
990,0.005173574201762676,No
991,0.007997068576514721,No
992,4.6693723561475053e-05,No
993,0.0037422566674649715,No
994,4.261597860022448e-05,No
995,0.019973834976553917,No
996,0.018259458243846893,No
997,0.03144783154129982,No
998,0.005777826067060232,No
999,0.0014376355102285743,No
1000,0.020826589316129684,No
1001,0.0012508748332038522,No
1002,0.19400161504745483,No
1003,0.004033285658806562,No
1004,0.0007629564497619867,No
1005,0.0001528075081296265,No
1006,0.6967982649803162,Yes
1007,0.019256193190813065,No
1008,0.183780238032341,No
1009,0.00883893296122551,No
1010,0.9648422002792358,Yes
1011,0.01736578531563282,No
1012,0.9475469589233398,Yes
1013,0.035973913967609406,No
1014,0.9917460680007935,Yes
1015,0.06362079828977585,No
1016,0.9636302590370178,Yes
1017,0.007217401638627052,No
1018,0.9643561840057373,Yes
1019,0.013347119092941284,No
1020,0.3283623158931732,No
1021,0.008840247988700867,No
1022,0.32334744930267334,No
1023,0.016084661707282066,No
1024,0.27211427688598633,No
1025,0.042501091957092285,No
1026,0.13332201540470123,No
1027,0.002572264289483428,No
1028,0.24299882352352142,No
1029,0.05019320547580719,No
1030,0.43926313519477844,No
1031,0.020592574030160904,No
1032,0.33469241857528687,No
1033,0.030391298234462738,No
1034,0.9198882579803467,Yes
1035,0.04228241369128227,No
1036,0.5972933173179626,Yes
1037,0.003160025691613555,No
1038,0.6713694334030151,Yes
1039,0.020144019275903702,No
1040,0.001731189782731235,No
1041,0.0001339186419500038,No
1042,0.3444767892360687,No
1043,0.027103332802653313,No
1044,0.12220530211925507,No
1045,0.0034751787316054106,No
1046,0.9810131788253784,Yes
1047,0.147403284907341,No
1048,0.28494852781295776,No
1049,0.06762676686048508,No
1050,0.7264005541801453,Yes
1051,0.032528895884752274,No
1052,0.5022109746932983,Yes
1053,0.040294334292411804,No
1054,0.9223284125328064,Yes
1055,0.06554768979549408,No
1056,0.6147549748420715,Yes
1057,0.004085770808160305,No
1058,0.7094628214836121,Yes
1059,0.03327259421348572,No
1060,1.564255217090249e-05,No
1061,0.01402756106108427,No
1062,0.002902272157371044,No
1063,1.8030610590358265e-05,No
1064,0.15135249495506287,No
1065,0.03979375585913658,No
1066,0.023025888949632645,No
1067,0.003047857666388154,No
1068,0.007190843112766743,No
1069,0.0010445278603583574,No
1070,1.71831179613946e-05,No
1071,0.02216314896941185,No
1072,2.4885122911655344e-05,No
1073,0.00032202547299675643,No
1074,0.007797210942953825,No
1075,0.048045672476291656,No
1076,0.056155040860176086,No
1077,0.015447666868567467,No
1078,0.022730164229869843,No
1079,0.001581178279593587,No
1080,0.012736747041344643,No
1081,0.0001883290387922898,No
1082,0.19183149933815002,No
1083,0.00194602832198143,No
1084,0.07311610877513885,No
1085,0.010334597900509834,No
1086,0.2146950364112854,No
1087,0.009072769433259964,No
1088,0.07546486705541611,No
1089,0.0016748964553698897,No
1090,0.855280876159668,Yes
1091,0.03900111839175224,No
1092,0.9623739719390869,Yes
1093,0.03374616056680679,No
1094,0.9727397561073303,Yes
1095,0.04538848623633385,No
1096,0.881217360496521,Yes
1097,0.003719350090250373,No
1098,0.8626788854598999,Yes
1099,0.008858434855937958,No
1100,0.2882167100906372,No
1101,0.0032214035745710135,No
1102,0.2639164626598358,No
1103,0.019700374454259872,No
1104,0.0010267114266753197,No
1105,0.00010448072134749964,No
1106,0.6595302820205688,Yes
1107,0.0012157779419794679,No
1108,0.09430450201034546,No
1109,0.014304989948868752,No
1110,0.9323281049728394,Yes
1111,0.033347297459840775,No
1112,0.8793627023696899,Yes
1113,0.015039759688079357,No
1114,0.9528152942657471,Yes
1115,0.03320755437016487,No
1116,0.7899167537689209,Yes
1117,0.006720195524394512,No
1118,0.8698447942733765,Yes
1119,0.013020333833992481,No
1120,0.018897244706749916,No
1121,0.0017998601542785764,No
1122,0.04235834255814552,No
1123,0.02517329342663288,No
1124,0.00018334938795305789,No
1125,0.00011534825171111152,No
1126,0.03468620777130127,No
1127,0.004138972144573927,No
1128,0.01133913453668356,No
1129,0.0022125334944576025,No
1130,0.39179277420043945,No
1131,0.0556817427277565,No
1132,0.37619099020957947,No
1133,0.01929861307144165,No
1134,0.2352069914340973,No
1135,0.010233341716229916,No
1136,0.518548309803009,Yes
1137,0.007966659963130951,No
1138,0.6703099012374878,Yes
1139,0.014137336052954197,No
1140,8.443280239589512e-05,No
1141,0.011363164521753788,No
1142,6.942254003661219e-06,No
1143,0.03559362515807152,No
1144,0.0001549397420603782,No
1145,0.007441986817866564,No
1146,0.01732969656586647,No
1147,0.01747429557144642,No
1148,0.00802567508071661,No
1149,0.027083761990070343,No
1150,0.04976598173379898,No
1151,0.0033224900253117085,No
1152,0.12984207272529602,No
1153,0.04072055220603943,No
1154,0.012266826815903187,No
1155,0.0027159755118191242,No
1156,0.21556107699871063,No
1157,0.0044824606738984585,No
1158,0.07277575135231018,No
1159,0.007031845860183239,No
1160,0.6310155987739563,Yes
1161,0.019903704524040222,No
1162,0.8287737369537354,Yes
1163,0.019502436742186546,No
1164,0.4200505018234253,No
1165,0.009873690083622932,No
1166,0.6007112264633179,Yes
1167,0.00813249684870243,No
1168,0.7772887349128723,Yes
1169,0.019679078832268715,No
1170,0.0003538584860507399,No
1171,0.0012742363614961505,No
1172,9.55136347329244e-05,No
1173,1.7994792870013043e-05,No
1174,0.00019969911954831332,No
1175,0.013257602229714394,No
1176,0.0332360714673996,No
1177,0.0029168501496315002,No
1178,0.0006513309781439602,No
1179,0.002022647997364402,No
1180,0.00339622818864882,No
1181,0.025244902819395065,No
1182,0.00021546536299865693,No
1183,0.00132262846454978,No
1184,0.001038218499161303,No
1185,0.029663726687431335,No
1186,0.032151952385902405,No
1187,0.04521613568067551,No
1188,0.009056707844138145,No
1189,0.02455306053161621,No
1190,0.002937593497335911,No
1191,0.038677092641592026,No
1192,0.005868890322744846,No
1193,0.07946820557117462,No
1194,0.001333926455117762,No
1195,0.039336878806352615,No
1196,0.02751212567090988,No
1197,0.05145028606057167,No
1198,0.009684142656624317,No
1199,0.03390937298536301,No
1200,6.317665247479454e-05,No
1201,0.00045120707363821566,No
1202,2.1436610040836968e-05,No
1203,0.0005087277386337519,No
1204,9.116264845943078e-05,No
1205,0.0015779880341142416,No
1206,0.007044224534183741,No
1207,0.05612527206540108,No
1208,0.0008919560932554305,No
1209,0.0057622878812253475,No
1210,0.009345167316496372,No
1211,0.00033922368311323225,No
1212,0.24756351113319397,No
1213,0.003718969179317355,No
1214,0.08191818743944168,No
1215,0.0017590117640793324,No
1216,0.42471760511398315,No
1217,0.011656418442726135,No
1218,0.03949473053216934,No
1219,0.0008288974058814347,No
1220,0.8737398386001587,Yes
1221,0.048222314566373825,No
1222,0.9499945044517517,Yes
1223,0.009279626421630383,No
1224,0.8818903565406799,Yes
1225,0.02433813363313675,No
1226,0.8644325137138367,Yes
1227,0.005527932196855545,No
1228,0.9239805936813354,Yes
1229,0.017425857484340668,No
1230,0.0017110203625634313,No
1231,0.00014468803419731557,No
1232,0.04884519800543785,No
1233,0.019026078283786774,No
1234,0.00016642828995827585,No
1235,3.034871224372182e-05,No
1236,0.04081673547625542,No
1237,0.003020464675500989,No
1238,0.13217215240001678,No
1239,0.004932295996695757,No
1240,0.6818596124649048,Yes
1241,0.012346404604613781,No
1242,0.7696864008903503,Yes
1243,0.023025915026664734,No
1244,0.6132603287696838,Yes
1245,0.012138547375798225,No
1246,0.5599294900894165,Yes
1247,0.006820850074291229,No
1248,0.4736965000629425,No
1249,0.0073155853897333145,No
1250,0.00013873324496671557,No
1251,0.006493820808827877,No
1252,0.00033397527295164764,No
1253,0.006135840900242329,No
1254,0.0463220439851284,No
1255,0.13580666482448578,No
1256,0.06014576181769371,No
1257,0.18628530204296112,No
1258,0.027892518788576126,No
1259,0.09069187939167023,No
1260,0.09542025625705719,No
1261,0.0009875044925138354,No
1262,0.5631821155548096,Yes
1263,0.033151380717754364,No
1264,0.0027588990051299334,No
1265,4.987080319551751e-05,No
1266,0.3705821633338928,No
1267,0.016986005008220673,No
1268,0.264234334230423,No
1269,0.02182173542678356,No
1270,0.8899950385093689,Yes
1271,0.07325731962919235,No
1272,0.9594396352767944,Yes
1273,0.07619696855545044,No
1274,0.8667075037956238,Yes
1275,0.015206570737063885,No
1276,0.7904329895973206,Yes
1277,0.0077646272256970406,No
1278,0.8436640501022339,Yes
1279,0.009901200421154499,No
1280,0.0003663063398562372,No
1281,0.014975400641560555,No
1282,7.010860281297937e-05,No
1283,5.23945054737851e-05,No
1284,0.1255308836698532,No
1285,0.00046119862236082554,No
1286,0.0016637879889458418,No
1287,0.0019008509116247296,No
1288,0.001082123606465757,No
1289,0.006626271642744541,No
1290,0.0018773414194583893,No
1291,0.002658516401425004,No
1292,3.9637277950532734e-05,No
1293,0.002874779747799039,No
1294,0.0001856100861914456,No
1295,0.02048112452030182,No
1296,0.009759929962456226,No
1297,0.017351463437080383,No
1298,0.004058490972965956,No
1299,0.0011733913561329246,No
1300,0.023503752425312996,No
1301,0.0007960697403177619,No
1302,0.21984358131885529,No
1303,0.0025743984151631594,No
1304,0.0006837795954197645,No
1305,5.783471715403721e-05,No
1306,0.5045026540756226,Yes
1307,0.014385608024895191,No
1308,0.15372654795646667,No
1309,0.004904917906969786,No
1310,0.8613432049751282,Yes
1311,0.017222518101334572,No
1312,0.916107714176178,Yes
1313,0.09499896317720413,No
1314,0.9415062069892883,Yes
1315,0.04485616832971573,No
1316,0.806991696357727,Yes
1317,0.0061568282544612885,No
1318,0.8541883826255798,Yes
1319,0.012347117066383362,No
1320,0.5820175409317017,Yes
1321,0.003532636445015669,No
1322,0.20415814220905304,No
1323,0.007789947558194399,No
1324,0.44534194469451904,No
1325,0.02005782350897789,No
1326,0.052740540355443954,No
1327,0.001520575606264174,No
1328,0.34591564536094666,No
1329,0.04208621010184288,No
1330,0.5338168740272522,Yes
1331,0.015762072056531906,No
1332,0.5056918859481812,Yes
1333,0.05588668957352638,No
1334,0.881097674369812,Yes
1335,0.03242979571223259,No
1336,0.5311538577079773,Yes
1337,0.002416519448161125,No
1338,0.6666577458381653,Yes
1339,0.025628088042140007,No
1340,0.002380220452323556,No
1341,7.042731158435345e-05,No
1342,0.18593092262744904,No
1343,0.011920101940631866,No
1344,0.3170430064201355,No
1345,0.0017114112852141261,No
1346,0.940467357635498,Yes
1347,0.06444176286458969,No
1348,0.4039890766143799,No
1349,0.05821489170193672,No
1350,0.7179974317550659,Yes
1351,0.030599243938922882,No
1352,0.5704144835472107,Yes
1353,0.05799369886517525,No
1354,0.8533852100372314,Yes
1355,0.037504442036151886,No
1356,0.6311517357826233,Yes
1357,0.002638881793245673,No
1358,0.6664238572120667,Yes
1359,0.036646246910095215,No
1360,5.6965545809362084e-05,No
1361,0.0038378944154828787,No
1362,0.0013520637294277549,No
1363,6.0458598454715684e-05,No
1364,0.24948926270008087,No
1365,0.01575826108455658,No
1366,0.01179597433656454,No
1367,0.006228914950042963,No
1368,0.0036840331740677357,No
1369,0.002053074538707733,No
1370,8.318285836139694e-05,No
1371,0.011022997088730335,No
1372,1.9809600416920148e-05,No
1373,0.0006700907833874226,No
1374,0.016476234421133995,No
1375,0.02497182786464691,No
1376,0.030098045244812965,No
1377,0.010547644458711147,No
1378,0.01961802877485752,No
1379,0.0031409880612045527,No
1380,0.0766180157661438,No
1381,0.0005841416423209012,No
1382,0.11194606125354767,No
1383,0.0009524976485408843,No
1384,0.09869517385959625,No
1385,0.003125745803117752,No
1386,0.07314244657754898,No
1387,0.004980235360562801,No
1388,0.06200854107737541,No
1389,0.0007217401289381087,No
1390,0.8911682367324829,Yes
1391,0.03248579800128937,No
1392,0.9217047691345215,Yes
1393,0.036296673119068146,No
1394,0.9154186844825745,Yes
1395,0.036720868200063705,No
1396,0.7288692593574524,Yes
1397,0.003966559190303087,No
1398,0.7472116947174072,Yes
1399,0.009963656775653362,No
1400,0.4334850311279297,No
1401,0.0018532484536990523,No
1402,0.1563575565814972,No
1403,0.016122864559292793,No
1404,0.00193807075265795,No
1405,5.404998591984622e-05,No
1406,0.3850472569465637,No
1407,0.0012551922118291259,No
1408,0.4197567403316498,No
1409,0.006916774436831474,No
1410,0.8672270178794861,Yes
1411,0.030880723148584366,No
1412,0.8560408353805542,Yes
1413,0.014864069409668446,No
1414,0.8796465992927551,Yes
1415,0.031705327332019806,No
1416,0.6555587649345398,Yes
1417,0.0054552145302295685,No
1418,0.8203285336494446,Yes
1419,0.019397854804992676,No
1420,0.023856379091739655,No
1421,0.0008377489284612238,No
1422,0.0893104150891304,No
1423,0.015585432760417461,No
1424,0.00036071380600333214,No
1425,4.680969868786633e-05,No
1426,0.013447069562971592,No
1427,0.003168271156027913,No
1428,0.03883345052599907,No
1429,0.0010774820111691952,No
1430,0.3724061846733093,No
1431,0.027890583500266075,No
1432,0.563305675983429,Yes
1433,0.021789509803056717,No
1434,0.5088126063346863,Yes
1435,0.021811729297041893,No
1436,0.3955899477005005,No
1437,0.0068704732693731785,No
1438,0.5475001335144043,Yes
1439,0.018656106665730476,No
1440,0.000170251470990479,No
1441,0.003547054948285222,No
1442,1.4906322576280218e-05,No
1443,0.01388787105679512,No
1444,0.0003908578073605895,No
1445,0.0038661465514451265,No
1446,0.008831534534692764,No
1447,0.0121365487575531,No
1448,0.006731011904776096,No
1449,0.027275346219539642,No
1450,0.04998903349041939,No
1451,0.0011574068339541554,No
1452,0.19396421313285828,No
1453,0.020143752917647362,No
1454,0.053470466285943985,No
1455,0.001145332818850875,No
1456,0.15065783262252808,No
1457,0.0038105985149741173,No
1458,0.22754399478435516,No
1459,0.0029287198558449745,No
1460,0.7132514119148254,Yes
1461,0.013717267662286758,No
1462,0.7951470017433167,Yes
1463,0.013257203623652458,No
1464,0.514747679233551,Yes
1465,0.018802134320139885,No
1466,0.47592318058013916,No
1467,0.006533156149089336,No
1468,0.7015812993049622,Yes
1469,0.018451064825057983,No
1470,0.00030616114963777363,No
1471,0.0007972844177857041,No
1472,0.0001898621121654287,No
1473,0.000118605574243702,No
1474,0.0004047049442306161,No
1475,0.011036460287868977,No
1476,0.01210235245525837,No
1477,0.0028934006113559008,No
1478,0.0010667750611901283,No
1479,0.005652363877743483,No
1480,0.0009302431717514992,No
1481,0.007027285639196634,No
1482,6.911111267982051e-05,No
1483,0.0009058222058229148,No
1484,0.0013864737702533603,No
1485,0.018060823902487755,No
1486,0.012827645055949688,No
1487,0.018662462010979652,No
1488,0.006402341648936272,No
1489,0.016391104087233543,No
1490,0.0010488592088222504,No
1491,0.017947113141417503,No
1492,0.003327616723254323,No
1493,0.017987985163927078,No
1494,0.0028337035328149796,No
1495,0.02793266251683235,No
1496,0.019315142184495926,No
1497,0.032211363315582275,No
1498,0.011794830672442913,No
1499,0.04764409363269806,No
1500,4.6552471758332103e-05,No
1501,0.0004772449319716543,No
1502,3.6480392736848444e-05,No
1503,0.0006874928367324173,No
1504,5.5384003644576296e-05,No
1505,0.0013635781360790133,No
1506,0.00855913758277893,No
1507,0.02700815163552761,No
1508,0.0005444385460577905,No
1509,0.002935809548944235,No
1510,0.01006560493260622,No
1511,0.00021103539620526135,No
1512,0.10663691908121109,No
1513,0.0028525949455797672,No
1514,0.03404552862048149,No
1515,0.0013387129874899983,No
1516,0.5594362020492554,Yes
1517,0.0036515826359391212,No
1518,0.06088845804333687,No
1519,0.002283862791955471,No
1520,0.8888982534408569,Yes
1521,0.028284873813390732,No
1522,0.9883989095687866,Yes
1523,0.005770399700850248,No
1524,0.9079641699790955,Yes
1525,0.02618616260588169,No
1526,0.8595101833343506,Yes
1527,0.0023250849917531013,No
1528,0.9663327932357788,Yes
1529,0.006823491770774126,No
1530,0.0014553518267348409,No
1531,0.00017569233023095876,No
1532,0.04700424149632454,No
1533,0.02144133858382702,No
1534,0.00021796593500766903,No
1535,0.0001785562199074775,No
1536,0.13772760331630707,No
1537,0.0016517369076609612,No
1538,0.09239349514245987,No
1539,0.0030790797900408506,No
1540,0.5643243193626404,Yes
1541,0.004676338285207748,No
1542,0.8017461895942688,Yes
1543,0.01675947941839695,No
1544,0.6001620888710022,Yes
1545,0.007279500365257263,No
1546,0.47216886281967163,No
1547,0.0025694509968161583,No
1548,0.43141427636146545,No
1549,0.0027731978334486485,No
1550,0.00014844420365989208,No
1551,0.006257548462599516,No
1552,0.00041281426092609763,No
1553,0.015609214082360268,No
1554,0.023907465860247612,No
1555,0.04006585106253624,No
1556,0.0702042207121849,No
1557,0.13939954340457916,No
1558,0.026617731899023056,No
1559,0.05721103027462959,No
1560,0.03256986662745476,No
1561,0.0012445537140592933,No
1562,0.4296758770942688,No
1563,0.048148494213819504,No
1564,0.0028101762291043997,No
1565,0.00013306349865160882,No
1566,0.5406697988510132,Yes
1567,0.0042174216359853745,No
1568,0.16798925399780273,No
1569,0.015222328715026379,No
1570,0.88777095079422,Yes
1571,0.03295106813311577,No
1572,0.9782968759536743,Yes
1573,0.03116699680685997,No
1574,0.8712206482887268,Yes
1575,0.013104808516800404,No
1576,0.6947171092033386,Yes
1577,0.004039764404296875,No
1578,0.8603611588478088,Yes
1579,0.004892454948276281,No
1580,0.00021637111785821617,No
1581,0.014221510849893093,No
1582,6.58310527796857e-05,No
1583,7.666336023248732e-05,No
1584,0.04495369642972946,No
1585,0.00043851009104400873,No
1586,0.0011458714725449681,No
1587,0.0006549060926772654,No
1588,0.0007113731116987765,No
1589,0.002210544189438224,No
1590,0.0012285150587558746,No
1591,0.003350043436512351,No
1592,7.669235492357984e-05,No
1593,0.007855425588786602,No
1594,9.835202945396304e-05,No
1595,0.006632718723267317,No
1596,0.014902218244969845,No
1597,0.007534677162766457,No
1598,0.0017457701032981277,No
1599,0.0004327467468101531,No
1600,0.02866293117403984,No
1601,0.0007842124905437231,No
1602,0.1522442251443863,No
1603,0.002184163546189666,No
1604,0.0004705676401499659,No
1605,0.00019513285951688886,No
1606,0.5999612808227539,Yes
1607,0.005021097604185343,No
1608,0.1302451640367508,No
1609,0.00404301006346941,No
1610,0.828635036945343,Yes
1611,0.007133469916880131,No
1612,0.9516562819480896,Yes
1613,0.04883010312914848,No
1614,0.941012978553772,Yes
1615,0.052590906620025635,No
1616,0.7797983288764954,Yes
1617,0.0027891716454178095,No
1618,0.8942278623580933,Yes
1619,0.005480417050421238,No
1620,0.346083402633667,No
1621,0.002100651618093252,No
1622,0.15994229912757874,No
1623,0.012283387593925,No
1624,0.21474578976631165,No
1625,0.011277623474597931,No
1626,0.2765553295612335,No
1627,0.001592713058926165,No
1628,0.28906041383743286,No
1629,0.016062013804912567,No
1630,0.4281674027442932,No
1631,0.005524365231394768,No
1632,0.43961596488952637,No
1633,0.03805636987090111,No
1634,0.8668229579925537,Yes
1635,0.03540335223078728,No
1636,0.5830703973770142,Yes
1637,0.0018074645195156336,No
1638,0.5554491281509399,Yes
1639,0.010676444508135319,No
1640,0.005566752981394529,No
1641,0.00015327493019867688,No
1642,0.12053123861551285,No
1643,0.01159388292580843,No
1644,0.40258315205574036,No
1645,0.003607437713071704,No
1646,0.9229210615158081,Yes
1647,0.05384809896349907,No
1648,0.343353271484375,No
1649,0.024502327665686607,No
1650,0.6023268103599548,Yes
1651,0.010659159161150455,No
1652,0.589057981967926,Yes
1653,0.04273465275764465,No
1654,0.8971359133720398,Yes
1655,0.056494634598493576,No
1656,0.5506871938705444,Yes
1657,0.003998844884335995,No
1658,0.5359804034233093,Yes
1659,0.012564186006784439,No
1660,5.2061612223042175e-05,No
1661,0.005546679720282555,No
1662,0.0011826626723632216,No
1663,9.237440826836973e-05,No
1664,0.10008356720209122,No
1665,0.00860365480184555,No
1666,0.008683851920068264,No
1667,0.0012523032492026687,No
1668,0.0018152440898120403,No
1669,0.0008270220714621246,No
1670,5.160460568731651e-05,No
1671,0.009687493555247784,No
1672,3.783408828894608e-05,No
1673,0.0006888234056532383,No
1674,0.004025403875857592,No
1675,0.01959512010216713,No
1676,0.01873856969177723,No
1677,0.005358431953936815,No
1678,0.01468796655535698,No
1679,0.0014341522473841906,No
1680,0.02762822061777115,No
1681,0.0005290470435284078,No
1682,0.08256781101226807,No
1683,0.0008540037088096142,No
1684,0.0305087361484766,No
1685,0.0038090499583631754,No
1686,0.18949541449546814,No
1687,0.003947990480810404,No
1688,0.11360707134008408,No
1689,0.0013471986167132854,No
1690,0.7841651439666748,Yes
1691,0.016577087342739105,No
1692,0.9416068196296692,Yes
1693,0.02180436998605728,No
1694,0.930444061756134,Yes
1695,0.04034329578280449,No
1696,0.6520436406135559,Yes
1697,0.0017913711490109563,No
1698,0.7396864295005798,Yes
1699,0.005469121038913727,No
1700,0.18027369678020477,No
1701,0.0011764259543269873,No
1702,0.09382724016904831,No
1703,0.014771845191717148,No
1704,0.0013784015318378806,No
1705,0.00017995871894527227,No
1706,0.5398479700088501,Yes
1707,0.0009029638604260981,No
1708,0.2340189516544342,No
1709,0.004427389241755009,No
1710,0.7989716529846191,Yes
1711,0.01025223545730114,No
1712,0.9086331725120544,Yes
1713,0.009131450206041336,No
1714,0.8956255316734314,Yes
1715,0.028571659699082375,No
1716,0.5937726497650146,Yes
1717,0.0033676866441965103,No
1718,0.8334685564041138,Yes
1719,0.007772700395435095,No
1720,0.01255111675709486,No
1721,0.0012869531055912375,No
1722,0.012317239306867123,No
1723,0.014388063922524452,No
1724,0.00029858879861421883,No
1725,0.0003187187248840928,No
1726,0.09317563474178314,No
1727,0.0015165371587499976,No
1728,0.05907142907381058,No
1729,0.0026150678750127554,No
1730,0.15001539885997772,No
1731,0.017769668251276016,No
1732,0.3651798963546753,No
1733,0.011581934057176113,No
1734,0.49246007204055786,No
1735,0.012179727666079998,No
1736,0.3617682158946991,No
1737,0.0033240728080272675,No
1738,0.49599209427833557,No
1739,0.007851413451135159,No
1740,0.00014839980576653033,No
1741,0.00354391080327332,No
1742,2.350822978769429e-05,No
1743,0.02218339964747429,No
1744,0.00028205677517689764,No
1745,0.0025003254413604736,No
1746,0.014394803903996944,No
1747,0.004388310946524143,No
1748,0.005013748537749052,No
1749,0.01757349632680416,No
1750,0.02123573049902916,No
1751,0.0012894070241600275,No
1752,0.04742085188627243,No
1753,0.016855785623192787,No
1754,0.029581479728221893,No
1755,0.0016216726507991552,No
1756,0.3556063175201416,No
1757,0.0019677833188325167,No
1758,0.1344214826822281,No
1759,0.0038443966768682003,No
1760,0.5596022605895996,Yes
1761,0.005858335644006729,No
1762,0.8212345838546753,Yes
1763,0.005910142790526152,No
1764,0.5109143853187561,Yes
1765,0.010058492422103882,No
1766,0.45909202098846436,No
1767,0.004266705829650164,No
1768,0.6842763423919678,Yes
1769,0.010199041105806828,No
1770,0.0002671009278856218,No
1771,0.001045865472406149,No
1772,0.00011945352162001655,No
1773,0.00020883249817416072,No
1774,0.0007591830217279494,No
1775,0.013359962962567806,No
1776,0.015142273157835007,No
1777,0.0013221818953752518,No
1778,0.0005526808672584593,No
1779,0.0023379847407341003,No
1780,0.0004901081556454301,No
1781,0.005822883918881416,No
1782,7.369136437773705e-05,No
1783,0.0014527966268360615,No
1784,0.0009479440050199628,No
1785,0.004370489157736301,No
1786,0.009622377343475819,No
1787,0.007834146730601788,No
1788,0.00459188362583518,No
1789,0.007081254851073027,No
1790,0.0006549657555297017,No
1791,0.012074260972440243,No
1792,0.0028219628147780895,No
1793,0.01827673427760601,No
1794,0.0021367366425693035,No
1795,0.007481427863240242,No
1796,0.011014792136847973,No
1797,0.014367037452757359,No
1798,0.006964362692087889,No
1799,0.011748152785003185,No
1800,2.9821918360539712e-05,No
1801,0.00023336184676736593,No
1802,4.2684070649556816e-05,No
1803,0.0003910408995579928,No
1804,4.3320127588231117e-05,No
1805,0.000854611222166568,No
1806,0.006129260640591383,No
1807,0.03249671310186386,No
1808,0.0005367114790715277,No
1809,0.00388145144097507,No
1810,0.0030884812586009502,No
1811,9.908525680657476e-05,No
1812,0.11858063191175461,No
1813,0.0030836749356240034,No
1814,0.01080134604126215,No
1815,0.0007673494983464479,No
1816,0.4976297914981842,No
1817,0.002482315059751272,No
1818,0.04053711146116257,No
1819,0.001621796633116901,No
1820,0.8929284811019897,Yes
1821,0.021995311602950096,No
1822,0.9800347685813904,Yes
1823,0.007647262886166573,No
1824,0.8748116493225098,Yes
1825,0.016032785177230835,No
1826,0.8840579390525818,Yes
1827,0.0027297441847622395,No
1828,0.9549563527107239,Yes
1829,0.013438062742352486,No
1830,0.0006505605415441096,No
1831,5.548549597733654e-05,No
1832,0.04257845878601074,No
1833,0.016456132754683495,No
1834,6.417053373297676e-05,No
1835,2.8857579309260473e-05,No
1836,0.12018240243196487,No
1837,0.000972992624156177,No
1838,0.11597663164138794,No
1839,0.0025508967228233814,No
1840,0.6300358772277832,Yes
1841,0.010571018792688847,No
1842,0.8220887184143066,Yes
1843,0.0217996034771204,No
1844,0.6456969380378723,Yes
1845,0.0041776238940656185,No
1846,0.5005442500114441,Yes
1847,0.002707576612010598,No
1848,0.5182321071624756,Yes
1849,0.006370678544044495,No
1850,5.755684105679393e-05,No
1851,0.0025838217698037624,No
1852,0.00021936734265182167,No
1853,0.006725781597197056,No
1854,0.01991324871778488,No
1855,0.0701107308268547,No
1856,0.07424940913915634,No
1857,0.1680552363395691,No
1858,0.0221128948032856,No
1859,0.08837755024433136,No
1860,0.030464908108115196,No
1861,0.00039913554792292416,No
1862,0.6004805564880371,Yes
1863,0.04994221031665802,No
1864,0.0009271734161302447,No
1865,4.509638165473007e-05,No
1866,0.4190349578857422,No
1867,0.0034477077424526215,No
1868,0.2310754358768463,No
1869,0.010614684782922268,No
1870,0.906695544719696,Yes
1871,0.02586411125957966,No
1872,0.9756391048431396,Yes
1873,0.036978829652071,No
1874,0.85765141248703,Yes
1875,0.004673140123486519,No
1876,0.7651261687278748,Yes
1877,0.0044189938344061375,No
1878,0.8470354080200195,Yes
1879,0.00846603512763977,No
1880,8.931242336984724e-05,No
1881,0.005556293297559023,No
1882,7.617186201969162e-05,No
1883,4.471085048862733e-05,No
1884,0.058218345046043396,No
1885,0.0002552212681621313,No
1886,0.0013515695463865995,No
1887,0.000630390306469053,No
1888,0.00039443362038582563,No
1889,0.0023288254160434008,No
1890,0.0006026359624229372,No
1891,0.0017328776884824038,No
1892,4.775713023263961e-05,No
1893,0.0030569899827241898,No
1894,6.993304850766435e-05,No
1895,0.004947294946759939,No
1896,0.007082928903400898,No
1897,0.008016294799745083,No
1898,0.0018156615551561117,No
1899,0.0008030695607885718,No
1900,0.02356092631816864,No
1901,0.0002498650865163654,No
1902,0.14024724066257477,No
1903,0.0017424081452190876,No
1904,0.0001261980360141024,No
1905,4.8449473979417235e-05,No
1906,0.5671725869178772,Yes
1907,0.0029463747050613165,No
1908,0.14366410672664642,No
1909,0.00399683928117156,No
1910,0.8726570010185242,Yes
1911,0.009015501476824284,No
1912,0.9516140818595886,Yes
1913,0.08760317414999008,No
1914,0.9378301501274109,Yes
1915,0.03133772686123848,No
1916,0.839797854423523,Yes
1917,0.0027761454693973064,No
1918,0.903846263885498,Yes
1919,0.018045421689748764,No
1920,0.5261849164962769,Yes
1921,0.0005702617927454412,No
1922,0.290129154920578,No
1923,0.009481222368776798,No
1924,0.14412473142147064,No
1925,0.005927642807364464,No
1926,0.3038555681705475,No
1927,0.0008865287527441978,No
1928,0.4559449553489685,No
1929,0.020675787702202797,No
1930,0.48201295733451843,No
1931,0.010009587742388248,No
1932,0.6151751279830933,Yes
1933,0.048030611127614975,No
1934,0.904317319393158,Yes
1935,0.034912172704935074,No
1936,0.5829180479049683,Yes
1937,0.0009336525108665228,No
1938,0.7027116417884827,Yes
1939,0.019404824823141098,No
1940,0.0013424836797639728,No
1941,3.1970907002687454e-05,No
1942,0.2350274920463562,No
1943,0.011193917132914066,No
1944,0.3410293459892273,No
1945,0.0009896575938910246,No
1946,0.9546054601669312,Yes
1947,0.06616773456335068,No
1948,0.5199576020240784,Yes
1949,0.02913314662873745,No
1950,0.6771125197410583,Yes
1951,0.018191350623965263,No
1952,0.7079976201057434,Yes
1953,0.04724991321563721,No
1954,0.9055958390235901,Yes
1955,0.0432804636657238,No
1956,0.6541121006011963,Yes
1957,0.0030491305515170097,No
1958,0.7142500281333923,Yes
1959,0.03997908905148506,No
1960,2.4902323275455274e-05,No
1961,0.0022858993615955114,No
1962,0.0009325054124929011,No
1963,5.300787233863957e-05,No
1964,0.17955227196216583,No
1965,0.008036913350224495,No
1966,0.00818160455673933,No
1967,0.001241548452526331,No
1968,0.001419569831341505,No
1969,0.001338054658845067,No
1970,3.460340667515993e-05,No
1971,0.0055499388836324215,No
1972,2.7257789042778313e-05,No
1973,0.0004737229901365936,No
1974,0.007257737219333649,No
1975,0.020066458731889725,No
1976,0.029279762879014015,No
1977,0.005462511908262968,No
1978,0.011115141212940216,No
1979,0.0021885375026613474,No
1980,0.0218353271484375,No
1981,0.00022715068189427257,No
1982,0.08069653809070587,No
1983,0.0006181861972436309,No
1984,0.03874313086271286,No
1985,0.0012132581323385239,No
1986,0.0924445167183876,No
1987,0.002848254516720772,No
1988,0.06860826909542084,No
1989,0.0009885219624266028,No
1990,0.8950401544570923,Yes
1991,0.014105536043643951,No
1992,0.9477694630622864,Yes
1993,0.027256784960627556,No
1994,0.9468830227851868,Yes
1995,0.02379724755883217,No
1996,0.6540446877479553,Yes
1997,0.001900141010992229,No
1998,0.8115646839141846,Yes
1999,0.008582009002566338,No
2000,0.20298241078853607,No
2001,0.00029281864408403635,No
2002,0.08172110468149185,No
2003,0.011541078798472881,No
2004,0.0003676851629279554,No
2005,3.382313661859371e-05,No
2006,0.5388965010643005,Yes
2007,0.0005838311626575887,No
2008,0.2442360371351242,No
2009,0.003452923381701112,No
2010,0.8969908952713013,Yes
2011,0.01816154271364212,No
2012,0.9234966039657593,Yes
2013,0.013474058359861374,No
2014,0.9209445714950562,Yes
2015,0.02432030811905861,No
2016,0.6612234115600586,Yes
2017,0.002431915607303381,No
2018,0.8829883933067322,Yes
2019,0.01253287959843874,No
2020,0.010098821483552456,No
2021,0.00015949098451528698,No
2022,0.018494630232453346,No
2023,0.014479972422122955,No
2024,7.442355854436755e-05,No
2025,3.586709499359131e-05,No
2026,0.05859129875898361,No
2027,0.0007482955697923899,No
2028,0.03678068518638611,No
2029,0.000892377458512783,No
2030,0.3817669153213501,No
2031,0.018891537562012672,No
2032,0.49959850311279297,No
2033,0.01255288626998663,No
2034,0.49946242570877075,No
2035,0.007843391969799995,No
2036,0.3685348331928253,No
2037,0.0032286387868225574,No
2038,0.6668222546577454,Yes
2039,0.011832503601908684,No
2040,5.601188968284987e-05,No
2041,0.0012727901339530945,No
2042,2.7943127861362882e-05,No
2043,0.011458701454102993,No
2044,0.00018460818682797253,No
2045,0.0014822859084233642,No
2046,0.02256392128765583,No
2047,0.002479169052094221,No
2048,0.004963407758623362,No
2049,0.029944825917482376,No
2050,0.016681887209415436,No
2051,0.00029817537870258093,No
2052,0.07764485478401184,No
2053,0.01837248168885708,No
2054,0.023697836324572563,No
2055,0.00034224323462694883,No
2056,0.353424608707428,No
2057,0.0011902058031409979,No
2058,0.1589149683713913,No
2059,0.002288233721628785,No
2060,0.6847497224807739,Yes
2061,0.012272518128156662,No
2062,0.8694507479667664,Yes
2063,0.0063079604879021645,No
2064,0.5042076706886292,Yes
2065,0.007908823899924755,No
2066,0.45198753476142883,No
2067,0.002766137244179845,No
2068,0.7308070659637451,Yes
2069,0.022318480536341667,No
2070,0.00013048066466581076,No
2071,0.0003405450261197984,No
2072,0.00015789346070960164,No
2073,0.00012114291166653857,No
2074,0.00030381951364688575,No
2075,0.00971575453877449,No
2076,0.012451856397092342,No
2077,0.0011267918162047863,No
2078,0.00039682380156591535,No
2079,0.0027617006562650204,No
2080,0.0003152498393319547,No
2081,0.003527415217831731,No
2082,5.499475810211152e-05,No
2083,0.0007154410122893751,No
2084,0.0005333339795470238,No
2085,0.004097033757716417,No
2086,0.006218176335096359,No
2087,0.0077586425468325615,No
2088,0.004521393217146397,No
2089,0.008902233093976974,No
2090,0.00026460629305802286,No
2091,0.00481589138507843,No
2092,0.0018244676757603884,No
2093,0.00918413046747446,No
2094,0.0008600715664215386,No
2095,0.0111442431807518,No
2096,0.00830151978880167,No
2097,0.01642346940934658,No
2098,0.004603030625730753,No
2099,0.013987184502184391,No
2100,1.965189767361153e-05,No
2101,0.0007236258243210614,No
2102,4.895990059594624e-05,No
2103,0.0006279535009525716,No
2104,5.642171163344756e-05,No
2105,0.0019797380082309246,No
2106,0.01850847713649273,No
2107,0.058724597096443176,No
2108,0.0015941575402393937,No
2109,0.00782777089625597,No
2110,0.0010559374932199717,No
2111,0.0002352803567191586,No
2112,0.13215480744838715,No
2113,0.014858467504382133,No
2114,0.010597096756100655,No
2115,0.006090731360018253,No
2116,0.4354359209537506,No
2117,0.008194937370717525,No
2118,0.010624000802636147,No
2119,0.0009418735280632973,No
2120,0.9353043437004089,Yes
2121,0.021666912361979485,No
2122,0.9958927035331726,Yes
2123,0.010804171673953533,No
2124,0.9380890727043152,Yes
2125,0.018598180264234543,No
2126,0.9623993635177612,Yes
2127,0.006958507467061281,No
2128,0.9829138517379761,Yes
2129,0.008023560978472233,No
2130,0.0003774796787183732,No
2131,0.00037657367647625506,No
2132,0.2412538081407547,No
2133,0.043364688754081726,No
2134,0.00032066876883618534,No
2135,0.00035723866312764585,No
2136,0.09048642963171005,No
2137,0.003812601324170828,No
2138,0.04642023518681526,No
2139,0.004378113895654678,No
2140,0.8393087983131409,Yes
2141,0.01883484236896038,No
2142,0.9067209362983704,Yes
2143,0.04120383784174919,No
2144,0.8386366963386536,Yes
2145,0.014987028203904629,No
2146,0.8682079315185547,Yes
2147,0.01404489390552044,No
2148,0.46348831057548523,No
2149,0.0069795772433280945,No
2150,0.00012187361426185817,No
2151,0.021809712052345276,No
2152,0.0008373816381208599,No
2153,0.010968911461532116,No
2154,0.04126223176717758,No
2155,0.2530604898929596,No
2156,0.09219874441623688,No
2157,0.16097483038902283,No
2158,0.03869285434484482,No
2159,0.052618324756622314,No
2160,0.04813693091273308,No
2161,0.002452141372486949,No
2162,0.8918375372886658,Yes
2163,0.1927582174539566,No
2164,0.0017099123215302825,No
2165,0.00018337836081627756,No
2166,0.39118221402168274,No
2167,0.012450465932488441,No
2168,0.08235524594783783,No
2169,0.0343044251203537,No
2170,0.965743899345398,Yes
2171,0.02315872348845005,No
2172,0.9892436861991882,Yes
2173,0.03207048773765564,No
2174,0.9832616448402405,Yes
2175,0.010653615929186344,No
2176,0.9233616590499878,Yes
2177,0.009088343009352684,No
2178,0.9938976764678955,Yes
2179,0.009010904468595982,No
2180,0.00066322524799034,No
2181,0.05654027685523033,No
2182,0.00014023281983099878,No
2183,2.6260900995112024e-05,No
2184,0.2034938633441925,No
2185,0.001694787060841918,No
2186,0.00745046604424715,No
2187,0.0030690236017107964,No
2188,0.0021351955365389585,No
2189,0.013873055577278137,No
2190,0.00227467087097466,No
2191,0.010401490144431591,No
2192,0.0001978159707505256,No
2193,0.004854148719459772,No
2194,6.746673898305744e-05,No
2195,0.05636521428823471,No
2196,0.016405267640948296,No
2197,0.07257924973964691,No
2198,0.0063714440912008286,No
2199,0.0010897185420617461,No
2200,0.00903473049402237,No
2201,0.001068717334419489,No
2202,0.059629689902067184,No
2203,0.004712915048003197,No
2204,0.0006158902542665601,No
2205,0.0003086735960096121,No
2206,0.5854220986366272,Yes
2207,0.010300535708665848,No
2208,0.08735544234514236,No
2209,0.0036060877609997988,No
2210,0.9656174778938293,Yes
2211,0.011598202399909496,No
2212,0.976691484451294,Yes
2213,0.06159033998847008,No
2214,0.9966720938682556,Yes
2215,0.05410021170973778,No
2216,0.9595698714256287,Yes
2217,0.008851646445691586,No
2218,0.9571558833122253,Yes
2219,0.015891803428530693,No
2220,0.3048972487449646,No
2221,0.012205834500491619,No
2222,0.6069230437278748,Yes
2223,0.03863418847322464,No
2224,0.3333864212036133,No
2225,0.07629633694887161,No
2226,0.2604139447212219,No
2227,0.008704731240868568,No
2228,0.5802537798881531,Yes
2229,0.16400542855262756,No
2230,0.7198907136917114,Yes
2231,0.04100524261593819,No
2232,0.5537842512130737,Yes
2233,0.048758845776319504,No
2234,0.9562510251998901,Yes
2235,0.03706173226237297,No
2236,0.8735125660896301,Yes
2237,0.011687039397656918,No
2238,0.8153330087661743,Yes
2239,0.029965810477733612,No
2240,0.0009231296717189252,No
2241,0.0005169427022337914,No
2242,0.6031270623207092,Yes
2243,0.052399881184101105,No
2244,0.14595167338848114,No
2245,0.009180248714983463,No
2246,0.9983378648757935,Yes
2247,0.15279696881771088,No
2248,0.598508894443512,Yes
2249,0.18775849044322968,No
2250,0.8799713253974915,Yes
2251,0.05187186226248741,No
2252,0.7169749140739441,Yes
2253,0.05502898246049881,No
2254,0.9465779066085815,Yes
2255,0.05408630520105362,No
2256,0.9404442310333252,Yes
2257,0.031504180282354355,No
2258,0.6999824643135071,Yes
2259,0.0342729426920414,No
2260,1.7976310118683614e-05,No
2261,0.01964690536260605,No
2262,0.006351431366056204,No
2263,3.5434812161838636e-05,No
2264,0.21251603960990906,No
2265,0.0723174512386322,No
2266,0.026285961270332336,No
2267,0.009266887791454792,No
2268,0.0113288639113307,No
2269,0.002222129376605153,No
2270,3.4099350159522146e-05,No
2271,0.024321379140019417,No
2272,9.32603725232184e-05,No
2273,0.0005914625362493098,No
2274,0.011196808889508247,No
2275,0.0977695882320404,No
2276,0.060905709862709045,No
2277,0.023081226274371147,No
2278,0.0460033044219017,No
2279,0.004383498802781105,No
2280,0.011265857145190239,No
2281,0.0006322627887129784,No
2282,0.3307519257068634,No
2283,0.00287320907227695,No
2284,0.05825948342680931,No
2285,0.010593760758638382,No
2286,0.10213868319988251,No
2287,0.004703391343355179,No
2288,0.0314323864877224,No
2289,0.0009426778997294605,No
2290,0.9842475056648254,Yes
2291,0.025099754333496094,No
2292,0.9753716588020325,Yes
2293,0.023153645917773247,No
2294,0.9881658554077148,Yes
2295,0.03617843985557556,No
2296,0.8884159922599792,Yes
2297,0.0049528698436915874,No
2298,0.8966884016990662,Yes
2299,0.0071958075277507305,No
2300,0.22595280408859253,No
2301,0.0039289421401917934,No
2302,0.4010627865791321,No
2303,0.02831518091261387,No
2304,0.0016715792007744312,No
2305,0.0004898352199234068,No
2306,0.7433543801307678,Yes
2307,0.001135374535806477,No
2308,0.11712350696325302,No
2309,0.0074499547481536865,No
2310,0.9702102541923523,Yes
2311,0.03269227594137192,No
2312,0.9538057446479797,Yes
2313,0.024856887757778168,No
2314,0.9821120500564575,Yes
2315,0.031221700832247734,No
2316,0.8897479176521301,Yes
2317,0.013142404146492481,No
2318,0.9185234308242798,Yes
2319,0.0172636266797781,No
2320,0.013155789114534855,No
2321,0.0024840000551193953,No
2322,0.025517478585243225,No
2323,0.05457048490643501,No
2324,0.00025010068202391267,No
2325,0.0003602215729188174,No
2326,0.04905221238732338,No
2327,0.0034316126257181168,No
2328,0.008750508539378643,No
2329,0.0015769734745845199,No
2330,0.8526014089584351,Yes
2331,0.07309861481189728,No
2332,0.6238483190536499,Yes
2333,0.02680310048162937,No
2334,0.542723536491394,Yes
2335,0.014098365791141987,No
2336,0.7901368141174316,Yes
2337,0.018556246533989906,No
2338,0.7848849892616272,Yes
2339,0.01943940296769142,No
2340,0.00013249584299046546,No
2341,0.015895595774054527,No
2342,4.213409192743711e-05,No
2343,0.05137715861201286,No
2344,0.00022814865224063396,No
2345,0.007062180899083614,No
2346,0.03698290139436722,No
2347,0.013637317344546318,No
2348,0.029574764892458916,No
2349,0.036056987941265106,No
2350,0.03997977450489998,No
2351,0.004514592234045267,No
2352,0.13003920018672943,No
2353,0.06938561052083969,No
2354,0.02958151325583458,No
2355,0.003914079163223505,No
2356,0.3647986650466919,No
2357,0.005823796149343252,No
2358,0.04993148148059845,No
2359,0.003734966740012169,No
2360,0.8870736360549927,Yes
2361,0.024349555373191833,No
2362,0.9561187028884888,Yes
2363,0.02319716103374958,No
2364,0.6714982390403748,Yes
2365,0.013546137139201164,No
2366,0.8487288951873779,Yes
2367,0.017299538478255272,No
2368,0.7731950283050537,Yes
2369,0.024402625858783722,No
2370,0.00039662577910348773,No
2371,0.0015750386519357562,No
2372,0.00027071876684203744,No
2373,4.5701021008426324e-05,No
2374,0.0005950567428953946,No
2375,0.028800856322050095,No
2376,0.035760026425123215,No
2377,0.0015180259943008423,No
2378,0.0007930194260552526,No
2379,0.005372232757508755,No
2380,0.0029809377156198025,No
2381,0.028947070240974426,No
2382,0.0004302166635170579,No
2383,0.0027063682209700346,No
2384,0.0015089553780853748,No
2385,0.058038130402565,No
2386,0.02417723461985588,No
2387,0.04535943642258644,No
2388,0.013190128840506077,No
2389,0.042529016733169556,No
2390,0.0026290977839380503,No
2391,0.06473349034786224,No
2392,0.010366329923272133,No
2393,0.0399804562330246,No
2394,0.0023546775337308645,No
2395,0.07002658396959305,No
2396,0.020504573360085487,No
2397,0.05338345840573311,No
2398,0.016680926084518433,No
2399,0.0479557178914547,No
2400,2.476408008078579e-05,No
2401,0.0014541558921337128,No
2402,2.4727178242756054e-05,No
2403,0.0007337328279390931,No
2404,3.800326885539107e-05,No
2405,0.006006504409015179,No
2406,0.02213427424430847,No
2407,0.10692686587572098,No
2408,0.0017285506473854184,No
2409,0.005811513401567936,No
2410,0.0018731196178123355,No
2411,0.00016522366786375642,No
2412,0.12046124041080475,No
2413,0.007297064643353224,No
2414,0.009413471445441246,No
2415,0.0024222852662205696,No
2416,0.44514304399490356,No
2417,0.006311275064945221,No
2418,0.02131963148713112,No
2419,0.002339575905352831,No
2420,0.9495305418968201,Yes
2421,0.041743259876966476,No
2422,0.9924910664558411,Yes
2423,0.00893444661051035,No
2424,0.9575285315513611,Yes
2425,0.024303698912262917,No
2426,0.9653892517089844,Yes
2427,0.004456738475710154,No
2428,0.9870043992996216,Yes
2429,0.018246831372380257,No
2430,0.00027191650588065386,No
2431,6.151901470730081e-05,No
2432,0.06718403846025467,No
2433,0.025429852306842804,No
2434,8.924608118832111e-05,No
2435,3.136911618639715e-05,No
2436,0.09913595765829086,No
2437,0.0024782640393823385,No
2438,0.03846662864089012,No
2439,0.002604927634820342,No
2440,0.6926333904266357,Yes
2441,0.015250383876264095,No
2442,0.9048902988433838,Yes
2443,0.03077416494488716,No
2444,0.7188395261764526,Yes
2445,0.013742400333285332,No
2446,0.714720606803894,Yes
2447,0.005283021833747625,No
2448,0.5537700057029724,Yes
2449,0.006355993915349245,No
2450,3.320626638014801e-05,No
2451,0.01484689675271511,No
2452,0.0013101059012115002,No
2453,0.015019692480564117,No
2454,0.012551050633192062,No
2455,0.19264689087867737,No
2456,0.07644959539175034,No
2457,0.2544187009334564,No
2458,0.028737543150782585,No
2459,0.09699730575084686,No
2460,0.04579797759652138,No
2461,0.0012753341579809785,No
2462,0.4515816867351532,No
2463,0.06089428812265396,No
2464,0.0005229063681326807,No
2465,7.130700396373868e-05,No
2466,0.4217783510684967,No
2467,0.014532153494656086,No
2468,0.17915865778923035,No
2469,0.021142778918147087,No
2470,0.9762077331542969,Yes
2471,0.056002821773290634,No
2472,0.9895256757736206,Yes
2473,0.05211101844906807,No
2474,0.9705427289009094,Yes
2475,0.020426947623491287,No
2476,0.9374063014984131,Yes
2477,0.011382943019270897,No
2478,0.9699680805206299,Yes
2479,0.013129970990121365,No
2480,0.00024098620633594692,No
2481,0.025829199701547623,No
2482,6.397368997568265e-05,No
2483,2.2638707378064282e-05,No
2484,0.048380475491285324,No
2485,0.002153678797185421,No
2486,0.006026778370141983,No
2487,0.008634860627353191,No
2488,0.001938965986482799,No
2489,0.005026092287153006,No
2490,0.0033703427761793137,No
2491,0.012292574159801006,No
2492,9.63157945079729e-05,No
2493,0.00646284781396389,No
2494,8.153355156537145e-05,No
2495,0.02963041327893734,No
2496,0.018477916717529297,No
2497,0.06555917114019394,No
2498,0.005444325972348452,No
2499,0.001438567298464477,No
2500,0.011851908639073372,No
2501,0.0013412516564130783,No
2502,0.11258227378129959,No
2503,0.005894927307963371,No
2504,0.0005809301510453224,No
2505,7.694510713918135e-05,No
2506,0.5310868620872498,Yes
2507,0.009892127476632595,No
2508,0.12840263545513153,No
2509,0.0071545853279531,No
2510,0.9416086673736572,Yes
2511,0.022305713966488838,No
2512,0.9726453423500061,Yes
2513,0.07072539627552032,No
2514,0.994796872138977,Yes
2515,0.06571615487337112,No
2516,0.9447388052940369,Yes
2517,0.005937113426625729,No
2518,0.982692301273346,Yes
2519,0.026255739852786064,No
2520,0.1275726556777954,No
2521,0.007237856276333332,No
2522,0.22830349206924438,No
2523,0.019799942150712013,No
2524,0.12289625406265259,No
2525,0.028516476973891258,No
2526,0.21447192132472992,No
2527,0.00548739917576313,No
2528,0.2398531138896942,No
2529,0.040515169501304626,No
2530,0.3347742557525635,No
2531,0.020193956792354584,No
2532,0.44007357954978943,No
2533,0.058047816157341,No
2534,0.9387739300727844,Yes
2535,0.05158868804574013,No
2536,0.5770445466041565,Yes
2537,0.0038326233625411987,No
2538,0.7302785515785217,Yes
2539,0.03242376446723938,No
2540,0.0006790533661842346,No
2541,0.00014004993136040866,No
2542,0.19136422872543335,No
2543,0.031071245670318604,No
2544,0.05497143045067787,No
2545,0.002973610768094659,No
2546,0.9587641358375549,Yes
2547,0.10854236036539078,No
2548,0.2660602033138275,No
2549,0.05283638834953308,No
2550,0.6522560119628906,Yes
2551,0.02978554554283619,No
2552,0.5889320373535156,Yes
2553,0.07193047553300858,No
2554,0.9312602281570435,Yes
2555,0.05736995488405228,No
2556,0.5616714954376221,Yes
2557,0.006487694103270769,No
2558,0.8208182454109192,Yes
2559,0.04632323980331421,No
2560,1.3519216736312956e-05,No
2561,0.01827939786016941,No
2562,0.002764726523309946,No
2563,5.060385228716768e-05,No
2564,0.11209482699632645,No
2565,0.03261715918779373,No
2566,0.027589602395892143,No
2567,0.00720601063221693,No
2568,0.007661567535251379,No
2569,0.0029586406890302896,No
2570,3.6219989851815626e-05,No
2571,0.028416387736797333,No
2572,4.7101038944674656e-05,No
2573,0.0005329942214302719,No
2574,0.005175418686121702,No
2575,0.03734012320637703,No
2576,0.05809641256928444,No
2577,0.022791100665926933,No
2578,0.025387821719050407,No
2579,0.0032744763884693384,No
2580,0.0051282960921525955,No
2581,8.661430911161005e-05,No
2582,0.10720708966255188,No
2583,0.0027480055578052998,No
2584,0.04821246862411499,No
2585,0.0069544692523777485,No
2586,0.10001066327095032,No
2587,0.006967546418309212,No
2588,0.0641760379076004,No
2589,0.002013189485296607,No
2590,0.9522871971130371,Yes
2591,0.04701194167137146,No
2592,0.9762812852859497,Yes
2593,0.03503917530179024,No
2594,0.9900528192520142,Yes
2595,0.0479341596364975,No
2596,0.920647144317627,Yes
2597,0.0031702208798378706,No
2598,0.8957837820053101,Yes
2599,0.01059708185493946,No
2600,0.1430664360523224,No
2601,0.001580532523803413,No
2602,0.12548911571502686,No
2603,0.01640431582927704,No
2604,0.00037326308665797114,No
2605,3.725026181200519e-05,No
2606,0.5969038009643555,Yes
2607,0.0008859113440848887,No
2608,0.06114266812801361,No
2609,0.006110059097409248,No
2610,0.9234263300895691,Yes
2611,0.024899739772081375,No
2612,0.92085200548172,Yes
2613,0.022988447919487953,No
2614,0.9737904667854309,Yes
2615,0.035928793251514435,No
2616,0.8034133911132812,Yes
2617,0.007172275800257921,No
2618,0.9335346817970276,Yes
2619,0.01874404400587082,No
2620,0.013186936266720295,No
2621,0.0012030472280457616,No
2622,0.020100193098187447,No
2623,0.0228834580630064,No
2624,7.735841063549742e-05,No
2625,9.833009971771389e-05,No
2626,0.06406516581773758,No
2627,0.002067739609628916,No
2628,0.013096810318529606,No
2629,0.0014406564878299832,No
2630,0.6544578075408936,Yes
2631,0.05306795984506607,No
2632,0.4290560781955719,No
2633,0.0262200478464365,No
2634,0.36712566018104553,No
2635,0.010785470716655254,No
2636,0.5712929368019104,Yes
2637,0.008492798544466496,No
2638,0.7580410838127136,Yes
2639,0.015996471047401428,No
2640,4.383719715406187e-05,No
2641,0.012166782282292843,No
2642,1.7511798432678916e-05,No
2643,0.03397861123085022,No
2644,0.00029649032512679696,No
2645,0.008194821886718273,No
2646,0.03124496340751648,No
2647,0.026395514607429504,No
2648,0.00857564713805914,No
2649,0.05749549716711044,No
2650,0.028978293761610985,No
2651,0.0023123251739889383,No
2652,0.07239466160535812,No
2653,0.03614390268921852,No
2654,0.004343612119555473,No
2655,0.0022427241783589125,No
2656,0.3477188050746918,No
2657,0.002740527270361781,No
2658,0.04331618547439575,No
2659,0.002670632442459464,No
2660,0.6786091327667236,Yes
2661,0.01658920757472515,No
2662,0.9150500893592834,Yes
2663,0.025340184569358826,No
2664,0.5244545936584473,Yes
2665,0.009842954576015472,No
2666,0.7344898581504822,Yes
2667,0.009120275266468525,No
2668,0.8294949531555176,Yes
2669,0.027024462819099426,No
2670,0.00022267535678111017,No
2671,0.0016768205678090453,No
2672,0.0002353204326936975,No
2673,4.046566755278036e-05,No
2674,0.0002693574351724237,No
2675,0.01554584875702858,No
2676,0.03094698116183281,No
2677,0.004700112156569958,No
2678,0.001230211346410215,No
2679,0.0054611763916909695,No
2680,0.002053083386272192,No
2681,0.0315098911523819,No
2682,0.0003264551341999322,No
2683,0.001508475048467517,No
2684,0.0008268640958704054,No
2685,0.036921095103025436,No
2686,0.0261643435806036,No
2687,0.06819450110197067,No
2688,0.00896268617361784,No
2689,0.03693940490484238,No
2690,0.0015404251171275973,No
2691,0.032094597816467285,No
2692,0.0073233554139733315,No
2693,0.048619866371154785,No
2694,0.0014035687781870365,No
2695,0.03448958694934845,No
2696,0.018049966543912888,No
2697,0.08375046402215958,No
2698,0.009715961292386055,No
2699,0.03530538082122803,No
2700,7.836089935153723e-05,No
2701,0.00735088437795639,No
2702,5.308091931510717e-05,No
2703,0.001994498074054718,No
2704,0.0002977718540932983,No
2705,0.017749600112438202,No
2706,0.0770588219165802,No
2707,0.0919351652264595,No
2708,0.004877524450421333,No
2709,0.022416995838284492,No
2710,0.010188386775553226,No
2711,0.0008503080462105572,No
2712,0.37654438614845276,No
2713,0.023579251021146774,No
2714,0.030361391603946686,No
2715,0.015350904315710068,No
2716,0.5018577575683594,Yes
2717,0.02486189641058445,No
2718,0.12399597465991974,No
2719,0.03039180301129818,No
2720,0.9991776347160339,Yes
2721,0.14117267727851868,No
2722,0.9997286796569824,Yes
2723,0.022235535085201263,No
2724,0.9962542653083801,Yes
2725,0.05929801985621452,No
2726,0.9945454597473145,Yes
2727,0.010404424741864204,No
2728,0.9992691278457642,Yes
2729,0.04961002245545387,No
2730,0.006597826257348061,No
2731,0.0007326927734538913,No
2732,0.5367518663406372,Yes
2733,0.057017624378204346,No
2734,0.002263042377308011,No
2735,0.000434679415775463,No
2736,0.2191396951675415,No
2737,0.00829275231808424,No
2738,0.2042618840932846,No
2739,0.03340863436460495,No
2740,0.9927254319190979,Yes
2741,0.03466298431158066,No
2742,0.9985004663467407,Yes
2743,0.04851692542433739,No
2744,0.9898603558540344,Yes
2745,0.0369277186691761,No
2746,0.9473955631256104,Yes
2747,0.00905136950314045,No
2748,0.9351469278335571,Yes
2749,0.0199138056486845,No
2750,0.0005917501985095441,No
2751,0.04261413589119911,No
2752,0.0036435057409107685,No
2753,0.047993194311857224,No
2754,0.13425292074680328,No
2755,0.5679394006729126,Yes
2756,0.1872420310974121,No
2757,0.21150489151477814,No
2758,0.041825465857982635,No
2759,0.1444615125656128,No
2760,0.14475972950458527,No
2761,0.0077489265240728855,No
2762,0.9620487093925476,Yes
2763,0.19463735818862915,No
2764,0.009847665205597878,No
2765,0.0008576572872698307,No
2766,0.4938894510269165,No
2767,0.04818395525217056,No
2768,0.27595990896224976,No
2769,0.06224625185132027,No
2770,0.9992517828941345,Yes
2771,0.1626013219356537,No
2772,0.999754786491394,Yes
2773,0.07148808240890503,No
2774,0.9968981742858887,Yes
2775,0.03491920232772827,No
2776,0.9851629137992859,Yes
2777,0.020385656505823135,No
2778,0.9990059733390808,Yes
2779,0.029718812555074692,No
2780,0.003306504338979721,No
2781,0.05159642919898033,No
2782,0.0005522023420780897,No
2783,0.0002449431922286749,No
2784,0.22508768737316132,No
2785,0.012525792233645916,No
2786,0.057580746710300446,No
2787,0.024572912603616714,No
2788,0.010514343157410622,No
2789,0.03644164651632309,No
2790,0.009892347268760204,No
2791,0.039805881679058075,No
2792,0.0002723098441492766,No
2793,0.025826433673501015,No
2794,0.00037513283314183354,No
2795,0.11673229187726974,No
2796,0.0622592531144619,No
2797,0.07607516646385193,No
2798,0.009776952676475048,No
2799,0.011722195893526077,No
2800,0.03762788325548172,No
2801,0.009390304796397686,No
2802,0.4942903518676758,No
2803,0.026958351954817772,No
2804,0.005459935870021582,No
2805,0.0015833915676921606,No
2806,0.6808733940124512,Yes
2807,0.03077506087720394,No
2808,0.4062260091304779,No
2809,0.035611342638731,No
2810,0.9991201162338257,Yes
2811,0.062445346266031265,No
2812,0.9996596574783325,Yes
2813,0.13760918378829956,No
2814,0.9987624287605286,Yes
2815,0.045985329896211624,No
2816,0.9932320713996887,Yes
2817,0.010058848187327385,No
2818,0.9991379976272583,Yes
2819,0.06786565482616425,No
2820,0.5100182890892029,Yes
2821,0.02713959664106369,No
2822,0.7270055413246155,Yes
2823,0.05113730579614639,No
2824,0.2674318850040436,No
2825,0.04205815866589546,No
2826,0.2559695839881897,No
2827,0.0166404377669096,No
2828,0.5403738617897034,Yes
2829,0.11348073929548264,No
2830,0.9523310661315918,Yes
2831,0.0687875971198082,No
2832,0.88982754945755,Yes
2833,0.09849626570940018,No
2834,0.9955326914787292,Yes
2835,0.0670081377029419,No
2836,0.841959536075592,Yes
2837,0.007608979940414429,No
2838,0.9621410369873047,Yes
2839,0.07384123653173447,No
2840,0.005500840954482555,No
2841,0.0010532477172091603,No
2842,0.7175189852714539,Yes
2843,0.05508571118116379,No
2844,0.4917900860309601,No
2845,0.010757885873317719,No
2846,0.9934532046318054,Yes
2847,0.26821982860565186,No
2848,0.5795848369598389,Yes
2849,0.12503495812416077,No
2850,0.9940422177314758,Yes
2851,0.12164788693189621,No
2852,0.9503322243690491,Yes
2853,0.09525588899850845,No
2854,0.9949324131011963,Yes
2855,0.06880524754524231,No
2856,0.8921049237251282,Yes
2857,0.014125216752290726,No
2858,0.9319093823432922,Yes
2859,0.08296003937721252,No
2860,0.00011895085481228307,No
2861,0.05352868512272835,No
2862,0.017400460317730904,No
2863,0.0006548457313328981,No
2864,0.2919987142086029,No
2865,0.09623393416404724,No
2866,0.08453906327486038,No
2867,0.023637117817997932,No
2868,0.011692449450492859,No
2869,0.02532396838068962,No
2870,9.964498894987628e-05,No
2871,0.04009649157524109,No
2872,8.303784852614626e-05,No
2873,0.002486903453245759,No
2874,0.03853682428598404,No
2875,0.10658855736255646,No
2876,0.1101635992527008,No
2877,0.04534400254487991,No
2878,0.012348601594567299,No
2879,0.02612745389342308,No
2880,0.05655180662870407,No
2881,0.0015719201182946563,No
2882,0.6755360960960388,Yes
2883,0.018084242939949036,No
2884,0.08024290204048157,No
2885,0.02921047993004322,No
2886,0.19225436449050903,No
2887,0.025667361915111542,No
2888,0.2183474451303482,No
2889,0.01255012210458517,No
2890,0.9982736110687256,Yes
2891,0.1215357854962349,No
2892,0.9994364976882935,Yes
2893,0.050159014761447906,No
2894,0.9990783333778381,Yes
2895,0.04182465746998787,No
2896,0.9954279661178589,Yes
2897,0.009254910051822662,No
2898,0.9818165898323059,Yes
2899,0.02219688519835472,No
2900,0.4139438569545746,No
2901,0.008285367861390114,No
2902,0.6371027231216431,Yes
2903,0.04109571874141693,No
2904,0.006678929552435875,No
2905,0.0005727738025598228,No
2906,0.9248359203338623,Yes
2907,0.010013652965426445,No
2908,0.22938647866249084,No
2909,0.02597394399344921,No
2910,0.9993165731430054,Yes
2911,0.09592005610466003,No
2912,0.998956024646759,Yes
2913,0.04610155522823334,No
2914,0.9978986382484436,Yes
2915,0.06699167191982269,No
2916,0.9104286432266235,Yes
2917,0.011924954131245613,No
2918,0.994816780090332,Yes
2919,0.05473127216100693,No
2920,0.046429481357336044,No
2921,0.003493267809972167,No
2922,0.12536413967609406,No
2923,0.027146002277731895,No
2924,0.00046247238060459495,No
2925,0.00018722162349149585,No
2926,0.05152742937207222,No
2927,0.0056134434416890144,No
2928,0.07706461101770401,No
2929,0.014340384863317013,No
2930,0.9858148694038391,Yes
2931,0.20594248175621033,No
2932,0.9688372015953064,Yes
2933,0.03843589127063751,No
2934,0.8967869877815247,Yes
2935,0.03180946037173271,No
2936,0.8522140979766846,Yes
2937,0.00839158333837986,No
2938,0.9927126169204712,Yes
2939,0.03969154134392738,No
2940,0.0005073848296888173,No
2941,0.027094023302197456,No
2942,3.546268635545857e-05,No
2943,0.08007759600877762,No
2944,0.0009430536301806569,No
2945,0.041986819356679916,No
2946,0.10458531230688095,No
2947,0.03209337219595909,No
2948,0.019355829805135727,No
2949,0.07528527081012726,No
2950,0.0837322399020195,No
2951,0.0053226831369102,No
2952,0.2829274535179138,No
2953,0.03728489205241203,No
2954,0.04137565940618515,No
2955,0.005856760311871767,No
2956,0.37374594807624817,No
2957,0.012179923243820667,No
2958,0.17892436683177948,No
2959,0.015388550236821175,No
2960,0.9958553314208984,Yes
2961,0.039738867431879044,No
2962,0.9992730021476746,Yes
2963,0.041568558663129807,No
2964,0.9256927967071533,Yes
2965,0.045696012675762177,No
2966,0.9184370040893555,Yes
2967,0.010049469769001007,No
2968,0.9917057156562805,Yes
2969,0.045822322368621826,No
2970,0.004410682711750269,No
2971,0.008668534457683563,No
2972,0.0013108360581099987,No
2973,0.0005144243477843702,No
2974,0.0146728390827775,No
2975,0.06062375009059906,No
2976,0.07433456927537918,No
2977,0.022556010633707047,No
2978,0.0057044848799705505,No
2979,0.047369617968797684,No
2980,0.0029052509926259518,No
2981,0.04401453211903572,No
2982,0.0005093151703476906,No
2983,0.003062887815758586,No
2984,0.010556377470493317,No
2985,0.10266771167516708,No
2986,0.05466967821121216,No
2987,0.06524240225553513,No
2988,0.009780261665582657,No
2989,0.059531211853027344,No
2990,0.003988866228610277,No
2991,0.06162981688976288,No
2992,0.020434310659766197,No
2993,0.06132681295275688,No
2994,0.01791568659245968,No
2995,0.15539909899234772,No
2996,0.04655403643846512,No
2997,0.09203726053237915,No
2998,0.013304860331118107,No
2999,0.1061004102230072,No
3000,8.109462214633822e-05,No
3001,0.007113303989171982,No
3002,9.534670243738219e-05,No
3003,0.0029660265427082777,No
3004,0.00041285305633209646,No
3005,0.015469130128622055,No
3006,0.06655721366405487,No
3007,0.07602215558290482,No
3008,0.00944764818996191,No
3009,0.01621367782354355,No
3010,0.011655556038022041,No
3011,0.0011279183672741055,No
3012,0.19383342564105988,No
3013,0.017773795872926712,No
3014,0.017610128968954086,No
3015,0.012085646390914917,No
3016,0.4026285707950592,No
3017,0.022708000615239143,No
3018,0.05293017625808716,No
3019,0.01572916842997074,No
3020,0.9952899813652039,Yes
3021,0.13625787198543549,No
3022,0.9995226263999939,Yes
3023,0.017000960186123848,No
3024,0.9927572011947632,Yes
3025,0.07934951782226562,No
3026,0.9814638495445251,Yes
3027,0.01291219424456358,No
3028,0.9981422424316406,Yes
3029,0.05777416750788689,No
3030,0.002013572258874774,No
3031,0.0002485135046299547,No
3032,0.3093754053115845,No
3033,0.0427444651722908,No
3034,0.001024338649585843,No
3035,0.00015455980610568076,No
3036,0.20573508739471436,No
3037,0.005388460122048855,No
3038,0.12116479128599167,No
3039,0.01535363495349884,No
3040,0.9747862815856934,Yes
3041,0.031154779717326164,No
3042,0.997637152671814,Yes
3043,0.03643634170293808,No
3044,0.9783279299736023,Yes
3045,0.030459677800536156,No
3046,0.7853921055793762,Yes
3047,0.009221353568136692,No
3048,0.8144702315330505,Yes
3049,0.020923102274537086,No
3050,0.00020385727111715823,No
3051,0.030857501551508904,No
3052,0.0024961812887340784,No
3053,0.03932519629597664,No
3054,0.11358284950256348,No
3055,0.3502803444862366,No
3056,0.12374436110258102,No
3057,0.1538306325674057,No
3058,0.038615040481090546,No
3059,0.12129893153905869,No
3060,0.0689919963479042,No
3061,0.00578411715105176,No
3062,0.8308954238891602,Yes
3063,0.17834855616092682,No
3064,0.006025403738021851,No
3065,0.0003781537525355816,No
3066,0.4230871796607971,No
3067,0.04182501137256622,No
3068,0.08323093503713608,No
3069,0.039551399648189545,No
3070,0.9960307478904724,Yes
3071,0.14814886450767517,No
3072,0.9995391964912415,Yes
3073,0.03690869361162186,No
3074,0.9955386519432068,Yes
3075,0.030896326526999474,No
3076,0.9382907748222351,Yes
3077,0.026681821793317795,No
3078,0.9972766041755676,Yes
3079,0.027778849005699158,No
3080,0.001327396952547133,No
3081,0.021520933136343956,No
3082,0.000709380314219743,No
3083,0.00019648212764877826,No
3084,0.15862296521663666,No
3085,0.008844753727316856,No
3086,0.04722872003912926,No
3087,0.02098049968481064,No
3088,0.0076823849231004715,No
3089,0.024361450225114822,No
3090,0.007867311127483845,No
3091,0.022953839972615242,No
3092,0.00027678607148118317,No
3093,0.0247654989361763,No
3094,0.0006948281079530716,No
3095,0.07690803706645966,No
3096,0.046667348593473434,No
3097,0.05224138870835304,No
3098,0.015612113289535046,No
3099,0.009047378785908222,No
3100,0.025641972199082375,No
3101,0.009603208862245083,No
3102,0.21940147876739502,No
3103,0.019634434953331947,No
3104,0.00321226567029953,No
3105,0.000797031621914357,No
3106,0.581649899482727,Yes
3107,0.026885241270065308,No
3108,0.2545630633831024,No
3109,0.020124798640608788,No
3110,0.9974316954612732,Yes
3111,0.06590543687343597,No
3112,0.9990872144699097,Yes
3113,0.061517879366874695,No
3114,0.9986286759376526,Yes
3115,0.05402294173836708,No
3116,0.9797965288162231,Yes
3117,0.011744464747607708,No
3118,0.9971668720245361,Yes
3119,0.06234549358487129,No
3120,0.30818724632263184,No
3121,0.01777808926999569,No
3122,0.559476912021637,Yes
3123,0.04820186272263527,No
3124,0.15345191955566406,No
3125,0.04642198979854584,No
3126,0.31046104431152344,No
3127,0.012974259443581104,No
3128,0.26461753249168396,No
3129,0.07617539912462234,No
3130,0.8698810338973999,Yes
3131,0.06178778409957886,No
3132,0.8619394898414612,Yes
3133,0.07590072602033615,No
3134,0.9945048093795776,Yes
3135,0.06537280231714249,No
3136,0.6334428787231445,Yes
3137,0.006503085605800152,No
3138,0.9485647678375244,Yes
3139,0.06280026584863663,No
3140,0.0032066279090940952,No
3141,0.0005150744691491127,No
3142,0.5121536254882812,Yes
3143,0.04553430154919624,No
3144,0.20084165036678314,No
3145,0.010802309960126877,No
3146,0.9926909804344177,Yes
3147,0.19387973845005035,No
3148,0.24697238206863403,No
3149,0.08031892776489258,No
3150,0.9829117059707642,Yes
3151,0.09714995324611664,No
3152,0.9469358921051025,Yes
3153,0.07118107378482819,No
3154,0.9918723106384277,Yes
3155,0.05843091756105423,No
3156,0.6554639339447021,Yes
3157,0.01273017656058073,No
3158,0.841687798500061,Yes
3159,0.06980475038290024,No
3160,0.00011953329521929845,No
3161,0.026800546795129776,No
3162,0.010666042566299438,No
3163,0.0007556728087365627,No
3164,0.20705048739910126,No
3165,0.06812894344329834,No
3166,0.04578056186437607,No
3167,0.014805891551077366,No
3168,0.011117449961602688,No
3169,0.012780764140188694,No
3170,0.00012312507897149771,No
3171,0.02102658897638321,No
3172,6.6733242420014e-05,No
3173,0.0034493254497647285,No
3174,0.03804600238800049,No
3175,0.05632612109184265,No
3176,0.0711030438542366,No
3177,0.026830583810806274,No
3178,0.011713770218193531,No
3179,0.0196183193475008,No
3180,0.010801568627357483,No
3181,0.0008036670042201877,No
3182,0.4362272322177887,No
3183,0.013977477326989174,No
3184,0.05857938528060913,No
3185,0.023144952952861786,No
3186,0.1317858248949051,No
3187,0.023093799129128456,No
3188,0.09107015281915665,No
3189,0.009632137604057789,No
3190,0.9890567660331726,Yes
3191,0.12990891933441162,No
3192,0.9989779591560364,Yes
3193,0.028510767966508865,No
3194,0.9988480806350708,Yes
3195,0.04394698515534401,No
3196,0.9811395406723022,Yes
3197,0.007412285078316927,No
3198,0.9576020240783691,Yes
3199,0.02420472539961338,No
3200,0.21196135878562927,No
3201,0.005432567093521357,No
3202,0.3735616207122803,No
3203,0.0318184457719326,No
3204,0.0024783890694379807,No
3205,0.00023750084801577032,No
3206,0.8848413825035095,Yes
3207,0.007591637782752514,No
3208,0.13789324462413788,No
3209,0.01795397326350212,No
3210,0.9974228739738464,Yes
3211,0.0795963853597641,No
3212,0.9982921481132507,Yes
3213,0.043514836579561234,No
3214,0.9967174530029297,Yes
3215,0.056911639869213104,No
3216,0.6966726779937744,Yes
3217,0.011013170704245567,No
3218,0.9897608757019043,Yes
3219,0.058842144906520844,No
3220,0.021250301972031593,No
3221,0.00288813142105937,No
3222,0.06675972044467926,No
3223,0.030205218121409416,No
3224,0.0003343256830703467,No
3225,0.00013916226453147829,No
3226,0.07541697472333908,No
3227,0.004794733133167028,No
3228,0.0340619720518589,No
3229,0.004843013361096382,No
3230,0.8386729955673218,Yes
3231,0.10324426740407944,No
3232,0.9270064830780029,Yes
3233,0.031161537393927574,No
3234,0.7755575180053711,Yes
3235,0.03480477258563042,No
3236,0.46818917989730835,No
3237,0.008708500303328037,No
3238,0.9799118638038635,Yes
3239,0.037414342164993286,No
3240,0.0001696348044788465,No
3241,0.02145441621541977,No
3242,4.794984488398768e-05,No
3243,0.0811799019575119,No
3244,0.00154250324703753,No
3245,0.028914790600538254,No
3246,0.09772235155105591,No
3247,0.03380245715379715,No
3248,0.019373899325728416,No
3249,0.0543927364051342,No
3250,0.03980556130409241,No
3251,0.004341764375567436,No
3252,0.21813561022281647,No
3253,0.03489716723561287,No
3254,0.02077331393957138,No
3255,0.004433003254234791,No
3256,0.4735665023326874,No
3257,0.009167065843939781,No
3258,0.07840628176927567,No
3259,0.010168809443712234,No
3260,0.9828790426254272,Yes
3261,0.037101518362760544,No
3262,0.9994392991065979,Yes
3263,0.03287213295698166,No
3264,0.8290207386016846,Yes
3265,0.04058358073234558,No
3266,0.8212294578552246,Yes
3267,0.008875450119376183,No
3268,0.964674711227417,Yes
3269,0.03873620927333832,No
3270,0.0012540228199213743,No
3271,0.009240308776497841,No
3272,0.0015427465550601482,No
3273,0.000717642717063427,No
3274,0.01249929890036583,No
3275,0.03922991454601288,No
3276,0.04906357824802399,No
3277,0.019124969840049744,No
3278,0.008775700815021992,No
3279,0.02568906359374523,No
3280,0.002448734827339649,No
3281,0.01972247287631035,No
3282,0.0003680469817481935,No
3283,0.0035878056660294533,No
3284,0.009355618618428707,No
3285,0.06619817763566971,No
3286,0.030640924349427223,No
3287,0.04451851546764374,No
3288,0.010425957851111889,No
3289,0.04054373875260353,No
3290,0.003151324111968279,No
3291,0.026698440313339233,No
3292,0.01430289912968874,No
3293,0.059019360691308975,No
3294,0.0153982974588871,No
3295,0.10401047021150589,No
3296,0.02834887057542801,No
3297,0.06427226960659027,No
3298,0.012759923934936523,No
3299,0.07621610909700394,No
3300,9.895355469780043e-05,No
3301,0.004198952112346888,No
3302,6.0392612795112655e-05,No
3303,0.002730926498770714,No
3304,0.0003362325660418719,No
3305,0.024539468809962273,No
3306,0.05180979147553444,No
3307,0.12717457115650177,No
3308,0.0062558953650295734,No
3309,0.0343579538166523,No
3310,0.009318715892732143,No
3311,0.0011301296763122082,No
3312,0.17544952034950256,No
3313,0.022221477702260017,No
3314,0.09972507506608963,No
3315,0.010998200625181198,No
3316,0.5517696738243103,Yes
3317,0.01844155229628086,No
3318,0.043987978249788284,No
3319,0.023291969671845436,No
3320,0.9828419089317322,Yes
3321,0.13667255640029907,No
3322,0.9976750016212463,Yes
3323,0.03427964448928833,No
3324,0.9835565686225891,Yes
3325,0.0767279863357544,No
3326,0.976119339466095,Yes
3327,0.013624905608594418,No
3328,0.9816046953201294,Yes
3329,0.068552166223526,No
3330,0.0042796386405825615,No
3331,0.00031193054746836424,No
3332,0.24449163675308228,No
3333,0.06206321716308594,No
3334,0.0013708315091207623,No
3335,0.00021576424478553236,No
3336,0.3678024411201477,No
3337,0.006747154984623194,No
3338,0.11123637855052948,No
3339,0.033578116446733475,No
3340,0.8803333044052124,Yes
3341,0.03789397329092026,No
3342,0.9643062949180603,Yes
3343,0.07014251500368118,No
3344,0.9123543500900269,Yes
3345,0.041479792445898056,No
3346,0.7079808712005615,Yes
3347,0.016251349821686745,No
3348,0.4662235379219055,No
3349,0.045035768300294876,No
3350,0.0006201297510415316,No
3351,0.033016711473464966,No
3352,0.0036405569408088923,No
3353,0.027300400659441948,No
3354,0.0751064270734787,No
3355,0.2997526526451111,No
3356,0.1615152806043625,No
3357,0.2706330120563507,No
3358,0.04269690066576004,No
3359,0.18601971864700317,No
3360,0.14877794682979584,No
3361,0.005551144015043974,No
3362,0.7382545471191406,Yes
3363,0.1162637248635292,No
3364,0.024518651887774467,No
3365,0.0009099047747440636,No
3366,0.5812602043151855,Yes
3367,0.04412168636918068,No
3368,0.1898881196975708,No
3369,0.06310480833053589,No
3370,0.9861931204795837,Yes
3371,0.13532909750938416,No
3372,0.9985719323158264,Yes
3373,0.06440521776676178,No
3374,0.9899988174438477,Yes
3375,0.03433755412697792,No
3376,0.8972193598747253,Yes
3377,0.03451831638813019,No
3378,0.9710411429405212,Yes
3379,0.06424684077501297,No
3380,0.0011531239142641425,No
3381,0.043574683368206024,No
3382,0.0006588204414583743,No
3383,0.0001367003278573975,No
3384,0.16055038571357727,No
3385,0.01112738624215126,No
3386,0.015579521656036377,No
3387,0.023611504584550858,No
3388,0.006304381415247917,No
3389,0.038196861743927,No
3390,0.010456111282110214,No
3391,0.017693355679512024,No
3392,0.0002011238830164075,No
3393,0.014230862259864807,No
3394,0.0009679396753199399,No
3395,0.045005980879068375,No
3396,0.043677542358636856,No
3397,0.06594829261302948,No
3398,0.01128457672894001,No
3399,0.011605960316956043,No
3400,0.030643116682767868,No
3401,0.006271808408200741,No
3402,0.19090619683265686,No
3403,0.017281485721468925,No
3404,0.002885856432840228,No
3405,0.0011970162158831954,No
3406,0.7049582600593567,Yes
3407,0.024283045902848244,No
3408,0.24225609004497528,No
3409,0.04173208028078079,No
3410,0.9763364195823669,Yes
3411,0.05914558470249176,No
3412,0.9973793029785156,Yes
3413,0.10647784918546677,No
3414,0.9974237084388733,Yes
3415,0.06343643367290497,No
3416,0.9749895930290222,Yes
3417,0.014285112731158733,No
3418,0.9592342376708984,Yes
3419,0.07570464164018631,No
3420,0.6497264504432678,Yes
3421,0.01876356080174446,No
3422,0.4666939377784729,No
3423,0.02936587855219841,No
3424,0.4431757628917694,No
3425,0.04143562912940979,No
3426,0.6767163276672363,Yes
3427,0.010197417810559273,No
3428,0.2400008738040924,No
3429,0.07385851442813873,No
3430,0.8215997219085693,Yes
3431,0.0428646020591259,No
3432,0.7936242818832397,Yes
3433,0.08899979293346405,No
3434,0.9807356595993042,Yes
3435,0.08839236944913864,No
3436,0.7420790195465088,Yes
3437,0.008838308975100517,No
3438,0.9029810428619385,Yes
3439,0.09957117587327957,No
3440,0.00946927722543478,No
3441,0.00022581691155210137,No
3442,0.4700150489807129,No
3443,0.0385189950466156,No
3444,0.27501362562179565,No
3445,0.0057943034917116165,No
3446,0.9958765506744385,Yes
3447,0.10768906772136688,No
3448,0.24390342831611633,No
3449,0.08091606944799423,No
3450,0.9714627265930176,Yes
3451,0.06517864018678665,No
3452,0.8975445628166199,Yes
3453,0.10195542126893997,No
3454,0.964911699295044,Yes
3455,0.09876624494791031,No
3456,0.7502287030220032,Yes
3457,0.010027024894952774,No
3458,0.7984299063682556,Yes
3459,0.10180076956748962,No
3460,7.223325519589707e-05,No
3461,0.029251648113131523,No
3462,0.007952253334224224,No
3463,0.0003201899817213416,No
3464,0.21667098999023438,No
3465,0.08016034215688705,No
3466,0.05621582642197609,No
3467,0.018982335925102234,No
3468,0.014600124210119247,No
3469,0.02236435003578663,No
3470,0.00012994410644751042,No
3471,0.037126798182725906,No
3472,0.00012404225708451122,No
3473,0.002708974527195096,No
3474,0.02793978340923786,No
3475,0.09815026819705963,No
3476,0.10824593901634216,No
3477,0.043761901557445526,No
3478,0.03171687573194504,No
3479,0.02162722311913967,No
3480,0.1773907095193863,No
3481,0.002284946385771036,No
3482,0.20647718012332916,No
3483,0.011979175731539726,No
3484,0.14008401334285736,No
3485,0.023065755143761635,No
3486,0.17968213558197021,No
3487,0.015241571702063084,No
3488,0.1429879367351532,No
3489,0.014971863478422165,No
3490,0.9901255965232849,Yes
3491,0.10530394315719604,No
3492,0.9980161190032959,Yes
3493,0.05327686294913292,No
3494,0.9933845400810242,Yes
3495,0.05689940229058266,No
3496,0.9564637541770935,Yes
3497,0.01288934051990509,No
3498,0.8928972482681274,Yes
3499,0.04920881986618042,No
3500,0.4947150647640228,No
3501,0.007568943779915571,No
3502,0.32210108637809753,No
3503,0.03954896330833435,No
3504,0.00946675706654787,No
3505,0.0003391845093574375,No
3506,0.9374876618385315,Yes
3507,0.006264745257794857,No
3508,0.1504126340150833,No
3509,0.03144403174519539,No
3510,0.9910058975219727,Yes
3511,0.09184563159942627,No
3512,0.9909329414367676,Yes
3513,0.06952758878469467,No
3514,0.9854188561439514,Yes
3515,0.08530423790216446,No
3516,0.8414399027824402,Yes
3517,0.020168595016002655,No
3518,0.9552904963493347,Yes
3519,0.08837369084358215,No
3520,0.014576379209756851,No
3521,0.0024133892729878426,No
3522,0.05126761645078659,No
3523,0.0375906303524971,No
3524,0.0005249738460406661,No
3525,0.00016980415966827422,No
3526,0.17867210507392883,No
3527,0.011432158760726452,No
3528,0.013624497689306736,No
3529,0.013918029144406319,No
3530,0.691211998462677,Yes
3531,0.08900806307792664,No
3532,0.7547014951705933,Yes
3533,0.06660434603691101,No
3534,0.7443786859512329,Yes
3535,0.03038746304810047,No
3536,0.4110860526561737,No
3537,0.017506934702396393,No
3538,0.5988250970840454,Yes
3539,0.06273580342531204,No
3540,0.00042596273124217987,No
3541,0.019408799707889557,No
3542,4.5289183617569506e-05,No
3543,0.05192813277244568,No
3544,0.0021179034374654293,No
3545,0.029662514105439186,No
3546,0.06079228222370148,No
3547,0.06688082963228226,No
3548,0.015523349866271019,No
3549,0.09901890158653259,No
3550,0.08132074028253555,No
3551,0.004367181099951267,No
3552,0.17972542345523834,No
3553,0.04952901974320412,No
3554,0.08467069268226624,No
3555,0.003974234219640493,No
3556,0.6825639605522156,Yes
3557,0.014945963397622108,No
3558,0.05486636608839035,No
3559,0.01769375056028366,No
3560,0.9178997278213501,Yes
3561,0.037958063185214996,No
3562,0.9943337440490723,Yes
3563,0.05407237634062767,No
3564,0.8258872032165527,Yes
3565,0.04192647710442543,No
3566,0.7185386419296265,Yes
3567,0.017287803813815117,No
3568,0.7928339242935181,Yes
3569,0.07341744750738144,No
3570,0.0013002617051824927,No
3571,0.005461520981043577,No
3572,0.0010527136037126184,No
3573,0.0002378973877057433,No
3574,0.006069324444979429,No
3575,0.06016223505139351,No
3576,0.0640072226524353,No
3577,0.016693221405148506,No
3578,0.003990477416664362,No
3579,0.04529518634080887,No
3580,0.003548056585714221,No
3581,0.03127095848321915,No
3582,0.0006239828653633595,No
3583,0.004101671278476715,No
3584,0.013379964046180248,No
3585,0.06208154931664467,No
3586,0.04705416411161423,No
3587,0.06591834127902985,No
3588,0.013921928592026234,No
3589,0.08206798136234283,No
3590,0.00463732797652483,No
3591,0.04904121533036232,No
3592,0.013845973648130894,No
3593,0.04770553484559059,No
3594,0.02297491766512394,No
3595,0.09562834352254868,No
3596,0.04940926283597946,No
3597,0.09522918611764908,No
3598,0.018642866984009743,No
3599,0.11734748631715775,No
6480,0.0018683032831177115,No
6481,0.001536706811748445,No
6482,0.00048342664376832545,No
6483,0.001105432864278555,No
6484,0.003498287172988057,No
6485,0.0012341036926954985,No
6486,0.00253997091203928,No
6487,0.0010100678773596883,No
6488,0.0014691408723592758,No
6489,0.0024873344227671623,No
6490,0.03549988940358162,No
6491,0.01110461913049221,No
6492,0.09526900202035904,No
6493,0.00556593993678689,No
6494,0.1800205260515213,No
6495,0.005514658056199551,No
6496,0.0065980213694274426,No
6497,0.08840084820985794,No
6498,0.031131386756896973,No
6499,0.01875060610473156,No
6500,0.002130811335518956,No
6501,0.0016975649632513523,No
6502,0.0005333204171620309,No
6503,0.0015849076444283128,No
6504,0.007805210538208485,No
6505,0.0011122521245852113,No
6506,0.0030809559393674135,No
6507,0.0009244130342267454,No
6508,0.0021239095367491245,No
6509,0.0036088486667722464,No
6510,0.006434027571231127,No
6511,0.012223010882735252,No
6512,0.09349790960550308,No
6513,0.03365549072623253,No
6514,0.020416565239429474,No
6515,0.006791841704398394,No
6516,0.05434756353497505,No
6517,0.11859530955553055,No
6518,0.035501349717378616,No
6519,0.018180018290877342,No
6520,0.0005326453829184175,No
6521,0.008187564089894295,No
6522,0.0007691585342399776,No
6523,0.002496569650247693,No
6524,0.008850711397826672,No
6525,0.0010999056976288557,No
6526,0.004551738500595093,No
6527,0.007352794054895639,No
6528,0.004094250500202179,No
6529,0.011982017196714878,No
6530,0.016076385974884033,No
6531,0.004853366408497095,No
6532,0.022157486528158188,No
6533,0.015318816527724266,No
6534,0.13311909139156342,No
6535,0.011333880946040154,No
6536,0.058754101395606995,No
6537,0.004527125507593155,No
6538,0.0045230211690068245,No
6539,0.09172452986240387,No
6540,0.0014817574992775917,No
6541,0.017648784443736076,No
6542,0.002659898716956377,No
6543,0.00830623134970665,No
6544,0.021296143531799316,No
6545,0.006276413332670927,No
6546,0.01402354147285223,No
6547,0.005899827927350998,No
6548,0.009365102276206017,No
6549,0.00854774285107851,No
6550,0.038545917719602585,No
6551,0.13864319026470184,No
6552,0.5222116112709045,Yes
6553,0.08984139561653137,No
6554,0.7739447951316833,Yes
6555,0.3189176023006439,No
6556,0.3120668828487396,No
6557,0.20189467072486877,No
6558,0.018993554636836052,No
6559,0.8191654682159424,Yes
6560,0.0014711963012814522,No
6561,0.0013157377252355218,No
6562,0.0005991582293063402,No
6563,0.0012098789447918534,No
6564,0.0018720804946497083,No
6565,0.0006020384025759995,No
6566,0.00046005778131075203,No
6567,0.0037834227550774813,No
6568,0.0023929558228701353,No
6569,0.0006298658554442227,No
6570,0.06955903023481369,No
6571,0.2212701141834259,No
6572,0.507262647151947,Yes
6573,0.04836053028702736,No
6574,0.49876222014427185,No
6575,0.1098218485713005,No
6576,0.14107713103294373,No
6577,0.5175608396530151,Yes
6578,0.044527553021907806,No
6579,0.7473675608634949,Yes
6580,0.002444178331643343,No
6581,0.003080675844103098,No
6582,0.00038277197745628655,No
6583,0.0006855649990029633,No
6584,0.004697042983025312,No
6585,0.00077776238322258,No
6586,0.0027964236214756966,No
6587,0.0048143076710402966,No
6588,0.003347603604197502,No
6589,0.006540359929203987,No
6590,0.1382291316986084,No
6591,0.09382578730583191,No
6592,0.08909294009208679,No
6593,0.017417490482330322,No
6594,0.09233403950929642,No
6595,0.024759141728281975,No
6596,0.023592688143253326,No
6597,0.2453845590353012,No
6598,0.07872987538576126,No
6599,0.09004059433937073,No
6600,0.003461325541138649,No
6601,0.004586178343743086,No
6602,0.0005477004451677203,No
6603,0.0013285900931805372,No
6604,0.0028537448961287737,No
6605,0.0015689295250922441,No
6606,0.004753731191158295,No
6607,0.005131489597260952,No
6608,0.0030223880894482136,No
6609,0.011364132165908813,No
6610,0.05934618413448334,No
6611,0.12737531960010529,No
6612,0.10494653880596161,No
6613,0.08890718966722488,No
6614,0.06854992359876633,No
6615,0.032727450132369995,No
6616,0.2163473516702652,No
6617,0.2686961889266968,No
6618,0.09337648749351501,No
6619,0.0991024300456047,No
6620,0.0009464629110880196,No
6621,0.04008027911186218,No
6622,0.0015443643787875772,No
6623,0.004175052046775818,No
6624,0.018803151324391365,No
6625,0.003947182092815638,No
6626,0.017750104889273643,No
6627,0.015581006184220314,No
6628,0.010796090587973595,No
6629,0.032257501035928726,No
6630,0.022427869960665703,No
6631,0.029584065079689026,No
6632,0.020708974450826645,No
6633,0.05584759637713432,No
6634,0.12521609663963318,No
6635,0.027242282405495644,No
6636,0.10650232434272766,No
6637,0.0031347000040113926,No
6638,0.011963149532675743,No
6639,0.14719922840595245,No
6640,0.004334141965955496,No
6641,0.0953279659152031,No
6642,0.005915808025747538,No
6643,0.029532290995121002,No
6644,0.046481311321258545,No
6645,0.01745317131280899,No
6646,0.04703276604413986,No
6647,0.032457273453474045,No
6648,0.04965677484869957,No
6649,0.021493183448910713,No
6650,0.09781579673290253,No
6651,0.4139753580093384,No
6652,0.4421149790287018,No
6653,0.2665981650352478,No
6654,0.6478284001350403,Yes
6655,0.33047422766685486,No
6656,0.31115084886550903,No
6657,0.23573791980743408,No
6658,0.03919875621795654,No
6659,0.8745712041854858,Yes
6660,0.0018829999025911093,No
6661,0.003707172116264701,No
6662,0.0010110768489539623,No
6663,0.0036585330963134766,No
6664,0.005045298021286726,No
6665,0.0016960614593699574,No
6666,0.0014093948993831873,No
6667,0.016601894050836563,No
6668,0.004706398118287325,No
6669,0.0014815632021054626,No
6670,0.34762313961982727,No
6671,0.8382471799850464,Yes
6672,0.6479798555374146,Yes
6673,0.24929848313331604,No
6674,0.6342285871505737,Yes
6675,0.27690839767456055,No
6676,0.4630725085735321,No
6677,0.5164498090744019,Yes
6678,0.1706421822309494,No
6679,0.9450156688690186,Yes
6680,0.002355074044317007,No
6681,0.002817289438098669,No
6682,0.0005476761725731194,No
6683,0.0005194907425902784,No
6684,0.0028775024693459272,No
6685,0.001016522292047739,No
6686,0.0016162999672815204,No
6687,0.003026658436283469,No
6688,0.001148768700659275,No
6689,0.0018289039144292474,No
6690,0.05594973638653755,No
6691,0.03454042226076126,No
6692,0.14565424621105194,No
6693,0.002801076741889119,No
6694,0.08385588228702545,No
6695,0.00517813116312027,No
6696,0.005291501525789499,No
6697,0.18027633428573608,No
6698,0.008829189464449883,No
6699,0.026724429801106453,No
6700,0.003276854520663619,No
6701,0.003654742380604148,No
6702,0.0007110103033483028,No
6703,0.0008643291657790542,No
6704,0.0047739967703819275,No
6705,0.001293347799219191,No
6706,0.002576707862317562,No
6707,0.003237525001168251,No
6708,0.0010117185302078724,No
6709,0.0029317450243979692,No
6710,0.012754072435200214,No
6711,0.044481437653303146,No
6712,0.17571920156478882,No
6713,0.0359974205493927,No
6714,0.037157315760850906,No
6715,0.007803909480571747,No
6716,0.05422258749604225,No
6717,0.21685990691184998,No
6718,0.01482261810451746,No
6719,0.029737912118434906,No
6720,0.0015085730701684952,No
6721,0.051740437746047974,No
6722,0.0015114805428311229,No
6723,0.002115181414410472,No
6724,0.01621997356414795,No
6725,0.0025615328922867775,No
6726,0.0034394387621432543,No
6727,0.012091484852135181,No
6728,0.0090455561876297,No
6729,0.003325456753373146,No
6730,0.005899457726627588,No
6731,0.01844070479273796,No
6732,0.023293647915124893,No
6733,0.013780664652585983,No
6734,0.2188282608985901,No
6735,0.019907623529434204,No
6736,0.05679098889231682,No
6737,0.0036848224699497223,No
6738,0.0017860017251223326,No
6739,0.1384633183479309,No
6740,0.0050297393463552,No
6741,0.07256485521793365,No
6742,0.0036819984670728445,No
6743,0.004142605233937502,No
6744,0.03413010388612747,No
6745,0.01116857212036848,No
6746,0.008230464532971382,No
6747,0.007214605808258057,No
6748,0.007679673843085766,No
6749,0.003533977549523115,No
6750,0.023773109540343285,No
6751,0.18770146369934082,No
6752,0.3670694828033447,No
6753,0.05063602328300476,No
6754,0.7370074391365051,Yes
6755,0.35375258326530457,No
6756,0.17906400561332703,No
6757,0.0962432399392128,No
6758,0.0040491181425750256,No
6759,0.5917873978614807,Yes
6760,0.0016068530967459083,No
6761,0.0026708398945629597,No
6762,0.0006383279105648398,No
6763,0.0008608996286056936,No
6764,0.0034906507935374975,No
6765,0.0012784929713234305,No
6766,0.0007796906284056604,No
6767,0.003097458742558956,No
6768,0.002602257067337632,No
6769,0.0006869258359074593,No
6770,0.18775948882102966,No
6771,0.7520514130592346,Yes
6772,0.5723376870155334,Yes
6773,0.040355876088142395,No
6774,0.6822069883346558,Yes
6775,0.14336661994457245,No
6776,0.19187389314174652,No
6777,0.2538566291332245,No
6778,0.020266877487301826,No
6779,0.6767152547836304,Yes
6780,0.007752825040370226,No
6781,0.011473597958683968,No
6782,0.001985980896279216,No
6783,0.004442328121513128,No
6784,0.009714721702039242,No
6785,0.004634959623217583,No
6786,0.010717710480093956,No
6787,0.011420299299061298,No
6788,0.017114637419581413,No
6789,0.01795392669737339,No
6790,0.13312384486198425,No
6791,0.06257417798042297,No
6792,0.0971180647611618,No
6793,0.028671054169535637,No
6794,0.17914624512195587,No
6795,0.04339144378900528,No
6796,0.037486959248781204,No
6797,0.34992340207099915,No
6798,0.14746111631393433,No
6799,0.188792884349823,No
6800,0.011226076632738113,No
6801,0.013693133369088173,No
6802,0.0024514019023627043,No
6803,0.006722914986312389,No
6804,0.008062785491347313,No
6805,0.005945189855992794,No
6806,0.014418932609260082,No
6807,0.011932057328522205,No
6808,0.01834227330982685,No
6809,0.02577359601855278,No
6810,0.05477365851402283,No
6811,0.07768124341964722,No
6812,0.10162266343832016,No
6813,0.11620769649744034,No
6814,0.09796573966741562,No
6815,0.05041281878948212,No
6816,0.18338871002197266,No
6817,0.36216261982917786,No
6818,0.12968656420707703,No
6819,0.18451189994812012,No
6820,0.0015767243457958102,No
6821,0.05089647322893143,No
6822,0.0028413489926606417,No
6823,0.009138248860836029,No
6824,0.03321382403373718,No
6825,0.011617290787398815,No
6826,0.0372830331325531,No
6827,0.033076539635658264,No
6828,0.05463341623544693,No
6829,0.023972975090146065,No
6830,0.027861079201102257,No
6831,0.02547558583319187,No
6832,0.02278389409184456,No
6833,0.0884392261505127,No
6834,0.235932394862175,No
6835,0.06654393672943115,No
6836,0.09669706225395203,No
6837,0.015087118372321129,No
6838,0.03608023747801781,No
6839,0.21360129117965698,No
6840,0.005127482581883669,No
6841,0.06733646243810654,No
6842,0.007476671598851681,No
6843,0.06662078201770782,No
6844,0.06763101369142532,No
6845,0.017427533864974976,No
6846,0.07628882676362991,No
6847,0.04982182756066322,No
6848,0.12313492596149445,No
6849,0.007671463303267956,No
6850,0.09817919880151749,No
6851,0.24376280605793,No
6852,0.1881222277879715,No
6853,0.2653357982635498,No
6854,0.7690314054489136,Yes
6855,0.31068071722984314,No
6856,0.34695523977279663,No
6857,0.23551584780216217,No
6858,0.07536666095256805,No
6859,0.8004938364028931,Yes
6860,0.006113685201853514,No
6861,0.010077403858304024,No
6862,0.0015114935813471675,No
6863,0.016223501414060593,No
6864,0.010910168290138245,No
6865,0.0027179750613868237,No
6866,0.0019768306519836187,No
6867,0.04988110437989235,No
6868,0.030651880428195,No
6869,0.0017326365923509002,No
6870,0.3181423544883728,No
6871,0.6970658898353577,Yes
6872,0.44280070066452026,No
6873,0.19776104390621185,No
6874,0.5709631443023682,Yes
6875,0.22170564532279968,No
6876,0.4209941327571869,No
6877,0.7238169312477112,Yes
6878,0.2660082280635834,No
6879,0.9021665453910828,Yes
6880,0.0010967525886371732,No
6881,0.0016742371954023838,No
6882,0.0006037687417119741,No
6883,0.000642007275018841,No
6884,0.004605452064424753,No
6885,0.0011035611387342215,No
6886,0.0030325099360197783,No
6887,0.004683361854404211,No
6888,0.003535793162882328,No
6889,0.002201092429459095,No
6890,0.039237748831510544,No
6891,0.011684972792863846,No
6892,0.0815909206867218,No
6893,0.0022008451633155346,No
6894,0.07680635154247284,No
6895,0.0043837158009409904,No
6896,0.00923931784927845,No
6897,0.35052037239074707,No
6898,0.05021364241838455,No
6899,0.023917561396956444,No
6900,0.0013718424597755075,No
6901,0.002161577809602022,No
6902,0.0006996084121055901,No
6903,0.0008905493887141347,No
6904,0.0033835177309811115,No
6905,0.0013927383115515113,No
6906,0.003801204264163971,No
6907,0.004445892293006182,No
6908,0.002185959368944168,No
6909,0.003198296530172229,No
6910,0.005455756559967995,No
6911,0.01626017689704895,No
6912,0.10406845062971115,No
6913,0.014964749105274677,No
6914,0.02139485627412796,No
6915,0.005343087483197451,No
6916,0.10247776657342911,No
6917,0.36672094464302063,No
6918,0.06213650852441788,No
6919,0.02435389533638954,No
6920,0.0038624650333076715,No
6921,0.04386039078235626,No
6922,0.00226034177467227,No
6923,0.0041349055245518684,No
6924,0.03453762084245682,No
6925,0.00464235246181488,No
6926,0.012513869442045689,No
6927,0.017461594194173813,No
6928,0.013114646077156067,No
6929,0.010442554950714111,No
6930,0.00975425448268652,No
6931,0.011760897934436798,No
6932,0.03073963336646557,No
6933,0.01322256587445736,No
6934,0.18000541627407074,No
6935,0.028640583157539368,No
6936,0.08945181965827942,No
6937,0.017053816467523575,No
6938,0.01610284298658371,No
6939,0.23676687479019165,No
6940,0.012783413752913475,No
6941,0.057068537920713425,No
6942,0.006380920298397541,No
6943,0.016861649230122566,No
6944,0.08090784400701523,No
6945,0.01645326428115368,No
6946,0.034051693975925446,No
6947,0.033948108553886414,No
6948,0.04499804601073265,No
6949,0.012711828574538231,No
6950,0.03568708896636963,No
6951,0.27075403928756714,No
6952,0.4138244390487671,No
6953,0.061873409897089005,No
6954,0.6289160847663879,Yes
6955,0.28279566764831543,No
6956,0.20847167074680328,No
6957,0.3020731806755066,No
6958,0.036956947296857834,No
6959,0.7069512009620667,Yes
6960,0.003177734324708581,No
6961,0.0072150151245296,No
6962,0.0011260644532740116,No
6963,0.0036674209404736757,No
6964,0.01644442230463028,No
6965,0.0021956623531877995,No
6966,0.002071246039122343,No
6967,0.02216474711894989,No
6968,0.010325456038117409,No
6969,0.0021990928798913956,No
6970,0.1832723617553711,No
6971,0.7675867080688477,Yes
6972,0.7055657505989075,Yes
6973,0.1233583316206932,No
6974,0.7181288599967957,Yes
6975,0.33656811714172363,No
6976,0.42428338527679443,No
6977,0.6570137739181519,Yes
6978,0.1049252524971962,No
6979,0.8270992636680603,Yes
6980,0.003716235514730215,No
6981,0.0037642018869519234,No
6982,0.0013830987736582756,No
6983,0.0022978053893893957,No
6984,0.0036588457878679037,No
6985,0.0011805678950622678,No
6986,0.005949932616204023,No
6987,0.002548550721257925,No
6988,0.001865814789198339,No
6989,0.0053712609224021435,No
6990,0.13685941696166992,No
6991,0.06033516302704811,No
6992,0.16301453113555908,No
6993,0.021370477974414825,No
6994,0.17375639081001282,No
6995,0.007300293538719416,No
6996,0.01273360662162304,No
6997,0.03664175048470497,No
6998,0.034247852861881256,No
6999,0.05415419116616249,No
7000,0.004931386094540358,No
7001,0.005337797105312347,No
7002,0.0018589735263958573,No
7003,0.003751629963517189,No
7004,0.003526066429913044,No
7005,0.0022608302533626556,No
7006,0.009443851187825203,No
7007,0.0028539136983454227,No
7008,0.002334601478651166,No
7009,0.009127949364483356,No
7010,0.024396447464823723,No
7011,0.0803985446691513,No
7012,0.1812310367822647,No
7013,0.16418345272541046,No
7014,0.058662742376327515,No
7015,0.010608230717480183,No
7016,0.16959354281425476,No
7017,0.05924467369914055,No
7018,0.0577436201274395,No
7019,0.058250341564416885,No
7020,0.002759060589596629,No
7021,0.031082887202501297,No
7022,0.002523980801925063,No
7023,0.006326261442154646,No
7024,0.014100736938416958,No
7025,0.005380577407777309,No
7026,0.01555474754422903,No
7027,0.011874751187860966,No
7028,0.019138379022479057,No
7029,0.022940831258893013,No
7030,0.04839019104838371,No
7031,0.06045481562614441,No
7032,0.06354378908872604,No
7033,0.09472731500864029,No
7034,0.18985463678836823,No
7035,0.03100774437189102,No
7036,0.048777393996715546,No
7037,0.002898838836699724,No
7038,0.00409220764413476,No
7039,0.18188834190368652,No
7040,0.008887081407010555,No
7041,0.05960530415177345,No
7042,0.01132931187748909,No
7043,0.012862803414463997,No
7044,0.02988092228770256,No
7045,0.014658410102128983,No
7046,0.030105670914053917,No
7047,0.012550405226647854,No
7048,0.023715291172266006,No
7049,0.015989892184734344,No
7050,0.10879852622747421,No
7051,0.3775947391986847,No
7052,0.7121471166610718,Yes
7053,0.26140204071998596,No
7054,0.734148383140564,Yes
7055,0.37745845317840576,No
7056,0.2643931210041046,No
7057,0.05578947067260742,No
7058,0.014443479478359222,No
7059,0.8457121253013611,Yes
7060,0.003067473415285349,No
7061,0.004762217402458191,No
7062,0.0012964456109330058,No
7063,0.0030170490499585867,No
7064,0.0037918153684586287,No
7065,0.0016054062871262431,No
7066,0.0013530092546716332,No
7067,0.007690067868679762,No
7068,0.006039994768798351,No
7069,0.0018634223379194736,No
7070,0.22065986692905426,No
7071,0.7075501680374146,Yes
7072,0.7609404921531677,Yes
7073,0.14385150372982025,No
7074,0.7384366393089294,Yes
7075,0.17442353069782257,No
7076,0.3047962784767151,No
7077,0.14331069588661194,No
7078,0.033441152423620224,No
7079,0.7536447048187256,Yes
7080,0.0021699857898056507,No
7081,0.0026357199531048536,No
7082,0.0011337407631799579,No
7083,0.0009934583213180304,No
7084,0.009696925058960915,No
7085,0.0016026546945795417,No
7086,0.004384041763842106,No
7087,0.005700296722352505,No
7088,0.0032911726739257574,No
7089,0.0015710961306467652,No
7090,0.13216479122638702,No
7091,0.021926049143075943,No
7092,0.2452191561460495,No
7093,0.0017352502327412367,No
7094,0.46471238136291504,No
7095,0.004260255955159664,No
7096,0.005777806043624878,No
7097,0.44205406308174133,No
7098,0.06679895520210266,No
7099,0.013819682411849499,No
7100,0.002910249400883913,No
7101,0.0034632787574082613,No
7102,0.0016813325928524137,No
7103,0.0015892056981101632,No
7104,0.009675716049969196,No
7105,0.002449090825393796,No
7106,0.006785033270716667,No
7107,0.005657283589243889,No
7108,0.004133564420044422,No
7109,0.0026231626980006695,No
7110,0.015666019171476364,No
7111,0.03329247608780861,No
7112,0.2698379158973694,No
7113,0.027022765949368477,No
7114,0.05964954197406769,No
7115,0.005567785352468491,No
7116,0.17587263882160187,No
7117,0.47635966539382935,No
7118,0.08778230100870132,No
7119,0.01728803850710392,No
7120,0.003297127317637205,No
7121,0.04838210716843605,No
7122,0.005212581250816584,No
7123,0.006337596569210291,No
7124,0.06225915625691414,No
7125,0.01725984551012516,No
7126,0.045110322535037994,No
7127,0.02553335390985012,No
7128,0.031409718096256256,No
7129,0.0420856811106205,No
7130,0.07000857591629028,No
7131,0.04912012815475464,No
7132,0.09961245208978653,No
7133,0.10493818670511246,No
7134,0.3545111119747162,No
7135,0.07439246028661728,No
7136,0.10516879707574844,No
7137,0.019731096923351288,No
7138,0.014629042707383633,No
7139,0.12551896274089813,No
7140,0.020646415650844574,No
7141,0.0627278983592987,No
7142,0.02454770728945732,No
7143,0.05861780047416687,No
7144,0.10882999747991562,No
7145,0.03680478036403656,No
7146,0.11888598650693893,No
7147,0.09032820165157318,No
7148,0.12002108246088028,No
7149,0.03172367811203003,No
7150,0.2831265330314636,No
7151,0.4464365541934967,No
7152,0.7432813048362732,Yes
7153,0.370045930147171,No
7154,0.8127276301383972,Yes
7155,0.5219631791114807,Yes
7156,0.3990822732448578,No
7157,0.2811850905418396,No
7158,0.0420587919652462,No
7159,0.846186637878418,Yes
7160,0.011727611534297466,No
7161,0.010399794206023216,No
7162,0.0023195340763777494,No
7163,0.012195050716400146,No
7164,0.036634672433137894,No
7165,0.0033441619016230106,No
7166,0.002246976364403963,No
7167,0.062305647879838943,No
7168,0.0252702534198761,No
7169,0.002404797589406371,No
7170,0.31405481696128845,No
7171,0.7275484800338745,Yes
7172,0.7862593531608582,Yes
7173,0.38005509972572327,No
7174,0.867486298084259,Yes
7175,0.451386034488678,No
7176,0.6099034547805786,Yes
7177,0.6157524585723877,Yes
7178,0.21684716641902924,No
7179,0.7957783341407776,Yes
7180,0.0026019916404038668,No
7181,0.007544185500591993,No
7182,0.0007306096376851201,No
7183,0.004620297811925411,No
7184,0.022942429408431053,No
7185,0.0014745391672477126,No
7186,0.025505688041448593,No
7187,0.0027821960393339396,No
7188,0.012548045255243778,No
7189,0.01070842519402504,No
7190,0.09548064321279526,No
7191,0.09087946265935898,No
7192,0.12043415755033493,No
7193,0.02048632688820362,No
7194,0.15962103009223938,No
7195,0.023068932816386223,No
7196,0.0451456643640995,No
7197,0.3333931863307953,No
7198,0.21593627333641052,No
7199,0.0651625320315361,No
7200,0.003448247443884611,No
7201,0.010195843875408173,No
7202,0.0009048183565028012,No
7203,0.007210720330476761,No
7204,0.008599366992712021,No
7205,0.001922432566061616,No
7206,0.030299091711640358,No
7207,0.0025895058643072844,No
7208,0.018577829003334045,No
7209,0.01632247492671013,No
7210,0.046110618859529495,No
7211,0.11142521351575851,No
7212,0.14349165558815002,No
7213,0.09159310907125473,No
7214,0.09672316908836365,No
7215,0.0245628971606493,No
7216,0.21391886472702026,No
7217,0.3515937030315399,No
7218,0.21400140225887299,No
7219,0.06406977772712708,No
7220,0.0032394006848335266,No
7221,0.08128482848405838,No
7222,0.004306455608457327,No
7223,0.015413000248372555,No
7224,0.10602886974811554,No
7225,0.007878503762185574,No
7226,0.05999203771352768,No
7227,0.0430605374276638,No
7228,0.08802356570959091,No
7229,0.06345487385988235,No
7230,0.028073135763406754,No
7231,0.026421472430229187,No
7232,0.016637500375509262,No
7233,0.029869768768548965,No
7234,0.0955124944448471,No
7235,0.008690773509442806,No
7236,0.018776576966047287,No
7237,0.012184444814920425,No
7238,0.023356184363365173,No
7239,0.040579866617918015,No
7240,0.016536246985197067,No
7241,0.10531017929315567,No
7242,0.018344944342970848,No
7243,0.08893153071403503,No
7244,0.12577812373638153,No
7245,0.015935659408569336,No
7246,0.10412590205669403,No
7247,0.03202323243021965,No
7248,0.11463958770036697,No
7249,0.032657381147146225,No
7250,0.11424581706523895,No
7251,0.29102766513824463,No
7252,0.395271360874176,No
7253,0.12972886860370636,No
7254,0.46350616216659546,No
7255,0.08636065572500229,No
7256,0.05582275614142418,No
7257,0.24605298042297363,No
7258,0.049354709684848785,No
7259,0.5180403590202332,Yes
7260,0.0026605939492583275,No
7261,0.004079330712556839,No
7262,0.0013131373561918736,No
7263,0.010105832479894161,No
7264,0.017007755115628242,No
7265,0.003133160527795553,No
7266,0.0042366585694253445,No
7267,0.022796155884861946,No
7268,0.03212018683552742,No
7269,0.0031314606312662363,No
7270,0.2657734155654907,No
7271,0.8894895911216736,Yes
7272,0.6946396231651306,Yes
7273,0.2991091310977936,No
7274,0.7189914584159851,Yes
7275,0.11034204065799713,No
7276,0.2549837827682495,No
7277,0.5263594388961792,Yes
7278,0.35728129744529724,No
7279,0.8417642116546631,Yes
7280,0.018115121871232986,No
7281,0.0329190269112587,No
7282,0.010909338481724262,No
7283,0.012745633721351624,No
7284,0.03716232255101204,No
7285,0.007902964018285275,No
7286,0.026983974501490593,No
7287,0.05668835714459419,No
7288,0.031261079013347626,No
7289,0.03144330158829689,No
7290,0.11967838555574417,No
7291,0.07753166556358337,No
7292,0.3745274841785431,No
7293,0.03647597134113312,No
7294,0.2915876507759094,No
7295,0.03775230050086975,No
7296,0.05545872449874878,No
7297,0.7047456502914429,Yes
7298,0.12507030367851257,No
7299,0.12734612822532654,No
7300,0.022868657484650612,No
7301,0.036255836486816406,No
7302,0.01238690409809351,No
7303,0.016938135027885437,No
7304,0.024340711534023285,No
7305,0.015162047930061817,No
7306,0.0316682867705822,No
7307,0.051356177777051926,No
7308,0.018273090943694115,No
7309,0.04139385744929314,No
7310,0.036571063101291656,No
7311,0.08080100268125534,No
7312,0.36434832215309143,No
7313,0.13817301392555237,No
7314,0.10595102608203888,No
7315,0.04028620198369026,No
7316,0.21289299428462982,No
7317,0.702693521976471,Yes
7318,0.13848191499710083,No
7319,0.10775692760944366,No
7320,0.006898012477904558,No
7321,0.08395174890756607,No
7322,0.01018059253692627,No
7323,0.015809191390872,No
7324,0.12873941659927368,No
7325,0.033227354288101196,No
7326,0.060137711465358734,No
7327,0.13363587856292725,No
7328,0.08022332191467285,No
7329,0.08856210112571716,No
7330,0.036229297518730164,No
7331,0.059742365032434464,No
7332,0.11098619550466537,No
7333,0.06044049561023712,No
7334,0.31123802065849304,No
7335,0.04957110434770584,No
7336,0.05338620766997337,No
7337,0.06186531111598015,No
7338,0.018866945058107376,No
7339,0.37057003378868103,No
7340,0.023305049166083336,No
7341,0.1879805624485016,No
7342,0.026236558333039284,No
7343,0.14961175620555878,No
7344,0.23621098697185516,No
7345,0.026279812678694725,No
7346,0.1373918205499649,No
7347,0.22342273592948914,No
7348,0.21917861700057983,No
7349,0.04898578301072121,No
7350,0.08253171294927597,No
7351,0.30987784266471863,No
7352,0.5229320526123047,Yes
7353,0.15474990010261536,No
7354,0.8435511589050293,Yes
7355,0.34278175234794617,No
7356,0.14998936653137207,No
7357,0.4272804856300354,No
7358,0.048409417271614075,No
7359,0.9151400327682495,Yes
7360,0.02283492125570774,No
7361,0.06023285537958145,No
7362,0.007024312857538462,No
7363,0.03667781129479408,No
7364,0.04339137300848961,No
7365,0.005994879174977541,No
7366,0.0047773863188922405,No
7367,0.2041555941104889,No
7368,0.057728588581085205,No
7369,0.007534123957157135,No
7370,0.27518126368522644,No
7371,0.7594680786132812,Yes
7372,0.7639489769935608,Yes
7373,0.21071603894233704,No
7374,0.8253517150878906,Yes
7375,0.27695804834365845,No
7376,0.2488216906785965,No
7377,0.6866543889045715,Yes
7378,0.1910548359155655,No
7379,0.9028106927871704,Yes
7380,0.021425386890769005,No
7381,0.034638311713933945,No
7382,0.0037442503962665796,No
7383,0.013886586762964725,No
7384,0.05044107511639595,No
7385,0.018466630950570107,No
7386,0.029558172449469566,No
7387,0.021739769726991653,No
7388,0.017663875594735146,No
7389,0.03109513781964779,No
7390,0.3780551552772522,No
7391,0.13206899166107178,No
7392,0.33949264883995056,No
7393,0.07228603959083557,No
7394,0.27711594104766846,No
7395,0.03281702473759651,No
7396,0.0369952917098999,No
7397,0.3134927451610565,No
7398,0.15015646815299988,No
7399,0.18377047777175903,No
7400,0.025556499138474464,No
7401,0.04028636962175369,No
7402,0.003959846217185259,No
7403,0.018017061054706573,No
7404,0.0330023467540741,No
7405,0.020507916808128357,No
7406,0.032099608331918716,No
7407,0.020861119031906128,No
7408,0.03025360405445099,No
7409,0.03781471773982048,No
7410,0.10509607940912247,No
7411,0.15660597383975983,No
7412,0.33902743458747864,No
7413,0.39210933446884155,No
7414,0.13211044669151306,No
7415,0.036073703318834305,No
7416,0.09166868031024933,No
7417,0.3146912753582001,No
7418,0.14417846500873566,No
7419,0.1681050807237625,No
7420,0.015467141754925251,No
7421,0.16714750230312347,No
7422,0.023205256089568138,No
7423,0.06585236638784409,No
7424,0.153012216091156,No
7425,0.07461071759462357,No
7426,0.1406361311674118,No
7427,0.13060052692890167,No
7428,0.09201543033123016,No
7429,0.1973501443862915,No
7430,0.10940410941839218,No
7431,0.13097476959228516,No
7432,0.09470059722661972,No
7433,0.1856178641319275,No
7434,0.3371102809906006,No
7435,0.03474481776356697,No
7436,0.06077808514237404,No
7437,0.037809859961271286,No
7438,0.04775376245379448,No
7439,0.40553539991378784,No
7440,0.08620567619800568,No
7441,0.42968839406967163,No
7442,0.0827924832701683,No
7443,0.20577777922153473,No
7444,0.29974129796028137,No
7445,0.16332778334617615,No
7446,0.3822719156742096,No
7447,0.22876696288585663,No
7448,0.23789460957050323,No
7449,0.24004709720611572,No
7450,0.30255305767059326,No
7451,0.6478383541107178,Yes
7452,0.6539077758789062,Yes
7453,0.4341132342815399,No
7454,0.7570889592170715,Yes
7455,0.3496783375740051,No
7456,0.228287011384964,No
7457,0.49965623021125793,No
7458,0.16462458670139313,No
7459,0.9763384461402893,Yes
7460,0.03238275647163391,No
7461,0.07567304372787476,No
7462,0.029670067131519318,No
7463,0.0656510591506958,No
7464,0.10377603024244308,No
7465,0.03648725897073746,No
7466,0.025103434920310974,No
7467,0.19461719691753387,No
7468,0.11176583170890808,No
7469,0.027308110147714615,No
7470,0.7554631233215332,Yes
7471,0.9022223353385925,Yes
7472,0.8731239438056946,Yes
7473,0.5726682543754578,Yes
7474,0.8284331560134888,Yes
7475,0.3817260265350342,No
7476,0.30813997983932495,No
7477,0.8174099326133728,Yes
7478,0.7331293225288391,Yes
7479,0.994304895401001,Yes
7480,0.024856654927134514,No
7481,0.02755129151046276,No
7482,0.007570517715066671,No
7483,0.010679293423891068,No
7484,0.05551174283027649,No
7485,0.024968132376670837,No
7486,0.020593583583831787,No
7487,0.020931363105773926,No
7488,0.014159869402647018,No
7489,0.014901907183229923,No
7490,0.2881506681442261,No
7491,0.17245259881019592,No
7492,0.5745840668678284,Yes
7493,0.04984928295016289,No
7494,0.3336104452610016,No
7495,0.051690902560949326,No
7496,0.03690487518906593,No
7497,0.455565482378006,No
7498,0.15439265966415405,No
7499,0.18074385821819305,No
7500,0.029129602015018463,No
7501,0.03342219069600105,No
7502,0.009075639769434929,No
7503,0.014893334358930588,No
7504,0.04783171787858009,No
7505,0.018533485010266304,No
7506,0.02586451545357704,No
7507,0.02119429223239422,No
7508,0.03357639163732529,No
7509,0.020002925768494606,No
7510,0.09643212705850601,No
7511,0.20045678317546844,No
7512,0.5559277534484863,Yes
7513,0.31939592957496643,No
7514,0.1457454264163971,No
7515,0.053965628147125244,No
7516,0.12086422741413116,No
7517,0.46497419476509094,No
7518,0.13986217975616455,No
7519,0.1824808120727539,No
7520,0.021708756685256958,No
7521,0.14077067375183105,No
7522,0.059347253292798996,No
7523,0.06565825641155243,No
7524,0.19938510656356812,No
7525,0.1467982977628708,No
7526,0.18951092660427094,No
7527,0.20774799585342407,No
7528,0.09759461879730225,No
7529,0.15648353099822998,No
7530,0.1780088245868683,No
7531,0.12227316200733185,No
7532,0.12930867075920105,No
7533,0.17460061609745026,No
7534,0.43785804510116577,No
7535,0.06033448502421379,No
7536,0.03866484761238098,No
7537,0.05814212188124657,No
7538,0.04069558158516884,No
7539,0.4375154972076416,No
7540,0.12310498207807541,No
7541,0.36133864521980286,No
7542,0.16536203026771545,No
7543,0.27552738785743713,No
7544,0.3577899932861328,No
7545,0.28757303953170776,No
7546,0.476284384727478,No
7547,0.3137107789516449,No
7548,0.29407989978790283,No
7549,0.2710813581943512,No
7550,0.3631967604160309,No
7551,0.6572138071060181,Yes
7552,0.8775812983512878,Yes
7553,0.5807767510414124,Yes
7554,0.8351872563362122,Yes
7555,0.36114445328712463,No
7556,0.18632884323596954,No
7557,0.6793409585952759,Yes
7558,0.1375732272863388,No
7559,0.9853505492210388,Yes
7560,0.0551968514919281,No
7561,0.07794784009456635,No
7562,0.06431565433740616,No
7563,0.08078238368034363,No
7564,0.1455303430557251,No
7565,0.09555789828300476,No
7566,0.02510405145585537,No
7567,0.23854036629199982,No
7568,0.14899961650371552,No
7569,0.03366711735725403,No
7570,0.689646303653717,Yes
7571,0.8483693599700928,Yes
7572,0.9415654540061951,Yes
7573,0.5905717015266418,Yes
7574,0.8134811520576477,Yes
7575,0.4212246835231781,No
7576,0.2915666103363037,No
7577,0.836421549320221,Yes
7578,0.6742814183235168,Yes
7579,0.9952436685562134,Yes
7580,0.045472897589206696,No
7581,0.04258579760789871,No
7582,0.009966815821826458,No
7583,0.028944946825504303,No
7584,0.03462761268019676,No
7585,0.016090791672468185,No
7586,0.035182975232601166,No
7587,0.04281177371740341,No
7588,0.024860814213752747,No
7589,0.0475681833922863,No
7590,0.2986483573913574,No
7591,0.17304997146129608,No
7592,0.19603890180587769,No
7593,0.08216885477304459,No
7594,0.1303131878376007,No
7595,0.07041611522436142,No
7596,0.07156522572040558,No
7597,0.6018857955932617,Yes
7598,0.10680313408374786,No
7599,0.22903770208358765,No
7600,0.05895981937646866,No
7601,0.05270184949040413,No
7602,0.013656582683324814,No
7603,0.042329587042331696,No
7604,0.01945829764008522,No
7605,0.02511376328766346,No
7606,0.04532995820045471,No
7607,0.04743984341621399,No
7608,0.03024997003376484,No
7609,0.06300195306539536,No
7610,0.1488366574048996,No
7611,0.2063341587781906,No
7612,0.19107450544834137,No
7613,0.2610781192779541,No
7614,0.10826361924409866,No
7615,0.08260637521743774,No
7616,0.25510215759277344,No
7617,0.5786349773406982,Yes
7618,0.11333557218313217,No
7619,0.21683663129806519,No
7620,0.012355522252619267,No
7621,0.12692250311374664,No
7622,0.015098601579666138,No
7623,0.06290370225906372,No
7624,0.11087293177843094,No
7625,0.058451805263757706,No
7626,0.134038046002388,No
7627,0.08938783407211304,No
7628,0.10226724296808243,No
7629,0.15208187699317932,No
7630,0.2240227311849594,No
7631,0.13693943619728088,No
7632,0.11028990149497986,No
7633,0.29353833198547363,No
7634,0.3558599650859833,No
7635,0.20519761741161346,No
7636,0.19572480022907257,No
7637,0.1427258402109146,No
7638,0.05321712791919708,No
7639,0.6227540373802185,Yes
7640,0.07210107147693634,No
7641,0.2624332010746002,No
7642,0.045994386076927185,No
7643,0.18172185122966766,No
7644,0.23109321296215057,No
7645,0.13485415279865265,No
7646,0.32653138041496277,No
7647,0.20046614110469818,No
7648,0.20270007848739624,No
7649,0.15565378963947296,No
7650,0.3896113634109497,No
7651,0.6957131028175354,Yes
7652,0.6381612420082092,Yes
7653,0.6045837998390198,Yes
7654,0.8536799550056458,Yes
7655,0.7055234313011169,Yes
7656,0.4193223714828491,No
7657,0.7147825956344604,Yes
7658,0.14988186955451965,No
7659,0.9890908002853394,Yes
7660,0.05430272966623306,No
7661,0.08677822351455688,No
7662,0.015039138495922089,No
7663,0.07880672067403793,No
7664,0.07169783115386963,No
7665,0.02030041068792343,No
7666,0.014754896983504295,No
7667,0.28251373767852783,No
7668,0.1065317913889885,No
7669,0.02123630978167057,No
7670,0.5983587503433228,Yes
7671,0.8089505434036255,Yes
7672,0.6864120960235596,Yes
7673,0.5335218906402588,Yes
7674,0.5105435252189636,Yes
7675,0.42692962288856506,No
7676,0.32012656331062317,No
7677,0.8142173290252686,Yes
7678,0.3167087435722351,No
7679,0.9644024968147278,Yes
3600,0.8695085048675537,gextravaganza
3601,0.8908613920211792,blicketbash
3602,0.8850327730178833,gextravaganza
3603,0.5825818777084351,fepfestival
3604,0.8025468587875366,daxday
3605,0.6934672594070435,fepfestival
3606,0.907734751701355,blicketbash
3607,0.9821979403495789,blicketbash
3608,0.8685376644134521,gextravaganza
3609,0.8177838325500488,gextravaganza
3610,0.9354343414306641,fepfestival
3611,0.9932127594947815,wugfest
3612,0.9994542598724365,wugfest
3613,0.9745184779167175,daxday
3614,0.8651612997055054,fepfestival
3615,0.9922503232955933,wugfest
3616,0.9924634099006653,wugfest
3617,0.9880943298339844,blicketbash
3618,0.9715788960456848,daxday
3619,0.9984181523323059,daxday
3620,0.7915818095207214,blicketbash
3621,0.5673917531967163,wugfest
3622,0.8751044273376465,gextravaganza
3623,0.5679957866668701,wugfest
3624,0.8577229380607605,blicketbash
3625,0.9080390930175781,blicketbash
3626,0.6027234792709351,gextravaganza
3627,0.7382057905197144,gextravaganza
3628,0.5568703413009644,fepfestival
3629,0.7181590795516968,daxday
3630,0.892688512802124,wugfest
3631,0.958657443523407,fepfestival
3632,0.9996514320373535,wugfest
3633,0.6711023449897766,daxday
3634,0.9845357537269592,fepfestival
3635,0.9985893368721008,wugfest
3636,0.997352123260498,daxday
3637,0.9932448863983154,blicketbash
3638,0.9923694133758545,daxday
3639,0.8603605628013611,wugfest
3640,0.7671915292739868,gextravaganza
3641,0.6789766550064087,fepfestival
3642,0.7549538612365723,gextravaganza
3643,0.796467125415802,daxday
3644,0.8016437888145447,blicketbash
3645,0.9353742599487305,blicketbash
3646,0.5958596467971802,fepfestival
3647,0.7128574848175049,daxday
3648,0.882427453994751,gextravaganza
3649,0.7582617998123169,gextravaganza
3650,0.9990577101707458,blicketbash
3651,0.9771066308021545,fepfestival
3652,0.9726270437240601,fepfestival
3653,0.9515693783760071,daxday
3654,0.9878615736961365,daxday
3655,0.9999776482582092,wugfest
3656,0.9881976842880249,wugfest
3657,0.9986476898193359,wugfest
3658,0.9934089779853821,daxday
3659,0.9572978615760803,wugfest
3660,0.9917328357696533,daxday
3661,0.9943491220474243,blicketbash
3662,0.9981128573417664,wugfest
3663,0.9338781237602234,fepfestival
3664,0.9953135848045349,wugfest
3665,0.9273326992988586,fepfestival
3666,0.9821564555168152,daxday
3667,0.9952501058578491,wugfest
3668,0.9947177767753601,wugfest
3669,0.962749719619751,daxday
3670,0.7919162511825562,fepfestival
3671,0.9360666275024414,blicketbash
3672,0.8508861064910889,fepfestival
3673,0.6512376070022583,gextravaganza
3674,0.7943463325500488,blicketbash
3675,0.8885453343391418,gextravaganza
3676,0.7920401692390442,gextravaganza
3677,0.8903942704200745,gextravaganza
3678,0.7862768173217773,daxday
3679,0.9493861198425293,blicketbash
3680,0.6942030191421509,fepfestival
3681,0.7846088409423828,fepfestival
3682,0.7419257164001465,gextravaganza
3683,0.6187196969985962,blicketbash
3684,0.7520893812179565,daxday
3685,0.7992666959762573,gextravaganza
3686,0.9014618396759033,blicketbash
3687,0.8330560922622681,gextravaganza
3688,0.7725029587745667,blicketbash
3689,0.7258085608482361,gextravaganza
3690,0.9949088096618652,blicketbash
3691,0.8995452523231506,daxday
3692,0.9368049502372742,fepfestival
3693,0.986680269241333,blicketbash
3694,0.9152206182479858,gextravaganza
3695,0.958171546459198,gextravaganza
3696,0.9032098054885864,gextravaganza
3697,0.8396613597869873,gextravaganza
3698,0.9955692291259766,blicketbash
3699,0.6843253374099731,fepfestival
3700,0.7332022190093994,fepfestival
3701,0.9879908561706543,blicketbash
3702,0.9110740423202515,gextravaganza
3703,0.6567325592041016,fepfestival
3704,0.8082997798919678,gextravaganza
3705,0.8589937686920166,gextravaganza
3706,0.5365530252456665,daxday
3707,0.7658207416534424,blicketbash
3708,0.9935737252235413,blicketbash
3709,0.988783061504364,gextravaganza
3710,0.8252955675125122,blicketbash
3711,0.5839735865592957,wugfest
3712,0.8214823007583618,blicketbash
3713,0.5605026483535767,gextravaganza
3714,0.7463849782943726,blicketbash
3715,0.5572255253791809,gextravaganza
3716,0.5754182934761047,gextravaganza
3717,0.8046519160270691,gextravaganza
3718,0.5100569725036621,wugfest
3719,0.7165995836257935,daxday
3720,0.9293285608291626,daxday
3721,0.9149612784385681,fepfestival
3722,0.9956115484237671,wugfest
3723,0.8167943358421326,fepfestival
3724,0.987987756729126,wugfest
3725,0.9124360680580139,daxday
3726,0.9926250576972961,blicketbash
3727,0.984816312789917,wugfest
3728,0.9957424402236938,wugfest
3729,0.9924927949905396,daxday
3730,0.9779067039489746,wugfest
3731,0.9911847114562988,daxday
3732,0.8837336897850037,fepfestival
3733,0.801680326461792,fepfestival
3734,0.9939730167388916,wugfest
3735,0.9844253063201904,daxday
3736,0.9904803037643433,wugfest
3737,0.9579177498817444,daxday
3738,0.9983218312263489,wugfest
3739,0.9643087387084961,blicketbash
3740,0.9901688098907471,wugfest
3741,0.9512473940849304,daxday
3742,0.9979515671730042,wugfest
3743,0.9914715886116028,daxday
3744,0.9858616590499878,blicketbash
3745,0.909342885017395,fepfestival
3746,0.9879938364028931,wugfest
3747,0.9243552088737488,fepfestival
3748,0.9598897099494934,daxday
3749,0.9917592406272888,wugfest
3750,0.9923074245452881,wugfest
3751,0.9981144666671753,daxday
3752,0.9919456839561462,wugfest
3753,0.9992681741714478,wugfest
3754,0.9898422360420227,wugfest
3755,0.9924704432487488,blicketbash
3756,0.9042917490005493,fepfestival
3757,0.9568032026290894,daxday
3758,0.8633105158805847,fepfestival
3759,0.9484182000160217,daxday
3760,0.6603531837463379,fepfestival
3761,0.5831146240234375,wugfest
3762,0.7411845326423645,gextravaganza
3763,0.8524466753005981,daxday
3764,0.7811892032623291,gextravaganza
3765,0.6370173096656799,fepfestival
3766,0.8261998295783997,blicketbash
3767,0.8798437714576721,blicketbash
3768,0.9336836338043213,wugfest
3769,0.7009879350662231,daxday
3770,0.9928587675094604,blicketbash
3771,0.9268990755081177,gextravaganza
3772,0.9693390727043152,blicketbash
3773,0.7752114534378052,fepfestival
3774,0.8407125473022461,gextravaganza
3775,0.859087347984314,fepfestival
3776,0.8114298582077026,daxday
3777,0.9136372804641724,gextravaganza
3778,0.9552678465843201,gextravaganza
3779,0.7805554270744324,blicketbash
3780,0.546460747718811,wugfest
3781,0.8311862349510193,daxday
3782,0.9102133512496948,gextravaganza
3783,0.9532017707824707,blicketbash
3784,0.810583233833313,gextravaganza
3785,0.612847089767456,fepfestival
3786,0.5059909224510193,blicketbash
3787,0.8725244998931885,gextravaganza
3788,0.984514057636261,blicketbash
3789,0.9551998972892761,gextravaganza
3790,0.9951656460762024,wugfest
3791,0.9874199032783508,daxday
3792,0.9760621190071106,blicketbash
3793,0.9895291328430176,wugfest
3794,0.9830313920974731,wugfest
3795,0.8413466215133667,fepfestival
3796,0.9675329923629761,fepfestival
3797,0.9050701260566711,daxday
3798,0.9223237037658691,daxday
3799,0.9704891443252563,wugfest
3800,0.8788352608680725,fepfestival
3801,0.9970059990882874,wugfest
3802,0.9951968789100647,wugfest
3803,0.9966257214546204,daxday
3804,0.9684032201766968,daxday
3805,0.9871646165847778,fepfestival
3806,0.9944348335266113,blicketbash
3807,0.9825486540794373,daxday
3808,0.9962897896766663,wugfest
3809,0.9994943737983704,wugfest
3810,0.9624472856521606,daxday
3811,0.9257205128669739,fepfestival
3812,0.9763820171356201,daxday
3813,0.9946030378341675,daxday
3814,0.9979889988899231,wugfest
3815,0.9960351586341858,blicketbash
3816,0.998741865158081,wugfest
3817,0.9568833112716675,fepfestival
3818,0.9979979395866394,wugfest
3819,0.9938713312149048,wugfest
3820,0.8868223428726196,daxday
3821,0.9508460760116577,gextravaganza
3822,0.9927526116371155,blicketbash
3823,0.929645299911499,gextravaganza
3824,0.9202477335929871,fepfestival
3825,0.944579541683197,gextravaganza
3826,0.9838597774505615,gextravaganza
3827,0.7076380848884583,fepfestival
3828,0.9912552833557129,blicketbash
3829,0.977908194065094,blicketbash
3830,0.911481499671936,daxday
3831,0.9721587300300598,daxday
3832,0.981143057346344,wugfest
3833,0.9908621907234192,wugfest
3834,0.9893903732299805,wugfest
3835,0.8654621839523315,daxday
3836,0.961307942867279,wugfest
3837,0.9880895614624023,blicketbash
3838,0.6997316479682922,fepfestival
3839,0.7023300528526306,fepfestival
3840,0.8286142349243164,gextravaganza
3841,0.8569303154945374,blicketbash
3842,0.859779417514801,gextravaganza
3843,0.540031373500824,daxday
3844,0.7564629316329956,daxday
3845,0.5736389756202698,fepfestival
3846,0.9038199782371521,blicketbash
3847,0.9784864783287048,blicketbash
3848,0.8019497394561768,gextravaganza
3849,0.6815377473831177,gextravaganza
3850,0.84590083360672,fepfestival
3851,0.9707009792327881,wugfest
3852,0.9924492239952087,wugfest
3853,0.8339967727661133,daxday
3854,0.7064644694328308,fepfestival
3855,0.9407224059104919,wugfest
3856,0.9582313299179077,wugfest
3857,0.9751627445220947,blicketbash
3858,0.9043213129043579,daxday
3859,0.9833577275276184,daxday
3860,0.500321090221405,wugfest
3861,0.59567791223526,wugfest
3862,0.7261612415313721,gextravaganza
3863,0.6258503198623657,wugfest
3864,0.5467325448989868,blicketbash
3865,0.7777818441390991,blicketbash
3866,0.5978508591651917,gextravaganza
3867,0.6820567846298218,gextravaganza
3868,0.5706813335418701,daxday
3869,0.6189472675323486,daxday
3870,0.7367196679115295,wugfest
3871,0.7952714562416077,fepfestival
3872,0.9959494471549988,wugfest
3873,0.5982028245925903,gextravaganza
3874,0.9429349899291992,fepfestival
3875,0.9871716499328613,wugfest
3876,0.9884698390960693,daxday
3877,0.9820035696029663,blicketbash
3878,0.9624938368797302,daxday
3879,0.6639862060546875,wugfest
3880,0.715411901473999,gextravaganza
3881,0.6028355360031128,fepfestival
3882,0.6696608662605286,gextravaganza
3883,0.702234148979187,daxday
3884,0.6357720494270325,blicketbash
3885,0.8748985528945923,blicketbash
3886,0.5204417109489441,fepfestival
3887,0.697292149066925,daxday
3888,0.7391040325164795,gextravaganza
3889,0.6691351532936096,gextravaganza
3890,0.9998566508293152,blicketbash
3891,0.9923290014266968,fepfestival
3892,0.9854047894477844,fepfestival
3893,0.9459182024002075,daxday
3894,0.9949661493301392,daxday
3895,0.9999984502792358,wugfest
3896,0.9942572712898254,wugfest
3897,0.9996631145477295,wugfest
3898,0.9959041476249695,daxday
3899,0.9741235375404358,wugfest
3900,0.9775869846343994,daxday
3901,0.9799536466598511,blicketbash
3902,0.9746778607368469,wugfest
3903,0.7760597467422485,fepfestival
3904,0.937763512134552,wugfest
3905,0.7293354272842407,fepfestival
3906,0.8411455154418945,daxday
3907,0.9787068367004395,wugfest
3908,0.9590624570846558,wugfest
3909,0.8882782459259033,daxday
3910,0.8383017778396606,fepfestival
3911,0.9807738065719604,blicketbash
3912,0.8244417309761047,fepfestival
3913,0.7208124995231628,gextravaganza
3914,0.6664760112762451,blicketbash
3915,0.8714267015457153,gextravaganza
3916,0.8925382494926453,gextravaganza
3917,0.9402535557746887,gextravaganza
3918,0.8302388191223145,daxday
3919,0.9709993600845337,blicketbash
3920,0.6472393274307251,fepfestival
3921,0.6676194071769714,fepfestival
3922,0.5588456392288208,gextravaganza
3923,0.646186888217926,wugfest
3924,0.6864453554153442,daxday
3925,0.7671105265617371,gextravaganza
3926,0.841573178768158,blicketbash
3927,0.7742127776145935,gextravaganza
3928,0.524950385093689,daxday
3929,0.5911668539047241,gextravaganza
3930,0.9891814589500427,blicketbash
3931,0.8540375232696533,daxday
3932,0.7615129351615906,fepfestival
3933,0.9525090456008911,blicketbash
3934,0.8633624315261841,gextravaganza
3935,0.8913213610649109,gextravaganza
3936,0.8580954074859619,gextravaganza
3937,0.7690132260322571,gextravaganza
3938,0.994375467300415,blicketbash
3939,0.6654979586601257,fepfestival
3940,0.7966114282608032,fepfestival
3941,0.9803131222724915,blicketbash
3942,0.9336683750152588,gextravaganza
3943,0.6933278441429138,fepfestival
3944,0.783604085445404,gextravaganza
3945,0.8879531025886536,gextravaganza
3946,0.7855523228645325,daxday
3947,0.7517099380493164,blicketbash
3948,0.9959760308265686,blicketbash
3949,0.9847414493560791,gextravaganza
3950,0.6351125836372375,blicketbash
3951,0.6447381377220154,wugfest
3952,0.6381205320358276,blicketbash
3953,0.5208406448364258,wugfest
3954,0.5041092038154602,daxday
3955,0.5058135390281677,daxday
3956,0.5191381573677063,gextravaganza
3957,0.7225685119628906,gextravaganza
3958,0.6391080617904663,wugfest
3959,0.6810084581375122,daxday
3960,0.868564784526825,daxday
3961,0.811131477355957,fepfestival
3962,0.9722262024879456,wugfest
3963,0.6826224327087402,fepfestival
3964,0.900860071182251,wugfest
3965,0.7632451057434082,daxday
3966,0.9836170077323914,blicketbash
3967,0.9551540613174438,wugfest
3968,0.9804304242134094,wugfest
3969,0.9530713558197021,daxday
3970,0.9297239184379578,wugfest
3971,0.8773006796836853,daxday
3972,0.6075312495231628,fepfestival
3973,0.5947043299674988,fepfestival
3974,0.9178617596626282,wugfest
3975,0.9712000489234924,daxday
3976,0.9387584328651428,wugfest
3977,0.8369678854942322,daxday
3978,0.9804016351699829,wugfest
3979,0.939411461353302,blicketbash
3980,0.9681349992752075,wugfest
3981,0.8965116143226624,daxday
3982,0.9925782680511475,wugfest
3983,0.9697093963623047,daxday
3984,0.9411560893058777,blicketbash
3985,0.7753187417984009,fepfestival
3986,0.9352895617485046,wugfest
3987,0.8190460205078125,fepfestival
3988,0.8096480369567871,daxday
3989,0.9739678502082825,wugfest
3990,0.9661158919334412,wugfest
3991,0.9775397777557373,daxday
3992,0.9458041787147522,wugfest
3993,0.9888853430747986,wugfest
3994,0.9093152284622192,wugfest
3995,0.9576668739318848,blicketbash
3996,0.7737100720405579,fepfestival
3997,0.8133169412612915,daxday
3998,0.651340126991272,fepfestival
3999,0.8122617602348328,daxday
4000,0.590233564376831,fepfestival
4001,0.644279420375824,wugfest
4002,0.6947638988494873,gextravaganza
4003,0.8969676494598389,daxday
4004,0.6875424385070801,gextravaganza
4005,0.5107269287109375,fepfestival
4006,0.9147700667381287,blicketbash
4007,0.8555513620376587,blicketbash
4008,0.9621400237083435,wugfest
4009,0.6024486422538757,daxday
4010,0.97728031873703,blicketbash
4011,0.9179292321205139,gextravaganza
4012,0.9813525676727295,blicketbash
4013,0.7378467321395874,fepfestival
4014,0.855860710144043,gextravaganza
4015,0.8888685703277588,fepfestival
4016,0.7945724725723267,daxday
4017,0.9338036179542542,gextravaganza
4018,0.9486900568008423,gextravaganza
4019,0.824988603591919,blicketbash
4020,0.6592970490455627,wugfest
4021,0.7810853719711304,daxday
4022,0.7674009203910828,gextravaganza
4023,0.8683314323425293,blicketbash
4024,0.7388641834259033,gextravaganza
4025,0.5087766647338867,fepfestival
4026,0.7264284491539001,daxday
4027,0.7962613701820374,gextravaganza
4028,0.8856394290924072,blicketbash
4029,0.8245165944099426,gextravaganza
4030,0.9640661478042603,wugfest
4031,0.9340580105781555,daxday
4032,0.929279088973999,blicketbash
4033,0.953149139881134,wugfest
4034,0.8829228281974792,wugfest
4035,0.6429840922355652,fepfestival
4036,0.8663133382797241,fepfestival
4037,0.7524047493934631,daxday
4038,0.8339475393295288,daxday
4039,0.9281790852546692,wugfest
4040,0.7465976476669312,fepfestival
4041,0.9768673181533813,wugfest
4042,0.9692162275314331,wugfest
4043,0.9797636866569519,daxday
4044,0.925707995891571,daxday
4045,0.9498887062072754,fepfestival
4046,0.9901799559593201,blicketbash
4047,0.8995994329452515,daxday
4048,0.9746003746986389,wugfest
4049,0.9948509335517883,wugfest
4050,0.9084334373474121,daxday
4051,0.7465407848358154,fepfestival
4052,0.847713828086853,daxday
4053,0.9662086367607117,daxday
4054,0.9800628423690796,wugfest
4055,0.9680798649787903,blicketbash
4056,0.9876939058303833,wugfest
4057,0.8273192048072815,fepfestival
4058,0.9885499477386475,wugfest
4059,0.9770036935806274,wugfest
4060,0.8328054547309875,daxday
4061,0.8459992408752441,gextravaganza
4062,0.9820014238357544,blicketbash
4063,0.891025185585022,gextravaganza
4064,0.8684939742088318,fepfestival
4065,0.8877397775650024,gextravaganza
4066,0.9584479928016663,gextravaganza
4067,0.710946261882782,fepfestival
4068,0.982167661190033,blicketbash
4069,0.9531534314155579,blicketbash
4070,0.8025100827217102,daxday
4071,0.860944390296936,daxday
4072,0.9173260927200317,wugfest
4073,0.9417885541915894,wugfest
4074,0.8691974878311157,wugfest
4075,0.7989737391471863,daxday
4076,0.8453185558319092,wugfest
4077,0.9741464257240295,blicketbash
4078,0.5073808431625366,gextravaganza
4079,0.5283469557762146,fepfestival
4080,0.8511610627174377,gextravaganza
4081,0.8881151676177979,blicketbash
4082,0.9330891966819763,gextravaganza
4083,0.6248049736022949,fepfestival
4084,0.813176691532135,daxday
4085,0.7181814908981323,fepfestival
4086,0.9361304640769958,blicketbash
4087,0.9946660399436951,blicketbash
4088,0.8934833407402039,gextravaganza
4089,0.8311030864715576,gextravaganza
4090,0.9682058095932007,fepfestival
4091,0.9926779270172119,wugfest
4092,0.9989044666290283,wugfest
4093,0.9687110781669617,daxday
4094,0.8530182242393494,fepfestival
4095,0.9890137910842896,wugfest
4096,0.9926605224609375,wugfest
4097,0.9902077317237854,blicketbash
4098,0.9769541621208191,daxday
4099,0.9953713417053223,daxday
4100,0.6649278402328491,blicketbash
4101,0.5701162815093994,wugfest
4102,0.8587600588798523,gextravaganza
4103,0.5427303910255432,wugfest
4104,0.8670051097869873,blicketbash
4105,0.886914074420929,blicketbash
4106,0.7084723711013794,gextravaganza
4107,0.746604323387146,gextravaganza
4108,0.5394925475120544,fepfestival
4109,0.6837831735610962,daxday
4110,0.9038784503936768,wugfest
4111,0.8667957782745361,fepfestival
4112,0.9993847012519836,wugfest
4113,0.8107380867004395,daxday
4114,0.9721651077270508,fepfestival
4115,0.9988515973091125,wugfest
4116,0.9957290291786194,daxday
4117,0.995415210723877,blicketbash
4118,0.9950569272041321,daxday
4119,0.8584528565406799,wugfest
4120,0.8770219683647156,gextravaganza
4121,0.5919194221496582,fepfestival
4122,0.7694589495658875,gextravaganza
4123,0.7618332505226135,daxday
4124,0.8881868124008179,blicketbash
4125,0.9583818316459656,blicketbash
4126,0.5599637031555176,fepfestival
4127,0.5362561941146851,daxday
4128,0.8804755210876465,gextravaganza
4129,0.7915884852409363,gextravaganza
4130,0.9956592917442322,blicketbash
4131,0.988034188747406,fepfestival
4132,0.9345161318778992,fepfestival
4133,0.9682642221450806,daxday
4134,0.9803338646888733,daxday
4135,0.9999815821647644,wugfest
4136,0.9939746260643005,wugfest
4137,0.9990692138671875,wugfest
4138,0.9933857917785645,daxday
4139,0.9848713278770447,wugfest
4140,0.9931765198707581,daxday
4141,0.992605984210968,blicketbash
4142,0.996207058429718,wugfest
4143,0.9395660758018494,fepfestival
4144,0.9930818676948547,wugfest
4145,0.9109369516372681,fepfestival
4146,0.9511829614639282,daxday
4147,0.9979957938194275,wugfest
4148,0.9918934106826782,wugfest
4149,0.9688469767570496,daxday
4150,0.7723865509033203,fepfestival
4151,0.9393030405044556,blicketbash
4152,0.7539984583854675,fepfestival
4153,0.6950103044509888,gextravaganza
4154,0.8473895192146301,blicketbash
4155,0.8599627614021301,gextravaganza
4156,0.7881679534912109,gextravaganza
4157,0.916294276714325,gextravaganza
4158,0.7165701389312744,daxday
4159,0.9774354100227356,blicketbash
4160,0.6676851511001587,fepfestival
4161,0.6377281546592712,fepfestival
4162,0.6428778767585754,gextravaganza
4163,0.729724645614624,blicketbash
4164,0.7536060214042664,daxday
4165,0.8218926191329956,gextravaganza
4166,0.9184132814407349,blicketbash
4167,0.8536595106124878,gextravaganza
4168,0.8235456943511963,blicketbash
4169,0.7419393062591553,gextravaganza
4170,0.990402340888977,blicketbash
4171,0.880856990814209,daxday
4172,0.8590026497840881,fepfestival
4173,0.9935057759284973,blicketbash
4174,0.9516070485115051,gextravaganza
4175,0.9590981602668762,gextravaganza
4176,0.8937259912490845,gextravaganza
4177,0.8771417737007141,gextravaganza
4178,0.9982361793518066,blicketbash
4179,0.7355672121047974,fepfestival
4180,0.7003599405288696,fepfestival
4181,0.9939286708831787,blicketbash
4182,0.9434518814086914,gextravaganza
4183,0.7131153345108032,fepfestival
4184,0.8940668106079102,gextravaganza
4185,0.886813759803772,gextravaganza
4186,0.6548444032669067,daxday
4187,0.8518604040145874,blicketbash
4188,0.9984412789344788,blicketbash
4189,0.9777628779411316,gextravaganza
4190,0.7946054935455322,blicketbash
4191,0.528101921081543,wugfest
4192,0.8042690753936768,blicketbash
4193,0.5435451865196228,gextravaganza
4194,0.7823818325996399,blicketbash
4195,0.5939738750457764,gextravaganza
4196,0.6394022107124329,gextravaganza
4197,0.8007978200912476,gextravaganza
4198,0.5817959904670715,wugfest
4199,0.6529292464256287,daxday
4200,0.952286422252655,daxday
4201,0.8677170276641846,fepfestival
4202,0.9953822493553162,wugfest
4203,0.8241134285926819,fepfestival
4204,0.9811558127403259,wugfest
4205,0.9174172282218933,daxday
4206,0.9892561435699463,blicketbash
4207,0.9888385534286499,wugfest
4208,0.9960258603096008,wugfest
4209,0.9785172343254089,daxday
4210,0.9826069474220276,wugfest
4211,0.9778501987457275,daxday
4212,0.7920801639556885,fepfestival
4213,0.8340744376182556,fepfestival
4214,0.9922241568565369,wugfest
4215,0.9901449680328369,daxday
4216,0.9941439032554626,wugfest
4217,0.9548507332801819,daxday
4218,0.998091995716095,wugfest
4219,0.986757218837738,blicketbash
4220,0.9916748404502869,wugfest
4221,0.939486563205719,daxday
4222,0.9972701668739319,wugfest
4223,0.9921480417251587,daxday
4224,0.9921510219573975,blicketbash
4225,0.870673418045044,fepfestival
4226,0.9869717359542847,wugfest
4227,0.950260579586029,fepfestival
4228,0.9423340559005737,daxday
4229,0.9928022623062134,wugfest
4230,0.9933585524559021,wugfest
4231,0.9955763220787048,daxday
4232,0.9922187924385071,wugfest
4233,0.9993391633033752,wugfest
4234,0.9867467880249023,wugfest
4235,0.9830387830734253,blicketbash
4236,0.8926027417182922,fepfestival
4237,0.9653713703155518,daxday
4238,0.8107813000679016,fepfestival
4239,0.9387010931968689,daxday
4240,0.6721488833427429,fepfestival
4241,0.5032896995544434,gextravaganza
4242,0.7809001803398132,gextravaganza
4243,0.8333165049552917,daxday
4244,0.7443255186080933,gextravaganza
4245,0.6465815305709839,fepfestival
4246,0.7745516300201416,blicketbash
4247,0.9449177384376526,blicketbash
4248,0.9261528253555298,wugfest
4249,0.6575599908828735,daxday
4250,0.9882486462593079,blicketbash
4251,0.9194186925888062,gextravaganza
4252,0.9906399846076965,blicketbash
4253,0.7950660586357117,fepfestival
4254,0.8194952607154846,gextravaganza
4255,0.8913891911506653,fepfestival
4256,0.8009074330329895,daxday
4257,0.9610376954078674,gextravaganza
4258,0.9659371376037598,gextravaganza
4259,0.8920349478721619,blicketbash
4260,0.5316715240478516,wugfest
4261,0.8564658164978027,daxday
4262,0.879487156867981,gextravaganza
4263,0.974706768989563,blicketbash
4264,0.8624374270439148,gextravaganza
4265,0.5825968384742737,fepfestival
4266,0.5582451820373535,blicketbash
4267,0.873970091342926,gextravaganza
4268,0.9807579517364502,blicketbash
4269,0.8804304003715515,gextravaganza
4270,0.9957484006881714,wugfest
4271,0.9706529974937439,daxday
4272,0.9700857996940613,blicketbash
4273,0.990546703338623,wugfest
4274,0.9795963764190674,wugfest
4275,0.8172288537025452,fepfestival
4276,0.9658946394920349,fepfestival
4277,0.9256294369697571,daxday
4278,0.9282248616218567,daxday
4279,0.9841578006744385,wugfest
4280,0.8930349349975586,fepfestival
4281,0.9943642616271973,wugfest
4282,0.9950820803642273,wugfest
4283,0.9967117309570312,daxday
4284,0.9727811813354492,daxday
4285,0.9848530888557434,fepfestival
4286,0.9929806590080261,blicketbash
4287,0.9867123365402222,daxday
4288,0.997146487236023,wugfest
4289,0.9991542100906372,wugfest
4290,0.9705004692077637,daxday
4291,0.8010990023612976,fepfestival
4292,0.9436802864074707,daxday
4293,0.9945718050003052,daxday
4294,0.9965513944625854,wugfest
4295,0.9902197122573853,blicketbash
4296,0.9982315897941589,wugfest
4297,0.9747712016105652,fepfestival
4298,0.9973185062408447,wugfest
4299,0.9961414337158203,wugfest
4300,0.8976887464523315,daxday
4301,0.8979984521865845,gextravaganza
4302,0.9936257600784302,blicketbash
4303,0.960273265838623,gextravaganza
4304,0.9525613188743591,fepfestival
4305,0.9362655878067017,gextravaganza
4306,0.9811918139457703,gextravaganza
4307,0.7945348024368286,fepfestival
4308,0.9956059455871582,blicketbash
4309,0.9896946549415588,blicketbash
4310,0.918336808681488,daxday
4311,0.9518824219703674,daxday
4312,0.9747663140296936,wugfest
4313,0.9845918416976929,wugfest
4314,0.9869484305381775,wugfest
4315,0.8841827511787415,daxday
4316,0.9722031950950623,wugfest
4317,0.9915168881416321,blicketbash
4318,0.597061276435852,fepfestival
4319,0.6099610924720764,fepfestival
4320,0.8180760741233826,gextravaganza
4321,0.7919430732727051,blicketbash
4322,0.6796655654907227,gextravaganza
4323,0.5998662710189819,daxday
4324,0.7570273876190186,daxday
4325,0.6385768055915833,fepfestival
4326,0.9186739921569824,blicketbash
4327,0.9714983701705933,blicketbash
4328,0.8925102353096008,gextravaganza
4329,0.7354337573051453,gextravaganza
4330,0.8060532212257385,fepfestival
4331,0.9691517949104309,wugfest
4332,0.9867663383483887,wugfest
4333,0.7254838943481445,daxday
4334,0.6578985452651978,fepfestival
4335,0.9492697715759277,wugfest
4336,0.9597625732421875,wugfest
4337,0.9465457797050476,blicketbash
4338,0.8660275936126709,daxday
4339,0.9766040444374084,daxday
4340,0.5320559740066528,wugfest
4341,0.6172477006912231,wugfest
4342,0.7077646255493164,gextravaganza
4343,0.5831975340843201,wugfest
4344,0.5882244110107422,blicketbash
4345,0.8653388023376465,blicketbash
4346,0.6382308602333069,gextravaganza
4347,0.7315952181816101,gextravaganza
4348,0.5708305239677429,daxday
4349,0.5783460140228271,daxday
4350,0.8487196564674377,wugfest
4351,0.5980122685432434,fepfestival
4352,0.9922259449958801,wugfest
4353,0.5373072624206543,gextravaganza
4354,0.920509934425354,fepfestival
4355,0.9903663992881775,wugfest
4356,0.9868174195289612,daxday
4357,0.9665752649307251,blicketbash
4358,0.9484329223632812,daxday
4359,0.7191252708435059,wugfest
4360,0.7180115580558777,gextravaganza
4361,0.5372284650802612,wugfest
4362,0.7843691110610962,gextravaganza
4363,0.7360835671424866,daxday
4364,0.6907998323440552,blicketbash
4365,0.9417723417282104,blicketbash
4366,0.5133708119392395,fepfestival
4367,0.6866897344589233,daxday
4368,0.8074864745140076,gextravaganza
4369,0.7262977361679077,gextravaganza
4370,0.9999340772628784,blicketbash
4371,0.9955102205276489,fepfestival
4372,0.9903631210327148,fepfestival
4373,0.9818512797355652,daxday
4374,0.9945711493492126,daxday
4375,0.9999974966049194,wugfest
4376,0.9948157668113708,wugfest
4377,0.999803900718689,wugfest
4378,0.993648886680603,daxday
4379,0.992626428604126,wugfest
4380,0.9606291651725769,daxday
4381,0.9611378908157349,blicketbash
4382,0.9641255140304565,wugfest
4383,0.699691891670227,fepfestival
4384,0.9435228109359741,wugfest
4385,0.7221044301986694,fepfestival
4386,0.8647597432136536,daxday
4387,0.9843985438346863,wugfest
4388,0.9534281492233276,wugfest
4389,0.9004315733909607,daxday
4390,0.8828338980674744,fepfestival
4391,0.9754449725151062,blicketbash
4392,0.8933541774749756,fepfestival
4393,0.7755410075187683,gextravaganza
4394,0.7287153005599976,blicketbash
4395,0.915376603603363,gextravaganza
4396,0.8875991702079773,gextravaganza
4397,0.92982017993927,gextravaganza
4398,0.8855936527252197,daxday
4399,0.9924414157867432,blicketbash
4400,0.7034640312194824,fepfestival
4401,0.535874605178833,fepfestival
4402,0.6428354978561401,gextravaganza
4403,0.6066203117370605,wugfest
4404,0.6973350048065186,daxday
4405,0.7627520561218262,gextravaganza
4406,0.8705398440361023,blicketbash
4407,0.8189975023269653,gextravaganza
4408,0.5950239896774292,blicketbash
4409,0.6566166281700134,gextravaganza
4410,0.9941377639770508,blicketbash
4411,0.8548352718353271,daxday
4412,0.8415104746818542,fepfestival
4413,0.9405423998832703,blicketbash
4414,0.8812756538391113,gextravaganza
4415,0.8553030490875244,gextravaganza
4416,0.8684327602386475,gextravaganza
4417,0.7981744408607483,gextravaganza
4418,0.9932115077972412,blicketbash
4419,0.667076826095581,fepfestival
4420,0.8689854145050049,fepfestival
4421,0.9936303496360779,blicketbash
4422,0.9108366370201111,gextravaganza
4423,0.7045243978500366,fepfestival
4424,0.8259972333908081,gextravaganza
4425,0.8531148433685303,gextravaganza
4426,0.8161071538925171,daxday
4427,0.7705103158950806,blicketbash
4428,0.9965561628341675,blicketbash
4429,0.9879806041717529,gextravaganza
4430,0.7338213920593262,blicketbash
4431,0.5963127017021179,wugfest
4432,0.8635444045066833,blicketbash
4433,0.5441380143165588,wugfest
4434,0.547081470489502,blicketbash
4435,0.5384844541549683,gextravaganza
4436,0.5612238645553589,gextravaganza
4437,0.7916851043701172,gextravaganza
4438,0.5887856483459473,wugfest
4439,0.6969775557518005,daxday
4440,0.8350213766098022,daxday
4441,0.7195397019386292,fepfestival
4442,0.9679239392280579,wugfest
4443,0.595100998878479,fepfestival
4444,0.8928042650222778,wugfest
4445,0.7049560546875,daxday
4446,0.9761115908622742,blicketbash
4447,0.9656469225883484,wugfest
4448,0.9644531011581421,wugfest
4449,0.9329899549484253,daxday
4450,0.9206617474555969,wugfest
4451,0.8247840404510498,daxday
4452,0.5884655117988586,fepfestival
4453,0.5713688135147095,fepfestival
4454,0.9143950343132019,wugfest
4455,0.8992937207221985,daxday
4456,0.9643285870552063,wugfest
4457,0.8813291788101196,daxday
4458,0.977379322052002,wugfest
4459,0.9634522199630737,blicketbash
4460,0.9636366963386536,wugfest
4461,0.9009625315666199,daxday
4462,0.9847462773323059,wugfest
4463,0.943979799747467,daxday
4464,0.9356586933135986,blicketbash
4465,0.7466790676116943,fepfestival
4466,0.94303959608078,wugfest
4467,0.8284705877304077,fepfestival
4468,0.8165419101715088,daxday
4469,0.9666721224784851,wugfest
4470,0.958653450012207,wugfest
4471,0.9839444160461426,daxday
4472,0.9263295531272888,wugfest
4473,0.9884405732154846,wugfest
4474,0.9047887921333313,wugfest
4475,0.9644386172294617,blicketbash
4476,0.7037861943244934,fepfestival
4477,0.8328148126602173,daxday
4478,0.6984175443649292,fepfestival
4479,0.8311340808868408,daxday
4480,0.5862687826156616,fepfestival
4481,0.6367581486701965,wugfest
4482,0.7044939994812012,gextravaganza
4483,0.8598904609680176,daxday
4484,0.6991152763366699,gextravaganza
4485,0.5557334423065186,fepfestival
4486,0.8826934695243835,blicketbash
4487,0.8843441605567932,blicketbash
4488,0.913669764995575,wugfest
4489,0.553233802318573,daxday
4490,0.9786322712898254,blicketbash
4491,0.9222822189331055,gextravaganza
4492,0.9839406609535217,blicketbash
4493,0.746678352355957,fepfestival
4494,0.8623252511024475,gextravaganza
4495,0.8997198939323425,fepfestival
4496,0.8191206455230713,daxday
4497,0.9146710634231567,gextravaganza
4498,0.9612883925437927,gextravaganza
4499,0.8729729056358337,blicketbash
4500,0.6082592010498047,wugfest
4501,0.7806152105331421,daxday
4502,0.8374485373497009,gextravaganza
4503,0.8472330570220947,blicketbash
4504,0.7516997456550598,gextravaganza
4505,0.5641615986824036,fepfestival
4506,0.6811580061912537,daxday
4507,0.8429858684539795,gextravaganza
4508,0.9466024041175842,blicketbash
4509,0.7373756170272827,gextravaganza
4510,0.9560555219650269,wugfest
4511,0.950939416885376,daxday
4512,0.9552628397941589,blicketbash
4513,0.955894947052002,wugfest
4514,0.8787225484848022,wugfest
4515,0.6543810963630676,fepfestival
4516,0.8161099553108215,fepfestival
4517,0.7085970044136047,daxday
4518,0.7512442469596863,daxday
4519,0.9506935477256775,wugfest
4520,0.7424253821372986,fepfestival
4521,0.9594541788101196,wugfest
4522,0.9625686407089233,wugfest
4523,0.9631903171539307,daxday
4524,0.9266344904899597,daxday
4525,0.8894389867782593,fepfestival
4526,0.9854440093040466,blicketbash
4527,0.881805956363678,daxday
4528,0.975477933883667,wugfest
4529,0.9922484755516052,wugfest
4530,0.8849272131919861,daxday
4531,0.5811952352523804,fepfestival
4532,0.8109646439552307,daxday
4533,0.9418947100639343,daxday
4534,0.980093240737915,wugfest
4535,0.9754429459571838,blicketbash
4536,0.9800750017166138,wugfest
4537,0.8328555226325989,fepfestival
4538,0.9808267951011658,wugfest
4539,0.9719752669334412,wugfest
4540,0.8449960947036743,daxday
4541,0.8427621722221375,gextravaganza
4542,0.9884042739868164,blicketbash
4543,0.879620373249054,gextravaganza
4544,0.8634708523750305,fepfestival
4545,0.8986673355102539,gextravaganza
4546,0.9645376205444336,gextravaganza
4547,0.6867938041687012,fepfestival
4548,0.9883875250816345,blicketbash
4549,0.9697964787483215,blicketbash
4550,0.6850261688232422,daxday
4551,0.9104985594749451,daxday
4552,0.9395579099655151,wugfest
4553,0.9328162670135498,wugfest
4554,0.8662829995155334,wugfest
4555,0.8437288999557495,daxday
4556,0.9057679772377014,wugfest
4557,0.9402095079421997,blicketbash
4558,0.5237604379653931,fepfestival
4559,0.6577888131141663,blicketbash
4560,0.8153529167175293,gextravaganza
4561,0.8289772272109985,blicketbash
4562,0.6282343864440918,gextravaganza
4563,0.5809557437896729,daxday
4564,0.7318769693374634,daxday
4565,0.5633227825164795,fepfestival
4566,0.9127892255783081,blicketbash
4567,0.9695953130722046,blicketbash
4568,0.7748358249664307,gextravaganza
4569,0.7538321614265442,gextravaganza
4570,0.9450125098228455,fepfestival
4571,0.9914818406105042,wugfest
4572,0.9988003373146057,wugfest
4573,0.9486163854598999,daxday
4574,0.8497348427772522,fepfestival
4575,0.9923343658447266,wugfest
4576,0.9888333082199097,wugfest
4577,0.9876263737678528,blicketbash
4578,0.9609970450401306,daxday
4579,0.9965447783470154,daxday
4580,0.5710347294807434,wugfest
4581,0.6456297636032104,wugfest
4582,0.7483347654342651,gextravaganza
4583,0.5552204251289368,wugfest
4584,0.8530719876289368,blicketbash
4585,0.9012275338172913,blicketbash
4586,0.6601399183273315,gextravaganza
4587,0.7865237593650818,gextravaganza
4588,0.5735966563224792,daxday
4589,0.6136967539787292,daxday
4590,0.8847460746765137,wugfest
4591,0.8771785497665405,fepfestival
4592,0.9991615414619446,wugfest
4593,0.7504989504814148,daxday
4594,0.9113168120384216,fepfestival
4595,0.9984919428825378,wugfest
4596,0.9964781999588013,daxday
4597,0.9911317825317383,blicketbash
4598,0.9883971810340881,daxday
4599,0.903192400932312,wugfest
4600,0.6928797364234924,gextravaganza
4601,0.5904124975204468,fepfestival
4602,0.699924111366272,gextravaganza
4603,0.6182698011398315,daxday
4604,0.7344640493392944,blicketbash
4605,0.8669883012771606,blicketbash
4606,0.5730368494987488,daxday
4607,0.809741199016571,daxday
4608,0.7384567260742188,gextravaganza
4609,0.6108745336532593,gextravaganza
4610,0.9993894100189209,blicketbash
4611,0.9786762595176697,fepfestival
4612,0.9238947033882141,fepfestival
4613,0.9789313077926636,daxday
4614,0.9764418005943298,daxday
4615,0.9999804496765137,wugfest
4616,0.9905576705932617,wugfest
4617,0.9988118410110474,wugfest
4618,0.9981366395950317,daxday
4619,0.9782243371009827,wugfest
4620,0.9888125658035278,daxday
4621,0.9906554818153381,blicketbash
4622,0.9965644478797913,wugfest
4623,0.8764658570289612,fepfestival
4624,0.9925379157066345,wugfest
4625,0.8243525624275208,fepfestival
4626,0.963559627532959,daxday
4627,0.9953481554985046,wugfest
4628,0.9917283654212952,wugfest
4629,0.9566664695739746,daxday
4630,0.7946527004241943,fepfestival
4631,0.9087092280387878,blicketbash
4632,0.7125006914138794,fepfestival
4633,0.6356905698776245,gextravaganza
4634,0.7166339755058289,blicketbash
4635,0.8535707592964172,gextravaganza
4636,0.5802689790725708,gextravaganza
4637,0.8433049917221069,gextravaganza
4638,0.5726247429847717,daxday
4639,0.9369547367095947,blicketbash
4640,0.6914445161819458,fepfestival
4641,0.5600070357322693,fepfestival
4642,0.5133540630340576,gextravaganza
4643,0.608466386795044,blicketbash
4644,0.7102528810501099,daxday
4645,0.8840870261192322,gextravaganza
4646,0.8804481029510498,blicketbash
4647,0.7543078660964966,gextravaganza
4648,0.5448411107063293,blicketbash
4649,0.5781166553497314,gextravaganza
4650,0.9835221767425537,blicketbash
4651,0.8473756313323975,daxday
4652,0.7402946949005127,fepfestival
4653,0.9596934914588928,blicketbash
4654,0.775551438331604,gextravaganza
4655,0.7799352407455444,gextravaganza
4656,0.8203673958778381,gextravaganza
4657,0.7863720059394836,gextravaganza
4658,0.9864986538887024,blicketbash
4659,0.5328177213668823,fepfestival
4660,0.7054973840713501,fepfestival
4661,0.9746068120002747,blicketbash
4662,0.8923329710960388,gextravaganza
4663,0.6534889340400696,fepfestival
4664,0.6984248161315918,gextravaganza
4665,0.6712905168533325,gextravaganza
4666,0.6220934391021729,daxday
4667,0.5998780727386475,blicketbash
4668,0.9934104681015015,blicketbash
4669,0.9704946875572205,gextravaganza
4670,0.6318460702896118,blicketbash
4671,0.6081669330596924,wugfest
4672,0.7974919080734253,blicketbash
4673,0.5996144413948059,wugfest
4674,0.7029045820236206,blicketbash
4675,0.5580647587776184,gextravaganza
4676,0.5019891262054443,gextravaganza
4677,0.8408094048500061,gextravaganza
4678,0.6373620629310608,wugfest
4679,0.8139418363571167,daxday
4680,0.9103333353996277,daxday
4681,0.9099941253662109,fepfestival
4682,0.994854211807251,wugfest
4683,0.8015156984329224,fepfestival
4684,0.9868049621582031,wugfest
4685,0.9012708067893982,daxday
4686,0.9930185079574585,blicketbash
4687,0.9884684681892395,wugfest
4688,0.995740532875061,wugfest
4689,0.9852367043495178,daxday
4690,0.9814077615737915,wugfest
4691,0.9729858636856079,daxday
4692,0.6109888553619385,fepfestival
4693,0.7843369841575623,fepfestival
4694,0.9923104047775269,wugfest
4695,0.9716196060180664,daxday
4696,0.993985652923584,wugfest
4697,0.9455400109291077,daxday
4698,0.9956300854682922,wugfest
4699,0.9781362414360046,blicketbash
4700,0.989203155040741,wugfest
4701,0.9378179907798767,daxday
4702,0.9968591332435608,wugfest
4703,0.9910919666290283,daxday
4704,0.9931071400642395,blicketbash
4705,0.8537803888320923,fepfestival
4706,0.9852175116539001,wugfest
4707,0.9414621591567993,fepfestival
4708,0.906085193157196,daxday
4709,0.9905955791473389,wugfest
4710,0.9927314519882202,wugfest
4711,0.9963383674621582,daxday
4712,0.9938939213752747,wugfest
4713,0.9986417889595032,wugfest
4714,0.9877800941467285,wugfest
4715,0.9905437231063843,blicketbash
4716,0.8971812129020691,fepfestival
4717,0.9599979519844055,daxday
4718,0.7952979803085327,fepfestival
4719,0.9441914558410645,daxday
4720,0.5595948100090027,fepfestival
4721,0.6348327398300171,wugfest
4722,0.6990866661071777,gextravaganza
4723,0.9395617246627808,daxday
4724,0.7397003173828125,gextravaganza
4725,0.5434552431106567,fepfestival
4726,0.8628193140029907,blicketbash
4727,0.877410352230072,blicketbash
4728,0.958770751953125,wugfest
4729,0.5390806794166565,daxday
4730,0.9571290016174316,blicketbash
4731,0.8704699873924255,gextravaganza
4732,0.9914653897285461,blicketbash
4733,0.7623216509819031,fepfestival
4734,0.7818554639816284,gextravaganza
4735,0.8030962944030762,fepfestival
4736,0.6531575918197632,daxday
4737,0.8576961755752563,gextravaganza
4738,0.9477052092552185,gextravaganza
4739,0.7046512365341187,blicketbash
4740,0.5428380966186523,wugfest
4741,0.7925733327865601,daxday
4742,0.8191033601760864,gextravaganza
4743,0.9046784043312073,blicketbash
4744,0.7010126709938049,gextravaganza
4745,0.6163564324378967,daxday
4746,0.6630887389183044,daxday
4747,0.8612638711929321,gextravaganza
4748,0.9048033952713013,blicketbash
4749,0.875818133354187,gextravaganza
4750,0.9956612586975098,wugfest
4751,0.9780139327049255,daxday
4752,0.991278886795044,blicketbash
4753,0.9757353663444519,wugfest
4754,0.9811202883720398,wugfest
4755,0.7924222350120544,fepfestival
4756,0.9267584681510925,fepfestival
4757,0.9043829441070557,daxday
4758,0.9281054139137268,daxday
4759,0.9739706516265869,wugfest
4760,0.8732621669769287,fepfestival
4761,0.9965572953224182,wugfest
4762,0.996079683303833,wugfest
4763,0.9967203736305237,daxday
4764,0.9787960052490234,daxday
4765,0.975746214389801,fepfestival
4766,0.9962283968925476,blicketbash
4767,0.984119713306427,daxday
4768,0.9953146576881409,wugfest
4769,0.9994301795959473,wugfest
4770,0.9589166045188904,daxday
4771,0.8522828817367554,fepfestival
4772,0.9182993173599243,daxday
4773,0.9948168992996216,daxday
4774,0.9971965551376343,wugfest
4775,0.994701623916626,blicketbash
4776,0.9983928203582764,wugfest
4777,0.9662893414497375,fepfestival
4778,0.9977145791053772,wugfest
4779,0.9923885464668274,wugfest
4780,0.8148469924926758,daxday
4781,0.8611279726028442,gextravaganza
4782,0.9821276664733887,blicketbash
4783,0.8256458044052124,gextravaganza
4784,0.8625880479812622,fepfestival
4785,0.8546875715255737,gextravaganza
4786,0.9745053648948669,gextravaganza
4787,0.6554344296455383,fepfestival
4788,0.9832581281661987,blicketbash
4789,0.9440211057662964,blicketbash
4790,0.8945921063423157,daxday
4791,0.9663327932357788,daxday
4792,0.9883167147636414,wugfest
4793,0.9923949837684631,wugfest
4794,0.9890643954277039,wugfest
4795,0.922892153263092,daxday
4796,0.9665601253509521,wugfest
4797,0.9807824492454529,blicketbash
4798,0.5938641428947449,fepfestival
4799,0.5730352997779846,fepfestival
4800,0.7010719776153564,gextravaganza
4801,0.6331962943077087,blicketbash
4802,0.5025415420532227,gextravaganza
4803,0.6482816934585571,daxday
4804,0.6046625375747681,daxday
4805,0.5799338221549988,wugfest
4806,0.8604212999343872,blicketbash
4807,0.8915731310844421,blicketbash
4808,0.6703267693519592,gextravaganza
4809,0.7031872868537903,gextravaganza
4810,0.6634738445281982,fepfestival
4811,0.9792274832725525,wugfest
4812,0.9946026802062988,wugfest
4813,0.8594130873680115,daxday
4814,0.6846360564231873,fepfestival
4815,0.9684014320373535,wugfest
4816,0.9538936614990234,wugfest
4817,0.9759106636047363,blicketbash
4818,0.9014244675636292,daxday
4819,0.9901924133300781,daxday
4820,0.5532189607620239,wugfest
4821,0.7512913942337036,wugfest
4822,0.6755615472793579,gextravaganza
4823,0.708890974521637,wugfest
4824,0.6853452920913696,blicketbash
4825,0.8783342242240906,blicketbash
4826,0.6125757694244385,gextravaganza
4827,0.6939700841903687,gextravaganza
4828,0.5944843292236328,daxday
4829,0.5507245063781738,daxday
4830,0.8945620656013489,wugfest
4831,0.6826556324958801,fepfestival
4832,0.9944182634353638,wugfest
4833,0.5247747898101807,gextravaganza
4834,0.7533369064331055,fepfestival
4835,0.9888518452644348,wugfest
4836,0.9770767092704773,daxday
4837,0.9845481514930725,blicketbash
4838,0.9550505876541138,daxday
4839,0.8761388659477234,wugfest
4840,0.6809548735618591,blicketbash
4841,0.6400884389877319,wugfest
4842,0.7173068523406982,gextravaganza
4843,0.6622848510742188,daxday
4844,0.6388709545135498,blicketbash
4845,0.7796298861503601,blicketbash
4846,0.6633483171463013,daxday
4847,0.8958669304847717,daxday
4848,0.7298709154129028,gextravaganza
4849,0.5058664083480835,wugfest
4850,0.9997811913490295,blicketbash
4851,0.9855921864509583,fepfestival
4852,0.9904332160949707,fepfestival
4853,0.9737996459007263,daxday
4854,0.9886715412139893,daxday
4855,0.9999980926513672,wugfest
4856,0.996062159538269,wugfest
4857,0.9997583627700806,wugfest
4858,0.9957596659660339,daxday
4859,0.985955536365509,wugfest
4860,0.9457305669784546,daxday
4861,0.9856479167938232,blicketbash
4862,0.9863453507423401,wugfest
4863,0.5984153151512146,fepfestival
4864,0.9683725833892822,wugfest
4865,0.7444650530815125,fepfestival
4866,0.8488759994506836,daxday
4867,0.9828460812568665,wugfest
4868,0.9772436022758484,wugfest
4869,0.9265532493591309,daxday
4870,0.7611123919487,fepfestival
4871,0.9097850918769836,blicketbash
4872,0.7083640098571777,fepfestival
4873,0.6156129240989685,gextravaganza
4874,0.6161769032478333,blicketbash
4875,0.8676832914352417,gextravaganza
4876,0.7076675891876221,gextravaganza
4877,0.8604598641395569,gextravaganza
4878,0.6874334216117859,daxday
4879,0.9545031189918518,blicketbash
4880,0.5645602345466614,fepfestival
4881,0.6314839720726013,wugfest
4882,0.5351153016090393,wugfest
4883,0.533484160900116,wugfest
4884,0.583258867263794,daxday
4885,0.7555196285247803,gextravaganza
4886,0.8295656442642212,blicketbash
4887,0.633058488368988,gextravaganza
4888,0.5702604055404663,daxday
4889,0.5408759713172913,daxday
4890,0.9825219511985779,blicketbash
4891,0.7478533983230591,daxday
4892,0.6762732267379761,fepfestival
4893,0.957398533821106,blicketbash
4894,0.7867333889007568,gextravaganza
4895,0.6490483283996582,gextravaganza
4896,0.6753219366073608,gextravaganza
4897,0.6709703207015991,gextravaganza
4898,0.983729898929596,blicketbash
4899,0.5349997878074646,daxday
4900,0.6466530561447144,fepfestival
4901,0.9905834794044495,blicketbash
4902,0.8397250175476074,gextravaganza
4903,0.5296789407730103,wugfest
4904,0.6747910976409912,gextravaganza
4905,0.7420399785041809,gextravaganza
4906,0.6963374018669128,daxday
4907,0.5766638517379761,daxday
4908,0.9933924078941345,blicketbash
4909,0.979712188243866,gextravaganza
4910,0.5188222527503967,wugfest
4911,0.7530908584594727,wugfest
4912,0.7239006757736206,blicketbash
4913,0.6537028551101685,wugfest
4914,0.5092456340789795,daxday
4915,0.5323578715324402,daxday
4916,0.5848223567008972,blicketbash
4917,0.7319728136062622,gextravaganza
4918,0.6361722946166992,wugfest
4919,0.836861789226532,daxday
4920,0.8483583927154541,daxday
4921,0.7433076500892639,fepfestival
4922,0.9758783578872681,wugfest
4923,0.7727285027503967,fepfestival
4924,0.9594725966453552,wugfest
4925,0.7783849835395813,daxday
4926,0.9827144742012024,blicketbash
4927,0.9624482989311218,wugfest
4928,0.9805190563201904,wugfest
4929,0.9716164469718933,daxday
4930,0.9536079168319702,wugfest
4931,0.9031721949577332,daxday
4932,0.5694671869277954,fepfestival
4933,0.6900803446769714,fepfestival
4934,0.9544352293014526,wugfest
4935,0.938576340675354,daxday
4936,0.9686942100524902,wugfest
4937,0.8764076232910156,daxday
4938,0.9807443022727966,wugfest
4939,0.9636922478675842,blicketbash
4940,0.9755409359931946,wugfest
4941,0.9133201837539673,daxday
4942,0.9943482875823975,wugfest
4943,0.9642844796180725,daxday
4944,0.9785013198852539,blicketbash
4945,0.7814993262290955,fepfestival
4946,0.9430479407310486,wugfest
4947,0.8883905410766602,fepfestival
4948,0.8626379370689392,daxday
4949,0.9726694822311401,wugfest
4950,0.9735826849937439,wugfest
4951,0.9814435839653015,daxday
4952,0.951259195804596,wugfest
4953,0.9910086989402771,wugfest
4954,0.9400500059127808,wugfest
4955,0.986670970916748,blicketbash
4956,0.7277010083198547,fepfestival
4957,0.8718690872192383,daxday
4958,0.7876999378204346,fepfestival
4959,0.8911111354827881,daxday
4960,0.5263702273368835,daxday
4961,0.741221010684967,wugfest
4962,0.6802150011062622,gextravaganza
4963,0.8822376728057861,daxday
4964,0.675693154335022,gextravaganza
4965,0.5980547070503235,wugfest
4966,0.8836840987205505,blicketbash
4967,0.7307178974151611,blicketbash
4968,0.9645145535469055,wugfest
4969,0.5356292128562927,wugfest
4970,0.92288738489151,blicketbash
4971,0.8160509467124939,gextravaganza
4972,0.9486491680145264,blicketbash
4973,0.6275695562362671,fepfestival
4974,0.5102053284645081,blicketbash
4975,0.7452540993690491,fepfestival
4976,0.6388471126556396,daxday
4977,0.8521978855133057,gextravaganza
4978,0.9009655714035034,gextravaganza
4979,0.5492876768112183,blicketbash
4980,0.688312292098999,wugfest
4981,0.6428636908531189,daxday
4982,0.7368955612182617,gextravaganza
4983,0.9109585285186768,blicketbash
4984,0.6161544919013977,gextravaganza
4985,0.5796903371810913,daxday
4986,0.7255292534828186,daxday
4987,0.7659573554992676,gextravaganza
4988,0.8898147940635681,blicketbash
4989,0.7592304944992065,gextravaganza
4990,0.9644310474395752,wugfest
4991,0.9400092959403992,daxday
4992,0.9682075381278992,blicketbash
4993,0.9676579236984253,wugfest
4994,0.9276219606399536,wugfest
4995,0.684074342250824,fepfestival
4996,0.8022395372390747,fepfestival
4997,0.8346357941627502,daxday
4998,0.8480784296989441,daxday
4999,0.9394768476486206,wugfest
5000,0.700268566608429,fepfestival
5001,0.9804449677467346,wugfest
5002,0.9692327976226807,wugfest
5003,0.974378228187561,daxday
5004,0.9530576467514038,daxday
5005,0.9231641888618469,fepfestival
5006,0.9883881211280823,blicketbash
5007,0.9349477291107178,daxday
5008,0.9841744899749756,wugfest
5009,0.9974351525306702,wugfest
5010,0.9086921215057373,daxday
5011,0.6638791561126709,fepfestival
5012,0.881069004535675,daxday
5013,0.962902843952179,daxday
5014,0.989355206489563,wugfest
5015,0.9922984838485718,blicketbash
5016,0.9878312945365906,wugfest
5017,0.8887286186218262,fepfestival
5018,0.9910656809806824,wugfest
5019,0.9713945388793945,wugfest
5020,0.7114192247390747,daxday
5021,0.7515074610710144,gextravaganza
5022,0.9454476833343506,blicketbash
5023,0.774700939655304,gextravaganza
5024,0.6546266078948975,fepfestival
5025,0.7961938977241516,gextravaganza
5026,0.8188474178314209,gextravaganza
5027,0.5973269939422607,fepfestival
5028,0.9796072244644165,blicketbash
5029,0.8757323026657104,blicketbash
5030,0.7949029207229614,daxday
5031,0.9072685241699219,daxday
5032,0.9562296867370605,wugfest
5033,0.9553672075271606,wugfest
5034,0.9571436047554016,wugfest
5035,0.8682600855827332,daxday
5036,0.93333500623703,wugfest
5037,0.9778451323509216,blicketbash
5038,0.6039445400238037,fepfestival
5039,0.6467288732528687,blicketbash
5040,0.8089805841445923,gextravaganza
5041,0.8989884853363037,blicketbash
5042,0.8745557069778442,gextravaganza
5043,0.6373421549797058,fepfestival
5044,0.8355401754379272,daxday
5045,0.7391499876976013,fepfestival
5046,0.7906943559646606,blicketbash
5047,0.9929187297821045,blicketbash
5048,0.8958426713943481,gextravaganza
5049,0.7969775795936584,gextravaganza
5050,0.9598667621612549,fepfestival
5051,0.994208574295044,wugfest
5052,0.9997119903564453,wugfest
5053,0.9660038352012634,daxday
5054,0.8303996920585632,fepfestival
5055,0.9936466217041016,wugfest
5056,0.9927658438682556,wugfest
5057,0.9887407422065735,blicketbash
5058,0.9814382195472717,daxday
5059,0.998802900314331,daxday
5060,0.551307201385498,blicketbash
5061,0.6851251721382141,wugfest
5062,0.9070625305175781,gextravaganza
5063,0.5645691752433777,wugfest
5064,0.8413735628128052,blicketbash
5065,0.8537780046463013,blicketbash
5066,0.5901771783828735,gextravaganza
5067,0.7627831697463989,gextravaganza
5068,0.5587148070335388,daxday
5069,0.6848427057266235,daxday
5070,0.8998812437057495,wugfest
5071,0.9484472870826721,fepfestival
5072,0.9998407959938049,wugfest
5073,0.6652182340621948,daxday
5074,0.9808074235916138,fepfestival
5075,0.9993796944618225,wugfest
5076,0.9987622499465942,daxday
5077,0.9926141500473022,blicketbash
5078,0.9931925535202026,daxday
5079,0.7716468572616577,wugfest
5080,0.7722923755645752,gextravaganza
5081,0.6803710460662842,fepfestival
5082,0.7685390710830688,gextravaganza
5083,0.7157764434814453,daxday
5084,0.7615832090377808,blicketbash
5085,0.9667611122131348,blicketbash
5086,0.5630946159362793,fepfestival
5087,0.6990881562232971,daxday
5088,0.7753145694732666,gextravaganza
5089,0.7326787710189819,gextravaganza
5090,0.9983665943145752,blicketbash
5091,0.974327802658081,fepfestival
5092,0.9798567295074463,fepfestival
5093,0.9581710696220398,daxday
5094,0.9871088266372681,daxday
5095,0.9999939799308777,wugfest
5096,0.9818593859672546,wugfest
5097,0.9996368288993835,wugfest
5098,0.9983761310577393,daxday
5099,0.9775570631027222,wugfest
5100,0.9942471385002136,daxday
5101,0.9955267906188965,blicketbash
5102,0.9984059929847717,wugfest
5103,0.9218113422393799,fepfestival
5104,0.9931445717811584,wugfest
5105,0.9155232310295105,fepfestival
5106,0.9785279631614685,daxday
5107,0.9975243210792542,wugfest
5108,0.9924212098121643,wugfest
5109,0.9717443585395813,daxday
5110,0.7182921171188354,fepfestival
5111,0.9226632118225098,blicketbash
5112,0.839208722114563,fepfestival
5113,0.6693146824836731,gextravaganza
5114,0.7533953189849854,blicketbash
5115,0.8570907115936279,gextravaganza
5116,0.798115074634552,gextravaganza
5117,0.9278313517570496,gextravaganza
5118,0.6723350882530212,daxday
5119,0.9401915073394775,blicketbash
5120,0.636728823184967,fepfestival
5121,0.7887983918190002,fepfestival
5122,0.7850455641746521,gextravaganza
5123,0.6980443000793457,blicketbash
5124,0.7891424894332886,daxday
5125,0.8495342135429382,gextravaganza
5126,0.8106251955032349,blicketbash
5127,0.875071108341217,gextravaganza
5128,0.6475523710250854,blicketbash
5129,0.7496651411056519,gextravaganza
5130,0.9933726787567139,blicketbash
5131,0.9024203419685364,daxday
5132,0.9282084107398987,fepfestival
5133,0.9944964051246643,blicketbash
5134,0.9070321321487427,gextravaganza
5135,0.9282017350196838,gextravaganza
5136,0.8919684886932373,gextravaganza
5137,0.878718912601471,gextravaganza
5138,0.9924657344818115,blicketbash
5139,0.7207648754119873,fepfestival
5140,0.7234547138214111,fepfestival
5141,0.9929213523864746,blicketbash
5142,0.938062310218811,gextravaganza
5143,0.7276725769042969,fepfestival
5144,0.8470675945281982,gextravaganza
5145,0.7426187992095947,gextravaganza
5146,0.627400279045105,daxday
5147,0.779047966003418,blicketbash
5148,0.9952729344367981,blicketbash
5149,0.988885760307312,gextravaganza
5150,0.7262256741523743,blicketbash
5151,0.6243996024131775,wugfest
5152,0.8396796584129333,blicketbash
5153,0.5688270330429077,gextravaganza
5154,0.6614406704902649,blicketbash
5155,0.5379664897918701,gextravaganza
5156,0.67071533203125,gextravaganza
5157,0.8391287326812744,gextravaganza
5158,0.5988098382949829,wugfest
5159,0.626431405544281,daxday
5160,0.9512568116188049,daxday
5161,0.9438983201980591,fepfestival
5162,0.996399462223053,wugfest
5163,0.8052873015403748,fepfestival
5164,0.9854252934455872,wugfest
5165,0.9282789826393127,daxday
5166,0.9914177060127258,blicketbash
5167,0.9918316602706909,wugfest
5168,0.9971996545791626,wugfest
5169,0.9928667545318604,daxday
5170,0.9824089407920837,wugfest
5171,0.9937929511070251,daxday
5172,0.9120967388153076,fepfestival
5173,0.8218414783477783,fepfestival
5174,0.9909212589263916,wugfest
5175,0.987775981426239,daxday
5176,0.9930093288421631,wugfest
5177,0.9402649998664856,daxday
5178,0.9977999925613403,wugfest
5179,0.9854962229728699,blicketbash
5180,0.9895475506782532,wugfest
5181,0.9424256086349487,daxday
5182,0.9982790350914001,wugfest
5183,0.9886761903762817,daxday
5184,0.9844227433204651,blicketbash
5185,0.8842169046401978,fepfestival
5186,0.9857393503189087,wugfest
5187,0.959601879119873,fepfestival
5188,0.9504774212837219,daxday
5189,0.9956875443458557,wugfest
5190,0.994982898235321,wugfest
5191,0.9985340237617493,daxday
5192,0.9936336278915405,wugfest
5193,0.9992530941963196,wugfest
5194,0.9888445138931274,wugfest
5195,0.9938334226608276,blicketbash
5196,0.9334991574287415,fepfestival
5197,0.9606220722198486,daxday
5198,0.7999878525733948,fepfestival
5199,0.9515581130981445,daxday
5200,0.6221514344215393,fepfestival
5201,0.6048779487609863,wugfest
5202,0.7854263782501221,gextravaganza
5203,0.8941472768783569,daxday
5204,0.7754114866256714,gextravaganza
5205,0.665971577167511,fepfestival
5206,0.7335025072097778,blicketbash
5207,0.9376330375671387,blicketbash
5208,0.9525756239891052,wugfest
5209,0.6898481845855713,daxday
5210,0.9862046241760254,blicketbash
5211,0.9083954095840454,gextravaganza
5212,0.9665694832801819,blicketbash
5213,0.7822296619415283,fepfestival
5214,0.7718858122825623,gextravaganza
5215,0.8504124879837036,fepfestival
5216,0.8542017936706543,daxday
5217,0.9513583183288574,gextravaganza
5218,0.9680396318435669,gextravaganza
5219,0.8419215083122253,blicketbash
5220,0.5876098275184631,wugfest
5221,0.8422037959098816,daxday
5222,0.9258370399475098,gextravaganza
5223,0.9725111722946167,blicketbash
5224,0.8255110383033752,gextravaganza
5225,0.6033786535263062,fepfestival
5226,0.7163723707199097,daxday
5227,0.8959479331970215,gextravaganza
5228,0.9840801358222961,blicketbash
5229,0.9200681447982788,gextravaganza
5230,0.9953516721725464,wugfest
5231,0.9865554571151733,daxday
5232,0.9818584322929382,blicketbash
5233,0.9793340563774109,wugfest
5234,0.9780646562576294,wugfest
5235,0.835577666759491,fepfestival
5236,0.9762130975723267,fepfestival
5237,0.9226548075675964,daxday
5238,0.9302318692207336,daxday
5239,0.9844047427177429,wugfest
5240,0.8407983183860779,fepfestival
5241,0.9977898597717285,wugfest
5242,0.9971107244491577,wugfest
5243,0.9962936639785767,daxday
5244,0.9773527979850769,daxday
5245,0.9856056571006775,fepfestival
5246,0.9939907193183899,blicketbash
5247,0.9851528406143188,daxday
5248,0.9970391988754272,wugfest
5249,0.9998392462730408,wugfest
5250,0.9766586422920227,daxday
5251,0.9244279861450195,fepfestival
5252,0.9845278859138489,daxday
5253,0.9932164549827576,daxday
5254,0.9971981048583984,wugfest
5255,0.9959467053413391,blicketbash
5256,0.9992018938064575,wugfest
5257,0.9885002970695496,fepfestival
5258,0.9985470175743103,wugfest
5259,0.9979469776153564,wugfest
5260,0.8895806670188904,daxday
5261,0.9468062520027161,gextravaganza
5262,0.9925862550735474,blicketbash
5263,0.9164784550666809,gextravaganza
5264,0.8876311779022217,fepfestival
5265,0.9376544952392578,gextravaganza
5266,0.9809982180595398,gextravaganza
5267,0.7279108166694641,fepfestival
5268,0.9914599061012268,blicketbash
5269,0.9927554726600647,blicketbash
5270,0.9510964155197144,daxday
5271,0.9812225103378296,daxday
5272,0.9913546442985535,wugfest
5273,0.9881394505500793,wugfest
5274,0.9922444820404053,wugfest
5275,0.9567034840583801,daxday
5276,0.9744657874107361,wugfest
5277,0.991478443145752,blicketbash
5278,0.5955849885940552,fepfestival
5279,0.8679123520851135,fepfestival
5280,0.6679133176803589,gextravaganza
5281,0.8464837074279785,blicketbash
5282,0.7971317172050476,gextravaganza
5283,0.5181978344917297,daxday
5284,0.7597373723983765,daxday
5285,0.6310481429100037,fepfestival
5286,0.872506856918335,blicketbash
5287,0.9780533909797668,blicketbash
5288,0.8646965026855469,gextravaganza
5289,0.7442343235015869,gextravaganza
5290,0.8146463632583618,fepfestival
5291,0.966887891292572,wugfest
5292,0.9932278394699097,wugfest
5293,0.7907413244247437,daxday
5294,0.6356531977653503,fepfestival
5295,0.9402982592582703,wugfest
5296,0.9551834464073181,wugfest
5297,0.9695416688919067,blicketbash
5298,0.897813081741333,daxday
5299,0.9844661951065063,daxday
5300,0.5231003165245056,wugfest
5301,0.6211947798728943,wugfest
5302,0.7333377599716187,gextravaganza
5303,0.6510340571403503,wugfest
5304,0.5510436296463013,blicketbash
5305,0.7808954119682312,blicketbash
5306,0.6330699920654297,gextravaganza
5307,0.6951460838317871,gextravaganza
5308,0.6057762503623962,daxday
5309,0.6436297297477722,daxday
5310,0.8547032475471497,wugfest
5311,0.702877402305603,fepfestival
5312,0.9969119429588318,wugfest
5313,0.6375749111175537,gextravaganza
5314,0.9314286112785339,fepfestival
5315,0.9908186793327332,wugfest
5316,0.992584764957428,daxday
5317,0.9726165533065796,blicketbash
5318,0.964478075504303,daxday
5319,0.6181304454803467,wugfest
5320,0.6859880089759827,gextravaganza
5321,0.5613983869552612,wugfest
5322,0.6793047189712524,gextravaganza
5323,0.6684761047363281,daxday
5324,0.6256403923034668,blicketbash
5325,0.8998885750770569,blicketbash
5326,0.5434808731079102,daxday
5327,0.7316831350326538,daxday
5328,0.7251250743865967,gextravaganza
5329,0.6817299127578735,gextravaganza
5330,0.9995412826538086,blicketbash
5331,0.9899314641952515,fepfestival
5332,0.984130322933197,fepfestival
5333,0.966744601726532,daxday
5334,0.9950352311134338,daxday
5335,0.9999982118606567,wugfest
5336,0.9805007576942444,wugfest
5337,0.99973464012146,wugfest
5338,0.9968143105506897,daxday
5339,0.9609338641166687,wugfest
5340,0.962148904800415,daxday
5341,0.984417200088501,blicketbash
5342,0.9787753224372864,wugfest
5343,0.8101578950881958,fepfestival
5344,0.9499399065971375,wugfest
5345,0.6947150826454163,fepfestival
5346,0.8934587836265564,daxday
5347,0.9784038066864014,wugfest
5348,0.9578782320022583,wugfest
5349,0.9155643582344055,daxday
5350,0.8420729637145996,fepfestival
5351,0.9887110590934753,blicketbash
5352,0.8385723829269409,fepfestival
5353,0.84524005651474,gextravaganza
5354,0.7303537726402283,blicketbash
5355,0.8895149827003479,gextravaganza
5356,0.8456863760948181,gextravaganza
5357,0.9305437803268433,gextravaganza
5358,0.8592881560325623,daxday
5359,0.9632059335708618,blicketbash
5360,0.6488175392150879,fepfestival
5361,0.5447221398353577,fepfestival
5362,0.5850802659988403,gextravaganza
5363,0.5669381618499756,blicketbash
5364,0.7081543207168579,daxday
5365,0.8149713277816772,gextravaganza
5366,0.8281790614128113,blicketbash
5367,0.8263131380081177,gextravaganza
5368,0.5394647717475891,daxday
5369,0.6571835279464722,gextravaganza
5370,0.9921337962150574,blicketbash
5371,0.8314512968063354,daxday
5372,0.7439113259315491,fepfestival
5373,0.9869292378425598,blicketbash
5374,0.8427088856697083,gextravaganza
5375,0.8728487491607666,gextravaganza
5376,0.881966769695282,gextravaganza
5377,0.7686243653297424,gextravaganza
5378,0.9893852472305298,blicketbash
5379,0.5779410600662231,fepfestival
5380,0.8268836736679077,fepfestival
5381,0.993645191192627,blicketbash
5382,0.9539239406585693,gextravaganza
5383,0.8267056345939636,fepfestival
5384,0.8421132564544678,gextravaganza
5385,0.8887646198272705,gextravaganza
5386,0.7673996686935425,daxday
5387,0.7651815414428711,blicketbash
5388,0.995952844619751,blicketbash
5389,0.9858174324035645,gextravaganza
5390,0.7091407775878906,blicketbash
5391,0.6763009428977966,wugfest
5392,0.6314386129379272,blicketbash
5393,0.5151389837265015,gextravaganza
5394,0.519544243812561,blicketbash
5395,0.5513941645622253,gextravaganza
5396,0.5853899717330933,gextravaganza
5397,0.7645296454429626,gextravaganza
5398,0.6419789791107178,wugfest
5399,0.6812254190444946,daxday
5400,0.8306758403778076,daxday
5401,0.7774559855461121,fepfestival
5402,0.9686432480812073,wugfest
5403,0.6943889260292053,fepfestival
5404,0.9119659066200256,wugfest
5405,0.7489139437675476,daxday
5406,0.9821211695671082,blicketbash
5407,0.9552903175354004,wugfest
5408,0.9807596206665039,wugfest
5409,0.9603128433227539,daxday
5410,0.9462669491767883,wugfest
5411,0.8849292397499084,daxday
5412,0.6874009966850281,fepfestival
5413,0.651282787322998,fepfestival
5414,0.932289183139801,wugfest
5415,0.9764013886451721,daxday
5416,0.9566071629524231,wugfest
5417,0.8839825987815857,daxday
5418,0.9788855910301208,wugfest
5419,0.9209818243980408,blicketbash
5420,0.9626271724700928,wugfest
5421,0.8602395057678223,daxday
5422,0.9924365878105164,wugfest
5423,0.9676544666290283,daxday
5424,0.9314621686935425,blicketbash
5425,0.6857262253761292,fepfestival
5426,0.939852774143219,wugfest
5427,0.8541128635406494,fepfestival
5428,0.7819533944129944,daxday
5429,0.9548386931419373,wugfest
5430,0.9750754237174988,wugfest
5431,0.972080409526825,daxday
5432,0.9590370655059814,wugfest
5433,0.9910861849784851,wugfest
5434,0.9197774529457092,wugfest
5435,0.9674471616744995,blicketbash
5436,0.7557340860366821,fepfestival
5437,0.8663906455039978,daxday
5438,0.6191027164459229,fepfestival
5439,0.8374481201171875,daxday
5440,0.5265668630599976,daxday
5441,0.6395323872566223,wugfest
5442,0.7005683779716492,gextravaganza
5443,0.9007562398910522,daxday
5444,0.6303408145904541,gextravaganza
5445,0.5451804995536804,fepfestival
5446,0.8754497766494751,blicketbash
5447,0.8627086877822876,blicketbash
5448,0.9389396905899048,wugfest
5449,0.6309419274330139,daxday
5450,0.986573338508606,blicketbash
5451,0.9187055230140686,gextravaganza
5452,0.9733638167381287,blicketbash
5453,0.7999147176742554,fepfestival
5454,0.8434731960296631,gextravaganza
5455,0.8868929147720337,fepfestival
5456,0.7839757204055786,daxday
5457,0.9512149691581726,gextravaganza
5458,0.9535892605781555,gextravaganza
5459,0.8143160939216614,blicketbash
5460,0.6366187930107117,wugfest
5461,0.737236499786377,daxday
5462,0.7873274683952332,gextravaganza
5463,0.8686252236366272,blicketbash
5464,0.7149467468261719,gextravaganza
5465,0.5019873976707458,daxday
5466,0.7436221241950989,daxday
5467,0.8067194819450378,gextravaganza
5468,0.9172245860099792,blicketbash
5469,0.8303525447845459,gextravaganza
5470,0.9639549255371094,wugfest
5471,0.9173995852470398,daxday
5472,0.9463533163070679,blicketbash
5473,0.9153888821601868,wugfest
5474,0.8732250332832336,wugfest
5475,0.5794844031333923,fepfestival
5476,0.8503010869026184,fepfestival
5477,0.7781975865364075,daxday
5478,0.836469292640686,daxday
5479,0.9373218417167664,wugfest
5480,0.6297169923782349,fepfestival
5481,0.9721923470497131,wugfest
5482,0.9728438258171082,wugfest
5483,0.9795305132865906,daxday
5484,0.9130167365074158,daxday
5485,0.9364874362945557,fepfestival
5486,0.987148106098175,blicketbash
5487,0.9150983095169067,daxday
5488,0.9749122858047485,wugfest
5489,0.9972319006919861,wugfest
5490,0.8812858462333679,daxday
5491,0.6116276383399963,fepfestival
5492,0.8686126470565796,daxday
5493,0.9725046753883362,daxday
5494,0.9789389967918396,wugfest
5495,0.9754162430763245,blicketbash
5496,0.9897582530975342,wugfest
5497,0.8515442609786987,fepfestival
5498,0.9877203702926636,wugfest
5499,0.9708073139190674,wugfest
5500,0.8214813470840454,daxday
5501,0.8431376218795776,gextravaganza
5502,0.9724542498588562,blicketbash
5503,0.8658326268196106,gextravaganza
5504,0.8192962408065796,fepfestival
5505,0.9099768400192261,gextravaganza
5506,0.967194139957428,gextravaganza
5507,0.6927235126495361,fepfestival
5508,0.9788644313812256,blicketbash
5509,0.9179202318191528,blicketbash
5510,0.739074170589447,daxday
5511,0.877008318901062,daxday
5512,0.9502375721931458,wugfest
5513,0.9524551033973694,wugfest
5514,0.9237444996833801,wugfest
5515,0.8250873684883118,daxday
5516,0.9193736910820007,wugfest
5517,0.9740009903907776,blicketbash
5518,0.5227681398391724,gextravaganza
5519,0.5587250590324402,fepfestival
5520,0.8232767581939697,gextravaganza
5521,0.9102855324745178,blicketbash
5522,0.8676615357398987,gextravaganza
5523,0.5416829586029053,fepfestival
5524,0.7908333539962769,daxday
5525,0.6466852426528931,fepfestival
5526,0.911901593208313,blicketbash
5527,0.9912548661231995,blicketbash
5528,0.9197852611541748,gextravaganza
5529,0.8136964440345764,gextravaganza
5530,0.9653341174125671,fepfestival
5531,0.9954090714454651,wugfest
5532,0.9996402859687805,wugfest
5533,0.9571405649185181,daxday
5534,0.7547670006752014,fepfestival
5535,0.9888179302215576,wugfest
5536,0.9924646019935608,wugfest
5537,0.9887981414794922,blicketbash
5538,0.9667030572891235,daxday
5539,0.9979362487792969,daxday
5540,0.5882116556167603,blicketbash
5541,0.6113686561584473,wugfest
5542,0.8687236309051514,gextravaganza
5543,0.6044787764549255,wugfest
5544,0.8315677046775818,blicketbash
5545,0.8816438913345337,blicketbash
5546,0.6411006450653076,gextravaganza
5547,0.752078652381897,gextravaganza
5548,0.5296709537506104,fepfestival
5549,0.6858235597610474,daxday
5550,0.8832911849021912,wugfest
5551,0.9306119680404663,fepfestival
5552,0.9996453523635864,wugfest
5553,0.828252911567688,daxday
5554,0.9582290053367615,fepfestival
5555,0.9986769556999207,wugfest
5556,0.997394323348999,daxday
5557,0.9911160469055176,blicketbash
5558,0.9908058643341064,daxday
5559,0.8074730634689331,wugfest
5560,0.8632853627204895,gextravaganza
5561,0.7008411884307861,fepfestival
5562,0.8453689813613892,gextravaganza
5563,0.7762699127197266,daxday
5564,0.8610023856163025,blicketbash
5565,0.9205758571624756,blicketbash
5566,0.5326704978942871,fepfestival
5567,0.743242621421814,daxday
5568,0.8284683227539062,gextravaganza
5569,0.7699799537658691,gextravaganza
5570,0.9990761876106262,blicketbash
5571,0.9740282297134399,fepfestival
5572,0.9764129519462585,fepfestival
5573,0.9831897020339966,daxday
5574,0.9890293478965759,daxday
5575,0.9999890923500061,wugfest
5576,0.9839502573013306,wugfest
5577,0.9998562932014465,wugfest
5578,0.9950197339057922,daxday
5579,0.9825720191001892,wugfest
5580,0.9901172518730164,daxday
5581,0.9897452592849731,blicketbash
5582,0.9979070425033569,wugfest
5583,0.9528266191482544,fepfestival
5584,0.9942625761032104,wugfest
5585,0.7890059947967529,fepfestival
5586,0.96902996301651,daxday
5587,0.9976667761802673,wugfest
5588,0.9943304061889648,wugfest
5589,0.9758968949317932,daxday
5590,0.7579832077026367,fepfestival
5591,0.9592337608337402,blicketbash
5592,0.7481379508972168,fepfestival
5593,0.7759097814559937,gextravaganza
5594,0.8066210746765137,blicketbash
5595,0.8481693267822266,gextravaganza
5596,0.7052044868469238,gextravaganza
5597,0.9177712798118591,gextravaganza
5598,0.7223381996154785,daxday
5599,0.9568366408348083,blicketbash
5600,0.6807470321655273,fepfestival
5601,0.6957499384880066,fepfestival
5602,0.805271565914154,gextravaganza
5603,0.7677298188209534,blicketbash
5604,0.7331181764602661,daxday
5605,0.894189715385437,gextravaganza
5606,0.8887710571289062,blicketbash
5607,0.8205006122589111,gextravaganza
5608,0.8447396755218506,blicketbash
5609,0.7409251928329468,gextravaganza
5610,0.9955180287361145,blicketbash
5611,0.8966323137283325,daxday
5612,0.9295646548271179,fepfestival
5613,0.9920799136161804,blicketbash
5614,0.9052940607070923,gextravaganza
5615,0.9620897173881531,gextravaganza
5616,0.8813514709472656,gextravaganza
5617,0.8262549638748169,gextravaganza
5618,0.9961807131767273,blicketbash
5619,0.7212674021720886,fepfestival
5620,0.7112776637077332,fepfestival
5621,0.9896256923675537,blicketbash
5622,0.9252138137817383,gextravaganza
5623,0.6943901777267456,fepfestival
5624,0.8779021501541138,gextravaganza
5625,0.8652915954589844,gextravaganza
5626,0.6251594424247742,daxday
5627,0.7007580995559692,blicketbash
5628,0.9989763498306274,blicketbash
5629,0.9892129898071289,gextravaganza
5630,0.799414873123169,blicketbash
5631,0.5004324316978455,wugfest
5632,0.8762996196746826,blicketbash
5633,0.5588001012802124,gextravaganza
5634,0.6280593276023865,blicketbash
5635,0.5809953212738037,gextravaganza
5636,0.5922564268112183,gextravaganza
5637,0.824120044708252,gextravaganza
5638,0.5808658003807068,wugfest
5639,0.6571138501167297,daxday
5640,0.9592236876487732,daxday
5641,0.9338826537132263,fepfestival
5642,0.9961360096931458,wugfest
5643,0.797785758972168,fepfestival
5644,0.9826700091362,wugfest
5645,0.9059500694274902,daxday
5646,0.9931992292404175,blicketbash
5647,0.9902331233024597,wugfest
5648,0.9920976161956787,wugfest
5649,0.9895739555358887,daxday
5650,0.9922550320625305,wugfest
5651,0.983178973197937,daxday
5652,0.9055706262588501,fepfestival
5653,0.8289369344711304,fepfestival
5654,0.9932111501693726,wugfest
5655,0.9908642172813416,daxday
5656,0.992160975933075,wugfest
5657,0.9588563442230225,daxday
5658,0.9962552189826965,wugfest
5659,0.9881299734115601,blicketbash
5660,0.9911839962005615,wugfest
5661,0.9438925385475159,daxday
5662,0.9977812170982361,wugfest
5663,0.9837570190429688,daxday
5664,0.9864659905433655,blicketbash
5665,0.76898193359375,fepfestival
5666,0.98350989818573,wugfest
5667,0.9623976349830627,fepfestival
5668,0.9324173331260681,daxday
5669,0.9954367876052856,wugfest
5670,0.9957529902458191,wugfest
5671,0.997189462184906,daxday
5672,0.9940191507339478,wugfest
5673,0.9991933703422546,wugfest
5674,0.9893697500228882,wugfest
5675,0.9881806373596191,blicketbash
5676,0.8919064402580261,fepfestival
5677,0.9741190075874329,daxday
5678,0.8376192450523376,fepfestival
5679,0.9553247094154358,daxday
5680,0.6600936651229858,fepfestival
5681,0.5063381195068359,wugfest
5682,0.8270950317382812,gextravaganza
5683,0.7896451354026794,daxday
5684,0.7176783084869385,gextravaganza
5685,0.5828240513801575,fepfestival
5686,0.8217197060585022,blicketbash
5687,0.915235698223114,blicketbash
5688,0.8539403676986694,wugfest
5689,0.6921342611312866,daxday
5690,0.9919472932815552,blicketbash
5691,0.9033538699150085,gextravaganza
5692,0.9623498916625977,blicketbash
5693,0.7687056064605713,fepfestival
5694,0.7233453392982483,gextravaganza
5695,0.7321463227272034,fepfestival
5696,0.7605592012405396,daxday
5697,0.9524131417274475,gextravaganza
5698,0.9682260155677795,gextravaganza
5699,0.8557234406471252,blicketbash
5700,0.6115929484367371,wugfest
5701,0.875542163848877,daxday
5702,0.926066517829895,gextravaganza
5703,0.9784315824508667,blicketbash
5704,0.7859050035476685,gextravaganza
5705,0.52145916223526,daxday
5706,0.6025224924087524,daxday
5707,0.8840293884277344,gextravaganza
5708,0.9939795136451721,blicketbash
5709,0.9069971442222595,gextravaganza
5710,0.9971547722816467,wugfest
5711,0.9777941107749939,daxday
5712,0.989737331867218,blicketbash
5713,0.9941287040710449,wugfest
5714,0.9779650568962097,wugfest
5715,0.6851985454559326,fepfestival
5716,0.9588510394096375,fepfestival
5717,0.9533699154853821,daxday
5718,0.9194498658180237,daxday
5719,0.9857853651046753,wugfest
5720,0.8958144783973694,fepfestival
5721,0.9971089363098145,wugfest
5722,0.9970737099647522,wugfest
5723,0.9941179752349854,daxday
5724,0.9768929481506348,daxday
5725,0.9844875931739807,fepfestival
5726,0.9939698576927185,blicketbash
5727,0.992412805557251,daxday
5728,0.9978912472724915,wugfest
5729,0.9997191429138184,wugfest
5730,0.9766755104064941,daxday
5731,0.8855244517326355,fepfestival
5732,0.979278564453125,daxday
5733,0.9915446043014526,daxday
5734,0.996475100517273,wugfest
5735,0.9941999316215515,blicketbash
5736,0.9988423585891724,wugfest
5737,0.9899722933769226,fepfestival
5738,0.9976807832717896,wugfest
5739,0.997994065284729,wugfest
5740,0.9111537933349609,daxday
5741,0.9079359173774719,gextravaganza
5742,0.9925881624221802,blicketbash
5743,0.9254012703895569,gextravaganza
5744,0.7962188124656677,fepfestival
5745,0.9208082556724548,gextravaganza
5746,0.981096625328064,gextravaganza
5747,0.7506014704704285,fepfestival
5748,0.9963197708129883,blicketbash
5749,0.9919067621231079,blicketbash
5750,0.9570528864860535,daxday
5751,0.9748304486274719,daxday
5752,0.9927293658256531,wugfest
5753,0.9957395792007446,wugfest
5754,0.9925738573074341,wugfest
5755,0.9439719915390015,daxday
5756,0.9878458976745605,wugfest
5757,0.9933738112449646,blicketbash
5758,0.6870245933532715,fepfestival
5759,0.8603361248970032,fepfestival
5760,0.7952966690063477,gextravaganza
5761,0.772821843624115,blicketbash
5762,0.6529512405395508,gextravaganza
5763,0.5020700693130493,fepfestival
5764,0.6900748610496521,daxday
5765,0.6183795928955078,fepfestival
5766,0.9112097024917603,blicketbash
5767,0.969923734664917,blicketbash
5768,0.8759483098983765,gextravaganza
5769,0.735668420791626,gextravaganza
5770,0.8163511157035828,fepfestival
5771,0.9715284109115601,wugfest
5772,0.9917270541191101,wugfest
5773,0.7477034330368042,daxday
5774,0.544403076171875,fepfestival
5775,0.94256192445755,wugfest
5776,0.9472916126251221,wugfest
5777,0.9293653964996338,blicketbash
5778,0.8981285095214844,daxday
5779,0.9733425378799438,daxday
5780,0.5309877395629883,blicketbash
5781,0.6894550323486328,wugfest
5782,0.7566328048706055,gextravaganza
5783,0.6470130681991577,wugfest
5784,0.7194778919219971,blicketbash
5785,0.8709816932678223,blicketbash
5786,0.6609013676643372,gextravaganza
5787,0.7378425002098083,gextravaganza
5788,0.6045706272125244,daxday
5789,0.5639324188232422,daxday
5790,0.8494027256965637,wugfest
5791,0.5705870985984802,fepfestival
5792,0.9960249662399292,wugfest
5793,0.5958441495895386,gextravaganza
5794,0.8318957686424255,fepfestival
5795,0.9916825294494629,wugfest
5796,0.9790483713150024,daxday
5797,0.9462592005729675,blicketbash
5798,0.9677855372428894,daxday
5799,0.7528876066207886,wugfest
5800,0.6597627401351929,gextravaganza
5801,0.5722609162330627,wugfest
5802,0.7887940406799316,gextravaganza
5803,0.6801788806915283,daxday
5804,0.8050079941749573,blicketbash
5805,0.938609778881073,blicketbash
5806,0.5591720938682556,daxday
5807,0.8358373045921326,daxday
5808,0.7743855118751526,gextravaganza
5809,0.7501474618911743,gextravaganza
5810,0.9997726082801819,blicketbash
5811,0.9904398918151855,fepfestival
5812,0.9947632551193237,fepfestival
5813,0.977013111114502,daxday
5814,0.9958626627922058,daxday
5815,0.9999973773956299,wugfest
5816,0.9896602034568787,wugfest
5817,0.9997822046279907,wugfest
5818,0.9976099133491516,daxday
5819,0.9895909428596497,wugfest
5820,0.963035523891449,daxday
5821,0.9627047777175903,blicketbash
5822,0.9786105751991272,wugfest
5823,0.7545015215873718,fepfestival
5824,0.9709104299545288,wugfest
5825,0.6608393788337708,fepfestival
5826,0.824402391910553,daxday
5827,0.9773221611976624,wugfest
5828,0.9520778656005859,wugfest
5829,0.894021213054657,daxday
5830,0.8636429905891418,fepfestival
5831,0.9725673794746399,blicketbash
5832,0.9354544281959534,fepfestival
5833,0.8723630905151367,gextravaganza
5834,0.9128872752189636,blicketbash
5835,0.9213153719902039,gextravaganza
5836,0.8650357723236084,gextravaganza
5837,0.9423103332519531,gextravaganza
5838,0.8832430839538574,daxday
5839,0.9948433637619019,blicketbash
5840,0.6705875992774963,fepfestival
5841,0.5142949819564819,wugfest
5842,0.7148287296295166,gextravaganza
5843,0.6357208490371704,blicketbash
5844,0.6590754985809326,daxday
5845,0.8340303301811218,gextravaganza
5846,0.8861656188964844,blicketbash
5847,0.8651847839355469,gextravaganza
5848,0.5147125720977783,blicketbash
5849,0.6212543249130249,gextravaganza
5850,0.9912700653076172,blicketbash
5851,0.8580573201179504,daxday
5852,0.8838688135147095,fepfestival
5853,0.9867019057273865,blicketbash
5854,0.8842219710350037,gextravaganza
5855,0.7842371463775635,gextravaganza
5856,0.8119466304779053,gextravaganza
5857,0.78700190782547,gextravaganza
5858,0.9920085072517395,blicketbash
5859,0.5736401081085205,fepfestival
5860,0.811519205570221,fepfestival
5861,0.993655800819397,blicketbash
5862,0.9507882595062256,gextravaganza
5863,0.8462477922439575,fepfestival
5864,0.8986039161682129,gextravaganza
5865,0.8284045457839966,gextravaganza
5866,0.7084313631057739,daxday
5867,0.6962674856185913,blicketbash
5868,0.9976704716682434,blicketbash
5869,0.9847825765609741,gextravaganza
5870,0.7358686327934265,blicketbash
5871,0.6066706776618958,wugfest
5872,0.7932993173599243,blicketbash
5873,0.5090591907501221,gextravaganza
5874,0.6514958143234253,blicketbash
5875,0.6078853607177734,gextravaganza
5876,0.6272621154785156,gextravaganza
5877,0.8127477765083313,gextravaganza
5878,0.6697149872779846,wugfest
5879,0.7210553884506226,daxday
5880,0.8548880219459534,daxday
5881,0.8041585683822632,fepfestival
5882,0.9646770358085632,wugfest
5883,0.6446174383163452,fepfestival
5884,0.9340443015098572,wugfest
5885,0.6824249029159546,daxday
5886,0.9667606353759766,blicketbash
5887,0.9590482115745544,wugfest
5888,0.9687281847000122,wugfest
5889,0.9338784217834473,daxday
5890,0.9624451994895935,wugfest
5891,0.8724746108055115,daxday
5892,0.7003977298736572,fepfestival
5893,0.630129337310791,fepfestival
5894,0.9536637663841248,wugfest
5895,0.8872589468955994,daxday
5896,0.9453366994857788,wugfest
5897,0.8921695947647095,daxday
5898,0.9723050594329834,wugfest
5899,0.9639337062835693,blicketbash
5900,0.971083402633667,wugfest
5901,0.9151219725608826,daxday
5902,0.9870749115943909,wugfest
5903,0.9602206945419312,daxday
5904,0.9416742920875549,blicketbash
5905,0.6599721312522888,fepfestival
5906,0.916267991065979,wugfest
5907,0.8551608920097351,fepfestival
5908,0.7577190399169922,daxday
5909,0.9572951197624207,wugfest
5910,0.9741829037666321,wugfest
5911,0.9870854616165161,daxday
5912,0.9342362880706787,wugfest
5913,0.9852024912834167,wugfest
5914,0.9351648688316345,wugfest
5915,0.9697602987289429,blicketbash
5916,0.631249725818634,fepfestival
5917,0.8125937581062317,daxday
5918,0.5714421272277832,fepfestival
5919,0.8045962452888489,daxday
5920,0.5356489419937134,fepfestival
5921,0.6512644290924072,wugfest
5922,0.7385960817337036,gextravaganza
5923,0.876115620136261,daxday
5924,0.6578637361526489,gextravaganza
5925,0.5310583114624023,fepfestival
5926,0.8213610053062439,blicketbash
5927,0.8391017317771912,blicketbash
5928,0.919758141040802,wugfest
5929,0.5610436201095581,daxday
5930,0.9840434193611145,blicketbash
5931,0.9143534898757935,gextravaganza
5932,0.9773268103599548,blicketbash
5933,0.799864649772644,fepfestival
5934,0.825001060962677,gextravaganza
5935,0.8855992555618286,fepfestival
5936,0.7998577952384949,daxday
5937,0.9506372809410095,gextravaganza
5938,0.9634042382240295,gextravaganza
5939,0.8871474266052246,blicketbash
5940,0.663744330406189,wugfest
5941,0.7881067991256714,daxday
5942,0.8654016852378845,gextravaganza
5943,0.9089893698692322,blicketbash
5944,0.7290071249008179,gextravaganza
5945,0.5186767578125,fepfestival
5946,0.6557379364967346,daxday
5947,0.8357731103897095,gextravaganza
5948,0.9251924157142639,blicketbash
5949,0.695328414440155,gextravaganza
5950,0.9477761387825012,wugfest
5951,0.9427713751792908,daxday
5952,0.9522038698196411,blicketbash
5953,0.9311716556549072,wugfest
5954,0.9040464162826538,wugfest
5955,0.5814021229743958,fepfestival
5956,0.7621608376502991,fepfestival
5957,0.728717565536499,daxday
5958,0.8459053635597229,daxday
5959,0.9471604228019714,wugfest
5960,0.6927694082260132,fepfestival
5961,0.952380895614624,wugfest
5962,0.9621723890304565,wugfest
5963,0.972131609916687,daxday
5964,0.893756091594696,daxday
5965,0.846297562122345,fepfestival
5966,0.9760951399803162,blicketbash
5967,0.8702846169471741,daxday
5968,0.9769594669342041,wugfest
5969,0.9920271635055542,wugfest
5970,0.8992508053779602,daxday
5971,0.5306232571601868,fepfestival
5972,0.849147379398346,daxday
5973,0.9573732018470764,daxday
5974,0.9864301681518555,wugfest
5975,0.977697491645813,blicketbash
5976,0.9873181581497192,wugfest
5977,0.8395334482192993,fepfestival
5978,0.9851167798042297,wugfest
5979,0.9630749225616455,wugfest
5980,0.8441099524497986,daxday
5981,0.8229100704193115,gextravaganza
5982,0.9836874008178711,blicketbash
5983,0.8928170800209045,gextravaganza
5984,0.803653359413147,fepfestival
5985,0.8970734477043152,gextravaganza
5986,0.9331697821617126,gextravaganza
5987,0.6401658654212952,fepfestival
5988,0.9844804406166077,blicketbash
5989,0.9682225584983826,blicketbash
5990,0.7762371897697449,daxday
5991,0.9303078055381775,daxday
5992,0.9602922201156616,wugfest
5993,0.9479066133499146,wugfest
5994,0.94432133436203,wugfest
5995,0.8670429587364197,daxday
5996,0.9465619325637817,wugfest
5997,0.9539102911949158,blicketbash
5998,0.5213940143585205,gextravaganza
5999,0.621532142162323,blicketbash
6000,0.7159285545349121,gextravaganza
6001,0.8544183969497681,blicketbash
6002,0.5895622372627258,gextravaganza
6003,0.5948697924613953,daxday
6004,0.7136045694351196,daxday
6005,0.5137768387794495,wugfest
6006,0.9203815460205078,blicketbash
6007,0.9654998183250427,blicketbash
6008,0.8009887933731079,gextravaganza
6009,0.734926700592041,gextravaganza
6010,0.9729029536247253,fepfestival
6011,0.9946075081825256,wugfest
6012,0.9995064735412598,wugfest
6013,0.9556249380111694,daxday
6014,0.8482154011726379,fepfestival
6015,0.9887927770614624,wugfest
6016,0.9960494041442871,wugfest
6017,0.9866520166397095,blicketbash
6018,0.9744630455970764,daxday
6019,0.9986038208007812,daxday
6020,0.6508558392524719,wugfest
6021,0.7474652528762817,wugfest
6022,0.788602888584137,gextravaganza
6023,0.6455497741699219,wugfest
6024,0.784757673740387,blicketbash
6025,0.8612035512924194,blicketbash
6026,0.6669782400131226,gextravaganza
6027,0.7578480243682861,gextravaganza
6028,0.5041341781616211,daxday
6029,0.6287645101547241,daxday
6030,0.907036304473877,wugfest
6031,0.7323843836784363,fepfestival
6032,0.9993858337402344,wugfest
6033,0.6204565763473511,daxday
6034,0.9622371792793274,fepfestival
6035,0.9986855387687683,wugfest
6036,0.9957295060157776,daxday
6037,0.9881477355957031,blicketbash
6038,0.9911524057388306,daxday
6039,0.84896320104599,wugfest
6040,0.7545751333236694,gextravaganza
6041,0.589055597782135,wugfest
6042,0.7077580690383911,gextravaganza
6043,0.6593796610832214,daxday
6044,0.6476153135299683,blicketbash
6045,0.7187005281448364,blicketbash
6046,0.5930396318435669,daxday
6047,0.9045907258987427,daxday
6048,0.7778438925743103,gextravaganza
6049,0.6240355968475342,gextravaganza
6050,0.9986844062805176,blicketbash
6051,0.9872327446937561,fepfestival
6052,0.9011587500572205,fepfestival
6053,0.9618015885353088,daxday
6054,0.9961687326431274,daxday
6055,0.9999774694442749,wugfest
6056,0.9940149188041687,wugfest
6057,0.998928964138031,wugfest
6058,0.9958572387695312,daxday
6059,0.9919934272766113,wugfest
6060,0.9897491931915283,daxday
6061,0.9903477430343628,blicketbash
6062,0.9975826144218445,wugfest
6063,0.8765316605567932,fepfestival
6064,0.9955301284790039,wugfest
6065,0.7424054145812988,fepfestival
6066,0.9600126147270203,daxday
6067,0.9963794350624084,wugfest
6068,0.9945234656333923,wugfest
6069,0.9794914126396179,daxday
6070,0.7037049531936646,fepfestival
6071,0.7856967449188232,blicketbash
6072,0.6694338321685791,fepfestival
6073,0.5115150809288025,gextravaganza
6074,0.6845380663871765,blicketbash
6075,0.8025636076927185,gextravaganza
6076,0.6739150285720825,gextravaganza
6077,0.85386061668396,gextravaganza
6078,0.5912023186683655,daxday
6079,0.8734065294265747,blicketbash
6080,0.6162214875221252,fepfestival
6081,0.5330185890197754,wugfest
6082,0.5898533463478088,gextravaganza
6083,0.5216997861862183,wugfest
6084,0.697692334651947,daxday
6085,0.8604650497436523,gextravaganza
6086,0.8781266212463379,blicketbash
6087,0.7575461268424988,gextravaganza
6088,0.6677762269973755,blicketbash
6089,0.6241725087165833,gextravaganza
6090,0.9624996185302734,blicketbash
6091,0.8316246867179871,daxday
6092,0.7231589555740356,fepfestival
6093,0.9440438747406006,blicketbash
6094,0.8273115754127502,gextravaganza
6095,0.7367281317710876,gextravaganza
6096,0.7773345112800598,gextravaganza
6097,0.734555721282959,gextravaganza
6098,0.9839116334915161,blicketbash
6099,0.5701342821121216,fepfestival
6100,0.6478198766708374,fepfestival
6101,0.9767099022865295,blicketbash
6102,0.9041323065757751,gextravaganza
6103,0.5764243006706238,wugfest
6104,0.8163541555404663,gextravaganza
6105,0.619640588760376,gextravaganza
6106,0.5820266008377075,daxday
6107,0.5713555812835693,blicketbash
6108,0.9884121417999268,blicketbash
6109,0.9757737517356873,gextravaganza
6110,0.5848499536514282,blicketbash
6111,0.6581757068634033,wugfest
6112,0.776032030582428,blicketbash
6113,0.5417584180831909,wugfest
6114,0.5615410208702087,daxday
6115,0.5525789260864258,gextravaganza
6116,0.5799389481544495,blicketbash
6117,0.8223108053207397,gextravaganza
6118,0.6037740707397461,wugfest
6119,0.7333898544311523,daxday
6120,0.9357341527938843,daxday
6121,0.9410017132759094,fepfestival
6122,0.99629807472229,wugfest
6123,0.801975429058075,fepfestival
6124,0.985688328742981,wugfest
6125,0.8956696391105652,daxday
6126,0.9964900612831116,blicketbash
6127,0.9899426102638245,wugfest
6128,0.9964612126350403,wugfest
6129,0.9889904260635376,daxday
6130,0.9905492663383484,wugfest
6131,0.9771521091461182,daxday
6132,0.7339455485343933,fepfestival
6133,0.7430115938186646,fepfestival
6134,0.9909027218818665,wugfest
6135,0.9810705184936523,daxday
6136,0.9964321851730347,wugfest
6137,0.9675929546356201,daxday
6138,0.9987229108810425,wugfest
6139,0.9801645874977112,blicketbash
6140,0.9939680695533752,wugfest
6141,0.9595260620117188,daxday
6142,0.9983056783676147,wugfest
6143,0.9880756139755249,daxday
6144,0.9922382235527039,blicketbash
6145,0.8179726600646973,fepfestival
6146,0.9918588399887085,wugfest
6147,0.9688445925712585,fepfestival
6148,0.9481285214424133,daxday
6149,0.9907899498939514,wugfest
6150,0.9971762895584106,wugfest
6151,0.9981788396835327,daxday
6152,0.9968650341033936,wugfest
6153,0.9993700385093689,wugfest
6154,0.9885191321372986,wugfest
6155,0.9954026341438293,blicketbash
6156,0.9138602018356323,fepfestival
6157,0.9721378684043884,daxday
6158,0.8999636769294739,fepfestival
6159,0.955459475517273,daxday
6160,0.5766457319259644,daxday
6161,0.6584362387657166,wugfest
6162,0.684977114200592,gextravaganza
6163,0.8841597437858582,daxday
6164,0.7262120842933655,gextravaganza
6165,0.5368881821632385,wugfest
6166,0.9144039154052734,blicketbash
6167,0.8059790134429932,blicketbash
6168,0.9485083818435669,wugfest
6169,0.5630114674568176,daxday
6170,0.9560457468032837,blicketbash
6171,0.8547646999359131,gextravaganza
6172,0.9881963133811951,blicketbash
6173,0.6481256484985352,fepfestival
6174,0.7368627786636353,gextravaganza
6175,0.7608178853988647,fepfestival
6176,0.6080746054649353,daxday
6177,0.8958880305290222,gextravaganza
6178,0.9379075169563293,gextravaganza
6179,0.6132891178131104,blicketbash
6180,0.6331802010536194,wugfest
6181,0.7815961837768555,daxday
6182,0.8515763282775879,gextravaganza
6183,0.9338479042053223,blicketbash
6184,0.7715476751327515,gextravaganza
6185,0.6155580282211304,daxday
6186,0.6468410491943359,daxday
6187,0.8520587682723999,gextravaganza
6188,0.9656466245651245,blicketbash
6189,0.8699358701705933,gextravaganza
6190,0.9961974024772644,wugfest
6191,0.9789065718650818,daxday
6192,0.9911482334136963,blicketbash
6193,0.9884218573570251,wugfest
6194,0.9731442332267761,wugfest
6195,0.696137011051178,fepfestival
6196,0.9504361748695374,fepfestival
6197,0.9300276637077332,daxday
6198,0.9416055083274841,daxday
6199,0.9841781258583069,wugfest
6200,0.879902184009552,fepfestival
6201,0.9959757328033447,wugfest
6202,0.9983905553817749,wugfest
6203,0.9960837960243225,daxday
6204,0.9814148545265198,daxday
6205,0.9737313389778137,fepfestival
6206,0.9985074400901794,blicketbash
6207,0.9873291850090027,daxday
6208,0.9968355298042297,wugfest
6209,0.999757707118988,wugfest
6210,0.9704347848892212,daxday
6211,0.8078952431678772,fepfestival
6212,0.9383181929588318,daxday
6213,0.9919930100440979,daxday
6214,0.9964004755020142,wugfest
6215,0.9973178505897522,blicketbash
6216,0.9993124604225159,wugfest
6217,0.9812378287315369,fepfestival
6218,0.9989508986473083,wugfest
6219,0.9957312941551208,wugfest
6220,0.8483614325523376,daxday
6221,0.7603329420089722,gextravaganza
6222,0.9866267442703247,blicketbash
6223,0.8344709277153015,gextravaganza
6224,0.8766586184501648,fepfestival
6225,0.7902405261993408,gextravaganza
6226,0.9741740822792053,gextravaganza
6227,0.6227549910545349,fepfestival
6228,0.9883657693862915,blicketbash
6229,0.9418503046035767,blicketbash
6230,0.9237601161003113,daxday
6231,0.9804584383964539,daxday
6232,0.9950495362281799,wugfest
6233,0.996955156326294,wugfest
6234,0.985761821269989,wugfest
6235,0.9692277908325195,daxday
6236,0.9787691831588745,wugfest
6237,0.9844584465026855,blicketbash
6238,0.7059822082519531,fepfestival
6239,0.836064875125885,fepfestival
6240,0.6810537576675415,gextravaganza
6241,0.6897267699241638,blicketbash
6242,0.588500440120697,blicketbash
6243,0.6894225478172302,daxday
6244,0.6238926649093628,daxday
6245,0.5637993216514587,wugfest
6246,0.8892319798469543,blicketbash
6247,0.905750036239624,blicketbash
6248,0.717287540435791,gextravaganza
6249,0.6740881204605103,gextravaganza
6250,0.7316272854804993,fepfestival
6251,0.985840380191803,wugfest
6252,0.9959580302238464,wugfest
6253,0.8927303552627563,daxday
6254,0.6472719311714172,fepfestival
6255,0.9534256458282471,wugfest
6256,0.9640284180641174,wugfest
6257,0.9667546153068542,blicketbash
6258,0.9278594255447388,daxday
6259,0.9943243861198425,daxday
6260,0.5751263499259949,wugfest
6261,0.7879793643951416,wugfest
6262,0.6829944849014282,gextravaganza
6263,0.6830766201019287,wugfest
6264,0.6928972005844116,blicketbash
6265,0.829041600227356,blicketbash
6266,0.5706539154052734,gextravaganza
6267,0.706863522529602,gextravaganza
6268,0.5805099606513977,daxday
6269,0.5327904224395752,daxday
6270,0.9225559830665588,wugfest
6271,0.6292003393173218,fepfestival
6272,0.9950754642486572,wugfest
6273,0.5599946975708008,daxday
6274,0.8098739385604858,fepfestival
6275,0.9891314506530762,wugfest
6276,0.980799674987793,daxday
6277,0.9797111749649048,blicketbash
6278,0.967417299747467,daxday
6279,0.8125985860824585,wugfest
6280,0.6754965782165527,blicketbash
6281,0.6683757901191711,wugfest
6282,0.7503185272216797,gextravaganza
6283,0.5956897735595703,daxday
6284,0.622408926486969,blicketbash
6285,0.7429319024085999,blicketbash
6286,0.6842291951179504,daxday
6287,0.9244657158851624,daxday
6288,0.7417820692062378,gextravaganza
6289,0.5601612329483032,gextravaganza
6290,0.9997414350509644,blicketbash
6291,0.9880288243293762,fepfestival
6292,0.9794467687606812,fepfestival
6293,0.9601863026618958,daxday
6294,0.990929365158081,daxday
6295,0.9999956488609314,wugfest
6296,0.9968460202217102,wugfest
6297,0.9996691346168518,wugfest
6298,0.9957926869392395,daxday
6299,0.9917015433311462,wugfest
6300,0.9573830962181091,daxday
6301,0.9824205040931702,blicketbash
6302,0.9869768619537354,wugfest
6303,0.7676672339439392,fepfestival
6304,0.9732972383499146,wugfest
6305,0.7322485446929932,fepfestival
6306,0.8517513275146484,daxday
6307,0.9824432134628296,wugfest
6308,0.9747283458709717,wugfest
6309,0.9470606446266174,daxday
6310,0.7481708526611328,fepfestival
6311,0.8492019176483154,blicketbash
6312,0.7070112228393555,fepfestival
6313,0.6216978430747986,gextravaganza
6314,0.6405086517333984,blicketbash
6315,0.8861600756645203,gextravaganza
6316,0.6858068704605103,gextravaganza
6317,0.8478770852088928,gextravaganza
6318,0.6834670305252075,daxday
6319,0.8950992226600647,blicketbash
6320,0.5710268020629883,fepfestival
6321,0.6469588279724121,wugfest
6322,0.5539762377738953,gextravaganza
6323,0.5671191811561584,wugfest
6324,0.5944101810455322,daxday
6325,0.7761026620864868,gextravaganza
6326,0.852217972278595,blicketbash
6327,0.6332424879074097,gextravaganza
6328,0.5144274234771729,blicketbash
6329,0.5319580435752869,gextravaganza
6330,0.9733233451843262,blicketbash
6331,0.7823361158370972,daxday
6332,0.6484876871109009,fepfestival
6333,0.9108963012695312,blicketbash
6334,0.7640535831451416,gextravaganza
6335,0.6338832378387451,gextravaganza
6336,0.602845311164856,gextravaganza
6337,0.6929521560668945,gextravaganza
6338,0.984321653842926,blicketbash
6339,0.5013200044631958,fepfestival
6340,0.6780197620391846,fepfestival
6341,0.9720278382301331,blicketbash
6342,0.8832461833953857,gextravaganza
6343,0.5052303671836853,wugfest
6344,0.7102741003036499,gextravaganza
6345,0.7299670577049255,gextravaganza
6346,0.6444854736328125,daxday
6347,0.5394590497016907,daxday
6348,0.9904444813728333,blicketbash
6349,0.9792253375053406,gextravaganza
6350,0.5176045894622803,wugfest
6351,0.7454659938812256,wugfest
6352,0.7872115969657898,blicketbash
6353,0.5516627430915833,wugfest
6354,0.5510886907577515,daxday
6355,0.5069078803062439,daxday
6356,0.5881006121635437,blicketbash
6357,0.7492275238037109,gextravaganza
6358,0.6594089269638062,wugfest
6359,0.736004650592804,daxday
6360,0.8751881718635559,daxday
6361,0.8606323003768921,fepfestival
6362,0.9759436249732971,wugfest
6363,0.7840995788574219,fepfestival
6364,0.9518850445747375,wugfest
6365,0.7763293385505676,daxday
6366,0.9821913242340088,blicketbash
6367,0.9720741510391235,wugfest
6368,0.9853540062904358,wugfest
6369,0.9757068157196045,daxday
6370,0.9612893462181091,wugfest
6371,0.920830488204956,daxday
6372,0.5954616665840149,fepfestival
6373,0.7414487600326538,fepfestival
6374,0.9501315355300903,wugfest
6375,0.9464752078056335,daxday
6376,0.9715980887413025,wugfest
6377,0.9200709462165833,daxday
6378,0.9893473386764526,wugfest
6379,0.9666890501976013,blicketbash
6380,0.9811291098594666,wugfest
6381,0.9455377459526062,daxday
6382,0.9954790472984314,wugfest
6383,0.980753481388092,daxday
6384,0.9790825247764587,blicketbash
6385,0.7842941880226135,fepfestival
6386,0.9580750465393066,wugfest
6387,0.9065630435943604,fepfestival
6388,0.8588634729385376,daxday
6389,0.9638159871101379,wugfest
6390,0.9824064373970032,wugfest
6391,0.9914586544036865,daxday
6392,0.9675940275192261,wugfest
6393,0.9956542253494263,wugfest
6394,0.9389324188232422,wugfest
6395,0.9916444420814514,blicketbash
6396,0.650149941444397,fepfestival
6397,0.8779546618461609,daxday
6398,0.7854122519493103,fepfestival
6399,0.8891653418540955,daxday
6400,0.5707454085350037,daxday
6401,0.7558190226554871,wugfest
6402,0.6722080707550049,gextravaganza
6403,0.9102026224136353,daxday
6404,0.6487523317337036,gextravaganza
6405,0.6115869283676147,wugfest
6406,0.9040189385414124,blicketbash
6407,0.7347480654716492,blicketbash
6408,0.956840991973877,wugfest
6409,0.5094276666641235,wugfest
6410,0.8985113501548767,blicketbash
6411,0.8129527568817139,gextravaganza
6412,0.9529587030410767,blicketbash
6413,0.6044915318489075,fepfestival
6414,0.5484157204627991,blicketbash
6415,0.7353264689445496,fepfestival
6416,0.6183527708053589,daxday
6417,0.8532888293266296,gextravaganza
6418,0.9030288457870483,gextravaganza
6419,0.5113849639892578,blicketbash
6420,0.7161839604377747,wugfest
6421,0.6956850290298462,daxday
6422,0.7527304887771606,gextravaganza
6423,0.903155505657196,blicketbash
6424,0.6355498433113098,gextravaganza
6425,0.5987809896469116,daxday
6426,0.7599697113037109,daxday
6427,0.7771286964416504,gextravaganza
6428,0.916405439376831,blicketbash
6429,0.7404584884643555,gextravaganza
6430,0.9698202013969421,wugfest
6431,0.9684510231018066,daxday
6432,0.9783911108970642,blicketbash
6433,0.9545150399208069,wugfest
6434,0.9135371446609497,wugfest
6435,0.6694991588592529,fepfestival
6436,0.7735720276832581,fepfestival
6437,0.8287397623062134,daxday
6438,0.8744798302650452,daxday
6439,0.9528126120567322,wugfest
6440,0.7124263644218445,fepfestival
6441,0.9724403023719788,wugfest
6442,0.9802080392837524,wugfest
6443,0.9885439276695251,daxday
6444,0.9595348238945007,daxday
6445,0.9365267157554626,fepfestival
6446,0.9887987971305847,blicketbash
6447,0.9185247421264648,daxday
6448,0.9840256571769714,wugfest
6449,0.9984821081161499,wugfest
6450,0.9197474122047424,daxday
6451,0.6597998738288879,fepfestival
6452,0.8554851412773132,daxday
6453,0.9787022471427917,daxday
6454,0.9898094534873962,wugfest
6455,0.9944790601730347,blicketbash
6456,0.9945976138114929,wugfest
6457,0.8809928297996521,fepfestival
6458,0.9939305782318115,wugfest
6459,0.9737609624862671,wugfest
6460,0.7179070711135864,daxday
6461,0.6829448938369751,gextravaganza
6462,0.9532591700553894,blicketbash
6463,0.8034633994102478,gextravaganza
6464,0.6152112483978271,fepfestival
6465,0.7816523313522339,gextravaganza
6466,0.7909290194511414,gextravaganza
6467,0.5208700895309448,fepfestival
6468,0.9775092005729675,blicketbash
6469,0.8680548667907715,blicketbash
6470,0.826501190662384,daxday
6471,0.9519584774971008,daxday
6472,0.9782882332801819,wugfest
6473,0.9699947237968445,wugfest
6474,0.9609007239341736,wugfest
6475,0.9040393829345703,daxday
6476,0.9447206258773804,wugfest
6477,0.9714232683181763,blicketbash
6478,0.602099597454071,fepfestival
6479,0.6588813662528992,fepfestival
