idx,prob,label
0,0.0037812970113009214,No
1,0.000649931957013905,No
2,0.19875256717205048,No
3,0.19375470280647278,No
4,0.0003312442568130791,No
5,0.0004383883497212082,No
6,0.8254635334014893,Yes
7,0.06602585315704346,No
8,0.0008260799804702401,No
9,0.00041554393828846514,No
10,0.23956459760665894,No
11,0.09090756624937057,No
12,0.08322850614786148,No
13,0.028754547238349915,No
14,0.9145071506500244,Yes
15,0.9330635666847229,Yes
16,0.0002792032901197672,No
17,0.0001618457172298804,No
18,0.09790777415037155,No
19,0.018297063186764717,No
20,0.0070393625646829605,No
21,0.002324779285117984,No
22,0.0008602194720879197,No
23,0.0406222864985466,No
24,0.0014460072852671146,No
25,0.002643526066094637,No
26,0.9638403654098511,Yes
27,0.9714738130569458,Yes
28,0.0014515618095174432,No
29,0.0005039559327997267,No
30,0.016524774953722954,No
31,0.01417295541614294,No
32,0.00019930106645915657,No
33,0.0006034981342963874,No
34,0.025995880365371704,No
35,0.005394468083977699,No
36,0.0014091853518038988,No
37,0.0010819380404427648,No
38,0.5561066269874573,Yes
39,0.9459404349327087,Yes
40,0.9980822801589966,Yes
41,0.9895578026771545,Yes
42,0.0007094828761182725,No
43,0.0005766768590547144,No
44,0.9973577857017517,Yes
45,0.9969587922096252,Yes
46,0.00020649323414545506,No
47,0.0001584254059707746,No
48,0.9827089309692383,Yes
49,0.9583130478858948,Yes
50,0.00035176327219232917,No
51,0.000631708069704473,No
52,0.998943030834198,Yes
53,0.9988200068473816,Yes
54,0.0026225585024803877,No
55,0.0005707798409275711,No
56,0.9957154989242554,Yes
57,0.829106330871582,Yes
58,9.924745972966775e-05,No
59,4.713949965662323e-05,No
60,0.5996712446212769,Yes
61,0.018124444410204887,No
62,0.0003413353697396815,No
63,0.0003564502694644034,No
64,0.9932143092155457,Yes
65,0.9998205900192261,Yes
66,0.00782882608473301,No
67,0.002242347225546837,No
68,0.9310174584388733,Yes
69,0.9401127696037292,Yes
70,0.002600858686491847,No
71,0.00300207850523293,No
72,0.7238093018531799,Yes
73,0.9992682933807373,Yes
74,0.0003749203169718385,No
75,0.0008159099961631,No
76,0.9855208992958069,Yes
77,0.7062742114067078,Yes
78,0.000681572244502604,No
79,0.0009098432492464781,No
80,0.9915346503257751,Yes
81,0.9972937703132629,Yes
82,0.001954032341018319,No
83,0.0007529257563874125,No
84,0.9966992735862732,Yes
85,0.9589781165122986,Yes
86,0.00029236747650429606,No
87,0.0005604812176898122,No
88,0.970786452293396,Yes
89,0.9947236180305481,Yes
90,0.0008686184883117676,No
91,0.0006971933762542903,No
92,0.9979525208473206,Yes
93,0.9977276921272278,Yes
94,0.006900600623339415,No
95,0.007369663566350937,No
96,0.9717664122581482,Yes
97,0.8141345381736755,Yes
98,0.0029572099447250366,No
99,0.0005915524670854211,No
100,0.05311087146401405,No
101,0.09266231209039688,No
102,0.007077784743160009,No
103,0.005102883093059063,No
104,0.9722039103507996,Yes
105,0.9878206849098206,Yes
106,0.03289371356368065,No
107,0.009167692624032497,No
108,0.12731151282787323,No
109,0.2733006775379181,No
110,0.001432458870112896,No
111,0.003009963082149625,No
112,0.9959102869033813,Yes
113,0.8969798684120178,Yes
114,0.0010297022527083755,No
115,0.0020179778803139925,No
116,0.9994716048240662,Yes
117,0.9994198083877563,Yes
118,0.0076295314356684685,No
119,0.0004853734571952373,No
120,0.0303278099745512,No
121,0.0033824359998106956,No
122,0.7204074859619141,Yes
123,0.9624609351158142,Yes
124,0.0001242145081050694,No
125,0.00042451053741388023,No
126,0.976850688457489,Yes
127,0.969986081123352,Yes
128,0.0002779193746391684,No
129,0.000278849242022261,No
130,0.8053345680236816,Yes
131,0.5791652798652649,Yes
132,0.0007396829314529896,No
133,0.016100775450468063,No
134,0.9549669027328491,Yes
135,0.9919456839561462,Yes
136,0.00014431147428695112,No
137,0.00014004095282871276,No
138,0.9443515539169312,Yes
139,0.4901427924633026,No
140,0.010044165886938572,No
141,0.015391889959573746,No
142,0.022951427847146988,No
143,0.6409401893615723,Yes
144,0.14477239549160004,No
145,0.014871585182845592,No
146,0.9855403900146484,Yes
147,0.47776925563812256,No
148,0.0017201107693836093,No
149,0.0005682697519659996,No
150,0.005138364154845476,No
151,0.00968175195157528,No
152,0.0027695451863110065,No
153,0.0008646087371744215,No
154,0.03767997398972511,No
155,0.9909881949424744,Yes
156,0.004476057831197977,No
157,0.00015588136739097536,No
158,0.4564785659313202,No
159,0.35677236318588257,No
160,0.9899397492408752,Yes
161,0.9951019883155823,Yes
162,0.0074608661234378815,No
163,0.0053242044523358345,No
164,0.9941349625587463,Yes
165,0.9969939589500427,Yes
166,0.0003359199909027666,No
167,0.000683070276863873,No
168,0.9767510294914246,Yes
169,0.9712939858436584,Yes
170,0.00020629362552426755,No
171,0.0006000234861858189,No
172,0.9978142976760864,Yes
173,0.9995214343070984,Yes
174,0.0009389747283421457,No
175,0.0006372302887029946,No
176,0.466377317905426,No
177,0.6969457864761353,Yes
178,0.00012732058530673385,No
179,0.00020263332407921553,No
180,0.031513798981904984,No
181,0.01908036321401596,No
182,0.0006314791389741004,No
183,0.0027445564046502113,No
184,0.9997453093528748,Yes
185,0.998761773109436,Yes
186,0.02661915495991707,No
187,0.018041042611002922,No
188,0.2718597650527954,No
189,0.4483145475387573,No
190,0.0028998451307415962,No
191,0.0020356907043606043,No
192,0.646392822265625,Yes
193,0.9986308813095093,Yes
194,0.0004259992274455726,No
195,0.0007102836389094591,No
196,0.9991266131401062,Yes
197,0.9732611179351807,Yes
198,0.0028022080659866333,No
199,0.0009835493983700871,No
200,0.03791682794690132,No
201,0.2634536325931549,No
202,0.003032610984519124,No
203,0.7744746208190918,Yes
204,0.00014190642104949802,No
205,0.0013677221722900867,No
206,0.9029569625854492,Yes
207,0.8272325396537781,Yes
208,0.0001532823225716129,No
209,0.0003498721634969115,No
210,0.5290806889533997,Yes
211,0.03599816933274269,No
212,0.0055169230327010155,No
213,0.07501784712076187,No
214,0.8036665320396423,Yes
215,0.9785792231559753,Yes
216,0.0014185489853844047,No
217,0.00012023116141790524,No
218,0.33616891503334045,No
219,0.6572921276092529,Yes
220,0.0007379837334156036,No
221,0.0003391899517737329,No
222,0.0012694080360233784,No
223,0.0023178167175501585,No
224,0.04896152764558792,No
225,0.00675628986209631,No
226,0.2499489188194275,No
227,0.9530084729194641,Yes
228,0.0018270278815180063,No
229,0.002996157156303525,No
230,0.014482151716947556,No
231,0.013556422665715218,No
232,0.0047515686601400375,No
233,0.00025157234631478786,No
234,0.794001579284668,Yes
235,0.8736122846603394,Yes
236,0.001594449277035892,No
237,0.0009922557510435581,No
238,0.9922857284545898,Yes
239,0.9644935131072998,Yes
240,0.00018699886277318,No
241,0.010145951993763447,No
242,0.7394934892654419,Yes
243,0.21845562756061554,No
244,0.00017762347124516964,No
245,0.00031003085314296186,No
246,0.8641628623008728,Yes
247,0.04769373685121536,No
248,0.00019959299243055284,No
249,0.00014315141015686095,No
250,0.03313201665878296,No
251,0.019472604617476463,No
252,0.01901492290198803,No
253,0.01593109779059887,No
254,0.893342137336731,Yes
255,0.9300220608711243,Yes
256,0.00012266916746739298,No
257,0.0004657434474211186,No
258,0.6044828295707703,Yes
259,0.22481004893779755,No
260,0.0002084743173327297,No
261,0.0002890581381507218,No
262,0.06654451042413712,No
263,0.10956762731075287,No
264,0.0034711675252765417,No
265,0.005270694382488728,No
266,0.8776265382766724,Yes
267,0.9702366590499878,Yes
268,0.00045382199459709227,No
269,0.001930294674821198,No
270,0.012337129563093185,No
271,0.0443502813577652,No
272,0.0004614129429683089,No
273,0.0024738574866205454,No
274,0.9086493253707886,Yes
275,0.15763433277606964,No
276,0.0005963150761090219,No
277,0.00029012345476076007,No
278,0.9542473554611206,Yes
279,0.10621748864650726,No
280,0.9693999886512756,Yes
281,0.9977961182594299,Yes
282,0.0017128303879871964,No
283,0.0013589664595201612,No
284,0.9621528387069702,Yes
285,0.9736518859863281,Yes
286,0.0006291333120316267,No
287,0.0016982269007712603,No
288,0.9852373600006104,Yes
289,0.9541966915130615,Yes
290,0.0012109053786844015,No
291,0.0011358284391462803,No
292,0.9984909296035767,Yes
293,0.9977725744247437,Yes
294,0.0016987203853204846,No
295,0.001856981310993433,No
296,0.3663675785064697,No
297,0.2113121896982193,No
298,0.0004605501890182495,No
299,0.00019019162573385984,No
300,0.6019313931465149,Yes
301,0.020605027675628662,No
302,0.0007557392818853259,No
303,0.0007951143197715282,No
304,0.9996902346611023,Yes
305,0.9997401237487793,Yes
306,0.008572817780077457,No
307,0.003075128188356757,No
308,0.9388364553451538,Yes
309,0.9761878848075867,Yes
310,0.005277315620332956,No
311,0.010627105832099915,No
312,0.9046949148178101,Yes
313,0.790070116519928,Yes
314,0.0020003318786621094,No
315,0.01284103188663721,No
316,0.9849238991737366,Yes
317,0.9100798964500427,Yes
318,0.012295748107135296,No
319,0.005980060435831547,No
320,0.9973258376121521,Yes
321,0.9976014494895935,Yes
322,0.002834462095052004,No
323,0.003032456384971738,No
324,0.9967159032821655,Yes
325,0.9880725145339966,Yes
326,0.000748269259929657,No
327,0.0001992995385080576,No
328,0.9458457827568054,Yes
329,0.9943973422050476,Yes
330,0.00028306755120866,No
331,0.0014245823258534074,No
332,0.9991921186447144,Yes
333,0.9991647005081177,Yes
334,0.01175401546061039,No
335,0.006319158710539341,No
336,0.9333288073539734,Yes
337,0.9504743218421936,Yes
338,0.0001645917072892189,No
339,0.0002585561596788466,No
340,0.2684377133846283,No
341,0.7937436103820801,Yes
342,0.008056960999965668,No
343,0.01798980124294758,No
344,0.9919736385345459,Yes
345,0.8717652559280396,Yes
346,0.0383850559592247,No
347,0.03208306059241295,No
348,0.27824732661247253,No
349,0.4698016941547394,No
350,0.010056381113827229,No
351,0.0024521658197045326,No
352,0.9989086985588074,Yes
353,0.9994335174560547,Yes
354,0.012745212763547897,No
355,0.0015248933341354132,No
356,0.9984346628189087,Yes
357,0.9594919085502625,Yes
358,0.005391745828092098,No
359,0.002053007483482361,No
360,0.9938986897468567,Yes
361,0.9974572658538818,Yes
362,0.019063826650381088,No
363,0.015003455802798271,No
364,0.9978373050689697,Yes
365,0.992651641368866,Yes
366,0.0001976995263248682,No
367,0.000847024901304394,No
368,0.9655379056930542,Yes
369,0.9800491333007812,Yes
370,0.0008970264461822808,No
371,0.00444698566570878,No
372,0.9989802837371826,Yes
373,0.9991438984870911,Yes
374,0.0037196429912000895,No
375,0.0012226570397615433,No
376,0.9672466516494751,Yes
377,0.8702297210693359,Yes
378,0.00022492323478218168,No
379,0.002339160069823265,No
380,0.42804253101348877,No
381,0.71299147605896,Yes
382,0.00802587065845728,No
383,0.0009212348377332091,No
384,0.9962999820709229,Yes
385,0.9979077577590942,Yes
386,0.01240612380206585,No
387,0.018638961017131805,No
388,0.23166897892951965,No
389,0.40617644786834717,No
390,0.0021595668513327837,No
391,0.007385724689811468,No
392,0.999163806438446,Yes
393,0.9989348649978638,Yes
394,0.0015072447713464499,No
395,0.0019594149198383093,No
396,0.8859432935714722,Yes
397,0.9375585913658142,Yes
398,0.005206259898841381,No
399,0.0012554905842989683,No
400,0.0013533434830605984,No
401,0.0011468421434983611,No
402,0.05499330535531044,No
403,0.08069922775030136,No
404,0.00022703017748426646,No
405,0.0004192249325569719,No
406,0.8944827914237976,Yes
407,0.9496340751647949,Yes
408,0.0004656319215428084,No
409,0.002383078448474407,No
410,0.15177278220653534,No
411,0.6052670478820801,Yes
412,0.500210702419281,Yes
413,0.05000963434576988,No
414,0.7916803956031799,Yes
415,0.9807602763175964,Yes
416,0.0008599578868597746,No
417,0.000312318152282387,No
418,0.721143364906311,Yes
419,0.24089251458644867,No
420,0.0035786665976047516,No
421,0.0005822294042445719,No
422,0.3101036846637726,No
423,0.0014739636098966002,No
424,0.005467679817229509,No
425,0.025291474536061287,No
426,0.3528250455856323,No
427,0.9755517840385437,Yes
428,0.002741757780313492,No
429,0.0022705760784447193,No
430,0.014421644620597363,No
431,0.013929837383329868,No
432,0.004148954059928656,No
433,0.006561245769262314,No
434,0.8611146211624146,Yes
435,0.030043309554457664,No
436,0.001562229823321104,No
437,0.005903763230890036,No
438,0.03337198495864868,No
439,0.9919750094413757,Yes
440,0.015271775424480438,No
441,0.0015644446248188615,No
442,0.07742828875780106,No
443,0.9289631843566895,Yes
444,0.017761345952749252,No
445,0.0003121367481071502,No
446,0.17584626376628876,No
447,0.1271355003118515,No
448,0.0027381868567317724,No
449,0.0007382991607300937,No
450,0.3919697403907776,No
451,0.4560522139072418,No
452,0.5215073227882385,Yes
453,0.005630366038531065,No
454,0.9037139415740967,Yes
455,0.8331658244132996,Yes
456,0.00012072111712768674,No
457,0.00037482063635252416,No
458,0.08715538680553436,No
459,0.019187362864613533,No
460,0.007021555211395025,No
461,0.019899288192391396,No
462,0.0007905509555712342,No
463,0.0018850956112146378,No
464,0.01379565428942442,No
465,0.01333068497478962,No
466,0.0832580178976059,No
467,0.8935544490814209,Yes
468,0.002823752583935857,No
469,0.0023771964479237795,No
470,0.012773767113685608,No
471,0.01269552856683731,No
472,0.0021701434161514044,No
473,0.03472927212715149,No
474,0.2584868371486664,No
475,0.020261086523532867,No
476,0.0046175504103302956,No
477,0.0005841637612320483,No
478,0.5761899948120117,Yes
479,0.11964680254459381,No
480,0.8660311102867126,Yes
481,0.9826837182044983,Yes
482,0.0013259649276733398,No
483,0.0013195471838116646,No
484,0.9975631833076477,Yes
485,0.9978421330451965,Yes
486,0.0003063705225940794,No
487,0.00037601450458168983,No
488,0.8946359753608704,Yes
489,0.9617868065834045,Yes
490,0.001274076639674604,No
491,0.00035854207817465067,No
492,0.9974390268325806,Yes
493,0.9990809559822083,Yes
494,0.010299896821379662,No
495,0.001267151441425085,No
496,0.9581659436225891,Yes
497,0.8200826644897461,Yes
498,0.00022405477648135275,No
499,6.062683314667083e-05,No
500,0.1018771305680275,No
501,0.5295124053955078,Yes
502,0.002771065104752779,No
503,0.0004623568383976817,No
504,0.9752904772758484,Yes
505,0.9972696304321289,Yes
506,0.007023786660283804,No
507,0.012422760017216206,No
508,0.4925096929073334,No
509,0.6051896810531616,Yes
510,0.0020178547129034996,No
511,0.003621081355959177,No
512,0.9975761771202087,Yes
513,0.9794315099716187,Yes
514,0.0011204656912013888,No
515,0.0022093879524618387,No
516,0.9977084398269653,Yes
517,0.999335765838623,Yes
518,0.0035472845192998648,No
519,0.0016569746658205986,No
520,0.9955471158027649,Yes
521,0.9976133108139038,Yes
522,0.0011615094263106585,No
523,0.014870730228722095,No
524,0.9975768327713013,Yes
525,0.9898897409439087,Yes
526,0.00028126698452979326,No
527,0.0004887862014584243,No
528,0.9852504730224609,Yes
529,0.9908797144889832,Yes
530,0.00297744432464242,No
531,0.0007182923145592213,No
532,0.9993228912353516,Yes
533,0.9994447231292725,Yes
534,0.009462879970669746,No
535,0.000876420468557626,No
536,0.9169549345970154,Yes
537,0.9983851313591003,Yes
538,0.00028784360620193183,No
539,0.0010159184457734227,No
540,0.09817105531692505,No
541,0.08722282201051712,No
542,0.011228862218558788,No
543,0.007106643635779619,No
544,0.9790037870407104,Yes
545,0.9549056887626648,Yes
546,0.014808575622737408,No
547,0.037871312350034714,No
548,0.2262149155139923,No
549,0.4495188295841217,No
550,0.0018517527496442199,No
551,0.001953408820554614,No
552,0.9266076683998108,Yes
553,0.9633054137229919,Yes
554,0.0013552263844758272,No
555,0.041971832513809204,No
556,0.9994446039199829,Yes
557,0.8375920057296753,Yes
558,0.0011322287609800696,No
559,0.0009649673011153936,No
560,0.9834923148155212,Yes
561,0.9959114789962769,Yes
562,0.0016935474704951048,No
563,0.003626577090471983,No
564,0.9504638910293579,Yes
565,0.9937350153923035,Yes
566,0.001485895598307252,No
567,0.000544392445590347,No
568,0.9087789058685303,Yes
569,0.9382240772247314,Yes
570,0.0005020658136345446,No
571,0.0016012826235964894,No
572,0.9944583773612976,Yes
573,0.9968634843826294,Yes
574,0.0027492549270391464,No
575,0.0037943145725876093,No
576,0.747334361076355,Yes
577,0.9483464956283569,Yes
578,0.0005264311912469566,No
579,0.0015726020792499185,No
580,0.02696983329951763,No
581,0.0382525660097599,No
582,0.015356823801994324,No
583,0.01302205678075552,No
584,0.7007203698158264,Yes
585,0.9788491129875183,Yes
586,0.015121732838451862,No
587,0.0163008663803339,No
588,0.18689027428627014,No
589,0.30351269245147705,No
590,0.0039460849948227406,No
591,0.0036603857297450304,No
592,0.9768725633621216,Yes
593,0.6996906995773315,Yes
594,0.011098667047917843,No
595,0.022261764854192734,No
596,0.9917328953742981,Yes
597,0.5015165209770203,Yes
598,0.003695511259138584,No
599,0.0038519103545695543,No
600,0.0006048814975656569,No
601,0.0013738975394517183,No
602,0.4623349905014038,No
603,0.7596701383590698,Yes
604,0.0038186225574463606,No
605,0.001123372814618051,No
606,0.12415607273578644,No
607,0.8656927347183228,Yes
608,0.0016119590727612376,No
609,0.004946679808199406,No
610,0.7250249981880188,Yes
611,0.4065162241458893,No
612,0.40634018182754517,No
613,0.000247242278419435,No
614,0.5072067975997925,Yes
615,0.7875730395317078,Yes
616,0.0001546154380775988,No
617,8.847069693729281e-05,No
618,0.7515566945075989,Yes
619,0.005332749802619219,No
620,0.004757083021104336,No
621,0.045516032725572586,No
622,0.0681026503443718,No
623,0.013403626158833504,No
624,0.0026287382934242487,No
625,0.0006880549481138587,No
626,0.9746447205543518,Yes
627,0.9884666204452515,Yes
628,0.0005595043185167015,No
629,0.0005894182831980288,No
630,0.010000878944993019,No
631,0.03664122149348259,No
632,0.005054080858826637,No
633,0.02077873796224594,No
634,0.11894579231739044,No
635,0.9349658489227295,Yes
636,0.0010951271979138255,No
637,0.007060839328914881,No
638,0.8995898962020874,Yes
639,0.9737516641616821,Yes
640,0.9875338077545166,Yes
641,0.9610579609870911,Yes
642,0.0015971967950463295,No
643,0.0014197764685377479,No
644,0.9913826584815979,Yes
645,0.8638127446174622,Yes
646,0.0012667649425566196,No
647,0.0010648323222994804,No
648,0.9945730566978455,Yes
649,0.9710439443588257,Yes
650,0.000834641745314002,No
651,0.004563165362924337,No
652,0.9976943135261536,Yes
653,0.9990569949150085,Yes
654,0.0027756299823522568,No
655,0.005301816388964653,No
656,0.9524019956588745,Yes
657,0.9926328659057617,Yes
658,0.0036153316032141447,No
659,0.0010236558737233281,No
660,0.03186291828751564,No
661,0.03953627869486809,No
662,0.019088363274931908,No
663,0.010681787505745888,No
664,0.9985388517379761,Yes
665,0.43096035718917847,No
666,0.020748628303408623,No
667,0.023169074207544327,No
668,0.18665535748004913,No
669,0.2973787188529968,No
670,0.0024691466242074966,No
671,0.003370668739080429,No
672,0.890536904335022,Yes
673,0.9969753623008728,Yes
674,0.050203558057546616,No
675,0.001982826739549637,No
676,0.9876547455787659,Yes
677,0.645517885684967,Yes
678,0.0035297847352921963,No
679,0.0026898239739239216,No
680,0.0004103930259589106,No
681,0.0005442394176498055,No
682,0.11136660724878311,No
683,0.29869958758354187,No
684,0.00012268863792996854,No
685,0.00020148971816524863,No
686,0.9544630646705627,Yes
687,0.03662976622581482,No
688,0.0023687719367444515,No
689,0.00018181487394031137,No
690,0.3770490884780884,No
691,0.6789827346801758,Yes
692,0.0008498835377395153,No
693,0.0015714007895439863,No
694,0.9387512803077698,Yes
695,0.8202168941497803,Yes
696,0.00014491996262222528,No
697,0.00013798812869936228,No
698,0.47853732109069824,No
699,0.28845861554145813,No
700,0.00891854614019394,No
701,0.0011671442771330476,No
702,0.013473265804350376,No
703,0.01711226813495159,No
704,0.0013843188062310219,No
705,0.023732950910925865,No
706,0.08668183535337448,No
707,0.9860180020332336,Yes
708,0.0006392452633008361,No
709,0.0001686434115981683,No
710,0.025315824896097183,No
711,0.011773699894547462,No
712,0.002440608572214842,No
713,0.002720619086176157,No
714,0.21673226356506348,No
715,0.19859342277050018,No
716,0.002499629044905305,No
717,0.001998103456571698,No
718,0.20536983013153076,No
719,0.9767810106277466,Yes
720,0.0012367371236905456,No
721,0.029299918562173843,No
722,0.9118761420249939,Yes
723,0.8792809247970581,Yes
724,0.0011568936752155423,No
725,0.0010900961933657527,No
726,0.8227218389511108,Yes
727,0.212319016456604,No
728,0.0008228132501244545,No
729,0.0005525113665498793,No
730,0.769817054271698,Yes
731,0.27260076999664307,No
732,0.6387209296226501,Yes
733,0.13686931133270264,No
734,0.9212346076965332,Yes
735,0.41204559803009033,No
736,0.00027937605045735836,No
737,0.0008058364619500935,No
738,0.16102434694766998,No
739,0.6778172254562378,Yes
740,0.004113881383091211,No
741,0.009625698439776897,No
742,0.013392833061516285,No
743,0.016913974657654762,No
744,0.07218129932880402,No
745,0.1291045993566513,No
746,0.6708763241767883,Yes
747,0.9709888100624084,Yes
748,0.0036019275430589914,No
749,0.001036689500324428,No
750,0.02377614937722683,No
751,0.022302541881799698,No
752,0.008184559643268585,No
753,0.017150375992059708,No
754,0.6919671893119812,Yes
755,0.031189478933811188,No
756,0.0004851644625887275,No
757,0.0006661400548182428,No
758,0.07373029738664627,No
759,0.9846161603927612,Yes
760,0.13399063050746918,No
761,0.0009385928278788924,No
762,0.7702764868736267,Yes
763,0.9614270329475403,Yes
764,0.0003031674132216722,No
765,0.0017959332326427102,No
766,0.7682212591171265,Yes
767,0.2895950675010681,No
768,0.000963672820944339,No
769,0.00046080161700956523,No
770,0.6071721911430359,Yes
771,0.3780266046524048,No
772,0.8730103969573975,Yes
773,0.1077430322766304,No
774,0.6983487606048584,Yes
775,0.942108690738678,Yes
776,0.0026412992738187313,No
777,0.000105208637251053,No
778,0.3547985255718231,No
779,0.9272477626800537,Yes
780,0.0027279697824269533,No
781,0.021643392741680145,No
782,0.014985641464591026,No
783,0.2496987283229828,No
784,0.009315098635852337,No
785,0.008731204085052013,No
786,0.35087671875953674,No
787,0.12579040229320526,No
788,0.002113581635057926,No
789,0.001758676371537149,No
790,0.017933577299118042,No
791,0.01348134782165289,No
792,0.0070979236625134945,No
793,0.020104415714740753,No
794,0.49180546402931213,No
795,0.3356006145477295,No
796,0.0005954836378805339,No
797,0.00047991814790293574,No
798,0.9622318744659424,Yes
799,0.9442850947380066,Yes
800,0.005121723283082247,No
801,0.0008424584520980716,No
802,0.09342815726995468,No
803,0.09089931845664978,No
804,0.0005525081069208682,No
805,0.000713347049895674,No
806,0.4480869174003601,No
807,0.032033391296863556,No
808,0.0013195284409448504,No
809,0.0007876598974689841,No
810,0.09820780158042908,No
811,0.03218564763665199,No
812,0.286763459444046,No
813,0.0418243482708931,No
814,0.4788946509361267,No
815,0.4403069019317627,No
816,0.0003805282467510551,No
817,0.00036317468038760126,No
818,0.19046196341514587,No
819,0.03898992761969566,No
820,0.0014537771930918097,No
821,0.000589048839174211,No
822,0.0006356970989145339,No
823,0.004973454866558313,No
824,0.0012102604378014803,No
825,0.0017111884662881494,No
826,0.39994677901268005,No
827,0.295884370803833,No
828,0.0005152124213054776,No
829,0.00034554098965600133,No
830,0.005170406308025122,No
831,0.0032517786603420973,No
832,0.000414896581787616,No
833,0.0012786795850843191,No
834,0.012099476531147957,No
835,0.00483377929776907,No
836,0.0004607332812156528,No
837,0.001077780150808394,No
838,0.06351018697023392,No
839,0.7610622048377991,Yes
840,0.9837440848350525,Yes
841,0.9564229846000671,Yes
842,0.0010566466953605413,No
843,0.0007696441025473177,No
844,0.9904999136924744,Yes
845,0.9790993332862854,Yes
846,0.00028257849044166505,No
847,0.0004079563950654119,No
848,0.9326318502426147,Yes
849,0.8751599192619324,Yes
850,0.00047068813000805676,No
851,0.0003115056315436959,No
852,0.9963369965553284,Yes
853,0.9951077699661255,Yes
854,0.001998109742999077,No
855,0.0006566064548678696,No
856,0.9484992623329163,Yes
857,0.5576863884925842,Yes
858,0.0002259941684314981,No
859,0.0001375911815557629,No
860,0.3265455663204193,No
861,0.0050166877917945385,No
862,0.0004354598349891603,No
863,0.0003052455431316048,No
864,0.759959876537323,Yes
865,0.9936501383781433,Yes
866,0.004885194357484579,No
867,0.0029660651925951242,No
868,0.3485904037952423,No
869,0.18265609443187714,No
870,0.0012021769070997834,No
871,0.0008664409979246557,No
872,0.1945595145225525,No
873,0.9822835326194763,Yes
874,0.0004491660511121154,No
875,0.0008570445934310555,No
876,0.7985484004020691,Yes
877,0.011184430681169033,No
878,0.0004904150846414268,No
879,0.0007446355884894729,No
880,0.9385891556739807,Yes
881,0.9915007948875427,Yes
882,0.004041881300508976,No
883,0.0007470936980098486,No
884,0.9917998909950256,Yes
885,0.8818566799163818,Yes
886,0.0003447949711699039,No
887,0.0006383293657563627,No
888,0.9463900923728943,Yes
889,0.9771100878715515,Yes
890,0.0012250010622665286,No
891,0.0003590035194065422,No
892,0.9926643371582031,Yes
893,0.9935494065284729,Yes
894,0.010247704572975636,No
895,0.012370581738650799,No
896,0.8716385960578918,Yes
897,0.6140164136886597,Yes
898,0.002988527063280344,No
899,0.0004993445472791791,No
900,0.009661582298576832,No
901,0.012533276341855526,No
902,0.003995258826762438,No
903,0.0026736119762063026,No
904,0.3426568806171417,No
905,0.5561895370483398,Yes
906,0.007257179357111454,No
907,0.004624243825674057,No
908,0.008263454772531986,No
909,0.023735754191875458,No
910,0.0015472419327124953,No
911,0.0012192194117233157,No
912,0.7952009439468384,Yes
913,0.42134326696395874,No
914,0.0018604990327730775,No
915,0.0032697662245482206,No
916,0.9979156255722046,Yes
917,0.9958285689353943,Yes
918,0.0027090369258075953,No
919,0.000747373909689486,No
920,0.028185885399580002,No
921,0.007415439933538437,No
922,0.4765223264694214,No
923,0.8924708962440491,Yes
924,0.0002043028362095356,No
925,0.001815625699236989,No
926,0.7172694802284241,Yes
927,0.3324299156665802,No
928,0.0005514764925464988,No
929,0.0002385705302003771,No
930,0.6131275296211243,Yes
931,0.37711453437805176,No
932,0.0019229273311793804,No
933,0.07311251759529114,No
934,0.8979615569114685,Yes
935,0.9686156511306763,Yes
936,0.00027638653409667313,No
937,0.00033087225165218115,No
938,0.650070071220398,Yes
939,0.20691673457622528,No
940,0.0018265335820615292,No
941,0.0029680572915822268,No
942,0.0031442069448530674,No
943,0.15884509682655334,No
944,0.026337189599871635,No
945,0.004658300429582596,No
946,0.5815514326095581,Yes
947,0.031639814376831055,No
948,0.0006775722140446305,No
949,0.0005271027912385762,No
950,0.002732758177444339,No
951,0.002028447575867176,No
952,0.004964828956872225,No
953,0.001936290878802538,No
954,0.029362918809056282,No
955,0.7726857662200928,Yes
956,0.0009466881165280938,No
957,0.00015940528828650713,No
958,0.02612622268497944,No
959,0.010767601430416107,No
960,0.9582916498184204,Yes
961,0.9811442494392395,Yes
962,0.007389460690319538,No
963,0.005193824879825115,No
964,0.9841984510421753,Yes
965,0.9880585074424744,Yes
966,0.00032537596416659653,No
967,0.0015438575064763427,No
968,0.9163896441459656,Yes
969,0.8368540406227112,Yes
970,0.0002308195544173941,No
971,0.0004597133956849575,No
972,0.993342936038971,Yes
973,0.9973313808441162,Yes
974,0.0013814048143103719,No
975,0.0009213214507326484,No
976,0.3913818299770355,No
977,0.6008425951004028,Yes
978,0.00017809105338528752,No
979,0.00042235784349031746,No
980,0.0018643800867721438,No
981,0.006576988846063614,No
982,0.00044534626067616045,No
983,0.0013788805808871984,No
984,0.9859626889228821,Yes
985,0.8913651704788208,Yes
986,0.009854430332779884,No
987,0.006138805765658617,No
988,0.014579192735254765,No
989,0.01224229671061039,No
990,0.0009709519799798727,No
991,0.0007311345543712378,No
992,0.04936126247048378,No
993,0.9249656796455383,Yes
994,0.0005474492209032178,No
995,0.0009625327656976879,No
996,0.9970850348472595,Yes
997,0.46438470482826233,No
998,0.001200648956000805,No
999,0.0008993186638690531,No
1000,0.09591031819581985,No
1001,0.14251603186130524,No
1002,0.0024860240519046783,No
1003,0.4068567454814911,No
1004,0.0006385011947713792,No
1005,0.001464778557419777,No
1006,0.6506485939025879,Yes
1007,0.32097798585891724,No
1008,0.00020989625772926956,No
1009,0.00031293396023102105,No
1010,0.4331169128417969,No
1011,0.007748427335172892,No
1012,0.013983833603560925,No
1013,0.05124586448073387,No
1014,0.15250974893569946,No
1015,0.8010767698287964,Yes
1016,0.0017679940210655332,No
1017,0.00032151280902326107,No
1018,0.08769859373569489,No
1019,0.30946189165115356,No
1020,0.00047470067511312664,No
1021,0.00015132303815335035,No
1022,0.001472237752750516,No
1023,0.001726682297885418,No
1024,0.01347341202199459,No
1025,0.002676786622032523,No
1026,0.0276113823056221,No
1027,0.08546220511198044,No
1028,0.0012150001712143421,No
1029,0.0009274788899347186,No
1030,0.008372331969439983,No
1031,0.003745329100638628,No
1032,0.015425567515194416,No
1033,0.0007188791059888899,No
1034,0.1877327859401703,No
1035,0.18628530204296112,No
1036,0.0004494424210861325,No
1037,0.0005998243577778339,No
1038,0.9320887327194214,Yes
1039,0.6042605042457581,Yes
1040,0.00033602508483454585,No
1041,0.005779394879937172,No
1042,0.41508933901786804,No
1043,0.13921310007572174,No
1044,0.0003403094597160816,No
1045,0.000509187113493681,No
1046,0.36454373598098755,No
1047,0.024158017709851265,No
1048,0.00021933017706032842,No
1049,0.00017686837236396968,No
1050,0.028181811794638634,No
1051,0.010875178501009941,No
1052,0.08350005745887756,No
1053,0.050564877688884735,No
1054,0.6935539841651917,Yes
1055,0.7221480011940002,Yes
1056,0.00018321418610867113,No
1057,0.001326890429481864,No
1058,0.5028429627418518,Yes
1059,0.055494390428066254,No
1060,0.00019947270629927516,No
1061,0.0001800972386263311,No
1062,0.014711249619722366,No
1063,0.025328638032078743,No
1064,0.0014237113064154983,No
1065,0.0027380017563700676,No
1066,0.246830552816391,No
1067,0.454529345035553,No
1068,0.0003096747968811542,No
1069,0.0007325606420636177,No
1070,0.0054465532302856445,No
1071,0.005327150225639343,No
1072,0.0004607226001098752,No
1073,0.0023419733624905348,No
1074,0.6503551006317139,Yes
1075,0.023746682330965996,No
1076,0.000257040694123134,No
1077,0.00021087151253595948,No
1078,0.7951496243476868,Yes
1079,0.01766815595328808,No
1080,0.8282577991485596,Yes
1081,0.9910051226615906,Yes
1082,0.0027034522499889135,No
1083,0.0021020635031163692,No
1084,0.892360270023346,Yes
1085,0.8814000487327576,Yes
1086,0.0007805314380675554,No
1087,0.002197294495999813,No
1088,0.9056023359298706,Yes
1089,0.777807354927063,Yes
1090,0.0011976510286331177,No
1091,0.0007492868462577462,No
1092,0.9924626350402832,Yes
1093,0.9839773178100586,Yes
1094,0.002174916211515665,No
1095,0.0027860563714057207,No
1096,0.22101235389709473,No
1097,0.09246017038822174,No
1098,0.0010195332579314709,No
1099,0.00045075250091031194,No
1100,0.2972678542137146,No
1101,0.0013587966095656157,No
1102,0.0007626018486917019,No
1103,0.0006297517684288323,No
1104,0.9885605573654175,Yes
1105,0.9790084958076477,Yes
1106,0.005502407439053059,No
1107,0.0024191734846681356,No
1108,0.3605612516403198,No
1109,0.2657829225063324,No
1110,0.0022710473276674747,No
1111,0.0014429023722186685,No
1112,0.4884728193283081,No
1113,0.1964108794927597,No
1114,0.0014712788397446275,No
1115,0.007361833471804857,No
1116,0.9186863899230957,Yes
1117,0.33198627829551697,No
1118,0.005773281678557396,No
1119,0.0031843038741499186,No
1120,0.9899936318397522,Yes
1121,0.9898303151130676,Yes
1122,0.003463052213191986,No
1123,0.006608101073652506,No
1124,0.9888849258422852,Yes
1125,0.9587046504020691,Yes
1126,0.0013398589799180627,No
1127,0.00041146916919387877,No
1128,0.9500149488449097,Yes
1129,0.9652161598205566,Yes
1130,0.00040474088746123016,No
1131,0.0009838800178840756,No
1132,0.9966633915901184,Yes
1133,0.9979646801948547,Yes
1134,0.04152592644095421,No
1135,0.011540503241121769,No
1136,0.918562114238739,Yes
1137,0.8040969967842102,Yes
1138,0.0004610125324688852,No
1139,0.0007271578069776297,No
1140,0.02327367477118969,No
1141,0.16691584885120392,No
1142,0.0026231124065816402,No
1143,0.006136888172477484,No
1144,0.6421464681625366,Yes
1145,0.19403541088104248,No
1146,0.010169299319386482,No
1147,0.011978297494351864,No
1148,0.013927644118666649,No
1149,0.01898682489991188,No
1150,0.0035841723438352346,No
1151,0.001333699095994234,No
1152,0.9441335201263428,Yes
1153,0.9777874946594238,Yes
1154,0.02100508287549019,No
1155,0.0014703359920531511,No
1156,0.992314875125885,Yes
1157,0.0656680092215538,No
1158,0.0023441556841135025,No
1159,0.0010475772432982922,No
1160,0.9824539422988892,Yes
1161,0.9915928244590759,Yes
1162,0.024944091215729713,No
1163,0.0230573657900095,No
1164,0.989240825176239,Yes
1165,0.9700043797492981,Yes
1166,0.00042594759725034237,No
1167,0.0017577956896275282,No
1168,0.9572930932044983,Yes
1169,0.9589859843254089,Yes
1170,0.0009173236321657896,No
1171,0.0010614283382892609,No
1172,0.9970818161964417,Yes
1173,0.9971668720245361,Yes
1174,0.00712857348844409,No
1175,0.0017063460545614362,No
1176,0.8683499693870544,Yes
1177,0.8139638900756836,Yes
1178,0.0006068195216357708,No
1179,0.0016571092419326305,No
1180,0.029790544882416725,No
1181,0.12002135813236237,No
1182,0.005198096390813589,No
1183,0.0005133135709911585,No
1184,0.7294688820838928,Yes
1185,0.8756611347198486,Yes
1186,0.004874056670814753,No
1187,0.008199864067137241,No
1188,0.008830887265503407,No
1189,0.014905442483723164,No
1190,0.0016083501977846026,No
1191,0.001762315514497459,No
1192,0.9610373973846436,Yes
1193,0.9572739005088806,Yes
1194,0.002192768966779113,No
1195,0.003755893325433135,No
1196,0.6254813075065613,Yes
1197,0.04781797528266907,No
1198,0.002289994852617383,No
1199,0.001177061814814806,No
1200,0.0046675740741193295,No
1201,0.0030405826400965452,No
1202,0.04028387367725372,No
1203,0.053216926753520966,No
1204,0.0010561180533841252,No
1205,0.0011055280920118093,No
1206,0.6418315768241882,Yes
1207,0.5436017513275146,Yes
1208,0.0008641537860967219,No
1209,0.00237095495685935,No
1210,0.0694572851061821,No
1211,0.6000463366508484,Yes
1212,0.604447603225708,Yes
1213,0.06785599887371063,No
1214,0.425836980342865,No
1215,0.8766624331474304,Yes
1216,0.000360784528311342,No
1217,0.001129902433604002,No
1218,0.6185575723648071,Yes
1219,0.2886349558830261,No
1220,0.001137906452640891,No
1221,0.00030966877238824964,No
1222,0.06097903847694397,No
1223,0.0011990016791969538,No
1224,0.004397270269691944,No
1225,0.021712904796004295,No
1226,0.03499402105808258,No
1227,0.1748327612876892,No
1228,0.0008939804974943399,No
1229,0.0009217840270139277,No
1230,0.006278871558606625,No
1231,0.0031418066937476397,No
1232,0.025597983971238136,No
1233,0.010427916422486305,No
1234,0.6147435307502747,Yes
1235,0.01589120924472809,No
1236,0.0004186613077763468,No
1237,0.0038252738304436207,No
1238,0.015002895146608353,No
1239,0.9389951229095459,Yes
1240,0.022049998864531517,No
1241,0.0011094796936959028,No
1242,0.03776620328426361,No
1243,0.7476137280464172,Yes
1244,0.014948712661862373,No
1245,0.0007938849739730358,No
1246,0.07784014940261841,No
1247,0.04299735277891159,No
1248,0.0012063864851370454,No
1249,0.0014137785183265805,No
1250,0.42199987173080444,No
1251,0.30552950501441956,No
1252,0.6227526068687439,Yes
1253,0.008002555929124355,No
1254,0.7708263397216797,Yes
1255,0.5175684094429016,Yes
1256,0.00015469979553017765,No
1257,0.0006575322477146983,No
1258,0.061305463314056396,No
1259,0.010256552137434483,No
1260,0.004851565230637789,No
1261,0.004164646379649639,No
1262,0.0008632128010503948,No
1263,0.001441342756152153,No
1264,0.0043566576205194,No
1265,0.003926425706595182,No
1266,0.029049228876829147,No
1267,0.29774436354637146,No
1268,0.0005130397621542215,No
1269,0.0004947130801156163,No
1270,0.004910388961434364,No
1271,0.003406236879527569,No
1272,0.00368065875954926,No
1273,0.06134266406297684,No
1274,0.04769139364361763,No
1275,0.005934832151979208,No
1276,0.0014477507211267948,No
1277,0.0005880608805455267,No
1278,0.08530258387327194,No
1279,0.02335694245994091,No
1280,0.8353464007377625,Yes
1281,0.9611929655075073,Yes
1282,0.0029112910851836205,No
1283,0.0017128795152530074,No
1284,0.9922609925270081,Yes
1285,0.9818534851074219,Yes
1286,0.0003715190105140209,No
1287,0.0006977360462769866,No
1288,0.803650975227356,Yes
1289,0.9450814723968506,Yes
1290,0.0007006554515101016,No
1291,0.00017049239249899983,No
1292,0.993548572063446,Yes
1293,0.9960801601409912,Yes
1294,0.012630719691514969,No
1295,0.0019648054149001837,No
1296,0.872747540473938,Yes
1297,0.3729180693626404,No
1298,0.00025723277940414846,No
1299,0.00014933297643437982,No
1300,0.015211282297968864,No
1301,0.17784515023231506,No
1302,0.0016924093943089247,No
1303,0.00033356156200170517,No
1304,0.2857682704925537,No
1305,0.776521623134613,Yes
1306,0.004630404058843851,No
1307,0.005139056593179703,No
1308,0.032629985362291336,No
1309,0.026763377711176872,No
1310,0.0010227038292214274,No
1311,0.0007993144099600613,No
1312,0.8096081018447876,Yes
1313,0.5705229043960571,Yes
1314,0.0010296994587406516,No
1315,0.002841244451701641,No
1316,0.994431734085083,Yes
1317,0.9921605587005615,Yes
1318,0.0021170792169868946,No
1319,0.0007624886929988861,No
1320,0.9776957035064697,Yes
1321,0.9903252720832825,Yes
1322,0.001540836994536221,No
1323,0.016355087980628014,No
1324,0.9937511682510376,Yes
1325,0.9587513208389282,Yes
1326,0.00046643411042168736,No
1327,0.0016130879521369934,No
1328,0.9195346832275391,Yes
1329,0.9389739036560059,Yes
1330,0.000804603798314929,No
1331,0.00024173999554477632,No
1332,0.9974981546401978,Yes
1333,0.997615396976471,Yes
1334,0.00892389565706253,No
1335,0.0009506565984338522,No
1336,0.918035626411438,Yes
1337,0.9784463047981262,Yes
1338,0.0007964579272083938,No
1339,0.000681628764141351,No
1340,0.0161860603839159,No
1341,0.007431660778820515,No
1342,0.003264863044023514,No
1343,0.002314559416845441,No
1344,0.3661468029022217,No
1345,0.3848315477371216,No
1346,0.0038423240184783936,No
1347,0.011566291563212872,No
1348,0.011376593261957169,No
1349,0.015489732846617699,No
1350,0.001184603082947433,No
1351,0.0008328137337230146,No
1352,0.14274658262729645,No
1353,0.587477445602417,Yes
1354,0.0019841811154037714,No
1355,0.01600046455860138,No
1356,0.9983988404273987,Yes
1357,0.18857097625732422,No
1358,0.0005629788502119482,No
1359,0.0010868116514757276,No
1360,0.970542848110199,Yes
1361,0.9841071367263794,Yes
1362,0.0015407521277666092,No
1363,0.004665193613618612,No
1364,0.9115213751792908,Yes
1365,0.9834030270576477,Yes
1366,0.0014407382113859057,No
1367,0.001266181468963623,No
1368,0.9008008241653442,Yes
1369,0.8959514498710632,Yes
1370,0.0007703716401010752,No
1371,0.0012291194871068,No
1372,0.9833314418792725,Yes
1373,0.9876576662063599,Yes
1374,0.0025388896465301514,No
1375,0.0029678698629140854,No
1376,0.7678581476211548,Yes
1377,0.8034263253211975,Yes
1378,0.0009162271162495017,No
1379,0.00106714793946594,No
1380,0.01010015420615673,No
1381,0.008549334481358528,No
1382,0.004101176280528307,No
1383,0.005052975378930569,No
1384,0.06437530368566513,No
1385,0.5577384829521179,Yes
1386,0.004981879144906998,No
1387,0.005505558103322983,No
1388,0.02236051671206951,No
1389,0.04972061887383461,No
1390,0.0022862262558192015,No
1391,0.0020149359479546547,No
1392,0.7860051989555359,Yes
1393,0.1496570110321045,No
1394,0.012159407138824463,No
1395,0.022280516102910042,No
1396,0.9863576889038086,Yes
1397,0.15139415860176086,No
1398,0.002893629251047969,No
1399,0.00432825181633234,No
1400,0.0021133918780833483,No
1401,0.0013270553899928927,No
1402,0.24432465434074402,No
1403,0.3606494963169098,No
1404,0.006530790124088526,No
1405,0.001757392194122076,No
1406,0.028664899989962578,No
1407,0.43108054995536804,No
1408,0.0011185355251654983,No
1409,0.0037974908482283354,No
1410,0.42844435572624207,No
1411,0.32478535175323486,No
1412,0.5273399949073792,Yes
1413,0.00046434137038886547,No
1414,0.16223125159740448,No
1415,0.512437105178833,Yes
1416,0.000261617184150964,No
1417,0.0002596109115984291,No
1418,0.2009017914533615,No
1419,0.004900119733065367,No
1420,0.002421031938865781,No
1421,0.007714312989264727,No
1422,0.008787098340690136,No
1423,0.004141993820667267,No
1424,0.0015259989304468036,No
1425,0.0005347600090317428,No
1426,0.41170060634613037,No
1427,0.6250865459442139,Yes
1428,0.0002828730794135481,No
1429,0.00047622527927160263,No
1430,0.0035777674056589603,No
1431,0.004064042121171951,No
1432,0.005478468257933855,No
1433,0.021263033151626587,No
1434,0.021337006241083145,No
1435,0.3745971620082855,No
1436,0.0007195739890448749,No
1437,0.0010701566934585571,No
1438,0.28425133228302,No
1439,0.8947343230247498,Yes
1440,0.9670829176902771,Yes
1441,0.9312908053398132,Yes
1442,0.001488203415647149,No
1443,0.0013054730370640755,No
1444,0.9781490564346313,Yes
1445,0.8620894551277161,Yes
1446,0.002074727090075612,No
1447,0.0011121686547994614,No
1448,0.9812490940093994,Yes
1449,0.9553897380828857,Yes
1450,0.0006129764369688928,No
1451,0.0013578246580436826,No
1452,0.9924285411834717,Yes
1453,0.9980382919311523,Yes
1454,0.0032634104136377573,No
1455,0.005025685764849186,No
1456,0.9523612260818481,Yes
1457,0.9479777812957764,Yes
1458,0.002607142087072134,No
1459,0.0007402748451568186,No
1460,0.007372201420366764,No
1461,0.00710357166826725,No
1462,0.005868144333362579,No
1463,0.00426761619746685,No
1464,0.8747865557670593,Yes
1465,0.048022810369729996,No
1466,0.006076238118112087,No
1467,0.011361408047378063,No
1468,0.017111262306571007,No
1469,0.0192987360060215,No
1470,0.0019396892748773098,No
1471,0.0013411057880148292,No
1472,0.34857362508773804,No
1473,0.9318732619285583,Yes
1474,0.028888477012515068,No
1475,0.0021030001807957888,No
1476,0.9223235845565796,Yes
1477,0.016152212396264076,No
1478,0.001949165016412735,No
1479,0.0018424357986077666,No
1480,0.0005904152058064938,No
1481,0.000613811076618731,No
1482,0.07024547457695007,No
1483,0.15504145622253418,No
1484,0.00051594473188743,No
1485,0.00034766673343256116,No
1486,0.7293827533721924,Yes
1487,0.021947532892227173,No
1488,0.0022624139674007893,No
1489,0.00029345732764340937,No
1490,0.2717757225036621,No
1491,0.4391283392906189,No
1492,0.0018484385218471289,No
1493,0.002703226637095213,No
1494,0.8836601376533508,Yes
1495,0.35024547576904297,No
1496,0.0002511591010261327,No
1497,0.000246399111347273,No
1498,0.14705002307891846,No
1499,0.15251575410366058,No
1500,0.004027676302939653,No
1501,0.00025131122674793005,No
1502,0.006462425459176302,No
1503,0.005089793354272842,No
1504,0.0011965037556365132,No
1505,0.007034287787973881,No
1506,0.018289610743522644,No
1507,0.2764802575111389,No
1508,0.0004329680814407766,No
1509,0.00016333244275301695,No
1510,0.006867778021842241,No
1511,0.002358317142352462,No
1512,0.004849067889153957,No
1513,0.005410680081695318,No
1514,0.06200886890292168,No
1515,0.031401533633470535,No
1516,0.0008996466640383005,No
1517,0.001775139826349914,No
1518,0.03624427691102028,No
1519,0.9182711839675903,Yes
1520,0.001682971604168415,No
1521,0.03127742558717728,No
1522,0.7059168219566345,Yes
1523,0.4790322482585907,No
1524,0.0027379002422094345,No
1525,0.0026126839220523834,No
1526,0.43256521224975586,No
1527,0.043932557106018066,No
1528,0.00045397819485515356,No
1529,0.00034647248685359955,No
1530,0.3803552985191345,No
1531,0.25752246379852295,No
1532,0.6095921397209167,Yes
1533,0.211139976978302,No
1534,0.8146635293960571,Yes
1535,0.16951508820056915,No
1536,0.0003420407883822918,No
1537,0.0007280296995304525,No
1538,0.10397336632013321,No
1539,0.07651645690202713,No
1540,0.001838597236201167,No
1541,0.003382097464054823,No
1542,0.009073831140995026,No
1543,0.0036545656621456146,No
1544,0.011596739292144775,No
1545,0.024635016918182373,No
1546,0.08610628545284271,No
1547,0.1614466905593872,No
1548,0.001059805741533637,No
1549,0.0007000743644312024,No
1550,0.008937813341617584,No
1551,0.005934990011155605,No
1552,0.006191101390868425,No
1553,0.008336338214576244,No
1554,0.07947316765785217,No
1555,0.016993168741464615,No
1556,0.00020313066488597542,No
1557,0.0004890952259302139,No
1558,0.006084751803427935,No
1559,0.8681093454360962,Yes
1560,0.09073621034622192,No
1561,0.0009628235129639506,No
1562,0.6178532838821411,Yes
1563,0.8456340432167053,Yes
1564,0.001955497544258833,No
1565,0.0017124274745583534,No
1566,0.4466468095779419,No
1567,0.07957267761230469,No
1568,0.0013315322576090693,No
1569,0.0003944285854231566,No
1570,0.4814715087413788,No
1571,0.339591383934021,No
1572,0.9324653148651123,Yes
1573,0.4383517801761627,No
1574,0.5387845039367676,Yes
1575,0.8105128407478333,Yes
1576,0.0021823763381689787,No
1577,0.00017625108011998236,No
1578,0.14556750655174255,No
1579,0.5761879682540894,Yes
1580,0.0012223810190334916,No
1581,0.00903149414807558,No
1582,0.005042999051511288,No
1583,0.051764748990535736,No
1584,0.0030786895658820868,No
1585,0.004171715583652258,No
1586,0.03976808115839958,No
1587,0.014437127858400345,No
1588,0.0009031443041749299,No
1589,0.0009989672107622027,No
1590,0.006507726386189461,No
1591,0.003849639557301998,No
1592,0.009205854497849941,No
1593,0.02851446345448494,No
1594,0.11637909710407257,No
1595,0.09130393713712692,No
1596,0.00033131305826827884,No
1597,0.0005698587629012764,No
1598,0.8853760957717896,Yes
1599,0.8402888774871826,Yes
1600,0.004398214630782604,No
1601,0.0005185340996831656,No
1602,0.3531966805458069,No
1603,0.08091716468334198,No
1604,0.00032172215287573636,No
1605,0.00046984275104478,No
1606,0.5919442176818848,Yes
1607,0.028255026787519455,No
1608,0.0006462052697315812,No
1609,0.000437016919022426,No
1610,0.04858674481511116,No
1611,0.017419692128896713,No
1612,0.06715580075979233,No
1613,0.004350082483142614,No
1614,0.4600532054901123,No
1615,0.5274083018302917,Yes
1616,0.0001969605073099956,No
1617,0.00018817630189005286,No
1618,0.2462402731180191,No
1619,0.0493563637137413,No
1620,0.0018338883528485894,No
1621,0.0008967214962467551,No
1622,0.0004981969250366092,No
1623,0.00563059700652957,No
1624,0.005096025299280882,No
1625,0.006097045727074146,No
1626,0.8127336502075195,Yes
1627,0.5515817999839783,Yes
1628,0.0006985752261243761,No
1629,0.0005219338927417994,No
1630,0.0032966460566967726,No
1631,0.004205871373414993,No
1632,0.0006289979792200029,No
1633,0.0009312546462751925,No
1634,0.0229321476072073,No
1635,0.004121389705687761,No
1636,0.0007345955818891525,No
1637,0.001032741623930633,No
1638,0.09167967736721039,No
1639,0.7774642109870911,Yes
1640,0.99676913022995,Yes
1641,0.9744935035705566,Yes
1642,0.0007330626831389964,No
1643,0.0003449646756052971,No
1644,0.9965853095054626,Yes
1645,0.991587221622467,Yes
1646,0.00018723121320363134,No
1647,0.00018056941917166114,No
1648,0.9613466858863831,Yes
1649,0.9400725960731506,Yes
1650,0.00021469102648552507,No
1651,0.00026536028599366546,No
1652,0.9979342222213745,Yes
1653,0.9981131553649902,Yes
1654,0.0008017021464183927,No
1655,0.0004032430297229439,No
1656,0.9956779479980469,Yes
1657,0.7913944721221924,Yes
1658,7.043886580504477e-05,No
1659,0.00015740413800813258,No
1660,0.38531264662742615,No
1661,0.0033530823420733213,No
1662,0.00038476145709864795,No
1663,0.0003856681869365275,No
1664,0.9913777112960815,Yes
1665,0.9993377923965454,Yes
1666,0.0242186076939106,No
1667,0.00500443484634161,No
1668,0.8385219573974609,Yes
1669,0.7610776424407959,Yes
1670,0.001072508399374783,No
1671,0.0013398589799180627,No
1672,0.6555798053741455,Yes
1673,0.9955697655677795,Yes
1674,0.0005178940482437611,No
1675,0.0008919453830458224,No
1676,0.9569845795631409,Yes
1677,0.030459878966212273,No
1678,0.0003455558035057038,No
1679,0.0011936017544940114,No
1680,0.927695095539093,Yes
1681,0.9924002885818481,Yes
1682,0.0036320420913398266,No
1683,0.0007600574754178524,No
1684,0.9948744773864746,Yes
1685,0.7338197231292725,Yes
1686,0.00029264474869705737,No
1687,0.0003927118668798357,No
1688,0.9510149359703064,Yes
1689,0.9891576170921326,Yes
1690,0.0006003275630064309,No
1691,0.00024288907297886908,No
1692,0.9935789704322815,Yes
1693,0.9913480281829834,Yes
1694,0.002132702386006713,No
1695,0.003230135887861252,No
1696,0.964684784412384,Yes
1697,0.6165612936019897,Yes
1698,0.00528024323284626,No
1699,0.0005968505283817649,No
1700,0.0049588121473789215,No
1701,0.007181105203926563,No
1702,0.0026855103205889463,No
1703,0.002703847596421838,No
1704,0.8060103058815002,Yes
1705,0.9067414402961731,Yes
1706,0.03617696836590767,No
1707,0.012159571051597595,No
1708,0.042253173887729645,No
1709,0.08616288006305695,No
1710,0.0015450217761099339,No
1711,0.0022480597253888845,No
1712,0.8631141185760498,Yes
1713,0.553989589214325,Yes
1714,0.001634438754990697,No
1715,0.0028652201872318983,No
1716,0.9981541633605957,Yes
1717,0.995481014251709,Yes
1718,0.0021015906240791082,No
1719,0.000526908494066447,No
1720,0.027956007048487663,No
1721,0.004421969875693321,No
1722,0.26191624999046326,No
1723,0.8020289540290833,Yes
1724,0.00012770127796102315,No
1725,0.0007235528319142759,No
1726,0.9050499796867371,Yes
1727,0.4909481108188629,No
1728,0.00030623149359598756,No
1729,0.00015485573385376483,No
1730,0.398342490196228,No
1731,0.4554297924041748,No
1732,0.0006248151184991002,No
1733,0.0022994489409029484,No
1734,0.8856604695320129,Yes
1735,0.9477329254150391,Yes
1736,0.00013842631597071886,No
1737,0.00017595049575902522,No
1738,0.9067558646202087,Yes
1739,0.6325851082801819,Yes
1740,0.0019695968367159367,No
1741,0.00407384242862463,No
1742,0.002164218807592988,No
1743,0.057581573724746704,No
1744,0.07228605449199677,No
1745,0.020903633907437325,No
1746,0.7701478004455566,Yes
1747,0.11914991587400436,No
1748,0.000761399685870856,No
1749,0.0007664609584026039,No
1750,0.002584734931588173,No
1751,0.0032921822275966406,No
1752,0.005089558660984039,No
1753,0.001529022352769971,No
1754,0.05369098111987114,No
1755,0.8770044445991516,Yes
1756,0.0032394591253250837,No
1757,0.000293961085844785,No
1758,0.05859560891985893,No
1759,0.02083672024309635,No
1760,0.9699764847755432,Yes
1761,0.9770368337631226,Yes
1762,0.0037238141521811485,No
1763,0.003003109013661742,No
1764,0.9928015470504761,Yes
1765,0.9917275905609131,Yes
1766,0.00032874176395125687,No
1767,0.0007768862415105104,No
1768,0.9377498030662537,Yes
1769,0.8919047117233276,Yes
1770,0.00013551341544371098,No
1771,0.00034866813803091645,No
1772,0.9906009435653687,Yes
1773,0.9987682700157166,Yes
1774,0.0007281781290657818,No
1775,0.0005601235898211598,No
1776,0.5459960699081421,Yes
1777,0.4821787178516388,No
1778,0.00011129854101454839,No
1779,0.0008079846738837659,No
1780,0.0020747657399624586,No
1781,0.006612738128751516,No
1782,0.00048394734039902687,No
1783,0.001517107943072915,No
1784,0.9993124008178711,Yes
1785,0.9921346306800842,Yes
1786,0.028335919603705406,No
1787,0.013689247891306877,No
1788,0.07539819926023483,No
1789,0.08484654873609543,No
1790,0.0009403680451214314,No
1791,0.0012720049126073718,No
1792,0.30711454153060913,No
1793,0.9861923456192017,Yes
1794,0.0006066056084819138,No
1795,0.0009182505891658366,No
1796,0.9959374666213989,Yes
1797,0.681267499923706,Yes
1798,0.0010868916288018227,No
1799,0.0010354571277275681,No
1800,0.057049259543418884,No
1801,0.10615325719118118,No
1802,0.001187100075185299,No
1803,0.6331427097320557,Yes
1804,0.00020002477685920894,No
1805,0.0005917167873121798,No
1806,0.8523877263069153,Yes
1807,0.34010788798332214,No
1808,9.79447941062972e-05,No
1809,0.00016198477533180267,No
1810,0.47841477394104004,No
1811,0.004445245955139399,No
1812,0.0028443075716495514,No
1813,0.006341233383864164,No
1814,0.08550852537155151,No
1815,0.8697217702865601,Yes
1816,0.0028346884064376354,No
1817,0.0001309812068939209,No
1818,0.42498013377189636,No
1819,0.6302089095115662,Yes
1820,0.0003403188893571496,No
1821,0.00027591362595558167,No
1822,0.0006952800904400647,No
1823,0.001157621736638248,No
1824,0.05961925536394119,No
1825,0.020195096731185913,No
1826,0.11015036702156067,No
1827,0.48556840419769287,No
1828,0.0014174054376780987,No
1829,0.0020507420413196087,No
1830,0.004061670508235693,No
1831,0.0037506103981286287,No
1832,0.021926073357462883,No
1833,0.0006610751152038574,No
1834,0.4026202857494354,No
1835,0.5335912108421326,Yes
1836,0.001481953775510192,No
1837,0.0012035893741995096,No
1838,0.9424840807914734,Yes
1839,0.707098662853241,Yes
1840,0.0002636575372889638,No
1841,0.00512629235163331,No
1842,0.40875887870788574,No
1843,0.12469090521335602,No
1844,0.00020664009207393974,No
1845,0.00029566462035290897,No
1846,0.6418828964233398,Yes
1847,0.014913195744156837,No
1848,8.506570156896487e-05,No
1849,0.0001225531450472772,No
1850,0.010196899063885212,No
1851,0.004660810809582472,No
1852,0.007894523441791534,No
1853,0.0058448477648198605,No
1854,0.7776035070419312,Yes
1855,0.6851942539215088,Yes
1856,0.00011082168202847242,No
1857,0.0013644034042954445,No
1858,0.6786417961120605,Yes
1859,0.277802437543869,No
1860,0.00017058175581041723,No
1861,0.00029928990988992155,No
1862,0.011420621536672115,No
1863,0.019048500806093216,No
1864,0.003791685914620757,No
1865,0.008156281895935535,No
1866,0.8164003491401672,Yes
1867,0.802331268787384,Yes
1868,0.00027413040515966713,No
1869,0.0011546824825927615,No
1870,0.005267295986413956,No
1871,0.012809978798031807,No
1872,0.0007649932522326708,No
1873,0.002189696067944169,No
1874,0.8748024702072144,Yes
1875,0.043597493320703506,No
1876,0.0004731967637781054,No
1877,0.00037526036612689495,No
1878,0.8635483980178833,Yes
1879,0.019151082262396812,No
1880,0.9809502363204956,Yes
1881,0.9976967573165894,Yes
1882,0.001377847627736628,No
1883,0.000755774846766144,No
1884,0.9428175687789917,Yes
1885,0.8714221715927124,Yes
1886,0.0004438943578861654,No
1887,0.0011236758437007666,No
1888,0.9416806101799011,Yes
1889,0.8676724433898926,Yes
1890,0.0005256477743387222,No
1891,0.0005352075677365065,No
1892,0.9969906210899353,Yes
1893,0.9923372864723206,Yes
1894,0.0008388183196075261,No
1895,0.0012841999996453524,No
1896,0.4618864059448242,No
1897,0.21548806130886078,No
1898,0.0002290849224664271,No
1899,0.0001507834531366825,No
1900,0.24723491072654724,No
1901,0.002621167805045843,No
1902,0.0006775641813874245,No
1903,0.0006771706975996494,No
1904,0.9993715286254883,Yes
1905,0.9988795518875122,Yes
1906,0.025020776316523552,No
1907,0.00512160686776042,No
1908,0.8906158208847046,Yes
1909,0.8879527449607849,Yes
1910,0.0016710850177332759,No
1911,0.0023307730443775654,No
1912,0.7987988591194153,Yes
1913,0.4175109267234802,No
1914,0.0015930591616779566,No
1915,0.011038041673600674,No
1916,0.9764963388442993,Yes
1917,0.3483506441116333,No
1918,0.0047000860795378685,No
1919,0.0033466469030827284,No
1920,0.9925796389579773,Yes
1921,0.9953098893165588,Yes
1922,0.0018990320386365056,No
1923,0.002028253860771656,No
1924,0.9963771104812622,Yes
1925,0.9739768505096436,Yes
1926,0.0010175277711823583,No
1927,0.00021919151186011732,No
1928,0.9556315541267395,Yes
1929,0.9778695702552795,Yes
1930,0.00029212774825282395,No
1931,0.0007790563395246863,No
1932,0.9982714056968689,Yes
1933,0.9987847805023193,Yes
1934,0.0169193297624588,No
1935,0.0026439817156642675,No
1936,0.9859398007392883,Yes
1937,0.9057239294052124,Yes
1938,0.00015603542851749808,No
1939,0.0016354676336050034,No
1940,0.026858435943722725,No
1941,0.2648538649082184,No
1942,0.0027978308498859406,No
1943,0.007993398234248161,No
1944,0.9561316967010498,Yes
1945,0.8301283717155457,Yes
1946,0.06354182958602905,No
1947,0.03577619791030884,No
1948,0.10802101343870163,No
1949,0.10223939269781113,No
1950,0.0050667449831962585,No
1951,0.0021358102094382048,No
1952,0.9865570068359375,Yes
1953,0.9948973655700684,Yes
1954,0.051326051354408264,No
1955,0.001863808836787939,No
1956,0.996529221534729,Yes
1957,0.15007326006889343,No
1958,0.0037169242277741432,No
1959,0.0023931318428367376,No
1960,0.9914075136184692,Yes
1961,0.9928208589553833,Yes
1962,0.011746525764465332,No
1963,0.020036978647112846,No
1964,0.9966513514518738,Yes
1965,0.9790959358215332,Yes
1966,0.00022270790941547602,No
1967,0.0008221800089813769,No
1968,0.8621814250946045,Yes
1969,0.9656415581703186,Yes
1970,0.0005200516898185015,No
1971,0.0021873153746128082,No
1972,0.9986358880996704,Yes
1973,0.9986598491668701,Yes
1974,0.0028344071470201015,No
1975,0.001014847424812615,No
1976,0.9718465805053711,Yes
1977,0.9226309061050415,Yes
1978,0.000846962328068912,No
1979,0.002105959225445986,No
1980,0.029424792155623436,No
1981,0.15206967294216156,No
1982,0.0024794864002615213,No
1983,0.0004884270601905882,No
1984,0.9783754348754883,Yes
1985,0.9865879416465759,Yes
1986,0.019138919189572334,No
1987,0.03318805992603302,No
1988,0.09430976957082748,No
1989,0.07178838551044464,No
1990,0.0014676942955702543,No
1991,0.004450689069926739,No
1992,0.9855425357818604,Yes
1993,0.991668164730072,Yes
1994,0.001881816191598773,No
1995,0.0033963278401643038,No
1996,0.5164989829063416,Yes
1997,0.13667140901088715,No
1998,0.0023546433076262474,No
1999,0.0019086765823885798,No
2000,0.0027268894482403994,No
2001,0.0017538882093504071,No
2002,0.018667683005332947,No
2003,0.0331803560256958,No
2004,0.00034144529490731657,No
2005,0.000486964825540781,No
2006,0.7828883528709412,Yes
2007,0.6006653308868408,Yes
2008,0.0005381187656894326,No
2009,0.00423605227842927,No
2010,0.032296888530254364,No
2011,0.5711899399757385,Yes
2012,0.12178691476583481,No
2013,0.013315289281308651,No
2014,0.46963274478912354,No
2015,0.8600090742111206,Yes
2016,0.0005670858663506806,No
2017,0.0009361978154629469,No
2018,0.7610067129135132,Yes
2019,0.3567425310611725,No
2020,0.0011400216026231647,No
2021,0.0004355166165623814,No
2022,0.05148829147219658,No
2023,0.0007566604181192815,No
2024,0.011500813066959381,No
2025,0.05478011444211006,No
2026,0.15181002020835876,No
2027,0.43276914954185486,No
2028,0.001187572837807238,No
2029,0.0015174110885709524,No
2030,0.0048575205728411674,No
2031,0.006227216217666864,No
2032,0.035132333636283875,No
2033,0.014403579756617546,No
2034,0.8651512861251831,Yes
2035,0.04338276758790016,No
2036,0.0007109300931915641,No
2037,0.007218033075332642,No
2038,0.006192804779857397,No
2039,0.9257542490959167,Yes
2040,0.0306610856205225,No
2041,0.000787170953117311,No
2042,0.01637570932507515,No
2043,0.6317722201347351,Yes
2044,0.007151102647185326,No
2045,0.0002948734909296036,No
2046,0.051679447293281555,No
2047,0.04139823466539383,No
2048,0.0020488447044044733,No
2049,0.0008330232813023031,No
2050,0.1837390959262848,No
2051,0.36248522996902466,No
2052,0.13098543882369995,No
2053,0.0016195912612602115,No
2054,0.8759418725967407,Yes
2055,0.4612548053264618,No
2056,9.32188777369447e-05,No
2057,0.0002445144345983863,No
2058,0.19280998408794403,No
2059,0.013182554394006729,No
2060,0.002433984074741602,No
2061,0.00684538995847106,No
2062,0.0005346075631678104,No
2063,0.0008144944440573454,No
2064,0.01145792193710804,No
2065,0.019701316952705383,No
2066,0.11923836171627045,No
2067,0.6462375521659851,Yes
2068,0.0008688015514053404,No
2069,0.0011179627617821097,No
2070,0.003971577156335115,No
2071,0.00639388058334589,No
2072,0.0050994157791137695,No
2073,0.06629011034965515,No
2074,0.05816912278532982,No
2075,0.005669359117746353,No
2076,0.0034063716884702444,No
2077,0.0004454918671399355,No
2078,0.20118489861488342,No
2079,0.01982385292649269,No
2080,0.8112205862998962,Yes
2081,0.8910495638847351,Yes
2082,0.0015906208427622914,No
2083,0.0007780991145409644,No
2084,0.9971312880516052,Yes
2085,0.9935728907585144,Yes
2086,0.00027202264755032957,No
2087,0.0003215976757928729,No
2088,0.8437052369117737,Yes
2089,0.8886899948120117,Yes
2090,0.0004679809499066323,No
2091,0.0001837306044762954,No
2092,0.9906131625175476,Yes
2093,0.9982838034629822,Yes
2094,0.004536950029432774,No
2095,0.0010777658317238092,No
2096,0.9741514325141907,Yes
2097,0.583523154258728,Yes
2098,0.00013176562788430601,No
2099,0.00020198244601488113,No
2100,0.009147082455456257,No
2101,0.11215505748987198,No
2102,0.0012383153662085533,No
2103,0.0004325228510424495,No
2104,0.8727601170539856,Yes
2105,0.9567952156066895,Yes
2106,0.030278369784355164,No
2107,0.011102966032922268,No
2108,0.14886170625686646,No
2109,0.09099265933036804,No
2110,0.0007256093085743487,No
2111,0.0014333968283608556,No
2112,0.9860115051269531,Yes
2113,0.8326097726821899,Yes
2114,0.0016544776735827327,No
2115,0.002757933223620057,No
2116,0.9927438497543335,Yes
2117,0.9953857064247131,Yes
2118,0.001620122347958386,No
2119,0.001060372218489647,No
2120,0.9671202898025513,Yes
2121,0.993863046169281,Yes
2122,0.0007669548504054546,No
2123,0.026454133912920952,No
2124,0.9966520071029663,Yes
2125,0.9340569972991943,Yes
2126,0.00030656784656457603,No
2127,0.0006494840490631759,No
2128,0.9237815141677856,Yes
2129,0.9646360278129578,Yes
2130,0.0008596119005233049,No
2131,0.0001836655574152246,No
2132,0.9987494349479675,Yes
2133,0.9990783929824829,Yes
2134,0.00214875559322536,No
2135,0.0006470378721132874,No
2136,0.9723862409591675,Yes
2137,0.9949054718017578,Yes
2138,0.0013152820756658912,No
2139,0.0012249037390574813,No
2140,0.016228461638092995,No
2141,0.007765915710479021,No
2142,0.0030761093366891146,No
2143,0.0030152436811476946,No
2144,0.8776403665542603,Yes
2145,0.8699392676353455,Yes
2146,0.018222525715827942,No
2147,0.027938665822148323,No
2148,0.0871005430817604,No
2149,0.16688373684883118,No
2150,0.0012498005526140332,No
2151,0.0016551639419049025,No
2152,0.46407783031463623,No
2153,0.4979000389575958,No
2154,0.0033714768942445517,No
2155,0.06074381619691849,No
2156,0.9987981915473938,Yes
2157,0.19202804565429688,No
2158,0.00034379278076812625,No
2159,0.0008816956542432308,No
2160,0.913953959941864,Yes
2161,0.9930764436721802,Yes
2162,0.0012795504881069064,No
2163,0.006598431617021561,No
2164,0.8924940824508667,Yes
2165,0.9839910268783569,Yes
2166,0.0011298765894025564,No
2167,0.0005826347041875124,No
2168,0.8995700478553772,Yes
2169,0.8167127370834351,Yes
2170,0.0005748861003667116,No
2171,0.001166065689176321,No
2172,0.9844779968261719,Yes
2173,0.9897922277450562,Yes
2174,0.0015614806907251477,No
2175,0.0019556947518140078,No
2176,0.8745606541633606,Yes
2177,0.8738452196121216,Yes
2178,0.0004682479484472424,No
2179,0.0014566577738150954,No
2180,0.0053497664630413055,No
2181,0.008797576650977135,No
2182,0.006348406430333853,No
2183,0.0065483590587973595,No
2184,0.30186212062835693,No
2185,0.8609745502471924,Yes
2186,0.024173226207494736,No
2187,0.01751222461462021,No
2188,0.06681138277053833,No
2189,0.1433698534965515,No
2190,0.0027851343620568514,No
2191,0.0035094006452709436,No
2192,0.8631044626235962,Yes
2193,0.14558695256710052,No
2194,0.028070449829101562,No
2195,0.04895521327853203,No
2196,0.9885099530220032,Yes
2197,0.10863756388425827,No
2198,0.0031192300375550985,No
2199,0.0054539781995117664,No
2200,0.001754762139171362,No
2201,0.0008991853101179004,No
2202,0.13780076801776886,No
2203,0.5793094635009766,Yes
2204,0.0025507621467113495,No
2205,0.003313013119623065,No
2206,0.043217312544584274,No
2207,0.49185875058174133,No
2208,0.000663662503939122,No
2209,0.007108272053301334,No
2210,0.4211353659629822,No
2211,0.18790504336357117,No
2212,0.2496325522661209,No
2213,0.00015602844359818846,No
2214,0.1271996647119522,No
2215,0.5343009233474731,Yes
2216,0.00012334475468378514,No
2217,0.00011354661546647549,No
2218,0.765015184879303,Yes
2219,0.0063177915289998055,No
2220,0.001956271007657051,No
2221,0.011980702169239521,No
2222,0.004142513033002615,No
2223,0.007707661017775536,No
2224,0.008596036583185196,No
2225,0.0013020971091464162,No
2226,0.913460373878479,Yes
2227,0.9319409728050232,Yes
2228,0.00029036880005151033,No
2229,0.0006748709129169583,No
2230,0.0023134329821914434,No
2231,0.009608146734535694,No
2232,0.011218089610338211,No
2233,0.027931002900004387,No
2234,0.029343625530600548,No
2235,0.6272749900817871,Yes
2236,0.0007744376198388636,No
2237,0.0030962361488491297,No
2238,0.3983807861804962,No
2239,0.8126265406608582,Yes
2240,0.9280620813369751,Yes
2241,0.8064217567443848,Yes
2242,0.0010723544983193278,No
2243,0.0011964639415964484,No
2244,0.9792521595954895,Yes
2245,0.654424250125885,Yes
2246,0.0015459004789590836,No
2247,0.000683134188875556,No
2248,0.9916200041770935,Yes
2249,0.952365517616272,Yes
2250,0.00030992436222732067,No
2251,0.002669270383194089,No
2252,0.994653582572937,Yes
2253,0.9983873963356018,Yes
2254,0.0015269252471625805,No
2255,0.003366658464074135,No
2256,0.9581466317176819,Yes
2257,0.9785996675491333,Yes
2258,0.00760159594938159,No
2259,0.000837162893731147,No
2260,0.0038062729872763157,No
2261,0.0056818630546331406,No
2262,0.005743278656154871,No
2263,0.0062963892705738544,No
2264,0.987725555896759,Yes
2265,0.37364184856414795,No
2266,0.026121441274881363,No
2267,0.02291703224182129,No
2268,0.07390572875738144,No
2269,0.07563271373510361,No
2270,0.002069530775770545,No
2271,0.002849421463906765,No
2272,0.6311898827552795,Yes
2273,0.9641026854515076,Yes
2274,0.1148797869682312,No
2275,0.0037888495717197657,No
2276,0.9621503949165344,Yes
2277,0.03888223320245743,No
2278,0.0010958329075947404,No
2279,0.0012736412463709712,No
2280,0.00046080973697826266,No
2281,0.00045201636385172606,No
2282,0.034170206636190414,No
2283,0.28390762209892273,No
2284,0.0001305898476857692,No
2285,0.00022738619009032845,No
2286,0.8845745921134949,Yes
2287,0.01414994802325964,No
2288,0.0024925454054027796,No
2289,0.00027664838125929236,No
2290,0.12279308587312698,No
2291,0.20252534747123718,No
2292,0.00068873749114573,No
2293,0.0005393465980887413,No
2294,0.865829586982727,Yes
2295,0.3273215591907501,No
2296,0.00012301551760174334,No
2297,0.00014999757695477456,No
2298,0.41377997398376465,No
2299,0.286146342754364,No
2300,0.002187043894082308,No
2301,0.0003999270556960255,No
2302,0.006550070364028215,No
2303,0.005290877539664507,No
2304,0.004058393649756908,No
2305,0.038957688957452774,No
2306,0.16508598625659943,No
2307,0.707920253276825,Yes
2308,0.00040219444781541824,No
2309,0.00022763827291782945,No
2310,0.005058114416897297,No
2311,0.002710425527766347,No
2312,0.009815970435738564,No
2313,0.005766913760453463,No
2314,0.052573103457689285,No
2315,0.047922905534505844,No
2316,0.0019042902858927846,No
2317,0.0031625221017748117,No
2318,0.028112605214118958,No
2319,0.9107903838157654,Yes
2320,0.0007702020229771733,No
2321,0.02078542299568653,No
2322,0.8501344919204712,Yes
2323,0.3814431428909302,No
2324,0.0011495935032144189,No
2325,0.0012390118790790439,No
2326,0.7116419672966003,Yes
2327,0.019898787140846252,No
2328,0.00026708870427682996,No
2329,0.000186830700840801,No
2330,0.25400310754776,No
2331,0.1290247142314911,No
2332,0.1488027423620224,No
2333,0.024986790493130684,No
2334,0.7944378852844238,Yes
2335,0.2652692496776581,No
2336,0.0001970956800505519,No
2337,0.0005884652491658926,No
2338,0.3351820409297943,No
2339,0.4670850336551666,No
2340,0.0015079464064911008,No
2341,0.003947628661990166,No
2342,0.0069544450379908085,No
2343,0.0033727267291396856,No
2344,0.06834204494953156,No
2345,0.09272249788045883,No
2346,0.37473446130752563,No
2347,0.5376717448234558,Yes
2348,0.0011109821498394012,No
2349,0.0009439780842512846,No
2350,0.005862433463335037,No
2351,0.011455166153609753,No
2352,0.011592552997171879,No
2353,0.008924278430640697,No
2354,0.23689255118370056,No
2355,0.037537798285484314,No
2356,0.0002901455154642463,No
2357,0.0004117451317142695,No
2358,0.010595391504466534,No
2359,0.9165584444999695,Yes
2360,0.06305652856826782,No
2361,0.0005496391095221043,No
2362,0.5122823119163513,Yes
2363,0.9086123704910278,Yes
2364,0.0003522945917211473,No
2365,0.00078707339707762,No
2366,0.6375747323036194,Yes
2367,0.03685784712433815,No
2368,0.0005523164290934801,No
2369,0.00018588236707728356,No
2370,0.31257015466690063,No
2371,0.32442525029182434,No
2372,0.5280892848968506,Yes
2373,0.0313786081969738,No
2374,0.6390971541404724,Yes
2375,0.7581629753112793,Yes
2376,0.005476172547787428,No
2377,0.00011491267650853842,No
2378,0.42566829919815063,No
2379,0.9394135475158691,Yes
2380,0.0009479763102717698,No
2381,0.006042669527232647,No
2382,0.00241342606022954,No
2383,0.03863070532679558,No
2384,0.009936054237186909,No
2385,0.010842490009963512,No
2386,0.14387020468711853,No
2387,0.05680438503623009,No
2388,0.0011252129916101694,No
2389,0.0015852481592446566,No
2390,0.0051322998479008675,No
2391,0.008411604911088943,No
2392,0.008395315147936344,No
2393,0.027451977133750916,No
2394,0.21533158421516418,No
2395,0.2333923727273941,No
2396,0.00037400040309876204,No
2397,0.0005236954893916845,No
2398,0.898487389087677,Yes
2399,0.8602746725082397,Yes
2400,0.001631647115573287,No
2401,0.0008818861097097397,No
2402,0.4489284157752991,No
2403,0.4389084577560425,No
2404,0.00025167694548144937,No
2405,0.000341452076099813,No
2406,0.2934342622756958,No
2407,0.050402913242578506,No
2408,0.0007812990224920213,No
2409,0.0003948661033064127,No
2410,0.057358965277671814,No
2411,0.02266346849501133,No
2412,0.13635259866714478,No
2413,0.010404219850897789,No
2414,0.7379821538925171,Yes
2415,0.7570437788963318,Yes
2416,0.00025532356812618673,No
2417,0.00015341448306571692,No
2418,0.09329556673765182,No
2419,0.043720878660678864,No
2420,0.0007312302477657795,No
2421,0.00040995507151819766,No
2422,0.0010647372109815478,No
2423,0.018624231219291687,No
2424,0.0011692229891195893,No
2425,0.0010813993867486715,No
2426,0.6321684122085571,Yes
2427,0.4375380873680115,No
2428,0.0005883459816686809,No
2429,0.00031336481333710253,No
2430,0.00282946415245533,No
2431,0.003301288466900587,No
2432,0.0002253952989121899,No
2433,0.0007207705057226121,No
2434,0.007341855205595493,No
2435,0.00470549613237381,No
2436,0.0004916592151857913,No
2437,0.00036118761636316776,No
2438,0.06293146312236786,No
2439,0.8984970450401306,Yes
2440,0.9937308430671692,Yes
2441,0.9848305583000183,Yes
2442,0.000816161569673568,No
2443,0.0005522144492715597,No
2444,0.9611662030220032,Yes
2445,0.9529623985290527,Yes
2446,0.00022363447351381183,No
2447,0.00016392268298659474,No
2448,0.9280911684036255,Yes
2449,0.8649240136146545,Yes
2450,0.0002561276196502149,No
2451,0.00022427314252126962,No
2452,0.9970265030860901,Yes
2453,0.9974093437194824,Yes
2454,0.0025468876119703054,No
2455,0.000536494015250355,No
2456,0.9643543362617493,Yes
2457,0.5027974843978882,Yes
2458,0.00012276195047888905,No
2459,6.0821606894023716e-05,No
2460,0.7312992811203003,Yes
2461,0.01694934256374836,No
2462,0.0005164358881302178,No
2463,0.00039965755422599614,No
2464,0.9897706508636475,Yes
2465,0.998880922794342,Yes
2466,0.005989708937704563,No
2467,0.001541490899398923,No
2468,0.6708477139472961,Yes
2469,0.595031201839447,Yes
2470,0.0010651572374626994,No
2471,0.0009768967283889651,No
2472,0.7311072945594788,Yes
2473,0.9969700574874878,Yes
2474,0.0003607246035244316,No
2475,0.0006760957767255604,No
2476,0.9021884799003601,Yes
2477,0.17031170427799225,No
2478,0.0002758198825176805,No
2479,0.00038016471080482006,No
2480,0.989242434501648,Yes
2481,0.9943995475769043,Yes
2482,0.003844470949843526,No
2483,0.0007104476098902524,No
2484,0.9635158777236938,Yes
2485,0.5618355870246887,Yes
2486,0.00025389832444489,No
2487,0.00021766866848338395,No
2488,0.9611679911613464,Yes
2489,0.9777414798736572,Yes
2490,0.0008387427078559995,No
2491,0.0003100458416156471,No
2492,0.9940412640571594,Yes
2493,0.995961606502533,Yes
2494,0.007002334110438824,No
2495,0.006816703826189041,No
2496,0.9188125729560852,Yes
2497,0.4506551921367645,No
2498,0.0018420302076265216,No
2499,0.0002695386065170169,No
2500,0.006221409421414137,No
2501,0.007525916676968336,No
2502,0.0028256692457944155,No
2503,0.0019425018690526485,No
2504,0.7695138454437256,Yes
2505,0.7812588214874268,Yes
2506,0.006464781705290079,No
2507,0.001735235913656652,No
2508,0.011954504065215588,No
2509,0.008857895620167255,No
2510,0.0009283495601266623,No
2511,0.0013496865285560489,No
2512,0.8914620280265808,Yes
2513,0.43743136525154114,No
2514,0.0007008805987425148,No
2515,0.0016818555304780602,No
2516,0.9980660676956177,Yes
2517,0.997710645198822,Yes
2518,0.0023284214548766613,No
2519,0.0003143112699035555,No
2520,0.0343782976269722,No
2521,0.007122603245079517,No
2522,0.828362762928009,Yes
2523,0.9804617166519165,Yes
2524,0.00010407402442069724,No
2525,0.0005079117836430669,No
2526,0.6772629022598267,Yes
2527,0.2997739911079407,No
2528,0.00038289380609057844,No
2529,0.00021257328626234084,No
2530,0.6208868622779846,Yes
2531,0.5987551808357239,Yes
2532,0.0010563801042735577,No
2533,0.035674456506967545,No
2534,0.9227641820907593,Yes
2535,0.9846188426017761,Yes
2536,0.0001966913405340165,No
2537,0.00013810681411996484,No
2538,0.6553248167037964,Yes
2539,0.2791973650455475,No
2540,0.0009044652106240392,No
2541,0.0016780308214947581,No
2542,0.003602561540901661,No
2543,0.4051111340522766,No
2544,0.011971946805715561,No
2545,0.001592917600646615,No
2546,0.851919412612915,Yes
2547,0.04842158406972885,No
2548,0.0007080641225911677,No
2549,0.0003811978385783732,No
2550,0.0015103863552212715,No
2551,0.002001404296606779,No
2552,0.006265804171562195,No
2553,0.0007411004626192153,No
2554,0.009601990692317486,No
2555,0.9274166226387024,Yes
2556,0.0007425187504850328,No
2557,5.398544453782961e-05,No
2558,0.0729508027434349,No
2559,0.010660692118108273,No
2560,0.9930806159973145,Yes
2561,0.993913471698761,Yes
2562,0.006465173792093992,No
2563,0.008699458092451096,No
2564,0.9428138732910156,Yes
2565,0.9576839804649353,Yes
2566,0.0002461354888509959,No
2567,0.0005089312908239663,No
2568,0.9217164516448975,Yes
2569,0.9154025316238403,Yes
2570,0.000137940893182531,No
2571,0.00039153220131993294,No
2572,0.9939258694648743,Yes
2573,0.9987109303474426,Yes
2574,0.0007939807837828994,No
2575,0.000724881305359304,No
2576,0.09506724029779434,No
2577,0.613725483417511,Yes
2578,0.00012136914301663637,No
2579,0.0001691705983830616,No
2580,0.0012875029351562262,No
2581,0.005931124556809664,No
2582,0.00034539643093012273,No
2583,0.0012387371389195323,No
2584,0.9970141053199768,Yes
2585,0.9794332981109619,Yes
2586,0.010480326600372791,No
2587,0.0041189659386873245,No
2588,0.020749663934111595,No
2589,0.014060800895094872,No
2590,0.0007703518494963646,No
2591,0.0008162216981872916,No
2592,0.300931841135025,No
2593,0.9937563538551331,Yes
2594,0.0005482734995894134,No
2595,0.0008456367650069296,No
2596,0.9976811408996582,Yes
2597,0.8383274078369141,Yes
2598,0.0012292908504605293,No
2599,0.0006783109274692833,No
2600,0.07739763706922531,No
2601,0.28957855701446533,No
2602,0.0034943483769893646,No
2603,0.76368647813797,Yes
2604,0.0002344994427403435,No
2605,0.0003627555270213634,No
2606,0.5927037596702576,Yes
2607,0.49999943375587463,No
2608,0.00017486703291069716,No
2609,0.0002442226395942271,No
2610,0.47821396589279175,No
2611,0.006745066959410906,No
2612,0.00489536439999938,No
2613,0.020349308848381042,No
2614,0.2991750240325928,No
2615,0.9129005670547485,Yes
2616,0.0011729404795914888,No
2617,0.00013558793580159545,No
2618,0.0846526026725769,No
2619,0.4049234092235565,No
2620,0.0003222125815227628,No
2621,0.00017798796761780977,No
2622,0.0024084707256406546,No
2623,0.0027810558676719666,No
2624,0.007282137870788574,No
2625,0.0010341795859858394,No
2626,0.038466453552246094,No
2627,0.18858250975608826,No
2628,0.000853793928399682,No
2629,0.0008373185410164297,No
2630,0.004831231664866209,No
2631,0.004344344139099121,No
2632,0.0032923161052167416,No
2633,0.0003600428462959826,No
2634,0.2108919322490692,No
2635,0.5424454212188721,Yes
2636,0.00035083218244835734,No
2637,0.00023491161118727177,No
2638,0.950800359249115,Yes
2639,0.9078855514526367,Yes
2640,0.0002539867418818176,No
2641,0.004347434267401695,No
2642,0.5771482586860657,Yes
2643,0.4273941218852997,No
2644,0.0001604045246494934,No
2645,0.00017589717754162848,No
2646,0.23496806621551514,No
2647,0.02145453356206417,No
2648,0.00015066660125739872,No
2649,0.0001516210613772273,No
2650,0.014513017609715462,No
2651,0.008240991272032261,No
2652,0.019800299778580666,No
2653,0.015315043739974499,No
2654,0.7851929068565369,Yes
2655,0.784403920173645,Yes
2656,0.0001065338947228156,No
2657,0.0003141159249935299,No
2658,0.385763943195343,No
2659,0.07512268424034119,No
2660,0.00020080148533452302,No
2661,0.00025220619863830507,No
2662,0.03378623351454735,No
2663,0.06607042998075485,No
2664,0.0006821576971560717,No
2665,0.0011332493741065264,No
2666,0.45885080099105835,No
2667,0.6364573836326599,Yes
2668,0.0004672414215747267,No
2669,0.0006527167279273272,No
2670,0.002558734966441989,No
2671,0.008847863413393497,No
2672,0.00018041630391962826,No
2673,0.0005694364081136882,No
2674,0.7046347260475159,Yes
2675,0.037543583661317825,No
2676,0.0002462957927491516,No
2677,7.391327380901203e-05,No
2678,0.87176913022995,Yes
2679,0.03384188190102577,No
2680,0.971192479133606,Yes
2681,0.9972591996192932,Yes
2682,0.0017767378594726324,No
2683,0.0013489675475284457,No
2684,0.6620941758155823,Yes
2685,0.7478718161582947,Yes
2686,0.0005625927587971091,No
2687,0.001138565712608397,No
2688,0.8724393844604492,Yes
2689,0.7457032203674316,Yes
2690,0.0005481111002154648,No
2691,0.00043727224692702293,No
2692,0.9934297800064087,Yes
2693,0.9927706718444824,Yes
2694,0.0014516926603391767,No
2695,0.0016169034643098712,No
2696,0.033724330365657806,No
2697,0.029184846207499504,No
2698,0.0005215295823290944,No
2699,0.00027397979283705354,No
2700,0.5874754786491394,Yes
2701,0.0030639527831226587,No
2702,0.000936879136133939,No
2703,0.0009129426907747984,No
2704,0.997481644153595,Yes
2705,0.9976555109024048,Yes
2706,0.006129973102360964,No
2707,0.001091299462132156,No
2708,0.6717959642410278,Yes
2709,0.5059699416160583,Yes
2710,0.0018447225447744131,No
2711,0.0018768185982480645,No
2712,0.8128728866577148,Yes
2713,0.3673303723335266,No
2714,0.0012922841124236584,No
2715,0.005050952080637217,No
2716,0.9542620182037354,Yes
2717,0.5481241941452026,Yes
2718,0.003763606771826744,No
2719,0.0017522439593449235,No
2720,0.9946860074996948,Yes
2721,0.997075080871582,Yes
2722,0.003233141265809536,No
2723,0.005143865942955017,No
2724,0.9700943231582642,Yes
2725,0.9071730971336365,Yes
2726,0.0008988421177491546,No
2727,0.00017735344590619206,No
2728,0.9750037789344788,Yes
2729,0.9729114770889282,Yes
2730,0.00031633005710318685,No
2731,0.0008690318209119141,No
2732,0.9978065490722656,Yes
2733,0.9987806677818298,Yes
2734,0.017613869160413742,No
2735,0.005180825479328632,No
2736,0.9544408917427063,Yes
2737,0.8451777100563049,Yes
2738,0.0002565285249147564,No
2739,0.00022603885736316442,No
2740,0.06641115248203278,No
2741,0.7239975929260254,Yes
2742,0.0025531859137117863,No
2743,0.0055119190365076065,No
2744,0.9545573592185974,Yes
2745,0.2391582429409027,No
2746,0.00737022515386343,No
2747,0.008373847231268883,No
2748,0.018273722380399704,No
2749,0.01889955624938011,No
2750,0.0024564657360315323,No
2751,0.0015342279803007841,No
2752,0.9530331492424011,Yes
2753,0.9874591827392578,Yes
2754,0.010077127255499363,No
2755,0.0007927373517304659,No
2756,0.9950999617576599,Yes
2757,0.31123507022857666,No
2758,0.0009380335686728358,No
2759,0.0007210674812085927,No
2760,0.9967771172523499,Yes
2761,0.995986819267273,Yes
2762,0.022762054577469826,No
2763,0.044592153280973434,No
2764,0.9717994332313538,Yes
2765,0.915941059589386,Yes
2766,0.0002896194637287408,No
2767,0.000634484167676419,No
2768,0.9694896936416626,Yes
2769,0.9773483872413635,Yes
2770,0.000789778190664947,No
2771,0.0010608866577968001,No
2772,0.9978476762771606,Yes
2773,0.9984291791915894,Yes
2774,0.0034317276440560818,No
2775,0.001344885677099228,No
2776,0.9314668774604797,Yes
2777,0.8472399115562439,Yes
2778,0.00023832079023122787,No
2779,0.0004829598474316299,No
2780,0.05264563858509064,No
2781,0.4363529086112976,No
2782,0.004136187024414539,No
2783,0.0004379764723125845,No
2784,0.9598255157470703,Yes
2785,0.9814856052398682,Yes
2786,0.004878787789493799,No
2787,0.003096087370067835,No
2788,0.028851579874753952,No
2789,0.01594182290136814,No
2790,0.0009121329057961702,No
2791,0.002438310068100691,No
2792,0.9904178380966187,Yes
2793,0.9848476648330688,Yes
2794,0.0012083678739145398,No
2795,0.0018143454799428582,No
2796,0.7915881276130676,Yes
2797,0.2819713354110718,No
2798,0.00105343631003052,No
2799,0.00038279301952570677,No
2800,0.002648958470672369,No
2801,0.002648108871653676,No
2802,0.11645609885454178,No
2803,0.28587281703948975,No
2804,0.00036724033998325467,No
2805,0.0004451982385944575,No
2806,0.6231187582015991,Yes
2807,0.5109785795211792,Yes
2808,0.0007603180129081011,No
2809,0.000704584876075387,No
2810,0.04170699417591095,No
2811,0.6502099633216858,Yes
2812,0.3264335095882416,No
2813,0.018702562898397446,No
2814,0.7431924343109131,Yes
2815,0.9480485320091248,Yes
2816,0.00019999111827928573,No
2817,0.0001985230774153024,No
2818,0.6280384063720703,Yes
2819,0.2392747402191162,No
2820,0.0004945656983181834,No
2821,0.0003698119253385812,No
2822,0.09159738570451736,No
2823,0.0020663856994360685,No
2824,0.0022281392011791468,No
2825,0.01078792568296194,No
2826,0.04139132425189018,No
2827,0.37636420130729675,No
2828,0.001264756778255105,No
2829,0.0007578131626360118,No
2830,0.0028519369661808014,No
2831,0.004226045683026314,No
2832,0.014850140549242496,No
2833,0.006811814848333597,No
2834,0.5492322444915771,Yes
2835,0.008547698147594929,No
2836,0.00033035039086826146,No
2837,0.001475765137001872,No
2838,0.01676839403808117,No
2839,0.9265071749687195,Yes
2840,0.01575736701488495,No
2841,0.0008822145173326135,No
2842,0.07328180968761444,No
2843,0.9166244864463806,Yes
2844,0.003921532537788153,No
2845,0.00028692957130260766,No
2846,0.08202006667852402,No
2847,0.057969119399785995,No
2848,0.0009674601024016738,No
2849,0.0005494996439665556,No
2850,0.282358855009079,No
2851,0.39592739939689636,No
2852,0.2369733452796936,No
2853,0.0058502922765910625,No
2854,0.7682181596755981,Yes
2855,0.7952048182487488,Yes
2856,0.0001262726727873087,No
2857,0.00025449524400755763,No
2858,0.13080604374408722,No
2859,0.005244845058768988,No
2860,0.001353296684101224,No
2861,0.004184558056294918,No
2862,0.0012644820380955935,No
2863,0.0026680482551455498,No
2864,0.0014020680682733655,No
2865,0.0017240085871890187,No
2866,0.06292713433504105,No
2867,0.5629905462265015,Yes
2868,0.0008084582514129579,No
2869,0.0004916437901556492,No
2870,0.00255392212420702,No
2871,0.003955446183681488,No
2872,0.0020828149281442165,No
2873,0.05277309939265251,No
2874,0.08715396374464035,No
2875,0.00835257489234209,No
2876,0.0008223735494539142,No
2877,0.0001451077696401626,No
2878,0.289407342672348,No
2879,0.02634669654071331,No
2880,0.9527645707130432,Yes
2881,0.9929261803627014,Yes
2882,0.002746847691014409,No
2883,0.0014547461178153753,No
2884,0.9822230339050293,Yes
2885,0.9752228856086731,Yes
2886,0.00030116469133645296,No
2887,0.00029497165814973414,No
2888,0.801230788230896,Yes
2889,0.9270931482315063,Yes
2890,0.0004211185732856393,No
2891,0.00013589578156825155,No
2892,0.9933934211730957,Yes
2893,0.9980977773666382,Yes
2894,0.007405142765492201,No
2895,0.001288068713620305,No
2896,0.8632552623748779,Yes
2897,0.36686474084854126,No
2898,0.00013444638170767576,No
2899,6.90073284204118e-05,No
2900,0.007996240630745888,No
2901,0.30010178685188293,No
2902,0.0010948540875688195,No
2903,0.0005102892173454165,No
2904,0.7762386202812195,Yes
2905,0.9670611023902893,Yes
2906,0.005350366700440645,No
2907,0.0028153483290225267,No
2908,0.045096952468156815,No
2909,0.029027709737420082,No
2910,0.0008727600798010826,No
2911,0.0011409124126657844,No
2912,0.9825762510299683,Yes
2913,0.7633809447288513,Yes
2914,0.0006015667458996177,No
2915,0.0016938303597271442,No
2916,0.9938052296638489,Yes
2917,0.9966723918914795,Yes
2918,0.0008010353776626289,No
2919,0.00034629693254828453,No
2920,0.9933544993400574,Yes
2921,0.9962550401687622,Yes
2922,0.0011596273398026824,No
2923,0.02090791054069996,No
2924,0.9750368595123291,Yes
2925,0.8446341753005981,Yes
2926,0.0003066181670874357,No
2927,0.0005231076502241194,No
2928,0.9372007846832275,Yes
2929,0.9475619792938232,Yes
2930,0.0004790171224158257,No
2931,0.00021609387476928532,No
2932,0.9974468946456909,Yes
2933,0.9983911514282227,Yes
2934,0.005446948576718569,No
2935,0.000869872746989131,No
2936,0.9389181733131409,Yes
2937,0.9889762997627258,Yes
2938,0.0002668674860615283,No
2939,0.0002709988330025226,No
2940,0.009470688179135323,No
2941,0.007963934913277626,No
2942,0.001621174975298345,No
2943,0.0017092091729864478,No
2944,0.8200376629829407,Yes
2945,0.5798671841621399,Yes
2946,0.0022195028141140938,No
2947,0.005481215659528971,No
2948,0.02443873882293701,No
2949,0.015560605563223362,No
2950,0.0006630809511989355,No
2951,0.000805546878837049,No
2952,0.19768980145454407,No
2953,0.6559369564056396,Yes
2954,0.0006767960148863494,No
2955,0.007312290836125612,No
2956,0.9987484812736511,Yes
2957,0.3246816098690033,No
2958,0.00034615083131939173,No
2959,0.00035274826223030686,No
2960,0.97077876329422,Yes
2961,0.988184928894043,Yes
2962,0.0009407938923686743,No
2963,0.006093005649745464,No
2964,0.6998975276947021,Yes
2965,0.9353785514831543,Yes
2966,0.0007909950218163431,No
2967,0.0004228050238452852,No
2968,0.8806935548782349,Yes
2969,0.861441433429718,Yes
2970,0.0007020118064247072,No
2971,0.001046875142492354,No
2972,0.9840081930160522,Yes
2973,0.9907280802726746,Yes
2974,0.0019176892237737775,No
2975,0.002295408397912979,No
2976,0.7062085270881653,Yes
2977,0.7828218936920166,Yes
2978,0.0004051770956721157,No
2979,0.0005892686313018203,No
2980,0.0029917501378804445,No
2981,0.003545243525877595,No
2982,0.002926354529336095,No
2983,0.0038548000156879425,No
2984,0.161586195230484,No
2985,0.6813886761665344,Yes
2986,0.003763431217521429,No
2987,0.0022307951003313065,No
2988,0.018824627622961998,No
2989,0.01847813092172146,No
2990,0.0013306097825989127,No
2991,0.0018255905015394092,No
2992,0.8219793438911438,Yes
2993,0.11968741565942764,No
2994,0.005150921642780304,No
2995,0.01315223053097725,No
2996,0.98411625623703,Yes
2997,0.08778544515371323,No
2998,0.0010594428749755025,No
2999,0.0018187036039307714,No
3000,0.0014313716674223542,No
3001,0.001302364282310009,No
3002,0.38132044672966003,No
3003,0.7717188000679016,Yes
3004,0.0012993422569707036,No
3005,0.0004488878767006099,No
3006,0.024099506437778473,No
3007,0.4077375531196594,No
3008,0.0007200900581665337,No
3009,0.0011647504288703203,No
3010,0.4863429665565491,No
3011,0.3847843110561371,No
3012,0.3068428337574005,No
3013,0.000341554987244308,No
3014,0.4402739703655243,No
3015,0.7109399437904358,Yes
3016,0.00019389310909900814,No
3017,0.00010821386240422726,No
3018,0.5400636792182922,Yes
3019,0.0026630302891135216,No
3020,0.0010604183189570904,No
3021,0.006811019964516163,No
3022,0.011765225790441036,No
3023,0.006310901138931513,No
3024,0.001694082049652934,No
3025,0.0002863042464014143,No
3026,0.8158864974975586,Yes
3027,0.8968566656112671,Yes
3028,0.000344099011272192,No
3029,0.00034061630140058696,No
3030,0.0020966725423932076,No
3031,0.00612435769289732,No
3032,0.006350042298436165,No
3033,0.008732181042432785,No
3034,0.06928721815347672,No
3035,0.5191830396652222,Yes
3036,0.000539767905138433,No
3037,0.0003734371857717633,No
3038,0.28882694244384766,No
3039,0.933137834072113,Yes
3040,0.9890384674072266,Yes
3041,0.9851313829421997,Yes
3042,0.001022782758809626,No
3043,0.0014818459749221802,No
3044,0.9013960361480713,Yes
3045,0.6191338896751404,Yes
3046,0.0013782589230686426,No
3047,0.00038253923412412405,No
3048,0.9874055981636047,Yes
3049,0.9425007700920105,Yes
3050,0.0003990548138972372,No
3051,0.0013397178845480084,No
3052,0.9942142367362976,Yes
3053,0.9984251260757446,Yes
3054,0.0016301621217280626,No
3055,0.0030934433452785015,No
3056,0.9497694373130798,Yes
3057,0.9654174447059631,Yes
3058,0.0015249582938849926,No
3059,0.000295545207336545,No
3060,0.003086014883592725,No
3061,0.004527130164206028,No
3062,0.004743663594126701,No
3063,0.004687067586928606,No
3064,0.9627754092216492,Yes
3065,0.03044593147933483,No
3066,0.004251756239682436,No
3067,0.006013610865920782,No
3068,0.025279909372329712,No
3069,0.016697464510798454,No
3070,0.0012530110543593764,No
3071,0.0013337761629372835,No
3072,0.3204036056995392,No
3073,0.9585967063903809,Yes
3074,0.011482173576951027,No
3075,0.0007518165512010455,No
3076,0.9613443613052368,Yes
3077,0.11876897513866425,No
3078,0.0011781747452914715,No
3079,0.0005587947671301663,No
3080,0.0002881770196836442,No
3081,0.00031165938707999885,No
3082,0.29275527596473694,No
3083,0.5446648597717285,Yes
3084,0.00014388433191925287,No
3085,0.00019881935440935194,No
3086,0.6222369074821472,Yes
3087,0.03334547579288483,No
3088,0.0016972327139228582,No
3089,0.00018811083282344043,No
3090,0.3273489773273468,No
3091,0.42872583866119385,No
3092,0.0010460370685905218,No
3093,0.002138889394700527,No
3094,0.9100172519683838,Yes
3095,0.6620984077453613,Yes
3096,0.0001504170650150627,No
3097,0.00011986995377810672,No
3098,0.29235345125198364,No
3099,0.18496374785900116,No
3100,0.0013446796219795942,No
3101,0.00024154447601176798,No
3102,0.008835071697831154,No
3103,0.016217278316617012,No
3104,0.0008404485415667295,No
3105,0.002378760138526559,No
3106,0.057766545563936234,No
3107,0.40207913517951965,No
3108,0.00039409022429026663,No
3109,0.00013738423876930028,No
3110,0.007886065170168877,No
3111,0.0030338207725435495,No
3112,0.0032507667783647776,No
3113,0.002405507257208228,No
3114,0.12445124983787537,No
3115,0.10332127660512924,No
3116,0.0007941416115500033,No
3117,0.0006538325105793774,No
3118,0.04625868797302246,No
3119,0.9513623714447021,Yes
3120,0.0009590061963535845,No
3121,0.037333764135837555,No
3122,0.7924512624740601,Yes
3123,0.7374059557914734,Yes
3124,0.0005730167613364756,No
3125,0.0006943025509826839,No
3126,0.40381959080696106,No
3127,0.04191872850060463,No
3128,0.00029854822787456214,No
3129,0.00024300180666614324,No
3130,0.36181744933128357,No
3131,0.19761453568935394,No
3132,0.17813442647457123,No
3133,0.09976555407047272,No
3134,0.8219335675239563,Yes
3135,0.20762157440185547,No
3136,0.00019926110689993948,No
3137,0.00016408380179200321,No
3138,0.19392703473567963,No
3139,0.2117459923028946,No
3140,0.0007098774658516049,No
3141,0.0018316300120204687,No
3142,0.011245885863900185,No
3143,0.00548716401681304,No
3144,0.0020906475838273764,No
3145,0.013016119599342346,No
3146,0.11100661754608154,No
3147,0.23864342272281647,No
3148,0.0008926391019485891,No
3149,0.0004285654576960951,No
3150,0.0036068246699869633,No
3151,0.005772150121629238,No
3152,0.005222715437412262,No
3153,0.004927746020257473,No
3154,0.12090563774108887,No
3155,0.01008640881627798,No
3156,9.257236524717882e-05,No
3157,0.00012779216922353953,No
3158,0.01577233336865902,No
3159,0.8454327583312988,Yes
3160,0.10144951939582825,No
3161,0.0006655740435235202,No
3162,0.7996306419372559,Yes
3163,0.9428330659866333,Yes
3164,0.00028839820879511535,No
3165,0.00036624117637984455,No
3166,0.40163588523864746,No
3167,0.0738830640912056,No
3168,0.0009790011681616306,No
3169,0.0002621069143060595,No
3170,0.38707754015922546,No
3171,0.3037015497684479,No
3172,0.6489961743354797,Yes
3173,0.20128776133060455,No
3174,0.5307058691978455,Yes
3175,0.8447326421737671,Yes
3176,0.001152406563051045,No
3177,8.459259697701782e-05,No
3178,0.0839414969086647,No
3179,0.6235471367835999,Yes
3180,0.0005558005068451166,No
3181,0.004946341272443533,No
3182,0.0034887155052274466,No
3183,0.09486730396747589,No
3184,0.0014164297608658671,No
3185,0.001737841870635748,No
3186,0.0446183905005455,No
3187,0.009525081142783165,No
3188,0.0008526945021003485,No
3189,0.0006160347256809473,No
3190,0.0032521209213882685,No
3191,0.004362715408205986,No
3192,0.002454102272167802,No
3193,0.01228617038577795,No
3194,0.08720306307077408,No
3195,0.046998199075460434,No
3196,0.00015343353152275085,No
3197,0.00010913320147665218,No
3198,0.900830864906311,Yes
3199,0.8477813601493835,Yes
3200,0.004292956553399563,No
3201,0.0008553551742807031,No
3202,0.29248514771461487,No
3203,0.11808527261018753,No
3204,0.00029051152523607016,No
3205,0.0003682933747768402,No
3206,0.5398470163345337,Yes
3207,0.05664023011922836,No
3208,0.0008065650472417474,No
3209,0.0004233499930705875,No
3210,0.11273714154958725,No
3211,0.08161256462335587,No
3212,0.09750304371118546,No
3213,0.0026375988963991404,No
3214,0.743684709072113,Yes
3215,0.6680827736854553,Yes
3216,0.00027515567489899695,No
3217,0.00027436192613095045,No
3218,0.12468311935663223,No
3219,0.03144330903887749,No
3220,0.001118735526688397,No
3221,0.0004404624633025378,No
3222,0.000597412115894258,No
3223,0.007819846272468567,No
3224,0.003054946893826127,No
3225,0.0028382446616888046,No
3226,0.9196707010269165,Yes
3227,0.856111466884613,Yes
3228,0.00046567266690544784,No
3229,0.0005387478158809245,No
3230,0.004828657954931259,No
3231,0.003752873744815588,No
3232,0.00047179809189401567,No
3233,0.0006797301466576755,No
3234,0.02365199849009514,No
3235,0.004294867627322674,No
3236,0.0005973642691969872,No
3237,0.0005756308091804385,No
3238,0.20336578786373138,No
3239,0.8146706819534302,Yes
3240,0.9960402846336365,Yes
3241,0.9906159043312073,Yes
3242,0.0008383500971831381,No
3243,0.0004962027305737138,No
3244,0.995072066783905,Yes
3245,0.9943383932113647,Yes
3246,0.00020527916785795242,No
3247,0.00033016441739164293,No
3248,0.9670930504798889,Yes
3249,0.9247571229934692,Yes
3250,0.00033193110721185803,No
3251,0.00031073944410309196,No
3252,0.9987709522247314,Yes
3253,0.9986383318901062,Yes
3254,0.0008594428072683513,No
3255,0.00040073072887025774,No
3256,0.995074450969696,Yes
3257,0.8143346905708313,Yes
3258,0.0001449178671464324,No
3259,0.0001373786508338526,No
3260,0.46494680643081665,No
3261,0.0035995994694530964,No
3262,0.000394501636037603,No
3263,0.0003991710545960814,No
3264,0.9893046617507935,Yes
3265,0.99950110912323,Yes
3266,0.04245258867740631,No
3267,0.010160122066736221,No
3268,0.3907979130744934,No
3269,0.3216010630130768,No
3270,0.00160980096552521,No
3271,0.001321794232353568,No
3272,0.3414613902568817,No
3273,0.9938212633132935,Yes
3274,0.0006087826914153993,No
3275,0.00074567343108356,No
3276,0.9456878900527954,Yes
3277,0.025939468294382095,No
3278,0.0005026013241149485,No
3279,0.0009770169854164124,No
3280,0.9578050971031189,Yes
3281,0.9936513304710388,Yes
3282,0.002901732688769698,No
3283,0.0009394771186634898,No
3284,0.995137631893158,Yes
3285,0.8528228998184204,Yes
3286,0.00030359067022800446,No
3287,0.0005278876633383334,No
3288,0.9676550030708313,Yes
3289,0.987601637840271,Yes
3290,0.00073496118420735,No
3291,0.0002685090876184404,No
3292,0.9967426061630249,Yes
3293,0.99617600440979,Yes
3294,0.005552511662244797,No
3295,0.004839165601879358,No
3296,0.940743625164032,Yes
3297,0.8088642358779907,Yes
3298,0.006643195636570454,No
3299,0.0005537985707633197,No
3300,0.003388156183063984,No
3301,0.00419191736727953,No
3302,0.0028995831962674856,No
3303,0.0016064901137724519,No
3304,0.8219553828239441,Yes
3305,0.9699470400810242,Yes
3306,0.04879101365804672,No
3307,0.03303130716085434,No
3308,0.015070054680109024,No
3309,0.034747447818517685,No
3310,0.001415675156749785,No
3311,0.0015494446270167828,No
3312,0.8969386219978333,Yes
3313,0.3753136396408081,No
3314,0.001785586355254054,No
3315,0.0024460956919938326,No
3316,0.9968621134757996,Yes
3317,0.9964643120765686,Yes
3318,0.00289516500197351,No
3319,0.0006253040628507733,No
3320,0.026644287630915642,No
3321,0.002844105241820216,No
3322,0.597283661365509,Yes
3323,0.9037739634513855,Yes
3324,0.0001345409546047449,No
3325,0.00048092074575833976,No
3326,0.8452481627464294,Yes
3327,0.6290215253829956,Yes
3328,0.0003968191740568727,No
3329,0.00019728437473531812,No
3330,0.6333757042884827,Yes
3331,0.5707228183746338,Yes
3332,0.0007495345780625939,No
3333,0.005374874919652939,No
3334,0.9279106855392456,Yes
3335,0.9885395169258118,Yes
3336,0.00016424366913270205,No
3337,0.0002757144975475967,No
3338,0.8878512978553772,Yes
3339,0.1761622577905655,No
3340,0.0011255565332248807,No
3341,0.0016429525567218661,No
3342,0.002437222981825471,No
3343,0.12200380116701126,No
3344,0.09833095967769623,No
3345,0.01616058684885502,No
3346,0.929404616355896,Yes
3347,0.42345505952835083,No
3348,0.0008015890489332378,No
3349,0.0006984864012338221,No
3350,0.002180990530177951,No
3351,0.0018846680177375674,No
3352,0.003215051256120205,No
3353,0.0011790472781285644,No
3354,0.046020518988370895,No
3355,0.9427857995033264,Yes
3356,0.0013529007555916905,No
3357,0.00030618763412348926,No
3358,0.08116447180509567,No
3359,0.034047290682792664,No
3360,0.9735023975372314,Yes
3361,0.9859520196914673,Yes
3362,0.008684614673256874,No
3363,0.0051816836930811405,No
3364,0.9911242127418518,Yes
3365,0.9913721084594727,Yes
3366,0.0003703116381075233,No
3367,0.0007815947756171227,No
3368,0.9585201144218445,Yes
3369,0.8751475811004639,Yes
3370,0.00016847779625095427,No
3371,0.0003782245621550828,No
3372,0.9961404204368591,Yes
3373,0.9988644123077393,Yes
3374,0.0007542207022197545,No
3375,0.0005002543912269175,No
3376,0.6981984376907349,Yes
3377,0.5116919279098511,Yes
3378,0.0001308212522417307,No
3379,0.00043458121945150197,No
3380,0.001749548246152699,No
3381,0.0032504776027053595,No
3382,0.00037476164288818836,No
3383,0.001098458655178547,No
3384,0.9993191957473755,Yes
3385,0.9971203207969666,Yes
3386,0.038636285811662674,No
3387,0.028485678136348724,No
3388,0.023323241621255875,No
3389,0.025478295981884003,No
3390,0.0011643341276794672,No
3391,0.0010938531486317515,No
3392,0.12467871606349945,No
3393,0.9851421117782593,Yes
3394,0.0007340256124734879,No
3395,0.000825890339910984,No
3396,0.9952669143676758,Yes
3397,0.791236162185669,Yes
3398,0.001219985424540937,No
3399,0.0008276152657344937,No
3400,0.04268845170736313,No
3401,0.23980720341205597,No
3402,0.0018410966731607914,No
3403,0.7269747257232666,Yes
3404,0.00023551292542833835,No
3405,0.00048613466788083315,No
3406,0.8334944844245911,Yes
3407,0.5782290101051331,Yes
3408,0.0001619806862436235,No
3409,0.00021367648150771856,No
3410,0.5414655804634094,Yes
3411,0.01892632246017456,No
3412,0.0033573894761502743,No
3413,0.009000264108181,No
3414,0.3559671938419342,No
3415,0.9797490239143372,Yes
3416,0.0027579411398619413,No
3417,0.00022186609567143023,No
3418,0.4058966338634491,No
3419,0.45637422800064087,No
3420,0.00034318576217629015,No
3421,0.00015401648124679923,No
3422,0.0010802986798807979,No
3423,0.0016759812133386731,No
3424,0.07976604998111725,No
3425,0.014540350064635277,No
3426,0.16243019700050354,No
3427,0.8811408877372742,Yes
3428,0.001058081048540771,No
3429,0.001578989322297275,No
3430,0.00687378877773881,No
3431,0.003712325356900692,No
3432,0.007865317165851593,No
3433,0.0006628385744988918,No
3434,0.6119367480278015,Yes
3435,0.6869833469390869,Yes
3436,0.001213893061503768,No
3437,0.0012976516736671329,No
3438,0.9779599905014038,Yes
3439,0.7661647200584412,Yes
3440,0.0003841017314698547,No
3441,0.013973042368888855,No
3442,0.7110535502433777,Yes
3443,0.1805998831987381,No
3444,0.00017415685579180717,No
3445,0.00023691164096817374,No
3446,0.564727246761322,Yes
3447,0.02532191015779972,No
3448,0.0002685660438146442,No
3449,0.00017897952056955546,No
3450,0.03866775333881378,No
3451,0.02266531251370907,No
3452,0.011769039556384087,No
3453,0.005899603944271803,No
3454,0.8645239472389221,Yes
3455,0.8964752554893494,Yes
3456,0.00013813011173624545,No
3457,0.001228597480803728,No
3458,0.5377781987190247,Yes
3459,0.17624333500862122,No
3460,0.000155267960508354,No
3461,0.00019275708473287523,No
3462,0.020646478980779648,No
3463,0.03165672719478607,No
3464,0.0032611554488539696,No
3465,0.006250487174838781,No
3466,0.923339307308197,Yes
3467,0.9416763782501221,Yes
3468,0.0003903928736690432,No
3469,0.0009759980021044612,No
3470,0.004190306179225445,No
3471,0.008272899314761162,No
3472,0.0006691229064017534,No
3473,0.001163867418654263,No
3474,0.9015915393829346,Yes
3475,0.09052420407533646,No
3476,0.0004155931528657675,No
3477,0.0005344566889107227,No
3478,0.8933331966400146,Yes
3479,0.04043905809521675,No
3480,0.9783114790916443,Yes
3481,0.9981695413589478,Yes
3482,0.0014724155189469457,No
3483,0.0011030115419998765,No
3484,0.9151504039764404,Yes
3485,0.8931801915168762,Yes
3486,0.0004667202883865684,No
3487,0.0015128193190321326,No
3488,0.9743521809577942,Yes
3489,0.8740666508674622,Yes
3490,0.0009942500619217753,No
3491,0.0006173988804221153,No
3492,0.9979844689369202,Yes
3493,0.995631217956543,Yes
3494,0.0011103162541985512,No
3495,0.0009825078304857016,No
3496,0.5084450840950012,Yes
3497,0.2779925465583801,No
3498,0.00046469157678075135,No
3499,0.0002597325947135687,No
3500,0.44091495871543884,No
3501,0.0020653565879911184,No
3502,0.0006215056637302041,No
3503,0.0006781253614462912,No
3504,0.9994221329689026,Yes
3505,0.99924635887146,Yes
3506,0.05576701834797859,No
3507,0.01005709357559681,No
3508,0.5425174832344055,Yes
3509,0.45639264583587646,No
3510,0.002499121008440852,No
3511,0.001638384535908699,No
3512,0.6587162613868713,Yes
3513,0.4121953845024109,No
3514,0.0019222658593207598,No
3515,0.007404731586575508,No
3516,0.9765539169311523,Yes
3517,0.47618013620376587,No
3518,0.003413116792216897,No
3519,0.002090876456350088,No
3520,0.9949057698249817,Yes
3521,0.9970805048942566,Yes
3522,0.0048125553876161575,No
3523,0.005159447435289621,No
3524,0.9959608912467957,Yes
3525,0.9858982563018799,Yes
3526,0.0007953462190926075,No
3527,0.0002508829056750983,No
3528,0.9702637791633606,Yes
3529,0.9843777418136597,Yes
3530,0.0003245309053454548,No
3531,0.0008640632731840014,No
3532,0.9985032677650452,Yes
3533,0.9989196062088013,Yes
3534,0.011632926762104034,No
3535,0.004195522516965866,No
3536,0.9722465872764587,Yes
3537,0.877644419670105,Yes
3538,0.0002436439535813406,No
3539,0.0007556422497145832,No
3540,0.013283400796353817,No
3541,0.13081462681293488,No
3542,0.002507826080545783,No
3543,0.004735131282359362,No
3544,0.9559893012046814,Yes
3545,0.8646547794342041,Yes
3546,0.08563532680273056,No
3547,0.048303551971912384,No
3548,0.03392121568322182,No
3549,0.036065876483917236,No
3550,0.005730862729251385,No
3551,0.0013762841699644923,No
3552,0.9883546233177185,Yes
3553,0.9946578741073608,Yes
3554,0.02350861020386219,No
3555,0.0015522625762969255,No
3556,0.9926906228065491,Yes
3557,0.22155092656612396,No
3558,0.004503101576119661,No
3559,0.0015298080397769809,No
3560,0.9891172647476196,Yes
3561,0.9949570298194885,Yes
3562,0.07184335589408875,No
3563,0.08270099759101868,No
3564,0.9941398501396179,Yes
3565,0.9869951605796814,Yes
3566,0.0002549485652707517,No
3567,0.0009626619867049158,No
3568,0.9262799620628357,Yes
3569,0.9778674840927124,Yes
3570,0.0007147841970436275,No
3571,0.002372975228354335,No
3572,0.9988947510719299,Yes
3573,0.9987784028053284,Yes
3574,0.0025732743088155985,No
3575,0.0006522660842165351,No
3576,0.9441509246826172,Yes
3577,0.8561921715736389,Yes
3578,0.0007177405059337616,No
3579,0.0013107919367030263,No
3580,0.019385362043976784,No
3581,0.1232316792011261,No
3582,0.003254724433645606,No
3583,0.00036170531529933214,No
3584,0.98884516954422,Yes
3585,0.9950499534606934,Yes
3586,0.024622423574328423,No
3587,0.06184587627649307,No
3588,0.02805636264383793,No
3589,0.03726580739021301,No
3590,0.001895242021419108,No
3591,0.003591859946027398,No
3592,0.9842593669891357,Yes
3593,0.9889787435531616,Yes
3594,0.0021493411622941494,No
3595,0.002855350263416767,No
3596,0.4887290894985199,No
3597,0.20475971698760986,No
3598,0.0031322003342211246,No
3599,0.0014148742193356156,No
3600,0.0019807275384664536,No
3601,0.001469913637265563,No
3602,0.04402578994631767,No
3603,0.055527519434690475,No
3604,0.00034465748467482626,No
3605,0.00036388490116223693,No
3606,0.718546986579895,Yes
3607,0.6960324048995972,Yes
3608,0.0008268725941888988,No
3609,0.002624119631946087,No
3610,0.08024995774030685,No
3611,0.6702790260314941,Yes
3612,0.4671872854232788,No
3613,0.00803431961685419,No
3614,0.7128443121910095,Yes
3615,0.9651533961296082,Yes
3616,0.0005233745905570686,No
3617,0.0005718048778362572,No
3618,0.5490944981575012,Yes
3619,0.1376856416463852,No
3620,0.0006494382978416979,No
3621,0.0002581500739324838,No
3622,0.10157118737697601,No
3623,0.000830376404337585,No
3624,0.010442687198519707,No
3625,0.036269936710596085,No
3626,0.1990620344877243,No
3627,0.8696703314781189,Yes
3628,0.0007734779501333833,No
3629,0.0010535625042393804,No
3630,0.004709073808044195,No
3631,0.003462535561993718,No
3632,0.011629709973931313,No
3633,0.005869903601706028,No
3634,0.8933482766151428,Yes
3635,0.02152618020772934,No
3636,0.0005265931831672788,No
3637,0.0027450132183730602,No
3638,0.014439118094742298,No
3639,0.8716031312942505,Yes
3640,0.04238599166274071,No
3641,0.0008823404205031693,No
3642,0.06960147619247437,No
3643,0.8569834232330322,Yes
3644,0.00438397191464901,No
3645,0.00030955745023675263,No
3646,0.06126146391034126,No
3647,0.0971737951040268,No
3648,0.0021268290001899004,No
3649,0.0007929627900011837,No
3650,0.2699755132198334,No
3651,0.48907649517059326,No
3652,0.5092019438743591,Yes
3653,0.0015488319331780076,No
3654,0.9408251643180847,Yes
3655,0.7110786437988281,Yes
3656,0.0001141108077717945,No
3657,0.00042290729470551014,No
3658,0.08071421086788177,No
3659,0.013089613057672977,No
3660,0.0012346918229013681,No
3661,0.0022036160808056593,No
3662,0.0006211186992004514,No
3663,0.0009441074216738343,No
3664,0.009777129627764225,No
3665,0.015097108669579029,No
3666,0.21234287321567535,No
3667,0.9199522137641907,Yes
3668,0.0006513362168334424,No
3669,0.0008721547783352435,No
3670,0.00429250905290246,No
3671,0.0041563683189451694,No
3672,0.003634999506175518,No
3673,0.030324991792440414,No
3674,0.10129830241203308,No
3675,0.007127595599740744,No
3676,0.0032120069954544306,No
3677,0.0003663976676762104,No
3678,0.2786915600299835,No
3679,0.04063485935330391,No
3680,0.8102193474769592,Yes
3681,0.9684519171714783,Yes
3682,0.0018788097659125924,No
3683,0.0009491944219917059,No
3684,0.997003972530365,Yes
3685,0.9963012337684631,Yes
3686,0.0002893710625357926,No
3687,0.00044449843699112535,No
3688,0.902298092842102,Yes
3689,0.8850436210632324,Yes
3690,0.0005887395818717778,No
3691,0.00022914262081030756,No
3692,0.9965257048606873,Yes
3693,0.9986414313316345,Yes
3694,0.0061635966412723064,No
3695,0.0007497305632568896,No
3696,0.973503053188324,Yes
3697,0.7279245853424072,Yes
3698,0.0001935348700499162,No
3699,0.00015954460832290351,No
3700,0.006068093702197075,No
3701,0.1117338091135025,No
3702,0.0012580850161612034,No
3703,0.00041111436439678073,No
3704,0.886077880859375,Yes
3705,0.9846287965774536,Yes
3706,0.05201100930571556,No
3707,0.022455774247646332,No
3708,0.05284273996949196,No
3709,0.04705404117703438,No
3710,0.001132336212322116,No
3711,0.0011019067605957389,No
3712,0.9813553690910339,Yes
3713,0.8341560959815979,Yes
3714,0.0016238930402323604,No
3715,0.001915904344059527,No
3716,0.9898865818977356,Yes
3717,0.995384693145752,Yes
3718,0.002346888417378068,No
3719,0.0006282140384428203,No
3720,0.9841257929801941,Yes
3721,0.9949918985366821,Yes
3722,0.0012843799777328968,No
3723,0.02033258229494095,No
3724,0.9960586428642273,Yes
3725,0.9652932286262512,Yes
3726,0.00033321906812489033,No
3727,0.0007068419945426285,No
3728,0.9557065963745117,Yes
3729,0.9565537571907043,Yes
3730,0.0011306424858048558,No
3731,0.0001941526134032756,No
3732,0.9988734126091003,Yes
3733,0.9990301132202148,Yes
3734,0.005188507027924061,No
3735,0.0005322110955603421,No
3736,0.9585726857185364,Yes
3737,0.9944140911102295,Yes
3738,0.0008000708767212927,No
3739,0.0008241487666964531,No
3740,0.0122521435841918,No
3741,0.005091770086437464,No
3742,0.0025204592384397984,No
3743,0.0018347498262301087,No
3744,0.8740937113761902,Yes
3745,0.8723664283752441,Yes
3746,0.02218714915215969,No
3747,0.04973509535193443,No
3748,0.029412226751446724,No
3749,0.05754256621003151,No
3750,0.0014119879342615604,No
3751,0.001206115586683154,No
3752,0.24188132584095,No
3753,0.29362690448760986,No
3754,0.0024469103664159775,No
3755,0.02782483585178852,No
3756,0.9978032112121582,Yes
3757,0.24587294459342957,No
3758,0.0003331295447424054,No
3759,0.0005127462791278958,No
3760,0.9645280838012695,Yes
3761,0.9952318668365479,Yes
3762,0.0020417585037648678,No
3763,0.004846945870667696,No
3764,0.916995108127594,Yes
3765,0.9860671162605286,Yes
3766,0.0009572324343025684,No
3767,0.0006971961702220142,No
3768,0.9216316342353821,Yes
3769,0.8102744221687317,Yes
3770,0.0006256707129068673,No
3771,0.0011225799098610878,No
3772,0.9901185631752014,Yes
3773,0.9940186142921448,Yes
3774,0.002168161328881979,No
3775,0.002168388105928898,No
3776,0.8572996258735657,Yes
3777,0.8926007151603699,Yes
3778,0.0006252202438190579,No
3779,0.000992179149761796,No
3780,0.0033144759945571423,No
3781,0.004808542784303427,No
3782,0.005558499135077,No
3783,0.0046943784691393375,No
3784,0.25886836647987366,No
3785,0.9059581160545349,Yes
3786,0.024134453386068344,No
3787,0.040780503302812576,No
3788,0.03494899347424507,No
3789,0.047046296298503876,No
3790,0.0034930519759655,No
3791,0.0025214035995304585,No
3792,0.9184161424636841,Yes
3793,0.10966318845748901,No
3794,0.023271122947335243,No
3795,0.03334171324968338,No
3796,0.9847877621650696,Yes
3797,0.19685949385166168,No
3798,0.004123090300709009,No
3799,0.002855841536074877,No
3800,0.0015819151885807514,No
3801,0.0014429464936256409,No
3802,0.4090009927749634,No
3803,0.6414235234260559,Yes
3804,0.0019249115139245987,No
3805,0.0010491732973605394,No
3806,0.04003467410802841,No
3807,0.730524480342865,Yes
3808,0.0009522816399112344,No
3809,0.005689224228262901,No
3810,0.5370608568191528,Yes
3811,0.37444496154785156,No
3812,0.29706189036369324,No
3813,0.0001409124961355701,No
3814,0.29648932814598083,No
3815,0.788097083568573,Yes
3816,0.00015059018915053457,No
3817,0.00017529824981465936,No
3818,0.7375406622886658,Yes
3819,0.007651542779058218,No
3820,0.001120980130508542,No
3821,0.0034783133305609226,No
3822,0.005107832606881857,No
3823,0.005186408292502165,No
3824,0.007060425356030464,No
3825,0.001290929620154202,No
3826,0.966507077217102,Yes
3827,0.9876621961593628,Yes
3828,0.00036637901212088764,No
3829,0.0005774501478299499,No
3830,0.0035387815441936255,No
3831,0.006011638790369034,No
3832,0.0046694520860910416,No
3833,0.007324911653995514,No
3834,0.10165832191705704,No
3835,0.6898761987686157,Yes
3836,0.0003887425409629941,No
3837,0.0019357935525476933,No
3838,0.6412397027015686,Yes
3839,0.9165461659431458,Yes
3840,0.9694852232933044,Yes
3841,0.8823631405830383,Yes
3842,0.0019589399453252554,No
3843,0.0018711889861151576,No
3844,0.9844645857810974,Yes
3845,0.8486707210540771,Yes
3846,0.0012975014979019761,No
3847,0.0008400389342568815,No
3848,0.9903716444969177,Yes
3849,0.9458086490631104,Yes
3850,0.0004124399565625936,No
3851,0.0019391842652112246,No
3852,0.997257649898529,Yes
3853,0.9988036155700684,Yes
3854,0.001995035680010915,No
3855,0.0030487808398902416,No
3856,0.9402180910110474,Yes
3857,0.9832548499107361,Yes
3858,0.00796064268797636,No
3859,0.0007212691707536578,No
3860,0.0024811578914523125,No
3861,0.003621550276875496,No
3862,0.006443558260798454,No
3863,0.004557078704237938,No
3864,0.9924807548522949,Yes
3865,0.35646024346351624,No
3866,0.026969851925969124,No
3867,0.0479595810174942,No
3868,0.0255324374884367,No
3869,0.03718677908182144,No
3870,0.001856445800513029,No
3871,0.002097493503242731,No
3872,0.5787734985351562,Yes
3873,0.9706921577453613,Yes
3874,0.08331876248121262,No
3875,0.0028967601247131824,No
3876,0.946078360080719,Yes
3877,0.08748084306716919,No
3878,0.0014793610898777843,No
3879,0.0014805361861363053,No
3880,0.0007304903119802475,No
3881,0.0007740000146441162,No
3882,0.06366820633411407,No
3883,0.42409732937812805,No
3884,0.0001441530475858599,No
3885,0.00018660433124750853,No
3886,0.8442273736000061,Yes
3887,0.033554889261722565,No
3888,0.002509378595277667,No
3889,0.0002668991219252348,No
3890,0.22197942435741425,No
3891,0.44612547755241394,No
3892,0.0007260021520778537,No
3893,0.0005208547809161246,No
3894,0.9542835354804993,Yes
3895,0.3892503082752228,No
3896,0.00014852566528134048,No
3897,0.00023569534823764116,No
3898,0.45832759141921997,No
3899,0.19565701484680176,No
3900,0.0011524115689098835,No
3901,0.00027565821073949337,No
3902,0.004756149835884571,No
3903,0.006771917920559645,No
3904,0.002846856601536274,No
3905,0.026098905131220818,No
3906,0.3283020257949829,No
3907,0.9015237092971802,Yes
3908,0.0004353434487711638,No
3909,0.0002496960514690727,No
3910,0.008491845801472664,No
3911,0.0026065106503665447,No
3912,0.004065974615514278,No
3913,0.003245346248149872,No
3914,0.10919532924890518,No
3915,0.11548083275556564,No
3916,0.0011340259807184339,No
3917,0.0017975933151319623,No
3918,0.07011877000331879,No
3919,0.9197768568992615,Yes
3920,0.0008949714829213917,No
3921,0.04257487878203392,No
3922,0.935708224773407,Yes
3923,0.6351712942123413,Yes
3924,0.0008470123284496367,No
3925,0.0008217012509703636,No
3926,0.6261637210845947,Yes
3927,0.03672376275062561,No
3928,0.0004921561339870095,No
3929,0.0002673786075320095,No
3930,0.4984836280345917,No
3931,0.17923898994922638,No
3932,0.4807826280593872,No
3933,0.034715402871370316,No
3934,0.9386645555496216,Yes
3935,0.2740243673324585,No
3936,0.00023481420066673309,No
3937,0.0006387318135239184,No
3938,0.1262829303741455,No
3939,0.2851950526237488,No
3940,0.0008898402447812259,No
3941,0.0013154547195881605,No
3942,0.007961275987327099,No
3943,0.0029203419107943773,No
3944,0.08850555866956711,No
3945,0.08388723433017731,No
3946,0.5588554739952087,Yes
3947,0.8273813128471375,Yes
3948,0.0009262119419872761,No
3949,0.0008867790456861258,No
3950,0.005929080303758383,No
3951,0.006737065967172384,No
3952,0.0054358565248548985,No
3953,0.005615688860416412,No
3954,0.3099381923675537,No
3955,0.02204674668610096,No
3956,0.00019840418826788664,No
3957,0.0004123709804844111,No
3958,0.01734909974038601,No
3959,0.8601909875869751,Yes
3960,0.11704935878515244,No
3961,0.0007984925177879632,No
3962,0.7810717821121216,Yes
3963,0.9610414505004883,Yes
3964,0.000329996197251603,No
3965,0.0006514923879876733,No
3966,0.6499059796333313,Yes
3967,0.07649547606706619,No
3968,0.0009855953976511955,No
3969,0.00027818427770398557,No
3970,0.5466346144676208,Yes
3971,0.41750824451446533,No
3972,0.8382222056388855,Yes
3973,0.12018006294965744,No
3974,0.7813317179679871,Yes
3975,0.9484239816665649,Yes
3976,0.003701381152495742,No
3977,0.00017189054051414132,No
3978,0.5090146064758301,Yes
3979,0.8448954820632935,Yes
3980,0.0006151070119813085,No
3981,0.002681734738871455,No
3982,0.0032533411867916584,No
3983,0.049629028886556625,No
3984,0.008295699022710323,No
3985,0.009282722137868404,No
3986,0.17978015542030334,No
3987,0.13234330713748932,No
3988,0.0009994406718760729,No
3989,0.0013136884663254023,No
3990,0.005102596711367369,No
3991,0.0047433082945644855,No
3992,0.006847637239843607,No
3993,0.013418278656899929,No
3994,0.3663111925125122,No
3995,0.18383914232254028,No
3996,0.0002650966343935579,No
3997,0.0004171030013822019,No
3998,0.8894169926643372,Yes
3999,0.7986762523651123,Yes
4000,0.004582203458994627,No
4001,0.0008802998927421868,No
4002,0.38892099261283875,No
4003,0.12213369458913803,No
4004,0.0007819289457984269,No
4005,0.0008158027776516974,No
4006,0.6149269342422485,Yes
4007,0.015270810574293137,No
4008,0.0013699706178158522,No
4009,0.0006812300998717546,No
4010,0.06252838671207428,No
4011,0.016700759530067444,No
4012,0.20279449224472046,No
4013,0.005018226802349091,No
4014,0.37285709381103516,No
4015,0.7550801038742065,Yes
4016,0.00025843307957984507,No
4017,0.00021968870714772493,No
4018,0.4066961109638214,No
4019,0.05516524612903595,No
4020,0.006186052691191435,No
4021,0.0018507878994569182,No
4022,0.0006286472780629992,No
4023,0.003694548038765788,No
4024,0.020042991265654564,No
4025,0.019976597279310226,No
4026,0.9190489649772644,Yes
4027,0.8583745360374451,Yes
4028,0.0010901541681960225,No
4029,0.0006676313932985067,No
4030,0.0024323679972440004,No
4031,0.0036828648298978806,No
4032,0.000528546457644552,No
4033,0.0013343578903004527,No
4034,0.03423609212040901,No
4035,0.003792484989389777,No
4036,0.0008398034260608256,No
4037,0.0011683315970003605,No
4038,0.20244263112545013,No
4039,0.7311981916427612,Yes
4040,0.9992756247520447,Yes
4041,0.9938051104545593,Yes
4042,0.0005018541705794632,No
4043,0.00038103217957541347,No
4044,0.993770956993103,Yes
4045,0.9965704679489136,Yes
4046,0.00024520716397091746,No
4047,0.00025292200734838843,No
4048,0.9941527247428894,Yes
4049,0.9879018664360046,Yes
4050,0.0003224399988539517,No
4051,0.00029917011852376163,No
4052,0.9994896054267883,Yes
4053,0.9990377426147461,Yes
4054,0.0010329167125746608,No
4055,0.000512218102812767,No
4056,0.9974087476730347,Yes
4057,0.9154326319694519,Yes
4058,0.00012107299698982388,No
4059,0.0002546760661061853,No
4060,0.6849597692489624,Yes
4061,0.004045993555337191,No
4062,0.000391321606002748,No
4063,0.00037964023067615926,No
4064,0.9971461296081543,Yes
4065,0.9997974038124084,Yes
4066,0.016200903803110123,No
4067,0.006943209562450647,No
4068,0.9479190707206726,Yes
4069,0.9678617119789124,Yes
4070,0.0009014924289658666,No
4071,0.0011126277968287468,No
4072,0.8326141238212585,Yes
4073,0.9993746876716614,Yes
4074,0.000677576579619199,No
4075,0.0009312915499322116,No
4076,0.9849814772605896,Yes
4077,0.07800780981779099,No
4078,0.0006218740600161254,No
4079,0.0017151227220892906,No
4080,0.9827364087104797,Yes
4081,0.9983001947402954,Yes
4082,0.0033441672567278147,No
4083,0.000750269100535661,No
4084,0.9938161969184875,Yes
4085,0.7841678857803345,Yes
4086,0.0002574089157860726,No
4087,0.00038546902942471206,No
4088,0.9881350994110107,Yes
4089,0.9950426816940308,Yes
4090,0.0005452425684779882,No
4091,0.00021506292978301644,No
4092,0.9976256489753723,Yes
4093,0.9947628974914551,Yes
4094,0.0031345977913588285,No
4095,0.005444646347314119,No
4096,0.9604229927062988,Yes
4097,0.674325704574585,Yes
4098,0.00759044848382473,No
4099,0.0007989676087163389,No
4100,0.01864505186676979,No
4101,0.029701249673962593,No
4102,0.0071256463415920734,No
4103,0.004968831315636635,No
4104,0.9691444635391235,Yes
4105,0.9809091687202454,Yes
4106,0.035206593573093414,No
4107,0.011517385952174664,No
4108,0.12975172698497772,No
4109,0.2328287810087204,No
4110,0.0013195786159485579,No
4111,0.0025631440803408623,No
4112,0.9570130705833435,Yes
4113,0.9119489192962646,Yes
4114,0.0012236296897754073,No
4115,0.001992598408833146,No
4116,0.9978137016296387,Yes
4117,0.9943506121635437,Yes
4118,0.005426622927188873,No
4119,0.0006781348492950201,No
4120,0.08862730115652084,No
4121,0.0046080793254077435,No
4122,0.8585739731788635,Yes
4123,0.9841042160987854,Yes
4124,0.00023457461793441325,No
4125,0.0006775220390409231,No
4126,0.9168863296508789,Yes
4127,0.7350903153419495,Yes
4128,0.000582665263209492,No
4129,0.00023157105897553265,No
4130,0.7132794857025146,Yes
4131,0.6669754385948181,Yes
4132,0.0011068012099713087,No
4133,0.013425528071820736,No
4134,0.8302789926528931,Yes
4135,0.9923790693283081,Yes
4136,0.0001846849627327174,No
4137,0.00022109206474851817,No
4138,0.9545289278030396,Yes
4139,0.7947568297386169,Yes
4140,0.004611699376255274,No
4141,0.009090941399335861,No
4142,0.004036829806864262,No
4143,0.2917221486568451,No
4144,0.2607720196247101,No
4145,0.05390122905373573,No
4146,0.9466670751571655,Yes
4147,0.36255118250846863,No
4148,0.0022842807229608297,No
4149,0.001178316306322813,No
4150,0.0038486444391310215,No
4151,0.004528774414211512,No
4152,0.007075804751366377,No
4153,0.0024013349320739508,No
4154,0.06702238321304321,No
4155,0.9771245121955872,Yes
4156,0.0034857953432947397,No
4157,0.0006043878383934498,No
4158,0.13980194926261902,No
4159,0.09632819145917892,No
4160,0.9970353245735168,Yes
4161,0.997866153717041,Yes
4162,0.012220923788845539,No
4163,0.00852825678884983,No
4164,0.9894057512283325,Yes
4165,0.9953563809394836,Yes
4166,0.00026787500246427953,No
4167,0.0009234937024302781,No
4168,0.9906780123710632,Yes
4169,0.972548246383667,Yes
4170,0.00016446190420538187,No
4171,0.0003578070318326354,No
4172,0.9982555508613586,Yes
4173,0.9995412230491638,Yes
4174,0.0010215771617367864,No
4175,0.0007721702568233013,No
4176,0.7813653349876404,Yes
4177,0.7489520311355591,Yes
4178,0.00014910147001501173,No
4179,0.0011079248506575823,No
4180,0.008758417330682278,No
4181,0.030740659683942795,No
4182,0.0008082852582447231,No
4183,0.0036933396477252245,No
4184,0.9995375871658325,Yes
4185,0.9988381862640381,Yes
4186,0.05353854224085808,No
4187,0.06230604276061058,No
4188,0.20825621485710144,No
4189,0.24858872592449188,No
4190,0.001581357209943235,No
4191,0.0016734342789277434,No
4192,0.7533283233642578,Yes
4193,0.9988815784454346,Yes
4194,0.0009760569082573056,No
4195,0.001102621667087078,No
4196,0.9983035326004028,Yes
4197,0.9406160712242126,Yes
4198,0.0030306451953947544,No
4199,0.0017388220876455307,No
4200,0.09051809459924698,No
4201,0.3313169479370117,No
4202,0.0011138455010950565,No
4203,0.605259120464325,Yes
4204,0.0002862892288248986,No
4205,0.0006236250046640635,No
4206,0.814579963684082,Yes
4207,0.6291400790214539,Yes
4208,0.00015935621922835708,No
4209,0.00027103780303150415,No
4210,0.6017526984214783,Yes
4211,0.004166128113865852,No
4212,0.008738108910620213,No
4213,0.06757712364196777,No
4214,0.06791303306818008,No
4215,0.969577968120575,Yes
4216,0.003583061508834362,No
4217,0.00013954946189187467,No
4218,0.5734897255897522,Yes
4219,0.5936203002929688,Yes
4220,0.0005848354776389897,No
4221,0.0003993668360635638,No
4222,0.0008273373823612928,No
4223,0.0013469241093844175,No
4224,0.2178514003753662,No
4225,0.04706917330622673,No
4226,0.25186869502067566,No
4227,0.8216722011566162,Yes
4228,0.0022248616442084312,No
4229,0.0019856246653944254,No
4230,0.0027635677251964808,No
4231,0.0029024044051766396,No
4232,0.020414773374795914,No
4233,0.0007209455943666399,No
4234,0.21882402896881104,No
4235,0.5506432056427002,Yes
4236,0.002825452946126461,No
4237,0.004663532599806786,No
4238,0.8317482471466064,Yes
4239,0.8864050507545471,Yes
4240,0.0003530863905325532,No
4241,0.008656660094857216,No
4242,0.6828861832618713,Yes
4243,0.2078007012605667,No
4244,0.0004937266348861158,No
4245,0.0002525964519008994,No
4246,0.615029513835907,Yes
4247,0.043561793863773346,No
4248,0.00025909492978826165,No
4249,0.00022563154925592244,No
4250,0.008552895858883858,No
4251,0.0038212693762034178,No
4252,0.024266092106699944,No
4253,0.008350786752998829,No
4254,0.7210751175880432,Yes
4255,0.9226752519607544,Yes
4256,0.00015219688066281378,No
4257,0.0014170188223943114,No
4258,0.8889658451080322,Yes
4259,0.3408322334289551,No
4260,0.0002388954599155113,No
4261,0.00031714371289126575,No
4262,0.03142574802041054,No
4263,0.07082308083772659,No
4264,0.0175790898501873,No
4265,0.016773425042629242,No
4266,0.7214319705963135,Yes
4267,0.905559241771698,Yes
4268,0.00038452024455182254,No
4269,0.0029385797679424286,No
4270,0.00816251803189516,No
4271,0.014346134848892689,No
4272,0.0008592650410719216,No
4273,0.006187567953020334,No
4274,0.8487973809242249,Yes
4275,0.03159823268651962,No
4276,0.0004451150307431817,No
4277,0.0007916834438219666,No
4278,0.8245488405227661,Yes
4279,0.038672737777233124,No
4280,0.994989812374115,Yes
4281,0.9990741610527039,Yes
4282,0.0010845696087926626,No
4283,0.0008727679378353059,No
4284,0.9583761692047119,Yes
4285,0.9558380246162415,Yes
4286,0.0006456233677454293,No
4287,0.0016889420803636312,No
4288,0.9911425709724426,Yes
4289,0.9518143534660339,Yes
4290,0.0007758218562230468,No
4291,0.0006023141904734075,No
4292,0.9983759522438049,Yes
4293,0.9977341890335083,Yes
4294,0.001005318365059793,No
4295,0.0012444844469428062,No
4296,0.7409865260124207,Yes
4297,0.32890087366104126,No
4298,0.00038102513644844294,No
4299,0.00026272094692103565,No
4300,0.5467327237129211,Yes
4301,0.005405733827501535,No
4302,0.0006478274590335786,No
4303,0.0006502968026325107,No
4304,0.9995141625404358,Yes
4305,0.9996399283409119,Yes
4306,0.017542559653520584,No
4307,0.005021515768021345,No
4308,0.9657235741615295,Yes
4309,0.9730340242385864,Yes
4310,0.001681347843259573,No
4311,0.0024776773061603308,No
4312,0.9386517405509949,Yes
4313,0.6352333426475525,Yes
4314,0.0021116207353770733,No
4315,0.009822526015341282,No
4316,0.9888308644294739,Yes
4317,0.6494162082672119,Yes
4318,0.00715692900121212,No
4319,0.007137852255254984,No
4320,0.9982731342315674,Yes
4321,0.9979214072227478,Yes
4322,0.003032407257705927,No
4323,0.002052736934274435,No
4324,0.995486319065094,Yes
4325,0.9805647134780884,Yes
4326,0.001019592978991568,No
4327,0.0002750922576524317,No
4328,0.9932162165641785,Yes
4329,0.9889345169067383,Yes
4330,0.00036481994902715087,No
4331,0.0006942410254850984,No
4332,0.9994664192199707,Yes
4333,0.9992678761482239,Yes
4334,0.014828866347670555,No
4335,0.0047864424996078014,No
4336,0.9896563291549683,Yes
4337,0.9593299031257629,Yes
4338,0.00023097517259884626,No
4339,0.005048815626651049,No
4340,0.17069485783576965,No
4341,0.6982864141464233,Yes
4342,0.0059812115505337715,No
4343,0.029508501291275024,No
4344,0.9926690459251404,Yes
4345,0.9359464049339294,Yes
4346,0.1414056271314621,No
4347,0.14332324266433716,No
4348,0.1937170773744583,No
4349,0.2640974819660187,No
4350,0.0076783327385783195,No
4351,0.0023144397418946028,No
4352,0.9952358603477478,Yes
4353,0.9968110918998718,Yes
4354,0.039974458515644073,No
4355,0.0018027066253125668,No
4356,0.9971127510070801,Yes
4357,0.3662283420562744,No
4358,0.010337438434362411,No
4359,0.004476461093872786,No
4360,0.995887041091919,Yes
4361,0.9982275366783142,Yes
4362,0.05859348550438881,No
4363,0.03458447754383087,No
4364,0.9966495037078857,Yes
4365,0.9869752526283264,Yes
4366,0.00029507913859561086,No
4367,0.0014785017119720578,No
4368,0.9692684412002563,Yes
4369,0.9910127520561218,Yes
4370,0.00046693437616340816,No
4371,0.0049478779546916485,No
4372,0.9996786713600159,Yes
4373,0.9994179010391235,Yes
4374,0.005487081594765186,No
4375,0.001670311437919736,No
4376,0.9793891310691833,Yes
4377,0.9812435507774353,Yes
4378,0.0036481721326708794,No
4379,0.009318049065768719,No
4380,0.23721714317798615,No
4381,0.6149774789810181,Yes
4382,0.00726691447198391,No
4383,0.0016717456746846437,No
4384,0.992735743522644,Yes
4385,0.997024655342102,Yes
4386,0.038302917033433914,No
4387,0.08205009996891022,No
4388,0.18790334463119507,No
4389,0.2164616584777832,No
4390,0.0015972420806065202,No
4391,0.005194138269871473,No
4392,0.998115062713623,Yes
4393,0.9948669075965881,Yes
4394,0.0023482886608690023,No
4395,0.0029498545918613672,No
4396,0.7103152275085449,Yes
4397,0.352578729391098,No
4398,0.005384135991334915,No
4399,0.002423038939014077,No
4400,0.004085910506546497,No
4401,0.0021386314183473587,No
4402,0.03715331107378006,No
4403,0.049018457531929016,No
4404,0.0005174174439162016,No
4405,0.0007239095866680145,No
4406,0.6429795622825623,Yes
4407,0.7539831399917603,Yes
4408,0.0024584841448813677,No
4409,0.010330342687666416,No
4410,0.0385545939207077,No
4411,0.794598400592804,Yes
4412,0.5957321524620056,Yes
4413,0.025031117722392082,No
4414,0.4493795931339264,No
4415,0.9734867215156555,Yes
4416,0.0007162127294577658,No
4417,0.0015530969249084592,No
4418,0.8907339572906494,Yes
4419,0.4711397588253021,No
4420,0.002097703516483307,No
4421,0.0004779428127221763,No
4422,0.19867956638336182,No
4423,0.0010588362347334623,No
4424,0.04760181903839111,No
4425,0.15090274810791016,No
4426,0.3255593776702881,No
4427,0.7879751324653625,Yes
4428,0.001234155148267746,No
4429,0.0016301446594297886,No
4430,0.004707012791186571,No
4431,0.006268659606575966,No
4432,0.02117958851158619,No
4433,0.011708695441484451,No
4434,0.5354079008102417,Yes
4435,0.03437881916761398,No
4436,0.0005028618616051972,No
4437,0.00612998940050602,No
4438,0.013986204750835896,No
4439,0.8994186520576477,Yes
4440,0.035887256264686584,No
4441,0.0007536289049312472,No
4442,0.051650192588567734,No
4443,0.916649580001831,Yes
4444,0.008038896135985851,No
4445,0.0004310705990064889,No
4446,0.0506415069103241,No
4447,0.030120162293314934,No
4448,0.005812849849462509,No
4449,0.0014541692798957229,No
4450,0.16808059811592102,No
4451,0.4885066747665405,No
4452,0.5341589450836182,Yes
4453,0.006912661250680685,No
4454,0.7007665634155273,Yes
4455,0.5274646282196045,Yes
4456,0.0001189413305837661,No
4457,0.00033856203663162887,No
4458,0.24704419076442719,No
4459,0.020717864856123924,No
4460,0.004949312657117844,No
4461,0.02178567461669445,No
4462,0.0006297868676483631,No
4463,0.0009322387049905956,No
4464,0.06214053928852081,No
4465,0.04970655217766762,No
4466,0.11902379244565964,No
4467,0.8053830862045288,Yes
4468,0.001047398429363966,No
4469,0.0013794502010568976,No
4470,0.0043989815749228,No
4471,0.00762243801727891,No
4472,0.004128206521272659,No
4473,0.05291340500116348,No
4474,0.04136335849761963,No
4475,0.005423134658485651,No
4476,0.0038033758755773306,No
4477,0.0008489803876727819,No
4478,0.3161427974700928,No
4479,0.038107242435216904,No
4480,0.9743534922599792,Yes
4481,0.9748433232307434,Yes
4482,0.001124850008636713,No
4483,0.001138985506258905,No
4484,0.9948753118515015,Yes
4485,0.997520387172699,Yes
4486,0.0003307957376819104,No
4487,0.00042661846964620054,No
4488,0.9485955834388733,Yes
4489,0.9405707716941833,Yes
4490,0.0006673996103927493,No
4491,0.00020662756287492812,No
4492,0.9981045126914978,Yes
4493,0.9991978406906128,Yes
4494,0.00554359145462513,No
4495,0.0008923863642849028,No
4496,0.9883906245231628,Yes
4497,0.7209078669548035,Yes
4498,0.0002301905769854784,No
4499,0.0002719696203712374,No
4500,0.03936304897069931,No
4501,0.32292842864990234,No
4502,0.001344260759651661,No
4503,0.000416377792134881,No
4504,0.9714465141296387,Yes
4505,0.9929910898208618,Yes
4506,0.018955161795020103,No
4507,0.020866401493549347,No
4508,0.22178584337234497,No
4509,0.17951197922229767,No
4510,0.0007328071515075862,No
4511,0.0022049262188374996,No
4512,0.9979512095451355,Yes
4513,0.8998870253562927,Yes
4514,0.0018253759481012821,No
4515,0.002386809326708317,No
4516,0.9942778944969177,Yes
4517,0.996968150138855,Yes
4518,0.003742659231647849,No
4519,0.0012178076431155205,No
4520,0.9877437353134155,Yes
4521,0.9979783892631531,Yes
4522,0.0005997489206492901,No
4523,0.02953180857002735,No
4524,0.9933920502662659,Yes
4525,0.9299545884132385,Yes
4526,0.00030145395430736244,No
4527,0.0006721146637573838,No
4528,0.9780871272087097,Yes
4529,0.9850934147834778,Yes
4530,0.0011340973433107138,No
4531,0.0001956829655682668,No
4532,0.9995054006576538,Yes
4533,0.9994871616363525,Yes
4534,0.003441167762503028,No
4535,0.0008173718815669417,No
4536,0.9760010838508606,Yes
4537,0.9962180852890015,Yes
4538,0.00614521000534296,No
4539,0.001783156767487526,No
4540,0.09528937935829163,No
4541,0.027727479115128517,No
4542,0.0044089737348258495,No
4543,0.006048041861504316,No
4544,0.9809301495552063,Yes
4545,0.9680391550064087,Yes
4546,0.03142326697707176,No
4547,0.059203602373600006,No
4548,0.21017742156982422,No
4549,0.3963073492050171,No
4550,0.0013047389220446348,No
4551,0.0016639914829283953,No
4552,0.7370223999023438,Yes
4553,0.5245075225830078,Yes
4554,0.0037771770730614662,No
4555,0.059320248663425446,No
4556,0.9982194900512695,Yes
4557,0.3268352746963501,No
4558,0.0009042756864801049,No
4559,0.0016690887277945876,No
4560,0.979459285736084,Yes
4561,0.9969571232795715,Yes
4562,0.001275244983844459,No
4563,0.0073101515881717205,No
4564,0.869665801525116,Yes
4565,0.9835625290870667,Yes
4566,0.0008656090358272195,No
4567,0.0008381492807529867,No
4568,0.9505310654640198,Yes
4569,0.8888484239578247,Yes
4570,0.0006374871009029448,No
4571,0.001127216499298811,No
4572,0.9951649308204651,Yes
4573,0.9960498809814453,Yes
4574,0.0023467110004276037,No
4575,0.003230901900678873,No
4576,0.8322012424468994,Yes
4577,0.9156988263130188,Yes
4578,0.0006862962036393583,No
4579,0.0016518040793016553,No
4580,0.01301439106464386,No
4581,0.023076137527823448,No
4582,0.011813114397227764,No
4583,0.015791920945048332,No
4584,0.7861905694007874,Yes
4585,0.962339460849762,Yes
4586,0.03550185263156891,No
4587,0.02591646835207939,No
4588,0.14976650476455688,No
4589,0.22146368026733398,No
4590,0.0032928308937698603,No
4591,0.003687275107949972,No
4592,0.9384608268737793,Yes
4593,0.3332965672016144,No
4594,0.017077773809432983,No
4595,0.030081965029239655,No
4596,0.9862979054450989,Yes
4597,0.2144915610551834,No
4598,0.005703942850232124,No
4599,0.007399430498480797,No
4600,0.0025258627720177174,No
4601,0.001585739548318088,No
4602,0.694577157497406,Yes
4603,0.7279987335205078,Yes
4604,0.003972948063164949,No
4605,0.001838747994042933,No
4606,0.059998203068971634,No
4607,0.6364182233810425,Yes
4608,0.001287837978452444,No
4609,0.01848481595516205,No
4610,0.6776536107063293,Yes
4611,0.4346737265586853,No
4612,0.33484330773353577,No
4613,0.0003647891280706972,No
4614,0.06961881369352341,No
4615,0.7084367871284485,Yes
4616,0.0001516687625553459,No
4617,0.00014331878628581762,No
4618,0.829965353012085,Yes
4619,0.013648373074829578,No
4620,0.007649172097444534,No
4621,0.02851838618516922,No
4622,0.01299949549138546,No
4623,0.026482289656996727,No
4624,0.023336151614785194,No
4625,0.0014615531545132399,No
4626,0.9132494330406189,Yes
4627,0.9751421213150024,Yes
4628,0.00037330997292883694,No
4629,0.001296508708037436,No
4630,0.0017848158022388816,No
4631,0.010854961350560188,No
4632,0.022155115380883217,No
4633,0.1419489085674286,No
4634,0.01714732125401497,No
4635,0.8218660950660706,Yes
4636,0.001025353092700243,No
4637,0.005628081504255533,No
4638,0.5580838918685913,Yes
4639,0.8412207365036011,Yes
4640,0.9610116481781006,Yes
4641,0.7457811832427979,Yes
4642,0.001498380908742547,No
4643,0.0016741498839110136,No
4644,0.9703024625778198,Yes
4645,0.4719313085079193,No
4646,0.0009402957512065768,No
4647,0.0006634751916863024,No
4648,0.9928542971611023,Yes
4649,0.9844671487808228,Yes
4650,0.0003393216466065496,No
4651,0.003841193625703454,No
4652,0.9973226189613342,Yes
4653,0.9988487362861633,Yes
4654,0.0017245516646653414,No
4655,0.003565526334568858,No
4656,0.9799929857254028,Yes
4657,0.9858274459838867,Yes
4658,0.012092363089323044,No
4659,0.0008853910258039832,No
4660,0.006603756919503212,No
4661,0.009665672667324543,No
4662,0.008016983047127724,No
4663,0.020546959713101387,No
4664,0.9949348568916321,Yes
4665,0.6063989996910095,Yes
4666,0.03722300007939339,No
4667,0.047082286328077316,No
4668,0.14556638896465302,No
4669,0.16144411265850067,No
4670,0.0018494310788810253,No
4671,0.002694222843274474,No
4672,0.8577386140823364,Yes
4673,0.964479923248291,Yes
4674,0.05248415097594261,No
4675,0.002490161219611764,No
4676,0.9773954749107361,Yes
4677,0.08070903271436691,No
4678,0.0016437970334663987,No
4679,0.0014724272768944502,No
4680,0.0008276572334580123,No
4681,0.0006216882611624897,No
4682,0.10447138547897339,No
4683,0.10417220741510391,No
4684,0.00030578559380955994,No
4685,0.00045074051013216376,No
4686,0.9003843665122986,Yes
4687,0.011278901249170303,No
4688,0.012466061860322952,No
4689,0.0004910336574539542,No
4690,0.26635316014289856,No
4691,0.5060683488845825,Yes
4692,0.001221329439431429,No
4693,0.0024966064374893904,No
4694,0.875727653503418,Yes
4695,0.49345049262046814,No
4696,0.0001840368058765307,No
4697,0.0001903980883071199,No
4698,0.38537171483039856,No
4699,0.25276726484298706,No
4700,0.01000516302883625,No
4701,0.0005136632244102657,No
4702,0.01758040301501751,No
4703,0.0038457619957625866,No
4704,0.024429747834801674,No
4705,0.08999151736497879,No
4706,0.16464932262897491,No
4707,0.9559154510498047,Yes
4708,0.0008062933920882642,No
4709,0.00029513880144804716,No
4710,0.0035281714517623186,No
4711,0.001920222886838019,No
4712,0.008221276104450226,No
4713,0.018690690398216248,No
4714,0.026745101436972618,No
4715,0.030611597001552582,No
4716,0.001971507677808404,No
4717,0.003608482424169779,No
4718,0.06021125242114067,No
4719,0.9157003164291382,Yes
4720,0.0008691693656146526,No
4721,0.05347112566232681,No
4722,0.9540587067604065,Yes
4723,0.7517550587654114,Yes
4724,0.0018644744995981455,No
4725,0.0016275537200272083,No
4726,0.5280739068984985,Yes
4727,0.02543986588716507,No
4728,0.000729487044736743,No
4729,0.00027736451011151075,No
4730,0.31453073024749756,No
4731,0.18706552684307098,No
4732,0.5381942391395569,Yes
4733,0.15158617496490479,No
4734,0.7864007353782654,Yes
4735,0.20928816497325897,No
4736,0.00031206608400680125,No
4737,0.0008810128201730549,No
4738,0.39246395230293274,No
4739,0.6207279562950134,Yes
4740,0.0037384277675300837,No
4741,0.00498615438118577,No
4742,0.01656024344265461,No
4743,0.009350917302072048,No
4744,0.1618378460407257,No
4745,0.22588549554347992,No
4746,0.6334485411643982,Yes
4747,0.8824731111526489,Yes
4748,0.002891638083383441,No
4749,0.0014997529797255993,No
4750,0.005920904688537121,No
4751,0.011262139305472374,No
4752,0.022481610998511314,No
4753,0.019106872379779816,No
4754,0.19931772351264954,No
4755,0.03315676003694534,No
4756,0.0005353831802494824,No
4757,0.0004898564075119793,No
4758,0.03856152296066284,No
4759,0.8879062533378601,Yes
4760,0.19283950328826904,No
4761,0.0007282252190634608,No
4762,0.8914886713027954,Yes
4763,0.9723274111747742,Yes
4764,0.0009134485735557973,No
4765,0.0009482653113082051,No
4766,0.5552380681037903,Yes
4767,0.06239527836441994,No
4768,0.0010600676760077477,No
4769,0.00026768079260364175,No
4770,0.6163318157196045,Yes
4771,0.5376002192497253,Yes
4772,0.8821132183074951,Yes
4773,0.06925718486309052,No
4774,0.5765679478645325,Yes
4775,0.930993378162384,Yes
4776,0.004947277717292309,No
4777,0.0001299115247093141,No
4778,0.6319179534912109,Yes
4779,0.9463762640953064,Yes
4780,0.0017234977567568421,No
4781,0.03070215694606304,No
4782,0.004251481499522924,No
4783,0.18453474342823029,No
4784,0.04369840398430824,No
4785,0.02399851754307747,No
4786,0.2677752673625946,No
4787,0.19981898367404938,No
4788,0.002473160158842802,No
4789,0.0029647406190633774,No
4790,0.005369025748223066,No
4791,0.009075822308659554,No
4792,0.012774222530424595,No
4793,0.06386017054319382,No
4794,0.10496003180742264,No
4795,0.20456252992153168,No
4796,0.0005792333395220339,No
4797,0.0006985884392634034,No
4798,0.8563359975814819,Yes
4799,0.7953027486801147,Yes
4800,0.0032967280130833387,No
4801,0.0014146498870104551,No
4802,0.1706821471452713,No
4803,0.09047470986843109,No
4804,0.0004221440467517823,No
4805,0.0010827711084857583,No
4806,0.37629571557044983,No
4807,0.011551456525921822,No
4808,0.0009468948119319975,No
4809,0.0005921508418396115,No
4810,0.13151365518569946,No
4811,0.033157266676425934,No
4812,0.06204688549041748,No
4813,0.0019840497989207506,No
4814,0.7072973251342773,Yes
4815,0.6518605351448059,Yes
4816,0.0004106890701223165,No
4817,0.00021107084467075765,No
4818,0.32839104533195496,No
4819,0.05447951331734657,No
4820,0.0030603972263634205,No
4821,0.0009611860732547939,No
4822,0.0005812331801280379,No
4823,0.0033048074692487717,No
4824,0.005326572805643082,No
4825,0.005452403798699379,No
4826,0.9377595782279968,Yes
4827,0.8827082514762878,Yes
4828,0.0006256215274333954,No
4829,0.00047731806989759207,No
4830,0.002138941315934062,No
4831,0.002464138437062502,No
4832,0.00044534928747452796,No
4833,0.0007633643108420074,No
4834,0.015843765810132027,No
4835,0.003851950168609619,No
4836,0.0006519114831462502,No
4837,0.0005812887102365494,No
4838,0.232950821518898,No
4839,0.8049874305725098,Yes
4840,0.9992148876190186,Yes
4841,0.9944247603416443,Yes
4842,0.0006281922105699778,No
4843,0.000496900174766779,No
4844,0.9978986382484436,Yes
4845,0.9967322945594788,Yes
4846,0.00041104768752120435,No
4847,0.0002973036898765713,No
4848,0.994178831577301,Yes
4849,0.9942085146903992,Yes
4850,0.0003817631513811648,No
4851,0.0002699032484088093,No
4852,0.9993120431900024,Yes
4853,0.9993025660514832,Yes
4854,0.0006637123879045248,No
4855,0.00046414643293246627,No
4856,0.9951021075248718,Yes
4857,0.883915364742279,Yes
4858,0.00020828531705774367,No
4859,0.00023916592181194574,No
4860,0.6968407034873962,Yes
4861,0.004757198039442301,No
4862,0.00035134018980897963,No
4863,0.00047572061885148287,No
4864,0.9990975260734558,Yes
4865,0.999842643737793,Yes
4866,0.03305171802639961,No
4867,0.008491510525345802,No
4868,0.8398282527923584,Yes
4869,0.7169759273529053,Yes
4870,0.0013294104719534516,No
4871,0.0012643772643059492,No
4872,0.776549220085144,Yes
4873,0.9991534948348999,Yes
4874,0.0005245862412266433,No
4875,0.0009015992982313037,No
4876,0.9525620937347412,Yes
4877,0.03291719779372215,No
4878,0.0006001652218401432,No
4879,0.0013318866258487105,No
4880,0.9886665940284729,Yes
4881,0.9991114735603333,Yes
4882,0.0023421738296747208,No
4883,0.0006342167034745216,No
4884,0.9967427849769592,Yes
4885,0.9115143418312073,Yes
4886,0.0003853403904940933,No
4887,0.0003928156802430749,No
4888,0.9951325058937073,Yes
4889,0.9978770017623901,Yes
4890,0.0005397850763984025,No
4891,0.0002427424187771976,No
4892,0.9982661604881287,Yes
4893,0.9974314570426941,Yes
4894,0.0037108708638697863,No
4895,0.009069104678928852,No
4896,0.9350835084915161,Yes
4897,0.7435795068740845,Yes
4898,0.004713599104434252,No
4899,0.0005146205076016486,No
4900,0.012189810164272785,No
4901,0.013177216984331608,No
4902,0.006502324249595404,No
4903,0.0026181042194366455,No
4904,0.9927370548248291,Yes
4905,0.990898609161377,Yes
4906,0.033447008579969406,No
4907,0.013766574673354626,No
4908,0.030030176043510437,No
4909,0.05269947275519371,No
4910,0.001205893000587821,No
4911,0.0016103957314044237,No
4912,0.9626984000205994,Yes
4913,0.9096956253051758,Yes
4914,0.0008482187986373901,No
4915,0.002527160570025444,No
4916,0.9964929223060608,Yes
4917,0.9962820410728455,Yes
4918,0.0038556235376745462,No
4919,0.000828564923722297,No
4920,0.09363619983196259,No
4921,0.0044137719087302685,No
4922,0.8316091895103455,Yes
4923,0.9883241653442383,Yes
4924,0.0001493360905442387,No
4925,0.0008425309206359088,No
4926,0.755197286605835,Yes
4927,0.6646413803100586,Yes
4928,0.00046997377648949623,No
4929,0.00025896006263792515,No
4930,0.8435518741607666,Yes
4931,0.8333954811096191,Yes
4932,0.0010086370166391134,No
4933,0.02441648580133915,No
4934,0.9705110788345337,Yes
4935,0.993212878704071,Yes
4936,0.00024605588987469673,No
4937,0.0002016796643147245,No
4938,0.9290185570716858,Yes
4939,0.49023813009262085,No
4940,0.002476654713973403,No
4941,0.0031198719516396523,No
4942,0.0027915327809751034,No
4943,0.4077771306037903,No
4944,0.1357724517583847,No
4945,0.03209547698497772,No
4946,0.9624472856521606,Yes
4947,0.6066988706588745,Yes
4948,0.001380210742354393,No
4949,0.0007835456053726375,No
4950,0.0027506437618285418,No
4951,0.0027995752170681953,No
4952,0.003887658705934882,No
4953,0.0012948948424309492,No
4954,0.03995031118392944,No
4955,0.9570472240447998,Yes
4956,0.0020641013979911804,No
4957,0.00039338928763754666,No
4958,0.2641682028770447,No
4959,0.09154483675956726,No
4960,0.9962167739868164,Yes
4961,0.9986035227775574,Yes
4962,0.018003467470407486,No
4963,0.011544168926775455,No
4964,0.996372401714325,Yes
4965,0.9970589876174927,Yes
4966,0.00031192132155410945,No
4967,0.0006432583904825151,No
4968,0.9936658143997192,Yes
4969,0.9853222370147705,Yes
4970,0.0002038191887550056,No
4971,0.00038326741196215153,No
4972,0.9983165860176086,Yes
4973,0.9996206164360046,Yes
4974,0.0007591350004076958,No
4975,0.0008462907280772924,No
4976,0.46971985697746277,No
4977,0.7206718325614929,Yes
4978,0.0001886099053081125,No
4979,0.00046346275485120714,No
4980,0.005315868183970451,No
4981,0.012868198566138744,No
4982,0.000665774685330689,No
4983,0.0023572586942464113,No
4984,0.9997934103012085,Yes
4985,0.9994712471961975,Yes
4986,0.04595652222633362,No
4987,0.052436117082834244,No
4988,0.05767304450273514,No
4989,0.030672971159219742,No
4990,0.0014731150586158037,No
4991,0.001034906250424683,No
4992,0.6513558626174927,Yes
4993,0.9987589120864868,Yes
4994,0.0006311380420811474,No
4995,0.001214391551911831,No
4996,0.9956888556480408,Yes
4997,0.9372724294662476,Yes
4998,0.0016218980308622122,No
4999,0.0012068357318639755,No
5000,0.036762088537216187,No
5001,0.457120418548584,No
5002,0.0010637231171131134,No
5003,0.4832802712917328,No
5004,0.00027646779199130833,No
5005,0.002039220416918397,No
5006,0.7382859587669373,Yes
5007,0.5195963978767395,Yes
5008,0.0002356512559344992,No
5009,0.000282835477264598,No
5010,0.7061759829521179,Yes
5011,0.009721720591187477,No
5012,0.006977519486099482,No
5013,0.0651598870754242,No
5014,0.08871299028396606,No
5015,0.9902968406677246,Yes
5016,0.004000901710242033,No
5017,0.0001857814349932596,No
5018,0.6267940402030945,Yes
5019,0.7621772289276123,Yes
5020,0.00045805727131664753,No
5021,0.00023945279826875776,No
5022,0.0007469321717508137,No
5023,0.0012917753774672747,No
5024,0.08826944231987,No
5025,0.021669069305062294,No
5026,0.3289422392845154,No
5027,0.895858883857727,Yes
5028,0.001340614864602685,No
5029,0.0008487715385854244,No
5030,0.0031050981488078833,No
5031,0.0021397857926785946,No
5032,0.005666918121278286,No
5033,0.0005693603889085352,No
5034,0.23243306577205658,No
5035,0.5048182606697083,Yes
5036,0.0015824927249923348,No
5037,0.0015381964622065425,No
5038,0.8522446155548096,Yes
5039,0.9459089040756226,Yes
5040,0.0004130495653953403,No
5041,0.008586728945374489,No
5042,0.5036246180534363,Yes
5043,0.18591810762882233,No
5044,0.00024794222554191947,No
5045,0.00040622169035486877,No
5046,0.4740055203437805,No
5047,0.02363637089729309,No
5048,0.0003177947655785829,No
5049,0.00023621052969247103,No
5050,0.022208159789443016,No
5051,0.008619541302323341,No
5052,0.016505319625139236,No
5053,0.004504260141402483,No
5054,0.9144269824028015,Yes
5055,0.9213753342628479,Yes
5056,0.00023287706426344812,No
5057,0.0012114935088902712,No
5058,0.8502906560897827,Yes
5059,0.41920536756515503,No
5060,0.00023652375966776162,No
5061,0.00023757842427585274,No
5062,0.024024058133363724,No
5063,0.058916620910167694,No
5064,0.004808316472917795,No
5065,0.012041578069329262,No
5066,0.8840028047561646,Yes
5067,0.9584584832191467,Yes
5068,0.00050734804244712,No
5069,0.00151546741835773,No
5070,0.00479453569278121,No
5071,0.008525148034095764,No
5072,0.0006435432587750256,No
5073,0.0016159098595380783,No
5074,0.8744233250617981,Yes
5075,0.03103749081492424,No
5076,0.00041698486893437803,No
5077,0.0004741051234304905,No
5078,0.8694344758987427,Yes
5079,0.09876511245965958,No
5080,0.9930633306503296,Yes
5081,0.9991559386253357,Yes
5082,0.0012052117381244898,No
5083,0.0009977424051612616,No
5084,0.9679175615310669,Yes
5085,0.9203704595565796,Yes
5086,0.0007950025028549135,No
5087,0.0011846391716971993,No
5088,0.9911022782325745,Yes
5089,0.9763482809066772,Yes
5090,0.0009009051718749106,No
5091,0.00047395669389516115,No
5092,0.9987595677375793,Yes
5093,0.9981282949447632,Yes
5094,0.0009161763591691852,No
5095,0.001043736352585256,No
5096,0.4148561358451843,No
5097,0.1723208725452423,No
5098,0.0006254536565393209,No
5099,0.0002892703050747514,No
5100,0.7017197608947754,Yes
5101,0.004447341430932283,No
5102,0.0005613013636320829,No
5103,0.000688501400873065,No
5104,0.9997678399085999,Yes
5105,0.999740481376648,Yes
5106,0.04430118203163147,No
5107,0.005293836817145348,No
5108,0.9057276248931885,Yes
5109,0.7396231889724731,Yes
5110,0.0021441427525132895,No
5111,0.002613371005281806,No
5112,0.930160641670227,Yes
5113,0.4380726218223572,No
5114,0.0012618590844795108,No
5115,0.007700040936470032,No
5116,0.9594299793243408,Yes
5117,0.7402734756469727,Yes
5118,0.0034672135952860117,No
5119,0.0025705895386636257,No
5120,0.9988980293273926,Yes
5121,0.9989433288574219,Yes
5122,0.00300771975889802,No
5123,0.0034505408257246017,No
5124,0.9973545670509338,Yes
5125,0.9896448850631714,Yes
5126,0.0011144984746351838,No
5127,0.0002641265164129436,No
5128,0.9955052137374878,Yes
5129,0.9969073534011841,Yes
5130,0.0003850044740829617,No
5131,0.000990143627859652,No
5132,0.9992833733558655,Yes
5133,0.9993848204612732,Yes
5134,0.009172819554805756,No
5135,0.007826517336070538,No
5136,0.9771187901496887,Yes
5137,0.9468028545379639,Yes
5138,0.00033228006213903427,No
5139,0.001963447779417038,No
5140,0.10150060057640076,No
5141,0.6395392417907715,Yes
5142,0.004719950258731842,No
5143,0.014316040091216564,No
5144,0.9976053237915039,Yes
5145,0.9669303297996521,Yes
5146,0.1623658686876297,No
5147,0.10036687552928925,No
5148,0.0686216950416565,No
5149,0.07046917080879211,No
5150,0.004681560676544905,No
5151,0.0014973354991525412,No
5152,0.9948968291282654,Yes
5153,0.9973976612091064,Yes
5154,0.017021968960762024,No
5155,0.0017643456812947989,No
5156,0.9955606460571289,Yes
5157,0.3830307722091675,No
5158,0.0047388579696416855,No
5159,0.003754613921046257,No
5160,0.996917188167572,Yes
5161,0.998979389667511,Yes
5162,0.1220448836684227,No
5163,0.09196773171424866,No
5164,0.9977927803993225,Yes
5165,0.9939751625061035,Yes
5166,0.00038687276537530124,No
5167,0.0012280126102268696,No
5168,0.9834401607513428,Yes
5169,0.9962833523750305,Yes
5170,0.0006019556894898415,No
5171,0.0045858523808419704,No
5172,0.9995865821838379,Yes
5173,0.9995058178901672,Yes
5174,0.003945417236536741,No
5175,0.0014634410617873073,No
5176,0.9696354269981384,Yes
5177,0.9840402603149414,Yes
5178,0.0014321859925985336,No
5179,0.0050115082412958145,No
5180,0.22009345889091492,No
5181,0.63201504945755,Yes
5182,0.005802239757031202,No
5183,0.0013695084489881992,No
5184,0.9976009726524353,Yes
5185,0.9979745149612427,Yes
5186,0.03911077231168747,No
5187,0.0752313882112503,No
5188,0.06320050358772278,No
5189,0.07280782610177994,No
5190,0.0014742411440238357,No
5191,0.004229894373565912,No
5192,0.9987396001815796,Yes
5193,0.9950568079948425,Yes
5194,0.0014173705130815506,No
5195,0.003682107897475362,No
5196,0.6999125480651855,Yes
5197,0.39411357045173645,No
5198,0.0036697706673294306,No
5199,0.0036939873825758696,No
5200,0.0017579265404492617,No
5201,0.0009135077707469463,No
5202,0.017359020188450813,No
5203,0.033352695405483246,No
5204,0.0003975227882619947,No
5205,0.001121331355534494,No
5206,0.44758978486061096,No
5207,0.6896916627883911,Yes
5208,0.0012433320516720414,No
5209,0.012026987969875336,No
5210,0.08723080903291702,No
5211,0.8331551551818848,Yes
5212,0.5774818062782288,Yes
5213,0.00799016933888197,No
5214,0.6897994875907898,Yes
5215,0.9791836142539978,Yes
5216,0.0005520650302059948,No
5217,0.0008462652331218123,No
5218,0.8552525043487549,Yes
5219,0.3155294954776764,No
5220,0.0012119092280045152,No
5221,0.0003496822027955204,No
5222,0.19558203220367432,No
5223,0.0009313334594480693,No
5224,0.010993985459208488,No
5225,0.05627628415822983,No
5226,0.40596073865890503,No
5227,0.838871419429779,Yes
5228,0.0007554208859801292,No
5229,0.0007128517609089613,No
5230,0.0035589125473052263,No
5231,0.003966845106333494,No
5232,0.005831059068441391,No
5233,0.003579703625291586,No
5234,0.5428032279014587,Yes
5235,0.019888749346137047,No
5236,0.0003439773863647133,No
5237,0.0013967802515253425,No
5238,0.008639897219836712,No
5239,0.9157983064651489,Yes
5240,0.017160264775156975,No
5241,0.0006925248308107257,No
5242,0.045571666210889816,No
5243,0.94614177942276,Yes
5244,0.0036063608713448048,No
5245,0.0006578456377610564,No
5246,0.04395970702171326,No
5247,0.01841968111693859,No
5248,0.0030953306704759598,No
5249,0.0016913600265979767,No
5250,0.2665104866027832,No
5251,0.6777957677841187,Yes
5252,0.5606577396392822,Yes
5253,0.004238953348249197,No
5254,0.9410966634750366,Yes
5255,0.7478424310684204,Yes
5256,0.00016169885930139571,No
5257,0.0003769827599171549,No
5258,0.24763542413711548,No
5259,0.027423331514000893,No
5260,0.0017282189801335335,No
5261,0.0069430009461939335,No
5262,0.0005229393136687577,No
5263,0.0008409811416640878,No
5264,0.013412347994744778,No
5265,0.021685490384697914,No
5266,0.2258087694644928,No
5267,0.8897020220756531,Yes
5268,0.000767516263294965,No
5269,0.0006527976947836578,No
5270,0.003500986145809293,No
5271,0.003643367439508438,No
5272,0.0019510774873197079,No
5273,0.01565069891512394,No
5274,0.03381963074207306,No
5275,0.0051423036493361,No
5276,0.0016791531816124916,No
5277,0.0003540196339599788,No
5278,0.5199123620986938,Yes
5279,0.0886472836136818,No
5280,0.9411345720291138,Yes
5281,0.9872704744338989,Yes
5282,0.0013387862127274275,No
5283,0.0012822503922507167,No
5284,0.9981607794761658,Yes
5285,0.997130274772644,Yes
5286,0.0005523164290934801,No
5287,0.0004055869940202683,No
5288,0.981848418712616,Yes
5289,0.9515249729156494,Yes
5290,0.0005870961467735469,No
5291,0.00020650099031627178,No
5292,0.9977473020553589,Yes
5293,0.9994092583656311,Yes
5294,0.004468599800020456,No
5295,0.0007117901113815606,No
5296,0.9748100638389587,Yes
5297,0.7073198556900024,Yes
5298,0.00026287577929906547,No
5299,0.0001984223781619221,No
5300,0.01941664330661297,No
5301,0.435690313577652,No
5302,0.0010306260082870722,No
5303,0.0004324333858676255,No
5304,0.9948530197143555,Yes
5305,0.9967412948608398,Yes
5306,0.040687788277864456,No
5307,0.019842728972434998,No
5308,0.054102156311273575,No
5309,0.036186300218105316,No
5310,0.0010245783487334847,No
5311,0.0013028685934841633,No
5312,0.9983193874359131,Yes
5313,0.8706462979316711,Yes
5314,0.001128990319557488,No
5315,0.0020543879363685846,No
5316,0.9683408141136169,Yes
5317,0.9961628913879395,Yes
5318,0.001741965883411467,No
5319,0.0008239260641857982,No
5320,0.9955700635910034,Yes
5321,0.9988158941268921,Yes
5322,0.0007128508877940476,No
5323,0.009657259099185467,No
5324,0.9969787001609802,Yes
5325,0.9731435179710388,Yes
5326,0.00040777193498797715,No
5327,0.0005096365348435938,No
5328,0.985340416431427,Yes
5329,0.9940700531005859,Yes
5330,0.0011395408073440194,No
5331,0.00020851923909503967,No
5332,0.9994499683380127,Yes
5333,0.9995669722557068,Yes
5334,0.003891939762979746,No
5335,0.0010060025379061699,No
5336,0.944132924079895,Yes
5337,0.9971509575843811,Yes
5338,0.0018884860910475254,No
5339,0.00046256842324510217,No
5340,0.08269906789064407,No
5341,0.01832749880850315,No
5342,0.0020750872790813446,No
5343,0.0030953167006373405,No
5344,0.9944720268249512,Yes
5345,0.9871081113815308,Yes
5346,0.034693069756031036,No
5347,0.042549069970846176,No
5348,0.08846289664506912,No
5349,0.08521359413862228,No
5350,0.0011603229213505983,No
5351,0.0010837781010195613,No
5352,0.4839666783809662,No
5353,0.2071710228919983,No
5354,0.001608839025720954,No
5355,0.026730140671133995,No
5356,0.9961634874343872,Yes
5357,0.40640971064567566,No
5358,0.0006474232068285346,No
5359,0.0008461570250801742,No
5360,0.9867444038391113,Yes
5361,0.9982330799102783,Yes
5362,0.0011614600662142038,No
5363,0.004472833126783371,No
5364,0.9248378872871399,Yes
5365,0.9863272309303284,Yes
5366,0.0010053716832771897,No
5367,0.0007743291789665818,No
5368,0.9625175595283508,Yes
5369,0.9038736820220947,Yes
5370,0.000556226703338325,No
5371,0.0008760601049289107,No
5372,0.9957453608512878,Yes
5373,0.9976308345794678,Yes
5374,0.0016474694712087512,No
5375,0.0036530110519379377,No
5376,0.6547088027000427,Yes
5377,0.9102882146835327,Yes
5378,0.0006700297817587852,No
5379,0.0008986334432847798,No
5380,0.005808861460536718,No
5381,0.009134984575212002,No
5382,0.008217007853090763,No
5383,0.011332985945045948,No
5384,0.8398459553718567,Yes
5385,0.9728332161903381,Yes
5386,0.030770260840654373,No
5387,0.027744412422180176,No
5388,0.04133182391524315,No
5389,0.051185496151447296,No
5390,0.0030181128531694412,No
5391,0.0023395861499011517,No
5392,0.9567995667457581,Yes
5393,0.12706367671489716,No
5394,0.009295916184782982,No
5395,0.03171408921480179,No
5396,0.9630915522575378,Yes
5397,0.1606946885585785,No
5398,0.0032352127600461245,No
5399,0.0032629522029310465,No
5400,0.0022106061223894358,No
5401,0.0023707991931587458,No
5402,0.5839448571205139,Yes
5403,0.6336025595664978,Yes
5404,0.0023183650337159634,No
5405,0.0014513666974380612,No
5406,0.04241139069199562,No
5407,0.5688138604164124,Yes
5408,0.0011265495559200644,No
5409,0.017316846176981926,No
5410,0.8094832301139832,Yes
5411,0.5652297735214233,Yes
5412,0.3904520869255066,No
5413,0.00028848330839537084,No
5414,0.21517477929592133,No
5415,0.7285054922103882,Yes
5416,0.00020709824457298964,No
5417,0.00018525752238929272,No
5418,0.8363584876060486,Yes
5419,0.015400892123579979,No
5420,0.00419011851772666,No
5421,0.005540674086660147,No
5422,0.009569925256073475,No
5423,0.014219224452972412,No
5424,0.007798436097800732,No
5425,0.0011964774457737803,No
5426,0.957651674747467,Yes
5427,0.9930252432823181,Yes
5428,0.0004624421417247504,No
5429,0.0007790542440488935,No
5430,0.0021773872431367636,No
5431,0.005469934083521366,No
5432,0.009365101344883442,No
5433,0.022656645625829697,No
5434,0.02319965697824955,No
5435,0.7200137972831726,Yes
5436,0.0010590959573164582,No
5437,0.0014501250116154552,No
5438,0.660092294216156,Yes
5439,0.9075180292129517,Yes
5440,0.9856215715408325,Yes
5441,0.8658108115196228,Yes
5442,0.00122923799790442,No
5443,0.001327448757365346,No
5444,0.983987033367157,Yes
5445,0.6475973725318909,Yes
5446,0.0009880163706839085,No
5447,0.0005493676871992648,No
5448,0.9966265559196472,Yes
5449,0.9878624677658081,Yes
5450,0.00046846061013638973,No
5451,0.0017739057075232267,No
5452,0.998136043548584,Yes
5453,0.9991496205329895,Yes
5454,0.0015481062000617385,No
5455,0.0032505386043339968,No
5456,0.9446585774421692,Yes
5457,0.9850887656211853,Yes
5458,0.005499751307070255,No
5459,0.00047674961388111115,No
5460,0.0032747588120400906,No
5461,0.005693512037396431,No
5462,0.0052457330748438835,No
5463,0.01488134078681469,No
5464,0.9983965754508972,Yes
5465,0.5679566264152527,Yes
5466,0.03009086288511753,No
5467,0.0388992577791214,No
5468,0.03961551934480667,No
5469,0.030658960342407227,No
5470,0.0016758807469159365,No
5471,0.0018432660726830363,No
5472,0.7092447876930237,Yes
5473,0.9554183483123779,Yes
5474,0.026728102937340736,No
5475,0.0034496968146413565,No
5476,0.9660842418670654,Yes
5477,0.04053037613630295,No
5478,0.0012111117830500007,No
5479,0.0017178220441564918,No
5480,0.0009499685256741941,No
5481,0.0005078380927443504,No
5482,0.05449864640831947,No
5483,0.07003173977136612,No
5484,0.0002587972267065197,No
5485,0.0005136741674505174,No
5486,0.7915365695953369,Yes
5487,0.006725165992975235,No
5488,0.005358400754630566,No
5489,0.0004170829779468477,No
5490,0.38820838928222656,No
5491,0.6940716505050659,Yes
5492,0.0011426463024690747,No
5493,0.0019878915045410395,No
5494,0.9791214466094971,Yes
5495,0.2433866262435913,No
5496,0.00023799650080036372,No
5497,0.00018894844106398523,No
5498,0.38396722078323364,No
5499,0.4343321621417999,No
5500,0.005962997674942017,No
5501,0.00034120288910344243,No
5502,0.016017623245716095,No
5503,0.003915797453373671,No
5504,0.006186617538332939,No
5505,0.0496082678437233,No
5506,0.2447417825460434,No
5507,0.9575028419494629,Yes
5508,0.0007898681797087193,No
5509,0.00023672383395023644,No
5510,0.003263987833634019,No
5511,0.0012369249016046524,No
5512,0.002653546631336212,No
5513,0.006162603385746479,No
5514,0.024769863113760948,No
5515,0.01956356316804886,No
5516,0.0013154721818864346,No
5517,0.0014803583035245538,No
5518,0.06586811691522598,No
5519,0.931561291217804,Yes
5520,0.0009741451940499246,No
5521,0.05111759901046753,No
5522,0.9558590650558472,Yes
5523,0.8224860429763794,Yes
5524,0.0009512463584542274,No
5525,0.001998618245124817,No
5526,0.36556434631347656,No
5527,0.02185545675456524,No
5528,0.0006090045790188015,No
5529,0.00023062362743075937,No
5530,0.4764208197593689,No
5531,0.23000149428844452,No
5532,0.42167988419532776,No
5533,0.12365739047527313,No
5534,0.9543161392211914,Yes
5535,0.6192408800125122,Yes
5536,0.000398861215217039,No
5537,0.0005363862728700042,No
5538,0.3676815629005432,No
5539,0.3398311734199524,No
5540,0.0019342390587553382,No
5541,0.00165767059661448,No
5542,0.013113834895193577,No
5543,0.005195022094994783,No
5544,0.05490000173449516,No
5545,0.15826991200447083,No
5546,0.6150307655334473,Yes
5547,0.8725887537002563,Yes
5548,0.0014776987954974174,No
5549,0.0008484216523356736,No
5550,0.004254704341292381,No
5551,0.00486559234559536,No
5552,0.007823385298252106,No
5553,0.007849490270018578,No
5554,0.16772089898586273,No
5555,0.03449590131640434,No
5556,0.0005132416845299304,No
5557,0.0003980060573667288,No
5558,0.02107158862054348,No
5559,0.8833805918693542,Yes
5560,0.1826021671295166,No
5561,0.0007017804891802371,No
5562,0.8721904158592224,Yes
5563,0.9841063618659973,Yes
5564,0.000758760841563344,No
5565,0.002942323451861739,No
5566,0.47165343165397644,No
5567,0.06608641892671585,No
5568,0.0011635624105110765,No
5569,0.00033772015012800694,No
5570,0.8086073398590088,Yes
5571,0.6771793961524963,Yes
5572,0.8938706517219543,Yes
5573,0.12587951123714447,No
5574,0.68977290391922,Yes
5575,0.9643592834472656,Yes
5576,0.003539586439728737,No
5577,0.00013954969472251832,No
5578,0.609287440776825,Yes
5579,0.9440573453903198,Yes
5580,0.000961285550147295,No
5581,0.00800858810544014,No
5582,0.0029333981219679117,No
5583,0.10423287749290466,No
5584,0.010326188057661057,No
5585,0.013095074333250523,No
5586,0.3814103901386261,No
5587,0.26618054509162903,No
5588,0.0014369715936481953,No
5589,0.001539316843263805,No
5590,0.004113996401429176,No
5591,0.004030887503176928,No
5592,0.005332494620233774,No
5593,0.021578116342425346,No
5594,0.10089016705751419,No
5595,0.14012525975704193,No
5596,0.0006309904856607318,No
5597,0.0004042416694574058,No
5598,0.8307037949562073,Yes
5599,0.7533060908317566,Yes
5600,0.0047123064287006855,No
5601,0.005657102447003126,No
5602,0.07374003529548645,No
5603,0.2766945958137512,No
5604,0.0009462174493819475,No
5605,0.0015305897686630487,No
5606,0.8318563103675842,Yes
5607,0.045682329684495926,No
5608,0.01174201164394617,No
5609,0.00196818052791059,No
5610,0.06540288776159286,No
5611,0.03444544970989227,No
5612,0.29921671748161316,No
5613,0.03926229849457741,No
5614,0.2563379108905792,No
5615,0.4738994240760803,No
5616,0.0007747317431494594,No
5617,0.0006963010528124869,No
5618,0.37055185437202454,No
5619,0.1465880125761032,No
5620,0.0026532115880399942,No
5621,0.0023113565985113382,No
5622,0.0017069721361622214,No
5623,0.01084651704877615,No
5624,0.006450063548982143,No
5625,0.0057256449945271015,No
5626,0.4555245041847229,No
5627,0.7913942933082581,Yes
5628,0.0008898124797269702,No
5629,0.0007349038496613503,No
5630,0.006640022620558739,No
5631,0.00544550409540534,No
5632,0.0007514164317399263,No
5633,0.003319486975669861,No
5634,0.04514065384864807,No
5635,0.00810997560620308,No
5636,0.0006933790864422917,No
5637,0.001005173777230084,No
5638,0.17454762756824493,No
5639,0.7220677137374878,Yes
5640,0.9947900176048279,Yes
5641,0.9623121023178101,Yes
5642,0.00186784693505615,No
5643,0.0020994532387703657,No
5644,0.9950743913650513,Yes
5645,0.9912188053131104,Yes
5646,0.0010508375708013773,No
5647,0.0007078119087964296,No
5648,0.9887696504592896,Yes
5649,0.9672988653182983,Yes
5650,0.0005516818491742015,No
5651,0.00037102957139723003,No
5652,0.9955094456672668,Yes
5653,0.9972221851348877,Yes
5654,0.005113509017974138,No
5655,0.0015497797867283225,No
5656,0.9899216890335083,Yes
5657,0.9343173503875732,Yes
5658,0.00036157231079414487,No
5659,0.00028227054281160235,No
5660,0.7711667418479919,Yes
5661,0.020353194326162338,No
5662,0.0008516855305060744,No
5663,0.0007862079655751586,No
5664,0.9895029664039612,Yes
5665,0.9986505508422852,Yes
5666,0.00964534841477871,No
5667,0.005346925463527441,No
5668,0.781283438205719,Yes
5669,0.9574612975120544,Yes
5670,0.0011706016957759857,No
5671,0.001540912315249443,No
5672,0.7178150415420532,Yes
5673,0.9957296252250671,Yes
5674,0.00123718217946589,No
5675,0.0021864373702555895,No
5676,0.9580777287483215,Yes
5677,0.042361024767160416,No
5678,0.0003970468824263662,No
5679,0.0008743013604544103,No
5680,0.9874280691146851,Yes
5681,0.9955824613571167,Yes
5682,0.010795367881655693,No
5683,0.0016320367576554418,No
5684,0.9939364194869995,Yes
5685,0.9630229473114014,Yes
5686,0.000997482449747622,No
5687,0.0007565311971120536,No
5688,0.9929829239845276,Yes
5689,0.9935799241065979,Yes
5690,0.0028724404983222485,No
5691,0.0006635600002482533,No
5692,0.995398759841919,Yes
5693,0.9932146668434143,Yes
5694,0.0532858669757843,No
5695,0.030307382345199585,No
5696,0.9728713631629944,Yes
5697,0.9333412647247314,Yes
5698,0.009941290132701397,No
5699,0.0010754603426903486,No
5700,0.27444663643836975,No
5701,0.2223229706287384,No
5702,0.011626208201050758,No
5703,0.01109579298645258,No
5704,0.9726940393447876,Yes
5705,0.9649568200111389,Yes
5706,0.04067910835146904,No
5707,0.0161405261605978,No
5708,0.15156251192092896,No
5709,0.26843369007110596,No
5710,0.0011302002239972353,No
5711,0.0030623888596892357,No
5712,0.9772661328315735,Yes
5713,0.7878174781799316,Yes
5714,0.00280026625841856,No
5715,0.006620318163186312,No
5716,0.999133288860321,Yes
5717,0.9986475706100464,Yes
5718,0.00569087965413928,No
5719,0.0008589308708906174,No
5720,0.22263796627521515,No
5721,0.02897343412041664,No
5722,0.5544547438621521,Yes
5723,0.954727053642273,Yes
5724,0.00045243228669278324,No
5725,0.009882770478725433,No
5726,0.9312191605567932,Yes
5727,0.7157153487205505,Yes
5728,0.0036737285554409027,No
5729,0.0008004995761439204,No
5730,0.9323104619979858,Yes
5731,0.896179735660553,Yes
5732,0.0053095570765435696,No
5733,0.18749499320983887,No
5734,0.9368413686752319,Yes
5735,0.9816685318946838,Yes
5736,0.0007741515873931348,No
5737,0.00075124780414626,No
5738,0.8937895894050598,Yes
5739,0.4491504728794098,No
5740,0.006877736654132605,No
5741,0.019013402983546257,No
5742,0.00970053393393755,No
5743,0.8542903065681458,Yes
5744,0.17149674892425537,No
5745,0.01258822437375784,No
5746,0.947058379650116,Yes
5747,0.2583361268043518,No
5748,0.001749748014844954,No
5749,0.0012524882331490517,No
5750,0.004774979315698147,No
5751,0.008577549830079079,No
5752,0.03165946900844574,No
5753,0.0052951364777982235,No
5754,0.0975923165678978,No
5755,0.9481340050697327,Yes
5756,0.001859536743722856,No
5757,0.0003733652119990438,No
5758,0.18451279401779175,No
5759,0.11341492086648941,No
5760,0.9899566173553467,Yes
5761,0.994791567325592,Yes
5762,0.04863646999001503,No
5763,0.07615706324577332,No
5764,0.9933190941810608,Yes
5765,0.995533287525177,Yes
5766,0.0009420625283382833,No
5767,0.002766086719930172,No
5768,0.9921645522117615,Yes
5769,0.9891209006309509,Yes
5770,0.0001571261091157794,No
5771,0.0011078156530857086,No
5772,0.9947904348373413,Yes
5773,0.9981800317764282,Yes
5774,0.0028776603285223246,No
5775,0.0024288552813231945,No
5776,0.7425162196159363,Yes
5777,0.9564876556396484,Yes
5778,0.0002104687737300992,No
5779,0.0011132576037198305,No
5780,0.012574967928230762,No
5781,0.10829893499612808,No
5782,0.0012232741573825479,No
5783,0.0057192458771169186,No
5784,0.9982553124427795,Yes
5785,0.99518221616745,Yes
5786,0.0586259663105011,No
5787,0.0343637652695179,No
5788,0.23222707211971283,No
5789,0.3643825054168701,No
5790,0.0015128280501812696,No
5791,0.0018186462111771107,No
5792,0.3592502176761627,No
5793,0.9919413924217224,Yes
5794,0.0014975348021835089,No
5795,0.002578453626483679,No
5796,0.9991917610168457,Yes
5797,0.9178042411804199,Yes
5798,0.0027082241140305996,No
5799,0.001354765729047358,No
5800,0.24214492738246918,No
5801,0.7278178334236145,Yes
5802,0.0032698134891688824,No
5803,0.2055201381444931,No
5804,0.0007435646839439869,No
5805,0.008412087336182594,No
5806,0.8397525548934937,Yes
5807,0.6718271970748901,Yes
5808,0.00045930661144666374,No
5809,0.0010258909314870834,No
5810,0.7435929775238037,Yes
5811,0.005070201121270657,No
5812,0.029295137152075768,No
5813,0.5603467226028442,Yes
5814,0.05096030235290527,No
5815,0.8792641162872314,Yes
5816,0.005175671074539423,No
5817,0.00045236857840791345,No
5818,0.23476459085941315,No
5819,0.2567148506641388,No
5820,0.0003659113426692784,No
5821,0.0003103870840277523,No
5822,0.002658965764567256,No
5823,0.003544565523043275,No
5824,0.1134529635310173,No
5825,0.01389299239963293,No
5826,0.18567505478858948,No
5827,0.5820664763450623,Yes
5828,0.002869807183742523,No
5829,0.0033005501609295607,No
5830,0.006893163546919823,No
5831,0.005965502001345158,No
5832,0.01875866949558258,No
5833,0.0013215987710282207,No
5834,0.3109970688819885,No
5835,0.41626739501953125,No
5836,0.0024451548233628273,No
5837,0.001496281591244042,No
5838,0.9490702748298645,Yes
5839,0.9736109972000122,Yes
5840,0.0005867587169632316,No
5841,0.03642633557319641,No
5842,0.42973753809928894,No
5843,0.33563119173049927,No
5844,0.0006674295873381197,No
5845,0.0018252745503559709,No
5846,0.7481151223182678,Yes
5847,0.09181392937898636,No
5848,0.0004314730758778751,No
5849,0.0005183175671845675,No
5850,0.024675099179148674,No
5851,0.013249318115413189,No
5852,0.06071474403142929,No
5853,0.07984700053930283,No
5854,0.7988021969795227,Yes
5855,0.864142119884491,Yes
5856,0.00040144927334040403,No
5857,0.0018792891642078757,No
5858,0.8757582902908325,Yes
5859,0.11977758258581161,No
5860,0.0003573278954718262,No
5861,0.000742583826649934,No
5862,0.17992302775382996,No
5863,0.49402472376823425,No
5864,0.005719565320760012,No
5865,0.013517270796000957,No
5866,0.12978312373161316,No
5867,0.4187392592430115,No
5868,0.00025017853477038443,No
5869,0.0026487703435122967,No
5870,0.005450577009469271,No
5871,0.01954752765595913,No
5872,0.0010397566948086023,No
5873,0.01338158268481493,No
5874,0.8490540385246277,Yes
5875,0.0436747670173645,No
5876,0.00037809630157426,No
5877,0.00035389335243962705,No
5878,0.9628316760063171,Yes
5879,0.06764763593673706,No
5880,0.9743962287902832,Yes
5881,0.99552321434021,Yes
5882,0.006411409005522728,No
5883,0.007062368560582399,No
5884,0.9738543033599854,Yes
5885,0.9775142073631287,Yes
5886,0.0021785933058708906,No
5887,0.004777312744408846,No
5888,0.9903230667114258,Yes
5889,0.9569311738014221,Yes
5890,0.0017800566274672747,No
5891,0.0011690495302900672,No
5892,0.9957724213600159,Yes
5893,0.9946739077568054,Yes
5894,0.00410046149045229,No
5895,0.004548217635601759,No
5896,0.47551554441452026,No
5897,0.16136327385902405,No
5898,0.0013133662287145853,No
5899,0.000965540180914104,No
5900,0.8499566316604614,Yes
5901,0.004816983826458454,No
5902,0.0016528196865692735,No
5903,0.001959927612915635,No
5904,0.9977245330810547,Yes
5905,0.9972541928291321,Yes
5906,0.009025584906339645,No
5907,0.003088374389335513,No
5908,0.7979733943939209,Yes
5909,0.8480883240699768,Yes
5910,0.0020466255955398083,No
5911,0.0029627541080117226,No
5912,0.8002687692642212,Yes
5913,0.14725762605667114,No
5914,0.0036643757484853268,No
5915,0.011476903222501278,No
5916,0.9744619727134705,Yes
5917,0.4534933865070343,No
5918,0.004487611819058657,No
5919,0.006007743533700705,No
5920,0.9971945285797119,Yes
5921,0.9964001178741455,Yes
5922,0.02175525389611721,No
5923,0.04699166119098663,No
5924,0.9951178431510925,Yes
5925,0.9917662739753723,Yes
5926,0.0044848499819636345,No
5927,0.0007703578448854387,No
5928,0.9958584904670715,Yes
5929,0.9933648109436035,Yes
5930,0.0005930963670834899,No
5931,0.001632008352316916,No
5932,0.99802166223526,Yes
5933,0.9979134798049927,Yes
5934,0.11392617970705032,No
5935,0.044562928378582,No
5936,0.9885702133178711,Yes
5937,0.9710987210273743,Yes
5938,0.0007942257798276842,No
5939,0.003314092056825757,No
5940,0.5334110260009766,Yes
5941,0.9465778470039368,Yes
5942,0.029448026791214943,No
5943,0.08800368010997772,No
5944,0.988494873046875,Yes
5945,0.8522100448608398,Yes
5946,0.048738252371549606,No
5947,0.0741787850856781,No
5948,0.08804687857627869,No
5949,0.19473400712013245,No
5950,0.007172589655965567,No
5951,0.0036862711422145367,No
5952,0.994476318359375,Yes
5953,0.9952576160430908,Yes
5954,0.04938776418566704,No
5955,0.004226465243846178,No
5956,0.997581422328949,Yes
5957,0.4232295751571655,No
5958,0.010319751687347889,No
5959,0.005883476696908474,No
5960,0.9936916828155518,Yes
5961,0.9966146945953369,Yes
5962,0.1632205694913864,No
5963,0.2975330352783203,No
5964,0.9974743127822876,Yes
5965,0.9929990768432617,Yes
5966,0.0015180975897237659,No
5967,0.0034536782186478376,No
5968,0.9960489869117737,Yes
5969,0.9953233003616333,Yes
5970,0.0014306657249107957,No
5971,0.0026028843130916357,No
5972,0.9985669255256653,Yes
5973,0.998295247554779,Yes
5974,0.02609882690012455,No
5975,0.0048610311932861805,No
5976,0.977083683013916,Yes
5977,0.9723741412162781,Yes
5978,0.002313153585419059,No
5979,0.006564012262970209,No
5980,0.7741798758506775,Yes
5981,0.9321637153625488,Yes
5982,0.018708832561969757,No
5983,0.0032303358893841505,No
5984,0.9917688369750977,Yes
5985,0.9931261539459229,Yes
5986,0.028393074870109558,No
5987,0.037660151720047,No
5988,0.11649409681558609,No
5989,0.19334368407726288,No
5990,0.0018713766476139426,No
5991,0.005803440231829882,No
5992,0.9969831705093384,Yes
5993,0.9934927821159363,Yes
5994,0.0065114363096654415,No
5995,0.009842625819146633,No
5996,0.9381425976753235,Yes
5997,0.3326641023159027,No
5998,0.007719223387539387,No
5999,0.0016809547087177634,No
6000,0.005629703868180513,No
6001,0.007433886639773846,No
6002,0.04189877212047577,No
6003,0.11804816126823425,No
6004,0.0009897530544549227,No
6005,0.0022746126633137465,No
6006,0.8560193777084351,Yes
6007,0.6755704879760742,Yes
6008,0.008445998653769493,No
6009,0.0047412170097231865,No
6010,0.0445464588701725,No
6011,0.9091676473617554,Yes
6012,0.7799795269966125,Yes
6013,0.04533810168504715,No
6014,0.5157609581947327,Yes
6015,0.9504793286323547,Yes
6016,0.0009784791618585587,No
6017,0.0011429012520238757,No
6018,0.8845980763435364,Yes
6019,0.42268672585487366,No
6020,0.0012507324572652578,No
6021,0.0008484649006277323,No
6022,0.5769954919815063,Yes
6023,0.00314340740442276,No
6024,0.008487975224852562,No
6025,0.047202564775943756,No
6026,0.23637455701828003,No
6027,0.7019332647323608,Yes
6028,0.0011340868659317493,No
6029,0.0027085815090686083,No
6030,0.003854492213577032,No
6031,0.006472178269177675,No
6032,0.030444899573922157,No
6033,0.012217975221574306,No
6034,0.5992932319641113,Yes
6035,0.010170220397412777,No
6036,0.0008047179435379803,No
6037,0.004759176168590784,No
6038,0.03071652725338936,No
6039,0.9880274534225464,Yes
6040,0.035425134003162384,No
6041,0.0028627831488847733,No
6042,0.056900836527347565,No
6043,0.9082698822021484,Yes
6044,0.011723178438842297,No
6045,0.0015549781965091825,No
6046,0.39317673444747925,No
6047,0.07513982057571411,No
6048,0.0058793784119188786,No
6049,0.003196640405803919,No
6050,0.7727059125900269,Yes
6051,0.7454397082328796,Yes
6052,0.7840090394020081,Yes
6053,0.1069984957575798,No
6054,0.8546146154403687,Yes
6055,0.7861368060112,Yes
6056,0.0003305999853182584,No
6057,0.001059173489920795,No
6058,0.146509051322937,No
6059,0.018187785521149635,No
6060,0.01315899658948183,No
6061,0.058392710983753204,No
6062,0.001663962029851973,No
6063,0.003040120005607605,No
6064,0.018507450819015503,No
6065,0.011543422006070614,No
6066,0.0498477965593338,No
6067,0.6403264403343201,Yes
6068,0.0007376405410468578,No
6069,0.001510045723989606,No
6070,0.0034958727192133665,No
6071,0.007879314944148064,No
6072,0.00541653111577034,No
6073,0.12137912958860397,No
6074,0.07042858749628067,No
6075,0.011314921081066132,No
6076,0.0018517093267291784,No
6077,0.0005089894402772188,No
6078,0.6757704615592957,Yes
6079,0.05530233308672905,No
6080,0.8664306998252869,Yes
6081,0.9778180122375488,Yes
6082,0.0052525862120091915,No
6083,0.006284615956246853,No
6084,0.9935185313224792,Yes
6085,0.9911777377128601,Yes
6086,0.0012093489058315754,No
6087,0.001283542369492352,No
6088,0.9481223821640015,Yes
6089,0.9883440136909485,Yes
6090,0.0008613522513769567,No
6091,0.00023188228078652173,No
6092,0.9940890073776245,Yes
6093,0.9971892237663269,Yes
6094,0.030438462272286415,No
6095,0.002566975774243474,No
6096,0.9653369188308716,Yes
6097,0.6948153972625732,Yes
6098,0.00024790415773168206,No
6099,0.000295595993520692,No
6100,0.492950439453125,No
6101,0.843817412853241,Yes
6102,0.0032870813738554716,No
6103,0.0010393046541139483,No
6104,0.9448596239089966,Yes
6105,0.9842865467071533,Yes
6106,0.007041557691991329,No
6107,0.014201080426573753,No
6108,0.28941383957862854,No
6109,0.4158560037612915,No
6110,0.0009463258902542293,No
6111,0.0023445275146514177,No
6112,0.9885242581367493,Yes
6113,0.9511079788208008,Yes
6114,0.0015584372449666262,No
6115,0.004823882132768631,No
6116,0.9949821829795837,Yes
6117,0.9937712550163269,Yes
6118,0.0013340248260647058,No
6119,0.0015672995941713452,No
6120,0.990294873714447,Yes
6121,0.9925636649131775,Yes
6122,0.0023078315425664186,No
6123,0.03749002143740654,No
6124,0.9944984912872314,Yes
6125,0.9845964312553406,Yes
6126,0.0013591365423053503,No
6127,0.002828634576871991,No
6128,0.9886820912361145,Yes
6129,0.9893584251403809,Yes
6130,0.0008644398767501116,No
6131,0.00036917696706950665,No
6132,0.9976496696472168,Yes
6133,0.9977694153785706,Yes
6134,0.03306744620203972,No
6135,0.00247692852281034,No
6136,0.9796439409255981,Yes
6137,0.9968016743659973,Yes
6138,0.002316785277798772,No
6139,0.0018540185410529375,No
6140,0.35091719031333923,No
6141,0.14487093687057495,No
6142,0.008474630303680897,No
6143,0.00905334297567606,No
6144,0.9706031680107117,Yes
6145,0.9415563344955444,Yes
6146,0.01225106231868267,No
6147,0.0495663546025753,No
6148,0.2212921679019928,No
6149,0.36854133009910583,No
6150,0.0008897212101146579,No
6151,0.0015865174354985356,No
6152,0.7055971026420593,Yes
6153,0.4860610067844391,No
6154,0.003381844609975815,No
6155,0.019514407962560654,No
6156,0.9990214109420776,Yes
6157,0.45687153935432434,No
6158,0.0004539028159342706,No
6159,0.0012407246977090836,No
6160,0.9770917296409607,Yes
6161,0.9824690818786621,Yes
6162,0.0027793804183602333,No
6163,0.014462362043559551,No
6164,0.9615294933319092,Yes
6165,0.9830110669136047,Yes
6166,0.002984449500218034,No
6167,0.0021019931882619858,No
6168,0.9729379415512085,Yes
6169,0.9757784605026245,Yes
6170,0.001506251865066588,No
6171,0.0027041914872825146,No
6172,0.9835083484649658,Yes
6173,0.9853286147117615,Yes
6174,0.007064529694616795,No
6175,0.008448807522654533,No
6176,0.887519121170044,Yes
6177,0.9426838159561157,Yes
6178,0.0012838143156841397,No
6179,0.0017939578974619508,No
6180,0.0690857544541359,No
6181,0.05119260773062706,No
6182,0.020026495680212975,No
6183,0.020812027156352997,No
6184,0.6655588150024414,Yes
6185,0.9041987061500549,Yes
6186,0.01991228573024273,No
6187,0.01923307403922081,No
6188,0.1884898990392685,No
6189,0.27339935302734375,No
6190,0.0020506102591753006,No
6191,0.003621993586421013,No
6192,0.9368516802787781,Yes
6193,0.2971414029598236,No
6194,0.016393600031733513,No
6195,0.04302747920155525,No
6196,0.9866603016853333,Yes
6197,0.3405134975910187,No
6198,0.002371388953179121,No
6199,0.006689972244203091,No
6200,0.0031025998760014772,No
6201,0.0065880948677659035,No
6202,0.5726146101951599,Yes
6203,0.22327467799186707,No
6204,0.004030935000628233,No
6205,0.0026611690409481525,No
6206,0.21512889862060547,No
6207,0.6105954051017761,Yes
6208,0.01516745612025261,No
6209,0.012435678392648697,No
6210,0.9084835052490234,Yes
6211,0.7802533507347107,Yes
6212,0.847470760345459,Yes
6213,0.0012047369964420795,No
6214,0.14099803566932678,No
6215,0.585189938545227,Yes
6216,0.0006877625128254294,No
6217,0.00032032420858740807,No
6218,0.8097696900367737,Yes
6219,0.014409283176064491,No
6220,0.014439449645578861,No
6221,0.12358146905899048,No
6222,0.10416413843631744,No
6223,0.036393988877534866,No
6224,0.006102554965764284,No
6225,0.0012337991502135992,No
6226,0.2920636534690857,No
6227,0.9050528407096863,Yes
6228,0.00033038700348697603,No
6229,0.001099809305742383,No
6230,0.003708483884111047,No
6231,0.014224458485841751,No
6232,0.01861923560500145,No
6233,0.15012286603450775,No
6234,0.039531104266643524,No
6235,0.5945700407028198,Yes
6236,0.0010995763586834073,No
6237,0.0012247849954292178,No
6238,0.4135553538799286,No
6239,0.9167090058326721,Yes
6240,0.98183274269104,Yes
6241,0.8781338334083557,Yes
6242,0.004483144264668226,No
6243,0.004469285719096661,No
6244,0.9848809838294983,Yes
6245,0.9471721053123474,Yes
6246,0.0049649449065327644,No
6247,0.0014460706152021885,No
6248,0.9950962066650391,Yes
6249,0.9838406443595886,Yes
6250,0.0006401384016498923,No
6251,0.0037856099661439657,No
6252,0.9951133728027344,Yes
6253,0.9970090389251709,Yes
6254,0.0072915502823889256,No
6255,0.012741216458380222,No
6256,0.9935534000396729,Yes
6257,0.9952199459075928,Yes
6258,0.008763652294874191,No
6259,0.001148692099377513,No
6260,0.026356158778071404,No
6261,0.03137288615107536,No
6262,0.018279120326042175,No
6263,0.02248661033809185,No
6264,0.9893884062767029,Yes
6265,0.3634934723377228,No
6266,0.02089524082839489,No
6267,0.05147453024983406,No
6268,0.20392335951328278,No
6269,0.33085423707962036,No
6270,0.0014245244674384594,No
6271,0.0027032908983528614,No
6272,0.7214955687522888,Yes
6273,0.9789443016052246,Yes
6274,0.03489502891898155,No
6275,0.002072827657684684,No
6276,0.970687985420227,Yes
6277,0.07107246667146683,No
6278,0.0013228494208306074,No
6279,0.0018580587347969413,No
6280,0.0011671498650684953,No
6281,0.0028675892390310764,No
6282,0.11503539979457855,No
6283,0.048178818076848984,No
6284,0.0009670928120613098,No
6285,0.0010748649947345257,No
6286,0.9070127606391907,Yes
6287,0.05183393135666847,No
6288,0.00943343248218298,No
6289,0.0007044115336611867,No
6290,0.8758416771888733,Yes
6291,0.8854037523269653,Yes
6292,0.005435725674033165,No
6293,0.015261524356901646,No
6294,0.9496338963508606,Yes
6295,0.43828538060188293,No
6296,0.0006781392148695886,No
6297,0.00036696053575724363,No
6298,0.2132132351398468,No
6299,0.27447059750556946,No
6300,0.02231009304523468,No
6301,0.0005213472177274525,No
6302,0.04582046717405319,No
6303,0.00767391175031662,No
6304,0.00394508708268404,No
6305,0.01655341126024723,No
6306,0.05152124911546707,No
6307,0.8517268896102905,Yes
6308,0.0006015863618813455,No
6309,0.0004256496613379568,No
6310,0.011266360059380531,No
6311,0.005184117704629898,No
6312,0.0060444786213338375,No
6313,0.016748148947954178,No
6314,0.0513896644115448,No
6315,0.0396120510995388,No
6316,0.0015654419548809528,No
6317,0.0018759954255074263,No
6318,0.17857275903224945,No
6319,0.8294519186019897,Yes
6320,0.0033468478359282017,No
6321,0.17087821662425995,No
6322,0.8169787526130676,Yes
6323,0.7191599011421204,Yes
6324,0.006879557855427265,No
6325,0.014465691521763802,No
6326,0.6914843320846558,Yes
6327,0.13200153410434723,No
6328,0.003439965657889843,No
6329,0.0011848845751956105,No
6330,0.6645444631576538,Yes
6331,0.6961557269096375,Yes
6332,0.7033336162567139,Yes
6333,0.3608852028846741,No
6334,0.8986523747444153,Yes
6335,0.3813858926296234,No
6336,0.0007162284455262125,No
6337,0.001163161126896739,No
6338,0.17966778576374054,No
6339,0.5748569369316101,Yes
6340,0.005628637969493866,No
6341,0.01162597257643938,No
6342,0.06441759318113327,No
6343,0.020836031064391136,No
6344,0.0410323403775692,No
6345,0.16309711337089539,No
6346,0.44875943660736084,No
6347,0.6901669502258301,Yes
6348,0.0018379369284957647,No
6349,0.0016360960435122252,No
6350,0.005038760602474213,No
6351,0.009606060571968555,No
6352,0.01823384501039982,No
6353,0.03791989013552666,No
6354,0.43320271372795105,No
6355,0.014448540285229683,No
6356,0.00021425924205686897,No
6357,0.0003309948369860649,No
6358,0.05126297101378441,No
6359,0.9728451371192932,Yes
6360,0.4558391869068146,No
6361,0.0030906139872968197,No
6362,0.5717203617095947,Yes
6363,0.9043291211128235,Yes
6364,0.008159843273460865,No
6365,0.008511333726346493,No
6366,0.5646302700042725,Yes
6367,0.17430061101913452,No
6368,0.019244570285081863,No
6369,0.0010646110167726874,No
6370,0.7206194996833801,Yes
6371,0.7464577555656433,Yes
6372,0.9272005558013916,Yes
6373,0.5352768301963806,Yes
6374,0.7049795985221863,Yes
6375,0.8833754062652588,Yes
6376,0.020665569230914116,No
6377,0.0002942068094853312,No
6378,0.2290656715631485,No
6379,0.7172067165374756,Yes
6380,0.0017309413524344563,No
6381,0.04789627715945244,No
6382,0.01471751555800438,No
6383,0.4155479967594147,No
6384,0.012189467437565327,No
6385,0.0323379710316658,No
6386,0.22881844639778137,No
6387,0.08706723898649216,No
6388,0.0020675824489444494,No
6389,0.003311379114165902,No
6390,0.0038485864643007517,No
6391,0.007852481678128242,No
6392,0.012121663428843021,No
6393,0.18940578401088715,No
6394,0.14902500808238983,No
6395,0.08746873587369919,No
6396,0.00035914944601245224,No
6397,0.00021486332116182894,No
6398,0.9170500040054321,Yes
6399,0.8933377265930176,Yes
6400,0.0018386547453701496,No
6401,0.0006506103673018515,No
6402,0.5916727185249329,Yes
6403,0.2252877950668335,No
6404,0.00024011223285924643,No
6405,0.00028826534980908036,No
6406,0.33522289991378784,No
6407,0.027953563258051872,No
6408,0.0005447937874123454,No
6409,0.0003518978483043611,No
6410,0.03600923344492912,No
6411,0.01176107581704855,No
6412,0.05476478487253189,No
6413,0.010443348437547684,No
6414,0.7948316335678101,Yes
6415,0.8543450236320496,Yes
6416,0.00028333361842669547,No
6417,0.0001631883205845952,No
6418,0.22318774461746216,No
6419,0.027051251381635666,No
6420,0.0022707353346049786,No
6421,0.001536708790808916,No
6422,0.0010988543508574367,No
6423,0.010684776119887829,No
6424,0.0028589742723852396,No
6425,0.0010703358566388488,No
6426,0.8805065155029297,Yes
6427,0.7515724897384644,Yes
6428,0.0008408488938584924,No
6429,0.00035260195727460086,No
6430,0.004336216486990452,No
6431,0.0038656266406178474,No
6432,0.0003065495111513883,No
6433,0.000603421765845269,No
6434,0.025820748880505562,No
6435,0.004278749227523804,No
6436,0.0005489590694196522,No
6437,0.000700540782418102,No
6438,0.20761027932167053,No
6439,0.7434848546981812,Yes
6440,0.9992717504501343,Yes
6441,0.9938763976097107,Yes
6442,0.0008528000907972455,No
6443,0.000763841497246176,No
6444,0.9935122728347778,Yes
6445,0.9887024760246277,Yes
6446,0.00022684605210088193,No
6447,0.00020979621331207454,No
6448,0.9815658926963806,Yes
6449,0.9601878523826599,Yes
6450,0.0002198784932261333,No
6451,0.00023322053311858326,No
6452,0.9986768364906311,Yes
6453,0.9981045722961426,Yes
6454,0.0033551377709954977,No
6455,0.0004168688610661775,No
6456,0.989363968372345,Yes
6457,0.8246979117393494,Yes
6458,0.0001562637771712616,No
6459,9.36430660658516e-05,No
6460,0.6038376688957214,Yes
6461,0.008908436633646488,No
6462,0.0006025184411555529,No
6463,0.00047019479097798467,No
6464,0.9980499148368835,Yes
6465,0.9996142983436584,Yes
6466,0.014174383133649826,No
6467,0.005417692009359598,No
6468,0.8998051881790161,Yes
6469,0.8941127061843872,Yes
6470,0.0012191291898488998,No
6471,0.001263207639567554,No
6472,0.9488649368286133,Yes
6473,0.9995771646499634,Yes
6474,0.00046961643965914845,No
6475,0.0006627676193602383,No
6476,0.9757847189903259,Yes
6477,0.4598798453807831,No
6478,0.0004013629804830998,No
6479,0.0007282576407305896,No
6480,0.9949193000793457,Yes
6481,0.9974828362464905,Yes
6482,0.0038762998301535845,No
6483,0.0004785131604876369,No
6484,0.9811509847640991,Yes
6485,0.7559982538223267,Yes
6486,0.00033293658634647727,No
6487,0.0002281927299918607,No
6488,0.9738510847091675,Yes
6489,0.9752148985862732,Yes
6490,0.0004905477981083095,No
6491,0.0002738199254963547,No
6492,0.9941756129264832,Yes
6493,0.9951040744781494,Yes
6494,0.009377779439091682,No
6495,0.0054252371191978455,No
6496,0.9262371063232422,Yes
6497,0.3950314521789551,No
6498,0.00270468438975513,No
6499,0.0003215314354747534,No
6500,0.03449300304055214,No
6501,0.043168190866708755,No
6502,0.004684783983975649,No
6503,0.0018318556249141693,No
6504,0.984335720539093,Yes
6505,0.9819996953010559,Yes
6506,0.01360597088932991,No
6507,0.00512969633564353,No
6508,0.06924423575401306,No
6509,0.06388366967439651,No
6510,0.0009378251852467656,No
6511,0.002036741469055414,No
6512,0.9548451900482178,Yes
6513,0.8533861041069031,Yes
6514,0.000894373282790184,No
6515,0.0014454331248998642,No
6516,0.9953931570053101,Yes
6517,0.9948647022247314,Yes
6518,0.006996779702603817,No
6519,0.000459291972219944,No
6520,0.07126621901988983,No
6521,0.00767790200188756,No
6522,0.9312924742698669,Yes
6523,0.9834271669387817,Yes
6524,0.00012349264579825103,No
6525,0.0005402936367318034,No
6526,0.723978579044342,Yes
6527,0.601990818977356,Yes
6528,0.0003101193578913808,No
6529,0.00019646339933387935,No
6530,0.699590802192688,Yes
6531,0.5090138912200928,Yes
6532,0.0010791051900014281,No
6533,0.017655648291110992,No
6534,0.9701153039932251,Yes
6535,0.9844176173210144,Yes
6536,0.0001939755311468616,No
6537,0.00016000114555936307,No
6538,0.8334053754806519,Yes
6539,0.37658271193504333,No
6540,0.0033718240447342396,No
6541,0.004673794377595186,No
6542,0.009638688527047634,No
6543,0.4838307797908783,No
6544,0.05362897738814354,No
6545,0.003852836787700653,No
6546,0.9073980450630188,Yes
6547,0.34065788984298706,No
6548,0.001221687882207334,No
6549,0.0005312266875989735,No
6550,0.0028112835716456175,No
6551,0.004350850824266672,No
6552,0.004861102439463139,No
6553,0.0009334140340797603,No
6554,0.07113631814718246,No
6555,0.9838603138923645,Yes
6556,0.0036156473215669394,No
6557,0.00016857955779414624,No
6558,0.11962132900953293,No
6559,0.023509707301855087,No
6560,0.9980830550193787,Yes
6561,0.9979323148727417,Yes
6562,0.016414009034633636,No
6563,0.009636614471673965,No
6564,0.9905440807342529,Yes
6565,0.9874002933502197,Yes
6566,0.0002570194483269006,No
6567,0.0006553515559062362,No
6568,0.9790052175521851,Yes
6569,0.9639755487442017,Yes
6570,0.00012796356168109924,No
6571,0.00030559857259504497,No
6572,0.9955261945724487,Yes
6573,0.9991292953491211,Yes
6574,0.0009360504918731749,No
6575,0.0006968932575546205,No
6576,0.09193107485771179,No
6577,0.8289387226104736,Yes
6578,0.00012657366460189223,No
6579,0.0002682055637706071,No
6580,0.009566898457705975,No
6581,0.015170985832810402,No
6582,0.0007907116087153554,No
6583,0.0016181627288460732,No
6584,0.9995272755622864,Yes
6585,0.9981743097305298,Yes
6586,0.026909155771136284,No
6587,0.022287309169769287,No
6588,0.13819213211536407,No
6589,0.11478286981582642,No
6590,0.0015535166021436453,No
6591,0.0011474855709820986,No
6592,0.8400643467903137,Yes
6593,0.998958945274353,Yes
6594,0.0006156994495540857,No
6595,0.0009634049492888153,No
6596,0.995106041431427,Yes
6597,0.9846756458282471,Yes
6598,0.0037790327332913876,No
6599,0.000989896827377379,No
6600,0.03666601702570915,No
6601,0.2608494162559509,No
6602,0.003497138386592269,No
6603,0.8514561057090759,Yes
6604,0.00018699844076763839,No
6605,0.0002315356832696125,No
6606,0.5184457898139954,Yes
6607,0.4387660324573517,No
6608,0.0001225109153892845,No
6609,0.0001796326250769198,No
6610,0.3676263391971588,No
6611,0.0032531991600990295,No
6612,0.004404768347740173,No
6613,0.006772562395781279,No
6614,0.32682743668556213,No
6615,0.9542375206947327,Yes
6616,0.001879762508906424,No
6617,0.00014108195318840444,No
6618,0.07714498043060303,No
6619,0.35927829146385193,No
6620,0.0004205502918921411,No
6621,0.0003680371737573296,No
6622,0.0011073544155806303,No
6623,0.0013893966097384691,No
6624,0.02910141833126545,No
6625,0.0022890353575348854,No
6626,0.1897554248571396,No
6627,0.7380819916725159,Yes
6628,0.0009749302989803255,No
6629,0.0010419678874313831,No
6630,0.0054611265659332275,No
6631,0.0034784087911248207,No
6632,0.005012160632759333,No
6633,0.0002780848299153149,No
6634,0.5378862023353577,Yes
6635,0.5592281818389893,Yes
6636,0.001211298629641533,No
6637,0.0005227401852607727,No
6638,0.8794034719467163,Yes
6639,0.9423980712890625,Yes
6640,0.0002379133366048336,No
6641,0.004277870059013367,No
6642,0.7239170670509338,Yes
6643,0.2786121964454651,No
6644,0.00016414426499977708,No
6645,0.00013017520541325212,No
6646,0.31725233793258667,No
6647,0.02253609709441662,No
6648,0.00014203191676642746,No
6649,0.00011334115697536618,No
6650,0.006799416150897741,No
6651,0.004079410806298256,No
6652,0.00896140281111002,No
6653,0.005794943775981665,No
6654,0.8902298808097839,Yes
6655,0.8020663857460022,Yes
6656,0.00010014996951213107,No
6657,0.000660967081785202,No
6658,0.614670991897583,Yes
6659,0.13284708559513092,No
6660,0.00021733231551479548,No
6661,0.00031615328043699265,No
6662,0.024619542062282562,No
6663,0.0802941769361496,No
6664,0.0016073469305410981,No
6665,0.002983440412208438,No
6666,0.769346296787262,Yes
6667,0.9642664194107056,Yes
6668,0.0004553652834147215,No
6669,0.001101664500311017,No
6670,0.0036467397585511208,No
6671,0.012015302665531635,No
6672,0.0002838195359800011,No
6673,0.0013390937820076942,No
6674,0.9363117218017578,Yes
6675,0.07256573438644409,No
6676,0.0003240113437641412,No
6677,0.00019387993961572647,No
6678,0.7946993708610535,Yes
6679,0.03304480388760567,No
6680,0.9923794865608215,Yes
6681,0.9989429712295532,Yes
6682,0.002422420307993889,No
6683,0.0017943846760317683,No
6684,0.9448621869087219,Yes
6685,0.9329423904418945,Yes
6686,0.0005354068707674742,No
6687,0.0016139536164700985,No
6688,0.9684600234031677,Yes
6689,0.8885211944580078,Yes
6690,0.0006753784837201238,No
6691,0.0005078080575913191,No
6692,0.9971185922622681,Yes
6693,0.9946167469024658,Yes
6694,0.0017179785063490272,No
6695,0.0013857792364433408,No
6696,0.07294446974992752,No
6697,0.04527078941464424,No
6698,0.0005566475447267294,No
6699,0.00030451410566456616,No
6700,0.517534613609314,Yes
6701,0.011603261344134808,No
6702,0.0011670964304357767,No
6703,0.000942834943998605,No
6704,0.9993160963058472,Yes
6705,0.9992783069610596,Yes
6706,0.01563011296093464,No
6707,0.0028057575691491365,No
6708,0.91116863489151,Yes
6709,0.8728119730949402,Yes
6710,0.002802166622132063,No
6711,0.004567279480397701,No
6712,0.9563532471656799,Yes
6713,0.8060379028320312,Yes
6714,0.0017145256279036403,No
6715,0.00760042667388916,No
6716,0.9820770621299744,Yes
6717,0.6726807355880737,Yes
6718,0.005738665349781513,No
6719,0.0043214187026023865,No
6720,0.9980725646018982,Yes
6721,0.9979789853096008,Yes
6722,0.002592572011053562,No
6723,0.0025094097945839167,No
6724,0.9895598888397217,Yes
6725,0.9623337984085083,Yes
6726,0.000635889358818531,No
6727,0.0002443903067614883,No
6728,0.9862704277038574,Yes
6729,0.9788875579833984,Yes
6730,0.00022426024952437729,No
6731,0.00044659816194325686,No
6732,0.9986088871955872,Yes
6733,0.9987475872039795,Yes
6734,0.020258355885744095,No
6735,0.005765351001173258,No
6736,0.9628266096115112,Yes
6737,0.9274226427078247,Yes
6738,0.0002102052967529744,No
6739,0.00033521835575811565,No
6740,0.15730956196784973,No
6741,0.6496512293815613,Yes
6742,0.005527774803340435,No
6743,0.009691938757896423,No
6744,0.994701087474823,Yes
6745,0.8236836791038513,Yes
6746,0.02596958912909031,No
6747,0.04547254741191864,No
6748,0.11221436411142349,No
6749,0.1271093338727951,No
6750,0.0066598523408174515,No
6751,0.0015791909536346793,No
6752,0.9931760430335999,Yes
6753,0.9973849654197693,Yes
6754,0.030333928763866425,No
6755,0.001122940331697464,No
6756,0.9961726069450378,Yes
6757,0.6616920828819275,Yes
6758,0.002761784242466092,No
6759,0.0032051936723291874,No
6760,0.9973925948143005,Yes
6761,0.9984815120697021,Yes
6762,0.028887251392006874,No
6763,0.030062999576330185,No
6764,0.9922406077384949,Yes
6765,0.978380024433136,Yes
6766,0.00023218952992465347,No
6767,0.0006974044372327626,No
6768,0.9783341884613037,Yes
6769,0.9876612424850464,Yes
6770,0.0003925787750631571,No
6771,0.001098431646823883,No
6772,0.9990221858024597,Yes
6773,0.9989151954650879,Yes
6774,0.003102249465882778,No
6775,0.001032714731991291,No
6776,0.9618959426879883,Yes
6777,0.9456906318664551,Yes
6778,0.00023023923859000206,No
6779,0.0013950400752946734,No
6780,0.16546840965747833,No
6781,0.4754558503627777,No
6782,0.005141339730471373,No
6783,0.0013454273575916886,No
6784,0.9950690865516663,Yes
6785,0.9967157244682312,Yes
6786,0.02050497755408287,No
6787,0.015920674428343773,No
6788,0.18190640211105347,No
6789,0.13372647762298584,No
6790,0.001464605564251542,No
6791,0.00483277440071106,No
6792,0.9984205365180969,Yes
6793,0.9965731501579285,Yes
6794,0.0017488116864115,No
6795,0.0027246158570051193,No
6796,0.7233933210372925,Yes
6797,0.6679581999778748,Yes
6798,0.0031847574282437563,No
6799,0.00101162598002702,No
6800,0.0016251163324341178,No
6801,0.0016854217974469066,No
6802,0.05548949912190437,No
6803,0.06304103136062622,No
6804,0.00025870706303976476,No
6805,0.0003263034741394222,No
6806,0.4910845458507538,No
6807,0.4770285487174988,No
6808,0.0005229220259934664,No
6809,0.0009331941255368292,No
6810,0.025911930948495865,No
6811,0.3697971999645233,No
6812,0.2907484173774719,No
6813,0.0065250033512711525,No
6814,0.8257745504379272,Yes
6815,0.9544717669487,Yes
6816,0.00022728473413735628,No
6817,0.0002901971456594765,No
6818,0.7168530821800232,Yes
6819,0.2913981080055237,No
6820,0.0010370136005803943,No
6821,0.0004414419236127287,No
6822,0.08787597715854645,No
6823,0.0011503053829073906,No
6824,0.003264606697484851,No
6825,0.01936962455511093,No
6826,0.20304280519485474,No
6827,0.7789016962051392,Yes
6828,0.0011545042507350445,No
6829,0.000849291158374399,No
6830,0.0033949001226574183,No
6831,0.003997043240815401,No
6832,0.004804213065654039,No
6833,0.0033082386944442987,No
6834,0.7796311378479004,Yes
6835,0.009603920392692089,No
6836,0.0003726147988345474,No
6837,0.004645621869713068,No
6838,0.01429613959044218,No
6839,0.7737855315208435,Yes
6840,0.015135400928556919,No
6841,0.0007253752555698156,No
6842,0.11118253320455551,No
6843,0.904302179813385,Yes
6844,0.0020170286297798157,No
6845,0.00020528155437204987,No
6846,0.05540149286389351,No
6847,0.048368893563747406,No
6848,0.0010017900494858623,No
6849,0.0005337953916750848,No
6850,0.22253677248954773,No
6851,0.17979848384857178,No
6852,0.17696364223957062,No
6853,0.0024633342400193214,No
6854,0.9004829525947571,Yes
6855,0.7486384510993958,Yes
6856,0.00011510342301335186,No
6857,0.00024026160826906562,No
6858,0.12505526840686798,No
6859,0.0081764105707407,No
6860,0.003448978764936328,No
6861,0.010717155411839485,No
6862,0.0010256168898195028,No
6863,0.001122114947065711,No
6864,0.0034303381107747555,No
6865,0.0032439662609249353,No
6866,0.11932909488677979,No
6867,0.8947943449020386,Yes
6868,0.0008967317990027368,No
6869,0.0006905229529365897,No
6870,0.004064946435391903,No
6871,0.004839043132960796,No
6872,0.0014874663902446628,No
6873,0.06126730889081955,No
6874,0.14131826162338257,No
6875,0.007866984233260155,No
6876,0.0009203699883073568,No
6877,0.00030497953412123024,No
6878,0.5938334465026855,Yes
6879,0.03276774659752846,No
6880,0.9891831874847412,Yes
6881,0.9955155849456787,Yes
6882,0.0027998709119856358,No
6883,0.0012339988024905324,No
6884,0.9954158067703247,Yes
6885,0.9933015704154968,Yes
6886,0.00034348032204434276,No
6887,0.0003592386201489717,No
6888,0.8908045291900635,Yes
6889,0.901990532875061,Yes
6890,0.0005338729824870825,No
6891,0.00015619168698322028,No
6892,0.9949319362640381,Yes
6893,0.9986098408699036,Yes
6894,0.00711146742105484,No
6895,0.0008909521857276559,No
6896,0.911494791507721,Yes
6897,0.5614830851554871,Yes
6898,0.00013657056842930615,No
6899,0.00011364284000592306,No
6900,0.04221034422516823,No
6901,0.20367637276649475,No
6902,0.0010533931199461222,No
6903,0.0004776326532009989,No
6904,0.9732494950294495,Yes
6905,0.987628698348999,Yes
6906,0.013169786892831326,No
6907,0.010323887690901756,No
6908,0.11917491257190704,No
6909,0.09844110161066055,No
6910,0.0013637491501867771,No
6911,0.0016743704909458756,No
6912,0.9976022243499756,Yes
6913,0.9316045641899109,Yes
6914,0.0008171882363967597,No
6915,0.0014528086176142097,No
6916,0.9913914203643799,Yes
6917,0.9987499117851257,Yes
6918,0.0014036428183317184,No
6919,0.0008535845554433763,No
6920,0.9976333975791931,Yes
6921,0.9969821572303772,Yes
6922,0.0007451202836818993,No
6923,0.018575064837932587,No
6924,0.98740553855896,Yes
6925,0.9220494031906128,Yes
6926,0.0002840249799191952,No
6927,0.0005193235701881349,No
6928,0.9554460644721985,Yes
6929,0.9757325649261475,Yes
6930,0.0005826153792440891,No
6931,0.0001692156511126086,No
6932,0.9982976913452148,Yes
6933,0.9987346529960632,Yes
6934,0.009444675408303738,No
6935,0.0006030435324646533,No
6936,0.9201804995536804,Yes
6937,0.9955921173095703,Yes
6938,0.00032805444789119065,No
6939,0.00041063371463678777,No
6940,0.03477412462234497,No
6941,0.04453006014227867,No
6942,0.0016272906213998795,No
6943,0.001681508612819016,No
6944,0.9880138635635376,Yes
6945,0.9712673425674438,Yes
6946,0.005601914133876562,No
6947,0.025219373404979706,No
6948,0.13982944190502167,No
6949,0.1539466679096222,No
6950,0.000949823297560215,No
6951,0.0010629441821947694,No
6952,0.6754823923110962,Yes
6953,0.7906901836395264,Yes
6954,0.001228758366778493,No
6955,0.01290876418352127,No
6956,0.9970027208328247,Yes
6957,0.3776833415031433,No
6958,0.0005010337335988879,No
6959,0.0006834162049926817,No
6960,0.9896373748779297,Yes
6961,0.9901083111763,Yes
6962,0.0008862860850058496,No
6963,0.005811469163745642,No
6964,0.8338285088539124,Yes
6965,0.9395619034767151,Yes
6966,0.0005698206950910389,No
6967,0.0006234970060177147,No
6968,0.8825852274894714,Yes
6969,0.7793737649917603,Yes
6970,0.000352637522155419,No
6971,0.0006529425154440105,No
6972,0.9803058505058289,Yes
6973,0.9892174601554871,Yes
6974,0.0022781274747103453,No
6975,0.002363701816648245,No
6976,0.6545839309692383,Yes
6977,0.8169385194778442,Yes
6978,0.000458050228189677,No
6979,0.0006316503277048469,No
6980,0.01997961476445198,No
6981,0.023693183436989784,No
6982,0.006758683826774359,No
6983,0.005037154536694288,No
6984,0.6809387803077698,Yes
6985,0.9239668250083923,Yes
6986,0.010188018903136253,No
6987,0.005904401186853647,No
6988,0.051821205765008926,No
6989,0.06885285675525665,No
6990,0.0021426226012408733,No
6991,0.0023554391227662563,No
6992,0.893097996711731,Yes
6993,0.4259871244430542,No
6994,0.007191420998424292,No
6995,0.017882296815514565,No
6996,0.9746217131614685,Yes
6997,0.10366731882095337,No
6998,0.0015736239729449153,No
6999,0.003181777661666274,No
7000,0.0013543436070904136,No
7001,0.0010210159234702587,No
7002,0.7080961465835571,Yes
7003,0.8086074590682983,Yes
7004,0.0007655078079551458,No
7005,0.0002790757280308753,No
7006,0.0427531972527504,No
7007,0.29463934898376465,No
7008,0.000497574801556766,No
7009,0.0017537639942020178,No
7010,0.556825578212738,Yes
7011,0.17752179503440857,No
7012,0.20958976447582245,No
7013,0.00036402096156962216,No
7014,0.47250357270240784,No
7015,0.6567520499229431,Yes
7016,0.00017410206783097237,No
7017,0.0001317625428782776,No
7018,0.6681919693946838,Yes
7019,0.0034972962457686663,No
7020,0.006180827040225267,No
7021,0.012522023171186447,No
7022,0.03591759130358696,No
7023,0.009444055147469044,No
7024,0.004930980037897825,No
7025,0.0002597111160866916,No
7026,0.9308905601501465,Yes
7027,0.9829992055892944,Yes
7028,0.0003562562633305788,No
7029,0.0005356206675060093,No
7030,0.003112751292064786,No
7031,0.010165935382246971,No
7032,0.0071949888952076435,No
7033,0.01634347066283226,No
7034,0.09570084512233734,No
7035,0.5605117678642273,Yes
7036,0.0016656499356031418,No
7037,0.0014193592360243201,No
7038,0.5861149430274963,Yes
7039,0.7889255881309509,Yes
7040,0.9952477812767029,Yes
7041,0.9643574357032776,Yes
7042,0.0009919360745698214,No
7043,0.0006326601724140346,No
7044,0.9329854249954224,Yes
7045,0.615572452545166,Yes
7046,0.0009583032224327326,No
7047,0.0003251299785915762,No
7048,0.976290762424469,Yes
7049,0.92842036485672,Yes
7050,0.00030540829175151885,No
7051,0.0011097785318270326,No
7052,0.991395115852356,Yes
7053,0.9977973699569702,Yes
7054,0.00219173775985837,No
7055,0.0029925128910690546,No
7056,0.9521664977073669,Yes
7057,0.9811100959777832,Yes
7058,0.0019372164970263839,No
7059,0.00033693716977722943,No
7060,0.010162021964788437,No
7061,0.014352323487401009,No
7062,0.005407297983765602,No
7063,0.011497042141854763,No
7064,0.9956563115119934,Yes
7065,0.24133479595184326,No
7066,0.008847356773912907,No
7067,0.022657642140984535,No
7068,0.07960598915815353,No
7069,0.09022098779678345,No
7070,0.0013016785960644484,No
7071,0.001821997226215899,No
7072,0.6825586557388306,Yes
7073,0.9840840101242065,Yes
7074,0.02690381556749344,No
7075,0.0007800257881172001,No
7076,0.9606221914291382,Yes
7077,0.21676240861415863,No
7078,0.0011195195838809013,No
7079,0.0010277495021000504,No
7080,0.0003739274980034679,No
7081,0.00036099934368394315,No
7082,0.25348520278930664,No
7083,0.42634478211402893,No
7084,0.00013216603838372976,No
7085,0.000173861175426282,No
7086,0.6770271062850952,Yes
7087,0.02277406118810177,No
7088,0.001506973640061915,No
7089,0.00023620510182809085,No
7090,0.2856801748275757,No
7091,0.3568459749221802,No
7092,0.0011341031640768051,No
7093,0.0012986526126042008,No
7094,0.9649953246116638,Yes
7095,0.6246007084846497,Yes
7096,0.00013423552445601672,No
7097,0.00013098691124469042,No
7098,0.3539919853210449,No
7099,0.14832335710525513,No
7100,0.006006235256791115,No
7101,0.00044982932740822434,No
7102,0.008210551925003529,No
7103,0.006363332271575928,No
7104,0.0016678727697581053,No
7105,0.00538653926923871,No
7106,0.15458257496356964,No
7107,0.8633630871772766,Yes
7108,0.0005429021548479795,No
7109,0.00016953541489783674,No
7110,0.009894173592329025,No
7111,0.0030669814441353083,No
7112,0.0024579905439168215,No
7113,0.004185367841273546,No
7114,0.16144829988479614,No
7115,0.0825837254524231,No
7116,0.001477744895964861,No
7117,0.0012469255598261952,No
7118,0.08943238109350204,No
7119,0.8902409076690674,Yes
7120,0.0010463678045198321,No
7121,0.026717739179730415,No
7122,0.7758081555366516,Yes
7123,0.6701112985610962,Yes
7124,0.0006297127692960203,No
7125,0.0006555875297635794,No
7126,0.2755447030067444,No
7127,0.02839488536119461,No
7128,0.00026551159680821,No
7129,0.000197942164959386,No
7130,0.15126383304595947,No
7131,0.08690422028303146,No
7132,0.164241224527359,No
7133,0.028642753139138222,No
7134,0.9174891114234924,Yes
7135,0.11256779730319977,No
7136,0.00018851216009352356,No
7137,0.00028805609326809645,No
7138,0.2569485306739807,No
7139,0.3418809771537781,No
7140,0.0018375576473772526,No
7141,0.002923669759184122,No
7142,0.006899893283843994,No
7143,0.014067700132727623,No
7144,0.004629427567124367,No
7145,0.04182099550962448,No
7146,0.2995849549770355,No
7147,0.7045341730117798,Yes
7148,0.001402778667397797,No
7149,0.0006300223176367581,No
7150,0.005970911588519812,No
7151,0.006130441091954708,No
7152,0.004533474799245596,No
7153,0.007348455023020506,No
7154,0.34572380781173706,No
7155,0.011226850561797619,No
7156,0.00024021038552746177,No
7157,0.0003141394117847085,No
7158,0.04901070147752762,No
7159,0.7258546948432922,Yes
7160,0.12048403918743134,No
7161,0.0005314064910635352,No
7162,0.8945736289024353,Yes
7163,0.9057721495628357,Yes
7164,0.0003041176241822541,No
7165,0.000234705294133164,No
7166,0.2519611418247223,No
7167,0.05187225714325905,No
7168,0.0005874659400433302,No
7169,0.00017223380564246327,No
7170,0.33534735441207886,No
7171,0.16052205860614777,No
7172,0.4595526456832886,No
7173,0.09972628206014633,No
7174,0.7212055921554565,Yes
7175,0.8868806958198547,Yes
7176,0.0016470017144456506,No
7177,9.975339344237e-05,No
7178,0.14717622101306915,No
7179,0.7823110222816467,Yes
7180,0.0009304651175625622,No
7181,0.012177828699350357,No
7182,0.005852146074175835,No
7183,0.1014474406838417,No
7184,0.004026792943477631,No
7185,0.0032001424115151167,No
7186,0.1881895363330841,No
7187,0.08437179774045944,No
7188,0.0010172449983656406,No
7189,0.0009450272773392498,No
7190,0.004994145594537258,No
7191,0.004801083356142044,No
7192,0.001974735176190734,No
7193,0.026274828240275383,No
7194,0.19759194552898407,No
7195,0.05933485925197601,No
7196,0.0002982507867272943,No
7197,0.0002045702130999416,No
7198,0.8778382539749146,Yes
7199,0.759814977645874,Yes
7200,0.006305871065706015,No
7201,0.0019238662207499146,No
7202,0.4715004563331604,No
7203,0.25241509079933167,No
7204,0.0004959095967933536,No
7205,0.0006574742728844285,No
7206,0.5961392521858215,Yes
7207,0.02415042370557785,No
7208,0.0019215833162888885,No
7209,0.0010352737735956907,No
7210,0.20644709467887878,No
7211,0.060478661209344864,No
7212,0.17101827263832092,No
7213,0.005462398752570152,No
7214,0.7392318844795227,Yes
7215,0.8540638089179993,Yes
7216,0.0003858318377751857,No
7217,0.0005462445551529527,No
7218,0.3931562900543213,No
7219,0.12193799018859863,No
7220,0.004712484311312437,No
7221,0.0017144078155979514,No
7222,0.0012554931454360485,No
7223,0.24187183380126953,No
7224,0.00336173502728343,No
7225,0.0034408997744321823,No
7226,0.9896565079689026,Yes
7227,0.9859955906867981,Yes
7228,0.0018176621524617076,No
7229,0.001647119875997305,No
7230,0.013271202333271503,No
7231,0.010272196494042873,No
7232,0.0003000610158778727,No
7233,0.0008842763490974903,No
7234,0.09778899699449539,No
7235,0.008394206874072552,No
7236,0.0008401899831369519,No
7237,0.0033598521258682013,No
7238,0.36939510703086853,No
7239,0.9532009363174438,Yes
7240,0.9965834021568298,Yes
7241,0.9934658408164978,Yes
7242,0.0038491568993777037,No
7243,0.0012906036572530866,No
7244,0.9936829805374146,Yes
7245,0.9918462038040161,Yes
7246,0.0007017336902208626,No
7247,0.0005598867428489029,No
7248,0.9911174774169922,Yes
7249,0.9927545189857483,Yes
7250,0.0005751025746576488,No
7251,0.0007611734909005463,No
7252,0.9968559145927429,Yes
7253,0.9971604347229004,Yes
7254,0.004184689838439226,No
7255,0.0010386048816144466,No
7256,0.990677535533905,Yes
7257,0.8704807162284851,Yes
7258,0.00034369993954896927,No
7259,0.0006207902915775776,No
7260,0.9894941449165344,Yes
7261,0.08903080970048904,No
7262,0.0012076662387698889,No
7263,0.0010370381642132998,No
7264,0.9987971782684326,Yes
7265,0.999497652053833,Yes
7266,0.046955592930316925,No
7267,0.01106345560401678,No
7268,0.96723473072052,Yes
7269,0.9387857913970947,Yes
7270,0.008872338570654392,No
7271,0.006741007789969444,No
7272,0.9908291697502136,Yes
7273,0.9989339709281921,Yes
7274,0.0013037071330472827,No
7275,0.002437723334878683,No
7276,0.9938956499099731,Yes
7277,0.9054253697395325,Yes
7278,0.0011387551203370094,No
7279,0.002846937859430909,No
7280,0.9871089458465576,Yes
7281,0.9952361583709717,Yes
7282,0.007390259765088558,No
7283,0.00184530986007303,No
7284,0.9904071092605591,Yes
7285,0.9051167964935303,Yes
7286,0.0008261172333732247,No
7287,0.0010093533201143146,No
7288,0.9768878817558289,Yes
7289,0.983925461769104,Yes
7290,0.0016244994476437569,No
7291,0.0005466915317811072,No
7292,0.9934257864952087,Yes
7293,0.9938927292823792,Yes
7294,0.0043518939055502415,No
7295,0.014810438267886639,No
7296,0.9526098370552063,Yes
7297,0.9296737909317017,Yes
7298,0.015643931925296783,No
7299,0.0017781570786610246,No
7300,0.3923342227935791,No
7301,0.3853290379047394,No
7302,0.044160205870866776,No
7303,0.01330010499805212,No
7304,0.9964118003845215,Yes
7305,0.9959032535552979,Yes
7306,0.028012525290250778,No
7307,0.01571318693459034,No
7308,0.4881748855113983,No
7309,0.3205314576625824,No
7310,0.0033049334306269884,No
7311,0.0075828745029866695,No
7312,0.9912592768669128,Yes
7313,0.9742934107780457,Yes
7314,0.004656179342418909,No
7315,0.01250063069164753,No
7316,0.9978637099266052,Yes
7317,0.9970841407775879,Yes
7318,0.01852485164999962,No
7319,0.004114811774343252,No
7320,0.06812893599271774,No
7321,0.01304052397608757,No
7322,0.6745140552520752,Yes
7323,0.9655725359916687,Yes
7324,0.00028764986200258136,No
7325,0.0036848585586994886,No
7326,0.9350464344024658,Yes
7327,0.7927963137626648,Yes
7328,0.0011112289503216743,No
7329,0.0005686092190444469,No
7330,0.8716776967048645,Yes
7331,0.6113520264625549,Yes
7332,0.002014464233070612,No
7333,0.008376773446798325,No
7334,0.9696820378303528,Yes
7335,0.9924162030220032,Yes
7336,0.0006875015678815544,No
7337,0.0005178901483304799,No
7338,0.9425009489059448,Yes
7339,0.7790036201477051,Yes
7340,0.013566464185714722,No
7341,0.010350048542022705,No
7342,0.009935681708157063,No
7343,0.9670417904853821,Yes
7344,0.13031300902366638,No
7345,0.010986871086061,No
7346,0.9978246688842773,Yes
7347,0.8855246901512146,Yes
7348,0.010004800744354725,No
7349,0.0035778600722551346,No
7350,0.012915443629026413,No
7351,0.012896780855953693,No
7352,0.05431100353598595,No
7353,0.0035663163289427757,No
7354,0.24673283100128174,No
7355,0.9938260316848755,Yes
7356,0.0062943389639258385,No
7357,0.0007332742097787559,No
7358,0.8471276164054871,Yes
7359,0.6340810060501099,Yes
7360,0.9961939454078674,Yes
7361,0.9918463230133057,Yes
7362,0.01574368216097355,No
7363,0.014613357372581959,No
7364,0.9887017011642456,Yes
7365,0.9903783202171326,Yes
7366,0.0009885858744382858,No
7367,0.003315678332000971,No
7368,0.9917680621147156,Yes
7369,0.969906747341156,Yes
7370,0.0006667870911769569,No
7371,0.0010972312884405255,No
7372,0.993068516254425,Yes
7373,0.9981074333190918,Yes
7374,0.0021147560328245163,No
7375,0.0018041488947346807,No
7376,0.869481086730957,Yes
7377,0.9435163140296936,Yes
7378,0.0005045032012276351,No
7379,0.0033321634400635958,No
7380,0.018775563687086105,No
7381,0.09885213524103165,No
7382,0.0015381930861622095,No
7383,0.003639340167865157,No
7384,0.999485969543457,Yes
7385,0.9987985491752625,Yes
7386,0.04456835985183716,No
7387,0.029465336352586746,No
7388,0.5433367490768433,Yes
7389,0.39100274443626404,No
7390,0.012009812518954277,No
7391,0.005426003132015467,No
7392,0.9666585922241211,Yes
7393,0.9987187385559082,Yes
7394,0.001616599620319903,No
7395,0.003105454845353961,No
7396,0.9976433515548706,Yes
7397,0.9919283986091614,Yes
7398,0.00528413662686944,No
7399,0.0022906004451215267,No
7400,0.17238080501556396,No
7401,0.16376295685768127,No
7402,0.005158956162631512,No
7403,0.9150028228759766,Yes
7404,0.00019860478641930968,No
7405,0.0011566380271688104,No
7406,0.7719548344612122,Yes
7407,0.7728822231292725,Yes
7408,0.00014280644245445728,No
7409,0.0002964409941341728,No
7410,0.46547213196754456,No
7411,0.004002705216407776,No
7412,0.0029571924824267626,No
7413,0.02718598023056984,No
7414,0.08769869059324265,No
7415,0.9199579954147339,Yes
7416,0.003123164875432849,No
7417,0.00021813662897329777,No
7418,0.48754891753196716,No
7419,0.23117990791797638,No
7420,0.00039007276063784957,No
7421,0.0002971936482936144,No
7422,0.003587271086871624,No
7423,0.005984610412269831,No
7424,0.08417309075593948,No
7425,0.00788483303040266,No
7426,0.754396915435791,Yes
7427,0.9873690605163574,Yes
7428,0.006144876591861248,No
7429,0.004731454886496067,No
7430,0.01770641654729843,No
7431,0.008716695941984653,No
7432,0.007161078508943319,No
7433,0.0004563939291983843,No
7434,0.9277018904685974,Yes
7435,0.9512400031089783,Yes
7436,0.0029147439636290073,No
7437,0.003801794024184346,No
7438,0.9539085030555725,Yes
7439,0.994446873664856,Yes
7440,0.000518946850206703,No
7441,0.005231764633208513,No
7442,0.5960214138031006,Yes
7443,0.3743436932563782,No
7444,0.00032823235960677266,No
7445,0.0006897322600707412,No
7446,0.782079815864563,Yes
7447,0.04485667496919632,No
7448,0.0002608906361274421,No
7449,0.00015797319065313786,No
7450,0.028838537633419037,No
7451,0.02072647213935852,No
7452,0.02197161875665188,No
7453,0.005607218015938997,No
7454,0.9034799337387085,Yes
7455,0.9488376379013062,Yes
7456,0.0005500063416548073,No
7457,0.002614374505355954,No
7458,0.9333025217056274,Yes
7459,0.35420742630958557,No
7460,0.00045014999341219664,No
7461,0.00043880887096747756,No
7462,0.5226049423217773,Yes
7463,0.867314338684082,Yes
7464,0.0023396725300699472,No
7465,0.004781073424965143,No
7466,0.9531403183937073,Yes
7467,0.9840105772018433,Yes
7468,0.0006561305490322411,No
7469,0.01105205062776804,No
7470,0.02361973561346531,No
7471,0.05853412300348282,No
7472,0.0006976684671826661,No
7473,0.003812215756624937,No
7474,0.9868813753128052,Yes
7475,0.27054283022880554,No
7476,0.0004927825066260993,No
7477,0.0006556365406140685,No
7478,0.9695203304290771,Yes
7479,0.44932544231414795,No
7480,0.991286039352417,Yes
7481,0.9976716637611389,Yes
7482,0.003466605208814144,No
7483,0.0032491465099155903,No
7484,0.944753110408783,Yes
7485,0.9725308418273926,Yes
7486,0.0015037786215543747,No
7487,0.002483026823028922,No
7488,0.9877655506134033,Yes
7489,0.9874985814094543,Yes
7490,0.0011275098659098148,No
7491,0.0011552536161616445,No
7492,0.9967145919799805,Yes
7493,0.9946640133857727,Yes
7494,0.0016644829884171486,No
7495,0.002111413748934865,No
7496,0.4696023464202881,No
7497,0.17291362583637238,No
7498,0.001679598935879767,No
7499,0.0008933773497119546,No
7500,0.9914839863777161,Yes
7501,0.003865651786327362,No
7502,0.001872373977676034,No
7503,0.0016634593484923244,No
7504,0.9993847608566284,Yes
7505,0.9995883107185364,Yes
7506,0.03044643998146057,No
7507,0.007865894585847855,No
7508,0.937562882900238,Yes
7509,0.9345147013664246,Yes
7510,0.007972626946866512,No
7511,0.011792793869972229,No
7512,0.9907743334770203,Yes
7513,0.8920871019363403,Yes
7514,0.0023673027753829956,No
7515,0.014661953784525394,No
7516,0.9904324412345886,Yes
7517,0.9074839353561401,Yes
7518,0.007780082989484072,No
7519,0.012782728299498558,No
7520,0.9939897656440735,Yes
7521,0.9950570464134216,Yes
7522,0.01664629951119423,No
7523,0.004736246541142464,No
7524,0.9913684725761414,Yes
7525,0.9826367497444153,Yes
7526,0.0018459819257259369,No
7527,0.0005330174462869763,No
7528,0.976712703704834,Yes
7529,0.9759150147438049,Yes
7530,0.0008297296590171754,No
7531,0.0014859989751130342,No
7532,0.9955659508705139,Yes
7533,0.9975952506065369,Yes
7534,0.01788671873509884,No
7535,0.011475061997771263,No
7536,0.9796122908592224,Yes
7537,0.9625082015991211,Yes
7538,0.00043074687710031867,No
7539,0.004499422386288643,No
7540,0.6878886818885803,Yes
7541,0.9779300093650818,Yes
7542,0.06736166775226593,No
7543,0.13896381855010986,No
7544,0.9964606761932373,Yes
7545,0.9761408567428589,Yes
7546,0.11993352323770523,No
7547,0.11069032549858093,No
7548,0.3416699767112732,No
7549,0.2429419606924057,No
7550,0.04545194283127785,No
7551,0.0038926266133785248,No
7552,0.9942924380302429,Yes
7553,0.9975371360778809,Yes
7554,0.06775724142789841,No
7555,0.006711604073643684,No
7556,0.9961432814598083,Yes
7557,0.9736185669898987,Yes
7558,0.04339386522769928,No
7559,0.014000946655869484,No
7560,0.9921694993972778,Yes
7561,0.9940258264541626,Yes
7562,0.05231056362390518,No
7563,0.15045055747032166,No
7564,0.994432806968689,Yes
7565,0.9833437204360962,Yes
7566,0.0005634906119666994,No
7567,0.002263404196128249,No
7568,0.9738098978996277,Yes
7569,0.9889082908630371,Yes
7570,0.0015304989647120237,No
7571,0.006350009702146053,No
7572,0.9971187114715576,Yes
7573,0.997809112071991,Yes
7574,0.011836639605462551,No
7575,0.004017283674329519,No
7576,0.9645698070526123,Yes
7577,0.9836953282356262,Yes
7578,0.0036032714415341616,No
7579,0.009207554161548615,No
7580,0.8091544508934021,Yes
7581,0.9543884992599487,Yes
7582,0.04169969633221626,No
7583,0.003808598732575774,No
7584,0.996809720993042,Yes
7585,0.9984433054924011,Yes
7586,0.05537267029285431,No
7587,0.11638364940881729,No
7588,0.49789026379585266,No
7589,0.2891542911529541,No
7590,0.005195741541683674,No
7591,0.030049484223127365,No
7592,0.9976688623428345,Yes
7593,0.9979796409606934,Yes
7594,0.006429380737245083,No
7595,0.01791922003030777,No
7596,0.9369080662727356,Yes
7597,0.972791850566864,Yes
7598,0.025128433480858803,No
7599,0.0059677655808627605,No
7600,0.0015801633708178997,No
7601,0.0006639915518462658,No
7602,0.01590120606124401,No
7603,0.030229326337575912,No
7604,0.0002284407673869282,No
7605,0.0005106113385409117,No
7606,0.7969741821289062,Yes
7607,0.7642490267753601,Yes
7608,0.0016977170016616583,No
7609,0.006807684898376465,No
7610,0.06308013945817947,No
7611,0.6432325839996338,Yes
7612,0.3293408751487732,No
7613,0.003248243359848857,No
7614,0.7176164388656616,Yes
7615,0.9505278468132019,Yes
7616,0.0010009187972173095,No
7617,0.0004742065502796322,No
7618,0.9434382915496826,Yes
7619,0.3255987763404846,No
7620,0.00102378916926682,No
7621,0.00041211931966245174,No
7622,0.866682767868042,Yes
7623,0.0034995507448911667,No
7624,0.00404945807531476,No
7625,0.027768440544605255,No
7626,0.7846580743789673,Yes
7627,0.9822894334793091,Yes
7628,0.0025516077876091003,No
7629,0.0022808529902249575,No
7630,0.005791227798908949,No
7631,0.008289707824587822,No
7632,0.019782455638051033,No
7633,0.0028427061624825,No
7634,0.9698559641838074,Yes
7635,0.03992651775479317,No
7636,0.0006857567932456732,No
7637,0.0039042194839566946,No
7638,0.020585669204592705,No
7639,0.9735057353973389,Yes
7640,0.017083195969462395,No
7641,0.000878569611813873,No
7642,0.0401475727558136,No
7643,0.8964046239852905,Yes
7644,0.002173191402107477,No
7645,0.0004848558164667338,No
7646,0.12042026966810226,No
7647,0.030655251815915108,No
7648,0.015129243023693562,No
7649,0.0011764531955122948,No
7650,0.34305092692375183,No
7651,0.5005049109458923,Yes
7652,0.3210252523422241,No
7653,0.003853953443467617,No
7654,0.8973899483680725,Yes
7655,0.8183075189590454,Yes
7656,0.0002950249763671309,No
7657,0.0002954617084469646,No
7658,0.3212110102176666,No
7659,0.02895257994532585,No
7660,0.007742594927549362,No
7661,0.03909309208393097,No
7662,0.0009975556749850512,No
7663,0.0035701447632163763,No
7664,0.006663794629275799,No
7665,0.01760171353816986,No
7666,0.2072828859090805,No
7667,0.9658928513526917,Yes
7668,0.0038130085449665785,No
7669,0.0034405363257974386,No
7670,0.010463960468769073,No
7671,0.009062669239938259,No
7672,0.0026350319385528564,No
7673,0.11178245395421982,No
7674,0.3349223732948303,No
7675,0.02687610313296318,No
7676,0.005287588573992252,No
7677,0.005837239325046539,No
7678,0.9561253190040588,Yes
7679,0.2349487990140915,No
7680,0.9917032718658447,Yes
7681,0.9919799566268921,Yes
7682,0.011046295054256916,No
7683,0.0023746562656015158,No
7684,0.9934273362159729,Yes
7685,0.9963157773017883,Yes
7686,0.0008773888112045825,No
7687,0.0015279403887689114,No
7688,0.9752159118652344,Yes
7689,0.9680425524711609,Yes
7690,0.0037340859416872263,No
7691,0.00046139484038576484,No
7692,0.9940951466560364,Yes
7693,0.9977622032165527,Yes
7694,0.011838519014418125,No
7695,0.002048957161605358,No
7696,0.9612523913383484,Yes
7697,0.7038114666938782,Yes
7698,0.0006429370841942728,No
7699,0.0005697880405932665,No
7700,0.607598602771759,Yes
7701,0.9401966333389282,Yes
7702,0.005604729987680912,No
7703,0.0016265352023765445,No
7704,0.9949607849121094,Yes
7705,0.998802125453949,Yes
7706,0.03631029650568962,No
7707,0.0238339826464653,No
7708,0.538377046585083,Yes
7709,0.39010170102119446,No
7710,0.0038055810146033764,No
7711,0.011018886230885983,No
7712,0.9972677230834961,Yes
7713,0.9828218221664429,Yes
7714,0.005630966275930405,No
7715,0.006022109184414148,No
7716,0.9938980937004089,Yes
7717,0.9955281615257263,Yes
7718,0.004502919502556324,No
7719,0.006078844889998436,No
7720,0.9915816783905029,Yes
7721,0.9946818947792053,Yes
7722,0.0021077562123537064,No
7723,0.06990117579698563,No
7724,0.9939419627189636,Yes
7725,0.9632978439331055,Yes
7726,0.0010526422411203384,No
7727,0.001985965296626091,No
7728,0.9829587936401367,Yes
7729,0.9796170592308044,Yes
7730,0.004484750330448151,No
7731,0.0003637470945250243,No
7732,0.9969378113746643,Yes
7733,0.9980705380439758,Yes
7734,0.0064691221341490746,No
7735,0.002627433743327856,No
7736,0.9774760007858276,Yes
7737,0.9934917688369751,Yes
7738,0.005199248902499676,No
7739,0.0019432514673098922,No
7740,0.6738714575767517,Yes
7741,0.3728046119213104,No
7742,0.013016750104725361,No
7743,0.014214219525456429,No
7744,0.9979144930839539,Yes
7745,0.9964501261711121,Yes
7746,0.03369917348027229,No
7747,0.03922078758478165,No
7748,0.7283629775047302,Yes
7749,0.6174386739730835,Yes
7750,0.004716710187494755,No
7751,0.004128269385546446,No
7752,0.9132939577102661,Yes
7753,0.9360215663909912,Yes
7754,0.006205664481967688,No
7755,0.21914802491664886,No
7756,0.9981465339660645,Yes
7757,0.9575144052505493,Yes
7758,0.006771398708224297,No
7759,0.02547609806060791,No
7760,0.9881171584129333,Yes
7761,0.9945353269577026,Yes
7762,0.003570778062567115,No
7763,0.011692351661622524,No
7764,0.9027209877967834,Yes
7765,0.9878014326095581,Yes
7766,0.0028116703033447266,No
7767,0.0012964163906872272,No
7768,0.9451330900192261,Yes
7769,0.955055296421051,Yes
7770,0.000913897471036762,No
7771,0.0015379308024421334,No
7772,0.9913480877876282,Yes
7773,0.9945094585418701,Yes
7774,0.002418092917650938,No
7775,0.0038433403242379427,No
7776,0.9107165932655334,Yes
7777,0.9682626128196716,Yes
7778,0.0011895429342985153,No
7779,0.0036243011709302664,No
7780,0.06363283097743988,No
7781,0.14016179740428925,No
7782,0.030865894630551338,No
7783,0.025004172697663307,No
7784,0.943427324295044,Yes
7785,0.9972777366638184,Yes
7786,0.022659488022327423,No
7787,0.02875664457678795,No
7788,0.3695916533470154,No
7789,0.4670051634311676,No
7790,0.008102108724415302,No
7791,0.0064429305493831635,No
7792,0.9861707091331482,Yes
7793,0.8652604818344116,Yes
7794,0.02250899374485016,No
7795,0.06404432654380798,No
7796,0.9943068623542786,Yes
7797,0.8368850946426392,Yes
7798,0.005073490086942911,No
7799,0.030677858740091324,No
7800,0.003246000735089183,No
7801,0.0028326991014182568,No
7802,0.32064443826675415,No
7803,0.8854293823242188,Yes
7804,0.0015384792350232601,No
7805,0.0006107831723056734,No
7806,0.06797709316015244,No
7807,0.6177205443382263,Yes
7808,0.0019423920894041657,No
7809,0.01833152398467064,No
7810,0.7800800800323486,Yes
7811,0.7204108834266663,Yes
7812,0.3839389383792877,No
7813,0.00025853561237454414,No
7814,0.47769245505332947,No
7815,0.8898626565933228,Yes
7816,0.0005622539320029318,No
7817,0.00023709340894129127,No
7818,0.9207777976989746,Yes
7819,0.02654116414487362,No
7820,0.013387109152972698,No
7821,0.055505890399217606,No
7822,0.31937703490257263,No
7823,0.09938819706439972,No
7824,0.01148198451846838,No
7825,0.0016834968701004982,No
7826,0.9922282099723816,Yes
7827,0.9969190359115601,Yes
7828,0.0013805567286908627,No
7829,0.003304485697299242,No
7830,0.010912167839705944,No
7831,0.03256143629550934,No
7832,0.03538460657000542,No
7833,0.033955156803131104,No
7834,0.1982346475124359,No
7835,0.9756301641464233,Yes
7836,0.006453011184930801,No
7837,0.003819752484560013,No
7838,0.6685041785240173,Yes
7839,0.9737951159477234,Yes
7840,0.9873636364936829,Yes
7841,0.9647624492645264,Yes
7842,0.004084753803908825,No
7843,0.0038672008085995913,No
7844,0.9754493832588196,Yes
7845,0.8679839372634888,Yes
7846,0.0027023779693990946,No
7847,0.001497016754001379,No
7848,0.9909964799880981,Yes
7849,0.9713746309280396,Yes
7850,0.000820124289020896,No
7851,0.0039843181148171425,No
7852,0.9944513440132141,Yes
7853,0.9981465339660645,Yes
7854,0.002637117635458708,No
7855,0.006703158374875784,No
7856,0.992828905582428,Yes
7857,0.9923615455627441,Yes
7858,0.009543645195662975,No
7859,0.001601245952770114,No
7860,0.009227706119418144,No
7861,0.011133946478366852,No
7862,0.03614957630634308,No
7863,0.095987968146801,No
7864,0.9993196725845337,Yes
7865,0.9077618718147278,Yes
7866,0.027532249689102173,No
7867,0.04263719543814659,No
7868,0.5513466000556946,Yes
7869,0.4790344834327698,No
7870,0.00593603728339076,No
7871,0.006501929368823767,No
7872,0.9674836993217468,Yes
7873,0.9963405728340149,Yes
7874,0.20127518475055695,No
7875,0.005991372745484114,No
7876,0.9961568713188171,Yes
7877,0.942658007144928,Yes
7878,0.009141148999333382,No
7879,0.007532126270234585,No
7880,0.0005386972334235907,No
7881,0.0002901513362303376,No
7882,0.07245666533708572,No
7883,0.7613460421562195,Yes
7884,0.00047466775868088007,No
7885,0.0004048002592753619,No
7886,0.8782257437705994,Yes
7887,0.020788250491023064,No
7888,0.018071746453642845,No
7889,0.0002922170388046652,No
7890,0.45776674151420593,No
7891,0.5488916635513306,Yes
7892,0.0016804746119305491,No
7893,0.0022785861510783434,No
7894,0.9635933637619019,Yes
7895,0.8067774772644043,Yes
7896,0.0004459061601664871,No
7897,0.0005213315016590059,No
7898,0.755362331867218,Yes
7899,0.3548571765422821,No
7900,0.05006011947989464,No
7901,0.00029601994901895523,No
7902,0.06096873804926872,No
7903,0.20155175030231476,No
7904,0.003003563964739442,No
7905,0.01552943792194128,No
7906,0.25924211740493774,No
7907,0.9919244050979614,Yes
7908,0.00277573405764997,No
7909,0.0004497161426115781,No
7910,0.06084737181663513,No
7911,0.01023224089294672,No
7912,0.002949171233922243,No
7913,0.004230808466672897,No
7914,0.7395919561386108,Yes
7915,0.46944114565849304,No
7916,0.0017085879808291793,No
7917,0.0049941022880375385,No
7918,0.5091240406036377,Yes
7919,0.9692635536193848,Yes
7920,0.0017742590280249715,No
7921,0.03034771792590618,No
7922,0.8265345096588135,Yes
7923,0.67425137758255,Yes
7924,0.0009426078177057207,No
7925,0.0025293973740190268,No
7926,0.6108881831169128,Yes
7927,0.05811746045947075,No
7928,0.0006244754185900092,No
7929,0.0003298445953987539,No
7930,0.6094576120376587,Yes
7931,0.22110098600387573,No
7932,0.25180670619010925,No
7933,0.036728307604789734,No
7934,0.8933162689208984,Yes
7935,0.20181863009929657,No
7936,0.0005651842220686376,No
7937,0.0012187277898192406,No
7938,0.33383429050445557,No
7939,0.7807651162147522,Yes
7940,0.003959427122026682,No
7941,0.002717995550483465,No
7942,0.09185376763343811,No
7943,0.006435079500079155,No
7944,0.03297044709324837,No
7945,0.07799781113862991,No
7946,0.9364376664161682,Yes
7947,0.9555963277816772,Yes
7948,0.007404603995382786,No
7949,0.0029227877967059612,No
7950,0.010434967465698719,No
7951,0.010827942751348019,No
7952,0.020208006724715233,No
7953,0.011277598328888416,No
7954,0.8798836469650269,Yes
7955,0.0790950283408165,No
7956,0.001316209090873599,No
7957,0.0009742743568494916,No
7958,0.670143187046051,Yes
7959,0.9750507473945618,Yes
7960,0.10062061995267868,No
7961,0.0008025551796890795,No
7962,0.7571018934249878,Yes
7963,0.9484355449676514,Yes
7964,0.001142072957009077,No
7965,0.0012538379523903131,No
7966,0.6689650416374207,Yes
7967,0.10910318046808243,No
7968,0.0014668642543256283,No
7969,0.0004598067607730627,No
7970,0.7566417455673218,Yes
7971,0.4242617189884186,No
7972,0.8189203143119812,Yes
7973,0.03879871219396591,No
7974,0.310446172952652,No
7975,0.9350072741508484,Yes
7976,0.003984117414802313,No
7977,0.0001930887665366754,No
7978,0.32073986530303955,No
7979,0.9056389331817627,Yes
7980,0.0009458697750233114,No
7981,0.14797931909561157,No
7982,0.006325180176645517,No
7983,0.8721727728843689,Yes
7984,0.011706940829753876,No
7985,0.009026730433106422,No
7986,0.8250118494033813,Yes
7987,0.5689424872398376,Yes
7988,0.004839531611651182,No
7989,0.004786403384059668,No
7990,0.014330380596220493,No
7991,0.010912740603089333,No
7992,0.029718877747654915,No
7993,0.06633356213569641,No
7994,0.7204374074935913,Yes
7995,0.6768337488174438,Yes
7996,0.002268908778205514,No
7997,0.0023136241361498833,No
7998,0.9722123742103577,Yes
7999,0.9615645408630371,Yes
8000,0.004740146454423666,No
8001,0.001477240351960063,No
8002,0.5010395050048828,Yes
8003,0.29443106055259705,No
8004,0.00047637373791076243,No
8005,0.0006016214611008763,No
8006,0.7718967795372009,Yes
8007,0.013694606721401215,No
8008,0.002352602779865265,No
8009,0.0024947491474449635,No
8010,0.10724510997533798,No
8011,0.06282313913106918,No
8012,0.1095147579908371,No
8013,0.0039613498374819756,No
8014,0.27825191617012024,No
8015,0.5478413701057434,Yes
8016,0.00026095888460986316,No
8017,0.0003679244255181402,No
8018,0.4791856110095978,No
8019,0.09154704213142395,No
8020,0.004997258074581623,No
8021,0.002222239738330245,No
8022,0.0006487610517069697,No
8023,0.010416654869914055,No
8024,0.0012420678976923227,No
8025,0.0010977735510095954,No
8026,0.924130916595459,Yes
8027,0.9741050004959106,Yes
8028,0.0009243523236364126,No
8029,0.0009279283694922924,No
8030,0.00528330821543932,No
8031,0.005129158962517977,No
8032,0.00023891542514320463,No
8033,0.0005844122497364879,No
8034,0.05133805423974991,No
8035,0.004063068889081478,No
8036,0.0005309507250785828,No
8037,0.0017395535251125693,No
8038,0.3308382034301758,No
8039,0.954076886177063,Yes
8040,0.9980568289756775,Yes
8041,0.9958164691925049,Yes
8042,0.0018631060374900699,No
8043,0.0007221021805889904,No
8044,0.9965962767601013,Yes
8045,0.9933400750160217,Yes
8046,0.0005354716558940709,No
8047,0.00034675930510275066,No
8048,0.9944148659706116,Yes
8049,0.9940483570098877,Yes
8050,0.0004855425504501909,No
8051,0.0008002174436114728,No
8052,0.9981913566589355,Yes
8053,0.9980446100234985,Yes
8054,0.002906560664996505,No
8055,0.0007687741308473051,No
8056,0.9952239394187927,Yes
8057,0.9276222586631775,Yes
8058,0.00016327998309861869,No
8059,0.0005057271919213235,No
8060,0.97861647605896,Yes
8061,0.006732618436217308,No
8062,0.000627401634119451,No
8063,0.0005863748374395072,No
8064,0.9990425109863281,Yes
8065,0.9994458556175232,Yes
8066,0.015807364135980606,No
8067,0.00523067731410265,No
8068,0.9824878573417664,Yes
8069,0.9527380466461182,Yes
8070,0.004597843158990145,No
8071,0.0044014304876327515,No
8072,0.9860986471176147,Yes
8073,0.9991542100906372,Yes
8074,0.0008333214791491628,No
8075,0.0011764952214434743,No
8076,0.9963772296905518,Yes
8077,0.696445643901825,Yes
8078,0.00037442156462930143,No
8079,0.0013249969342723489,No
8080,0.9944427609443665,Yes
8081,0.9972196221351624,Yes
8082,0.007667123805731535,No
8083,0.0014586017932742834,No
8084,0.9950494170188904,Yes
8085,0.9324246644973755,Yes
8086,0.0006802768330089748,No
8087,0.0007971497834660113,No
8088,0.9899347424507141,Yes
8089,0.9899190068244934,Yes
8090,0.0022817086428403854,No
8091,0.0005220710299909115,No
8092,0.9947712421417236,Yes
8093,0.9902588129043579,Yes
8094,0.00379484542645514,No
8095,0.005969695746898651,No
8096,0.9797235131263733,Yes
8097,0.9708651304244995,Yes
8098,0.006993685383349657,No
8099,0.0014614987885579467,No
8100,0.1742822378873825,No
8101,0.338176429271698,No
8102,0.022354453802108765,No
8103,0.008868863806128502,No
8104,0.9966195225715637,Yes
8105,0.9939956068992615,Yes
8106,0.018191292881965637,No
8107,0.008721781894564629,No
8108,0.46475788950920105,No
8109,0.27901196479797363,No
8110,0.002246902324259281,No
8111,0.005581069737672806,No
8112,0.9936299920082092,Yes
8113,0.9837781190872192,Yes
8114,0.002721950178965926,No
8115,0.006553925573825836,No
8116,0.9985920786857605,Yes
8117,0.9977306127548218,Yes
8118,0.007359558250755072,No
8119,0.002628887305036187,No
8120,0.12558428943157196,No
8121,0.006407132837921381,No
8122,0.8375241160392761,Yes
8123,0.9820082783699036,Yes
8124,0.000235963671002537,No
8125,0.003242210717871785,No
8126,0.9613432288169861,Yes
8127,0.8861600756645203,Yes
8128,0.0012740446254611015,No
8129,0.00056122662499547,No
8130,0.9407845735549927,Yes
8131,0.7246893644332886,Yes
8132,0.0016873317072167993,No
8133,0.015157457441091537,No
8134,0.9589625000953674,Yes
8135,0.9864186644554138,Yes
8136,0.000542066409252584,No
8137,0.00040763398283161223,No
8138,0.9641022086143494,Yes
8139,0.8873217701911926,Yes
8140,0.007339863106608391,No
8141,0.011150462552905083,No
8142,0.014332649298012257,No
8143,0.9589337706565857,Yes
8144,0.14240923523902893,No
8145,0.014178648591041565,No
8146,0.9963828325271606,Yes
8147,0.654923141002655,Yes
8148,0.0062493509612977505,No
8149,0.001983705209568143,No
8150,0.009937657974660397,No
8151,0.005660670809447765,No
8152,0.05432808771729469,No
8153,0.0028910362161695957,No
8154,0.15566971898078918,No
8155,0.9832027554512024,Yes
8156,0.005399313755333424,No
8157,0.0006893925019539893,No
8158,0.8411602973937988,Yes
8159,0.5340285897254944,Yes
8160,0.9972152709960938,Yes
8161,0.9958231449127197,Yes
8162,0.02710643969476223,No
8163,0.015538291074335575,No
8164,0.9948254823684692,Yes
8165,0.9939733147621155,Yes
8166,0.0005502571584656835,No
8167,0.002234152751043439,No
8168,0.9955264329910278,Yes
8169,0.9786455631256104,Yes
8170,0.0005187873030081391,No
8171,0.0013209781609475613,No
8172,0.9961817860603333,Yes
8173,0.9988163113594055,Yes
8174,0.0016746808541938663,No
8175,0.0014418880455195904,No
8176,0.9297072291374207,Yes
8177,0.9717711210250854,Yes
8178,0.00030507706105709076,No
8179,0.0032996328081935644,No
8180,0.017793869599699974,No
8181,0.18722783029079437,No
8182,0.0012549582170322537,No
8183,0.00464516831561923,No
8184,0.9996829032897949,Yes
8185,0.9986447095870972,Yes
8186,0.025822028517723083,No
8187,0.02201005071401596,No
8188,0.6561384797096252,Yes
8189,0.4602597951889038,No
8190,0.005238772835582495,No
8191,0.004413967486470938,No
8192,0.8638177514076233,Yes
8193,0.9990774989128113,Yes
8194,0.0009224162786267698,No
8195,0.0014916134532541037,No
8196,0.9983204007148743,Yes
8197,0.9952093362808228,Yes
8198,0.0025307610630989075,No
8199,0.0009152955608442426,No
8200,0.11742180585861206,No
8201,0.34508854150772095,No
8202,0.0033301766961812973,No
8203,0.6127874255180359,Yes
8204,0.00017914890486281365,No
8205,0.0008934320067055523,No
8206,0.8588501811027527,Yes
8207,0.8173033595085144,Yes
8208,8.160582365235314e-05,No
8209,0.00034314588992856443,No
8210,0.7285933494567871,Yes
8211,0.0028266918379813433,No
8212,0.0024510438088327646,No
8213,0.02091939188539982,No
8214,0.017429659143090248,No
8215,0.6760802268981934,Yes
8216,0.0031394355464726686,No
8217,0.00016830423555802554,No
8218,0.6489744186401367,Yes
8219,0.17336755990982056,No
8220,0.00042796737398020923,No
8221,0.000426438549766317,No
8222,0.0011259748134762049,No
8223,0.0016043920768424869,No
8224,0.05274298042058945,No
8225,0.00751597760245204,No
8226,0.3207561671733856,No
8227,0.9615839719772339,Yes
8228,0.004567208234220743,No
8229,0.002136719413101673,No
8230,0.008086957037448883,No
8231,0.003945402801036835,No
8232,0.005184227135032415,No
8233,0.0004269499040674418,No
8234,0.7425768375396729,Yes
8235,0.7302936315536499,Yes
8236,0.0031252203043550253,No
8237,0.0046033295802772045,No
8238,0.9002149701118469,Yes
8239,0.9905439615249634,Yes
8240,0.0003350408805999905,No
8241,0.011287923902273178,No
8242,0.750898540019989,Yes
8243,0.40804344415664673,No
8244,0.00029452977469190955,No
8245,0.0006696086493320763,No
8246,0.834285318851471,Yes
8247,0.08065201342105865,No
8248,0.0001848595857154578,No
8249,0.00016896548913791776,No
8250,0.01624360680580139,No
8251,0.01239638589322567,No
8252,0.0437469556927681,No
8253,0.00554767856374383,No
8254,0.8576943874359131,Yes
8255,0.8692150712013245,Yes
8256,0.0005414480692707002,No
8257,0.002440833719447255,No
8258,0.9487699866294861,Yes
8259,0.34643563628196716,No
8260,0.0004064486129209399,No
8261,0.00041320943273603916,No
8262,0.3517534136772156,No
8263,0.7179269790649414,Yes
8264,0.0026633511297404766,No
8265,0.003647590521723032,No
8266,0.7111043930053711,Yes
8267,0.8939850926399231,Yes
8268,0.000350476911989972,No
8269,0.008027791976928711,No
8270,0.017800327390432358,No
8271,0.02737887017428875,No
8272,0.0005761823267675936,No
8273,0.005346960388123989,No
8274,0.9688848257064819,Yes
8275,0.08687249571084976,No
8276,0.0002994573733303696,No
8277,0.0006338527309708297,No
8278,0.9656696319580078,Yes
8279,0.25580868124961853,No
8280,0.9930885434150696,Yes
8281,0.9987472891807556,Yes
8282,0.00227609695866704,No
8283,0.00154864601790905,No
8284,0.9767319560050964,Yes
8285,0.979108989238739,Yes
8286,0.0011073153000324965,No
8287,0.0016587384743615985,No
8288,0.993556559085846,Yes
8289,0.9891533851623535,Yes
8290,0.0007974777254275978,No
8291,0.0011301066260784864,No
8292,0.997450053691864,Yes
8293,0.9969968199729919,Yes
8294,0.0014029863523319364,No
8295,0.0014552852371707559,No
8296,0.645654559135437,Yes
8297,0.30921393632888794,No
8298,0.0009420582209713757,No
8299,0.0005403428804129362,No
8300,0.9872122406959534,Yes
8301,0.002771990606561303,No
8302,0.0010064461966976523,No
8303,0.0010191723704338074,No
8304,0.9996646046638489,Yes
8305,0.9993209838867188,Yes
8306,0.012583558447659016,No
8307,0.0034518938045948744,No
8308,0.9737167358398438,Yes
8309,0.9487708210945129,Yes
8310,0.005501116625964642,No
8311,0.006549515295773745,No
8312,0.9898063540458679,Yes
8313,0.601148784160614,Yes
8314,0.0013042072532698512,No
8315,0.007642196025699377,No
8316,0.994498074054718,Yes
8317,0.9338976144790649,Yes
8318,0.0025594374164938927,No
8319,0.005796379409730434,No
8320,0.9976361989974976,Yes
8321,0.9973575472831726,Yes
8322,0.027809306979179382,No
8323,0.004553749226033688,No
8324,0.9966065287590027,Yes
8325,0.9877862334251404,Yes
8326,0.0018205653177574277,No
8327,0.0004142600519116968,No
8328,0.991493284702301,Yes
8329,0.9930702447891235,Yes
8330,0.0014369108248502016,No
8331,0.0015600164188072085,No
8332,0.9979320764541626,Yes
8333,0.9984502196311951,Yes
8334,0.0178119707852602,No
8335,0.0071730962954461575,No
8336,0.9929803609848022,Yes
8337,0.9871543049812317,Yes
8338,0.0002481521514710039,No
8339,0.010039577260613441,No
8340,0.8454408645629883,Yes
8341,0.9860529899597168,Yes
8342,0.06779726594686508,No
8343,0.08275942504405975,No
8344,0.9983983635902405,Yes
8345,0.9339864253997803,Yes
8346,0.06453008949756622,No
8347,0.06937555223703384,No
8348,0.2811491787433624,No
8349,0.3077163100242615,No
8350,0.018113110214471817,No
8351,0.0041275303810834885,No
8352,0.998365044593811,Yes
8353,0.9985312223434448,Yes
8354,0.03904366493225098,No
8355,0.0027377118822187185,No
8356,0.9975767135620117,Yes
8357,0.9718986749649048,Yes
8358,0.0151849165558815,No
8359,0.007462492678314447,No
8360,0.9972872734069824,Yes
8361,0.9969263076782227,Yes
8362,0.18050386011600494,No
8363,0.13511349260807037,No
8364,0.9977065920829773,Yes
8365,0.9902967810630798,Yes
8366,0.0005059005925431848,No
8367,0.0023992222268134356,No
8368,0.9909706115722656,Yes
8369,0.9958862066268921,Yes
8370,0.001999321859329939,No
8371,0.010366667993366718,No
8372,0.998916506767273,Yes
8373,0.998744010925293,Yes
8374,0.009350502863526344,No
8375,0.003130866214632988,No
8376,0.989504873752594,Yes
8377,0.9948009848594666,Yes
8378,0.0023412578739225864,No
8379,0.00840652547776699,No
8380,0.9443274140357971,Yes
8381,0.9846712946891785,Yes
8382,0.02590314857661724,No
8383,0.0038112569600343704,No
8384,0.9985134601593018,Yes
8385,0.9984319806098938,Yes
8386,0.0180191770195961,No
8387,0.05435819551348686,No
8388,0.44414111971855164,No
8389,0.3071414828300476,No
8390,0.002818227279931307,No
8391,0.019378742203116417,No
8392,0.9986836910247803,Yes
8393,0.9986106157302856,Yes
8394,0.003348792204633355,No
8395,0.011320162564516068,No
8396,0.974318265914917,Yes
8397,0.9721431136131287,Yes
8398,0.00905273761600256,No
8399,0.007408791687339544,No
8400,0.0010078786872327328,No
8401,0.0005919646355323493,No
8402,0.026731077581644058,No
8403,0.04498806595802307,No
8404,0.00020441490050870925,No
8405,0.0004161505203228444,No
8406,0.8821687698364258,Yes
8407,0.8857410550117493,Yes
8408,0.0018853276269510388,No
8409,0.024837613105773926,No
8410,0.03156712278723717,No
8411,0.8492544293403625,Yes
8412,0.4501272141933441,No
8413,0.0024764216504991055,No
8414,0.565768837928772,Yes
8415,0.8989396691322327,Yes
8416,0.0007420992478728294,No
8417,0.0004953194293193519,No
8418,0.9491850733757019,Yes
8419,0.3960001468658447,No
8420,0.0011464153649285436,No
8421,0.00040121565689332783,No
8422,0.8679109811782837,Yes
8423,0.0010769384680315852,No
8424,0.004068819805979729,No
8425,0.01921122893691063,No
8426,0.4455263018608093,No
8427,0.9158502817153931,Yes
8428,0.0011654894333332777,No
8429,0.0012626161333173513,No
8430,0.0040298509411513805,No
8431,0.005111889913678169,No
8432,0.0054057277739048,No
8433,0.0020319989416748285,No
8434,0.8885529637336731,Yes
8435,0.015877915546298027,No
8436,0.00031009179656393826,No
8437,0.0022438487503677607,No
8438,0.006652671843767166,No
8439,0.9720202684402466,Yes
8440,0.022033561021089554,No
8441,0.0007520224899053574,No
8442,0.11913815885782242,No
8443,0.9321681261062622,Yes
8444,0.001574623747728765,No
8445,0.00034779185079969466,No
8446,0.28151172399520874,No
8447,0.017839442938566208,No
8448,0.02129809930920601,No
8449,0.0016750020440667868,No
8450,0.624215304851532,Yes
8451,0.7325488328933716,Yes
8452,0.512945830821991,Yes
8453,0.0046890368685126305,No
8454,0.896741509437561,Yes
8455,0.6746693253517151,Yes
8456,0.00030771875753998756,No
8457,0.0002487216261215508,No
8458,0.4110187292098999,No
8459,0.0199857447296381,No
8460,0.005468553397804499,No
8461,0.05190526694059372,No
8462,0.0004851550329476595,No
8463,0.0009110698010772467,No
8464,0.008860012516379356,No
8465,0.011134163476526737,No
8466,0.07437635958194733,No
8467,0.8363081812858582,Yes
8468,0.0017505120486021042,No
8469,0.0018053773092105985,No
8470,0.007064291276037693,No
8471,0.007365647703409195,No
8472,0.0011061410186812282,No
8473,0.02299054153263569,No
8474,0.09496951848268509,No
8475,0.011816514655947685,No
8476,0.0032563211861997843,No
8477,0.003990361001342535,No
8478,0.9427257180213928,Yes
8479,0.13392160832881927,No
8480,0.992646336555481,Yes
8481,0.9917932152748108,Yes
8482,0.0041117435321211815,No
8483,0.0019722855649888515,No
8484,0.9958726167678833,Yes
8485,0.9956302642822266,Yes
8486,0.0006096380529925227,No
8487,0.0010236997622996569,No
8488,0.9868229031562805,Yes
8489,0.9805145263671875,Yes
8490,0.004403689876198769,No
8491,0.0005126441246829927,No
8492,0.9964678883552551,Yes
8493,0.9985411763191223,Yes
8494,0.01055273786187172,No
8495,0.0010811471147462726,No
8496,0.9784101843833923,Yes
8497,0.7676853537559509,Yes
8498,0.0002678031160030514,No
8499,0.0004143637197557837,No
8500,0.4556003510951996,No
8501,0.965106189250946,Yes
8502,0.00323763326741755,No
8503,0.0007875988376326859,No
8504,0.9979661107063293,Yes
8505,0.9990342259407043,Yes
8506,0.011610457673668861,No
8507,0.013868600130081177,No
8508,0.6448388695716858,Yes
8509,0.421138197183609,No
8510,0.0020318408496677876,No
8511,0.008174597285687923,No
8512,0.9984851479530334,Yes
8513,0.9843004941940308,Yes
8514,0.0030219287145882845,No
8515,0.0028001023456454277,No
8516,0.9958682060241699,Yes
8517,0.9961398839950562,Yes
8518,0.0016316695837303996,No
8519,0.0022203857079148293,No
8520,0.9939325451850891,Yes
8521,0.996234655380249,Yes
8522,0.0015568998642265797,No
8523,0.05095890909433365,No
8524,0.9973822832107544,Yes
8525,0.9784671664237976,Yes
8526,0.0009727453580126166,No
8527,0.0017421601805835962,No
8528,0.991428017616272,Yes
8529,0.9892662763595581,Yes
8530,0.006331597920507193,No
8531,0.0003735466452781111,No
8532,0.9984627962112427,Yes
8533,0.9986406564712524,Yes
8534,0.00545008759945631,No
8535,0.001825748011469841,No
8536,0.987692654132843,Yes
8537,0.9965057969093323,Yes
8538,0.004671572707593441,No
8539,0.001571478322148323,No
8540,0.7394546270370483,Yes
8541,0.3575133979320526,No
8542,0.009474603459239006,No
8543,0.010485257022082806,No
8544,0.9981480836868286,Yes
8545,0.9960182309150696,Yes
8546,0.018381662666797638,No
8547,0.03042720817029476,No
8548,0.7207005023956299,Yes
8549,0.6474307775497437,Yes
8550,0.0027330832090228796,No
8551,0.003613961162045598,No
8552,0.9522855281829834,Yes
8553,0.7997762560844421,Yes
8554,0.004576541483402252,No
8555,0.06100999563932419,No
8556,0.9987158179283142,Yes
8557,0.9713465571403503,Yes
8558,0.002326274523511529,No
8559,0.014352966099977493,No
8560,0.9930434226989746,Yes
8561,0.9966838359832764,Yes
8562,0.003704539267346263,No
8563,0.009632958099246025,No
8564,0.9249938130378723,Yes
8565,0.9874826669692993,Yes
8566,0.0023689756635576487,No
8567,0.00111239159014076,No
8568,0.9747018218040466,Yes
8569,0.9693822264671326,Yes
8570,0.0017502137925475836,No
8571,0.0018044018652290106,No
8572,0.9932453036308289,Yes
8573,0.99604731798172,Yes
8574,0.0024519239086657763,No
8575,0.0030224400106817484,No
8576,0.9441410303115845,Yes
8577,0.9845293760299683,Yes
8578,0.000613951648119837,No
8579,0.0025374963879585266,No
8580,0.01940968632698059,No
8581,0.14789938926696777,No
8582,0.028436874970793724,No
8583,0.023129470646381378,No
8584,0.9498218894004822,Yes
8585,0.9969892501831055,Yes
8586,0.01714332588016987,No
8587,0.018808795139193535,No
8588,0.43268653750419617,No
8589,0.46147459745407104,No
8590,0.0047032395377755165,No
8591,0.006999414414167404,No
8592,0.9889405965805054,Yes
8593,0.6725463271141052,Yes
8594,0.018764493986964226,No
8595,0.03402586653828621,No
8596,0.9954748749732971,Yes
8597,0.8749894499778748,Yes
8598,0.003206635359674692,No
8599,0.012862005271017551,No
8600,0.0015488282078877091,No
8601,0.001986759016290307,No
8602,0.6442878842353821,Yes
8603,0.7057632207870483,Yes
8604,0.0009722160757519305,No
8605,0.0004454517038539052,No
8606,0.09948708117008209,No
8607,0.7983866930007935,Yes
8608,0.0017475325148552656,No
8609,0.055596403777599335,No
8610,0.9329506158828735,Yes
8611,0.8173797726631165,Yes
8612,0.33995333313941956,No
8613,0.00020247021166142076,No
8614,0.0832294300198555,No
8615,0.5248205661773682,Yes
8616,0.00039338122587651014,No
8617,0.00016480142949149013,No
8618,0.9378365278244019,Yes
8619,0.01703834906220436,No
8620,0.011279817670583725,No
8621,0.08010321110486984,No
8622,0.3399137258529663,No
8623,0.054404646158218384,No
8624,0.004144908394664526,No
8625,0.0010129365837201476,No
8626,0.9458219408988953,Yes
8627,0.9918616414070129,Yes
8628,0.0006639783969148993,No
8629,0.0019314548699185252,No
8630,0.004122863989323378,No
8631,0.018469398841261864,No
8632,0.03402818739414215,No
8633,0.11747433990240097,No
8634,0.04568611830472946,No
8635,0.9122822880744934,Yes
8636,0.0030974186956882477,No
8637,0.0025388021022081375,No
8638,0.6060548424720764,Yes
8639,0.9799031615257263,Yes
8640,0.9883145689964294,Yes
8641,0.9242590665817261,Yes
8642,0.005074264947324991,No
8643,0.0032418828923255205,No
8644,0.9853821992874146,Yes
8645,0.8593965172767639,Yes
8646,0.0022466524969786406,No
8647,0.0010629033204168081,No
8648,0.9939616918563843,Yes
8649,0.9838933944702148,Yes
8650,0.0007687712786719203,No
8651,0.005110622383654118,No
8652,0.9946683049201965,Yes
8653,0.9982117414474487,Yes
8654,0.002190503990277648,No
8655,0.005906182806938887,No
8656,0.9967674612998962,Yes
8657,0.9965303540229797,Yes
8658,0.004881259053945541,No
8659,0.0009696322958916426,No
8660,0.004693157505244017,No
8661,0.0211127158254385,No
8662,0.02783721685409546,No
8663,0.049410540610551834,No
8664,0.9994277358055115,Yes
8665,0.6495231986045837,Yes
8666,0.019506389275193214,No
8667,0.029183877632021904,No
8668,0.5443368554115295,Yes
8669,0.3531170189380646,No
8670,0.004072107374668121,No
8671,0.004958656616508961,No
8672,0.9698856472969055,Yes
8673,0.9956608414649963,Yes
8674,0.09099211543798447,No
8675,0.0030431170016527176,No
8676,0.9964679479598999,Yes
8677,0.9156776070594788,Yes
8678,0.0022604044061154127,No
8679,0.003803584724664688,No
8680,0.00035215288517065346,No
8681,0.00022149640426505357,No
8682,0.17856940627098083,No
8683,0.4483906328678131,No
8684,0.00041614368092268705,No
8685,0.00032473093597218394,No
8686,0.9226983189582825,Yes
8687,0.009790388867259026,No
8688,0.02398165687918663,No
8689,0.00033553483081050217,No
8690,0.8182878494262695,Yes
8691,0.6697354316711426,Yes
8692,0.001561462297104299,No
8693,0.0020614785607904196,No
8694,0.9745766520500183,Yes
8695,0.16246357560157776,No
8696,0.00036207697121426463,No
8697,0.00040865325718186796,No
8698,0.6050168871879578,Yes
8699,0.2936626970767975,No
8700,0.017336826771497726,No
8701,0.00023148492618929595,No
8702,0.052379924803972244,No
8703,0.02352946810424328,No
8704,0.001465404755435884,No
8705,0.020854204893112183,No
8706,0.06263777613639832,No
8707,0.9923925995826721,Yes
8708,0.0014649225631728768,No
8709,0.00022440639440901577,No
8710,0.02282148413360119,No
8711,0.004052157513797283,No
8712,0.0015384701546281576,No
8713,0.007068832404911518,No
8714,0.3157994747161865,No
8715,0.03966280817985535,No
8716,0.001022814423777163,No
8717,0.0017122859135270119,No
8718,0.33980369567871094,No
8719,0.9633148908615112,Yes
8720,0.00096062634838745,No
8721,0.09393716603517532,No
8722,0.9532836079597473,Yes
8723,0.8038507699966431,Yes
8724,0.0009609072003513575,No
8725,0.0022882800549268723,No
8726,0.778961718082428,Yes
8727,0.09838563948869705,No
8728,0.0006685782573185861,No
8729,0.0003629697021096945,No
8730,0.8219062685966492,Yes
8731,0.4439753293991089,No
8732,0.5604347586631775,Yes
8733,0.1062043160200119,No
8734,0.9396335482597351,Yes
8735,0.18459288775920868,No
8736,0.000621471437625587,No
8737,0.0011347057297825813,No
8738,0.5614080429077148,Yes
8739,0.8426212668418884,Yes
8740,0.0032956076320260763,No
8741,0.00498911552131176,No
8742,0.11732792109251022,No
8743,0.01406016107648611,No
8744,0.04500752314925194,No
8745,0.10017561167478561,No
8746,0.8473339676856995,Yes
8747,0.9380326271057129,Yes
8748,0.005632337182760239,No
8749,0.0019606761634349823,No
8750,0.007093132473528385,No
8751,0.00975887943059206,No
8752,0.027979455888271332,No
8753,0.016743214800953865,No
8754,0.7688791155815125,Yes
8755,0.03324908763170242,No
8756,0.0007860095938667655,No
8757,0.0005741048371419311,No
8758,0.3962063193321228,No
8759,0.9660621881484985,Yes
8760,0.3162369430065155,No
8761,0.0007083226228132844,No
8762,0.884694516658783,Yes
8763,0.973270833492279,Yes
8764,0.0014208174543455243,No
8765,0.0010706085013225675,No
8766,0.7451292872428894,Yes
8767,0.20614765584468842,No
8768,0.0012904320610687137,No
8769,0.00046043802285566926,No
8770,0.8955272436141968,Yes
8771,0.7718797922134399,Yes
8772,0.9133833646774292,Yes
8773,0.041624780744314194,No
8774,0.2515435814857483,No
8775,0.8868719935417175,Yes
8776,0.00618073670193553,No
8777,0.00020136445527896285,No
8778,0.45503777265548706,No
8779,0.9122843146324158,Yes
8780,0.0010836587753146887,No
8781,0.1458032727241516,No
8782,0.007988832890987396,No
8783,0.7810495495796204,Yes
8784,0.00834560114890337,No
8785,0.01033935509622097,No
8786,0.4488224983215332,No
8787,0.20217274129390717,No
8788,0.0030006100423634052,No
8789,0.004087334964424372,No
8790,0.009258503094315529,No
8791,0.007558788638561964,No
8792,0.015428359620273113,No
8793,0.09727343171834946,No
8794,0.4492269456386566,No
8795,0.1837194561958313,No
8796,0.0016936211613938212,No
8797,0.001554310554638505,No
8798,0.9477437138557434,Yes
8799,0.9393019080162048,Yes
8800,0.0038618999533355236,No
8801,0.0045128148049116135,No
8802,0.5541880130767822,Yes
8803,0.3150821030139923,No
8804,0.0006332276971079409,No
8805,0.0008437397773377597,No
8806,0.7387734055519104,Yes
8807,0.034400574862957,No
8808,0.002283634850755334,No
8809,0.001218353514559567,No
8810,0.14610739052295685,No
8811,0.051609333604574203,No
8812,0.037211645394563675,No
8813,0.01934111677110195,No
8814,0.9576717615127563,Yes
8815,0.9702113270759583,Yes
8816,0.00045659797615371644,No
8817,0.00040048506343737245,No
8818,0.4851838946342468,No
8819,0.031412187963724136,No
8820,0.007474549580365419,No
8821,0.004836192820221186,No
8822,0.001912064733915031,No
8823,0.1923271119594574,No
8824,0.0005878059309907258,No
8825,0.0008204886107705534,No
8826,0.94670569896698,Yes
8827,0.9916086196899414,Yes
8828,0.0006411086651496589,No
8829,0.000664576597046107,No
8830,0.0051712775602936745,No
8831,0.006669388618320227,No
8832,0.0003323953424114734,No
8833,0.0009052989189513028,No
8834,0.24517706036567688,No
8835,0.009211864322423935,No
8836,0.001417626510374248,No
8837,0.0033392200712114573,No
8838,0.7911491394042969,Yes
8839,0.9692121148109436,Yes
8840,0.9990562796592712,Yes
8841,0.9980748891830444,Yes
8842,0.002048307564109564,No
8843,0.001518349046818912,No
8844,0.9979789853096008,Yes
8845,0.995228111743927,Yes
8846,0.0004135821363888681,No
8847,0.0003216104523744434,No
8848,0.9937594532966614,Yes
8849,0.9877114295959473,Yes
8850,0.0007857983000576496,No
8851,0.0006668122368864715,No
8852,0.9993689656257629,Yes
8853,0.9993714094161987,Yes
8854,0.005231729242950678,No
8855,0.0008277968736365438,No
8856,0.994876503944397,Yes
8857,0.873751699924469,Yes
8858,0.0001743334869388491,No
8859,0.00014705937064718455,No
8860,0.9900408387184143,Yes
8861,0.356254518032074,No
8862,0.00081806251546368,No
8863,0.0008426386630162597,No
8864,0.9997899532318115,Yes
8865,0.9999091029167175,Yes
8866,0.016642719507217407,No
8867,0.0035133413039147854,No
8868,0.7087284326553345,Yes
8869,0.9259081482887268,Yes
8870,0.0037412841338664293,No
8871,0.0033721141517162323,No
8872,0.9924575090408325,Yes
8873,0.9998131990432739,Yes
8874,0.0007976489141583443,No
8875,0.0014968285104259849,No
8876,0.9980656504631042,Yes
8877,0.9953342080116272,Yes
8878,0.0006231017177924514,No
8879,0.0010950025171041489,No
8880,0.9963214993476868,Yes
8881,0.9983353614807129,Yes
8882,0.018503576517105103,No
8883,0.002485608449205756,No
8884,0.9970436692237854,Yes
8885,0.9376694560050964,Yes
8886,0.0005762781947851181,No
8887,0.0007589444285258651,No
8888,0.9849229454994202,Yes
8889,0.9921326041221619,Yes
8890,0.0008734586299397051,No
8891,0.0007122739916667342,No
8892,0.9985547661781311,Yes
8893,0.9989182353019714,Yes
8894,0.014897458255290985,No
8895,0.01014802884310484,No
8896,0.9095689654350281,Yes
8897,0.7948344945907593,Yes
8898,0.0048581454902887344,No
8899,0.0005059142131358385,No
8900,0.467430055141449,No
8901,0.6837342977523804,Yes
8902,0.02903449535369873,No
8903,0.010536436922848225,No
8904,0.998820960521698,Yes
8905,0.9992575645446777,Yes
8906,0.013998916372656822,No
8907,0.004924620967358351,No
8908,0.07278550416231155,No
8909,0.15351849794387817,No
8910,0.0016547032864764333,No
8911,0.0025229931343346834,No
8912,0.9985483884811401,Yes
8913,0.9923869371414185,Yes
8914,0.0033143882174044847,No
8915,0.006433833856135607,No
8916,0.9994217753410339,Yes
8917,0.998971700668335,Yes
8918,0.014987725764513016,No
8919,0.0008606911869719625,No
8920,0.11626723408699036,No
8921,0.017073841765522957,No
8922,0.9276797771453857,Yes
8923,0.9913784861564636,Yes
8924,0.00025245192227885127,No
8925,0.001164539367891848,No
8926,0.9223831295967102,Yes
8927,0.9219377040863037,Yes
8928,0.0014049463206902146,No
8929,0.0005262732738628983,No
8930,0.8282225131988525,Yes
8931,0.7437776923179626,Yes
8932,0.0016931951977312565,No
8933,0.0991935133934021,No
8934,0.9950271248817444,Yes
8935,0.9969465136528015,Yes
8936,0.00042136869160458446,No
8937,0.0003228471614420414,No
8938,0.9742457270622253,Yes
8939,0.7141690850257874,Yes
8940,0.011245567351579666,No
8941,0.013529399409890175,No
8942,0.012215648777782917,No
8943,0.9009473919868469,Yes
8944,0.09639456123113632,No
8945,0.009196983650326729,No
8946,0.9939794540405273,Yes
8947,0.6429924964904785,Yes
8948,0.0014959274558350444,No
8949,0.0008161953883245587,No
8950,0.0029767893720418215,No
8951,0.003417740110307932,No
8952,0.007756694220006466,No
8953,0.0016226435545831919,No
8954,0.5691137313842773,Yes
8955,0.9967281818389893,Yes
8956,0.004416923504322767,No
8957,0.0007542083039879799,No
8958,0.8142955899238586,Yes
8959,0.7385516166687012,Yes
8960,0.9985752701759338,Yes
8961,0.9981098771095276,Yes
8962,0.03941188007593155,No
8963,0.0451129674911499,No
8964,0.9970927238464355,Yes
8965,0.9969221353530884,Yes
8966,0.00023754089488647878,No
8967,0.0013423323398455977,No
8968,0.9955467581748962,Yes
8969,0.9877164363861084,Yes
8970,0.00031780850258655846,No
8971,0.0012468795757740736,No
8972,0.9990128874778748,Yes
8973,0.9997379183769226,Yes
8974,0.0023211755324155092,No
8975,0.001416472834534943,No
8976,0.4536285996437073,No
8977,0.9060211777687073,Yes
8978,0.00018863238801714033,No
8979,0.0005792711162939668,No
8980,0.08758682757616043,No
8981,0.33584102988243103,No
8982,0.0012866652105003595,No
8983,0.0064627667888998985,No
8984,0.99992835521698,Yes
8985,0.9998238682746887,Yes
8986,0.028719983994960785,No
8987,0.021357402205467224,No
8988,0.06433399766683578,No
8989,0.1616479903459549,No
8990,0.002445483347401023,No
8991,0.0022019806783646345,No
8992,0.9677729606628418,Yes
8993,0.9997283220291138,Yes
8994,0.0011134586529806256,No
8995,0.0017971777124330401,No
8996,0.9994065761566162,Yes
8997,0.9988725185394287,Yes
8998,0.0060334219597280025,No
8999,0.0008365768007934093,No
9000,0.09814292937517166,No
9001,0.5961236357688904,Yes
9002,0.01567927375435829,No
9003,0.7172212600708008,Yes
9004,0.0002859238302335143,No
9005,0.001513147377409041,No
9006,0.8033694624900818,Yes
9007,0.8146597743034363,Yes
9008,0.00028176032355986536,No
9009,0.00047155332867987454,No
9010,0.3107575476169586,No
9011,0.01697680354118347,No
9012,0.006699631921947002,No
9013,0.08183984458446503,No
9014,0.5867950916290283,Yes
9015,0.9843981862068176,Yes
9016,0.0032451574224978685,No
9017,0.00016392528777942061,No
9018,0.28210335969924927,No
9019,0.1687328964471817,No
9020,0.0006924843764863908,No
9021,0.0009419345296919346,No
9022,0.00173346942756325,No
9023,0.0020462649408727884,No
9024,0.03834379464387894,No
9025,0.006794746965169907,No
9026,0.44107767939567566,No
9027,0.9873167872428894,Yes
9028,0.0016479816986247897,No
9029,0.0009760655229911208,No
9030,0.00794033333659172,No
9031,0.0042666359804570675,No
9032,0.006508281920105219,No
9033,0.0005074607906863093,No
9034,0.9730339050292969,Yes
9035,0.9605951309204102,Yes
9036,0.005120723508298397,No
9037,0.005454068537801504,No
9038,0.9613361954689026,Yes
9039,0.9971580505371094,Yes
9040,0.0006690271547995508,No
9041,0.022854341194033623,No
9042,0.8898249864578247,Yes
9043,0.4172068238258362,No
9044,0.00035971993929706514,No
9045,0.00041656766552478075,No
9046,0.7209358811378479,Yes
9047,0.09327763319015503,No
9048,0.00026508024893701077,No
9049,0.0002898175152949989,No
9050,0.015862099826335907,No
9051,0.0161669310182333,No
9052,0.036664124578237534,No
9053,0.015403673984110355,No
9054,0.9810655117034912,Yes
9055,0.9666727185249329,Yes
9056,0.00027561638853512704,No
9057,0.0013561875093728304,No
9058,0.8859034180641174,Yes
9059,0.1126599833369255,No
9060,0.0005360323120839894,No
9061,0.0005513924406841397,No
9062,0.38610199093818665,No
9063,0.7878221273422241,Yes
9064,0.0014960027765482664,No
9065,0.004230559803545475,No
9066,0.9436045289039612,Yes
9067,0.9765670299530029,Yes
9068,0.0003519778256304562,No
9069,0.0018922478193417192,No
9070,0.00716191902756691,No
9071,0.009684364311397076,No
9072,0.0003791003255173564,No
9073,0.004383185878396034,No
9074,0.9928280711174011,Yes
9075,0.4744685888290405,No
9076,0.0007076187757775187,No
9077,0.0005099066765978932,No
9078,0.9774284362792969,Yes
9079,0.27600958943367004,No
9080,0.9911077618598938,Yes
9081,0.9992847442626953,Yes
9082,0.003653252962976694,No
9083,0.0040645841509103775,No
9084,0.9710298180580139,Yes
9085,0.9780368804931641,Yes
9086,0.0007968925056047738,No
9087,0.0019625138957053423,No
9088,0.992216944694519,Yes
9089,0.9766998291015625,Yes
9090,0.0013500574277713895,No
9091,0.0014877341454848647,No
9092,0.9988844990730286,Yes
9093,0.9992275238037109,Yes
9094,0.0021395874209702015,No
9095,0.0020306245423853397,No
9096,0.23428592085838318,No
9097,0.18383876979351044,No
9098,0.0008549076737836003,No
9099,0.00032686119084246457,No
9100,0.9929119944572449,Yes
9101,0.04614744707942009,No
9102,0.0014268758241087198,No
9103,0.0012837883550673723,No
9104,0.9999014139175415,Yes
9105,0.9998811483383179,Yes
9106,0.00981912575662136,No
9107,0.002078026533126831,No
9108,0.6914193034172058,Yes
9109,0.9206551909446716,Yes
9110,0.0049292840994894505,No
9111,0.006073633674532175,No
9112,0.9905818104743958,Yes
9113,0.9613409042358398,Yes
9114,0.002864095149561763,No
9115,0.020357079803943634,No
9116,0.9972453117370605,Yes
9117,0.9905210137367249,Yes
9118,0.006586121860891581,No
9119,0.01647963747382164,No
9120,0.9981241226196289,Yes
9121,0.9982974529266357,Yes
9122,0.047246985137462616,No
9123,0.011598460376262665,No
9124,0.9973922967910767,Yes
9125,0.988611102104187,Yes
9126,0.0012505613267421722,No
9127,0.0003690253652166575,No
9128,0.9933254718780518,Yes
9129,0.9936983585357666,Yes
9130,0.0007795035489834845,No
9131,0.002145026810467243,No
9132,0.9992778897285461,Yes
9133,0.9993762373924255,Yes
9134,0.02713426947593689,No
9135,0.006131703034043312,No
9136,0.9743589162826538,Yes
9137,0.9784982800483704,Yes
9138,0.00036620322498492897,No
9139,0.0012078022118657827,No
9140,0.869304895401001,Yes
9141,0.9916242361068726,Yes
9142,0.03056333400309086,No
9143,0.17111952602863312,No
9144,0.9996682405471802,Yes
9145,0.9854459762573242,Yes
9146,0.04190264642238617,No
9147,0.0752137154340744,No
9148,0.08794540911912918,No
9149,0.15141859650611877,No
9150,0.006188219878822565,No
9151,0.001863744924776256,No
9152,0.9990749359130859,Yes
9153,0.999305009841919,Yes
9154,0.20641890168190002,No
9155,0.003703013528138399,No
9156,0.9990580677986145,Yes
9157,0.9923542737960815,Yes
9158,0.022473853081464767,No
9159,0.009833915159106255,No
9160,0.9960820078849792,Yes
9161,0.9984701871871948,Yes
9162,0.26639845967292786,No
9163,0.1915053427219391,No
9164,0.9981333613395691,Yes
9165,0.9925835132598877,Yes
9166,0.00042127392953261733,No
9167,0.001739902887493372,No
9168,0.9874666333198547,Yes
9169,0.9951198697090149,Yes
9170,0.0016402741894125938,No
9171,0.005157407373189926,No
9172,0.9995540380477905,Yes
9173,0.9994766712188721,Yes
9174,0.008879126980900764,No
9175,0.0028672590851783752,No
9176,0.9746584296226501,Yes
9177,0.9845277667045593,Yes
9178,0.00170873140450567,No
9179,0.0028247565496712923,No
9180,0.8648953437805176,Yes
9181,0.9899810552597046,Yes
9182,0.0415901318192482,No
9183,0.011842269450426102,No
9184,0.9995139837265015,Yes
9185,0.9994612336158752,Yes
9186,0.011219484731554985,No
9187,0.019514072686433792,No
9188,0.08085271716117859,No
9189,0.13888083398342133,No
9190,0.002272247336804867,No
9191,0.004649303387850523,No
9192,0.9993724822998047,Yes
9193,0.9992069005966187,Yes
9194,0.008080258965492249,No
9195,0.010224056430161,No
9196,0.9630043506622314,Yes
9197,0.9911638498306274,Yes
9198,0.014445864595472813,No
9199,0.0034032801631838083,No
9200,0.0033623685594648123,No
9201,0.001970886252820492,No
9202,0.03762209415435791,No
9203,0.10332110524177551,No
9204,0.00042911781929433346,No
9205,0.0005993467639200389,No
9206,0.8194559216499329,Yes
9207,0.887218177318573,Yes
9208,0.0022734582889825106,No
9209,0.0031368492636829615,No
9210,0.07846447080373764,No
9211,0.44700777530670166,No
9212,0.5834445953369141,Yes
9213,0.010734474286437035,No
9214,0.7731848359107971,Yes
9215,0.9842357635498047,Yes
9216,0.0009705531410872936,No
9217,0.0007203379063867033,No
9218,0.8818331360816956,Yes
9219,0.4151100516319275,No
9220,0.0030231571290642023,No
9221,0.0008726117084734142,No
9222,0.8963761329650879,Yes
9223,0.0019247004529461265,No
9224,0.0012422651052474976,No
9225,0.007468371652066708,No
9226,0.5817419290542603,Yes
9227,0.9864466786384583,Yes
9228,0.000842901470605284,No
9229,0.0008344489615410566,No
9230,0.005221515893936157,No
9231,0.00480357650667429,No
9232,0.005739025771617889,No
9233,0.009383345022797585,No
9234,0.989595890045166,Yes
9235,0.07267807424068451,No
9236,0.0006312854820862412,No
9237,0.0032192664220929146,No
9238,0.059412986040115356,No
9239,0.9761817455291748,Yes
9240,0.04471180588006973,No
9241,0.0023497948423027992,No
9242,0.2750411927700043,No
9243,0.9567804336547852,Yes
9244,0.008027797564864159,No
9245,0.00040623205131851137,No
9246,0.14592328667640686,No
9247,0.06395397335290909,No
9248,0.006076537538319826,No
9249,0.0021056218538433313,No
9250,0.21182303130626678,No
9251,0.4145101308822632,No
9252,0.3301489055156708,No
9253,0.00858902744948864,No
9254,0.9695531129837036,Yes
9255,0.9021284580230713,Yes
9256,0.00021345178538467735,No
9257,0.00034597780904732645,No
9258,0.31910964846611023,No
9259,0.036156393587589264,No
9260,0.020789925009012222,No
9261,0.14707212150096893,No
9262,0.0014519800897687674,No
9263,0.0016637647058814764,No
9264,0.008345690555870533,No
9265,0.014927592128515244,No
9266,0.32559752464294434,No
9267,0.960823118686676,Yes
9268,0.0008744864608161151,No
9269,0.0008313164580613375,No
9270,0.003918587230145931,No
9271,0.004472088534384966,No
9272,0.004098147619515657,No
9273,0.042097777128219604,No
9274,0.34460312128067017,No
9275,0.06567641347646713,No
9276,0.00442153587937355,No
9277,0.004633883014321327,No
9278,0.9477424621582031,Yes
9279,0.28945326805114746,No
9280,0.99409419298172,Yes
9281,0.9950864315032959,Yes
9282,0.0047349631786346436,No
9283,0.005222409497946501,No
9284,0.998246967792511,Yes
9285,0.9976115822792053,Yes
9286,0.0005604979232884943,No
9287,0.0006147098611108959,No
9288,0.9721795320510864,Yes
9289,0.9291625618934631,Yes
9290,0.0015333471819758415,No
9291,0.0005259231547825038,No
9292,0.9990938901901245,Yes
9293,0.9995309710502625,Yes
9294,0.011677082628011703,No
9295,0.0015814388170838356,No
9296,0.9560781121253967,Yes
9297,0.7813681960105896,Yes
9298,0.0003618577611632645,No
9299,0.00012316434003878385,No
9300,0.4194377660751343,No
9301,0.9599385857582092,Yes
9302,0.002892604097723961,No
9303,0.0010973006719723344,No
9304,0.999649167060852,Yes
9305,0.9998438358306885,Yes
9306,0.010525152087211609,No
9307,0.012553899548947811,No
9308,0.10561557114124298,No
9309,0.2444036900997162,No
9310,0.002139151096343994,No
9311,0.002751719206571579,No
9312,0.9993212819099426,Yes
9313,0.9938200116157532,Yes
9314,0.0032094281632453203,No
9315,0.004104616120457649,No
9316,0.9980478286743164,Yes
9317,0.9996031522750854,Yes
9318,0.0036999431904405355,No
9319,0.0031061426270753145,No
9320,0.9975665807723999,Yes
9321,0.9977318048477173,Yes
9322,0.0018833053763955832,No
9323,0.05915174260735512,No
9324,0.997761070728302,Yes
9325,0.9742319583892822,Yes
9326,0.0005008853040635586,No
9327,0.001027947524562478,No
9328,0.9892534017562866,Yes
9329,0.9850297570228577,Yes
9330,0.0018707368290051818,No
9331,0.0007133113103918731,No
9332,0.9996200203895569,Yes
9333,0.9995744228363037,Yes
9334,0.019929705187678337,No
9335,0.0017834138125181198,No
9336,0.9514196515083313,Yes
9337,0.9973077178001404,Yes
9338,0.0015836880775168538,No
9339,0.0008383643580600619,No
9340,0.6482775211334229,Yes
9341,0.6067905426025391,Yes
9342,0.010924996808171272,No
9343,0.017218444496393204,No
9344,0.9992278814315796,Yes
9345,0.9994087815284729,Yes
9346,0.010363287292420864,No
9347,0.03016013465821743,No
9348,0.08872906118631363,No
9349,0.17206066846847534,No
9350,0.0019185083219781518,No
9351,0.0019458044553175569,No
9352,0.9533930420875549,Yes
9353,0.9839127659797668,Yes
9354,0.005867366213351488,No
9355,0.2557316720485687,No
9356,0.998836874961853,Yes
9357,0.9774190783500671,Yes
9358,0.002470925683155656,No
9359,0.0039005090948194265,No
9360,0.9919339418411255,Yes
9361,0.9959082007408142,Yes
9362,0.004568846896290779,No
9363,0.01554918847978115,No
9364,0.9043905735015869,Yes
9365,0.9900575280189514,Yes
9366,0.0015241887886077166,No
9367,0.0009546907967887819,No
9368,0.9026138782501221,Yes
9369,0.8885541558265686,Yes
9370,0.0006236951448954642,No
9371,0.0019065738888457417,No
9372,0.9967755675315857,Yes
9373,0.9978973865509033,Yes
9374,0.0031018347945064306,No
9375,0.004220888018608093,No
9376,0.7549009323120117,Yes
9377,0.9216872453689575,Yes
9378,0.0007638505194336176,No
9379,0.0015068381326273084,No
9380,0.06356580555438995,No
9381,0.16216304898262024,No
9382,0.02767256088554859,No
9383,0.030827714130282402,No
9384,0.9174324870109558,Yes
9385,0.9991499781608582,Yes
9386,0.013834885321557522,No
9387,0.010429786518216133,No
9388,0.08615449070930481,No
9389,0.17445459961891174,No
9390,0.005013402551412582,No
9391,0.004230231512337923,No
9392,0.9830189347267151,Yes
9393,0.8424830436706543,Yes
9394,0.02786123938858509,No
9395,0.03491634875535965,No
9396,0.9935043454170227,Yes
9397,0.8454485535621643,Yes
9398,0.004957790952175856,No
9399,0.010398350656032562,No
9400,0.0025365620385855436,No
9401,0.004790081176906824,No
9402,0.8983298540115356,Yes
9403,0.874531090259552,Yes
9404,0.005614971276372671,No
9405,0.0013595984783023596,No
9406,0.11854195594787598,No
9407,0.8107435703277588,Yes
9408,0.003941177390515804,No
9409,0.006085356697440147,No
9410,0.7811937928199768,Yes
9411,0.5307387113571167,Yes
9412,0.16419894993305206,No
9413,0.00046097394078969955,No
9414,0.8953496217727661,Yes
9415,0.9096066355705261,Yes
9416,0.00042036132072098553,No
9417,0.00021914012904744595,No
9418,0.7483324408531189,Yes
9419,0.02569488063454628,No
9420,0.02186283841729164,No
9421,0.18855175375938416,No
9422,0.20312674343585968,No
9423,0.024234795942902565,No
9424,0.00207648822106421,No
9425,0.0005240788450464606,No
9426,0.9738553762435913,Yes
9427,0.9956863522529602,Yes
9428,0.0005469481111504138,No
9429,0.0008184998878277838,No
9430,0.0062633296474814415,No
9431,0.009601072408258915,No
9432,0.01183084025979042,No
9433,0.060392361134290695,No
9434,0.13141293823719025,No
9435,0.9771691560745239,Yes
9436,0.010766178369522095,No
9437,0.009264207445085049,No
9438,0.9462251663208008,Yes
9439,0.9448904991149902,Yes
9440,0.9951604604721069,Yes
9441,0.9583545923233032,Yes
9442,0.008512192405760288,No
9443,0.006932707037776709,No
9444,0.9907856583595276,Yes
9445,0.7862508893013,Yes
9446,0.001855715992860496,No
9447,0.0010672786738723516,No
9448,0.994493842124939,Yes
9449,0.9652890563011169,Yes
9450,0.0011206259950995445,No
9451,0.0025371478404849768,No
9452,0.9977524876594543,Yes
9453,0.9994188547134399,Yes
9454,0.00484152976423502,No
9455,0.004003848880529404,No
9456,0.9787411689758301,Yes
9457,0.9882387518882751,Yes
9458,0.0046785264275968075,No
9459,0.0008834918844513595,No
9460,0.04649084433913231,No
9461,0.08191334456205368,No
9462,0.021959412842988968,No
9463,0.07565447688102722,No
9464,0.9998529553413391,Yes
9465,0.8177964091300964,Yes
9466,0.012233851477503777,No
9467,0.021181592717766762,No
9468,0.08858480304479599,No
9469,0.14455479383468628,No
9470,0.0027803443372249603,No
9471,0.003620121395215392,No
9472,0.9720968008041382,Yes
9473,0.9970642328262329,Yes
9474,0.2642475664615631,No
9475,0.0028639775700867176,No
9476,0.9970255494117737,Yes
9477,0.9794213175773621,Yes
9478,0.0021372719202190638,No
9479,0.0017814135644584894,No
9480,0.0006093751871958375,No
9481,0.0008369371062144637,No
9482,0.2813554108142853,No
9483,0.2219606190919876,No
9484,0.00029086004360578954,No
9485,0.00042489360203035176,No
9486,0.8911294341087341,Yes
9487,0.013773397542536259,No
9488,0.007364731281995773,No
9489,0.00046715792268514633,No
9490,0.28555434942245483,No
9491,0.6584973931312561,Yes
9492,0.001489768153987825,No
9493,0.0047898986376821995,No
9494,0.9896042943000793,Yes
9495,0.8093056678771973,Yes
9496,0.0003474220575299114,No
9497,0.0002859134692698717,No
9498,0.4799155592918396,No
9499,0.1302226483821869,No
9500,0.03512275218963623,No
9501,0.0005501463892869651,No
9502,0.0202889796346426,No
9503,0.03944629803299904,No
9504,0.00044648972107097507,No
9505,0.016847146674990654,No
9506,0.13407011330127716,No
9507,0.9975765347480774,Yes
9508,0.0007682114955969155,No
9509,0.00017548333562444896,No
9510,0.012535304762423038,No
9511,0.0033701343927532434,No
9512,0.0055968500673770905,No
9513,0.005192863289266825,No
9514,0.4384782910346985,No
9515,0.1308901458978653,No
9516,0.003553126472979784,No
9517,0.0035383440554142,No
9518,0.5317560434341431,Yes
9519,0.9729593992233276,Yes
9520,0.0025845959316939116,No
9521,0.17717917263507843,No
9522,0.9521589279174805,Yes
9523,0.8817927241325378,Yes
9524,0.0013259167317301035,No
9525,0.0016069822013378143,No
9526,0.6656189560890198,Yes
9527,0.09984754025936127,No
9528,0.0007773377583362162,No
9529,0.000741992553230375,No
9530,0.4453467130661011,No
9531,0.13223959505558014,No
9532,0.5985233187675476,Yes
9533,0.16996033489704132,No
9534,0.9758312106132507,Yes
9535,0.4703414738178253,No
9536,0.00048049629549495876,No
9537,0.0010838585440069437,No
9538,0.4990464150905609,No
9539,0.4847528338432312,No
9540,0.015696678310632706,No
9541,0.01819562166929245,No
9542,0.04651862382888794,No
9543,0.05313021317124367,No
9544,0.049913834780454636,No
9545,0.27628105878829956,No
9546,0.8935070633888245,Yes
9547,0.9947296380996704,Yes
9548,0.0024514959659427404,No
9549,0.0009596443269401789,No
9550,0.006460094824433327,No
9551,0.007166787050664425,No
9552,0.011941350996494293,No
9553,0.034834567457437515,No
9554,0.953110933303833,Yes
9555,0.10792840272188187,No
9556,0.0017298832535743713,No
9557,0.0005008252337574959,No
9558,0.7831489443778992,Yes
9559,0.9713411927223206,Yes
9560,0.22238129377365112,No
9561,0.0014137191465124488,No
9562,0.9171019196510315,Yes
9563,0.9766931533813477,Yes
9564,0.0009609466069377959,No
9565,0.001378751127049327,No
9566,0.5502873659133911,Yes
9567,0.15532219409942627,No
9568,0.0022061660420149565,No
9569,0.000494399864692241,No
9570,0.5082193613052368,Yes
9571,0.3554658889770508,No
9572,0.8701380491256714,Yes
9573,0.1760077029466629,No
9574,0.7772313356399536,Yes
9575,0.9598994255065918,Yes
9576,0.0019378954311832786,No
9577,0.0001397269661538303,No
9578,0.1989632397890091,No
9579,0.8627737164497375,Yes
9580,0.002331478288397193,No
9581,0.30800914764404297,No
9582,0.012841688469052315,No
9583,0.8338165283203125,Yes
9584,0.0058773839846253395,No
9585,0.010484308004379272,No
9586,0.5602290034294128,Yes
9587,0.16235536336898804,No
9588,0.0016191682079806924,No
9589,0.001196173019707203,No
9590,0.006573452148586512,No
9591,0.006400540471076965,No
9592,0.008741390891373158,No
9593,0.09926969558000565,No
9594,0.833646833896637,Yes
9595,0.7120704650878906,Yes
9596,0.0018958097789436579,No
9597,0.0012757765362039208,No
9598,0.9651958346366882,Yes
9599,0.9232392311096191,Yes
9600,0.0010005849180743098,No
9601,0.9987192153930664,Yes
9602,0.0006022398010827601,No
9603,0.0388338677585125,No
9604,0.00032081862445920706,No
9605,0.027624966576695442,No
9606,0.0007466928218491375,No
9607,0.37694603204727173,No
9608,0.0009957031579688191,No
9609,0.2389853447675705,No
9610,0.0006272480823099613,No
9611,0.9989610314369202,Yes
9612,0.0007457457249984145,No
9613,0.3260762691497803,No
9614,0.0003735791251529008,No
9615,0.13560743629932404,No
9616,0.00028033406124450266,No
9617,0.025515321642160416,No
9618,0.0004887327668257058,No
9619,0.12512466311454773,No
9620,0.0010704994201660156,No
9621,0.1561596840620041,No
9622,0.0012088317889720201,No
9623,0.6834490299224854,Yes
9624,0.0006302568363025784,No
9625,0.7748516798019409,Yes
9626,0.00025815717526711524,No
9627,0.9992685914039612,Yes
9628,0.00016936360043473542,No
9629,0.9977977871894836,Yes
9630,0.0009375272784382105,No
9631,0.9994224905967712,Yes
9632,0.0006516259163618088,No
9633,0.8596969842910767,Yes
9634,0.0013467047829180956,No
9635,0.9199565649032593,Yes
9636,0.0011166720651090145,No
9637,0.9988910555839539,Yes
9638,0.0003457784769125283,No
9639,0.029941368848085403,No
9640,8.453389455098659e-05,No
9641,0.9776862859725952,Yes
9642,0.001010938547551632,No
9643,0.252150297164917,No
9644,0.0009334324859082699,No
9645,0.37641194462776184,No
9646,0.0010699122212827206,No
9647,0.9648540616035461,Yes
9648,0.00047212527715601027,No
9649,0.9958082437515259,Yes
9650,0.00034043294726870954,No
9651,0.12888595461845398,No
9652,0.00032604942680336535,No
9653,0.027395863085985184,No
9654,0.000726083351764828,No
9655,0.9994087815284729,Yes
9656,0.000409094151109457,No
9657,0.8858534097671509,Yes
9658,0.0005057720118202269,No
9659,0.9993909597396851,Yes
9660,0.0003789361217059195,No
9661,0.7612206935882568,Yes
9662,0.00035881283110938966,No
9663,0.1422903835773468,No
9664,0.0002789812278933823,No
9665,0.03328763321042061,No
9666,0.0014413173776119947,No
9667,0.999493420124054,Yes
9668,0.00047223878209479153,No
9669,0.8884397745132446,Yes
9670,0.0012996679870411754,No
9671,0.9147672653198242,Yes
9672,0.00024042979930527508,No
9673,0.3768540024757385,No
9674,7.483550143660977e-05,No
9675,0.04458427429199219,No
9676,6.309770833468065e-05,No
9677,0.029057718813419342,No
9678,0.00021513238607440144,No
9679,0.26401859521865845,No
9680,5.725552546209656e-05,No
9681,0.2860223650932312,No
9682,0.0001513383467681706,No
9683,0.9151982665061951,Yes
9684,7.472832658095285e-05,No
9685,0.9527173042297363,Yes
9686,6.486930215032771e-05,No
9687,0.19412624835968018,No
9688,5.8461148000787944e-05,No
9689,0.022255854681134224,No
9690,9.31304384721443e-05,No
9691,0.32640716433525085,No
9692,0.0001602795673534274,No
9693,0.12721160054206848,No
9694,8.985610475065187e-05,No
9695,0.998102605342865,Yes
9696,0.00034523324575275183,No
9697,0.9887847304344177,Yes
9698,7.402188930427656e-05,No
9699,0.2595054507255554,No
9700,5.6758482969598845e-05,No
9701,0.973021924495697,Yes
9702,0.00020598710398189723,No
9703,0.7291736602783203,Yes
9704,0.000267531955614686,No
9705,0.8273570537567139,Yes
9706,0.00011623854516074061,No
9707,0.8176446557044983,Yes
9708,0.0004819244204554707,No
9709,0.9930535554885864,Yes
9710,5.773034718004055e-05,No
9711,0.017433037981390953,No
9712,0.00016845695790834725,No
9713,0.807836651802063,Yes
9714,0.00023732845147605985,No
9715,0.20538154244422913,No
9716,0.00012651119322981685,No
9717,0.6888394355773926,Yes
9718,0.00016018726455513388,No
9719,0.9990876913070679,Yes
9720,8.916895603761077e-05,No
9721,0.9974881410598755,Yes
9722,0.00015839270781725645,No
9723,0.965042769908905,Yes
9724,7.523511885665357e-05,No
9725,0.01480263751000166,No
9726,0.0006886501796543598,No
9727,0.9942405223846436,Yes
9728,0.00048582226736471057,No
9729,0.7318498492240906,Yes
9730,0.00011356704635545611,No
9731,0.8651995658874512,Yes
9732,0.0007574991905130446,No
9733,0.9920581579208374,Yes
9734,7.562702376162633e-05,No
9735,0.12229233235120773,No
9736,6.170194683363661e-05,No
9737,0.034485671669244766,No
9738,0.00021272918093018234,No
9739,0.4378933906555176,No
9740,0.00011877843644469976,No
9741,0.13992664217948914,No
9742,0.0003155717276968062,No
9743,0.9964057207107544,Yes
9744,0.0008773438166826963,No
9745,0.997671365737915,Yes
9746,8.227789658121765e-05,No
9747,0.03191652148962021,No
9748,0.0003894386172760278,No
9749,0.9685211181640625,Yes
9750,0.00020144303562119603,No
9751,0.33048054575920105,No
9752,0.00022975406318437308,No
9753,0.19692209362983704,No
9754,0.00013540301006287336,No
9755,0.9962069392204285,Yes
9756,0.00013723695883527398,No
9757,0.9510443806648254,Yes
9758,0.00010784811456687748,No
9759,0.039922501891851425,No
9760,0.00027885002782568336,No
9761,0.9556919932365417,Yes
9762,0.0001549251755932346,No
9763,0.17458949983119965,No
9764,0.00048656220315024257,No
9765,0.8317254185676575,Yes
9766,0.00012606714153662324,No
9767,0.8109255433082581,Yes
9768,0.000587688758969307,No
9769,0.9781731367111206,Yes
9770,0.00036478700349107385,No
9771,0.9967455863952637,Yes
9772,0.00025402710889466107,No
9773,0.9922099709510803,Yes
9774,0.00029386114329099655,No
9775,0.72445148229599,Yes
9776,0.0003597668546717614,No
9777,0.5222634077072144,Yes
9778,0.00016918462642934173,No
9779,0.9309676289558411,Yes
9780,0.0009932914981618524,No
9781,0.9972236752510071,Yes
9782,0.0006766503793187439,No
9783,0.02682996168732643,No
9784,0.00046660288353450596,No
9785,0.01719113439321518,No
9786,0.0006172214052639902,No
9787,0.06960535794496536,No
9788,0.0006180222262628376,No
9789,0.4324018359184265,No
9790,0.00048486999003216624,No
9791,0.9970586895942688,Yes
9792,0.0011111577041447163,No
9793,0.41284769773483276,No
9794,0.00032995687797665596,No
9795,0.048965975642204285,No
9796,0.00038747236249037087,No
9797,0.024540450423955917,No
9798,0.00048381948727183044,No
9799,0.12195196747779846,No
9800,0.0008493113564327359,No
9801,0.20169275999069214,No
9802,0.0008154725073836744,No
9803,0.805095374584198,Yes
9804,0.0011355510214343667,No
9805,0.7092081904411316,Yes
9806,0.00013755029067397118,No
9807,0.9960846304893494,Yes
9808,0.0002051123883575201,No
9809,0.9892431497573853,Yes
9810,0.0006609084084630013,No
9811,0.9973552823066711,Yes
9812,0.0002927444002125412,No
9813,0.8598118424415588,Yes
9814,0.001964196562767029,No
9815,0.8604227900505066,Yes
9816,0.0005014808848500252,No
9817,0.9975294470787048,Yes
9818,0.0003842132573481649,No
9819,0.027536528185009956,No
9820,9.556912118569016e-05,No
9821,0.9701812267303467,Yes
9822,0.0006341316620819271,No
9823,0.11022571474313736,No
9824,0.0008011307800188661,No
9825,0.3342441916465759,No
9826,0.0006728423177264631,No
9827,0.9380114674568176,Yes
9828,0.000390958710340783,No
9829,0.9957571625709534,Yes
9830,0.0003962123882956803,No
9831,0.09130284190177917,No
9832,0.0004408986715134233,No
9833,0.017941107973456383,No
9834,0.0003731332835741341,No
9835,0.9956271052360535,Yes
9836,0.00020649882208090276,No
9837,0.8183831572532654,Yes
9838,0.0002701036282815039,No
9839,0.9985448122024536,Yes
9840,0.0010280078276991844,No
9841,0.8237850069999695,Yes
9842,0.00034301471896469593,No
9843,0.07079622894525528,No
9844,0.0006443904712796211,No
9845,0.03125869855284691,No
9846,0.0004302007146179676,No
9847,0.9966795444488525,Yes
9848,0.0003001040604431182,No
9849,0.9108961224555969,Yes
9850,0.002214381704106927,No
9851,0.9271880388259888,Yes
9852,0.00037342155701480806,No
9853,0.3919028639793396,No
9854,0.0001358062436338514,No
9855,0.00772925466299057,No
9856,8.428339788224548e-05,No
9857,0.03703803941607475,No
9858,0.00020510805188678205,No
9859,0.1999482661485672,No
9860,0.00012707502173725516,No
9861,0.19144536554813385,No
9862,0.00015185233496595174,No
9863,0.9046472311019897,Yes
9864,0.0001909299026010558,No
9865,0.8640745282173157,Yes
9866,9.607442189007998e-05,No
9867,0.053140878677368164,No
9868,0.00014705023204442114,No
9869,0.09554260224103928,No
9870,0.00017806045070756227,No
9871,0.20669148862361908,No
9872,0.00016179615340661258,No
9873,0.05769762769341469,No
9874,9.545859938953072e-05,No
9875,0.9898056983947754,Yes
9876,0.00028114570886828005,No
9877,0.9564408659934998,Yes
9878,0.00012686960690189153,No
9879,0.03057440184056759,No
9880,0.00015097401046659797,No
9881,0.9398417472839355,Yes
9882,0.00019018309831153601,No
9883,0.27584144473075867,No
9884,0.00016036791203077883,No
9885,0.7266051173210144,Yes
9886,0.0001367923541693017,No
9887,0.9011845588684082,Yes
9888,0.00040726791485212743,No
9889,0.9702085256576538,Yes
9890,0.00021454152010846883,No
9891,0.012914003804326057,No
9892,0.00015798771346453577,No
9893,0.7317095994949341,Yes
9894,0.00033686976530589163,No
9895,0.17915168404579163,No
9896,0.00014323399227578193,No
9897,0.5122601985931396,Yes
9898,0.00013412089901976287,No
9899,0.9950233101844788,Yes
9900,0.00018456540419720113,No
9901,0.9813790917396545,Yes
9902,0.00011457294021965936,No
9903,0.47525402903556824,No
9904,0.0002842439280357212,No
9905,0.0629359632730484,No
9906,0.0003747920854948461,No
9907,0.9823707938194275,Yes
9908,0.00026019508368335664,No
9909,0.49065399169921875,No
9910,0.00023696709831710905,No
9911,0.947992742061615,Yes
9912,0.00047110809828154743,No
9913,0.9559555649757385,Yes
9914,0.0001613772619748488,No
9915,0.018395228311419487,No
9916,0.0001918261405080557,No
9917,0.05216783657670021,No
9918,0.00027017469983547926,No
9919,0.2733275294303894,No
9920,0.0002263997885165736,No
9921,0.40470823645591736,No
9922,0.00032774978899396956,No
9923,0.9856560230255127,Yes
9924,0.0007135396008379757,No
9925,0.9880499243736267,Yes
9926,0.00013277858670335263,No
9927,0.029842810705304146,No
9928,0.00029313054983504117,No
9929,0.9541177153587341,Yes
9930,0.0003640229697339237,No
9931,0.4555632770061493,No
9932,0.00014536698290612549,No
9933,0.26960432529449463,No
9934,0.00019422467448748648,No
9935,0.9792596697807312,Yes
9936,0.00025235163047909737,No
9937,0.949532687664032,Yes
9938,0.00015884809545241296,No
9939,0.06669870764017105,No
9940,0.00027154621784575284,No
9941,0.9569353461265564,Yes
9942,0.0001386377407470718,No
9943,0.1482696831226349,No
9944,0.0003268152067903429,No
9945,0.780590295791626,Yes
9946,0.0001219326804857701,No
9947,0.9378014802932739,Yes
9948,0.0005521143320947886,No
9949,0.9654728174209595,Yes
9950,0.0002444851561449468,No
9951,0.8963360786437988,Yes
9952,0.00024133469560183585,No
9953,0.9863811731338501,Yes
9954,0.00020328657410573214,No
9955,0.5817968845367432,Yes
9956,0.0001513588213128969,No
9957,0.7982345819473267,Yes
9958,0.00022317643743008375,No
9959,0.8936983942985535,Yes
9960,0.0002830663579516113,No
9961,0.9986469149589539,Yes
9962,0.00023015867918729782,No
9963,0.02160468138754368,No
9964,0.00013922725338488817,No
9965,0.004801314789801836,No
9966,0.000329491711454466,No
9967,0.10528215020895004,No
9968,0.00039481002022512257,No
9969,0.35315123200416565,No
9970,0.0003559340548235923,No
9971,0.9988024830818176,Yes
9972,0.00029840299976058304,No
9973,0.10638494789600372,No
9974,0.000164468539878726,No
9975,0.06644398719072342,No
9976,0.000155956280650571,No
9977,0.008672928437590599,No
9978,0.00045822933316230774,No
9979,0.036501847207546234,No
9980,0.0004115581978112459,No
9981,0.16946545243263245,No
9982,0.0003975743893533945,No
9983,0.8491263389587402,Yes
9984,0.00023630971554666758,No
9985,0.6329763531684875,Yes
9986,0.00010816122812684625,No
9987,0.9991276860237122,Yes
9988,0.0001268573832930997,No
9989,0.9916603565216064,Yes
9990,0.00029944171546958387,No
9991,0.9991325736045837,Yes
9992,0.00019105253159068525,No
9993,0.8346313238143921,Yes
9994,0.0003825163294095546,No
9995,0.9328904151916504,Yes
9996,0.00024780360399745405,No
9997,0.999088704586029,Yes
9998,0.00018861681746784598,No
9999,0.022180238738656044,No
10000,6.418059638235718e-05,No
10001,0.9309585094451904,Yes
10002,0.00026061420794576406,No
10003,0.060730550438165665,No
10004,0.00023100436374079436,No
10005,0.4048287272453308,No
10006,0.00045306040556170046,No
10007,0.979296088218689,Yes
10008,0.0002546280447859317,No
10009,0.994022786617279,Yes
10010,0.00015230520511977375,No
10011,0.24162466824054718,No
10012,0.00013934016169514507,No
10013,0.007699025794863701,No
10014,0.00022292298672255129,No
10015,0.9978994131088257,Yes
10016,0.00015317491488531232,No
10017,0.8867446780204773,Yes
10018,0.0002647465153131634,No
10019,0.9994556903839111,Yes
10020,0.0002909660979639739,No
10021,0.805051326751709,Yes
10022,0.00014155925600789487,No
10023,0.12180539965629578,No
10024,0.0001375264546368271,No
10025,0.008988470770418644,No
10026,0.00035111719626002014,No
10027,0.9993090629577637,Yes
10028,0.00021087795903440565,No
10029,0.8566317558288574,Yes
10030,0.0003868674684781581,No
10031,0.9853962063789368,Yes
10032,6.557928281836212e-05,No
10033,0.5677222013473511,Yes
10034,3.6605179047910497e-05,No
10035,0.016405275091528893,No
10036,4.51444138889201e-05,No
10037,0.032940302044153214,No
10038,0.0001240110577782616,No
10039,0.1637616604566574,No
10040,5.9139598306501284e-05,No
10041,0.3296898305416107,No
10042,9.741557732922956e-05,No
10043,0.985716700553894,Yes
10044,4.4056658225599676e-05,No
10045,0.9134489893913269,Yes
10046,4.913132943329401e-05,No
10047,0.22367797791957855,No
10048,4.820374306291342e-05,No
10049,0.025098789483308792,No
10050,0.00013517009210772812,No
10051,0.15928570926189423,No
10052,6.306399154709652e-05,No
10053,0.17029215395450592,No
10054,4.877117680734955e-05,No
10055,0.9979774355888367,Yes
10056,0.00019842169422190636,No
10057,0.9891913533210754,Yes
10058,5.225306813372299e-05,No
10059,0.3190416693687439,No
10060,5.022452023695223e-05,No
10061,0.9139407277107239,Yes
10062,0.00011358399933669716,No
10063,0.3793216645717621,No
10064,7.589950109831989e-05,No
10065,0.7266579270362854,Yes
10066,9.336238872492686e-05,No
10067,0.978632390499115,Yes
10068,0.00014417247439268976,No
10069,0.9870375394821167,Yes
10070,5.42914895049762e-05,No
10071,0.008459910750389099,No
10072,5.624329060083255e-05,No
10073,0.6544462442398071,Yes
10074,0.00010455766459926963,No
10075,0.1236543208360672,No
10076,9.230169234797359e-05,No
10077,0.7938147187232971,Yes
10078,0.0001303371973335743,No
10079,0.9994809627532959,Yes
10080,7.889783591963351e-05,No
10081,0.9879231452941895,Yes
10082,5.5850541684776545e-05,No
10083,0.8879032135009766,Yes
10084,4.595772043103352e-05,No
10085,0.014745901338756084,No
10086,0.0003286789869889617,No
10087,0.981782078742981,Yes
10088,0.00015328879817388952,No
10089,0.6690042018890381,Yes
10090,0.00017726828809827566,No
10091,0.9667417407035828,Yes
10092,0.0001786683569662273,No
10093,0.9895531535148621,Yes
10094,4.3054864363512024e-05,No
10095,0.04872354120016098,No
10096,5.125711686559953e-05,No
10097,0.04617832228541374,No
10098,0.00015895918477326632,No
10099,0.31681492924690247,No
10100,0.00014553693472407758,No
10101,0.20391729474067688,No
10102,0.00010632927296683192,No
10103,0.9987995028495789,Yes
10104,0.000134792979224585,No
10105,0.9919116497039795,Yes
10106,6.152681453386322e-05,No
10107,0.21117451786994934,No
10108,8.541320858057588e-05,No
10109,0.916235625743866,Yes
10110,0.00014380880747921765,No
10111,0.4387733042240143,No
10112,6.111757829785347e-05,No
10113,0.4947052001953125,No
10114,7.131987513275817e-05,No
10115,0.9951654672622681,Yes
10116,9.739122469909489e-05,No
10117,0.9882815480232239,Yes
10118,6.420575664378703e-05,No
10119,0.23076710104942322,No
10120,9.633907029638067e-05,No
10121,0.869017481803894,Yes
10122,9.698318172013387e-05,No
10123,0.10099854320287704,No
10124,9.517819853499532e-05,No
10125,0.7474336624145508,Yes
10126,0.00012739522207994014,No
10127,0.9920502305030823,Yes
10128,0.00025049183750525117,No
10129,0.9877722859382629,Yes
10130,0.0001409243996022269,No
10131,0.9599722623825073,Yes
10132,6.630132702412084e-05,No
10133,0.9864005446434021,Yes
10134,9.184805094264448e-05,No
10135,0.6880561113357544,Yes
10136,0.00015444005839526653,No
10137,0.8108468651771545,Yes
10138,0.00010693119111238047,No
10139,0.990699291229248,Yes
10140,0.0005802003433927894,No
10141,0.9966716766357422,Yes
10142,0.0005857985815964639,No
10143,0.017037225887179375,No
10144,0.00038689994835294783,No
10145,0.022135000675916672,No
10146,0.001076504006050527,No
10147,0.13402463495731354,No
10148,0.0005692990962415934,No
10149,0.48032182455062866,No
10150,0.00030569039518013597,No
10151,0.9981398582458496,Yes
10152,0.0006958152516745031,No
10153,0.11922141164541245,No
10154,0.0003977993910666555,No
10155,0.06939613074064255,No
10156,0.0006130309775471687,No
10157,0.01775047369301319,No
10158,0.0008982804720290005,No
10159,0.12395048886537552,No
10160,0.00043887735228054225,No
10161,0.12673915922641754,No
10162,0.0008747835527174175,No
10163,0.8429829478263855,Yes
10164,0.0007732450030744076,No
10165,0.6860629916191101,Yes
10166,0.0002568911004345864,No
10167,0.9927976727485657,Yes
10168,0.00024859694531187415,No
10169,0.9934173822402954,Yes
10170,0.000834093545563519,No
10171,0.9981802701950073,Yes
10172,0.000518840504810214,No
10173,0.8660624623298645,Yes
10174,0.0013197564985603094,No
10175,0.8982354998588562,Yes
10176,0.0007804446504451334,No
10177,0.9959359765052795,Yes
10178,0.0005925619625486434,No
10179,0.022709311917424202,No
10180,9.456817497266456e-05,No
10181,0.9860846996307373,Yes
10182,0.0009512946126051247,No
10183,0.25733816623687744,No
10184,0.00044697950943373144,No
10185,0.715863049030304,Yes
10186,0.0007705132593400776,No
10187,0.9001723527908325,Yes
10188,0.0003850774955935776,No
10189,0.9867874383926392,Yes
10190,0.0003201786894351244,No
10191,0.05422302335500717,No
10192,0.0004237336106598377,No
10193,0.021854184567928314,No
10194,0.0007598357042297721,No
10195,0.9985331296920776,Yes
10196,0.0003304558922536671,No
10197,0.6615766286849976,Yes
10198,0.00030757146305404603,No
10199,0.999259352684021,Yes
10200,0.0005215111305005848,No
10201,0.6285566091537476,Yes
10202,0.0003305933205410838,No
10203,0.06589094549417496,No
10204,0.00042795424815267324,No
10205,0.040000345557928085,No
10206,0.0014076713705435395,No
10207,0.9983450174331665,Yes
10208,0.00041928855353035033,No
10209,0.9115883111953735,Yes
10210,0.0008859866647981107,No
10211,0.9308093190193176,Yes
10212,0.0003075480635743588,No
10213,0.23268486559391022,No
10214,0.00015281526430044323,No
10215,0.011885472573339939,No
10216,0.00012376155063975602,No
10217,0.0446629673242569,No
10218,0.0003055100969504565,No
10219,0.21928028762340546,No
10220,6.533416308229789e-05,No
10221,0.31874871253967285,No
10222,0.00023362487263511866,No
10223,0.9457076787948608,Yes
10224,0.00012759389937855303,No
10225,0.8697925209999084,Yes
10226,0.0001932532322825864,No
10227,0.01907801441848278,No
10228,0.00018836316303350031,No
10229,0.050291210412979126,No
10230,0.00014681507309433073,No
10231,0.32453662157058716,No
10232,0.0001610639737918973,No
10233,0.0693492665886879,No
10234,0.00011077619274146855,No
10235,0.9971485137939453,Yes
10236,0.0003674346662592143,No
10237,0.9088475108146667,Yes
10238,0.00017053366173058748,No
10239,0.05420004576444626,No
10240,6.57833443256095e-05,No
10241,0.9446725845336914,Yes
10242,0.000313019409077242,No
10243,0.6983022689819336,Yes
10244,0.00013324615429155529,No
10245,0.8961136937141418,Yes
10246,0.0001833350252127275,No
10247,0.8383393287658691,Yes
10248,0.0005150533397682011,No
10249,0.9855040907859802,Yes
10250,0.00016187384608201683,No
10251,0.004074611701071262,No
10252,0.0001554511982249096,No
10253,0.7403347492218018,Yes
10254,0.0003226618282496929,No
10255,0.4013371467590332,No
10256,0.00010137134086107835,No
10257,0.6271020174026489,Yes
10258,0.00011308546527288854,No
10259,0.9981614351272583,Yes
10260,7.909857231425121e-05,No
10261,0.9789133667945862,Yes
10262,0.00015376650844700634,No
10263,0.16217415034770966,No
10264,0.00020615397079382092,No
10265,0.09643319249153137,No
10266,0.0006252178573049605,No
10267,0.9911485910415649,Yes
10268,0.0002569024218246341,No
10269,0.6504221558570862,Yes
10270,0.00014621522859670222,No
10271,0.9811145067214966,Yes
10272,0.0004897938342764974,No
10273,0.9426236152648926,Yes
10274,0.00016172483447007835,No
10275,0.028168808668851852,No
10276,0.0001591725740581751,No
10277,0.09467238932847977,No
10278,0.0002897811937145889,No
10279,0.4916704595088959,No
10280,0.00012719997903332114,No
10281,0.46434369683265686,No
10282,0.00018956036365125328,No
10283,0.9850150942802429,Yes
10284,0.00041638893890194595,No
10285,0.9898980855941772,Yes
10286,0.00020484304695855826,No
10287,0.008607445284724236,No
10288,0.00025770877255126834,No
10289,0.9623123407363892,Yes
10290,0.0002257589512737468,No
10291,0.2160845845937729,No
10292,0.00013953924644738436,No
10293,0.49570444226264954,No
10294,0.00018425140297040343,No
10295,0.9907146692276001,Yes
10296,0.00018341734539717436,No
10297,0.7671547532081604,Yes
10298,0.00022796541452407837,No
10299,0.025646323338150978,No
10300,0.00014765505329705775,No
10301,0.9568178057670593,Yes
10302,0.00013391328684519976,No
10303,0.5501424670219421,Yes
10304,0.00019555442850105464,No
10305,0.6794530749320984,Yes
10306,0.000173994354554452,No
10307,0.9114471673965454,Yes
10308,0.00047827899106778204,No
10309,0.9525780081748962,Yes
10310,0.00010871701670112088,No
10311,0.6971238851547241,Yes
10312,0.00015524361515417695,No
10313,0.9892538189888,Yes
10314,0.0001897480251500383,No
10315,0.8868255019187927,Yes
10316,0.00018751223979052156,No
10317,0.6583212018013,Yes
10318,0.00022323969460558146,No
10319,0.9456738233566284,Yes
10320,0.0004328954091761261,No
10321,0.9983922243118286,Yes
10322,0.00041386124212294817,No
10323,0.03434135019779205,No
10324,0.00043197014019824564,No
10325,0.05613783746957779,No
10326,0.0008522192947566509,No
10327,0.29900211095809937,No
10328,0.0005782273365184665,No
10329,0.2866310179233551,No
10330,0.0003877978306263685,No
10331,0.9982901215553284,Yes
10332,0.0006152385612949729,No
10333,0.5150787234306335,Yes
10334,0.0002851046738214791,No
10335,0.345706045627594,No
10336,0.00039646081859245896,No
10337,0.04232868552207947,No
10338,0.0011990625644102693,No
10339,0.18097391724586487,No
10340,0.0005533866351470351,No
10341,0.2260677069425583,No
10342,0.0008966661989688873,No
10343,0.9337987899780273,Yes
10344,0.0008379473001696169,No
10345,0.9514948725700378,Yes
10346,0.00016097367915790528,No
10347,0.9976722598075867,Yes
10348,0.00018607791571412235,No
10349,0.9959906339645386,Yes
10350,0.0004460517375264317,No
10351,0.998894214630127,Yes
10352,0.0003865712496917695,No
10353,0.6259918212890625,Yes
10354,0.0009093721164390445,No
10355,0.992439866065979,Yes
10356,0.0006178297335281968,No
10357,0.9983285069465637,Yes
10358,0.00029489051667042077,No
10359,0.06870865821838379,No
10360,8.881311805453151e-05,No
10361,0.9780460000038147,Yes
10362,0.0007254870142787695,No
10363,0.3658694922924042,No
10364,0.0006737594376318157,No
10365,0.5537514090538025,Yes
10366,0.001011574175208807,No
10367,0.9894663095474243,Yes
10368,0.00042959931306540966,No
10369,0.9962749481201172,Yes
10370,0.00023063403205014765,No
10371,0.38992559909820557,No
10372,0.00030359640368260443,No
10373,0.043493449687957764,No
10374,0.0008709179237484932,No
10375,0.998590886592865,Yes
10376,0.00033104512840509415,No
10377,0.8224427700042725,Yes
10378,0.0004775337583851069,No
10379,0.999215841293335,Yes
10380,0.0006274143815971911,No
10381,0.9548623561859131,Yes
10382,0.0002324440429219976,No
10383,0.148598313331604,No
10384,0.00041867353138513863,No
10385,0.1351952850818634,No
10386,0.0009472154779359698,No
10387,0.9989302754402161,Yes
10388,0.0005674493731930852,No
10389,0.7270050048828125,Yes
10390,0.0006921327440068126,No
10391,0.9936804175376892,Yes
10392,0.0002227273944299668,No
10393,0.727838397026062,Yes
10394,9.82100100372918e-05,No
10395,0.05229797214269638,No
10396,0.00016069809498731047,No
10397,0.1385592222213745,No
10398,0.0002806436095852405,No
10399,0.4509093165397644,No
10400,7.042676588753238e-05,No
10401,0.22616000473499298,No
10402,0.0003968416713178158,No
10403,0.9833838939666748,Yes
10404,0.00013826554641127586,No
10405,0.9645789861679077,Yes
10406,0.00011814510071417317,No
10407,0.12081862986087799,No
10408,0.0001382615591865033,No
10409,0.18699036538600922,No
10410,0.00024300946097355336,No
10411,0.40317481756210327,No
10412,0.000149488914757967,No
10413,0.16132977604866028,No
10414,0.00019663592684082687,No
10415,0.997606635093689,Yes
10416,0.0004591755860019475,No
10417,0.9791366457939148,Yes
10418,0.00011067763261962682,No
10419,0.22090408205986023,No
10420,0.00010307144839316607,No
10421,0.9708470106124878,Yes
10422,0.0002669165551196784,No
10423,0.7184655070304871,Yes
10424,0.0002629492082633078,No
10425,0.5963996052742004,Yes
10426,0.00028179187211208045,No
10427,0.9777933359146118,Yes
10428,0.00033741770312190056,No
10429,0.9894250631332397,Yes
10430,8.735807932680473e-05,No
10431,0.033981502056121826,No
10432,0.00018382926646154374,No
10433,0.9307337403297424,Yes
10434,0.00031117507023736835,No
10435,0.5259339213371277,Yes
10436,0.00016257625247817487,No
10437,0.4566115140914917,No
10438,0.0003384130250196904,No
10439,0.9991496205329895,Yes
10440,0.00013118781498633325,No
10441,0.992315948009491,Yes
10442,0.00010837734589586034,No
10443,0.7851689457893372,Yes
10444,0.00016369321383535862,No
10445,0.1441797912120819,No
10446,0.001088457996957004,No
10447,0.9885401129722595,Yes
10448,0.0002843593538273126,No
10449,0.5041735768318176,Yes
10450,0.0003066085046157241,No
10451,0.9797530174255371,Yes
10452,0.000495755288284272,No
10453,0.9919849634170532,Yes
10454,9.506817150395364e-05,No
10455,0.10210834443569183,No
10456,0.000133918845676817,No
10457,0.13638579845428467,No
10458,0.0004006654198747128,No
10459,0.612484872341156,Yes
10460,0.0002233629347756505,No
10461,0.1251886487007141,No
10462,0.00026960301329381764,No
10463,0.9985387921333313,Yes
10464,0.0004142789985053241,No
10465,0.994362473487854,Yes
10466,0.00012817446258850396,No
10467,0.12240079790353775,No
10468,0.0002777949848677963,No
10469,0.966864287853241,Yes
10470,0.0002267216332256794,No
10471,0.7227562069892883,Yes
10472,0.00013941818906459957,No
10473,0.38531747460365295,No
10474,0.0002930463815573603,No
10475,0.9967508316040039,Yes
10476,0.0001999182568397373,No
10477,0.9808011651039124,Yes
10478,0.00012426599278114736,No
10479,0.10453291982412338,No
10480,0.0001804559724405408,No
10481,0.9685168862342834,Yes
10482,0.0002306140522705391,No
10483,0.522005558013916,Yes
10484,0.000281117478152737,No
10485,0.8000972867012024,Yes
10486,0.00035333249252289534,No
10487,0.9859280586242676,Yes
10488,0.0005395939806476235,No
10489,0.9854596853256226,Yes
10490,0.00015033331874292344,No
10491,0.9491406083106995,Yes
10492,0.00014538681716658175,No
10493,0.9926192760467529,Yes
10494,0.00034948179381899536,No
10495,0.9382861256599426,Yes
10496,0.0004134989285375923,No
10497,0.37826046347618103,No
10498,0.00030151059036143124,No
10499,0.9945700764656067,Yes
10500,0.00033293251181021333,No
10501,0.9994744658470154,Yes
10502,0.0002625000197440386,No
10503,0.04029072821140289,No
10504,0.0002320613421034068,No
10505,0.008296205662190914,No
10506,0.0005234801792539656,No
10507,0.26763394474983215,No
10508,0.0008727475069463253,No
10509,0.6986070275306702,Yes
10510,0.00044213092769496143,No
10511,0.9994533061981201,Yes
10512,0.00047372636618092656,No
10513,0.6832799315452576,Yes
10514,0.0003130378609057516,No
10515,0.1321621686220169,No
10516,0.0002095573436236009,No
10517,0.012957912869751453,No
10518,0.0007767064380459487,No
10519,0.2669847309589386,No
10520,0.0006373287760652602,No
10521,0.47091376781463623,No
10522,0.0007215620717033744,No
10523,0.9299365878105164,Yes
10524,0.0005318045150488615,No
10525,0.9096064567565918,Yes
10526,0.00019998011703137308,No
10527,0.9989495277404785,Yes
10528,0.00020143236906733364,No
10529,0.9981680512428284,Yes
10530,0.0004747617640532553,No
10531,0.9998182654380798,Yes
10532,0.00022643229749519378,No
10533,0.9774956703186035,Yes
10534,0.0009230027790181339,No
10535,0.9723799228668213,Yes
10536,0.00036669609835371375,No
10537,0.999178409576416,Yes
10538,0.00035341005423106253,No
10539,0.028656162321567535,No
10540,6.871835648780689e-05,No
10541,0.9899349212646484,Yes
10542,0.0003821287536993623,No
10543,0.4905184209346771,No
10544,0.0008327774703502655,No
10545,0.7634077072143555,Yes
10546,0.0007110248552635312,No
10547,0.9685079455375671,Yes
10548,0.0004153260379098356,No
10549,0.9989116191864014,Yes
10550,0.0002800404909066856,No
10551,0.3829663395881653,No
10552,0.00017108545580413193,No
10553,0.011302824132144451,No
10554,0.0005810031434521079,No
10555,0.9997013807296753,Yes
10556,0.00030609939130954444,No
10557,0.9328522086143494,Yes
10558,0.0005778339109383523,No
10559,0.9996573328971863,Yes
10560,0.00038892330485396087,No
10561,0.9800091981887817,Yes
10562,0.00021422977442853153,No
10563,0.2457578480243683,No
10564,0.0002453321940265596,No
10565,0.011212324723601341,No
10566,0.0005643222248181701,No
10567,0.9996301531791687,Yes
10568,0.0002602092281449586,No
10569,0.9730591773986816,Yes
10570,0.0008479799726046622,No
10571,0.9927268028259277,Yes
10572,0.00015043211169540882,No
10573,0.9856011867523193,Yes
10574,6.670429866062477e-05,No
10575,0.07161194831132889,No
10576,6.478370050899684e-05,No
10577,0.08969417214393616,No
10578,0.0001622041454538703,No
10579,0.7082802057266235,Yes
10580,9.886531915981323e-05,No
10581,0.868194043636322,Yes
10582,0.00021994112466927618,No
10583,0.997516930103302,Yes
10584,0.00012832382344640791,No
10585,0.9950814843177795,Yes
10586,9.731698810355738e-05,No
10587,0.24929551780223846,No
10588,7.130808808142319e-05,No
10589,0.2196757048368454,No
10590,0.00015724390686955303,No
10591,0.8711958527565002,Yes
10592,0.00019878035527653992,No
10593,0.8160415887832642,Yes
10594,0.0001264116435777396,No
10595,0.9994293451309204,Yes
10596,0.0005730851553380489,No
10597,0.9959650635719299,Yes
10598,0.00010426666995044798,No
10599,0.458737850189209,No
10600,6.152600690256804e-05,No
10601,0.9876991510391235,Yes
10602,0.0001440670166630298,No
10603,0.9631991982460022,Yes
10604,0.00015951012028381228,No
10605,0.9508324265480042,Yes
10606,0.0002160839067073539,No
10607,0.9942751526832581,Yes
10608,0.00022557441843673587,No
10609,0.9978232383728027,Yes
10610,7.106769771780819e-05,No
10611,0.028367720544338226,No
10612,8.808368147583678e-05,No
10613,0.9187528491020203,Yes
10614,0.0001838586467783898,No
10615,0.5913165211677551,Yes
10616,0.0002527766046114266,No
10617,0.9185608625411987,Yes
10618,0.00015305523993447423,No
10619,0.9996826648712158,Yes
10620,0.00015812470519449562,No
10621,0.9991791248321533,Yes
10622,0.00011403942335164174,No
10623,0.95029616355896,Yes
10624,6.701950769638643e-05,No
10625,0.04616487771272659,No
10626,0.0008201573509722948,No
10627,0.9976218342781067,Yes
10628,0.0003783544816542417,No
10629,0.8877859711647034,Yes
10630,0.0002395262272330001,No
10631,0.9974368810653687,Yes
10632,0.0005702549824491143,No
10633,0.9983482360839844,Yes
10634,9.37443328439258e-05,No
10635,0.23485761880874634,No
10636,6.394676165655255e-05,No
10637,0.14355255663394928,No
10638,0.0002011971373576671,No
10639,0.8823068737983704,Yes
10640,0.00016583927208557725,No
10641,0.841779351234436,Yes
10642,0.0002186899073421955,No
10643,0.9991593360900879,Yes
10644,0.00028560953796841204,No
10645,0.998515784740448,Yes
10646,9.567078086547554e-05,No
10647,0.1274438053369522,No
10648,0.00010774647671496496,No
10649,0.9710033535957336,Yes
10650,0.00013630796456709504,No
10651,0.9480366110801697,Yes
10652,0.00017988761828746647,No
10653,0.9854069948196411,Yes
10654,0.0001846242812462151,No
10655,0.9981958866119385,Yes
10656,0.0002649266680236906,No
10657,0.9952232241630554,Yes
10658,0.00013037845201324672,No
10659,0.2130603790283203,No
10660,9.829958435148001e-05,No
10661,0.9834380745887756,Yes
10662,0.00013063249934930354,No
10663,0.8636467456817627,Yes
10664,0.0002464978024363518,No
10665,0.885332465171814,Yes
10666,0.000395947223296389,No
10667,0.991301953792572,Yes
10668,0.00051130261272192,No
10669,0.9944771528244019,Yes
10670,0.0002253386192023754,No
10671,0.9901821613311768,Yes
10672,0.00010842379560926929,No
10673,0.9939473271369934,Yes
10674,0.00015639369667042047,No
10675,0.9426703453063965,Yes
10676,0.00024853184004314244,No
10677,0.877213180065155,Yes
10678,0.00021161523181945086,No
10679,0.9972402453422546,Yes
10680,0.0012172693386673927,No
10681,0.9993314146995544,Yes
10682,0.0011860672384500504,No
10683,0.06658085435628891,No
10684,0.0005124906310811639,No
10685,0.048905111849308014,No
10686,0.0016616033390164375,No
10687,0.8884705901145935,Yes
10688,0.0014543323777616024,No
10689,0.8457871079444885,Yes
10690,0.000974587572272867,No
10691,0.999247133731842,Yes
10692,0.001438081031665206,No
10693,0.9266002178192139,Yes
10694,0.000713666551746428,No
10695,0.4445972442626953,No
10696,0.0004442320787347853,No
10697,0.07358095794916153,No
10698,0.0022334298118948936,No
10699,0.8694860339164734,Yes
10700,0.0014641577145084739,No
10701,0.5691066980361938,Yes
10702,0.0017650974914431572,No
10703,0.9809688329696655,Yes
10704,0.0014707139926031232,No
10705,0.9922652244567871,Yes
10706,0.0003407097246963531,No
10707,0.9995067715644836,Yes
10708,0.0005163662717677653,No
10709,0.99826979637146,Yes
10710,0.002152137691155076,No
10711,0.999775767326355,Yes
10712,0.0008199581643566489,No
10713,0.9117003679275513,Yes
10714,0.002245499286800623,No
10715,0.9956672787666321,Yes
10716,0.0008437582291662693,No
10717,0.999516487121582,Yes
10718,0.0008415734628215432,No
10719,0.10046789050102234,No
10720,0.0002869312302209437,No
10721,0.9971182346343994,Yes
10722,0.0032763571944087744,No
10723,0.7272101640701294,Yes
10724,0.0016050005797296762,No
10725,0.8913887143135071,Yes
10726,0.0012443821178749204,No
10727,0.9953013062477112,Yes
10728,0.0012740930542349815,No
10729,0.9992781281471252,Yes
10730,0.0006616396713070571,No
10731,0.3423072397708893,No
10732,0.0006759714451618493,No
10733,0.04810401797294617,No
10734,0.0031098593026399612,No
10735,0.9997915029525757,Yes
10736,0.0007549807196483016,No
10737,0.9840489625930786,Yes
10738,0.0010203317506238818,No
10739,0.999492347240448,Yes
10740,0.0012835763627663255,No
10741,0.9917933344841003,Yes
10742,0.0009041471057571471,No
10743,0.31111007928848267,No
10744,0.0006390096968971193,No
10745,0.04414002224802971,No
10746,0.002445969730615616,No
10747,0.9997791647911072,Yes
10748,0.0007434797007590532,No
10749,0.9677465558052063,Yes
10750,0.0020170111674815416,No
10751,0.9970714449882507,Yes
10752,0.0004432767746038735,No
10753,0.9845750331878662,Yes
10754,0.00017657339049037546,No
10755,0.25302377343177795,No
10756,0.00020028316066600382,No
10757,0.7750317454338074,Yes
10758,0.0004207672900520265,No
10759,0.9363483786582947,Yes
10760,0.00019270727352704853,No
10761,0.8512728810310364,Yes
10762,0.0008517169626429677,No
10763,0.9985955357551575,Yes
10764,0.00028359395219013095,No
10765,0.9987534284591675,Yes
10766,0.00018192263087257743,No
10767,0.3363884389400482,No
10768,0.00018302261014468968,No
10769,0.7388451099395752,Yes
10770,0.0009551154798828065,No
10771,0.9421610236167908,Yes
10772,0.0005789397400803864,No
10773,0.6636969447135925,Yes
10774,0.000392429152270779,No
10775,0.9994789958000183,Yes
10776,0.00100339122582227,No
10777,0.9982495903968811,Yes
10778,0.00021245995594654232,No
10779,0.5901417136192322,Yes
10780,0.0005284095532260835,No
10781,0.9946110844612122,Yes
10782,0.000611830793786794,No
10783,0.9825937747955322,Yes
10784,0.0004537111963145435,No
10785,0.91826331615448,Yes
10786,0.0005109504563733935,No
10787,0.9975417852401733,Yes
10788,0.0004327190399635583,No
10789,0.9986269474029541,Yes
10790,0.0002677953743841499,No
10791,0.11252108216285706,No
10792,0.000565625261515379,No
10793,0.9808467030525208,Yes
10794,0.0005166357150301337,No
10795,0.968548595905304,Yes
10796,0.00035811986890621483,No
10797,0.8477585911750793,Yes
10798,0.0006637350306846201,No
10799,0.9996151328086853,Yes
10800,0.0005300644552335143,No
10801,0.9992786645889282,Yes
10802,0.0004568488511722535,No
10803,0.9564869999885559,Yes
10804,0.00015851711214054376,No
10805,0.6839331984519958,Yes
10806,0.0023057807702571154,No
10807,0.9989572167396545,Yes
10808,0.0008647334761917591,No
10809,0.9152348637580872,Yes
10810,0.0009952993132174015,No
10811,0.9985082745552063,Yes
10812,0.002479233779013157,No
10813,0.9986738562583923,Yes
10814,0.00020965616567991674,No
10815,0.694770097732544,Yes
10816,0.00018398552492726594,No
10817,0.8526400327682495,Yes
10818,0.0004524758260231465,No
10819,0.9748003482818604,Yes
10820,0.0007036879542283714,No
10821,0.6184704899787903,Yes
10822,0.0009034573449753225,No
10823,0.9994807839393616,Yes
10824,0.0004491877625696361,No
10825,0.998985767364502,Yes
10826,0.00016179164231289178,No
10827,0.2096509337425232,No
10828,0.0002751192660070956,No
10829,0.9893435835838318,Yes
10830,0.0006200271309353411,No
10831,0.9721758365631104,Yes
10832,0.00030362579855136573,No
10833,0.9232684373855591,Yes
10834,0.0005032399785704911,No
10835,0.9991353154182434,Yes
10836,0.00034755203523673117,No
10837,0.9979243278503418,Yes
10838,0.0002461116237100214,No
10839,0.17689792811870575,No
10840,0.00033632206032052636,No
10841,0.9885040521621704,Yes
10842,0.0004867080715484917,No
10843,0.9095786809921265,Yes
10844,0.0004458630573935807,No
10845,0.9289805293083191,Yes
10846,0.0006467686616815627,No
10847,0.9972441792488098,Yes
10848,0.0008543393341824412,No
10849,0.9946809411048889,Yes
10850,0.0005961950519122183,No
10851,0.9863147735595703,Yes
10852,0.00040734748472459614,No
10853,0.9961361885070801,Yes
10854,0.00046784887672401965,No
10855,0.9956929683685303,Yes
10856,0.0004238042456563562,No
10857,0.8303754925727844,Yes
10858,0.0006199190975166857,No
10859,0.9981751441955566,Yes
10860,0.0010899628978222609,No
10861,0.9981807470321655,Yes
10862,0.0018510802183300257,No
10863,0.08012039959430695,No
10864,0.0007375095156021416,No
10865,0.11512231826782227,No
10866,0.0018296167254447937,No
10867,0.7365203499794006,Yes
10868,0.0006152747082524002,No
10869,0.9314634203910828,Yes
10870,0.0013430471299216151,No
10871,0.9985817074775696,Yes
10872,0.0014296117005869746,No
10873,0.7692341804504395,Yes
10874,0.0008377116173505783,No
10875,0.1036316528916359,No
10876,0.000758697628043592,No
10877,0.11910625547170639,No
10878,0.0012616278836503625,No
10879,0.7712070941925049,Yes
10880,0.000887497270014137,No
10881,0.8167997598648071,Yes
10882,0.0030714792665094137,No
10883,0.9441093802452087,Yes
10884,0.0013363426551222801,No
10885,0.9091501235961914,Yes
10886,0.0006472999812103808,No
10887,0.9992200136184692,Yes
10888,0.0004504159733187407,No
10889,0.997462272644043,Yes
10890,0.0028789490461349487,No
10891,0.998378336429596,Yes
10892,0.0006125468062236905,No
10893,0.9944736361503601,Yes
10894,0.004233591258525848,No
10895,0.9469265341758728,Yes
10896,0.0009382114512845874,No
10897,0.9983051419258118,Yes
10898,0.0016378056025132537,No
10899,0.11096199601888657,No
10900,0.00018651061691343784,No
10901,0.9980971813201904,Yes
10902,0.0014312255661934614,No
10903,0.5880535244941711,Yes
10904,0.0008972299401648343,No
10905,0.9545988440513611,Yes
10906,0.001941247726790607,No
10907,0.9750475287437439,Yes
10908,0.0008481783443130553,No
10909,0.9973163604736328,Yes
10910,0.0007316404371522367,No
10911,0.14519646763801575,No
10912,0.0006371558411046863,No
10913,0.09868577867746353,No
10914,0.0024767392314970493,No
10915,0.9985355138778687,Yes
10916,0.0005277699092403054,No
10917,0.9935795664787292,Yes
10918,0.003615767927840352,No
10919,0.9990149736404419,Yes
10920,0.0010366071946918964,No
10921,0.9431161284446716,Yes
10922,0.0008852769387885928,No
10923,0.3449731767177582,No
10924,0.0007611096953041852,No
10925,0.1762305200099945,No
10926,0.003577352501451969,No
10927,0.9991046786308289,Yes
10928,0.000892668089363724,No
10929,0.9929174780845642,Yes
10930,0.00399353913962841,No
10931,0.9690733551979065,Yes
10932,0.00037714949576184154,No
10933,0.8998613953590393,Yes
10934,0.0004429614928085357,No
10935,0.20091205835342407,No
10936,0.00018417168757878244,No
10937,0.8669209480285645,Yes
10938,0.0007992006139829755,No
10939,0.7570968270301819,Yes
10940,0.00017824598762672395,No
10941,0.9394460916519165,Yes
10942,0.0003966010408475995,No
10943,0.9885576367378235,Yes
10944,0.00029805427766405046,No
10945,0.9874193072319031,Yes
10946,0.0002236293366877362,No
10947,0.3675566017627716,No
10948,0.00023561737907584757,No
10949,0.8637974262237549,Yes
10950,0.0007644827128387988,No
10951,0.8408187031745911,Yes
10952,0.00036617161822505295,No
10953,0.9609662294387817,Yes
10954,0.0003055448760278523,No
10955,0.9991222023963928,Yes
10956,0.0005148689961060882,No
10957,0.9947453141212463,Yes
10958,0.0004028594121336937,No
10959,0.7447681427001953,Yes
10960,0.00013304049207363278,No
10961,0.997417688369751,Yes
10962,0.0007886777748353779,No
10963,0.8746819496154785,Yes
10964,0.0002845765557140112,No
10965,0.9930620193481445,Yes
10966,0.00032097220537252724,No
10967,0.9744470715522766,Yes
10968,0.0003957473672926426,No
10969,0.9967606663703918,Yes
10970,0.0004697101248893887,No
10971,0.1656152456998825,No
10972,0.0002835874038282782,No
10973,0.9947720170021057,Yes
10974,0.0014639231376349926,No
10975,0.8746137619018555,Yes
10976,0.0001574884372530505,No
10977,0.9918167591094971,Yes
10978,0.0003447209601290524,No
10979,0.9990746378898621,Yes
10980,0.00015884618915151805,No
10981,0.9983003735542297,Yes
10982,0.00021855017985217273,No
10983,0.980107307434082,Yes
10984,0.00040754463407211006,No
10985,0.8267976641654968,Yes
10986,0.0030395754147320986,No
10987,0.9981344938278198,Yes
10988,0.0003687575226649642,No
10989,0.9802976846694946,Yes
10990,0.0020953083876520395,No
10991,0.9957565665245056,Yes
10992,0.0007574371993541718,No
10993,0.9944972395896912,Yes
10994,0.0006392908398993313,No
10995,0.728140652179718,Yes
10996,0.0002563839079812169,No
10997,0.9363927245140076,Yes
10998,0.0012982698390260339,No
10999,0.9151939749717712,Yes
11000,0.00087191496277228,No
11001,0.9125539660453796,Yes
11002,0.0003889645740855485,No
11003,0.9982926249504089,Yes
11004,0.0007205044385045767,No
11005,0.9976373314857483,Yes
11006,0.00029276421992108226,No
11007,0.4734552204608917,No
11008,0.00029736969736404717,No
11009,0.9952759146690369,Yes
11010,0.0009821313433349133,No
11011,0.8999090194702148,Yes
11012,0.00017677608411759138,No
11013,0.9911350011825562,Yes
11014,0.0004021037311758846,No
11015,0.9952711462974548,Yes
11016,0.00042721856152638793,No
11017,0.9960615038871765,Yes
11018,0.00039023064891807735,No
11019,0.30046766996383667,No
11020,0.00022815576812718064,No
11021,0.9963545799255371,Yes
11022,0.00032490587909705937,No
11023,0.9126209616661072,Yes
11024,0.0004470506391953677,No
11025,0.993423581123352,Yes
11026,0.0004699065466411412,No
11027,0.9936140179634094,Yes
11028,0.0008765722159296274,No
11029,0.9921426773071289,Yes
11030,0.000310848728986457,No
11031,0.9953706860542297,Yes
11032,0.00026331417029723525,No
11033,0.9974605441093445,Yes
11034,0.0006899691070429981,No
11035,0.9768044352531433,Yes
11036,0.00021138075680937618,No
11037,0.9945957660675049,Yes
11038,0.0005704265204258263,No
11039,0.9868756532669067,Yes
11040,0.0005851992755196989,No
11041,0.9984180927276611,Yes
11042,0.0008437830838374794,No
11043,0.03352788835763931,No
11044,0.0003470569499768317,No
11045,0.007899920456111431,No
11046,0.0007381680188700557,No
11047,0.32384228706359863,No
11048,0.0006644302629865706,No
11049,0.5201455354690552,Yes
11050,0.0007154633640311658,No
11051,0.9992992877960205,Yes
11052,0.0005249921232461929,No
11053,0.5032780170440674,Yes
11054,0.0004040884377900511,No
11055,0.10164538770914078,No
11056,0.00026305747451260686,No
11057,0.014120160602033138,No
11058,0.000827956129796803,No
11059,0.3922402560710907,No
11060,0.0006680836086161435,No
11061,0.23967568576335907,No
11062,0.0007565445266664028,No
11063,0.9468488693237305,Yes
11064,0.00045110430801287293,No
11065,0.7971186637878418,Yes
11066,0.00045302361832000315,No
11067,0.9973256587982178,Yes
11068,0.00024787240545265377,No
11069,0.9922977685928345,Yes
11070,0.0017892513424158096,No
11071,0.9992985129356384,Yes
11072,0.000501002767123282,No
11073,0.9724943041801453,Yes
11074,0.0009217768674716353,No
11075,0.965607225894928,Yes
11076,0.00057091104099527,No
11077,0.9983465671539307,Yes
11078,0.0006679355283267796,No
11079,0.03632725775241852,No
11080,0.00025087877293117344,No
11081,0.9917590618133545,Yes
11082,0.0008830351289361715,No
11083,0.5528410077095032,Yes
11084,0.0004886008100584149,No
11085,0.6070177555084229,Yes
11086,0.000614109099842608,No
11087,0.9815284013748169,Yes
11088,0.0003675952320918441,No
11089,0.9964228272438049,Yes
11090,0.00031566087272949517,No
11091,0.26297345757484436,No
11092,0.000283004337688908,No
11093,0.016729095950722694,No
11094,0.0022864218335598707,No
11095,0.9991298913955688,Yes
11096,0.0005138050182722509,No
11097,0.9015090465545654,Yes
11098,0.0005910943145863712,No
11099,0.9995036721229553,Yes
11100,0.0003599580377340317,No
11101,0.9357045292854309,Yes
11102,0.0005154081154614687,No
11103,0.27023428678512573,No
11104,0.0002564183669164777,No
11105,0.011308841407299042,No
11106,0.0022011566907167435,No
11107,0.9990642070770264,Yes
11108,0.0003778658574447036,No
11109,0.97621750831604,Yes
11110,0.000820541346911341,No
11111,0.9767554402351379,Yes
11112,0.00022255306248553097,No
11113,0.7713412642478943,Yes
11114,0.0002127709740307182,No
11115,0.013774504885077477,No
11116,9.585839870851487e-05,No
11117,0.12482412159442902,No
11118,0.00028389657381922007,No
11119,0.28585273027420044,No
11120,9.817937097977847e-05,No
11121,0.8031338453292847,Yes
11122,0.00018189077673014253,No
11123,0.9873068928718567,Yes
11124,0.00017906569701153785,No
11125,0.9708014130592346,Yes
11126,0.00015503499889746308,No
11127,0.05511649325489998,No
11128,7.269559137057513e-05,No
11129,0.06083096191287041,No
11130,0.00033403257839381695,No
11131,0.7137197256088257,Yes
11132,0.00023398944176733494,No
11133,0.637197732925415,Yes
11134,0.00013659431715495884,No
11135,0.9988542199134827,Yes
11136,0.0005468064919114113,No
11137,0.9940288066864014,Yes
11138,0.0002023523993557319,No
11139,0.15464535355567932,No
11140,0.00010133327305084094,No
11141,0.9564054608345032,Yes
11142,0.00041407652315683663,No
11143,0.936106264591217,Yes
11144,0.00024028144252952188,No
11145,0.963524580001831,Yes
11146,0.00016917713219299912,No
11147,0.9802146553993225,Yes
11148,0.00026390067068859935,No
11149,0.9971067309379578,Yes
11150,0.0001419923937646672,No
11151,0.01886681467294693,No
11152,0.00019343297753948718,No
11153,0.9333047270774841,Yes
11154,0.00028957045287825167,No
11155,0.24228782951831818,No
11156,0.0001817328593460843,No
11157,0.9414955377578735,Yes
11158,9.786729060579091e-05,No
11159,0.9992497563362122,Yes
11160,9.657533519202843e-05,No
11161,0.9967355132102966,Yes
11162,0.0001894982560770586,No
11163,0.9535929560661316,Yes
11164,8.632076060166582e-05,No
11165,0.018009115010499954,No
11166,0.0014089642791077495,No
11167,0.9976682662963867,Yes
11168,0.0002902662381529808,No
11169,0.884093701839447,Yes
11170,0.0001804508501663804,No
11171,0.9881670475006104,Yes
11172,0.0007396581931971014,No
11173,0.9958184957504272,Yes
11174,0.0002287607203470543,No
11175,0.08570878207683563,No
11176,7.176293001975864e-05,No
11177,0.09605760872364044,No
11178,0.000323459564242512,No
11179,0.765048086643219,Yes
11180,0.00021873257355764508,No
11181,0.8810170888900757,Yes
11182,0.00018675130559131503,No
11183,0.998559832572937,Yes
11184,0.00046271394239738584,No
11185,0.9963415265083313,Yes
11186,0.0001376372092636302,No
11187,0.01834465190768242,No
11188,0.00012865976896137,No
11189,0.9836777448654175,Yes
11190,0.00025846852804534137,No
11191,0.44727823138237,No
11192,0.00016386009519919753,No
11193,0.8636930584907532,Yes
11194,0.0001507388660684228,No
11195,0.9950100779533386,Yes
11196,0.00012716313358396292,No
11197,0.9621627926826477,Yes
11198,0.00020099937682971358,No
11199,0.020923687145113945,No
11200,0.00011788817209890112,No
11201,0.9823970198631287,Yes
11202,0.0001740229781717062,No
11203,0.5562719702720642,Yes
11204,0.0003345533332321793,No
11205,0.7013993859291077,Yes
11206,0.0001564658450661227,No
11207,0.941638171672821,Yes
11208,0.00039290470886044204,No
11209,0.9819633364677429,Yes
11210,0.00017793333972804248,No
11211,0.9638127684593201,Yes
11212,0.00013899897749070078,No
11213,0.9934753775596619,Yes
11214,0.00030498922569677234,No
11215,0.8117058277130127,Yes
11216,0.0002566802140790969,No
11217,0.9508572220802307,Yes
11218,0.00019934267038479447,No
11219,0.9704685807228088,Yes
11220,0.0006499718292616308,No
11221,0.9977107048034668,Yes
11222,0.0006878299755044281,No
11223,0.03326328098773956,No
11224,0.0002936299715656787,No
11225,0.010209287516772747,No
11226,0.001917465589940548,No
11227,0.3306429088115692,No
11228,0.0008183657773770392,No
11229,0.9553054571151733,Yes
11230,0.00024919325369410217,No
11231,0.9983975291252136,Yes
11232,0.0005281848716549575,No
11233,0.8176167607307434,Yes
11234,0.0002941870770882815,No
11235,0.19352959096431732,No
11236,0.00035094571649096906,No
11237,0.008491644635796547,No
11238,0.0016036633169278502,No
11239,0.5450858473777771,Yes
11240,0.0008295491570606828,No
11241,0.964699923992157,Yes
11242,0.0015873683150857687,No
11243,0.9831074476242065,Yes
11244,0.0006925416528247297,No
11245,0.9722957015037537,Yes
11246,9.625256643630564e-05,No
11247,0.9984672665596008,Yes
11248,0.00010445267253089696,No
11249,0.9934768676757812,Yes
11250,0.000641773862298578,No
11251,0.998786449432373,Yes
11252,0.000520226894877851,No
11253,0.992741584777832,Yes
11254,0.0013951254077255726,No
11255,0.990430474281311,Yes
11256,0.000478551781270653,No
11257,0.9980384111404419,Yes
11258,0.0004369361558929086,No
11259,0.04279906675219536,No
11260,7.033251313259825e-05,No
11261,0.9932311177253723,Yes
11262,0.002040160819888115,No
11263,0.3355357348918915,No
11264,0.001056454610079527,No
11265,0.9755083322525024,Yes
11266,0.0007347286446020007,No
11267,0.9956711530685425,Yes
11268,0.0002013619669014588,No
11269,0.9976745843887329,Yes
11270,0.00036791013553738594,No
11271,0.12649407982826233,No
11272,0.00040389050263911486,No
11273,0.008677288889884949,No
11274,0.0005713257705792785,No
11275,0.9990827441215515,Yes
11276,0.0001781392638804391,No
11277,0.9866566061973572,Yes
11278,0.0005162239540368319,No
11279,0.99885493516922,Yes
11280,0.0007458677864633501,No
11281,0.9643251299858093,Yes
11282,0.0002503444848116487,No
11283,0.17786476016044617,No
11284,0.00024344482517335564,No
11285,0.01342849712818861,No
11286,0.0006900533335283399,No
11287,0.9987619519233704,Yes
11288,0.0005592169472947717,No
11289,0.9927662014961243,Yes
11290,0.0017681877361610532,No
11291,0.9936797618865967,Yes
11292,0.0004113634640816599,No
11293,0.9290772676467896,Yes
11294,0.0001701099972706288,No
11295,0.03220178559422493,No
11296,6.643558299401775e-05,No
11297,0.06891554594039917,No
11298,0.0010092875454574823,No
11299,0.8007656335830688,Yes
11300,0.00017266871873289347,No
11301,0.9701130986213684,Yes
11302,0.000331641873344779,No
11303,0.9938137531280518,Yes
11304,0.00017737668531481177,No
11305,0.9928579926490784,Yes
11306,0.00012893005623482168,No
11307,0.07067367434501648,No
11308,8.52390585350804e-05,No
11309,0.14828680455684662,No
11310,0.001020342344418168,No
11311,0.8695997595787048,Yes
11312,0.00016073383449111134,No
11313,0.9495931267738342,Yes
11314,0.00010897908214246854,No
11315,0.9985173940658569,Yes
11316,0.00045580865116789937,No
11317,0.9943795204162598,Yes
11318,0.00014733511488884687,No
11319,0.6767924427986145,Yes
11320,3.678378925542347e-05,No
11321,0.9868515133857727,Yes
11322,0.000573414727114141,No
11323,0.9305355548858643,Yes
11324,0.0002533916267566383,No
11325,0.9943887591362,Yes
11326,0.0002223421906819567,No
11327,0.9892762899398804,Yes
11328,0.0005265374202281237,No
11329,0.9983384013175964,Yes
11330,0.0002897616068366915,No
11331,0.01311388798058033,No
11332,0.00015424554294440895,No
11333,0.9736058712005615,Yes
11334,0.0010925030801445246,No
11335,0.868609607219696,Yes
11336,0.0002015989739447832,No
11337,0.9774391651153564,Yes
11338,0.00010299303539795801,No
11339,0.9986176490783691,Yes
11340,0.00014954552170820534,No
11341,0.9980515241622925,Yes
11342,0.0001306155027123168,No
11343,0.988249659538269,Yes
11344,9.524090273771435e-05,No
11345,0.21381963789463043,No
11346,0.0016576256603002548,No
11347,0.9967020750045776,Yes
11348,0.00016408826922997832,No
11349,0.9895182251930237,Yes
11350,0.0005833514151163399,No
11351,0.9946444630622864,Yes
11352,0.001438057399354875,No
11353,0.9961073398590088,Yes
11354,0.00012706905545201153,No
11355,0.43478602170944214,No
11356,5.170397344045341e-05,No
11357,0.0668921172618866,No
11358,0.0011446629650890827,No
11359,0.9302123188972473,Yes
11360,0.000592627446167171,No
11361,0.9326318502426147,Yes
11362,0.00040509519749321043,No
11363,0.9975275993347168,Yes
11364,0.0006739511154592037,No
11365,0.9964730739593506,Yes
11366,0.00012239982606843114,No
11367,0.038648784160614014,No
11368,0.000253287551458925,No
11369,0.9887835383415222,Yes
11370,0.0011142264120280743,No
11371,0.8102423548698425,Yes
11372,0.000253403588430956,No
11373,0.9823988080024719,Yes
11374,0.0002508247271180153,No
11375,0.9964373111724854,Yes
11376,0.0002831464516930282,No
11377,0.9807563424110413,Yes
11378,0.0001540731027489528,No
11379,0.09481187164783478,No
11380,0.0001040677452692762,No
11381,0.9846521615982056,Yes
11382,0.000408864434575662,No
11383,0.9445701241493225,Yes
11384,0.00011652295506792143,No
11385,0.9897141456604004,Yes
11386,0.00043526635272428393,No
11387,0.9897186160087585,Yes
11388,0.0007408485398627818,No
11389,0.9826864004135132,Yes
11390,0.0001481603248976171,No
11391,0.9938852190971375,Yes
11392,8.666243229527026e-05,No
11393,0.9939752221107483,Yes
11394,0.0006036555860191584,No
11395,0.9857996702194214,Yes
11396,0.000240624591242522,No
11397,0.9926955699920654,Yes
11398,0.0003208923735655844,No
11399,0.9941251873970032,Yes
11400,0.00024223273794632405,No
11401,0.9988760352134705,Yes
11402,0.0006150007247924805,No
11403,0.03240618109703064,No
11404,0.0003338379901833832,No
11405,0.011168353259563446,No
11406,0.0015270906733348966,No
11407,0.5755075812339783,Yes
11408,0.0007453152793459594,No
11409,0.9508371949195862,Yes
11410,0.00013286047033034265,No
11411,0.9989014863967896,Yes
11412,0.0003964508941862732,No
11413,0.8948579430580139,Yes
11414,0.0004628924943972379,No
11415,0.20454426109790802,No
11416,0.00027696267352439463,No
11417,0.01273169182240963,No
11418,0.0014445068081840873,No
11419,0.6146142482757568,Yes
11420,0.00044987184810452163,No
11421,0.9758836627006531,Yes
11422,0.0015730814775452018,No
11423,0.9819159507751465,Yes
11424,0.0007126242853701115,No
11425,0.9811573028564453,Yes
11426,6.810647755628452e-05,No
11427,0.9991822838783264,Yes
11428,8.376317418878898e-05,No
11429,0.9949827194213867,Yes
11430,0.00030509423231706023,No
11431,0.9993565678596497,Yes
11432,0.00017474897322244942,No
11433,0.9965126514434814,Yes
11434,0.0017297687008976936,No
11435,0.9918929934501648,Yes
11436,0.00021568404918070883,No
11437,0.9987661838531494,Yes
11438,0.00045820194645784795,No
11439,0.026865340769290924,No
11440,3.2912910683080554e-05,No
11441,0.9966092705726624,Yes
11442,0.0017308383248746395,No
11443,0.6585586071014404,Yes
11444,0.0008215407142415643,No
11445,0.9816194772720337,Yes
11446,0.0005488913739100099,No
11447,0.9941461682319641,Yes
11448,0.00014159988495521247,No
11449,0.9985700249671936,Yes
11450,0.00024897753610275686,No
11451,0.14764365553855896,No
11452,0.00022903011995367706,No
11453,0.01255331002175808,No
11454,0.0006334115169011056,No
11455,0.9994358420372009,Yes
11456,9.353526547783986e-05,No
11457,0.9940856695175171,Yes
11458,0.00029977643862366676,No
11459,0.9990241527557373,Yes
11460,0.0006238156347535551,No
11461,0.9736006855964661,Yes
11462,0.00021164257486816496,No
11463,0.3409280776977539,No
11464,0.0002786369004752487,No
11465,0.021153585985302925,No
11466,0.000504025025293231,No
11467,0.9992839694023132,Yes
11468,0.0002742105280049145,No
11469,0.9952300190925598,Yes
11470,0.0009972997941076756,No
11471,0.9938957095146179,Yes
11472,0.00029038937645964324,No
11473,0.9741567969322205,Yes
11474,0.00021334589109756052,No
11475,0.05274505540728569,No
11476,4.343633190728724e-05,No
11477,0.14413398504257202,No
11478,0.0011824197135865688,No
11479,0.9461964964866638,Yes
11480,0.0001817685697460547,No
11481,0.9864611029624939,Yes
11482,0.00023403170052915812,No
11483,0.9941157102584839,Yes
11484,0.0002991188084706664,No
11485,0.9944494366645813,Yes
11486,0.00011803835514001548,No
11487,0.3030919134616852,No
11488,5.34847094968427e-05,No
11489,0.2669258415699005,No
11490,0.0007166934083215892,No
11491,0.9514857530593872,Yes
11492,9.119589230976999e-05,No
11493,0.9572092294692993,Yes
11494,9.896508709061891e-05,No
11495,0.9988293051719666,Yes
11496,0.000676777504850179,No
11497,0.9973961114883423,Yes
11498,0.00011106690362794325,No
11499,0.4852514863014221,No
11500,2.2638410882791504e-05,No
11501,0.9947892427444458,Yes
11502,0.00043685882701538503,No
11503,0.9834780097007751,Yes
11504,0.0003179669729433954,No
11505,0.9970037341117859,Yes
11506,0.00014879000082146376,No
11507,0.9920184016227722,Yes
11508,0.00024530780501663685,No
11509,0.9984989166259766,Yes
11510,0.0001833976130001247,No
11511,0.035227447748184204,No
11512,5.9570858866209164e-05,No
11513,0.9876384735107422,Yes
11514,0.0016660168766975403,No
11515,0.9787746071815491,Yes
11516,0.00014485330029856414,No
11517,0.9871746301651001,Yes
11518,7.053382432786748e-05,No
11519,0.998592734336853,Yes
11520,0.00013165378186386079,No
11521,0.9989608526229858,Yes
11522,7.493878365494311e-05,No
11523,0.9934179782867432,Yes
11524,8.950576739152893e-05,No
11525,0.1564968079328537,No
11526,0.0020729906391352415,No
11527,0.9979666471481323,Yes
11528,0.00012473136303015053,No
11529,0.9920613765716553,Yes
11530,0.0010407294612377882,No
11531,0.9951797127723694,Yes
11532,0.0011295924196019769,No
11533,0.9974603056907654,Yes
11534,0.00016841496108099818,No
11535,0.8123440146446228,Yes
11536,3.654354441096075e-05,No
11537,0.15147709846496582,No
11538,0.0008041319670155644,No
11539,0.9572614431381226,Yes
11540,0.0010438564931973815,No
11541,0.9407132267951965,Yes
11542,0.00011175871622981504,No
11543,0.9971784949302673,Yes
11544,0.00030097487615421414,No
11545,0.9980570077896118,Yes
11546,9.046302875503898e-05,No
11547,0.1118047833442688,No
11548,8.022213296499103e-05,No
11549,0.9927782416343689,Yes
11550,0.0008881763787940145,No
11551,0.9527855515480042,Yes
11552,0.00016924033116083592,No
11553,0.989077091217041,Yes
11554,0.0001632028870517388,No
11555,0.9976162910461426,Yes
11556,0.00027766896528191864,No
11557,0.9937177300453186,Yes
11558,9.048157517099753e-05,No
11559,0.09711578488349915,No
11560,5.287930616759695e-05,No
11561,0.9930392503738403,Yes
11562,0.00027814917848445475,No
11563,0.9846320152282715,Yes
11564,9.512541873846203e-05,No
11565,0.9946981072425842,Yes
11566,0.0003711896715685725,No
11567,0.992878258228302,Yes
11568,0.0003996605228167027,No
11569,0.9894390106201172,Yes
11570,8.932049240684137e-05,No
11571,0.9977570176124573,Yes
11572,2.777328154479619e-05,No
11573,0.9960716962814331,Yes
11574,0.0005393773317337036,No
11575,0.9944114685058594,Yes
11576,0.00027351832250133157,No
11577,0.9947310090065002,Yes
11578,0.00024535172269679606,No
11579,0.9950763583183289,Yes
11580,0.004846688825637102,No
11581,0.9983230829238892,Yes
11582,0.0010709086200222373,No
11583,0.019392793998122215,No
11584,0.0016933500301092863,No
11585,0.0031564864329993725,No
11586,0.0029115767683833838,No
11587,0.16146372258663177,No
11588,0.0009230002760887146,No
11589,0.5554855465888977,Yes
11590,0.0013954979367554188,No
11591,0.9992599487304688,Yes
11592,0.0009989832760766149,No
11593,0.3143100440502167,No
11594,0.0008012070902623236,No
11595,0.06509380787611008,No
11596,0.0007549041765742004,No
11597,0.005557537078857422,No
11598,0.0022039306350052357,No
11599,0.2947526276111603,No
11600,0.0015110489912331104,No
11601,0.25560593605041504,No
11602,0.0034764197189360857,No
11603,0.3852542042732239,No
11604,0.0013982116943225265,No
11605,0.48054447770118713,No
11606,0.0019801834132522345,No
11607,0.9992557764053345,Yes
11608,0.0004073130839969963,No
11609,0.9903022050857544,Yes
11610,0.0029197668191045523,No
11611,0.999739408493042,Yes
11612,0.02948494255542755,No
11613,0.9762610793113708,Yes
11614,0.0016988965217024088,No
11615,0.6744585633277893,Yes
11616,0.006155500654131174,No
11617,0.9982454776763916,Yes
11618,0.0008241942268796265,No
11619,0.016835546121001244,No
11620,0.00043368502520024776,No
11621,0.9903050661087036,Yes
11622,0.004339924082159996,No
11623,0.26276785135269165,No
11624,0.0009828065522015095,No
11625,0.6039977669715881,Yes
11626,0.0015087987994775176,No
11627,0.9049925208091736,Yes
11628,0.0005370652652345598,No
11629,0.9979070425033569,Yes
11630,0.0007504508248530328,No
11631,0.09454776346683502,No
11632,0.0007285682368092239,No
11633,0.006131673231720924,No
11634,0.002517484361305833,No
11635,0.9997141361236572,Yes
11636,0.001731580588966608,No
11637,0.9049503803253174,Yes
11638,0.0013262011343613267,No
11639,0.9991453289985657,Yes
11640,0.0010900396155193448,No
11641,0.48462000489234924,No
11642,0.0014137292746454477,No
11643,0.07457868754863739,No
11644,0.0008877114159986377,No
11645,0.0047283293679356575,No
11646,0.006232508923858404,No
11647,0.9996558427810669,Yes
11648,0.011455567553639412,No
11649,0.9770092964172363,Yes
11650,0.0014255609130486846,No
11651,0.8063067197799683,Yes
11652,0.0012483594473451376,No
11653,0.2646351456642151,No
11654,0.0002270518452860415,No
11655,0.024048801511526108,No
11656,0.00037098341272212565,No
11657,0.004929952323436737,No
11658,0.0009388003963977098,No
11659,0.49539613723754883,No
11660,0.00019227700249757618,No
11661,0.5849329233169556,Yes
11662,0.000827134121209383,No
11663,0.9859864115715027,Yes
11664,0.00019920436898246408,No
11665,0.9541301131248474,Yes
11666,0.0002768771373666823,No
11667,0.1317894011735916,No
11668,0.00013946728722658008,No
11669,0.011976298876106739,No
11670,0.00034638590295799077,No
11671,0.3372405171394348,No
11672,0.0006987166125327349,No
11673,0.22227847576141357,No
11674,0.00039015011861920357,No
11675,0.9985259175300598,Yes
11676,0.00229504588060081,No
11677,0.9913634657859802,Yes
11678,0.0003132848651148379,No
11679,0.24332354962825775,No
11680,0.00016670396144036204,No
11681,0.9524288177490234,Yes
11682,0.0006581175839528441,No
11683,0.8527531027793884,Yes
11684,0.004703539423644543,No
11685,0.987765908241272,Yes
11686,0.0004433875437825918,No
11687,0.867588222026825,Yes
11688,0.002869092160835862,No
11689,0.9937572479248047,Yes
11690,0.00023447474814020097,No
11691,0.008490859530866146,No
11692,0.0011063778074458241,No
11693,0.9433733820915222,Yes
11694,0.0007048101397231221,No
11695,0.12026633322238922,No
11696,0.0003662951639853418,No
11697,0.9186142086982727,Yes
11698,0.0005922932759858668,No
11699,0.9985408186912537,Yes
11700,0.00021286772971507162,No
11701,0.998644232749939,Yes
11702,0.00028479660977609456,No
11703,0.9907289147377014,Yes
11704,0.0001692810037638992,No
11705,0.0034618175122886896,No
11706,0.0024127806536853313,No
11707,0.9986041784286499,Yes
11708,0.0006957704899832606,No
11709,0.9378207921981812,Yes
11710,0.0009619271731935441,No
11711,0.8641571998596191,Yes
11712,0.0028970185667276382,No
11713,0.9968316555023193,Yes
11714,0.00032314774580299854,No
11715,0.07679668813943863,No
11716,0.00018645737145561725,No
11717,0.0070798699744045734,No
11718,0.0008772047003731132,No
11719,0.7998831868171692,Yes
11720,0.0023333311546593904,No
11721,0.4389900863170624,No
11722,0.0011139886919409037,No
11723,0.997907817363739,Yes
11724,0.006679093930870295,No
11725,0.9942895174026489,Yes
11726,0.0002712332352530211,No
11727,0.013451389968395233,No
11728,0.0008553894585929811,No
11729,0.9671173691749573,Yes
11730,0.000825294351670891,No
11731,0.3919104039669037,No
11732,0.0005003465339541435,No
11733,0.5756065845489502,Yes
11734,0.0006421432481147349,No
11735,0.9886707067489624,Yes
11736,0.0005105312447994947,No
11737,0.30027520656585693,No
11738,0.00020586994651239365,No
11739,0.04075179621577263,No
11740,0.0003527460794430226,No
11741,0.9580552577972412,Yes
11742,0.0004577168438117951,No
11743,0.5857188701629639,Yes
11744,0.001817604759708047,No
11745,0.8995490074157715,Yes
11746,0.001244893530383706,No
11747,0.14815713465213776,No
11748,0.0008032543119043112,No
11749,0.9005389213562012,Yes
11750,0.001498879981227219,No
11751,0.9908610582351685,Yes
11752,0.0003599874908104539,No
11753,0.9888762831687927,Yes
11754,0.0005995873361825943,No
11755,0.9023908376693726,Yes
11756,0.008270461112260818,No
11757,0.9449717998504639,Yes
11758,0.0006688939756713808,No
11759,0.7802149057388306,Yes
