idx,prob,label
0,0.6037436127662659,Yes
1,0.631404459476471,Yes
2,0.611828088760376,Yes
3,0.5510681867599487,Yes
4,0.6218048930168152,Yes
5,0.5705681443214417,Yes
6,0.7186169624328613,Yes
7,0.5755130648612976,Yes
8,0.5591180324554443,Yes
9,0.5931051969528198,Yes
10,0.6458032727241516,Yes
11,0.6156442165374756,Yes
12,0.6755673289299011,Yes
13,0.6697019338607788,Yes
14,0.7015154957771301,Yes
15,0.693767786026001,Yes
16,0.6754668354988098,Yes
17,0.6167323589324951,Yes
18,0.6846709847450256,Yes
19,0.6985228657722473,Yes
20,0.5868088603019714,Yes
21,0.5861081480979919,Yes
22,0.608376145362854,Yes
23,0.5784628987312317,Yes
24,0.6329811215400696,Yes
25,0.6131118535995483,Yes
26,0.627281129360199,Yes
27,0.5294671058654785,Yes
28,0.5616724491119385,Yes
29,0.5978617072105408,Yes
30,0.6022469997406006,Yes
31,0.6047224402427673,Yes
32,0.682682454586029,Yes
33,0.6564995646476746,Yes
34,0.6874494552612305,Yes
35,0.6207718253135681,Yes
36,0.6613826155662537,Yes
37,0.5674251914024353,Yes
38,0.6276779174804688,Yes
39,0.5654569268226624,Yes
40,0.6057143807411194,Yes
41,0.6236996650695801,Yes
42,0.5842580795288086,Yes
43,0.5400466322898865,Yes
44,0.5680946707725525,Yes
45,0.5747384428977966,Yes
46,0.6327232122421265,Yes
47,0.599187970161438,Yes
48,0.5750107765197754,Yes
49,0.6151070594787598,Yes
50,0.6267788410186768,Yes
51,0.6037861704826355,Yes
52,0.7119899988174438,Yes
53,0.6608155369758606,Yes
54,0.7100675106048584,Yes
55,0.6838673949241638,Yes
56,0.660392701625824,Yes
57,0.6254321336746216,Yes
58,0.6502542495727539,Yes
59,0.6491091251373291,Yes
60,0.622463583946228,Yes
61,0.6602997183799744,Yes
62,0.6013461351394653,Yes
63,0.5854737758636475,Yes
64,0.622382402420044,Yes
65,0.6147828102111816,Yes
66,0.6214027404785156,Yes
67,0.5853463411331177,Yes
68,0.6155133843421936,Yes
69,0.6526738405227661,Yes
70,0.6312403082847595,Yes
71,0.6716850399971008,Yes
72,0.6994385123252869,Yes
73,0.7317401170730591,Yes
74,0.7171820402145386,Yes
75,0.7102451324462891,Yes
76,0.622918426990509,Yes
77,0.6294893622398376,Yes
78,0.6601377725601196,Yes
79,0.6504402160644531,Yes
80,0.621465802192688,Yes
81,0.6340178847312927,Yes
82,0.6224929690361023,Yes
83,0.5618452429771423,Yes
84,0.5847318768501282,Yes
85,0.5814698934555054,Yes
86,0.6209867000579834,Yes
87,0.5558851957321167,Yes
88,0.6065788269042969,Yes
89,0.615947425365448,Yes
90,0.5913746953010559,Yes
91,0.5930947065353394,Yes
92,0.7085220813751221,Yes
93,0.6131260991096497,Yes
94,0.696890115737915,Yes
95,0.616279661655426,Yes
96,0.6453861594200134,Yes
97,0.5701576471328735,Yes
98,0.6094955205917358,Yes
99,0.615747332572937,Yes
100,0.6424683332443237,Yes
101,0.6252820491790771,Yes
102,0.6307985186576843,Yes
103,0.574181854724884,Yes
104,0.6341840624809265,Yes
105,0.6373258829116821,Yes
106,0.58794105052948,Yes
107,0.5550665855407715,Yes
108,0.6079767942428589,Yes
109,0.613299548625946,Yes
110,0.6533046960830688,Yes
111,0.6310409307479858,Yes
112,0.6869750618934631,Yes
113,0.6686350107192993,Yes
114,0.6897338032722473,Yes
115,0.6163613200187683,Yes
116,0.6548851728439331,Yes
117,0.601328432559967,Yes
118,0.708093523979187,Yes
119,0.6769936084747314,Yes
120,0.600338876247406,Yes
121,0.6458376049995422,Yes
122,0.5607988238334656,Yes
123,0.5648882985115051,Yes
124,0.6063934564590454,Yes
125,0.591635525226593,Yes
126,0.617792546749115,Yes
127,0.5675472617149353,Yes
128,0.6116637587547302,Yes
129,0.5906923413276672,Yes
130,0.6555880904197693,Yes
131,0.7034204602241516,Yes
132,0.6973661184310913,Yes
133,0.6627892851829529,Yes
134,0.6528922319412231,Yes
135,0.694190263748169,Yes
136,0.6038217544555664,Yes
137,0.6095871925354004,Yes
138,0.6300360560417175,Yes
139,0.5836880207061768,Yes
140,0.6044056415557861,Yes
141,0.607933759689331,Yes
142,0.6196190118789673,Yes
143,0.5467417240142822,Yes
144,0.6304184794425964,Yes
145,0.6108480095863342,Yes
146,0.6150488257408142,Yes
147,0.5435581803321838,Yes
148,0.5558913946151733,Yes
149,0.5981754064559937,Yes
150,0.644972026348114,Yes
151,0.6098034381866455,Yes
152,0.6926327347755432,Yes
153,0.6529476046562195,Yes
154,0.6895780563354492,Yes
155,0.6204326152801514,Yes
156,0.644957959651947,Yes
157,0.565281093120575,Yes
158,0.6424887776374817,Yes
159,0.5811341404914856,Yes
160,0.6010019779205322,Yes
161,0.6156677007675171,Yes
162,0.6059040427207947,Yes
163,0.535756528377533,Yes
164,0.6165367960929871,Yes
165,0.6086428761482239,Yes
166,0.5695006847381592,Yes
167,0.5734186768531799,Yes
168,0.5912103652954102,Yes
169,0.5859565138816833,Yes
170,0.6097110509872437,Yes
171,0.6118852496147156,Yes
172,0.7109641432762146,Yes
173,0.6471583843231201,Yes
174,0.6897497177124023,Yes
175,0.6462948322296143,Yes
176,0.6875629425048828,Yes
177,0.6149317622184753,Yes
178,0.6550983786582947,Yes
179,0.6338905096054077,Yes
180,0.5952379107475281,Yes
181,0.6186946034431458,Yes
182,0.6013818979263306,Yes
183,0.5558968782424927,Yes
184,0.6546282172203064,Yes
185,0.6247570514678955,Yes
186,0.6520240902900696,Yes
187,0.6049057245254517,Yes
188,0.6065725088119507,Yes
189,0.6186010837554932,Yes
190,0.6736713647842407,Yes
191,0.6738564968109131,Yes
192,0.7248058915138245,Yes
193,0.655231237411499,Yes
194,0.7007340788841248,Yes
195,0.654488742351532,Yes
196,0.6319394707679749,Yes
197,0.5872390866279602,Yes
198,0.6638246178627014,Yes
199,0.6340755820274353,Yes
200,0.6450739502906799,Yes
201,0.6259675025939941,Yes
202,0.5814256072044373,Yes
203,0.5560010075569153,Yes
204,0.6409414410591125,Yes
205,0.6390345692634583,Yes
206,0.59151691198349,Yes
207,0.583142101764679,Yes
208,0.6350732445716858,Yes
209,0.6439722776412964,Yes
210,0.6423354744911194,Yes
211,0.6353554725646973,Yes
212,0.7168477177619934,Yes
213,0.7107728123664856,Yes
214,0.6337154507637024,Yes
215,0.6728816628456116,Yes
216,0.6594178676605225,Yes
217,0.6385838389396667,Yes
218,0.6597406268119812,Yes
219,0.618969738483429,Yes
220,0.6143481135368347,Yes
221,0.616001307964325,Yes
222,0.6351354718208313,Yes
223,0.5910670757293701,Yes
224,0.658920407295227,Yes
225,0.6516957879066467,Yes
226,0.7281493544578552,Yes
227,0.6083263158798218,Yes
228,0.6108905673027039,Yes
229,0.644677996635437,Yes
230,0.6562432646751404,Yes
231,0.6778732538223267,Yes
232,0.7045931816101074,Yes
233,0.7398863434791565,Yes
234,0.7386173009872437,Yes
235,0.7312428951263428,Yes
236,0.6890488266944885,Yes
237,0.6878289580345154,Yes
238,0.6671470999717712,Yes
239,0.6411593556404114,Yes
240,0.6233590841293335,Yes
241,0.6216100454330444,Yes
242,0.6072133779525757,Yes
243,0.5626548528671265,Yes
244,0.641169548034668,Yes
245,0.6370857357978821,Yes
246,0.6124096512794495,Yes
247,0.574154257774353,Yes
248,0.5513419508934021,Yes
249,0.562596321105957,Yes
250,0.6364327669143677,Yes
251,0.6004825234413147,Yes
252,0.7120198607444763,Yes
253,0.6181021928787231,Yes
254,0.7154056429862976,Yes
255,0.606638491153717,Yes
256,0.7258751392364502,Yes
257,0.6657617688179016,Yes
258,0.6499904990196228,Yes
259,0.6399700045585632,Yes
260,0.633679211139679,Yes
261,0.6208456158638,Yes
262,0.5947473645210266,Yes
263,0.5365539789199829,Yes
264,0.5817290544509888,Yes
265,0.586233913898468,Yes
266,0.5845423936843872,Yes
267,0.5832517147064209,Yes
268,0.5791743397712708,Yes
269,0.5903992652893066,Yes
270,0.6826937794685364,Yes
271,0.6716210246086121,Yes
272,0.7424364686012268,Yes
273,0.656390368938446,Yes
274,0.7141599059104919,Yes
275,0.6705477833747864,Yes
276,0.6572970151901245,Yes
277,0.6209264993667603,Yes
278,0.647961437702179,Yes
279,0.628253698348999,Yes
280,0.6150856614112854,Yes
281,0.580960214138031,Yes
282,0.5817776918411255,Yes
283,0.5127142071723938,Yes
284,0.5428231358528137,Yes
285,0.5668900609016418,Yes
286,0.5595184564590454,Yes
287,0.5859578847885132,Yes
288,0.5096551775932312,Yes
289,0.5248649716377258,Yes
290,0.6528863310813904,Yes
291,0.6442331671714783,Yes
292,0.7314940094947815,Yes
293,0.634563148021698,Yes
294,0.6688768267631531,Yes
295,0.6528121829032898,Yes
296,0.6417893767356873,Yes
297,0.6091685891151428,Yes
298,0.6198301315307617,Yes
299,0.6119261980056763,Yes
300,0.6167542934417725,Yes
301,0.6294946670532227,Yes
302,0.6088058352470398,Yes
303,0.5696782469749451,Yes
304,0.6277018189430237,Yes
305,0.6070873141288757,Yes
306,0.6043615937232971,Yes
307,0.6003122925758362,Yes
308,0.6128643751144409,Yes
309,0.5972669124603271,Yes
310,0.6750783324241638,Yes
311,0.6245585083961487,Yes
312,0.694343090057373,Yes
313,0.6667611598968506,Yes
314,0.6836998462677002,Yes
315,0.6166819334030151,Yes
316,0.6569098234176636,Yes
317,0.647773027420044,Yes
318,0.6859793066978455,Yes
319,0.6664842367172241,Yes
320,0.6022348999977112,Yes
321,0.6016995310783386,Yes
322,0.5970730185508728,Yes
323,0.5341509580612183,Yes
324,0.6036102771759033,Yes
325,0.5944197177886963,Yes
326,0.6228259801864624,Yes
327,0.5904408693313599,Yes
328,0.5808969140052795,Yes
329,0.5812087059020996,Yes
330,0.6071859002113342,Yes
331,0.5908311009407043,Yes
332,0.7391853332519531,Yes
333,0.6559134721755981,Yes
334,0.663214921951294,Yes
335,0.6450985670089722,Yes
336,0.6353757381439209,Yes
337,0.6304697394371033,Yes
338,0.6287144422531128,Yes
339,0.6098915338516235,Yes
340,0.6432138681411743,Yes
341,0.6440579295158386,Yes
342,0.63233482837677,Yes
343,0.5854092836380005,Yes
344,0.6431231498718262,Yes
345,0.6258899569511414,Yes
346,0.614133894443512,Yes
347,0.5836825966835022,Yes
348,0.579299807548523,Yes
349,0.589680552482605,Yes
350,0.6433594822883606,Yes
351,0.6692221760749817,Yes
352,0.6619589924812317,Yes
353,0.7258346676826477,Yes
354,0.7345165610313416,Yes
355,0.6618049144744873,Yes
356,0.6664057374000549,Yes
357,0.5920946002006531,Yes
358,0.6495354175567627,Yes
359,0.6123942732810974,Yes
360,0.6541379690170288,Yes
361,0.6527596116065979,Yes
362,0.6370261311531067,Yes
363,0.5783549547195435,Yes
364,0.5995103716850281,Yes
365,0.6071815490722656,Yes
366,0.6731261014938354,Yes
367,0.6322495341300964,Yes
368,0.6196926236152649,Yes
369,0.6220523715019226,Yes
370,0.6819506287574768,Yes
371,0.6851175427436829,Yes
372,0.6976771354675293,Yes
373,0.6599188446998596,Yes
374,0.6859731674194336,Yes
375,0.6801797151565552,Yes
376,0.6455659866333008,Yes
377,0.6161885261535645,Yes
378,0.6806507706642151,Yes
379,0.6642948985099792,Yes
380,0.6406024694442749,Yes
381,0.6683787703514099,Yes
382,0.6152524352073669,Yes
383,0.5923178791999817,Yes
384,0.6626492142677307,Yes
385,0.6403831839561462,Yes
386,0.6583120226860046,Yes
387,0.6336973905563354,Yes
388,0.615117073059082,Yes
389,0.6500144600868225,Yes
390,0.6936789751052856,Yes
391,0.714501142501831,Yes
392,0.7025289535522461,Yes
393,0.678946852684021,Yes
394,0.6875932812690735,Yes
395,0.6786487102508545,Yes
396,0.6367738842964172,Yes
397,0.6240857243537903,Yes
398,0.6542936563491821,Yes
399,0.6470736861228943,Yes
400,0.5243715643882751,Yes
401,0.5864548683166504,Yes
402,0.5565325617790222,Yes
403,0.5208243727684021,Yes
404,0.5814318656921387,Yes
405,0.5369096994400024,Yes
406,0.6138001680374146,Yes
407,0.5670411586761475,Yes
408,0.5445147752761841,Yes
409,0.5928299427032471,Yes
410,0.6114494800567627,Yes
411,0.6464614868164062,Yes
412,0.6145067811012268,Yes
413,0.6263675093650818,Yes
414,0.6374520063400269,Yes
415,0.6489725112915039,Yes
416,0.6545920968055725,Yes
417,0.6337993144989014,Yes
418,0.6204171776771545,Yes
419,0.6545345783233643,Yes
420,0.516810417175293,Yes
421,0.5593280792236328,Yes
422,0.5417811274528503,Yes
423,0.5575494766235352,Yes
424,0.5698838829994202,Yes
425,0.5784372687339783,Yes
426,0.5619516968727112,Yes
427,0.5413745641708374,Yes
428,0.5171298980712891,Yes
429,0.5884652137756348,Yes
430,0.5470922589302063,Yes
431,0.6036074757575989,Yes
432,0.5575017333030701,Yes
433,0.6326950192451477,Yes
434,0.6206769347190857,Yes
435,0.666533350944519,Yes
436,0.5907782912254333,Yes
437,0.5870625376701355,Yes
438,0.5561646223068237,Yes
439,0.5745251178741455,Yes
440,0.5266799926757812,Yes
441,0.5874115228652954,Yes
442,0.5110349059104919,Yes
443,0.515720009803772,Yes
444,0.5221509337425232,Yes
445,0.5415138602256775,Yes
446,0.5740841031074524,Yes
447,0.567544162273407,Yes
448,0.5065129995346069,Yes
449,0.5909379720687866,Yes
450,0.5621765851974487,Yes
451,0.6121320128440857,Yes
452,0.6219390034675598,Yes
453,0.6646843552589417,Yes
454,0.6447625756263733,Yes
455,0.6792362332344055,Yes
456,0.6078077554702759,Yes
457,0.6473984718322754,Yes
458,0.5893346667289734,Yes
459,0.630809485912323,Yes
460,0.5587561130523682,Yes
461,0.6086565256118774,Yes
462,0.5482892990112305,Yes
463,0.5414734482765198,Yes
464,0.5790465474128723,Yes
465,0.5803037881851196,Yes
466,0.5896581411361694,Yes
467,0.5868223905563354,Yes
468,0.5931538343429565,Yes
469,0.5860302448272705,Yes
470,0.5788222551345825,Yes
471,0.6185980439186096,Yes
472,0.647397518157959,Yes
473,0.6684808135032654,Yes
474,0.6675881147384644,Yes
475,0.6410324573516846,Yes
476,0.6146110892295837,Yes
477,0.6336103677749634,Yes
478,0.6150708794593811,Yes
479,0.6185895800590515,Yes
480,0.5297520756721497,Yes
481,0.5783944725990295,Yes
482,0.5607795119285583,Yes
483,0.544571042060852,Yes
484,0.5370085835456848,Yes
485,0.5423682332038879,Yes
486,0.5901502370834351,Yes
487,0.5851446986198425,Yes
488,0.5236175060272217,Yes
489,0.5739587545394897,Yes
490,0.5227047801017761,Yes
491,0.5985069870948792,Yes
492,0.6191785335540771,Yes
493,0.630708634853363,Yes
494,0.5967316627502441,Yes
495,0.6416192054748535,Yes
496,0.5938958525657654,Yes
497,0.5840969681739807,Yes
498,0.581066906452179,Yes
499,0.6280408501625061,Yes
500,0.5592321753501892,Yes
501,0.5750060081481934,Yes
502,0.5709841251373291,Yes
503,0.5366069674491882,Yes
504,0.567811906337738,Yes
505,0.6161709427833557,Yes
506,0.5695693492889404,Yes
507,0.5661121010780334,Yes
508,0.5185545086860657,Yes
509,0.575406551361084,Yes
510,0.6530006527900696,Yes
511,0.6746649146080017,Yes
512,0.6479185819625854,Yes
513,0.6515794396400452,Yes
514,0.6711007952690125,Yes
515,0.6397448182106018,Yes
516,0.6029025316238403,Yes
517,0.6168568134307861,Yes
518,0.6478261947631836,Yes
519,0.6357476711273193,Yes
520,0.5469889044761658,Yes
521,0.5910301804542542,Yes
522,0.5360801815986633,Yes
523,0.5291454792022705,Yes
524,0.5583405494689941,Yes
525,0.5420315265655518,Yes
526,0.5466592311859131,Yes
527,0.5596970915794373,Yes
528,0.5500528812408447,Yes
529,0.5618905425071716,Yes
530,0.6415789723396301,Yes
531,0.6573424935340881,Yes
532,0.6520149111747742,Yes
533,0.644840657711029,Yes
534,0.6240439414978027,Yes
535,0.6334874629974365,Yes
536,0.598456621170044,Yes
537,0.6260122656822205,Yes
538,0.5987181067466736,Yes
539,0.5561366081237793,Yes
540,0.5097975134849548,Yes
541,0.5814597010612488,Yes
542,0.5253033638000488,Yes
543,0.5146334171295166,Yes
544,0.5885137319564819,Yes
545,0.5778387188911438,Yes
546,0.5588027238845825,Yes
547,0.5619418025016785,Yes
548,0.5182056427001953,Yes
549,0.5855194926261902,Yes
550,0.6167902946472168,Yes
551,0.6451846957206726,Yes
552,0.5881952047348022,Yes
553,0.6416184902191162,Yes
554,0.6442006826400757,Yes
555,0.6526080369949341,Yes
556,0.5878801941871643,Yes
557,0.5853180289268494,Yes
558,0.5797045230865479,Yes
559,0.5982056856155396,Yes
560,0.4901697635650635,No
561,0.5816003680229187,Yes
562,0.5328113436698914,Yes
563,0.5281543135643005,Yes
564,0.5309381484985352,Yes
565,0.5785211324691772,Yes
566,0.49065420031547546,No
567,0.5414850115776062,Yes
568,0.4834445118904114,No
569,0.5586914420127869,Yes
570,0.5522773265838623,Yes
571,0.6118285655975342,Yes
572,0.6031503677368164,Yes
573,0.6270263195037842,Yes
574,0.5562612414360046,Yes
575,0.6163569092750549,Yes
576,0.5858086943626404,Yes
577,0.610507607460022,Yes
578,0.5995636582374573,Yes
579,0.6046201586723328,Yes
580,0.48866569995880127,No
581,0.5765926241874695,Yes
582,0.5197669267654419,Yes
583,0.5277249813079834,Yes
584,0.5694711208343506,Yes
585,0.576637864112854,Yes
586,0.5719891786575317,Yes
587,0.5951444506645203,Yes
588,0.4908691346645355,No
589,0.5864679217338562,Yes
590,0.643829345703125,Yes
591,0.6841827630996704,Yes
592,0.6284943222999573,Yes
593,0.6323810815811157,Yes
594,0.5780343413352966,Yes
595,0.6222937703132629,Yes
596,0.5836983919143677,Yes
597,0.6079694032669067,Yes
598,0.6217330098152161,Yes
599,0.639557957649231,Yes
600,0.5580620765686035,Yes
601,0.5965728759765625,Yes
602,0.5443613529205322,Yes
603,0.5170830488204956,Yes
604,0.5961378812789917,Yes
605,0.6083360314369202,Yes
606,0.5910024642944336,Yes
607,0.5687291026115417,Yes
608,0.5367771983146667,Yes
609,0.5926558971405029,Yes
610,0.5910741090774536,Yes
611,0.625682532787323,Yes
612,0.6659449338912964,Yes
613,0.6555069088935852,Yes
614,0.5713917016983032,Yes
615,0.6262660622596741,Yes
616,0.6391550302505493,Yes
617,0.6295484900474548,Yes
618,0.6218058466911316,Yes
619,0.6111206412315369,Yes
620,0.5316757559776306,Yes
621,0.5795777440071106,Yes
622,0.55910724401474,Yes
623,0.5477356910705566,Yes
624,0.611817479133606,Yes
625,0.6073869466781616,Yes
626,0.6295809745788574,Yes
627,0.6076061725616455,Yes
628,0.6065180897712708,Yes
629,0.6255410313606262,Yes
630,0.6565964221954346,Yes
631,0.6623262763023376,Yes
632,0.6436174511909485,Yes
633,0.6774194240570068,Yes
634,0.6889066696166992,Yes
635,0.6850643157958984,Yes
636,0.6303595304489136,Yes
637,0.6428589224815369,Yes
638,0.6249640583992004,Yes
639,0.6215450763702393,Yes
640,0.5320154428482056,Yes
641,0.5892685055732727,Yes
642,0.5437654256820679,Yes
643,0.5357889533042908,Yes
644,0.5864209532737732,Yes
645,0.616782546043396,Yes
646,0.5504513382911682,Yes
647,0.5574901700019836,Yes
648,0.48789182305336,No
649,0.5371561646461487,Yes
650,0.5650076270103455,Yes
651,0.6038552522659302,Yes
652,0.59798663854599,Yes
653,0.618270993232727,Yes
654,0.6425336599349976,Yes
655,0.6485911011695862,Yes
656,0.658088743686676,Yes
657,0.6693124175071716,Yes
658,0.5897694826126099,Yes
659,0.6274665594100952,Yes
660,0.5431417226791382,Yes
661,0.5727987885475159,Yes
662,0.5395808815956116,Yes
663,0.5165370106697083,Yes
664,0.5326375365257263,Yes
665,0.5509234666824341,Yes
666,0.5195187330245972,Yes
667,0.5954501032829285,Yes
668,0.5050598978996277,Yes
669,0.5621258020401001,Yes
670,0.6430218815803528,Yes
671,0.6677141785621643,Yes
672,0.6256803870201111,Yes
673,0.644375741481781,Yes
674,0.6469006538391113,Yes
675,0.656923770904541,Yes
676,0.6158205270767212,Yes
677,0.6193196773529053,Yes
678,0.6024696230888367,Yes
679,0.6065143346786499,Yes
680,0.5347571969032288,Yes
681,0.5631539821624756,Yes
682,0.5172210931777954,Yes
683,0.4865924119949341,No
684,0.5125073194503784,Yes
685,0.5474516153335571,Yes
686,0.5017930865287781,Yes
687,0.576204776763916,Yes
688,0.47025415301322937,No
689,0.5321540832519531,Yes
690,0.6171891689300537,Yes
691,0.670310914516449,Yes
692,0.6418890953063965,Yes
693,0.6339759826660156,Yes
694,0.5790179371833801,Yes
695,0.6269701719284058,Yes
696,0.5985953211784363,Yes
697,0.6343164443969727,Yes
698,0.5850870609283447,Yes
699,0.6038312315940857,Yes
700,0.563010573387146,Yes
701,0.5794209837913513,Yes
702,0.5426042675971985,Yes
703,0.5368282794952393,Yes
704,0.5638947486877441,Yes
705,0.5702766180038452,Yes
706,0.5529893040657043,Yes
707,0.5801517367362976,Yes
708,0.5482062101364136,Yes
709,0.5625361800193787,Yes
710,0.6423171162605286,Yes
711,0.6407448649406433,Yes
712,0.655002772808075,Yes
713,0.6511886119842529,Yes
714,0.6179506182670593,Yes
715,0.6065457463264465,Yes
716,0.639782726764679,Yes
717,0.6386107206344604,Yes
718,0.665516197681427,Yes
719,0.6457561254501343,Yes
720,0.5140014886856079,Yes
721,0.5495406985282898,Yes
722,0.5302813649177551,Yes
723,0.4962292015552521,No
724,0.5233144760131836,Yes
725,0.5690006613731384,Yes
726,0.5604381561279297,Yes
727,0.5743324756622314,Yes
728,0.541090190410614,Yes
729,0.5622873306274414,Yes
730,0.5515016913414001,Yes
731,0.5898978114128113,Yes
732,0.6494383811950684,Yes
733,0.646677553653717,Yes
734,0.6279125809669495,Yes
735,0.6717827320098877,Yes
736,0.5896756052970886,Yes
737,0.6196585297584534,Yes
738,0.6202583909034729,Yes
739,0.6294677257537842,Yes
740,0.5715821385383606,Yes
741,0.5945764780044556,Yes
742,0.5957270860671997,Yes
743,0.5563227534294128,Yes
744,0.5785491466522217,Yes
745,0.5870302319526672,Yes
746,0.585444450378418,Yes
747,0.5471259355545044,Yes
748,0.5081203579902649,Yes
749,0.5645630359649658,Yes
750,0.627171516418457,Yes
751,0.6411998271942139,Yes
752,0.6296871900558472,Yes
753,0.678488552570343,Yes
754,0.6802353858947754,Yes
755,0.6579530239105225,Yes
756,0.5889505743980408,Yes
757,0.595899224281311,Yes
758,0.6381193995475769,Yes
759,0.6044648289680481,Yes
760,0.5816872715950012,Yes
761,0.6140144467353821,Yes
762,0.5717000365257263,Yes
763,0.5449963808059692,Yes
764,0.554921567440033,Yes
765,0.5821802616119385,Yes
766,0.6282739639282227,Yes
767,0.595328688621521,Yes
768,0.57094407081604,Yes
769,0.5859188437461853,Yes
770,0.6569454669952393,Yes
771,0.6791706085205078,Yes
772,0.6501302123069763,Yes
773,0.632328450679779,Yes
774,0.653791069984436,Yes
775,0.6592036485671997,Yes
776,0.5964406132698059,Yes
777,0.6082941889762878,Yes
778,0.670061469078064,Yes
779,0.6596716046333313,Yes
780,0.5864173173904419,Yes
781,0.6202601194381714,Yes
782,0.5695175528526306,Yes
783,0.5550597310066223,Yes
784,0.6275407671928406,Yes
785,0.5984352231025696,Yes
786,0.6336806416511536,Yes
787,0.6196947693824768,Yes
788,0.5487310290336609,Yes
789,0.6054791212081909,Yes
790,0.6605823040008545,Yes
791,0.6885255575180054,Yes
792,0.657905638217926,Yes
793,0.6509632468223572,Yes
794,0.6258628964424133,Yes
795,0.6403210163116455,Yes
796,0.5903196334838867,Yes
797,0.6133687496185303,Yes
798,0.6390370726585388,Yes
799,0.6439902782440186,Yes
800,0.5777264833450317,Yes
801,0.5768742561340332,Yes
802,0.561162531375885,Yes
803,0.4704051911830902,No
804,0.5603513717651367,Yes
805,0.47772660851478577,No
806,0.6729415655136108,Yes
807,0.6212180852890015,Yes
808,0.45287245512008667,No
809,0.5510927438735962,Yes
810,0.6455020904541016,Yes
811,0.6352221369743347,Yes
812,0.650138258934021,Yes
813,0.6683241128921509,Yes
814,0.6574627161026001,Yes
815,0.6165021061897278,Yes
816,0.6766550540924072,Yes
817,0.6386404037475586,Yes
818,0.6708287000656128,Yes
819,0.6826571822166443,Yes
820,0.5597025156021118,Yes
821,0.533840537071228,Yes
822,0.6094987988471985,Yes
823,0.5450946092605591,Yes
824,0.5915775895118713,Yes
825,0.5508957505226135,Yes
826,0.601977527141571,Yes
827,0.5752884149551392,Yes
828,0.482780396938324,No
829,0.5215668678283691,Yes
830,0.654944121837616,Yes
831,0.6389519572257996,Yes
832,0.699489951133728,Yes
833,0.6184720396995544,Yes
834,0.6925632953643799,Yes
835,0.6114959716796875,Yes
836,0.6778361797332764,Yes
837,0.5682377815246582,Yes
838,0.627892792224884,Yes
839,0.6038690209388733,Yes
840,0.592953085899353,Yes
841,0.5369647741317749,Yes
842,0.547193706035614,Yes
843,0.4489310681819916,No
844,0.5097380876541138,Yes
845,0.45261991024017334,No
846,0.6152235865592957,Yes
847,0.5823349952697754,Yes
848,0.473814457654953,No
849,0.46962428092956543,No
850,0.656132161617279,Yes
851,0.575354278087616,Yes
852,0.714559018611908,Yes
853,0.6164478659629822,Yes
854,0.7170315384864807,Yes
855,0.6550799012184143,Yes
856,0.7022567391395569,Yes
857,0.6099537014961243,Yes
858,0.6320515275001526,Yes
859,0.6103461980819702,Yes
860,0.6033391356468201,Yes
861,0.609398365020752,Yes
862,0.549832820892334,Yes
863,0.5210429430007935,Yes
864,0.5323000550270081,Yes
865,0.5081530809402466,Yes
866,0.5870282053947449,Yes
867,0.6051533818244934,Yes
868,0.5834938883781433,Yes
869,0.6080349087715149,Yes
870,0.6642903089523315,Yes
871,0.6666874885559082,Yes
872,0.6787559390068054,Yes
873,0.6883231997489929,Yes
874,0.6895594596862793,Yes
875,0.6883293390274048,Yes
876,0.6286656856536865,Yes
877,0.6140041351318359,Yes
878,0.6422268748283386,Yes
879,0.6495881676673889,Yes
880,0.5853148698806763,Yes
881,0.5510371327400208,Yes
882,0.5884885787963867,Yes
883,0.5115169286727905,Yes
884,0.5295465588569641,Yes
885,0.48307129740715027,No
886,0.5864660739898682,Yes
887,0.5965074896812439,Yes
888,0.5445670485496521,Yes
889,0.5767781138420105,Yes
890,0.6482270359992981,Yes
891,0.6282225847244263,Yes
892,0.7006164193153381,Yes
893,0.6106332540512085,Yes
894,0.6681825518608093,Yes
895,0.6061875224113464,Yes
896,0.6832889914512634,Yes
897,0.5642839074134827,Yes
898,0.5516526699066162,Yes
899,0.5726437568664551,Yes
900,0.6281513571739197,Yes
901,0.591216504573822,Yes
902,0.5994030237197876,Yes
903,0.5262471437454224,Yes
904,0.5959449410438538,Yes
905,0.5713160634040833,Yes
906,0.5829945206642151,Yes
907,0.5739193558692932,Yes
908,0.5285168886184692,Yes
909,0.5705953240394592,Yes
910,0.6751726865768433,Yes
911,0.6432286500930786,Yes
912,0.7189809679985046,Yes
913,0.6591630578041077,Yes
914,0.6793354749679565,Yes
915,0.6136993169784546,Yes
916,0.6496680974960327,Yes
917,0.604106068611145,Yes
918,0.6932646632194519,Yes
919,0.673425018787384,Yes
920,0.6045491099357605,Yes
921,0.5686383843421936,Yes
922,0.47098955512046814,No
923,0.44598662853240967,No
924,0.5526549816131592,Yes
925,0.4845948815345764,No
926,0.6311906576156616,Yes
927,0.5851815342903137,Yes
928,0.5265823006629944,Yes
929,0.5583469867706299,Yes
930,0.6941860914230347,Yes
931,0.6866208910942078,Yes
932,0.6890835165977478,Yes
933,0.6539847254753113,Yes
934,0.6218835711479187,Yes
935,0.603716254234314,Yes
936,0.6326853632926941,Yes
937,0.6118330359458923,Yes
938,0.6042593717575073,Yes
939,0.5978364944458008,Yes
940,0.5726621150970459,Yes
941,0.6017130017280579,Yes
942,0.5575277805328369,Yes
943,0.48700830340385437,No
944,0.5742812156677246,Yes
945,0.5186868906021118,Yes
946,0.6257731318473816,Yes
947,0.6137882471084595,Yes
948,0.44157490134239197,No
949,0.4808918535709381,No
950,0.6745131611824036,Yes
951,0.670657217502594,Yes
952,0.6924920082092285,Yes
953,0.6404960751533508,Yes
954,0.6860294342041016,Yes
955,0.5965715646743774,Yes
956,0.6416891813278198,Yes
957,0.5646882653236389,Yes
958,0.6186528205871582,Yes
959,0.6112269163131714,Yes
960,0.5561434030532837,Yes
961,0.5149238109588623,Yes
962,0.5527513027191162,Yes
963,0.45197099447250366,No
964,0.5517064332962036,Yes
965,0.5100255608558655,Yes
966,0.5585433840751648,Yes
967,0.5494167804718018,Yes
968,0.4618659019470215,No
969,0.49895143508911133,No
970,0.6334766149520874,Yes
971,0.5765224099159241,Yes
972,0.704008162021637,Yes
973,0.599731981754303,Yes
974,0.7036666870117188,Yes
975,0.5270927548408508,Yes
976,0.6627052426338196,Yes
977,0.6107606291770935,Yes
978,0.6030521392822266,Yes
979,0.5949902534484863,Yes
980,0.5621786713600159,Yes
981,0.5108527541160583,Yes
982,0.565813422203064,Yes
983,0.4726855158805847,No
984,0.6189494132995605,Yes
985,0.5454493761062622,Yes
986,0.5995901226997375,Yes
987,0.6030949354171753,Yes
988,0.48450127243995667,No
989,0.5267390608787537,Yes
990,0.7049641609191895,Yes
991,0.6819618940353394,Yes
992,0.7079899311065674,Yes
993,0.609032154083252,Yes
994,0.7154549956321716,Yes
995,0.5428371429443359,Yes
996,0.6727474927902222,Yes
997,0.5677552819252014,Yes
998,0.6232265830039978,Yes
999,0.6016628742218018,Yes
1000,0.6320019960403442,Yes
1001,0.621528148651123,Yes
1002,0.5105562806129456,Yes
1003,0.450121134519577,No
1004,0.5930773019790649,Yes
1005,0.5178162455558777,Yes
1006,0.5654643177986145,Yes
1007,0.5720415711402893,Yes
1008,0.5632126927375793,Yes
1009,0.612504243850708,Yes
1010,0.6967589855194092,Yes
1011,0.6425794363021851,Yes
1012,0.7068148255348206,Yes
1013,0.6971051692962646,Yes
1014,0.6459361910820007,Yes
1015,0.6193000674247742,Yes
1016,0.6591600179672241,Yes
1017,0.6369795203208923,Yes
1018,0.6433483362197876,Yes
1019,0.620714008808136,Yes
1020,0.5834439992904663,Yes
1021,0.5770741105079651,Yes
1022,0.5693127512931824,Yes
1023,0.5116051435470581,Yes
1024,0.6021228432655334,Yes
1025,0.5338108539581299,Yes
1026,0.7036149501800537,Yes
1027,0.6571784615516663,Yes
1028,0.5448731780052185,Yes
1029,0.630136251449585,Yes
1030,0.6713055968284607,Yes
1031,0.6559417247772217,Yes
1032,0.6841572523117065,Yes
1033,0.6766504049301147,Yes
1034,0.7205710411071777,Yes
1035,0.706744372844696,Yes
1036,0.6835532784461975,Yes
1037,0.6788035035133362,Yes
1038,0.6106202006340027,Yes
1039,0.6368756890296936,Yes
1040,0.5985528826713562,Yes
1041,0.5172201991081238,Yes
1042,0.5209892988204956,Yes
1043,0.46244552731513977,No
1044,0.5924283862113953,Yes
1045,0.59474116563797,Yes
1046,0.5991225838661194,Yes
1047,0.5769347548484802,Yes
1048,0.45075416564941406,No
1049,0.4641696512699127,No
1050,0.6650922298431396,Yes
1051,0.6362527012825012,Yes
1052,0.7145765423774719,Yes
1053,0.6112294793128967,Yes
1054,0.7250098586082458,Yes
1055,0.5805917978286743,Yes
1056,0.7189578413963318,Yes
1057,0.6314734816551208,Yes
1058,0.628860354423523,Yes
1059,0.5969716906547546,Yes
1060,0.6327669620513916,Yes
1061,0.5750098824501038,Yes
1062,0.5791558027267456,Yes
1063,0.4865666925907135,No
1064,0.5892360806465149,Yes
1065,0.5127138495445251,Yes
1066,0.6023135185241699,Yes
1067,0.5741453170776367,Yes
1068,0.5157947540283203,Yes
1069,0.5538908243179321,Yes
1070,0.7120563387870789,Yes
1071,0.6739611029624939,Yes
1072,0.7555572986602783,Yes
1073,0.6111491322517395,Yes
1074,0.7260555028915405,Yes
1075,0.6434796452522278,Yes
1076,0.6834068298339844,Yes
1077,0.617475152015686,Yes
1078,0.6366502642631531,Yes
1079,0.620796799659729,Yes
1080,0.6005988717079163,Yes
1081,0.5553696155548096,Yes
1082,0.5339660048484802,Yes
1083,0.4457955062389374,No
1084,0.5656265020370483,Yes
1085,0.4960910677909851,No
1086,0.5732415318489075,Yes
1087,0.5735776424407959,Yes
1088,0.43100863695144653,No
1089,0.43654221296310425,No
1090,0.6899225115776062,Yes
1091,0.6303417086601257,Yes
1092,0.7155391573905945,Yes
1093,0.6032027006149292,Yes
1094,0.6773532032966614,Yes
1095,0.5891496539115906,Yes
1096,0.6871058940887451,Yes
1097,0.5923390984535217,Yes
1098,0.6020983457565308,Yes
1099,0.5963906645774841,Yes
1100,0.6062116026878357,Yes
1101,0.5675826072692871,Yes
1102,0.540340781211853,Yes
1103,0.47845152020454407,No
1104,0.5773916244506836,Yes
1105,0.5065717101097107,Yes
1106,0.5829640626907349,Yes
1107,0.6372466087341309,Yes
1108,0.5238107442855835,Yes
1109,0.5473828315734863,Yes
1110,0.7015871405601501,Yes
1111,0.6894664764404297,Yes
1112,0.6814365983009338,Yes
1113,0.659069836139679,Yes
1114,0.6778678297996521,Yes
1115,0.6015102863311768,Yes
1116,0.6813713312149048,Yes
1117,0.6434479355812073,Yes
1118,0.6423168778419495,Yes
1119,0.6391844153404236,Yes
1120,0.5746422410011292,Yes
1121,0.5678873062133789,Yes
1122,0.5744568109512329,Yes
1123,0.4829007685184479,No
1124,0.5705568790435791,Yes
1125,0.4999990165233612,No
1126,0.6177188158035278,Yes
1127,0.574863612651825,Yes
1128,0.535211980342865,Yes
1129,0.5454486608505249,Yes
1130,0.6466735005378723,Yes
1131,0.577111542224884,Yes
1132,0.7397553324699402,Yes
1133,0.6539566516876221,Yes
1134,0.7062480449676514,Yes
1135,0.6363168954849243,Yes
1136,0.6913506388664246,Yes
1137,0.6275970935821533,Yes
1138,0.6185367703437805,Yes
1139,0.6215977072715759,Yes
1140,0.6282458305358887,Yes
1141,0.5895349383354187,Yes
1142,0.6410254836082458,Yes
1143,0.5603663921356201,Yes
1144,0.5764589309692383,Yes
1145,0.5580359101295471,Yes
1146,0.5885035395622253,Yes
1147,0.5907897353172302,Yes
1148,0.44680121541023254,No
1149,0.49977970123291016,No
1150,0.6796723008155823,Yes
1151,0.6252594590187073,Yes
1152,0.6712678074836731,Yes
1153,0.6507633924484253,Yes
1154,0.7207615375518799,Yes
1155,0.6640880703926086,Yes
1156,0.6855120658874512,Yes
1157,0.600459635257721,Yes
1158,0.5886136889457703,Yes
1159,0.5798019170761108,Yes
1160,0.6276187896728516,Yes
1161,0.588795006275177,Yes
1162,0.5957211852073669,Yes
1163,0.5129024982452393,Yes
1164,0.54254549741745,Yes
1165,0.47306543588638306,No
1166,0.6570886969566345,Yes
1167,0.6232007741928101,Yes
1168,0.5715804696083069,Yes
1169,0.5965338349342346,Yes
1170,0.7007097601890564,Yes
1171,0.6721707582473755,Yes
1172,0.68292236328125,Yes
1173,0.6236836314201355,Yes
1174,0.6753014326095581,Yes
1175,0.5825152397155762,Yes
1176,0.6402904391288757,Yes
1177,0.6287485361099243,Yes
1178,0.6148958206176758,Yes
1179,0.6398271918296814,Yes
1180,0.6565055251121521,Yes
1181,0.63321453332901,Yes
1182,0.6077099442481995,Yes
1183,0.559522807598114,Yes
1184,0.6552274823188782,Yes
1185,0.6164838671684265,Yes
1186,0.6376775503158569,Yes
1187,0.6366245150566101,Yes
1188,0.5794448852539062,Yes
1189,0.6114637851715088,Yes
1190,0.7201108932495117,Yes
1191,0.6908687353134155,Yes
1192,0.6842728853225708,Yes
1193,0.6494853496551514,Yes
1194,0.6958587169647217,Yes
1195,0.6513429880142212,Yes
1196,0.667612612247467,Yes
1197,0.6419541239738464,Yes
1198,0.6295526027679443,Yes
1199,0.6302391290664673,Yes
1200,0.5260837078094482,Yes
1201,0.5756061673164368,Yes
1202,0.5454872250556946,Yes
1203,0.5163511633872986,Yes
1204,0.5321568250656128,Yes
1205,0.4594518840312958,No
1206,0.6151512265205383,Yes
1207,0.655491292476654,Yes
1208,0.5003735423088074,Yes
1209,0.577509343624115,Yes
1210,0.6473963260650635,Yes
1211,0.699217677116394,Yes
1212,0.6489750146865845,Yes
1213,0.687122642993927,Yes
1214,0.6677719950675964,Yes
1215,0.6453632116317749,Yes
1216,0.6783359050750732,Yes
1217,0.6764994859695435,Yes
1218,0.6488744020462036,Yes
1219,0.6595207452774048,Yes
1220,0.5338656306266785,Yes
1221,0.5577320456504822,Yes
1222,0.5435310006141663,Yes
1223,0.6042391061782837,Yes
1224,0.5284043550491333,Yes
1225,0.5487727522850037,Yes
1226,0.5383139848709106,Yes
1227,0.6268378496170044,Yes
1228,0.4707983434200287,No
1229,0.5751484632492065,Yes
1230,0.6049800515174866,Yes
1231,0.7002578973770142,Yes
1232,0.5737622976303101,Yes
1233,0.6882056593894958,Yes
1234,0.6451544165611267,Yes
1235,0.6972689032554626,Yes
1236,0.61272794008255,Yes
1237,0.6806672215461731,Yes
1238,0.5896232724189758,Yes
1239,0.6138924956321716,Yes
1240,0.5385580062866211,Yes
1241,0.5452775359153748,Yes
1242,0.4700045883655548,No
1243,0.49718451499938965,No
1244,0.46140992641448975,No
1245,0.45789849758148193,No
1246,0.5588756203651428,Yes
1247,0.615095317363739,Yes
1248,0.4290285110473633,No
1249,0.48561593890190125,No
1250,0.5994467735290527,Yes
1251,0.6816076636314392,Yes
1252,0.6415715217590332,Yes
1253,0.6665286421775818,Yes
1254,0.6679280996322632,Yes
1255,0.680973470211029,Yes
1256,0.6439573764801025,Yes
1257,0.6623402237892151,Yes
1258,0.5603092908859253,Yes
1259,0.6155503392219543,Yes
1260,0.5743719339370728,Yes
1261,0.597530722618103,Yes
1262,0.5345066785812378,Yes
1263,0.5278035998344421,Yes
1264,0.5359325408935547,Yes
1265,0.5506514310836792,Yes
1266,0.605843722820282,Yes
1267,0.642265260219574,Yes
1268,0.5787872672080994,Yes
1269,0.5749422907829285,Yes
1270,0.6535112261772156,Yes
1271,0.6766905188560486,Yes
1272,0.647941529750824,Yes
1273,0.6839234232902527,Yes
1274,0.6713902354240417,Yes
1275,0.6948381662368774,Yes
1276,0.6456084847450256,Yes
1277,0.6733121871948242,Yes
1278,0.634802520275116,Yes
1279,0.6303645968437195,Yes
1280,0.501390278339386,Yes
1281,0.539070725440979,Yes
1282,0.5395284295082092,Yes
1283,0.5330727696418762,Yes
1284,0.4730626046657562,No
1285,0.4747614860534668,No
1286,0.6004354357719421,Yes
1287,0.6850042939186096,Yes
1288,0.5087386965751648,Yes
1289,0.5416446924209595,Yes
1290,0.5955548286437988,Yes
1291,0.6943024396896362,Yes
1292,0.641367495059967,Yes
1293,0.6846714615821838,Yes
1294,0.624233067035675,Yes
1295,0.6745472550392151,Yes
1296,0.5873864889144897,Yes
1297,0.6403605937957764,Yes
1298,0.5453810095787048,Yes
1299,0.626937210559845,Yes
1300,0.5989624261856079,Yes
1301,0.5927876830101013,Yes
1302,0.5779450535774231,Yes
1303,0.5461782217025757,Yes
1304,0.6093523502349854,Yes
1305,0.6118535995483398,Yes
1306,0.587958574295044,Yes
1307,0.637091338634491,Yes
1308,0.49313119053840637,No
1309,0.5608016848564148,Yes
1310,0.6791142225265503,Yes
1311,0.7095522284507751,Yes
1312,0.6798200011253357,Yes
1313,0.6721892952919006,Yes
1314,0.6591407656669617,Yes
1315,0.6750708222389221,Yes
1316,0.622802734375,Yes
1317,0.6425299048423767,Yes
1318,0.6680123805999756,Yes
1319,0.6457377672195435,Yes
1320,0.6084876656532288,Yes
1321,0.5496013164520264,Yes
1322,0.47334641218185425,No
1323,0.4675350487232208,No
1324,0.5014513731002808,Yes
1325,0.476606160402298,No
1326,0.5986998081207275,Yes
1327,0.6192899942398071,Yes
1328,0.516176164150238,Yes
1329,0.53580641746521,Yes
1330,0.6856803297996521,Yes
1331,0.6886171698570251,Yes
1332,0.6744765639305115,Yes
1333,0.6749276518821716,Yes
1334,0.6579545736312866,Yes
1335,0.6616548299789429,Yes
1336,0.6604815125465393,Yes
1337,0.6600039601325989,Yes
1338,0.6240459084510803,Yes
1339,0.5875219702720642,Yes
1340,0.5252174139022827,Yes
1341,0.6092377305030823,Yes
1342,0.4808352589607239,No
1343,0.5402907133102417,Yes
1344,0.5207318067550659,Yes
1345,0.520251989364624,Yes
1346,0.5662693381309509,Yes
1347,0.6584342122077942,Yes
1348,0.4195128381252289,No
1349,0.5228687524795532,Yes
1350,0.6441217064857483,Yes
1351,0.7173026204109192,Yes
1352,0.5784003734588623,Yes
1353,0.6892274022102356,Yes
1354,0.6385453343391418,Yes
1355,0.6851930022239685,Yes
1356,0.5973581671714783,Yes
1357,0.6833006143569946,Yes
1358,0.5881075263023376,Yes
1359,0.6385538578033447,Yes
1360,0.47092604637145996,No
1361,0.5267713665962219,Yes
1362,0.47789567708969116,No
1363,0.5138400197029114,Yes
1364,0.5463932156562805,Yes
1365,0.5354529619216919,Yes
1366,0.517385721206665,Yes
1367,0.60739666223526,Yes
1368,0.41263553500175476,No
1369,0.5212188959121704,Yes
1370,0.6153876185417175,Yes
1371,0.6885737180709839,Yes
1372,0.5924586653709412,Yes
1373,0.6706320643424988,Yes
1374,0.5513239502906799,Yes
1375,0.6020700335502625,Yes
1376,0.5681687593460083,Yes
1377,0.6502346396446228,Yes
1378,0.586579442024231,Yes
1379,0.5988008975982666,Yes
1380,0.4601368308067322,No
1381,0.5049317479133606,Yes
1382,0.466097354888916,No
1383,0.5085488557815552,Yes
1384,0.5794072151184082,Yes
1385,0.5776206254959106,Yes
1386,0.5792171955108643,Yes
1387,0.6646487712860107,Yes
1388,0.4255088269710541,No
1389,0.535413384437561,Yes
1390,0.6594310402870178,Yes
1391,0.703603982925415,Yes
1392,0.6300050020217896,Yes
1393,0.6540555357933044,Yes
1394,0.558136522769928,Yes
1395,0.5893350839614868,Yes
1396,0.6022314429283142,Yes
1397,0.6371116638183594,Yes
1398,0.6176697611808777,Yes
1399,0.638411819934845,Yes
1400,0.5995452404022217,Yes
1401,0.6099336743354797,Yes
1402,0.5118402242660522,Yes
1403,0.4678104519844055,No
1404,0.6076120138168335,Yes
1405,0.5650414824485779,Yes
1406,0.5842427015304565,Yes
1407,0.6442158222198486,Yes
1408,0.4904538691043854,No
1409,0.577578067779541,Yes
1410,0.6566237211227417,Yes
1411,0.668891191482544,Yes
1412,0.6839072108268738,Yes
1413,0.6727705001831055,Yes
1414,0.6218796372413635,Yes
1415,0.6405368447303772,Yes
1416,0.626619279384613,Yes
1417,0.6519522070884705,Yes
1418,0.6219220757484436,Yes
1419,0.6340169906616211,Yes
1420,0.5319202542304993,Yes
1421,0.5627988576889038,Yes
1422,0.5393789410591125,Yes
1423,0.5397117733955383,Yes
1424,0.6074232459068298,Yes
1425,0.5628359913825989,Yes
1426,0.6643343567848206,Yes
1427,0.6909875273704529,Yes
1428,0.569929838180542,Yes
1429,0.6108452081680298,Yes
1430,0.6793416142463684,Yes
1431,0.6705676913261414,Yes
1432,0.6380435228347778,Yes
1433,0.6632816791534424,Yes
1434,0.6907069683074951,Yes
1435,0.6987602710723877,Yes
1436,0.6444405913352966,Yes
1437,0.6603541970252991,Yes
1438,0.5986163020133972,Yes
1439,0.6471068859100342,Yes
1440,0.5202643871307373,Yes
1441,0.5173280835151672,Yes
1442,0.44407540559768677,No
1443,0.4949227571487427,No
1444,0.5924392938613892,Yes
1445,0.6376591920852661,Yes
1446,0.5602385401725769,Yes
1447,0.6237338185310364,Yes
1448,0.3978351354598999,No
1449,0.48471903800964355,No
1450,0.6023799777030945,Yes
1451,0.7023385763168335,Yes
1452,0.6320971846580505,Yes
1453,0.7072252631187439,Yes
1454,0.6368748545646667,Yes
1455,0.6951870918273926,Yes
1456,0.6617429256439209,Yes
1457,0.6807816624641418,Yes
1458,0.5597051978111267,Yes
1459,0.6143336296081543,Yes
1460,0.5795486569404602,Yes
1461,0.5706028342247009,Yes
1462,0.522979736328125,Yes
1463,0.5243967771530151,Yes
1464,0.5450218915939331,Yes
1465,0.5183786153793335,Yes
1466,0.558417022228241,Yes
1467,0.64396733045578,Yes
1468,0.4810742139816284,No
1469,0.5531903505325317,Yes
1470,0.6620818972587585,Yes
1471,0.6888904571533203,Yes
1472,0.606117844581604,Yes
1473,0.6779706478118896,Yes
1474,0.6475108861923218,Yes
1475,0.6666386723518372,Yes
1476,0.6223026514053345,Yes
1477,0.65122389793396,Yes
1478,0.5943232774734497,Yes
1479,0.609943687915802,Yes
1480,0.556032121181488,Yes
1481,0.569412112236023,Yes
1482,0.47319915890693665,No
1483,0.46290722489356995,No
1484,0.548995852470398,Yes
1485,0.5255271792411804,Yes
1486,0.5304813981056213,Yes
1487,0.6210979223251343,Yes
1488,0.40936559438705444,No
1489,0.4741857945919037,No
1490,0.6559088826179504,Yes
1491,0.6921795010566711,Yes
1492,0.6460490822792053,Yes
1493,0.6521307229995728,Yes
1494,0.5978087186813354,Yes
1495,0.6617136001586914,Yes
1496,0.6353606581687927,Yes
1497,0.6459347009658813,Yes
1498,0.592827558517456,Yes
1499,0.6272275447845459,Yes
1500,0.5784788727760315,Yes
1501,0.5816308856010437,Yes
1502,0.527849018573761,Yes
1503,0.4900222420692444,No
1504,0.5126680731773376,Yes
1505,0.49336910247802734,No
1506,0.5840961337089539,Yes
1507,0.6555850505828857,Yes
1508,0.5312403440475464,Yes
1509,0.5523490309715271,Yes
1510,0.6768568754196167,Yes
1511,0.7155853509902954,Yes
1512,0.6682178974151611,Yes
1513,0.6720418930053711,Yes
1514,0.6451485753059387,Yes
1515,0.6585776209831238,Yes
1516,0.6812378764152527,Yes
1517,0.6446059942245483,Yes
1518,0.6312336921691895,Yes
1519,0.6323559284210205,Yes
1520,0.5007168054580688,Yes
1521,0.5541499257087708,Yes
1522,0.5024677515029907,Yes
1523,0.49219071865081787,No
1524,0.5672757029533386,Yes
1525,0.545472264289856,Yes
1526,0.5674855709075928,Yes
1527,0.6317909955978394,Yes
1528,0.5158808827400208,Yes
1529,0.5392453074455261,Yes
1530,0.6016389727592468,Yes
1531,0.6696653366088867,Yes
1532,0.66036057472229,Yes
1533,0.6760464906692505,Yes
1534,0.6637510657310486,Yes
1535,0.6726673245429993,Yes
1536,0.6463822722434998,Yes
1537,0.6402215957641602,Yes
1538,0.6066938638687134,Yes
1539,0.6409857869148254,Yes
1540,0.6032407879829407,Yes
1541,0.5944510698318481,Yes
1542,0.6111792325973511,Yes
1543,0.6057818531990051,Yes
1544,0.537866473197937,Yes
1545,0.541709840297699,Yes
1546,0.5735183954238892,Yes
1547,0.6196736693382263,Yes
1548,0.43228885531425476,No
1549,0.5196037292480469,Yes
1550,0.6801522970199585,Yes
1551,0.6526854634284973,Yes
1552,0.6438869833946228,Yes
1553,0.6707490086555481,Yes
1554,0.7087704539299011,Yes
1555,0.7063901424407959,Yes
1556,0.6320993304252625,Yes
1557,0.6418523788452148,Yes
1558,0.595447838306427,Yes
1559,0.5935627818107605,Yes
1560,0.5725129842758179,Yes
1561,0.5801867842674255,Yes
1562,0.5703814625740051,Yes
1563,0.5442191362380981,Yes
1564,0.5564463138580322,Yes
1565,0.5205695629119873,Yes
1566,0.6406311988830566,Yes
1567,0.6355447769165039,Yes
1568,0.5707887411117554,Yes
1569,0.5844898223876953,Yes
1570,0.6925901770591736,Yes
1571,0.699745237827301,Yes
1572,0.666405439376831,Yes
1573,0.6292509436607361,Yes
1574,0.6578738689422607,Yes
1575,0.649408221244812,Yes
1576,0.596200704574585,Yes
1577,0.6348417401313782,Yes
1578,0.638757586479187,Yes
1579,0.6486517190933228,Yes
1580,0.6194896101951599,Yes
1581,0.6161423325538635,Yes
1582,0.5804159045219421,Yes
1583,0.5611134767532349,Yes
1584,0.6245558857917786,Yes
1585,0.6132052540779114,Yes
1586,0.6400504112243652,Yes
1587,0.6615357398986816,Yes
1588,0.5466845631599426,Yes
1589,0.5893039107322693,Yes
1590,0.699819803237915,Yes
1591,0.7049387693405151,Yes
1592,0.6715830564498901,Yes
1593,0.6501572132110596,Yes
1594,0.6519775986671448,Yes
1595,0.6633874177932739,Yes
1596,0.6244103312492371,Yes
1597,0.6519482135772705,Yes
1598,0.6383407115936279,Yes
1599,0.648301362991333,Yes
1600,0.5349932312965393,Yes
1601,0.5148518681526184,Yes
1602,0.4512921869754791,No
1603,0.49686798453330994,No
1604,0.46485596895217896,No
1605,0.4151427745819092,No
1606,0.5879768133163452,Yes
1607,0.5595756769180298,Yes
1608,0.43083885312080383,No
1609,0.4385892152786255,No
1610,0.5644127130508423,Yes
1611,0.5745360255241394,Yes
1612,0.5974582433700562,Yes
1613,0.6133425235748291,Yes
1614,0.5496001839637756,Yes
1615,0.5540921688079834,Yes
1616,0.5597659349441528,Yes
1617,0.5761166214942932,Yes
1618,0.5863634943962097,Yes
1619,0.5593820810317993,Yes
1620,0.4763394594192505,No
1621,0.43961063027381897,No
1622,0.5097885727882385,Yes
1623,0.5427922606468201,Yes
1624,0.5073873400688171,Yes
1625,0.4847070872783661,No
1626,0.49644631147384644,No
1627,0.5328024625778198,Yes
1628,0.42387303709983826,No
1629,0.42246073484420776,No
1630,0.5272114872932434,Yes
1631,0.5096712708473206,Yes
1632,0.6191444993019104,Yes
1633,0.6060625910758972,Yes
1634,0.5384025573730469,Yes
1635,0.4762609302997589,No
1636,0.514153242111206,Yes
1637,0.4977535903453827,No
1638,0.568912923336029,Yes
1639,0.5281401872634888,Yes
1640,0.4980661869049072,No
1641,0.4775516092777252,No
1642,0.4492413401603699,No
1643,0.5100962519645691,Yes
1644,0.4469797611236572,No
1645,0.39884886145591736,No
1646,0.5249723792076111,Yes
1647,0.5442343950271606,Yes
1648,0.46492740511894226,No
1649,0.4447043538093567,No
1650,0.5306271910667419,Yes
1651,0.49768367409706116,No
1652,0.6258959770202637,Yes
1653,0.6264426112174988,Yes
1654,0.6089467406272888,Yes
1655,0.5810560584068298,Yes
1656,0.5513315796852112,Yes
1657,0.5761937499046326,Yes
1658,0.5693439245223999,Yes
1659,0.5202426910400391,Yes
1660,0.5112950801849365,Yes
1661,0.5125023126602173,Yes
1662,0.49657362699508667,No
1663,0.5354164242744446,Yes
1664,0.4613705575466156,No
1665,0.4422823190689087,No
1666,0.5166403651237488,Yes
1667,0.5487345457077026,Yes
1668,0.5341986417770386,Yes
1669,0.5399814248085022,Yes
1670,0.5740975141525269,Yes
1671,0.5920072793960571,Yes
1672,0.6374290585517883,Yes
1673,0.6520123481750488,Yes
1674,0.5811160206794739,Yes
1675,0.5946393013000488,Yes
1676,0.5250658988952637,Yes
1677,0.5833309292793274,Yes
1678,0.5772114396095276,Yes
1679,0.5719743371009827,Yes
1680,0.5450997948646545,Yes
1681,0.4881581664085388,No
1682,0.49539220333099365,No
1683,0.5402083396911621,Yes
1684,0.46259480714797974,No
1685,0.41106894612312317,No
1686,0.4604700803756714,No
1687,0.521722674369812,Yes
1688,0.5137803554534912,Yes
1689,0.510554313659668,Yes
1690,0.5350244045257568,Yes
1691,0.5139161348342896,Yes
1692,0.623734712600708,Yes
1693,0.5708391666412354,Yes
1694,0.5288549065589905,Yes
1695,0.5177792310714722,Yes
1696,0.5443980097770691,Yes
1697,0.5161084532737732,Yes
1698,0.4784471094608307,No
1699,0.464996874332428,No
1700,0.5229380130767822,Yes
1701,0.5331331491470337,Yes
1702,0.5052542090415955,Yes
1703,0.5205397605895996,Yes
1704,0.5142754316329956,Yes
1705,0.4398397207260132,No
1706,0.4234286844730377,No
1707,0.48453614115715027,No
1708,0.517973780632019,Yes
1709,0.5040819644927979,Yes
1710,0.6259015202522278,Yes
1711,0.6045340299606323,Yes
1712,0.6486307978630066,Yes
1713,0.6223814487457275,Yes
1714,0.6110690832138062,Yes
1715,0.5069287419319153,Yes
1716,0.5495267510414124,Yes
1717,0.555985152721405,Yes
1718,0.6213908791542053,Yes
1719,0.5809813141822815,Yes
1720,0.5372875332832336,Yes
1721,0.5213238000869751,Yes
1722,0.37352418899536133,No
1723,0.44146841764450073,No
1724,0.45431268215179443,No
1725,0.420657217502594,No
1726,0.5230384469032288,Yes
1727,0.49652808904647827,No
1728,0.46915438771247864,No
1729,0.4407837986946106,No
1730,0.6087015271186829,Yes
1731,0.6386937499046326,Yes
1732,0.639738142490387,Yes
1733,0.6027786731719971,Yes
1734,0.48282065987586975,No
1735,0.518860399723053,Yes
1736,0.4899030029773712,No
1737,0.5523338913917542,Yes
1738,0.5343363881111145,Yes
1739,0.4901531934738159,No
1740,0.49933183193206787,No
1741,0.4771521985530853,No
1742,0.40754708647727966,No
1743,0.46952423453330994,No
1744,0.47766226530075073,No
1745,0.4311770796775818,No
1746,0.495308518409729,No
1747,0.5358191728591919,Yes
1748,0.43274855613708496,No
1749,0.4247337877750397,No
1750,0.5442140698432922,Yes
1751,0.5344001650810242,Yes
1752,0.6061230301856995,Yes
1753,0.6173508763313293,Yes
1754,0.5265911221504211,Yes
1755,0.4773384630680084,No
1756,0.5007772445678711,Yes
1757,0.4946739673614502,No
1758,0.5624627470970154,Yes
1759,0.5342713594436646,Yes
1760,0.4560382068157196,No
1761,0.45267626643180847,No
1762,0.42669951915740967,No
1763,0.49850228428840637,No
1764,0.4885199964046478,No
1765,0.46586713194847107,No
1766,0.4107554256916046,No
1767,0.46881020069122314,No
1768,0.4842939078807831,No
1769,0.4457107186317444,No
1770,0.5031131505966187,Yes
1771,0.48390477895736694,No
1772,0.5886537432670593,Yes
1773,0.5835996866226196,Yes
1774,0.54729825258255,Yes
1775,0.4815240800380707,No
1776,0.5728731751441956,Yes
1777,0.5898943543434143,Yes
1778,0.5260774493217468,Yes
1779,0.5099321603775024,Yes
1780,0.4539925456047058,No
1781,0.4260631203651428,No
1782,0.43161725997924805,No
1783,0.49211385846138,No
1784,0.5243121385574341,Yes
1785,0.4789937138557434,No
1786,0.5068151354789734,Yes
1787,0.5282182693481445,Yes
1788,0.5003971457481384,Yes
1789,0.4665820598602295,No
1790,0.5805416107177734,Yes
1791,0.582436203956604,Yes
1792,0.6033837199211121,Yes
1793,0.5836228132247925,Yes
1794,0.5644062757492065,Yes
1795,0.4952224791049957,No
1796,0.5147754549980164,Yes
1797,0.5297515988349915,Yes
1798,0.5735461115837097,Yes
1799,0.5369845032691956,Yes
1800,0.5447041392326355,Yes
1801,0.5114867687225342,Yes
1802,0.4272117018699646,No
1803,0.47013214230537415,No
1804,0.5080994963645935,Yes
1805,0.4549226760864258,No
1806,0.4293803870677948,No
1807,0.4665214419364929,No
1808,0.5390800833702087,Yes
1809,0.5384761691093445,Yes
1810,0.5904156565666199,Yes
1811,0.5977916717529297,Yes
1812,0.6427726149559021,Yes
1813,0.6562213897705078,Yes
1814,0.5356898903846741,Yes
1815,0.5637667179107666,Yes
1816,0.5692364573478699,Yes
1817,0.5905410051345825,Yes
1818,0.6246625185012817,Yes
1819,0.5796806216239929,Yes
1820,0.53348708152771,Yes
1821,0.4959605932235718,No
1822,0.47502559423446655,No
1823,0.5090677738189697,Yes
1824,0.5013027191162109,Yes
1825,0.4580656588077545,No
1826,0.585453450679779,Yes
1827,0.5728455185890198,Yes
1828,0.4791141748428345,No
1829,0.49387696385383606,No
1830,0.6019677519798279,Yes
1831,0.609402060508728,Yes
1832,0.5892931818962097,Yes
1833,0.6163216233253479,Yes
1834,0.6089372634887695,Yes
1835,0.6107738018035889,Yes
1836,0.5605067610740662,Yes
1837,0.5970463752746582,Yes
1838,0.5390930771827698,Yes
1839,0.5200937390327454,Yes
1840,0.48966631293296814,No
1841,0.46687597036361694,No
1842,0.4315585792064667,No
1843,0.4458681344985962,No
1844,0.4961339235305786,No
1845,0.4630894660949707,No
1846,0.4824622869491577,No
1847,0.5231178998947144,Yes
1848,0.41509929299354553,No
1849,0.3908389210700989,No
1850,0.5660593509674072,Yes
1851,0.5081486105918884,Yes
1852,0.6144737005233765,Yes
1853,0.5784908533096313,Yes
1854,0.5655266046524048,Yes
1855,0.46420684456825256,No
1856,0.5907478928565979,Yes
1857,0.5775460004806519,Yes
1858,0.5283613204956055,Yes
1859,0.48996400833129883,No
1860,0.5453397035598755,Yes
1861,0.5204209089279175,Yes
1862,0.4753054976463318,No
1863,0.49775373935699463,No
1864,0.4986082911491394,No
1865,0.4266245365142822,No
1866,0.4402257204055786,No
1867,0.5073639154434204,Yes
1868,0.4950135052204132,No
1869,0.4704180657863617,No
1870,0.6184074282646179,Yes
1871,0.607632040977478,Yes
1872,0.6341712474822998,Yes
1873,0.5927635431289673,Yes
1874,0.6189220547676086,Yes
1875,0.5497038960456848,Yes
1876,0.5586333870887756,Yes
1877,0.5720683932304382,Yes
1878,0.5884009003639221,Yes
1879,0.5543224215507507,Yes
1880,0.5119759440422058,Yes
1881,0.48529741168022156,No
1882,0.45473721623420715,No
1883,0.5063773393630981,Yes
1884,0.5057142376899719,Yes
1885,0.4388510286808014,No
1886,0.41618284583091736,No
1887,0.4958111047744751,No
1888,0.4234721064567566,No
1889,0.37950199842453003,No
1890,0.5796329379081726,Yes
1891,0.5822157859802246,Yes
1892,0.6075013279914856,Yes
1893,0.5885620713233948,Yes
1894,0.5860954523086548,Yes
1895,0.5278226733207703,Yes
1896,0.5376627445220947,Yes
1897,0.5363178253173828,Yes
1898,0.5306211709976196,Yes
1899,0.4826938211917877,No
1900,0.5218111872673035,Yes
1901,0.5102238655090332,Yes
1902,0.48679739236831665,No
1903,0.5210321545600891,Yes
1904,0.4729651212692261,No
1905,0.44292905926704407,No
1906,0.4869323670864105,No
1907,0.5553187727928162,Yes
1908,0.4641481637954712,No
1909,0.45249611139297485,No
1910,0.6111109852790833,Yes
1911,0.5798419713973999,Yes
1912,0.6295361518859863,Yes
1913,0.6202040314674377,Yes
1914,0.5171816945075989,Yes
1915,0.5104395747184753,Yes
1916,0.5545198917388916,Yes
1917,0.6038796305656433,Yes
1918,0.5768728256225586,Yes
1919,0.5324222445487976,Yes
1920,0.5520318746566772,Yes
1921,0.5067553520202637,Yes
1922,0.49166151881217957,No
1923,0.5235658288002014,Yes
1924,0.4970709979534149,No
1925,0.4360892176628113,No
1926,0.5036617517471313,Yes
1927,0.5175827741622925,Yes
1928,0.5159645080566406,Yes
1929,0.4769122898578644,No
1930,0.5072011351585388,Yes
1931,0.49001556634902954,No
1932,0.6543451547622681,Yes
1933,0.6262704133987427,Yes
1934,0.5797000527381897,Yes
1935,0.5419495105743408,Yes
1936,0.5489107370376587,Yes
1937,0.5714460015296936,Yes
1938,0.5496686100959778,Yes
1939,0.5032512545585632,Yes
1940,0.5556318759918213,Yes
1941,0.5383358597755432,Yes
1942,0.5407810807228088,Yes
1943,0.5738279223442078,Yes
1944,0.5237866640090942,Yes
1945,0.5120223760604858,Yes
1946,0.47087329626083374,No
1947,0.5219634771347046,Yes
1948,0.45440372824668884,No
1949,0.42625027894973755,No
1950,0.621293306350708,Yes
1951,0.5799509286880493,Yes
1952,0.5973724126815796,Yes
1953,0.6363142132759094,Yes
1954,0.6060894131660461,Yes
1955,0.5402854084968567,Yes
1956,0.5607675313949585,Yes
1957,0.569685697555542,Yes
1958,0.5379182696342468,Yes
1959,0.5087575316429138,Yes
1960,0.5492799282073975,Yes
1961,0.5463870763778687,Yes
1962,0.4952824115753174,No
1963,0.5147790312767029,Yes
1964,0.46704649925231934,No
1965,0.42992615699768066,No
1966,0.5167830586433411,Yes
1967,0.5481671690940857,Yes
1968,0.5252659916877747,Yes
1969,0.4920787215232849,No
1970,0.6148391962051392,Yes
1971,0.6298065781593323,Yes
1972,0.5994346141815186,Yes
1973,0.6060700416564941,Yes
1974,0.5459161996841431,Yes
1975,0.5079492926597595,Yes
1976,0.5203894376754761,Yes
1977,0.5666204690933228,Yes
1978,0.5557972192764282,Yes
1979,0.5196976065635681,Yes
1980,0.5784463286399841,Yes
1981,0.5776696801185608,Yes
1982,0.5194116234779358,Yes
1983,0.5474028587341309,Yes
1984,0.572978675365448,Yes
1985,0.5434964299201965,Yes
1986,0.5474493503570557,Yes
1987,0.575280487537384,Yes
1988,0.5399772524833679,Yes
1989,0.5259808897972107,Yes
1990,0.6512933969497681,Yes
1991,0.6485183835029602,Yes
1992,0.6170545220375061,Yes
1993,0.6273521184921265,Yes
1994,0.5914864540100098,Yes
1995,0.5681288838386536,Yes
1996,0.5569748282432556,Yes
1997,0.592539370059967,Yes
1998,0.5664867162704468,Yes
1999,0.5371221303939819,Yes
2000,0.4726562201976776,No
2001,0.46330246329307556,No
2002,0.4395274221897125,No
2003,0.4997594952583313,No
2004,0.45905810594558716,No
2005,0.40315908193588257,No
2006,0.5152353644371033,Yes
2007,0.565353274345398,Yes
2008,0.47126176953315735,No
2009,0.44718658924102783,No
2010,0.5493139028549194,Yes
2011,0.6072604656219482,Yes
2012,0.5899336934089661,Yes
2013,0.6233967542648315,Yes
2014,0.5406184792518616,Yes
2015,0.5542388558387756,Yes
2016,0.5508094429969788,Yes
2017,0.6106206178665161,Yes
2018,0.5956243872642517,Yes
2019,0.5735083222389221,Yes
2020,0.45956340432167053,No
2021,0.45340168476104736,No
2022,0.4627079963684082,No
2023,0.5394464135169983,Yes
2024,0.4605773687362671,No
2025,0.45391976833343506,No
2026,0.4903325140476227,No
2027,0.5606905221939087,Yes
2028,0.4208391308784485,No
2029,0.44688355922698975,No
2030,0.5320783257484436,Yes
2031,0.5618994832038879,Yes
2032,0.5107470154762268,Yes
2033,0.6166775226593018,Yes
2034,0.5643563866615295,Yes
2035,0.5642687678337097,Yes
2036,0.5202038288116455,Yes
2037,0.5756714940071106,Yes
2038,0.5511003732681274,Yes
2039,0.5570441484451294,Yes
2040,0.4766933023929596,No
2041,0.5023798942565918,Yes
2042,0.42703962326049805,No
2043,0.5310103893280029,Yes
2044,0.4318557381629944,No
2045,0.41427457332611084,No
2046,0.5313605666160583,Yes
2047,0.5715345144271851,Yes
2048,0.45074719190597534,No
2049,0.4515805244445801,No
2050,0.5368911027908325,Yes
2051,0.5614480972290039,Yes
2052,0.5866084098815918,Yes
2053,0.6356837749481201,Yes
2054,0.5740829110145569,Yes
2055,0.5675932168960571,Yes
2056,0.5307496786117554,Yes
2057,0.6047113537788391,Yes
2058,0.5463426113128662,Yes
2059,0.5279417037963867,Yes
2060,0.515498161315918,Yes
2061,0.5201388597488403,Yes
2062,0.46183300018310547,No
2063,0.5073164105415344,Yes
2064,0.48368576169013977,No
2065,0.4824998378753662,No
2066,0.5083472728729248,Yes
2067,0.5727138519287109,Yes
2068,0.564629852771759,Yes
2069,0.5573973655700684,Yes
2070,0.5815395712852478,Yes
2071,0.6157634854316711,Yes
2072,0.6299652457237244,Yes
2073,0.6436514258384705,Yes
2074,0.5945054292678833,Yes
2075,0.6196275353431702,Yes
2076,0.5462507009506226,Yes
2077,0.6208794116973877,Yes
2078,0.5787585377693176,Yes
2079,0.5779073238372803,Yes
2080,0.4731026887893677,No
2081,0.44334468245506287,No
2082,0.5101491212844849,Yes
2083,0.5586587190628052,Yes
2084,0.44163885712623596,No
2085,0.4176974892616272,No
2086,0.4722139239311218,No
2087,0.5789492130279541,Yes
2088,0.4781804084777832,No
2089,0.48228761553764343,No
2090,0.5300580859184265,Yes
2091,0.5579787492752075,Yes
2092,0.5856700539588928,Yes
2093,0.5995358228683472,Yes
2094,0.50788813829422,Yes
2095,0.5321783423423767,Yes
2096,0.49596521258354187,No
2097,0.5718784332275391,Yes
2098,0.5096974968910217,Yes
2099,0.5185630917549133,Yes
2100,0.5115941762924194,Yes
2101,0.5344868898391724,Yes
2102,0.5011569857597351,Yes
2103,0.5231873393058777,Yes
2104,0.49834001064300537,No
2105,0.46481990814208984,No
2106,0.4393945634365082,No
2107,0.5253857970237732,Yes
2108,0.47583991289138794,No
2109,0.48276880383491516,No
2110,0.6384773254394531,Yes
2111,0.6367774605751038,Yes
2112,0.6340770125389099,Yes
2113,0.6241685748100281,Yes
2114,0.6181547045707703,Yes
2115,0.5672498345375061,Yes
2116,0.5285878777503967,Yes
2117,0.5735564827919006,Yes
2118,0.6150761246681213,Yes
2119,0.5846133828163147,Yes
2120,0.4922945201396942,No
2121,0.49913522601127625,No
2122,0.3814936876296997,No
2123,0.4721215069293976,No
2124,0.43084174394607544,No
2125,0.43445467948913574,No
2126,0.4825025200843811,No
2127,0.530823290348053,Yes
2128,0.45749741792678833,No
2129,0.4478069245815277,No
2130,0.6200668811798096,Yes
2131,0.6306648254394531,Yes
2132,0.625412106513977,Yes
2133,0.6088911890983582,Yes
2134,0.5239579677581787,Yes
2135,0.5565794110298157,Yes
2136,0.5174407362937927,Yes
2137,0.5939382314682007,Yes
2138,0.5568960905075073,Yes
2139,0.5070673227310181,Yes
2140,0.4473101496696472,No
2141,0.4464285671710968,No
2142,0.386586457490921,No
2143,0.4902215600013733,No
2144,0.46934548020362854,No
2145,0.43901345133781433,No
2146,0.4918510615825653,No
2147,0.5736891031265259,Yes
2148,0.4314393997192383,No
2149,0.45372575521469116,No
2150,0.543415367603302,Yes
2151,0.5866208672523499,Yes
2152,0.5698862671852112,Yes
2153,0.6517564058303833,Yes
2154,0.5455853343009949,Yes
2155,0.5500929355621338,Yes
2156,0.5101637840270996,Yes
2157,0.5830680131912231,Yes
2158,0.5512716174125671,Yes
2159,0.5570135712623596,Yes
2160,0.4130570888519287,No
2161,0.44382885098457336,No
2162,0.4382357895374298,No
2163,0.5289832353591919,Yes
2164,0.46473556756973267,No
2165,0.47682031989097595,No
2166,0.3819141089916229,No
2167,0.5061866044998169,Yes
2168,0.4338208734989166,No
2169,0.4398627281188965,No
2170,0.5132810473442078,Yes
2171,0.5450116991996765,Yes
2172,0.5468001365661621,Yes
2173,0.61529940366745,Yes
2174,0.5125224590301514,Yes
2175,0.5249906182289124,Yes
2176,0.5211003422737122,Yes
2177,0.6071625351905823,Yes
2178,0.5137051343917847,Yes
2179,0.5177804231643677,Yes
2180,0.41051334142684937,No
2181,0.4351680874824524,No
2182,0.4151384234428406,No
2183,0.5113645195960999,Yes
2184,0.5092805624008179,Yes
2185,0.507829487323761,Yes
2186,0.4805225431919098,No
2187,0.5717360973358154,Yes
2188,0.4394047260284424,No
2189,0.45127636194229126,No
2190,0.5645971298217773,Yes
2191,0.597754955291748,Yes
2192,0.5512674450874329,Yes
2193,0.5923277735710144,Yes
2194,0.5006296634674072,Yes
2195,0.5011292099952698,Yes
2196,0.5021932721138,Yes
2197,0.5744223594665527,Yes
2198,0.5748805999755859,Yes
2199,0.5631489753723145,Yes
2200,0.5320364236831665,Yes
2201,0.5146135687828064,Yes
2202,0.43005815148353577,No
2203,0.4895724654197693,No
2204,0.5172681212425232,Yes
2205,0.47261372208595276,No
2206,0.47036880254745483,No
2207,0.5265708565711975,Yes
2208,0.4805946350097656,No
2209,0.5074021816253662,Yes
2210,0.5566853284835815,Yes
2211,0.6063253283500671,Yes
2212,0.6238595843315125,Yes
2213,0.6150751709938049,Yes
2214,0.5505576133728027,Yes
2215,0.5860101580619812,Yes
2216,0.563567042350769,Yes
2217,0.5918798446655273,Yes
2218,0.6097486019134521,Yes
2219,0.583539605140686,Yes
2220,0.47156786918640137,No
2221,0.44695186614990234,No
2222,0.47519710659980774,No
2223,0.521012008190155,Yes
2224,0.5050802230834961,Yes
2225,0.4787120819091797,No
2226,0.5182327628135681,Yes
2227,0.5752744078636169,Yes
2228,0.5247682929039001,Yes
2229,0.52810138463974,Yes
2230,0.6209097504615784,Yes
2231,0.6084574460983276,Yes
2232,0.5741400122642517,Yes
2233,0.6072116494178772,Yes
2234,0.6068130135536194,Yes
2235,0.5918203592300415,Yes
2236,0.5193142294883728,Yes
2237,0.5810796022415161,Yes
2238,0.5501692891120911,Yes
2239,0.5384261608123779,Yes
2240,0.4676061272621155,No
2241,0.4849613606929779,No
2242,0.40714889764785767,No
2243,0.4748346209526062,No
2244,0.5051871538162231,Yes
2245,0.4857998490333557,No
2246,0.4215739965438843,No
2247,0.5322659015655518,Yes
2248,0.4027344286441803,No
2249,0.4080502688884735,No
2250,0.5297060012817383,Yes
2251,0.5490639805793762,Yes
2252,0.5706092715263367,Yes
2253,0.6323573589324951,Yes
2254,0.57269287109375,Yes
2255,0.5295156836509705,Yes
2256,0.5389502644538879,Yes
2257,0.6089924573898315,Yes
2258,0.5160013437271118,Yes
2259,0.5090263485908508,Yes
2260,0.5183942317962646,Yes
2261,0.533469021320343,Yes
2262,0.48527055978775024,No
2263,0.5274530649185181,Yes
2264,0.4871368408203125,No
2265,0.4406910538673401,No
2266,0.4435907006263733,No
2267,0.5623852610588074,Yes
2268,0.4672289788722992,No
2269,0.47643333673477173,No
2270,0.6167605519294739,Yes
2271,0.6226583123207092,Yes
2272,0.5868930220603943,Yes
2273,0.6294628977775574,Yes
2274,0.6075078845024109,Yes
2275,0.5800982117652893,Yes
2276,0.5306984186172485,Yes
2277,0.5842766761779785,Yes
2278,0.5758219361305237,Yes
2279,0.5667197108268738,Yes
2280,0.5012838244438171,Yes
2281,0.5120726227760315,Yes
2282,0.4109177589416504,No
2283,0.49772223830223083,No
2284,0.5109639763832092,Yes
2285,0.4767513573169708,No
2286,0.4108965992927551,No
2287,0.5409536361694336,Yes
2288,0.42595356702804565,No
2289,0.40714937448501587,No
2290,0.5593504905700684,Yes
2291,0.6201640963554382,Yes
2292,0.5667119026184082,Yes
2293,0.601377546787262,Yes
2294,0.56123286485672,Yes
2295,0.5691778659820557,Yes
2296,0.510696530342102,Yes
2297,0.5676233768463135,Yes
2298,0.5313393473625183,Yes
2299,0.511491596698761,Yes
2300,0.5219326615333557,Yes
2301,0.5277704000473022,Yes
2302,0.45884469151496887,No
2303,0.4998551607131958,No
2304,0.4321684241294861,No
2305,0.4387047290802002,No
2306,0.47350579500198364,No
2307,0.5470895767211914,Yes
2308,0.4449257552623749,No
2309,0.45700809359550476,No
2310,0.6036931872367859,Yes
2311,0.6038475036621094,Yes
2312,0.6180453300476074,Yes
2313,0.6177598834037781,Yes
2314,0.5287551283836365,Yes
2315,0.5682001709938049,Yes
2316,0.5756744742393494,Yes
2317,0.6045370101928711,Yes
2318,0.5692814588546753,Yes
2319,0.5422232747077942,Yes
2320,0.472337543964386,No
2321,0.46834251284599304,No
2322,0.44637298583984375,No
2323,0.5070438385009766,Yes
2324,0.4698294997215271,No
2325,0.4493097960948944,No
2326,0.49220791459083557,No
2327,0.5576381087303162,Yes
2328,0.5172262787818909,Yes
2329,0.49876195192337036,No
2330,0.5178753733634949,Yes
2331,0.5463552474975586,Yes
2332,0.5851413011550903,Yes
2333,0.6151785850524902,Yes
2334,0.5866873264312744,Yes
2335,0.5746394395828247,Yes
2336,0.5228428244590759,Yes
2337,0.5724502801895142,Yes
2338,0.5564506649971008,Yes
2339,0.5244925618171692,Yes
2340,0.5518093705177307,Yes
2341,0.5417572855949402,Yes
2342,0.5049875378608704,Yes
2343,0.5622498989105225,Yes
2344,0.48005950450897217,No
2345,0.46576517820358276,No
2346,0.505548357963562,Yes
2347,0.5517258644104004,Yes
2348,0.4507567286491394,No
2349,0.45089367032051086,No
2350,0.6222519278526306,Yes
2351,0.5982677936553955,Yes
2352,0.5916686654090881,Yes
2353,0.643531322479248,Yes
2354,0.6061096787452698,Yes
2355,0.5490089058876038,Yes
2356,0.5540047883987427,Yes
2357,0.5935999155044556,Yes
2358,0.5596601963043213,Yes
2359,0.5319714546203613,Yes
2360,0.5033908486366272,Yes
2361,0.529487133026123,Yes
2362,0.48522529006004333,No
2363,0.5246064066886902,Yes
2364,0.4792490005493164,No
2365,0.46141520142555237,No
2366,0.5225732922554016,Yes
2367,0.5572750568389893,Yes
2368,0.5428169965744019,Yes
2369,0.5291107892990112,Yes
2370,0.617785632610321,Yes
2371,0.644451916217804,Yes
2372,0.5901432037353516,Yes
2373,0.6011427640914917,Yes
2374,0.5609214305877686,Yes
2375,0.5581638216972351,Yes
2376,0.5208920240402222,Yes
2377,0.5853407979011536,Yes
2378,0.561510443687439,Yes
2379,0.5377876162528992,Yes
2380,0.5382466912269592,Yes
2381,0.5631732940673828,Yes
2382,0.5335700511932373,Yes
2383,0.5550189018249512,Yes
2384,0.5698767304420471,Yes
2385,0.5582152009010315,Yes
2386,0.5415585041046143,Yes
2387,0.5915989875793457,Yes
2388,0.5124688148498535,Yes
2389,0.5194181203842163,Yes
2390,0.6413012146949768,Yes
2391,0.6514435410499573,Yes
2392,0.6030053496360779,Yes
2393,0.6190434694290161,Yes
2394,0.555148720741272,Yes
2395,0.5672975182533264,Yes
2396,0.5510240197181702,Yes
2397,0.6078870892524719,Yes
2398,0.5752461552619934,Yes
2399,0.5519835948944092,Yes
2400,0.5750263333320618,Yes
2401,0.5772097110748291,Yes
2402,0.519075870513916,Yes
2403,0.45295533537864685,No
2404,0.4833083152770996,No
2405,0.45964425802230835,No
2406,0.6216291189193726,Yes
2407,0.5818288922309875,Yes
2408,0.5172228813171387,Yes
2409,0.536613941192627,Yes
2410,0.6119778156280518,Yes
2411,0.6202279925346375,Yes
2412,0.6534433960914612,Yes
2413,0.6487878561019897,Yes
2414,0.6320241689682007,Yes
2415,0.6173220276832581,Yes
2416,0.6503654718399048,Yes
2417,0.6308929920196533,Yes
2418,0.64986652135849,Yes
2419,0.6496641635894775,Yes
2420,0.5054154992103577,Yes
2421,0.5155383348464966,Yes
2422,0.5615475177764893,Yes
2423,0.5035999417304993,Yes
2424,0.5262500643730164,Yes
2425,0.5257328152656555,Yes
2426,0.5512711405754089,Yes
2427,0.562218964099884,Yes
2428,0.5006299614906311,Yes
2429,0.5356184244155884,Yes
2430,0.5850340723991394,Yes
2431,0.5964503884315491,Yes
2432,0.7117671370506287,Yes
2433,0.6054694056510925,Yes
2434,0.6377963423728943,Yes
2435,0.5904380083084106,Yes
2436,0.6453508138656616,Yes
2437,0.5471330285072327,Yes
2438,0.6474835276603699,Yes
2439,0.5814511775970459,Yes
2440,0.5757295489311218,Yes
2441,0.5498561859130859,Yes
2442,0.5320011973381042,Yes
2443,0.4370330274105072,No
2444,0.45565226674079895,No
2445,0.4476233124732971,No
2446,0.5682216882705688,Yes
2447,0.5581865310668945,Yes
2448,0.494932621717453,No
2449,0.4713641405105591,No
2450,0.5696739554405212,Yes
2451,0.5692390203475952,Yes
2452,0.7208519577980042,Yes
2453,0.6160964965820312,Yes
2454,0.6731141209602356,Yes
2455,0.6446712613105774,Yes
2456,0.6800383925437927,Yes
2457,0.612915575504303,Yes
2458,0.632993757724762,Yes
2459,0.5652845501899719,Yes
2460,0.5566301941871643,Yes
2461,0.5790535807609558,Yes
2462,0.5454155802726746,Yes
2463,0.5071215033531189,Yes
2464,0.478780597448349,No
2465,0.5058229565620422,Yes
2466,0.5434633493423462,Yes
2467,0.5808867812156677,Yes
2468,0.609214186668396,Yes
2469,0.6011545658111572,Yes
2470,0.6217231154441833,Yes
2471,0.6480141282081604,Yes
2472,0.6939622163772583,Yes
2473,0.6714414954185486,Yes
2474,0.6789985299110413,Yes
2475,0.6800556778907776,Yes
2476,0.6051146388053894,Yes
2477,0.6185725927352905,Yes
2478,0.6407447457313538,Yes
2479,0.6296146512031555,Yes
2480,0.5677202939987183,Yes
2481,0.5581735372543335,Yes
2482,0.5871685147285461,Yes
2483,0.49636387825012207,No
2484,0.44744017720222473,No
2485,0.44757357239723206,No
2486,0.5077297687530518,Yes
2487,0.5453153252601624,Yes
2488,0.5606270432472229,Yes
2489,0.4978482127189636,No
2490,0.5616663694381714,Yes
2491,0.5875309705734253,Yes
2492,0.6981312036514282,Yes
2493,0.6011927723884583,Yes
2494,0.5991820096969604,Yes
2495,0.5745206475257874,Yes
2496,0.6336525082588196,Yes
2497,0.5298733115196228,Yes
2498,0.5514062643051147,Yes
2499,0.5298054218292236,Yes
2500,0.5891832113265991,Yes
2501,0.5910667777061462,Yes
2502,0.5676208734512329,Yes
2503,0.4968355596065521,No
2504,0.4980437755584717,No
2505,0.5215845704078674,Yes
2506,0.5197348594665527,Yes
2507,0.537623941898346,Yes
2508,0.5460548400878906,Yes
2509,0.4968394339084625,No
2510,0.6432198882102966,Yes
2511,0.6196104884147644,Yes
2512,0.701910138130188,Yes
2513,0.660342812538147,Yes
2514,0.674613356590271,Yes
2515,0.596185028553009,Yes
2516,0.6275380253791809,Yes
2517,0.590691089630127,Yes
2518,0.6757486462593079,Yes
2519,0.6498821377754211,Yes
2520,0.5829228162765503,Yes
2521,0.5987815260887146,Yes
2522,0.5017655491828918,Yes
2523,0.4448496103286743,No
2524,0.4907268285751343,No
2525,0.48345065116882324,No
2526,0.5677433013916016,Yes
2527,0.5544407963752747,Yes
2528,0.5564393997192383,Yes
2529,0.5210257768630981,Yes
2530,0.6336795687675476,Yes
2531,0.6674421429634094,Yes
2532,0.6807969808578491,Yes
2533,0.648000180721283,Yes
2534,0.5291885137557983,Yes
2535,0.5949470400810242,Yes
2536,0.6197590231895447,Yes
2537,0.598831057548523,Yes
2538,0.623557984828949,Yes
2539,0.5758094787597656,Yes
2540,0.5474753975868225,Yes
2541,0.5644116997718811,Yes
2542,0.5271028876304626,Yes
2543,0.463569700717926,No
2544,0.4759140908718109,No
2545,0.48363906145095825,No
2546,0.5660239458084106,Yes
2547,0.5880668759346008,Yes
2548,0.5093463063240051,Yes
2549,0.5056557655334473,Yes
2550,0.6235137581825256,Yes
2551,0.6106199026107788,Yes
2552,0.7178102731704712,Yes
2553,0.6383941173553467,Yes
2554,0.6412739753723145,Yes
2555,0.5986682176589966,Yes
2556,0.6034842729568481,Yes
2557,0.5292108654975891,Yes
2558,0.63714599609375,Yes
2559,0.5884979367256165,Yes
2560,0.5711238980293274,Yes
2561,0.5504270195960999,Yes
2562,0.5314992666244507,Yes
2563,0.4382156431674957,No
2564,0.5060709118843079,Yes
2565,0.4898544251918793,No
2566,0.46226900815963745,No
2567,0.5121565461158752,Yes
2568,0.4855399429798126,No
2569,0.430107444524765,No
2570,0.5513924360275269,Yes
2571,0.5666660070419312,Yes
2572,0.7028757929801941,Yes
2573,0.5591012239456177,Yes
2574,0.5946677923202515,Yes
2575,0.544308602809906,Yes
2576,0.6321085095405579,Yes
2577,0.5934544205665588,Yes
2578,0.6133738160133362,Yes
2579,0.5670613050460815,Yes
2580,0.5554694533348083,Yes
2581,0.5366404056549072,Yes
2582,0.5244325399398804,Yes
2583,0.44766348600387573,No
2584,0.5462177395820618,Yes
2585,0.5143628716468811,Yes
2586,0.5298516750335693,Yes
2587,0.5577291250228882,Yes
2588,0.5107226967811584,Yes
2589,0.45300301909446716,No
2590,0.6389160752296448,Yes
2591,0.6479694843292236,Yes
2592,0.7054980993270874,Yes
2593,0.6002688407897949,Yes
2594,0.6255917549133301,Yes
2595,0.564937949180603,Yes
2596,0.6153777241706848,Yes
2597,0.5603097081184387,Yes
2598,0.6598985195159912,Yes
2599,0.582906186580658,Yes
2600,0.5979737639427185,Yes
2601,0.5755728483200073,Yes
2602,0.5248929262161255,Yes
2603,0.4415527284145355,No
2604,0.5037907361984253,Yes
2605,0.49296584725379944,No
2606,0.5236839652061462,Yes
2607,0.5149965286254883,Yes
2608,0.5615631937980652,Yes
2609,0.511790931224823,Yes
2610,0.6211944818496704,Yes
2611,0.6376969218254089,Yes
2612,0.6916767954826355,Yes
2613,0.6783189177513123,Yes
2614,0.5954024195671082,Yes
2615,0.606583833694458,Yes
2616,0.6105566620826721,Yes
2617,0.630992591381073,Yes
2618,0.6720116138458252,Yes
2619,0.6086829304695129,Yes
2620,0.5681308507919312,Yes
2621,0.5646753311157227,Yes
2622,0.5577911138534546,Yes
2623,0.4851236939430237,No
2624,0.5211204886436462,Yes
2625,0.4988894760608673,No
2626,0.613479495048523,Yes
2627,0.6009835004806519,Yes
2628,0.5985831022262573,Yes
2629,0.5706230401992798,Yes
2630,0.6466594934463501,Yes
2631,0.6526920199394226,Yes
2632,0.6747041940689087,Yes
2633,0.6488966941833496,Yes
2634,0.7040225863456726,Yes
2635,0.6915488839149475,Yes
2636,0.6701139211654663,Yes
2637,0.6573839783668518,Yes
2638,0.6234825253486633,Yes
2639,0.6058481335639954,Yes
2640,0.539496898651123,Yes
2641,0.538510262966156,Yes
2642,0.5274786949157715,Yes
2643,0.4447897672653198,No
2644,0.5407645106315613,Yes
2645,0.5531185865402222,Yes
2646,0.5527675151824951,Yes
2647,0.5505258440971375,Yes
2648,0.47396939992904663,No
2649,0.474685937166214,No
2650,0.6362922787666321,Yes
2651,0.5931100845336914,Yes
2652,0.7170528769493103,Yes
2653,0.6011039018630981,Yes
2654,0.6840550899505615,Yes
2655,0.5709137916564941,Yes
2656,0.6932780146598816,Yes
2657,0.6298717260360718,Yes
2658,0.6237983107566833,Yes
2659,0.5727872848510742,Yes
2660,0.5927929282188416,Yes
2661,0.5836113095283508,Yes
2662,0.5592051148414612,Yes
2663,0.46910569071769714,No
2664,0.4974461793899536,No
2665,0.4938507378101349,No
2666,0.517429769039154,Yes
2667,0.557274580001831,Yes
2668,0.5564295053482056,Yes
2669,0.4935932159423828,No
2670,0.6648906469345093,Yes
2671,0.6430327892303467,Yes
2672,0.758175253868103,Yes
2673,0.5971664786338806,Yes
2674,0.7108277082443237,Yes
2675,0.6528465151786804,Yes
2676,0.6714276671409607,Yes
2677,0.606852114200592,Yes
2678,0.6609487533569336,Yes
2679,0.6048430800437927,Yes
2680,0.5978336334228516,Yes
2681,0.5777755975723267,Yes
2682,0.5270172953605652,Yes
2683,0.4353964626789093,No
2684,0.48303744196891785,No
2685,0.4701685905456543,No
2686,0.514579713344574,Yes
2687,0.5507210493087769,Yes
2688,0.48647159337997437,No
2689,0.45113706588745117,No
2690,0.6555126309394836,Yes
2691,0.6255872249603271,Yes
2692,0.7112321257591248,Yes
2693,0.601036787033081,Yes
2694,0.6209603548049927,Yes
2695,0.5830938220024109,Yes
2696,0.6673527956008911,Yes
2697,0.5901820659637451,Yes
2698,0.576784610748291,Yes
2699,0.5514743328094482,Yes
2700,0.5707232356071472,Yes
2701,0.5864781141281128,Yes
2702,0.5398834347724915,Yes
2703,0.47967904806137085,No
2704,0.5094613432884216,Yes
2705,0.4834783673286438,No
2706,0.5321804881095886,Yes
2707,0.6037963032722473,Yes
2708,0.5491389036178589,Yes
2709,0.5126978754997253,Yes
2710,0.6569647192955017,Yes
2711,0.6438829302787781,Yes
2712,0.6854234933853149,Yes
2713,0.6557179093360901,Yes
2714,0.6465125679969788,Yes
2715,0.6147608160972595,Yes
2716,0.660980761051178,Yes
2717,0.6412498950958252,Yes
2718,0.6296728253364563,Yes
2719,0.5700510144233704,Yes
2720,0.5639023780822754,Yes
2721,0.5569877624511719,Yes
2722,0.5532241463661194,Yes
2723,0.4609375298023224,No
2724,0.5088573098182678,Yes
2725,0.47620320320129395,No
2726,0.5581838488578796,Yes
2727,0.5517364144325256,Yes
2728,0.5829288363456726,Yes
2729,0.5085927844047546,Yes
2730,0.5370355844497681,Yes
2731,0.5601963996887207,Yes
2732,0.7310894131660461,Yes
2733,0.6375840902328491,Yes
2734,0.6756758093833923,Yes
2735,0.628661572933197,Yes
2736,0.6762338876724243,Yes
2737,0.6250912547111511,Yes
2738,0.602328896522522,Yes
2739,0.5598183870315552,Yes
2740,0.5920854806900024,Yes
2741,0.6043626666069031,Yes
2742,0.6011788845062256,Yes
2743,0.526235044002533,Yes
2744,0.5347862839698792,Yes
2745,0.5500617027282715,Yes
2746,0.5480473041534424,Yes
2747,0.5608875751495361,Yes
2748,0.5050190091133118,Yes
2749,0.4616583585739136,No
2750,0.6444008946418762,Yes
2751,0.6271622776985168,Yes
2752,0.6667722463607788,Yes
2753,0.6299342513084412,Yes
2754,0.6872584223747253,Yes
2755,0.6508797407150269,Yes
2756,0.6634815335273743,Yes
2757,0.59464430809021,Yes
2758,0.6106663346290588,Yes
2759,0.5449993014335632,Yes
2760,0.6151168346405029,Yes
2761,0.6120662689208984,Yes
2762,0.5665069222450256,Yes
2763,0.4929107129573822,No
2764,0.4754174053668976,No
2765,0.4942992925643921,No
2766,0.5949280858039856,Yes
2767,0.5932930707931519,Yes
2768,0.5761683583259583,Yes
2769,0.5120335221290588,Yes
2770,0.6551219820976257,Yes
2771,0.6574562788009644,Yes
2772,0.6731693744659424,Yes
2773,0.6214060187339783,Yes
2774,0.6022481322288513,Yes
2775,0.5924264788627625,Yes
2776,0.6258189678192139,Yes
2777,0.6222656965255737,Yes
2778,0.6022894382476807,Yes
2779,0.5670104026794434,Yes
2780,0.6318014860153198,Yes
2781,0.627697229385376,Yes
2782,0.5787034034729004,Yes
2783,0.5255023837089539,Yes
2784,0.6198598146438599,Yes
2785,0.58176589012146,Yes
2786,0.5899450182914734,Yes
2787,0.6058986186981201,Yes
2788,0.5691666603088379,Yes
2789,0.5359922051429749,Yes
2790,0.6693872213363647,Yes
2791,0.6730055809020996,Yes
2792,0.6754931807518005,Yes
2793,0.6432238817214966,Yes
2794,0.6727858185768127,Yes
2795,0.6485357880592346,Yes
2796,0.6465247869491577,Yes
2797,0.6343451142311096,Yes
2798,0.6098005771636963,Yes
2799,0.5982600450515747,Yes
2800,0.542569637298584,Yes
2801,0.5504897832870483,Yes
2802,0.4931480288505554,No
2803,0.4667239189147949,No
2804,0.4602184593677521,No
2805,0.45259883999824524,No
2806,0.5791041254997253,Yes
2807,0.6278801560401917,Yes
2808,0.5534997582435608,Yes
2809,0.5427095890045166,Yes
2810,0.5844370126724243,Yes
2811,0.6553331017494202,Yes
2812,0.6393653750419617,Yes
2813,0.6597652435302734,Yes
2814,0.5994378924369812,Yes
2815,0.6092804074287415,Yes
2816,0.6511414051055908,Yes
2817,0.6492555141448975,Yes
2818,0.6454967260360718,Yes
2819,0.6355985999107361,Yes
2820,0.508892834186554,Yes
2821,0.5536119937896729,Yes
2822,0.4959591329097748,No
2823,0.5278712511062622,Yes
2824,0.49033498764038086,No
2825,0.5243468284606934,Yes
2826,0.494633287191391,No
2827,0.5684630274772644,Yes
2828,0.48830899596214294,No
2829,0.5699611902236938,Yes
2830,0.567045271396637,Yes
2831,0.6385371685028076,Yes
2832,0.5569043159484863,Yes
2833,0.6640301942825317,Yes
2834,0.6008268594741821,Yes
2835,0.6541750431060791,Yes
2836,0.5813004374504089,Yes
2837,0.617238461971283,Yes
2838,0.6091040372848511,Yes
2839,0.602497935295105,Yes
2840,0.541667640209198,Yes
2841,0.556944727897644,Yes
2842,0.4621066749095917,No
2843,0.46110859513282776,No
2844,0.4262274503707886,No
2845,0.4553835988044739,No
2846,0.5312181711196899,Yes
2847,0.5670539140701294,Yes
2848,0.45987075567245483,No
2849,0.46146687865257263,No
2850,0.5290799140930176,Yes
2851,0.6295151710510254,Yes
2852,0.6353276371955872,Yes
2853,0.6482511758804321,Yes
2854,0.6079755425453186,Yes
2855,0.6547127962112427,Yes
2856,0.6346688866615295,Yes
2857,0.6452319025993347,Yes
2858,0.5736850500106812,Yes
2859,0.5679276585578918,Yes
2860,0.5378520488739014,Yes
2861,0.5861580967903137,Yes
2862,0.5215716361999512,Yes
2863,0.48560523986816406,No
2864,0.4944969713687897,No
2865,0.5357182025909424,Yes
2866,0.5628079175949097,Yes
2867,0.6110514998435974,Yes
2868,0.5865712761878967,Yes
2869,0.5759900808334351,Yes
2870,0.6039685010910034,Yes
2871,0.6449170112609863,Yes
2872,0.6410834193229675,Yes
2873,0.6589804887771606,Yes
2874,0.6600540280342102,Yes
2875,0.6691315174102783,Yes
2876,0.6075951457023621,Yes
2877,0.6515576243400574,Yes
2878,0.630772590637207,Yes
2879,0.614001452922821,Yes
2880,0.5210212469100952,Yes
2881,0.5401685237884521,Yes
2882,0.5438623428344727,Yes
2883,0.5133535861968994,Yes
2884,0.4277304708957672,No
2885,0.4437064528465271,No
2886,0.5275521874427795,Yes
2887,0.6059861779212952,Yes
2888,0.526314914226532,Yes
2889,0.4714449942111969,No
2890,0.5479174852371216,Yes
2891,0.6365442872047424,Yes
2892,0.6350764036178589,Yes
2893,0.6502909660339355,Yes
2894,0.5377870798110962,Yes
2895,0.6270787119865417,Yes
2896,0.5563889145851135,Yes
2897,0.5856375694274902,Yes
2898,0.5542333722114563,Yes
2899,0.6003295183181763,Yes
2900,0.5674934387207031,Yes
2901,0.5923004150390625,Yes
2902,0.5619086027145386,Yes
2903,0.5100870132446289,Yes
2904,0.5146046280860901,Yes
2905,0.5433588624000549,Yes
2906,0.5438833832740784,Yes
2907,0.5811887383460999,Yes
2908,0.5259734988212585,Yes
2909,0.49504154920578003,No
2910,0.6307174563407898,Yes
2911,0.6577809453010559,Yes
2912,0.6636804938316345,Yes
2913,0.6522918939590454,Yes
2914,0.645333468914032,Yes
2915,0.6393072009086609,Yes
2916,0.602778971195221,Yes
2917,0.6163884401321411,Yes
2918,0.6560199856758118,Yes
2919,0.6343432664871216,Yes
2920,0.5816206932067871,Yes
2921,0.6007853150367737,Yes
2922,0.48402440547943115,No
2923,0.45613160729408264,No
2924,0.4776277244091034,No
2925,0.47960329055786133,No
2926,0.5442383289337158,Yes
2927,0.5853984951972961,Yes
2928,0.5368130207061768,Yes
2929,0.5188722014427185,Yes
2930,0.6133713722229004,Yes
2931,0.6458318829536438,Yes
2932,0.6591658592224121,Yes
2933,0.6534808278083801,Yes
2934,0.575162410736084,Yes
2935,0.6275824308395386,Yes
2936,0.6386525630950928,Yes
2937,0.6335853338241577,Yes
2938,0.6072158217430115,Yes
2939,0.5709110498428345,Yes
2940,0.504486620426178,Yes
2941,0.5592838525772095,Yes
2942,0.4635995030403137,No
2943,0.4888779819011688,No
2944,0.457868367433548,No
2945,0.49033787846565247,No
2946,0.5154111981391907,Yes
2947,0.5978836417198181,Yes
2948,0.4910679757595062,No
2949,0.5195430517196655,Yes
2950,0.5965958833694458,Yes
2951,0.6479393839836121,Yes
2952,0.563965916633606,Yes
2953,0.6639817953109741,Yes
2954,0.5897529125213623,Yes
2955,0.657505452632904,Yes
2956,0.555918276309967,Yes
2957,0.6193786263465881,Yes
2958,0.6134830713272095,Yes
2959,0.6158716678619385,Yes
2960,0.5176147818565369,Yes
2961,0.5604032278060913,Yes
2962,0.5015783309936523,Yes
2963,0.4823159873485565,No
2964,0.5032616853713989,Yes
2965,0.5313088297843933,Yes
2966,0.4514792263507843,No
2967,0.548059344291687,Yes
2968,0.4607905149459839,No
2969,0.4617636799812317,No
2970,0.5343708992004395,Yes
2971,0.6463264226913452,Yes
2972,0.5895260572433472,Yes
2973,0.6370756030082703,Yes
2974,0.48684313893318176,No
2975,0.5780268311500549,Yes
2976,0.5630056262016296,Yes
2977,0.6233828663825989,Yes
2978,0.6037660241127014,Yes
2979,0.5864391922950745,Yes
2980,0.48510199785232544,No
2981,0.5341325402259827,Yes
2982,0.4554559290409088,No
2983,0.4725281298160553,No
2984,0.5287396311759949,Yes
2985,0.5507228970527649,Yes
2986,0.517625093460083,Yes
2987,0.5970858931541443,Yes
2988,0.48204711079597473,No
2989,0.47579479217529297,No
2990,0.5919120907783508,Yes
2991,0.6480832695960999,Yes
2992,0.6298409104347229,Yes
2993,0.634833574295044,Yes
2994,0.4845375716686249,No
2995,0.5726445913314819,Yes
2996,0.5829280614852905,Yes
2997,0.6292669773101807,Yes
2998,0.6338011026382446,Yes
2999,0.6160531044006348,Yes
3000,0.5790725350379944,Yes
3001,0.5753073692321777,Yes
3002,0.4982558488845825,No
3003,0.4426290988922119,No
3004,0.5114690065383911,Yes
3005,0.5390574336051941,Yes
3006,0.5293477773666382,Yes
3007,0.5627854466438293,Yes
3008,0.5225172638893127,Yes
3009,0.4943411350250244,No
3010,0.5704172253608704,Yes
3011,0.6452800631523132,Yes
3012,0.6696159839630127,Yes
3013,0.642912745475769,Yes
3014,0.584403932094574,Yes
3015,0.6159725189208984,Yes
3016,0.5945987105369568,Yes
3017,0.6388574242591858,Yes
3018,0.6503651738166809,Yes
3019,0.6139258146286011,Yes
3020,0.5308710336685181,Yes
3021,0.5389469265937805,Yes
3022,0.5506615042686462,Yes
3023,0.5068147778511047,Yes
3024,0.518779456615448,Yes
3025,0.5340450406074524,Yes
3026,0.5819053053855896,Yes
3027,0.6311711072921753,Yes
3028,0.5934839248657227,Yes
3029,0.5918235778808594,Yes
3030,0.6442924737930298,Yes
3031,0.6362109184265137,Yes
3032,0.6182410717010498,Yes
3033,0.6365260481834412,Yes
3034,0.6697103977203369,Yes
3035,0.6717449426651001,Yes
3036,0.632976233959198,Yes
3037,0.6450587511062622,Yes
3038,0.6135884523391724,Yes
3039,0.604667067527771,Yes
3040,0.5100326538085938,Yes
3041,0.5586752891540527,Yes
3042,0.45058414340019226,No
3043,0.4530247449874878,No
3044,0.5367571115493774,Yes
3045,0.5854329466819763,Yes
3046,0.5087929964065552,Yes
3047,0.5832948088645935,Yes
3048,0.437134712934494,No
3049,0.47380247712135315,No
3050,0.5633968114852905,Yes
3051,0.6370821595191956,Yes
3052,0.6065742373466492,Yes
3053,0.6838563084602356,Yes
3054,0.603751003742218,Yes
3055,0.6502482295036316,Yes
3056,0.6564074754714966,Yes
3057,0.6652663946151733,Yes
3058,0.5706899762153625,Yes
3059,0.577223539352417,Yes
3060,0.5667796730995178,Yes
3061,0.5856711268424988,Yes
3062,0.529724657535553,Yes
3063,0.4978751242160797,No
3064,0.4794886112213135,No
3065,0.509700357913971,Yes
3066,0.5168156623840332,Yes
3067,0.6097686290740967,Yes
3068,0.5270094871520996,Yes
3069,0.49454715847969055,No
3070,0.6134276986122131,Yes
3071,0.6471437215805054,Yes
3072,0.6221168041229248,Yes
3073,0.6620974540710449,Yes
3074,0.6217870116233826,Yes
3075,0.6517258286476135,Yes
3076,0.6204173564910889,Yes
3077,0.6333580017089844,Yes
3078,0.6363072395324707,Yes
3079,0.6033346056938171,Yes
3080,0.5744478702545166,Yes
3081,0.5826511979103088,Yes
3082,0.46740493178367615,No
3083,0.43664032220840454,No
3084,0.4846809208393097,No
3085,0.5054506659507751,Yes
3086,0.5029124021530151,Yes
3087,0.5852166414260864,Yes
3088,0.4684271812438965,No
3089,0.4861539602279663,No
3090,0.6098974943161011,Yes
3091,0.6499910950660706,Yes
3092,0.6437026262283325,Yes
3093,0.6314502358436584,Yes
3094,0.5477603673934937,Yes
3095,0.6306496262550354,Yes
3096,0.625641405582428,Yes
3097,0.6271376609802246,Yes
3098,0.5784985423088074,Yes
3099,0.6006589531898499,Yes
3100,0.5498067140579224,Yes
3101,0.5921158790588379,Yes
3102,0.523356020450592,Yes
3103,0.4778788387775421,No
3104,0.4845602214336395,No
3105,0.47827187180519104,No
3106,0.5370186567306519,Yes
3107,0.6186096668243408,Yes
3108,0.5507306456565857,Yes
3109,0.5251901149749756,Yes
3110,0.6152104139328003,Yes
3111,0.6601788401603699,Yes
3112,0.6677095293998718,Yes
3113,0.6493980884552002,Yes
3114,0.6110672354698181,Yes
3115,0.6454504132270813,Yes
3116,0.6634452939033508,Yes
3117,0.6383165717124939,Yes
3118,0.6160027384757996,Yes
3119,0.6118044853210449,Yes
3120,0.5208007097244263,Yes
3121,0.5454321503639221,Yes
3122,0.49351996183395386,No
3123,0.45560452342033386,No
3124,0.5020760297775269,Yes
3125,0.5223641991615295,Yes
3126,0.5214025378227234,Yes
3127,0.5797446370124817,Yes
3128,0.5525312423706055,Yes
3129,0.5223377346992493,Yes
3130,0.507944643497467,Yes
3131,0.6134548783302307,Yes
3132,0.6455326676368713,Yes
3133,0.648828387260437,Yes
3134,0.6152801513671875,Yes
3135,0.6510216593742371,Yes
3136,0.6463095545768738,Yes
3137,0.6325888633728027,Yes
3138,0.5978172421455383,Yes
3139,0.5987574458122253,Yes
3140,0.5818185210227966,Yes
3141,0.605272650718689,Yes
3142,0.5640501976013184,Yes
3143,0.53897625207901,Yes
3144,0.5030043125152588,Yes
3145,0.535591185092926,Yes
3146,0.5356297492980957,Yes
3147,0.5679715275764465,Yes
3148,0.4882430136203766,No
3149,0.47047874331474304,No
3150,0.6249734163284302,Yes
3151,0.6382449269294739,Yes
3152,0.6348063349723816,Yes
3153,0.6517842411994934,Yes
3154,0.6619903445243835,Yes
3155,0.672760546207428,Yes
3156,0.6158084273338318,Yes
3157,0.6165130734443665,Yes
3158,0.6064848899841309,Yes
3159,0.5727406740188599,Yes
3160,0.5836372971534729,Yes
3161,0.6172275543212891,Yes
3162,0.5435541272163391,Yes
3163,0.5148850083351135,Yes
3164,0.48617714643478394,No
3165,0.5271663665771484,Yes
3166,0.5926867723464966,Yes
3167,0.5936528444290161,Yes
3168,0.5819092392921448,Yes
3169,0.5515610575675964,Yes
3170,0.6308475732803345,Yes
3171,0.6675071716308594,Yes
3172,0.6555609703063965,Yes
3173,0.6154922842979431,Yes
3174,0.6082597374916077,Yes
3175,0.6330772042274475,Yes
3176,0.5917978286743164,Yes
3177,0.6228828430175781,Yes
3178,0.6083393096923828,Yes
3179,0.6093481183052063,Yes
3180,0.6032671332359314,Yes
3181,0.6301565170288086,Yes
3182,0.5726187825202942,Yes
3183,0.5365186929702759,Yes
3184,0.60295569896698,Yes
3185,0.5878719687461853,Yes
3186,0.5927438735961914,Yes
3187,0.6267410516738892,Yes
3188,0.5448380708694458,Yes
3189,0.5342437028884888,Yes
3190,0.6325615048408508,Yes
3191,0.6631975173950195,Yes
3192,0.6617196202278137,Yes
3193,0.6347373127937317,Yes
3194,0.5987658500671387,Yes
3195,0.6181382536888123,Yes
3196,0.612942099571228,Yes
3197,0.6351377964019775,Yes
3198,0.6160609722137451,Yes
3199,0.6286742091178894,Yes
3200,0.5238363742828369,Yes
3201,0.5357286930084229,Yes
3202,0.4564628005027771,No
3203,0.520179033279419,Yes
3204,0.4670030176639557,No
3205,0.4495694041252136,No
3206,0.6058582067489624,Yes
3207,0.5132387280464172,Yes
3208,0.3841772675514221,No
3209,0.4060985743999481,No
3210,0.5578922033309937,Yes
3211,0.5133683085441589,Yes
3212,0.5883322358131409,Yes
3213,0.6646159291267395,Yes
3214,0.5796685218811035,Yes
3215,0.594455361366272,Yes
3216,0.5831519961357117,Yes
3217,0.52582186460495,Yes
3218,0.5759356021881104,Yes
3219,0.6073381900787354,Yes
3220,0.42685437202453613,No
3221,0.44211944937705994,No
3222,0.49638473987579346,No
3223,0.523808479309082,Yes
3224,0.5000415444374084,Yes
3225,0.47594520449638367,No
3226,0.45291972160339355,No
3227,0.48690494894981384,No
3228,0.38400784134864807,No
3229,0.37531280517578125,No
3230,0.5300796627998352,Yes
3231,0.5132402181625366,Yes
3232,0.5912268161773682,Yes
3233,0.6439823508262634,Yes
3234,0.5425839424133301,Yes
3235,0.534657895565033,Yes
3236,0.5075190663337708,Yes
3237,0.44407403469085693,No
3238,0.5139934420585632,Yes
3239,0.48785600066185,No
3240,0.4963752031326294,No
3241,0.489765465259552,No
3242,0.47387707233428955,No
3243,0.5353384017944336,Yes
3244,0.45714256167411804,No
3245,0.46195080876350403,No
3246,0.5246472358703613,Yes
3247,0.5069355368614197,Yes
3248,0.4806077778339386,No
3249,0.5004825592041016,Yes
3250,0.5262895822525024,Yes
3251,0.47333550453186035,No
3252,0.6576040983200073,Yes
3253,0.64256352186203,Yes
3254,0.6435105800628662,Yes
3255,0.6296990513801575,Yes
3256,0.5510876178741455,Yes
3257,0.5244168639183044,Yes
3258,0.577308714389801,Yes
3259,0.567984402179718,Yes
3260,0.5191280245780945,Yes
3261,0.5589614510536194,Yes
3262,0.47779932618141174,No
3263,0.534576416015625,Yes
3264,0.4828156530857086,No
3265,0.4767531454563141,No
3266,0.4919564723968506,No
3267,0.48311546444892883,No
3268,0.5130219459533691,Yes
3269,0.5489335060119629,Yes
3270,0.558182954788208,Yes
3271,0.5385159850120544,Yes
3272,0.61734539270401,Yes
3273,0.6954532265663147,Yes
3274,0.5791030526161194,Yes
3275,0.5883230566978455,Yes
3276,0.5077378749847412,Yes
3277,0.5266227722167969,Yes
3278,0.5556605458259583,Yes
3279,0.5673601627349854,Yes
3280,0.5019508004188538,Yes
3281,0.49429434537887573,No
3282,0.4818975329399109,No
3283,0.529816746711731,Yes
3284,0.4447837769985199,No
3285,0.4467734694480896,No
3286,0.4569200277328491,No
3287,0.5138519406318665,Yes
3288,0.5059588551521301,Yes
3289,0.5198392868041992,Yes
3290,0.540484607219696,Yes
3291,0.5101010203361511,Yes
3292,0.6129719018936157,Yes
3293,0.5718792080879211,Yes
3294,0.5544297099113464,Yes
3295,0.5491511225700378,Yes
3296,0.5552059412002563,Yes
3297,0.47499001026153564,No
3298,0.4613361060619354,No
3299,0.5103112459182739,Yes
3300,0.5153461694717407,Yes
3301,0.5110834836959839,Yes
3302,0.4976046681404114,No
3303,0.5136916041374207,Yes
3304,0.5239288806915283,Yes
3305,0.4714399576187134,No
3306,0.41172847151756287,No
3307,0.45218998193740845,No
3308,0.46950164437294006,No
3309,0.5135761499404907,Yes
3310,0.576732337474823,Yes
3311,0.5418781042098999,Yes
3312,0.6211729049682617,Yes
3313,0.6119153499603271,Yes
3314,0.5784196853637695,Yes
3315,0.5324548482894897,Yes
3316,0.5289633274078369,Yes
3317,0.5051451921463013,Yes
3318,0.6064536571502686,Yes
3319,0.5769968628883362,Yes
3320,0.5276095271110535,Yes
3321,0.5249655246734619,Yes
3322,0.410134494304657,No
3323,0.4602414667606354,No
3324,0.44832539558410645,No
3325,0.43143999576568604,No
3326,0.5100677609443665,Yes
3327,0.447742760181427,No
3328,0.4694170355796814,No
3329,0.4289478361606598,No
3330,0.5666851997375488,Yes
3331,0.584307849407196,Yes
3332,0.6090014576911926,Yes
3333,0.5964221954345703,Yes
3334,0.4816001057624817,No
3335,0.5783315896987915,Yes
3336,0.45855167508125305,No
3337,0.49083971977233887,No
3338,0.5288007259368896,Yes
3339,0.4767169952392578,No
3340,0.4027722179889679,No
3341,0.4059378206729889,No
3342,0.4203723073005676,No
3343,0.4640862047672272,No
3344,0.45402175188064575,No
3345,0.45182618498802185,No
3346,0.43756797909736633,No
3347,0.4818412661552429,No
3348,0.34358081221580505,No
3349,0.3934438228607178,No
3350,0.5540946125984192,Yes
3351,0.5054414868354797,Yes
3352,0.6243759989738464,Yes
3353,0.644508957862854,Yes
3354,0.5331735610961914,Yes
3355,0.5165473222732544,Yes
3356,0.48081690073013306,No
3357,0.44434472918510437,No
3358,0.513648509979248,Yes
3359,0.501790463924408,Yes
3360,0.43796953558921814,No
3361,0.4364662766456604,No
3362,0.4882357120513916,No
3363,0.5198977589607239,Yes
3364,0.5209254026412964,Yes
3365,0.5093722939491272,Yes
3366,0.43169471621513367,No
3367,0.4582098424434662,No
3368,0.4635732173919678,No
3369,0.4782366156578064,No
3370,0.5189342498779297,Yes
3371,0.47530972957611084,No
3372,0.671431839466095,Yes
3373,0.6519312262535095,Yes
3374,0.5869919657707214,Yes
3375,0.5648693442344666,Yes
3376,0.592329204082489,Yes
3377,0.5519556403160095,Yes
3378,0.5629079937934875,Yes
3379,0.5673036575317383,Yes
3380,0.451133131980896,No
3381,0.4503611922264099,No
3382,0.47750934958457947,No
3383,0.512950599193573,Yes
3384,0.5398486852645874,Yes
3385,0.509668231010437,Yes
3386,0.5377269983291626,Yes
3387,0.5124300122261047,Yes
3388,0.45792561769485474,No
3389,0.49850064516067505,No
3390,0.5918290615081787,Yes
3391,0.5500047206878662,Yes
3392,0.6305674314498901,Yes
3393,0.6023781895637512,Yes
3394,0.5926787853240967,Yes
3395,0.5728064179420471,Yes
3396,0.5189177989959717,Yes
3397,0.4866422116756439,No
3398,0.5760680437088013,Yes
3399,0.5628545880317688,Yes
3400,0.5478254556655884,Yes
3401,0.5269762873649597,Yes
3402,0.4525498151779175,No
3403,0.48798197507858276,No
3404,0.5186483860015869,Yes
3405,0.5115310549736023,Yes
3406,0.4232623279094696,No
3407,0.457689493894577,No
3408,0.5247431397438049,Yes
3409,0.5740547180175781,Yes
3410,0.5873917937278748,Yes
3411,0.5484253764152527,Yes
3412,0.6504862308502197,Yes
3413,0.6897425651550293,Yes
3414,0.5644397139549255,Yes
3415,0.594435453414917,Yes
3416,0.5553920269012451,Yes
3417,0.5528001189231873,Yes
3418,0.5789612531661987,Yes
3419,0.5565628409385681,Yes
3420,0.526456356048584,Yes
3421,0.5270763039588928,Yes
3422,0.49309036135673523,No
3423,0.5225076079368591,Yes
3424,0.5165541172027588,Yes
3425,0.4974155128002167,No
3426,0.5921173691749573,Yes
3427,0.5510259866714478,Yes
3428,0.49181559681892395,No
3429,0.49180305004119873,No
3430,0.5557001829147339,Yes
3431,0.5684366226196289,Yes
3432,0.6526875495910645,Yes
3433,0.6949458122253418,Yes
3434,0.6350301504135132,Yes
3435,0.6389206647872925,Yes
3436,0.5494570732116699,Yes
3437,0.5682879686355591,Yes
3438,0.5458826422691345,Yes
3439,0.5239248871803284,Yes
3440,0.467078298330307,No
3441,0.45963814854621887,No
3442,0.46004626154899597,No
3443,0.45714983344078064,No
3444,0.5058794617652893,Yes
3445,0.4766746461391449,No
3446,0.47131046652793884,No
3447,0.4802456200122833,No
3448,0.3957095742225647,No
3449,0.4147794544696808,No
3450,0.577099084854126,Yes
3451,0.5117306709289551,Yes
3452,0.634314775466919,Yes
3453,0.6098794937133789,Yes
3454,0.5879113674163818,Yes
3455,0.5037652254104614,Yes
3456,0.610943615436554,Yes
3457,0.5629849433898926,Yes
3458,0.5497578382492065,Yes
3459,0.5610002279281616,Yes
3460,0.5264824628829956,Yes
3461,0.5133888125419617,Yes
3462,0.45999816060066223,No
3463,0.47750431299209595,No
3464,0.502705991268158,Yes
3465,0.47643885016441345,No
3466,0.4462546110153198,No
3467,0.45628008246421814,No
3468,0.45013439655303955,No
3469,0.46264761686325073,No
3470,0.6130092740058899,Yes
3471,0.5707107782363892,Yes
3472,0.686748743057251,Yes
3473,0.6273718476295471,Yes
3474,0.600032389163971,Yes
3475,0.6000754833221436,Yes
3476,0.5381711721420288,Yes
3477,0.5072848796844482,Yes
3478,0.5458889603614807,Yes
3479,0.5454735159873962,Yes
3480,0.49537765979766846,No
3481,0.47259289026260376,No
3482,0.4753538966178894,No
3483,0.5034340023994446,Yes
3484,0.5034512877464294,Yes
3485,0.48269835114479065,No
3486,0.41305869817733765,No
3487,0.4991839528083801,No
3488,0.3937273621559143,No
3489,0.3999128043651581,No
3490,0.587361752986908,Yes
3491,0.5313976407051086,Yes
3492,0.6364015340805054,Yes
3493,0.5954870581626892,Yes
3494,0.6209557056427002,Yes
3495,0.6006805896759033,Yes
3496,0.5435513257980347,Yes
3497,0.5156325697898865,Yes
3498,0.5266903042793274,Yes
3499,0.5345609188079834,Yes
3500,0.47036999464035034,No
3501,0.5140956044197083,Yes
3502,0.4851144254207611,No
3503,0.5211445093154907,Yes
3504,0.47146403789520264,No
3505,0.47909030318260193,No
3506,0.4828178584575653,No
3507,0.49960190057754517,No
3508,0.4221281409263611,No
3509,0.41633763909339905,No
3510,0.6098039150238037,Yes
3511,0.5331618189811707,Yes
3512,0.5955089330673218,Yes
3513,0.6053081154823303,Yes
3514,0.5156131982803345,Yes
3515,0.5118845105171204,Yes
3516,0.49049052596092224,No
3517,0.5617004036903381,Yes
3518,0.5623688697814941,Yes
3519,0.5770342350006104,Yes
3520,0.5344648361206055,Yes
3521,0.5300612449645996,Yes
3522,0.5004837512969971,Yes
3523,0.5186265110969543,Yes
3524,0.511783242225647,Yes
3525,0.4578650891780853,No
3526,0.522302508354187,Yes
3527,0.5106285810470581,Yes
3528,0.504520058631897,Yes
3529,0.49686306715011597,No
3530,0.5150598287582397,Yes
3531,0.4615601599216461,No
3532,0.6964951157569885,Yes
3533,0.664546012878418,Yes
3534,0.6051901578903198,Yes
3535,0.5933424234390259,Yes
3536,0.530866265296936,Yes
3537,0.5404903888702393,Yes
3538,0.5594307780265808,Yes
3539,0.557791531085968,Yes
3540,0.5437926054000854,Yes
3541,0.5362389087677002,Yes
3542,0.5353374481201172,Yes
3543,0.5575950741767883,Yes
3544,0.5229281187057495,Yes
3545,0.5262530446052551,Yes
3546,0.4233939051628113,No
3547,0.4659256935119629,No
3548,0.4047815203666687,No
3549,0.4483311176300049,No
3550,0.5705829858779907,Yes
3551,0.5232487916946411,Yes
3552,0.5636112093925476,Yes
3553,0.6726848483085632,Yes
3554,0.5999530553817749,Yes
3555,0.5821416974067688,Yes
3556,0.5371536016464233,Yes
3557,0.5040378570556641,Yes
3558,0.5174708962440491,Yes
3559,0.515012264251709,Yes
3560,0.5154359340667725,Yes
3561,0.5060467720031738,Yes
3562,0.4910883903503418,No
3563,0.523091197013855,Yes
3564,0.48521167039871216,No
3565,0.48631247878074646,No
3566,0.5244556069374084,Yes
3567,0.5162031650543213,Yes
3568,0.5066092610359192,Yes
3569,0.4824329912662506,No
3570,0.6029790043830872,Yes
3571,0.587683916091919,Yes
3572,0.592218279838562,Yes
3573,0.5886245369911194,Yes
3574,0.5587862133979797,Yes
3575,0.5563502907752991,Yes
3576,0.5133490562438965,Yes
3577,0.509584903717041,Yes
3578,0.5633408427238464,Yes
3579,0.5577364563941956,Yes
3580,0.5742053985595703,Yes
3581,0.5808183550834656,Yes
3582,0.5073448419570923,Yes
3583,0.5344555974006653,Yes
3584,0.5604569315910339,Yes
3585,0.5603444576263428,Yes
3586,0.5451616048812866,Yes
3587,0.5489051938056946,Yes
3588,0.5226179361343384,Yes
3589,0.5400596857070923,Yes
3590,0.6143980622291565,Yes
3591,0.5973175168037415,Yes
3592,0.6078226566314697,Yes
3593,0.6149597764015198,Yes
3594,0.5944233536720276,Yes
3595,0.6126343607902527,Yes
3596,0.5323705077171326,Yes
3597,0.5252134203910828,Yes
3598,0.5602324604988098,Yes
3599,0.5638891458511353,Yes
3600,0.42702963948249817,No
3601,0.46205344796180725,No
3602,0.43682563304901123,No
3603,0.5061609745025635,Yes
3604,0.4581224024295807,No
3605,0.4386504292488098,No
3606,0.5210490226745605,Yes
3607,0.5359534621238708,Yes
3608,0.44419196248054504,No
3609,0.4421175420284271,No
3610,0.5293328166007996,Yes
3611,0.555085301399231,Yes
3612,0.572319746017456,Yes
3613,0.6701682806015015,Yes
3614,0.5655583739280701,Yes
3615,0.588211178779602,Yes
3616,0.5628119707107544,Yes
3617,0.5602012872695923,Yes
3618,0.5804733037948608,Yes
3619,0.6041954755783081,Yes
3620,0.3844531178474426,No
3621,0.44149988889694214,No
3622,0.45430633425712585,No
3623,0.5240565538406372,Yes
3624,0.44286683201789856,No
3625,0.4453248679637909,No
3626,0.44674986600875854,No
3627,0.5125404000282288,Yes
3628,0.3983691930770874,No
3629,0.4373510479927063,No
3630,0.5319018363952637,Yes
3631,0.5677475333213806,Yes
3632,0.5050843954086304,Yes
3633,0.6618072390556335,Yes
3634,0.5321398377418518,Yes
3635,0.567220151424408,Yes
3636,0.5143226385116577,Yes
3637,0.5207451581954956,Yes
3638,0.4942948818206787,No
3639,0.503773033618927,Yes
3640,0.4428066313266754,No
3641,0.49345049262046814,No
3642,0.4353039860725403,No
3643,0.5342351794242859,Yes
3644,0.4414178729057312,No
3645,0.4693383574485779,No
3646,0.5214278101921082,Yes
3647,0.5322421789169312,Yes
3648,0.453997939825058,No
3649,0.4891825318336487,No
3650,0.5281446576118469,Yes
3651,0.5358119010925293,Yes
3652,0.5951536893844604,Yes
3653,0.6345307230949402,Yes
3654,0.5861318111419678,Yes
3655,0.6125653386116028,Yes
3656,0.5239496231079102,Yes
3657,0.5631072521209717,Yes
3658,0.5383643507957458,Yes
3659,0.5647243857383728,Yes
3660,0.5046089887619019,Yes
3661,0.5602139830589294,Yes
3662,0.4392346739768982,No
3663,0.5037002563476562,Yes
3664,0.4879644811153412,No
3665,0.49830377101898193,No
3666,0.4761336147785187,No
3667,0.49217092990875244,No
3668,0.54874187707901,Yes
3669,0.5365804433822632,Yes
3670,0.5514570474624634,Yes
3671,0.5665571093559265,Yes
3672,0.5972206592559814,Yes
3673,0.6635344624519348,Yes
3674,0.5758181810379028,Yes
3675,0.5814270973205566,Yes
3676,0.5388635396957397,Yes
3677,0.5601800084114075,Yes
3678,0.5597891807556152,Yes
3679,0.5605475902557373,Yes
3680,0.41803815960884094,No
3681,0.4499376714229584,No
3682,0.47609713673591614,No
3683,0.5352235436439514,Yes
3684,0.4262307286262512,No
3685,0.44989386200904846,No
3686,0.46722230315208435,No
3687,0.5770687460899353,Yes
3688,0.45291009545326233,No
3689,0.4639759063720703,No
3690,0.5336706638336182,Yes
3691,0.564790666103363,Yes
3692,0.5739524364471436,Yes
3693,0.5859931707382202,Yes
3694,0.5151976943016052,Yes
3695,0.5694093108177185,Yes
3696,0.4919450283050537,No
3697,0.5281577706336975,Yes
3698,0.5057377815246582,Yes
3699,0.5328443646430969,Yes
3700,0.48669207096099854,No
3701,0.5197504758834839,Yes
3702,0.4749509394168854,No
3703,0.5034835934638977,Yes
3704,0.4948957860469818,No
3705,0.4907579720020294,No
3706,0.43419983983039856,No
3707,0.5033472180366516,Yes
3708,0.4492393136024475,No
3709,0.4972822368144989,No
3710,0.6011431813240051,Yes
3711,0.6007221937179565,Yes
3712,0.6158531308174133,Yes
3713,0.6090376973152161,Yes
3714,0.5694531798362732,Yes
3715,0.5534446835517883,Yes
3716,0.4933442771434784,No
3717,0.5318287014961243,Yes
3718,0.5956162810325623,Yes
3719,0.5699008107185364,Yes
3720,0.4604591429233551,No
3721,0.5041625499725342,Yes
3722,0.41646134853363037,No
3723,0.4750760495662689,No
3724,0.4433744549751282,No
3725,0.4346819818019867,No
3726,0.4545381963253021,No
3727,0.465497225522995,No
3728,0.47239530086517334,No
3729,0.42921730875968933,No
3730,0.5887659192085266,Yes
3731,0.590420663356781,Yes
3732,0.5961722731590271,Yes
3733,0.587797999382019,Yes
3734,0.5141561031341553,Yes
3735,0.5750378966331482,Yes
3736,0.4841252863407135,No
3737,0.5339434146881104,Yes
3738,0.5530984401702881,Yes
3739,0.4978487491607666,No
3740,0.3522922694683075,No
3741,0.38474005460739136,No
3742,0.38976913690567017,No
3743,0.46679386496543884,No
3744,0.44065263867378235,No
3745,0.44791358709335327,No
3746,0.4388234317302704,No
3747,0.5211655497550964,Yes
3748,0.33137083053588867,No
3749,0.405300110578537,No
3750,0.5211859345436096,Yes
3751,0.5305469632148743,Yes
3752,0.5616669058799744,Yes
3753,0.6588640809059143,Yes
3754,0.5067932605743408,Yes
3755,0.5548079609870911,Yes
3756,0.4817807972431183,No
3757,0.5189161896705627,Yes
3758,0.521645724773407,Yes
3759,0.5303769111633301,Yes
3760,0.40183937549591064,No
3761,0.4568607211112976,No
3762,0.45863020420074463,No
3763,0.528023362159729,Yes
3764,0.4715961217880249,No
3765,0.5135185718536377,Yes
3766,0.4115675985813141,No
3767,0.47829604148864746,No
3768,0.42773303389549255,No
3769,0.47919952869415283,No
3770,0.5180246233940125,Yes
3771,0.5464382767677307,Yes
3772,0.6000459790229797,Yes
3773,0.6765540242195129,Yes
3774,0.5309526324272156,Yes
3775,0.5893887281417847,Yes
3776,0.5298804044723511,Yes
3777,0.5824917554855347,Yes
3778,0.5391712784767151,Yes
3779,0.571888267993927,Yes
3780,0.3904631733894348,No
3781,0.4401525855064392,No
3782,0.436847060918808,No
3783,0.5072181224822998,Yes
3784,0.5111603736877441,Yes
3785,0.5205179452896118,Yes
3786,0.49591097235679626,No
3787,0.553183376789093,Yes
3788,0.4141964316368103,No
3789,0.4928906261920929,No
3790,0.5546528100967407,Yes
3791,0.5573051571846008,Yes
3792,0.5821966528892517,Yes
3793,0.6022528409957886,Yes
3794,0.5368333458900452,Yes
3795,0.5924069881439209,Yes
3796,0.49826544523239136,No
3797,0.5416735410690308,Yes
3798,0.5696604251861572,Yes
3799,0.5864530801773071,Yes
3800,0.5182579159736633,Yes
3801,0.5348809957504272,Yes
3802,0.4457716941833496,No
3803,0.48308101296424866,No
3804,0.5153088569641113,Yes
3805,0.5121074318885803,Yes
3806,0.455597460269928,No
3807,0.5037052631378174,Yes
3808,0.4475855529308319,No
3809,0.5085095763206482,Yes
3810,0.5550180077552795,Yes
3811,0.5685869455337524,Yes
3812,0.615103542804718,Yes
3813,0.6293153166770935,Yes
3814,0.5560788512229919,Yes
3815,0.5991178750991821,Yes
3816,0.5400415062904358,Yes
3817,0.5672439336776733,Yes
3818,0.5703089237213135,Yes
3819,0.5636247396469116,Yes
3820,0.441568523645401,No
3821,0.45267143845558167,No
3822,0.4653216302394867,No
3823,0.5165788531303406,Yes
3824,0.5038695931434631,Yes
3825,0.49164220690727234,No
3826,0.5296245813369751,Yes
3827,0.5665625929832458,Yes
3828,0.5467008948326111,Yes
3829,0.5340408086776733,Yes
3830,0.5838844180107117,Yes
3831,0.5788536667823792,Yes
3832,0.609599232673645,Yes
3833,0.6535980105400085,Yes
3834,0.6005949974060059,Yes
3835,0.6182482242584229,Yes
3836,0.5005741119384766,Yes
3837,0.5579922795295715,Yes
3838,0.5604793429374695,Yes
3839,0.5409192442893982,Yes
3840,0.4373176097869873,No
3841,0.4784257411956787,No
3842,0.4345138370990753,No
3843,0.46657705307006836,No
3844,0.5009818077087402,Yes
3845,0.5097959637641907,Yes
3846,0.40714240074157715,No
3847,0.4773131310939789,No
3848,0.38150671124458313,No
3849,0.41669416427612305,No
3850,0.5321520566940308,Yes
3851,0.558907687664032,Yes
3852,0.5648550391197205,Yes
3853,0.670418381690979,Yes
3854,0.5523443222045898,Yes
3855,0.5368190407752991,Yes
3856,0.5557487607002258,Yes
3857,0.581803023815155,Yes
3858,0.5245795845985413,Yes
3859,0.5669394135475159,Yes
3860,0.4930979013442993,No
3861,0.5346634984016418,Yes
3862,0.4616679549217224,No
3863,0.494620144367218,No
3864,0.4803590178489685,No
3865,0.4751555025577545,No
3866,0.44329094886779785,No
3867,0.5188062787055969,Yes
3868,0.4219997823238373,No
3869,0.4688197076320648,No
3870,0.5994131565093994,Yes
3871,0.5965195298194885,Yes
3872,0.6019450426101685,Yes
3873,0.6564902067184448,Yes
3874,0.5653413534164429,Yes
3875,0.5865035653114319,Yes
3876,0.5059576630592346,Yes
3877,0.5282772779464722,Yes
3878,0.5364255905151367,Yes
3879,0.5484959483146667,Yes
3880,0.4795530438423157,No
3881,0.5150361061096191,Yes
3882,0.41633903980255127,No
3883,0.4887349307537079,No
3884,0.49496230483055115,No
3885,0.5012115836143494,Yes
3886,0.4022623896598816,No
3887,0.52668696641922,Yes
3888,0.41963210701942444,No
3889,0.4618861973285675,No
3890,0.56552654504776,Yes
3891,0.579288899898529,Yes
3892,0.591944694519043,Yes
3893,0.6015819311141968,Yes
3894,0.5755652189254761,Yes
3895,0.6093366742134094,Yes
3896,0.5155024528503418,Yes
3897,0.5543514490127563,Yes
3898,0.5291801691055298,Yes
3899,0.5506166219711304,Yes
3900,0.4641731381416321,No
3901,0.5409026741981506,Yes
3902,0.44036900997161865,No
3903,0.49673908948898315,No
3904,0.4402802884578705,No
3905,0.4716120660305023,No
3906,0.4558471441268921,No
3907,0.485469788312912,No
3908,0.40988054871559143,No
3909,0.4147537648677826,No
3910,0.5698543787002563,Yes
3911,0.5401343107223511,Yes
3912,0.5965830683708191,Yes
3913,0.6044222116470337,Yes
3914,0.5163164734840393,Yes
3915,0.5370948314666748,Yes
3916,0.522249162197113,Yes
3917,0.5763118267059326,Yes
3918,0.5606809258460999,Yes
3919,0.560410737991333,Yes
3920,0.4348991811275482,No
3921,0.48257988691329956,No
3922,0.44394931197166443,No
3923,0.49591606855392456,No
3924,0.4674696624279022,No
3925,0.4602994918823242,No
3926,0.5017005801200867,Yes
3927,0.5411414504051208,Yes
3928,0.5030305981636047,Yes
3929,0.513775110244751,Yes
3930,0.5175806879997253,Yes
3931,0.5200549364089966,Yes
3932,0.6134806871414185,Yes
3933,0.639634907245636,Yes
3934,0.5710581541061401,Yes
3935,0.5920471549034119,Yes
3936,0.5054547190666199,Yes
3937,0.5484268665313721,Yes
3938,0.5653753280639648,Yes
3939,0.5660200119018555,Yes
3940,0.5309395790100098,Yes
3941,0.5504517555236816,Yes
3942,0.5041529536247253,Yes
3943,0.5441116094589233,Yes
3944,0.4819171130657196,No
3945,0.4855751395225525,No
3946,0.4602394998073578,No
3947,0.492259681224823,No
3948,0.4243965148925781,No
3949,0.4637385308742523,No
3950,0.5735175609588623,Yes
3951,0.5336287021636963,Yes
3952,0.5539920330047607,Yes
3953,0.6603937149047852,Yes
3954,0.5699511170387268,Yes
3955,0.5723465085029602,Yes
3956,0.5256123542785645,Yes
3957,0.5339404940605164,Yes
3958,0.5344305634498596,Yes
3959,0.5181277990341187,Yes
3960,0.46100208163261414,No
3961,0.5007733106613159,Yes
3962,0.46539685130119324,No
3963,0.5168223977088928,Yes
3964,0.4734916090965271,No
3965,0.505866527557373,Yes
3966,0.525836169719696,Yes
3967,0.5206249356269836,Yes
3968,0.5394508838653564,Yes
3969,0.5101402401924133,Yes
3970,0.6002107262611389,Yes
3971,0.61939537525177,Yes
3972,0.5827410221099854,Yes
3973,0.5853906869888306,Yes
3974,0.5518760681152344,Yes
3975,0.5728762745857239,Yes
3976,0.5088562965393066,Yes
3977,0.5295078754425049,Yes
3978,0.5775644779205322,Yes
3979,0.5574657320976257,Yes
3980,0.5193305015563965,Yes
3981,0.5565072298049927,Yes
3982,0.5127241611480713,Yes
3983,0.5265660285949707,Yes
3984,0.5538103580474854,Yes
3985,0.5556613802909851,Yes
3986,0.5286915898323059,Yes
3987,0.5657956004142761,Yes
3988,0.4976041913032532,No
3989,0.5117760896682739,Yes
3990,0.6153005361557007,Yes
3991,0.6149424314498901,Yes
3992,0.6026642918586731,Yes
3993,0.6095826029777527,Yes
3994,0.5580160021781921,Yes
3995,0.5984277725219727,Yes
3996,0.5268702507019043,Yes
3997,0.5455553531646729,Yes
3998,0.557490348815918,Yes
3999,0.5548606514930725,Yes
4000,0.491902232170105,No
4001,0.5252107977867126,Yes
4002,0.4666237235069275,No
4003,0.5071021318435669,Yes
4004,0.4926593601703644,No
4005,0.4584500193595886,No
4006,0.5902717113494873,Yes
4007,0.5116199254989624,Yes
4008,0.4268471300601959,No
4009,0.46557074785232544,No
4010,0.5132813453674316,Yes
4011,0.47978854179382324,No
4012,0.5304542779922485,Yes
4013,0.5691699385643005,Yes
4014,0.5743042230606079,Yes
4015,0.550475001335144,Yes
4016,0.5450927019119263,Yes
4017,0.5107504725456238,Yes
4018,0.5573177933692932,Yes
4019,0.5464197993278503,Yes
4020,0.4191795587539673,No
4021,0.4566008448600769,No
4022,0.49875709414482117,No
4023,0.49154937267303467,No
4024,0.5164485573768616,Yes
4025,0.5013988018035889,Yes
4026,0.5253860950469971,Yes
4027,0.44557252526283264,No
4028,0.43469297885894775,No
4029,0.44228431582450867,No
4030,0.501477062702179,Yes
4031,0.47932693362236023,No
4032,0.5813996195793152,Yes
4033,0.5458849668502808,Yes
4034,0.5966086983680725,Yes
4035,0.5241946578025818,Yes
4036,0.52359938621521,Yes
4037,0.45015543699264526,No
4038,0.5248706936836243,Yes
4039,0.47704023122787476,No
4040,0.4610539376735687,No
4041,0.5018606781959534,Yes
4042,0.4817391335964203,No
4043,0.5122533440589905,Yes
4044,0.5187680125236511,Yes
4045,0.4790337383747101,No
4046,0.5556836128234863,Yes
4047,0.46010586619377136,No
4048,0.4793665409088135,No
4049,0.4870049059391022,No
4050,0.5160159468650818,Yes
4051,0.4687461853027344,No
4052,0.6328763365745544,Yes
4053,0.5803126096725464,Yes
4054,0.6538977026939392,Yes
4055,0.6044040322303772,Yes
4056,0.5613008141517639,Yes
4057,0.4788074493408203,No
4058,0.5494514107704163,Yes
4059,0.5190675258636475,Yes
4060,0.4650512933731079,No
4061,0.522647500038147,Yes
4062,0.49827873706817627,No
4063,0.493978887796402,No
4064,0.49517205357551575,No
4065,0.47881969809532166,No
4066,0.48093584179878235,No
4067,0.4493842124938965,No
4068,0.4804992079734802,No
4069,0.5279634594917297,Yes
4070,0.5385957956314087,Yes
4071,0.5036434531211853,Yes
4072,0.5784099102020264,Yes
4073,0.5835891962051392,Yes
4074,0.6045418381690979,Yes
4075,0.6139670610427856,Yes
4076,0.5003514885902405,Yes
4077,0.48083069920539856,No
4078,0.536480724811554,Yes
4079,0.5265395045280457,Yes
4080,0.5114722847938538,Yes
4081,0.5219026803970337,Yes
4082,0.5106431841850281,Yes
4083,0.5008599162101746,Yes
4084,0.5172220468521118,Yes
4085,0.4470660090446472,No
4086,0.5161734819412231,Yes
4087,0.44406262040138245,No
4088,0.4985262453556061,No
4089,0.515484631061554,Yes
4090,0.5014964938163757,Yes
4091,0.4811598062515259,No
4092,0.6194713711738586,Yes
4093,0.5324093699455261,Yes
4094,0.5980294942855835,Yes
4095,0.5561784505844116,Yes
4096,0.544905960559845,Yes
4097,0.4505138695240021,No
4098,0.4306926429271698,No
4099,0.45939183235168457,No
4100,0.4877249002456665,No
4101,0.5196055769920349,Yes
4102,0.5091371536254883,Yes
4103,0.5036301016807556,Yes
4104,0.5193180441856384,Yes
4105,0.48116156458854675,No
4106,0.4488464891910553,No
4107,0.38047105073928833,No
4108,0.5098231434822083,Yes
4109,0.5140745043754578,Yes
4110,0.5192449688911438,Yes
4111,0.49945807456970215,No
4112,0.6073709726333618,Yes
4113,0.5701572895050049,Yes
4114,0.589910626411438,Yes
4115,0.5310787558555603,Yes
4116,0.5348681807518005,Yes
4117,0.5308166742324829,Yes
4118,0.5661938190460205,Yes
4119,0.5217769145965576,Yes
4120,0.4876650273799896,No
4121,0.5331449508666992,Yes
4122,0.3369711935520172,No
4123,0.4230870306491852,No
4124,0.49738749861717224,No
4125,0.4841959774494171,No
4126,0.5166733264923096,Yes
4127,0.4247294068336487,No
4128,0.47054511308670044,No
4129,0.44620421528816223,No
4130,0.5202516317367554,Yes
4131,0.5245819091796875,Yes
4132,0.5760740041732788,Yes
4133,0.5436251759529114,Yes
4134,0.516289234161377,Yes
4135,0.5386070013046265,Yes
4136,0.4714146852493286,No
4137,0.4497694671154022,No
4138,0.5038203597068787,Yes
4139,0.4538494348526001,No
4140,0.4256407618522644,No
4141,0.4803617298603058,No
4142,0.42868709564208984,No
4143,0.4749435484409332,No
4144,0.5086472034454346,Yes
4145,0.4620644152164459,No
4146,0.51078200340271,Yes
4147,0.4087623655796051,No
4148,0.4063384234905243,No
4149,0.45022884011268616,No
4150,0.529222309589386,Yes
4151,0.4953007400035858,No
4152,0.5495932102203369,Yes
4153,0.5910876989364624,Yes
4154,0.6085129976272583,Yes
4155,0.5343608856201172,Yes
4156,0.5127485394477844,Yes
4157,0.43212008476257324,No
4158,0.4981086254119873,No
4159,0.47797322273254395,No
4160,0.44176942110061646,No
4161,0.5090469121932983,Yes
4162,0.47708582878112793,No
4163,0.48049890995025635,No
4164,0.5378357768058777,Yes
4165,0.5090709924697876,Yes
4166,0.46746960282325745,No
4167,0.39928674697875977,No
4168,0.4897128939628601,No
4169,0.4815707504749298,No
4170,0.5002894997596741,Yes
4171,0.47605451941490173,No
4172,0.5807783603668213,Yes
4173,0.547189474105835,Yes
4174,0.6111086010932922,Yes
4175,0.5566903948783875,Yes
4176,0.5856138467788696,Yes
4177,0.5066571831703186,Yes
4178,0.538362443447113,Yes
4179,0.5113802552223206,Yes
4180,0.42785194516181946,No
4181,0.4919814169406891,No
4182,0.4735751748085022,No
4183,0.4926181435585022,No
4184,0.551972508430481,Yes
4185,0.5217206478118896,Yes
4186,0.5319953560829163,Yes
4187,0.4529612958431244,No
4188,0.49069538712501526,No
4189,0.4966917037963867,No
4190,0.5291756391525269,Yes
4191,0.5128324031829834,Yes
4192,0.5892758965492249,Yes
4193,0.5487942695617676,Yes
4194,0.6192481517791748,Yes
4195,0.532704770565033,Yes
4196,0.5548502802848816,Yes
4197,0.46276453137397766,No
4198,0.5461373925209045,Yes
4199,0.5080184936523438,Yes
4200,0.4983159601688385,No
4201,0.5057883858680725,Yes
4202,0.4197452664375305,No
4203,0.46939095854759216,No
4204,0.5153940916061401,Yes
4205,0.5232709050178528,Yes
4206,0.4651859402656555,No
4207,0.41050440073013306,No
4208,0.5206303000450134,Yes
4209,0.5571942925453186,Yes
4210,0.5411370396614075,Yes
4211,0.4978460967540741,No
4212,0.6028249263763428,Yes
4213,0.6035527586936951,Yes
4214,0.5968253016471863,Yes
4215,0.5889052748680115,Yes
4216,0.5909445881843567,Yes
4217,0.4919271767139435,No
4218,0.5327103734016418,Yes
4219,0.5211243629455566,Yes
4220,0.4693876802921295,No
4221,0.5162456035614014,Yes
4222,0.48617851734161377,No
4223,0.5048738121986389,Yes
4224,0.5243531465530396,Yes
4225,0.523980438709259,Yes
4226,0.5884522199630737,Yes
4227,0.50034099817276,Yes
4228,0.45479944348335266,No
4229,0.4890348017215729,No
4230,0.4875461757183075,No
4231,0.4914931654930115,No
4232,0.5417953133583069,Yes
4233,0.5682109594345093,Yes
4234,0.6167207956314087,Yes
4235,0.6134283542633057,Yes
4236,0.5441066026687622,Yes
4237,0.5218507051467896,Yes
4238,0.5086787939071655,Yes
4239,0.5038030743598938,Yes
4240,0.4605528712272644,No
4241,0.5089766979217529,Yes
4242,0.447193443775177,No
4243,0.4375729560852051,No
4244,0.48820504546165466,No
4245,0.47985783219337463,No
4246,0.4896073341369629,No
4247,0.4634157717227936,No
4248,0.4158646762371063,No
4249,0.40787583589553833,No
4250,0.543903112411499,Yes
4251,0.4780746400356293,No
4252,0.572089672088623,Yes
4253,0.5307682752609253,Yes
4254,0.6393193602561951,Yes
4255,0.5285956859588623,Yes
4256,0.5998590588569641,Yes
4257,0.5236812829971313,Yes
4258,0.5193926095962524,Yes
4259,0.4977829158306122,No
4260,0.501770555973053,Yes
4261,0.49999845027923584,No
4262,0.48411062359809875,No
4263,0.48401620984077454,No
4264,0.5434587001800537,Yes
4265,0.47702932357788086,No
4266,0.4836905598640442,No
4267,0.38794082403182983,No
4268,0.46863189339637756,No
4269,0.48746323585510254,No
4270,0.5430136322975159,Yes
4271,0.501943826675415,Yes
4272,0.6260936856269836,Yes
4273,0.5640802979469299,Yes
4274,0.6296980381011963,Yes
4275,0.5650659203529358,Yes
4276,0.5711647868156433,Yes
4277,0.4964490234851837,No
4278,0.5439106822013855,Yes
4279,0.5116806626319885,Yes
4280,0.46038639545440674,No
4281,0.4903550148010254,No
4282,0.45963916182518005,No
4283,0.5121930241584778,Yes
4284,0.5357717275619507,Yes
4285,0.4897109568119049,No
4286,0.5043836832046509,Yes
4287,0.4252234101295471,No
4288,0.42846405506134033,No
4289,0.43818795680999756,No
4290,0.5405918955802917,Yes
4291,0.5001370906829834,Yes
4292,0.5832859873771667,Yes
4293,0.5587480068206787,Yes
4294,0.6261593103408813,Yes
4295,0.580448567867279,Yes
4296,0.5519309639930725,Yes
4297,0.46429988741874695,No
4298,0.5214659571647644,Yes
4299,0.5072870850563049,Yes
4300,0.4340280294418335,No
4301,0.5125902891159058,Yes
4302,0.4868771433830261,No
4303,0.49514374136924744,No
4304,0.524784505367279,Yes
4305,0.47074854373931885,No
4306,0.48020610213279724,No
4307,0.45978477597236633,No
4308,0.45601290464401245,No
4309,0.4736749231815338,No
4310,0.5435880422592163,Yes
4311,0.5004589557647705,Yes
4312,0.5882608890533447,Yes
4313,0.5522865653038025,Yes
4314,0.5575698614120483,Yes
4315,0.5329625010490417,Yes
4316,0.49690911173820496,No
4317,0.4801482856273651,No
4318,0.5104644894599915,Yes
4319,0.49405553936958313,No
4320,0.5155518054962158,Yes
4321,0.5202921628952026,Yes
4322,0.4926517605781555,No
4323,0.5085372924804688,Yes
4324,0.5137301087379456,Yes
4325,0.48200881481170654,No
4326,0.5284664630889893,Yes
4327,0.431142657995224,No
4328,0.5021628737449646,Yes
4329,0.49743545055389404,No
4330,0.4878613352775574,No
4331,0.4467673599720001,No
4332,0.6156502962112427,Yes
4333,0.5889960527420044,Yes
4334,0.5999716520309448,Yes
4335,0.5515753030776978,Yes
4336,0.5502983331680298,Yes
4337,0.5022410750389099,Yes
4338,0.5153993964195251,Yes
4339,0.4911755323410034,No
4340,0.48998650908470154,No
4341,0.5262094140052795,Yes
4342,0.534845769405365,Yes
4343,0.5145249962806702,Yes
4344,0.5664523243904114,Yes
4345,0.5261290669441223,Yes
4346,0.4623384177684784,No
4347,0.42788153886795044,No
4348,0.4447409212589264,No
4349,0.4584677815437317,No
4350,0.5157111287117004,Yes
4351,0.47725746035575867,No
4352,0.5510469079017639,Yes
4353,0.5679519176483154,Yes
4354,0.5927312970161438,Yes
4355,0.5570415258407593,Yes
4356,0.5755003094673157,Yes
4357,0.5150156021118164,Yes
4358,0.47908487915992737,No
4359,0.485352098941803,No
4360,0.5116844773292542,Yes
4361,0.5465316772460938,Yes
4362,0.49539533257484436,No
4363,0.5064046382904053,Yes
4364,0.4865104854106903,No
4365,0.46434539556503296,No
4366,0.5427671074867249,Yes
4367,0.43988722562789917,No
4368,0.5121198296546936,Yes
4369,0.5032414793968201,Yes
4370,0.5503035187721252,Yes
4371,0.4994259178638458,No
4372,0.5337211489677429,Yes
4373,0.5345561504364014,Yes
4374,0.5580399632453918,Yes
4375,0.5299981236457825,Yes
4376,0.5183196663856506,Yes
4377,0.4852140247821808,No
4378,0.5142686367034912,Yes
4379,0.4886467456817627,No
4380,0.5290290117263794,Yes
4381,0.5643060803413391,Yes
4382,0.49499809741973877,No
4383,0.5156290531158447,Yes
4384,0.5436735153198242,Yes
4385,0.5434436202049255,Yes
4386,0.5212684273719788,Yes
4387,0.470336377620697,No
4388,0.5070546269416809,Yes
4389,0.5232386589050293,Yes
4390,0.5405135154724121,Yes
4391,0.5171866416931152,Yes
4392,0.5454100370407104,Yes
4393,0.5401657223701477,Yes
4394,0.6027638912200928,Yes
4395,0.5597088932991028,Yes
4396,0.5167321562767029,Yes
4397,0.5118433833122253,Yes
4398,0.5252534747123718,Yes
4399,0.4962051510810852,No
4400,0.39637404680252075,No
4401,0.4402777850627899,No
4402,0.442587286233902,No
4403,0.5096819400787354,Yes
4404,0.4529712498188019,No
4405,0.4292041063308716,No
4406,0.5261837244033813,Yes
4407,0.5102296471595764,Yes
4408,0.4484690725803375,No
4409,0.4449889659881592,No
4410,0.496474027633667,No
4411,0.4944995045661926,No
4412,0.5091584324836731,Yes
4413,0.5812150239944458,Yes
4414,0.5786391496658325,Yes
4415,0.5584154725074768,Yes
4416,0.5393579006195068,Yes
4417,0.5533629655838013,Yes
4418,0.5286195278167725,Yes
4419,0.5414208173751831,Yes
4420,0.3803505599498749,No
4421,0.44356468319892883,No
4422,0.44015932083129883,No
4423,0.4912640452384949,No
4424,0.4391574263572693,No
4425,0.46666496992111206,No
4426,0.4834633767604828,No
4427,0.4939064681529999,No
4428,0.40858370065689087,No
4429,0.4383004307746887,No
4430,0.49383407831192017,No
4431,0.5192369818687439,Yes
4432,0.4859350621700287,No
4433,0.5732382535934448,Yes
4434,0.5495248436927795,Yes
4435,0.56423020362854,Yes
4436,0.5358889698982239,Yes
4437,0.540364146232605,Yes
4438,0.4750475585460663,No
4439,0.4815288484096527,No
4440,0.4353192150592804,No
4441,0.5105124115943909,Yes
4442,0.4271755516529083,No
4443,0.5286610722541809,Yes
4444,0.4766833782196045,No
4445,0.45460113883018494,No
4446,0.5345816016197205,Yes
4447,0.5205538868904114,Yes
4448,0.4400536119937897,No
4449,0.4672922194004059,No
4450,0.4772103726863861,No
4451,0.5080419778823853,Yes
4452,0.5586348176002502,Yes
4453,0.5764070749282837,Yes
4454,0.5877185463905334,Yes
4455,0.5751146078109741,Yes
4456,0.5281346440315247,Yes
4457,0.5267909169197083,Yes
4458,0.4943437874317169,No
4459,0.5080287456512451,Yes
4460,0.4766963720321655,No
4461,0.5184800028800964,Yes
4462,0.4506487250328064,No
4463,0.48351043462753296,No
4464,0.5042880177497864,Yes
4465,0.5030472278594971,Yes
4466,0.4753229022026062,No
4467,0.4674474895000458,No
4468,0.5207217931747437,Yes
4469,0.5278482437133789,Yes
4470,0.517784595489502,Yes
4471,0.5139163136482239,Yes
4472,0.5333470702171326,Yes
4473,0.5898228883743286,Yes
4474,0.6520183086395264,Yes
4475,0.6403749585151672,Yes
4476,0.5310627222061157,Yes
4477,0.5304853916168213,Yes
4478,0.5241833925247192,Yes
4479,0.5131848454475403,Yes
4480,0.41851016879081726,No
4481,0.46441712975502014,No
4482,0.4809984564781189,No
4483,0.5222963690757751,Yes
4484,0.4672571122646332,No
4485,0.4317314624786377,No
4486,0.48757535219192505,No
4487,0.5067074298858643,Yes
4488,0.4381595551967621,No
4489,0.4752221703529358,No
4490,0.49365025758743286,No
4491,0.5174528956413269,Yes
4492,0.5661190748214722,Yes
4493,0.5683099031448364,Yes
4494,0.5439394116401672,Yes
4495,0.5757324695587158,Yes
4496,0.5031189322471619,Yes
4497,0.5028679966926575,Yes
4498,0.4731631875038147,No
4499,0.515469491481781,Yes
4500,0.46044808626174927,No
4501,0.5146834850311279,Yes
4502,0.46962863206863403,No
4503,0.509426474571228,Yes
4504,0.4736868143081665,No
4505,0.4798775017261505,No
4506,0.4698355495929718,No
4507,0.45393699407577515,No
4508,0.44128626585006714,No
4509,0.47931376099586487,No
4510,0.5042731165885925,Yes
4511,0.5127690434455872,Yes
4512,0.5625994205474854,Yes
4513,0.5598455667495728,Yes
4514,0.5724186897277832,Yes
4515,0.5464293360710144,Yes
4516,0.517770528793335,Yes
4517,0.5418766736984253,Yes
4518,0.543316125869751,Yes
4519,0.5114427804946899,Yes
4520,0.41523435711860657,No
4521,0.4890092611312866,No
4522,0.35023385286331177,No
4523,0.4505864679813385,No
4524,0.4533206820487976,No
4525,0.45768263936042786,No
4526,0.4638131856918335,No
4527,0.4507089853286743,No
4528,0.4505634605884552,No
4529,0.45526131987571716,No
4530,0.5086191892623901,Yes
4531,0.5021031498908997,Yes
4532,0.5529624819755554,Yes
4533,0.5520205497741699,Yes
4534,0.5636938810348511,Yes
4535,0.5483027696609497,Yes
4536,0.49739450216293335,No
4537,0.4954388439655304,No
4538,0.5241356492042542,Yes
4539,0.4960055947303772,No
4540,0.3650825321674347,No
4541,0.4256756901741028,No
4542,0.3835103213787079,No
4543,0.4914381504058838,No
4544,0.45859211683273315,No
4545,0.4497416615486145,No
4546,0.4723981022834778,No
4547,0.4654325544834137,No
4548,0.39788559079170227,No
4549,0.4659697711467743,No
4550,0.48673731088638306,No
4551,0.5074731111526489,Yes
4552,0.5107096433639526,Yes
4553,0.6209431886672974,Yes
4554,0.552855908870697,Yes
4555,0.5711385011672974,Yes
4556,0.5370150208473206,Yes
4557,0.5246396064758301,Yes
4558,0.48089906573295593,No
4559,0.4972439408302307,No
4560,0.38437822461128235,No
4561,0.47919532656669617,No
4562,0.45439597964286804,No
4563,0.5119504928588867,Yes
4564,0.480479896068573,No
4565,0.4984508752822876,No
4566,0.42701730132102966,No
4567,0.40539973974227905,No
4568,0.41855672001838684,No
4569,0.4577004611492157,No
4570,0.459088534116745,No
4571,0.498157799243927,No
4572,0.5321229100227356,Yes
4573,0.5849891304969788,Yes
4574,0.5620814561843872,Yes
4575,0.594670295715332,Yes
4576,0.5439653396606445,Yes
4577,0.5312918424606323,Yes
4578,0.5081734657287598,Yes
4579,0.5151937007904053,Yes
4580,0.35919538140296936,No
4581,0.46639981865882874,No
4582,0.4194210469722748,No
4583,0.5097948312759399,Yes
4584,0.517503559589386,Yes
4585,0.5270532369613647,Yes
4586,0.4967612326145172,No
4587,0.49762311577796936,No
4588,0.40913063287734985,No
4589,0.465412974357605,No
4590,0.48336949944496155,No
4591,0.5057909488677979,Yes
4592,0.5408818125724792,Yes
4593,0.5695353150367737,Yes
4594,0.5589209794998169,Yes
4595,0.5328739285469055,Yes
4596,0.5188109874725342,Yes
4597,0.49334919452667236,No
4598,0.5190414786338806,Yes
4599,0.5187703967094421,Yes
4600,0.4722318649291992,No
4601,0.5123299956321716,Yes
4602,0.40898510813713074,No
4603,0.491548627614975,No
4604,0.4813125431537628,No
4605,0.5101116299629211,Yes
4606,0.48414698243141174,No
4607,0.471251517534256,No
4608,0.438003808259964,No
4609,0.5086537003517151,Yes
4610,0.48820191621780396,No
4611,0.510501503944397,Yes
4612,0.5684710144996643,Yes
4613,0.5695073008537292,Yes
4614,0.5941985249519348,Yes
4615,0.593490719795227,Yes
4616,0.5772647261619568,Yes
4617,0.506502628326416,Yes
4618,0.5234383940696716,Yes
4619,0.5121189951896667,Yes
4620,0.387525349855423,No
4621,0.4377044439315796,No
4622,0.45183178782463074,No
4623,0.5067020654678345,Yes
4624,0.48142170906066895,No
4625,0.5053037405014038,Yes
4626,0.5192223191261292,Yes
4627,0.48831143975257874,No
4628,0.4927947223186493,No
4629,0.5044641494750977,Yes
4630,0.47945377230644226,No
4631,0.48873162269592285,No
4632,0.502260148525238,Yes
4633,0.5618024468421936,Yes
4634,0.5829014778137207,Yes
4635,0.5752255320549011,Yes
4636,0.49024176597595215,No
4637,0.5022885203361511,Yes
4638,0.5135393738746643,Yes
4639,0.5225189924240112,Yes
4640,0.4173174798488617,No
4641,0.5072572827339172,Yes
4642,0.3986453413963318,No
4643,0.4682404100894928,No
4644,0.4582502245903015,No
4645,0.4888173043727875,No
4646,0.43856382369995117,No
4647,0.4438573718070984,No
4648,0.380565345287323,No
4649,0.39704611897468567,No
4650,0.509387731552124,Yes
4651,0.5191840529441833,Yes
4652,0.5053027868270874,Yes
4653,0.574699878692627,Yes
4654,0.5729311108589172,Yes
4655,0.567449688911438,Yes
4656,0.5540759563446045,Yes
4657,0.5608778595924377,Yes
4658,0.46767404675483704,No
4659,0.5024319887161255,Yes
4660,0.45974522829055786,No
4661,0.5074598789215088,Yes
4662,0.4619542956352234,No
4663,0.5046318769454956,Yes
4664,0.5112578868865967,Yes
4665,0.47254765033721924,No
4666,0.470122367143631,No
4667,0.460286945104599,No
4668,0.4271673262119293,No
4669,0.47115373611450195,No
4670,0.4920993149280548,No
4671,0.4954075813293457,No
4672,0.5559554100036621,Yes
4673,0.5821964144706726,Yes
4674,0.5448094010353088,Yes
4675,0.5530318021774292,Yes
4676,0.5368189811706543,Yes
4677,0.5083414912223816,Yes
4678,0.4994024932384491,No
4679,0.5016963481903076,Yes
4680,0.4335407614707947,No
4681,0.5008381009101868,Yes
4682,0.3868255019187927,No
4683,0.5078989863395691,Yes
4684,0.5108336210250854,Yes
4685,0.4997657239437103,No
4686,0.4681958258152008,No
4687,0.46007296442985535,No
4688,0.4115793704986572,No
4689,0.44341936707496643,No
4690,0.4985940158367157,No
4691,0.5094982981681824,Yes
4692,0.5365822315216064,Yes
4693,0.5701441168785095,Yes
4694,0.5835471153259277,Yes
4695,0.589431881904602,Yes
4696,0.5172012448310852,Yes
4697,0.5071117281913757,Yes
4698,0.5026530623435974,Yes
4699,0.51067054271698,Yes
4700,0.4476982355117798,No
4701,0.5262405276298523,Yes
4702,0.4364418387413025,No
4703,0.47756069898605347,No
4704,0.4529553949832916,No
4705,0.4421803653240204,No
4706,0.459019273519516,No
4707,0.4526728689670563,No
4708,0.4307515323162079,No
4709,0.45401206612586975,No
4710,0.5012139678001404,Yes
4711,0.4958779215812683,No
4712,0.5555127859115601,Yes
4713,0.5510286688804626,Yes
4714,0.5743764638900757,Yes
4715,0.5794389247894287,Yes
4716,0.510334312915802,Yes
4717,0.5071082711219788,Yes
4718,0.5192034840583801,Yes
4719,0.5218471884727478,Yes
4720,0.41263172030448914,No
4721,0.45832550525665283,No
4722,0.41876932978630066,No
4723,0.4997694790363312,No
4724,0.4681151211261749,No
4725,0.46731477975845337,No
4726,0.500549852848053,Yes
4727,0.46047547459602356,No
4728,0.4967041611671448,No
4729,0.5014932751655579,Yes
4730,0.45254912972450256,No
4731,0.4833405017852783,No
4732,0.5532366037368774,Yes
4733,0.5707303285598755,Yes
4734,0.5304869413375854,Yes
4735,0.5499743819236755,Yes
4736,0.5105608701705933,Yes
4737,0.4959891736507416,No
4738,0.5206112265586853,Yes
4739,0.5248181223869324,Yes
4740,0.4905320405960083,No
4741,0.525985836982727,Yes
4742,0.48493093252182007,No
4743,0.5072314739227295,Yes
4744,0.4904525876045227,No
4745,0.4812966287136078,No
4746,0.4722285568714142,No
4747,0.4820988178253174,No
4748,0.4312877357006073,No
4749,0.4561024010181427,No
4750,0.48903682827949524,No
4751,0.4826414883136749,No
4752,0.5359190106391907,Yes
4753,0.5768735408782959,Yes
4754,0.5658798813819885,Yes
4755,0.5654901266098022,Yes
4756,0.5589057803153992,Yes
4757,0.5539289712905884,Yes
4758,0.49787527322769165,No
4759,0.5136458873748779,Yes
4760,0.44957098364830017,No
4761,0.5087617039680481,Yes
4762,0.4366639256477356,No
4763,0.5032950639724731,Yes
4764,0.4726303517818451,No
4765,0.48582902550697327,No
4766,0.529988169670105,Yes
4767,0.4541831910610199,No
4768,0.5133131146430969,Yes
4769,0.5267004370689392,Yes
4770,0.5208150744438171,Yes
4771,0.5063525438308716,Yes
4772,0.5130472779273987,Yes
4773,0.5285558104515076,Yes
4774,0.5595244765281677,Yes
4775,0.560795783996582,Yes
4776,0.511665940284729,Yes
4777,0.5048987865447998,Yes
4778,0.5290507078170776,Yes
4779,0.5183387994766235,Yes
4780,0.46718743443489075,No
4781,0.5256335139274597,Yes
4782,0.4871085584163666,No
4783,0.521645724773407,Yes
4784,0.5435000658035278,Yes
4785,0.5473803877830505,Yes
4786,0.515080988407135,Yes
4787,0.4972393214702606,No
4788,0.4618934392929077,No
4789,0.5010362267494202,Yes
4790,0.5175862312316895,Yes
4791,0.5125967264175415,Yes
4792,0.5181055068969727,Yes
4793,0.5357369184494019,Yes
4794,0.5661793351173401,Yes
4795,0.5520329475402832,Yes
4796,0.5211974382400513,Yes
4797,0.533875048160553,Yes
4798,0.5201966762542725,Yes
4799,0.5094614028930664,Yes
4800,0.5085139274597168,Yes
4801,0.4758097231388092,No
4802,0.5266078114509583,Yes
4803,0.5386566519737244,Yes
4804,0.5226212739944458,Yes
4805,0.48497164249420166,No
4806,0.6767871975898743,Yes
4807,0.5449511408805847,Yes
4808,0.5297116637229919,Yes
4809,0.48025113344192505,No
4810,0.5331676602363586,Yes
4811,0.49943017959594727,No
4812,0.6196132302284241,Yes
4813,0.6444427967071533,Yes
4814,0.6204869747161865,Yes
4815,0.5790051221847534,Yes
4816,0.5829189419746399,Yes
4817,0.5288545489311218,Yes
4818,0.576158344745636,Yes
4819,0.6081019639968872,Yes
4820,0.4710307717323303,No
4821,0.4030773341655731,No
4822,0.523497462272644,Yes
4823,0.523496687412262,Yes
4824,0.5427780747413635,Yes
4825,0.49867838621139526,No
4826,0.6067498326301575,Yes
4827,0.5052578449249268,Yes
4828,0.48085886240005493,No
4829,0.4659314453601837,No
4830,0.5680278539657593,Yes
4831,0.5072354078292847,Yes
4832,0.6880057454109192,Yes
4833,0.6118983030319214,Yes
4834,0.6315873861312866,Yes
4835,0.5743588209152222,Yes
4836,0.5765699744224548,Yes
4837,0.442623496055603,No
4838,0.562972903251648,Yes
4839,0.5042741298675537,Yes
4840,0.5572371482849121,Yes
4841,0.4663037359714508,No
4842,0.5382031202316284,Yes
4843,0.5462555289268494,Yes
4844,0.5305588245391846,Yes
4845,0.4969349801540375,No
4846,0.63298100233078,Yes
4847,0.49649304151535034,No
4848,0.5135142207145691,Yes
4849,0.45561397075653076,No
4850,0.5415437817573547,Yes
4851,0.4704405665397644,No
4852,0.6870751976966858,Yes
4853,0.6344258785247803,Yes
4854,0.6789600253105164,Yes
4855,0.626930832862854,Yes
4856,0.6051415205001831,Yes
4857,0.4794602394104004,No
4858,0.5627586841583252,Yes
4859,0.5431771874427795,Yes
4860,0.5354636311531067,Yes
4861,0.5163907408714294,Yes
4862,0.5077400803565979,Yes
4863,0.522911012172699,Yes
4864,0.5062569379806519,Yes
4865,0.49778875708580017,No
4866,0.5469359159469604,Yes
4867,0.47157853841781616,No
4868,0.5650278329849243,Yes
4869,0.5840988755226135,Yes
4870,0.5764704346656799,Yes
4871,0.5421111583709717,Yes
4872,0.6916515231132507,Yes
4873,0.6689174771308899,Yes
4874,0.62711501121521,Yes
4875,0.6198499202728271,Yes
4876,0.5125246644020081,Yes
4877,0.4864040017127991,No
4878,0.5448496341705322,Yes
4879,0.5711356401443481,Yes
4880,0.5650129318237305,Yes
4881,0.4792366325855255,No
4882,0.5673346519470215,Yes
4883,0.545998752117157,Yes
4884,0.5254149436950684,Yes
4885,0.47497591376304626,No
4886,0.6160908937454224,Yes
4887,0.5044252872467041,Yes
4888,0.5943953394889832,Yes
4889,0.5542542338371277,Yes
4890,0.5737782120704651,Yes
4891,0.5112277269363403,Yes
4892,0.6673545837402344,Yes
4893,0.5765781998634338,Yes
4894,0.6347149610519409,Yes
4895,0.5723435282707214,Yes
4896,0.6414058804512024,Yes
4897,0.4751904010772705,No
4898,0.4966045916080475,No
4899,0.47875526547431946,No
4900,0.5450188517570496,Yes
4901,0.46362099051475525,No
4902,0.5561842918395996,Yes
4903,0.5353192090988159,Yes
4904,0.5608987808227539,Yes
4905,0.5290313959121704,Yes
4906,0.49565252661705017,No
4907,0.41493120789527893,No
4908,0.577010452747345,Yes
4909,0.5287054181098938,Yes
4910,0.554198682308197,Yes
4911,0.5251062512397766,Yes
4912,0.6339951157569885,Yes
4913,0.5999980568885803,Yes
4914,0.6024618148803711,Yes
4915,0.5528848171234131,Yes
4916,0.5871167778968811,Yes
4917,0.5301562547683716,Yes
4918,0.5862704515457153,Yes
4919,0.563357412815094,Yes
4920,0.5376512408256531,Yes
4921,0.5278280973434448,Yes
4922,0.3694665729999542,No
4923,0.4611147940158844,No
4924,0.5292706489562988,Yes
4925,0.48818936944007874,No
4926,0.5826895236968994,Yes
4927,0.4346941113471985,No
4928,0.5769934058189392,Yes
4929,0.5071135759353638,Yes
4930,0.5837202668190002,Yes
4931,0.5649561882019043,Yes
4932,0.6210386753082275,Yes
4933,0.5786575078964233,Yes
4934,0.5175634622573853,Yes
4935,0.5506149530410767,Yes
4936,0.49449774622917175,No
4937,0.4549456238746643,No
4938,0.5170278549194336,Yes
4939,0.48183783888816833,No
4940,0.45054128766059875,No
4941,0.41476312279701233,No
4942,0.47173574566841125,No
4943,0.49063998460769653,No
4944,0.5422362089157104,Yes
4945,0.4936269521713257,No
4946,0.5921741724014282,Yes
4947,0.46864062547683716,No
4948,0.4922935366630554,No
4949,0.4373190999031067,No
4950,0.5674766898155212,Yes
4951,0.49474620819091797,No
4952,0.6372374296188354,Yes
4953,0.6668906807899475,Yes
4954,0.6098448634147644,Yes
4955,0.5414984226226807,Yes
4956,0.5587103366851807,Yes
4957,0.4247470796108246,No
4958,0.5489724278450012,Yes
4959,0.5087834000587463,Yes
4960,0.5307934284210205,Yes
4961,0.4784431755542755,No
4962,0.5340083241462708,Yes
4963,0.5225213766098022,Yes
4964,0.613980770111084,Yes
4965,0.5374383330345154,Yes
4966,0.5543621182441711,Yes
4967,0.43713539838790894,No
4968,0.5661292672157288,Yes
4969,0.48956048488616943,No
4970,0.558101236820221,Yes
4971,0.49293243885040283,No
4972,0.7084161043167114,Yes
4973,0.623299241065979,Yes
4974,0.6720048189163208,Yes
4975,0.578662097454071,Yes
4976,0.6479738354682922,Yes
4977,0.5077072978019714,Yes
4978,0.5647603869438171,Yes
4979,0.5507672429084778,Yes
4980,0.5311760902404785,Yes
4981,0.44718822836875916,No
4982,0.5349386930465698,Yes
4983,0.5260714888572693,Yes
4984,0.592690110206604,Yes
4985,0.5473906397819519,Yes
4986,0.6253660917282104,Yes
4987,0.4986332356929779,No
4988,0.5758431553840637,Yes
4989,0.5047364234924316,Yes
4990,0.5711034536361694,Yes
4991,0.518031656742096,Yes
4992,0.6501078605651855,Yes
4993,0.5848513841629028,Yes
4994,0.6866075992584229,Yes
4995,0.5765612125396729,Yes
4996,0.6119019985198975,Yes
4997,0.4508841633796692,No
4998,0.5794235467910767,Yes
4999,0.5408094525337219,Yes
5000,0.5645936131477356,Yes
5001,0.4872533082962036,No
5002,0.44752421975135803,No
5003,0.5009598731994629,Yes
5004,0.5632830858230591,Yes
5005,0.5569031834602356,Yes
5006,0.5362710356712341,Yes
5007,0.4499564468860626,No
5008,0.628185510635376,Yes
5009,0.5826045274734497,Yes
5010,0.5635599493980408,Yes
5011,0.5267916321754456,Yes
5012,0.6821886897087097,Yes
5013,0.6700055003166199,Yes
5014,0.6508808135986328,Yes
5015,0.6093376278877258,Yes
5016,0.626803457736969,Yes
5017,0.5102736949920654,Yes
5018,0.5647154450416565,Yes
5019,0.5288372039794922,Yes
5020,0.5162355899810791,Yes
5021,0.45727911591529846,No
5022,0.5550901889801025,Yes
5023,0.5390293002128601,Yes
5024,0.5637880563735962,Yes
5025,0.5442671179771423,Yes
5026,0.6603732705116272,Yes
5027,0.5395339131355286,Yes
5028,0.5277783870697021,Yes
5029,0.5276650786399841,Yes
5030,0.5342971682548523,Yes
5031,0.5007681846618652,Yes
5032,0.6374541521072388,Yes
5033,0.675299882888794,Yes
5034,0.6338307857513428,Yes
5035,0.6253498196601868,Yes
5036,0.5998148322105408,Yes
5037,0.5402674674987793,Yes
5038,0.5527978539466858,Yes
5039,0.5292311310768127,Yes
5040,0.540688157081604,Yes
5041,0.44995173811912537,No
5042,0.4956085681915283,No
5043,0.45268887281417847,No
5044,0.5288037061691284,Yes
5045,0.5134238004684448,Yes
5046,0.5824885964393616,Yes
5047,0.483211874961853,No
5048,0.4872649312019348,No
5049,0.4195666015148163,No
5050,0.5721758008003235,Yes
5051,0.48295536637306213,No
5052,0.6915532946586609,Yes
5053,0.5907965898513794,Yes
5054,0.6650720834732056,Yes
5055,0.5406840443611145,Yes
5056,0.6384850144386292,Yes
5057,0.5110662579536438,Yes
5058,0.5577502250671387,Yes
5059,0.5283743739128113,Yes
5060,0.5859537720680237,Yes
5061,0.46787795424461365,No
5062,0.5125699043273926,Yes
5063,0.5260839462280273,Yes
5064,0.566757321357727,Yes
5065,0.510866641998291,Yes
5066,0.5442666411399841,Yes
5067,0.4231337308883667,No
5068,0.54950350522995,Yes
5069,0.4984382390975952,No
5070,0.5677341222763062,Yes
5071,0.4990924000740051,No
5072,0.7362100481987,Yes
5073,0.6255706548690796,Yes
5074,0.6501960754394531,Yes
5075,0.6005507707595825,Yes
5076,0.6317008137702942,Yes
5077,0.4908697009086609,No
5078,0.5522525310516357,Yes
5079,0.5308737754821777,Yes
5080,0.546838104724884,Yes
5081,0.44023603200912476,No
5082,0.49471402168273926,No
5083,0.5397468209266663,Yes
5084,0.5568174123764038,Yes
5085,0.521548867225647,Yes
5086,0.557099461555481,Yes
5087,0.45910075306892395,No
5088,0.5068873763084412,Yes
5089,0.4213482141494751,No
5090,0.562849760055542,Yes
5091,0.5044981241226196,Yes
5092,0.6263771653175354,Yes
5093,0.5877996683120728,Yes
5094,0.6820744276046753,Yes
5095,0.6240621209144592,Yes
5096,0.5915723443031311,Yes
5097,0.4599161744117737,No
5098,0.5421687364578247,Yes
5099,0.5290258526802063,Yes
5100,0.49064379930496216,No
5101,0.4759814739227295,No
5102,0.5186617374420166,Yes
5103,0.5241301655769348,Yes
5104,0.5647541284561157,Yes
5105,0.4886455535888672,No
5106,0.5476482510566711,Yes
5107,0.4882645308971405,No
5108,0.5301861763000488,Yes
5109,0.4905725121498108,No
5110,0.558850109577179,Yes
5111,0.5122653245925903,Yes
5112,0.6384643316268921,Yes
5113,0.6006770730018616,Yes
5114,0.5892341732978821,Yes
5115,0.5354604125022888,Yes
5116,0.5166427493095398,Yes
5117,0.4894876480102539,No
5118,0.5275800824165344,Yes
5119,0.5628523230552673,Yes
5120,0.5697293281555176,Yes
5121,0.495151549577713,No
5122,0.5289399027824402,Yes
5123,0.5411211252212524,Yes
5124,0.5349739789962769,Yes
5125,0.5044944882392883,Yes
5126,0.5961183309555054,Yes
5127,0.46264103055000305,No
5128,0.5688472986221313,Yes
5129,0.5213137269020081,Yes
5130,0.5181776285171509,Yes
5131,0.44143831729888916,No
5132,0.7123879194259644,Yes
5133,0.6459579467773438,Yes
5134,0.6345507502555847,Yes
5135,0.5857591032981873,Yes
5136,0.5868623852729797,Yes
5137,0.509823203086853,Yes
5138,0.5253986716270447,Yes
5139,0.5293318033218384,Yes
5140,0.5466654896736145,Yes
5141,0.4687257707118988,No
5142,0.5731265544891357,Yes
5143,0.5492040514945984,Yes
5144,0.5770158171653748,Yes
5145,0.5383065342903137,Yes
5146,0.5419501662254333,Yes
5147,0.48148220777511597,No
5148,0.5323542952537537,Yes
5149,0.48215362429618835,No
5150,0.5703628659248352,Yes
5151,0.5066549181938171,Yes
5152,0.6300820112228394,Yes
5153,0.6373103857040405,Yes
5154,0.6164331436157227,Yes
5155,0.5940325260162354,Yes
5156,0.6063963770866394,Yes
5157,0.5232357382774353,Yes
5158,0.5251696109771729,Yes
5159,0.49281853437423706,No
5160,0.5401015877723694,Yes
5161,0.4857940971851349,No
5162,0.582030177116394,Yes
5163,0.546589732170105,Yes
5164,0.5260995626449585,Yes
5165,0.49465328454971313,No
5166,0.6088172197341919,Yes
5167,0.47756046056747437,No
5168,0.6142724752426147,Yes
5169,0.5438570976257324,Yes
5170,0.5884382128715515,Yes
5171,0.54888516664505,Yes
5172,0.5819935202598572,Yes
5173,0.561187207698822,Yes
5174,0.5711334943771362,Yes
5175,0.5364766716957092,Yes
5176,0.5499436855316162,Yes
5177,0.4889262318611145,No
5178,0.5198983550071716,Yes
5179,0.5461172461509705,Yes
5180,0.5757572054862976,Yes
5181,0.5546209216117859,Yes
5182,0.5469998717308044,Yes
5183,0.5685692429542542,Yes
5184,0.5739997029304504,Yes
5185,0.5613880753517151,Yes
5186,0.5997051000595093,Yes
5187,0.5147156715393066,Yes
5188,0.5860213041305542,Yes
5189,0.5625482201576233,Yes
5190,0.5939797759056091,Yes
5191,0.5664576292037964,Yes
5192,0.5768771171569824,Yes
5193,0.57004314661026,Yes
5194,0.6490095257759094,Yes
5195,0.5894089341163635,Yes
5196,0.5572982430458069,Yes
5197,0.516581654548645,Yes
5198,0.5449318885803223,Yes
5199,0.5498224496841431,Yes
5200,0.43444526195526123,No
5201,0.4116860032081604,No
5202,0.5102955102920532,Yes
5203,0.547706663608551,Yes
5204,0.4830503761768341,No
5205,0.44629737734794617,No
5206,0.6001976132392883,Yes
5207,0.5619627833366394,Yes
5208,0.5381921529769897,Yes
5209,0.48774856328964233,No
5210,0.5114409923553467,Yes
5211,0.5228849053382874,Yes
5212,0.5834115147590637,Yes
5213,0.6573277711868286,Yes
5214,0.6111682057380676,Yes
5215,0.5991588830947876,Yes
5216,0.5898514986038208,Yes
5217,0.5748758912086487,Yes
5218,0.5457602143287659,Yes
5219,0.5820423364639282,Yes
5220,0.402401864528656,No
5221,0.40714728832244873,No
5222,0.4818175733089447,No
5223,0.541505753993988,Yes
5224,0.45524364709854126,No
5225,0.46533671021461487,No
5226,0.5680757164955139,Yes
5227,0.5657920837402344,Yes
5228,0.44370779395103455,No
5229,0.4931720197200775,No
5230,0.545415461063385,Yes
5231,0.5673069357872009,Yes
5232,0.5867860317230225,Yes
5233,0.6397741436958313,Yes
5234,0.5628166794776917,Yes
5235,0.6115264296531677,Yes
5236,0.5908380150794983,Yes
5237,0.5501675009727478,Yes
5238,0.49988695979118347,No
5239,0.49495938420295715,No
5240,0.49235984683036804,No
5241,0.49407070875167847,No
5242,0.4990326762199402,No
5243,0.5842079520225525,Yes
5244,0.47694191336631775,No
5245,0.47284403443336487,No
5246,0.5996827483177185,Yes
5247,0.5754194855690002,Yes
5248,0.48975542187690735,No
5249,0.4615989923477173,No
5250,0.5076277852058411,Yes
5251,0.5040072798728943,Yes
5252,0.573620617389679,Yes
5253,0.6159061789512634,Yes
5254,0.6014953851699829,Yes
5255,0.6097827553749084,Yes
5256,0.5611286163330078,Yes
5257,0.5382818579673767,Yes
5258,0.5211526155471802,Yes
5259,0.5476856827735901,Yes
5260,0.5320993065834045,Yes
5261,0.524208128452301,Yes
5262,0.47630608081817627,No
5263,0.509894609451294,Yes
5264,0.5103984475135803,Yes
5265,0.5207940340042114,Yes
5266,0.5524488091468811,Yes
5267,0.5090019106864929,Yes
5268,0.5487980246543884,Yes
5269,0.5628002285957336,Yes
5270,0.5511153340339661,Yes
5271,0.5475364327430725,Yes
5272,0.6276927590370178,Yes
5273,0.6518905162811279,Yes
5274,0.612676203250885,Yes
5275,0.6205785870552063,Yes
5276,0.5621741414070129,Yes
5277,0.5550631284713745,Yes
5278,0.5249044299125671,Yes
5279,0.5269073843955994,Yes
5280,0.45404452085494995,No
5281,0.44240039587020874,No
5282,0.5200233459472656,Yes
5283,0.5543566346168518,Yes
5284,0.45241618156433105,No
5285,0.44745880365371704,No
5286,0.5786781907081604,Yes
5287,0.5950842499732971,Yes
5288,0.5336225032806396,Yes
5289,0.5190804600715637,Yes
5290,0.543825626373291,Yes
5291,0.568719744682312,Yes
5292,0.6002059578895569,Yes
5293,0.6015296578407288,Yes
5294,0.5635164976119995,Yes
5295,0.5993493795394897,Yes
5296,0.566931962966919,Yes
5297,0.5410087704658508,Yes
5298,0.5147067308425903,Yes
5299,0.5322312116622925,Yes
5300,0.49662503600120544,No
5301,0.4638051688671112,No
5302,0.5387027263641357,Yes
5303,0.538054347038269,Yes
5304,0.4923810064792633,No
5305,0.5216676592826843,Yes
5306,0.5391480922698975,Yes
5307,0.5062508583068848,Yes
5308,0.5154275298118591,Yes
5309,0.49555492401123047,No
5310,0.5253413915634155,Yes
5311,0.5354225635528564,Yes
5312,0.5815140008926392,Yes
5313,0.5850518941879272,Yes
5314,0.5718050599098206,Yes
5315,0.5760544538497925,Yes
5316,0.5268672704696655,Yes
5317,0.5388959050178528,Yes
5318,0.5579500198364258,Yes
5319,0.5318514704704285,Yes
5320,0.4758091866970062,No
5321,0.4816690683364868,No
5322,0.3924868404865265,No
5323,0.4983252286911011,No
5324,0.47152045369148254,No
5325,0.4435111880302429,No
5326,0.5276810526847839,Yes
5327,0.4885547459125519,No
5328,0.5271852016448975,Yes
5329,0.5084755420684814,Yes
5330,0.5486785173416138,Yes
5331,0.5362311005592346,Yes
5332,0.5844451189041138,Yes
5333,0.5722153186798096,Yes
5334,0.5318700671195984,Yes
5335,0.5628606677055359,Yes
5336,0.5509366393089294,Yes
5337,0.5225573182106018,Yes
5338,0.5304040312767029,Yes
5339,0.49610140919685364,No
5340,0.3857337534427643,No
5341,0.40646737813949585,No
5342,0.44196730852127075,No
5343,0.5227164030075073,Yes
5344,0.47676077485084534,No
5345,0.4673192501068115,No
5346,0.5632284283638,Yes
5347,0.550065279006958,Yes
5348,0.4966587424278259,No
5349,0.4689905643463135,No
5350,0.534652829170227,Yes
5351,0.5298528075218201,Yes
5352,0.5806394815444946,Yes
5353,0.670066237449646,Yes
5354,0.5641648769378662,Yes
5355,0.6080954670906067,Yes
5356,0.5896905064582825,Yes
5357,0.5383951663970947,Yes
5358,0.5191560387611389,Yes
5359,0.5320201516151428,Yes
5360,0.43971866369247437,No
5361,0.46021974086761475,No
5362,0.515579879283905,Yes
5363,0.5596975088119507,Yes
5364,0.5155929327011108,Yes
5365,0.5065060257911682,Yes
5366,0.4980776011943817,No
5367,0.45616355538368225,No
5368,0.48280543088912964,No
5369,0.47818517684936523,No
5370,0.5159499645233154,Yes
5371,0.5224761366844177,Yes
5372,0.6371028423309326,Yes
5373,0.6647608876228333,Yes
5374,0.6001725196838379,Yes
5375,0.6362021565437317,Yes
5376,0.596851110458374,Yes
5377,0.5542367696762085,Yes
5378,0.5399159789085388,Yes
5379,0.525766134262085,Yes
5380,0.41277894377708435,No
5381,0.4399309754371643,No
5382,0.4908909797668457,No
5383,0.5576046109199524,Yes
5384,0.5323520302772522,Yes
5385,0.5322967171669006,Yes
5386,0.5779753923416138,Yes
5387,0.5586620569229126,Yes
5388,0.4895537793636322,No
5389,0.4878053069114685,No
5390,0.5308527946472168,Yes
5391,0.5264493823051453,Yes
5392,0.5839994549751282,Yes
5393,0.6038603782653809,Yes
5394,0.6096400022506714,Yes
5395,0.6061497926712036,Yes
5396,0.5633114576339722,Yes
5397,0.4999273419380188,No
5398,0.561286985874176,Yes
5399,0.5555095672607422,Yes
5400,0.5214435458183289,Yes
5401,0.5172836184501648,Yes
5402,0.44942206144332886,No
5403,0.5313876867294312,Yes
5404,0.5127324461936951,Yes
5405,0.5306272506713867,Yes
5406,0.5596017837524414,Yes
5407,0.5285820364952087,Yes
5408,0.5452691316604614,Yes
5409,0.5334510207176208,Yes
5410,0.5172566175460815,Yes
5411,0.5315725803375244,Yes
5412,0.6134077906608582,Yes
5413,0.6068773865699768,Yes
5414,0.6204549670219421,Yes
5415,0.6084544658660889,Yes
5416,0.6097455620765686,Yes
5417,0.522980272769928,Yes
5418,0.531022310256958,Yes
5419,0.5290507674217224,Yes
5420,0.4375888407230377,No
5421,0.4004274606704712,No
5422,0.5477377772331238,Yes
5423,0.5365030169487,Yes
5424,0.4989156723022461,No
5425,0.4972393214702606,No
5426,0.5844484567642212,Yes
5427,0.5339608192443848,Yes
5428,0.5311177968978882,Yes
5429,0.5397418141365051,Yes
5430,0.5330308675765991,Yes
5431,0.49654659628868103,No
5432,0.5840070843696594,Yes
5433,0.6523498296737671,Yes
5434,0.5999036431312561,Yes
5435,0.6060969233512878,Yes
5436,0.542178750038147,Yes
5437,0.5305889844894409,Yes
5438,0.5514476299285889,Yes
5439,0.5337911248207092,Yes
5440,0.4554838240146637,No
5441,0.46131306886672974,No
5442,0.47047367691993713,No
5443,0.5048643350601196,Yes
5444,0.48135364055633545,No
5445,0.5180654525756836,Yes
5446,0.5154882669448853,Yes
5447,0.4877191185951233,No
5448,0.40595799684524536,No
5449,0.4233638644218445,No
5450,0.532279372215271,Yes
5451,0.547595739364624,Yes
5452,0.6096439361572266,Yes
5453,0.642822802066803,Yes
5454,0.5896818041801453,Yes
5455,0.6006419658660889,Yes
5456,0.5951346158981323,Yes
5457,0.5735597014427185,Yes
5458,0.515819787979126,Yes
5459,0.5413716435432434,Yes
5460,0.5088840126991272,Yes
5461,0.4880620539188385,No
5462,0.4827311038970947,No
5463,0.5423433184623718,Yes
5464,0.5065755248069763,Yes
5465,0.49386489391326904,No
5466,0.5371712446212769,Yes
5467,0.5251492261886597,Yes
5468,0.49270784854888916,No
5469,0.4958012104034424,No
5470,0.5325806140899658,Yes
5471,0.5017595887184143,Yes
5472,0.6054139137268066,Yes
5473,0.6445605158805847,Yes
5474,0.5710821747779846,Yes
5475,0.5977218747138977,Yes
5476,0.5612042546272278,Yes
5477,0.5009133815765381,Yes
5478,0.5121794939041138,Yes
5479,0.4979188144207001,No
5480,0.4894537031650543,No
5481,0.47663652896881104,No
5482,0.44964927434921265,No
5483,0.5446505546569824,Yes
5484,0.5132468342781067,Yes
5485,0.5208749771118164,Yes
5486,0.513675332069397,Yes
5487,0.5107166767120361,Yes
5488,0.47876229882240295,No
5489,0.45468732714653015,No
5490,0.5158001184463501,Yes
5491,0.5204578638076782,Yes
5492,0.5580763220787048,Yes
5493,0.5962411761283875,Yes
5494,0.6176795959472656,Yes
5495,0.6325328350067139,Yes
5496,0.547879159450531,Yes
5497,0.5236688256263733,Yes
5498,0.5233150720596313,Yes
5499,0.5254790782928467,Yes
5500,0.4831450283527374,No
5501,0.5038630962371826,Yes
5502,0.4822373390197754,No
5503,0.5051640868186951,Yes
5504,0.4803336560726166,No
5505,0.45083239674568176,No
5506,0.5235630869865417,Yes
5507,0.4870510399341583,No
5508,0.49282538890838623,No
5509,0.4813484251499176,No
5510,0.5281301736831665,Yes
5511,0.514072835445404,Yes
5512,0.5737468004226685,Yes
5513,0.5891346335411072,Yes
5514,0.5504084825515747,Yes
5515,0.5733076930046082,Yes
5516,0.5364801287651062,Yes
5517,0.5317516922950745,Yes
5518,0.5428637862205505,Yes
5519,0.557039201259613,Yes
5520,0.448199599981308,No
5521,0.44897881150245667,No
5522,0.47544020414352417,No
5523,0.5425859093666077,Yes
5524,0.462355375289917,No
5525,0.4807283282279968,No
5526,0.5604704022407532,Yes
5527,0.5243698358535767,Yes
5528,0.5299252867698669,Yes
5529,0.5266360640525818,Yes
5530,0.4905584156513214,No
5531,0.47102871537208557,No
5532,0.6023096442222595,Yes
5533,0.6115818023681641,Yes
5534,0.5693413019180298,Yes
5535,0.5966313481330872,Yes
5536,0.5439015030860901,Yes
5537,0.5145745873451233,Yes
5538,0.5579488277435303,Yes
5539,0.5335801243782043,Yes
5540,0.539852499961853,Yes
5541,0.5012548565864563,Yes
5542,0.5346426963806152,Yes
5543,0.5618105530738831,Yes
5544,0.507578432559967,Yes
5545,0.49713134765625,No
5546,0.5441774725914001,Yes
5547,0.5367828607559204,Yes
5548,0.488114595413208,No
5549,0.4885982275009155,No
5550,0.5247167348861694,Yes
5551,0.5078637599945068,Yes
5552,0.6022447347640991,Yes
5553,0.6370817422866821,Yes
5554,0.5774456262588501,Yes
5555,0.5878579020500183,Yes
5556,0.5832775831222534,Yes
5557,0.5656718015670776,Yes
5558,0.5378798246383667,Yes
5559,0.4899989664554596,No
5560,0.466185986995697,No
5561,0.4568980932235718,No
5562,0.545404314994812,Yes
5563,0.5470722913742065,Yes
5564,0.4885815978050232,No
5565,0.5093483924865723,Yes
5566,0.6022041440010071,Yes
5567,0.5055829286575317,Yes
5568,0.5429145097732544,Yes
5569,0.5465570688247681,Yes
5570,0.5502949953079224,Yes
5571,0.549646258354187,Yes
5572,0.5522400736808777,Yes
5573,0.5516140460968018,Yes
5574,0.5456085801124573,Yes
5575,0.5777101516723633,Yes
5576,0.546286940574646,Yes
5577,0.5203919410705566,Yes
5578,0.5425235033035278,Yes
5579,0.5422284007072449,Yes
5580,0.5021401643753052,Yes
5581,0.4970299303531647,No
5582,0.5252165198326111,Yes
5583,0.5518426299095154,Yes
5584,0.5587087869644165,Yes
5585,0.5461277365684509,Yes
5586,0.5849660634994507,Yes
5587,0.5476639866828918,Yes
5588,0.5171868801116943,Yes
5589,0.538024365901947,Yes
5590,0.5528706908226013,Yes
5591,0.5494223237037659,Yes
5592,0.5422906279563904,Yes
5593,0.5603826642036438,Yes
5594,0.5980781316757202,Yes
5595,0.5846713185310364,Yes
5596,0.5582058429718018,Yes
5597,0.5431374311447144,Yes
5598,0.5360705852508545,Yes
5599,0.5417859554290771,Yes
5600,0.605226457118988,Yes
5601,0.5901129841804504,Yes
5602,0.5589243173599243,Yes
5603,0.5319380760192871,Yes
5604,0.5510538816452026,Yes
5605,0.4826464056968689,No
5606,0.6562453508377075,Yes
5607,0.6095072031021118,Yes
5608,0.4487573206424713,No
5609,0.5415815711021423,Yes
5610,0.6451452970504761,Yes
5611,0.5899971723556519,Yes
5612,0.6635841131210327,Yes
5613,0.6453882455825806,Yes
5614,0.5640044212341309,Yes
5615,0.5337525010108948,Yes
5616,0.6321800351142883,Yes
5617,0.6186209321022034,Yes
5618,0.5810281038284302,Yes
5619,0.6671504378318787,Yes
5620,0.5447894930839539,Yes
5621,0.5467106699943542,Yes
5622,0.596839427947998,Yes
5623,0.5526366233825684,Yes
5624,0.5896194577217102,Yes
5625,0.5340903997421265,Yes
5626,0.6156626343727112,Yes
5627,0.5511664152145386,Yes
5628,0.5013653039932251,Yes
5629,0.559571385383606,Yes
5630,0.6657862067222595,Yes
5631,0.6085070967674255,Yes
5632,0.7041846513748169,Yes
5633,0.6246930360794067,Yes
5634,0.7079464793205261,Yes
5635,0.5840863585472107,Yes
5636,0.6267746090888977,Yes
5637,0.5361974239349365,Yes
5638,0.6166496276855469,Yes
5639,0.6346405148506165,Yes
5640,0.6209448575973511,Yes
5641,0.5921873450279236,Yes
5642,0.5862501859664917,Yes
5643,0.5355570912361145,Yes
5644,0.5527893900871277,Yes
5645,0.4883614778518677,No
5646,0.6596540212631226,Yes
5647,0.5746568441390991,Yes
5648,0.4964454472064972,No
5649,0.5655804872512817,Yes
5650,0.6727001667022705,Yes
5651,0.567946195602417,Yes
5652,0.7279754877090454,Yes
5653,0.6556811332702637,Yes
5654,0.7096866369247437,Yes
5655,0.5882492065429688,Yes
5656,0.6840308904647827,Yes
5657,0.5742717981338501,Yes
5658,0.6107733845710754,Yes
5659,0.6492937207221985,Yes
5660,0.5789626240730286,Yes
5661,0.6058981418609619,Yes
5662,0.5420569181442261,Yes
5663,0.554312527179718,Yes
5664,0.5240658521652222,Yes
5665,0.5243296027183533,Yes
5666,0.5439536571502686,Yes
5667,0.5739989876747131,Yes
5668,0.5706502199172974,Yes
5669,0.6795462965965271,Yes
5670,0.6478719115257263,Yes
5671,0.620835542678833,Yes
5672,0.6787866353988647,Yes
5673,0.6828416585922241,Yes
5674,0.6109206080436707,Yes
5675,0.5792980790138245,Yes
5676,0.5752376914024353,Yes
5677,0.5723167061805725,Yes
5678,0.6182479858398438,Yes
5679,0.6921787858009338,Yes
5680,0.6328071355819702,Yes
5681,0.5883470773696899,Yes
5682,0.6325902342796326,Yes
5683,0.5580729842185974,Yes
5684,0.5362582206726074,Yes
5685,0.4865935444831848,No
5686,0.6044021248817444,Yes
5687,0.5627379417419434,Yes
5688,0.5438169836997986,Yes
5689,0.6145979166030884,Yes
5690,0.6708425879478455,Yes
5691,0.6045105457305908,Yes
5692,0.7182012796401978,Yes
5693,0.6438384652137756,Yes
5694,0.6764276027679443,Yes
5695,0.5279271602630615,Yes
5696,0.6441161036491394,Yes
5697,0.5644092559814453,Yes
5698,0.4987804889678955,No
5699,0.6133453845977783,Yes
5700,0.6289104223251343,Yes
5701,0.61890709400177,Yes
5702,0.6251695156097412,Yes
5703,0.5782621502876282,Yes
5704,0.5378264784812927,Yes
5705,0.544990599155426,Yes
5706,0.5630543828010559,Yes
5707,0.5768522024154663,Yes
5708,0.5264489054679871,Yes
5709,0.6202108860015869,Yes
5710,0.6555684804916382,Yes
5711,0.5894139409065247,Yes
5712,0.709839940071106,Yes
5713,0.6680245399475098,Yes
5714,0.6607910394668579,Yes
5715,0.5745698809623718,Yes
5716,0.6409001350402832,Yes
5717,0.5685449838638306,Yes
5718,0.6301965713500977,Yes
5719,0.6780815720558167,Yes
5720,0.5967157483100891,Yes
5721,0.6059396266937256,Yes
5722,0.4570927321910858,No
5723,0.49818384647369385,No
5724,0.5412057042121887,Yes
5725,0.49103301763534546,No
5726,0.5921118855476379,Yes
5727,0.5640522241592407,Yes
5728,0.5265291333198547,Yes
5729,0.5791876316070557,Yes
5730,0.6691961288452148,Yes
5731,0.6510182023048401,Yes
5732,0.6864787340164185,Yes
5733,0.6415490508079529,Yes
5734,0.550377368927002,Yes
5735,0.5092682242393494,Yes
5736,0.5922385454177856,Yes
5737,0.5805060863494873,Yes
5738,0.5570201873779297,Yes
5739,0.6090146899223328,Yes
5740,0.5763656497001648,Yes
5741,0.583227813243866,Yes
5742,0.5612279176712036,Yes
5743,0.5250756740570068,Yes
5744,0.5623695254325867,Yes
5745,0.510901153087616,Yes
5746,0.6218172311782837,Yes
5747,0.569659948348999,Yes
5748,0.4860380291938782,No
5749,0.5514953136444092,Yes
5750,0.6364061832427979,Yes
5751,0.6058777570724487,Yes
5752,0.6776573061943054,Yes
5753,0.6489027738571167,Yes
5754,0.6839438080787659,Yes
5755,0.5269802808761597,Yes
5756,0.5921550989151001,Yes
5757,0.52833092212677,Yes
5758,0.5795978307723999,Yes
5759,0.6144287586212158,Yes
5760,0.5682368278503418,Yes
5761,0.5481691956520081,Yes
5762,0.5563772916793823,Yes
5763,0.5136284828186035,Yes
5764,0.5211948156356812,Yes
5765,0.5183433294296265,Yes
5766,0.5383679866790771,Yes
5767,0.5377619862556458,Yes
5768,0.48352643847465515,No
5769,0.5578542947769165,Yes
5770,0.6168504953384399,Yes
5771,0.5458061695098877,Yes
5772,0.7076444029808044,Yes
5773,0.6284763813018799,Yes
5774,0.6391463279724121,Yes
5775,0.4961610734462738,No
5776,0.6617398858070374,Yes
5777,0.5444496870040894,Yes
5778,0.6012202501296997,Yes
5779,0.6462046504020691,Yes
5780,0.5892820358276367,Yes
5781,0.5560266375541687,Yes
5782,0.5762303471565247,Yes
5783,0.5135741233825684,Yes
5784,0.5974975228309631,Yes
5785,0.5172339677810669,Yes
5786,0.6077133417129517,Yes
5787,0.5648192763328552,Yes
5788,0.5039883255958557,Yes
5789,0.579400897026062,Yes
5790,0.6729919910430908,Yes
5791,0.6232990622520447,Yes
5792,0.6982605457305908,Yes
5793,0.6337306499481201,Yes
5794,0.6424084305763245,Yes
5795,0.4954657256603241,No
5796,0.6153468489646912,Yes
5797,0.4975605309009552,No
5798,0.6099643707275391,Yes
5799,0.6316526532173157,Yes
5800,0.6282531023025513,Yes
5801,0.5894384980201721,Yes
5802,0.48239758610725403,No
5803,0.5357988476753235,Yes
5804,0.5607762932777405,Yes
5805,0.5123723745346069,Yes
5806,0.5907714366912842,Yes
5807,0.5590813159942627,Yes
5808,0.5381937026977539,Yes
5809,0.6607238054275513,Yes
5810,0.6589557528495789,Yes
5811,0.6240026354789734,Yes
5812,0.6892130970954895,Yes
5813,0.694731593132019,Yes
5814,0.6700878143310547,Yes
5815,0.5871034860610962,Yes
5816,0.6206104755401611,Yes
5817,0.5824663639068604,Yes
5818,0.6247718930244446,Yes
5819,0.6310199499130249,Yes
5820,0.5986843705177307,Yes
5821,0.5905624032020569,Yes
5822,0.6171524524688721,Yes
5823,0.5743356943130493,Yes
5824,0.5904062986373901,Yes
5825,0.5251980423927307,Yes
5826,0.6801726818084717,Yes
5827,0.6514027714729309,Yes
5828,0.5105810761451721,Yes
5829,0.6089886426925659,Yes
5830,0.6534015536308289,Yes
5831,0.6471497416496277,Yes
5832,0.6249106526374817,Yes
5833,0.6719685196876526,Yes
5834,0.6880494952201843,Yes
5835,0.6201501488685608,Yes
5836,0.6542364358901978,Yes
5837,0.650463342666626,Yes
5838,0.5536696314811707,Yes
5839,0.5950106382369995,Yes
5840,0.5941193103790283,Yes
5841,0.5639878511428833,Yes
5842,0.5181124210357666,Yes
5843,0.49185246229171753,No
5844,0.5590866208076477,Yes
5845,0.5403541922569275,Yes
5846,0.6177882552146912,Yes
5847,0.5667795538902283,Yes
5848,0.48081353306770325,No
5849,0.5450407862663269,Yes
5850,0.6979449987411499,Yes
5851,0.6024961471557617,Yes
5852,0.7155807018280029,Yes
5853,0.6348028182983398,Yes
5854,0.7183995842933655,Yes
5855,0.5219242572784424,Yes
5856,0.6947212815284729,Yes
5857,0.618695080280304,Yes
5858,0.5965824127197266,Yes
5859,0.6506888270378113,Yes
5860,0.6620162725448608,Yes
5861,0.6144952774047852,Yes
5862,0.6298731565475464,Yes
5863,0.5791935324668884,Yes
5864,0.5767703056335449,Yes
5865,0.5185753107070923,Yes
5866,0.6090562343597412,Yes
5867,0.5748599171638489,Yes
5868,0.5075324177742004,Yes
5869,0.5986045002937317,Yes
5870,0.7188587188720703,Yes
5871,0.6442247629165649,Yes
5872,0.7367591857910156,Yes
5873,0.6410050988197327,Yes
5874,0.7559522390365601,Yes
5875,0.6144834756851196,Yes
5876,0.7088889479637146,Yes
5877,0.5952607989311218,Yes
5878,0.6629131436347961,Yes
5879,0.669240415096283,Yes
5880,0.6122831702232361,Yes
5881,0.6058753132820129,Yes
5882,0.5400097370147705,Yes
5883,0.554003119468689,Yes
5884,0.5306972861289978,Yes
5885,0.4873286187648773,No
5886,0.6152191162109375,Yes
5887,0.5873305797576904,Yes
5888,0.46999895572662354,No
5889,0.5304667949676514,Yes
5890,0.7140703797340393,Yes
5891,0.6262114644050598,Yes
5892,0.7108778953552246,Yes
5893,0.6536139249801636,Yes
5894,0.6753385066986084,Yes
5895,0.5427958965301514,Yes
5896,0.6818276643753052,Yes
5897,0.5529600381851196,Yes
5898,0.5874549150466919,Yes
5899,0.6309448480606079,Yes
5900,0.6132038235664368,Yes
5901,0.609534740447998,Yes
5902,0.5323578715324402,Yes
5903,0.5284985899925232,Yes
5904,0.5492030382156372,Yes
5905,0.5107267498970032,Yes
5906,0.5297269821166992,Yes
5907,0.5786294341087341,Yes
5908,0.5531837940216064,Yes
5909,0.5701888203620911,Yes
5910,0.6439465284347534,Yes
5911,0.6225376725196838,Yes
5912,0.6825794577598572,Yes
5913,0.6631271839141846,Yes
5914,0.650006890296936,Yes
5915,0.5015882849693298,Yes
5916,0.6282894015312195,Yes
5917,0.5968871712684631,Yes
5918,0.5385069251060486,Yes
5919,0.5806754231452942,Yes
5920,0.6417401432991028,Yes
5921,0.6038796901702881,Yes
5922,0.5881159901618958,Yes
5923,0.5621293783187866,Yes
5924,0.5469637513160706,Yes
5925,0.5084449648857117,Yes
5926,0.6599727272987366,Yes
5927,0.5740095973014832,Yes
5928,0.5397928357124329,Yes
5929,0.6031137108802795,Yes
5930,0.6768847107887268,Yes
5931,0.5717564225196838,Yes
5932,0.7398695349693298,Yes
5933,0.6716732978820801,Yes
5934,0.731155276298523,Yes
5935,0.6186435222625732,Yes
5936,0.6895357966423035,Yes
5937,0.602746307849884,Yes
5938,0.5846298336982727,Yes
5939,0.6037355065345764,Yes
5940,0.6205300092697144,Yes
5941,0.6231244802474976,Yes
5942,0.6079435348510742,Yes
5943,0.5734384655952454,Yes
5944,0.5630910992622375,Yes
5945,0.5529519319534302,Yes
5946,0.6068472266197205,Yes
5947,0.569433331489563,Yes
5948,0.4638729393482208,No
5949,0.563843309879303,Yes
5950,0.6606557965278625,Yes
5951,0.6228746771812439,Yes
5952,0.6522300243377686,Yes
5953,0.6208438873291016,Yes
5954,0.7004827857017517,Yes
5955,0.5628404021263123,Yes
5956,0.6443872451782227,Yes
5957,0.5710781812667847,Yes
5958,0.5063266754150391,Yes
5959,0.5629090666770935,Yes
5960,0.6279934048652649,Yes
5961,0.6367104649543762,Yes
5962,0.6133082509040833,Yes
5963,0.5540148019790649,Yes
5964,0.5017477869987488,Yes
5965,0.5073822140693665,Yes
5966,0.6511892676353455,Yes
5967,0.6059533357620239,Yes
5968,0.5646595358848572,Yes
5969,0.6422443389892578,Yes
5970,0.6853116154670715,Yes
5971,0.6546331644058228,Yes
5972,0.6479970812797546,Yes
5973,0.6494212746620178,Yes
5974,0.549558162689209,Yes
5975,0.4937285780906677,No
5976,0.6129163503646851,Yes
5977,0.5821706652641296,Yes
5978,0.543636679649353,Yes
5979,0.5968881249427795,Yes
5980,0.6581262350082397,Yes
5981,0.6560227870941162,Yes
5982,0.6076449751853943,Yes
5983,0.5914130210876465,Yes
5984,0.6433121562004089,Yes
5985,0.5967164039611816,Yes
5986,0.6230747103691101,Yes
5987,0.6156986355781555,Yes
5988,0.56795334815979,Yes
5989,0.6452134847640991,Yes
5990,0.6951420307159424,Yes
5991,0.6585096716880798,Yes
5992,0.6562516093254089,Yes
5993,0.659048855304718,Yes
5994,0.6174245476722717,Yes
5995,0.5596379637718201,Yes
5996,0.6196425557136536,Yes
5997,0.5842385292053223,Yes
5998,0.5978358387947083,Yes
5999,0.6657360792160034,Yes
6000,0.5445245504379272,Yes
6001,0.5508942604064941,Yes
6002,0.5378968715667725,Yes
6003,0.563646137714386,Yes
6004,0.512234628200531,Yes
6005,0.46858686208724976,No
6006,0.5677326917648315,Yes
6007,0.6417145133018494,Yes
6008,0.4723067283630371,No
6009,0.5708029270172119,Yes
6010,0.6143419146537781,Yes
6011,0.641273021697998,Yes
6012,0.632378876209259,Yes
6013,0.647628128528595,Yes
6014,0.5699564218521118,Yes
6015,0.5823832750320435,Yes
6016,0.6373380422592163,Yes
6017,0.6428780555725098,Yes
6018,0.5851560235023499,Yes
6019,0.6821231842041016,Yes
6020,0.48985663056373596,No
6021,0.5579911470413208,Yes
6022,0.5376883149147034,Yes
6023,0.6049951910972595,Yes
6024,0.5235850811004639,Yes
6025,0.515713095664978,Yes
6026,0.5789283514022827,Yes
6027,0.573904275894165,Yes
6028,0.4917868375778198,No
6029,0.602562427520752,Yes
6030,0.6139944791793823,Yes
6031,0.6681113839149475,Yes
6032,0.6069530844688416,Yes
6033,0.6881434321403503,Yes
6034,0.6390591859817505,Yes
6035,0.6975606679916382,Yes
6036,0.5804638266563416,Yes
6037,0.6336047649383545,Yes
6038,0.5644065737724304,Yes
6039,0.6602171063423157,Yes
6040,0.5530894994735718,Yes
6041,0.5910067558288574,Yes
6042,0.46922218799591064,No
6043,0.5668163299560547,Yes
6044,0.48866331577301025,No
6045,0.4826740622520447,No
6046,0.5711842775344849,Yes
6047,0.5725463628768921,Yes
6048,0.43564513325691223,No
6049,0.5580334663391113,Yes
6050,0.5851085186004639,Yes
6051,0.6523911356925964,Yes
6052,0.6289089918136597,Yes
6053,0.6716101169586182,Yes
6054,0.616451621055603,Yes
6055,0.6514972448348999,Yes
6056,0.6202016472816467,Yes
6057,0.6257391571998596,Yes
6058,0.5398362278938293,Yes
6059,0.675127387046814,Yes
6060,0.5547627210617065,Yes
6061,0.608238935470581,Yes
6062,0.5171416997909546,Yes
6063,0.5762077569961548,Yes
6064,0.5058348774909973,Yes
6065,0.535445511341095,Yes
6066,0.5507174134254456,Yes
6067,0.6209225058555603,Yes
6068,0.5711612701416016,Yes
6069,0.6441173553466797,Yes
6070,0.6269449591636658,Yes
6071,0.642349898815155,Yes
6072,0.6462377905845642,Yes
6073,0.6861185431480408,Yes
6074,0.674608051776886,Yes
6075,0.6635419726371765,Yes
6076,0.610481858253479,Yes
6077,0.6441308856010437,Yes
6078,0.6012147665023804,Yes
6079,0.687464714050293,Yes
6080,0.5637577772140503,Yes
6081,0.5678346753120422,Yes
6082,0.5246756076812744,Yes
6083,0.5767794847488403,Yes
6084,0.48723408579826355,No
6085,0.48583096265792847,No
6086,0.5848300457000732,Yes
6087,0.6426733732223511,Yes
6088,0.47658541798591614,No
6089,0.5737520456314087,Yes
6090,0.6105427742004395,Yes
6091,0.6703415513038635,Yes
6092,0.6573153138160706,Yes
6093,0.6921067833900452,Yes
6094,0.5985682606697083,Yes
6095,0.6360378861427307,Yes
6096,0.5482271909713745,Yes
6097,0.6116068959236145,Yes
6098,0.4747008681297302,No
6099,0.6466230154037476,Yes
6100,0.597076416015625,Yes
6101,0.6232519745826721,Yes
6102,0.5610378980636597,Yes
6103,0.5899673104286194,Yes
6104,0.4601038694381714,No
6105,0.5536811947822571,Yes
6106,0.5815500617027283,Yes
6107,0.6274794936180115,Yes
6108,0.465802937746048,No
6109,0.5978821516036987,Yes
6110,0.6485999226570129,Yes
6111,0.6354564428329468,Yes
6112,0.6545215845108032,Yes
6113,0.6694294810295105,Yes
6114,0.6607488393783569,Yes
6115,0.6707478165626526,Yes
6116,0.5815861225128174,Yes
6117,0.5847191214561462,Yes
6118,0.6296191811561584,Yes
6119,0.6781047582626343,Yes
6120,0.537325382232666,Yes
6121,0.567040205001831,Yes
6122,0.4800998568534851,No
6123,0.522031843662262,Yes
6124,0.4904508888721466,No
6125,0.482560932636261,No
6126,0.5484552383422852,Yes
6127,0.6173235177993774,Yes
6128,0.47061553597450256,No
6129,0.5906732082366943,Yes
6130,0.6449766159057617,Yes
6131,0.6246550679206848,Yes
6132,0.6523084044456482,Yes
6133,0.6735720038414001,Yes
6134,0.5938605070114136,Yes
6135,0.559421181678772,Yes
6136,0.6194708943367004,Yes
6137,0.6189555525779724,Yes
6138,0.5866369605064392,Yes
6139,0.6609191298484802,Yes
6140,0.5396554470062256,Yes
6141,0.5797901153564453,Yes
6142,0.5022337436676025,Yes
6143,0.5736927390098572,Yes
6144,0.5144542455673218,Yes
6145,0.504361629486084,Yes
6146,0.586057186126709,Yes
6147,0.59425288438797,Yes
6148,0.47242531180381775,No
6149,0.576066255569458,Yes
6150,0.611840009689331,Yes
6151,0.6554105281829834,Yes
6152,0.600389301776886,Yes
6153,0.6816365122795105,Yes
6154,0.6186001896858215,Yes
6155,0.6573622822761536,Yes
6156,0.5641463398933411,Yes
6157,0.6352550387382507,Yes
6158,0.5635278224945068,Yes
6159,0.6599360704421997,Yes
6160,0.45231518149375916,No
6161,0.5382993817329407,Yes
6162,0.47887706756591797,No
6163,0.5453600883483887,Yes
6164,0.42072251439094543,No
6165,0.49766722321510315,No
6166,0.48509714007377625,No
6167,0.5627143383026123,Yes
6168,0.4271586835384369,No
6169,0.5639722347259521,Yes
6170,0.547240138053894,Yes
6171,0.6224763989448547,Yes
6172,0.6001424789428711,Yes
6173,0.6609838604927063,Yes
6174,0.5533462762832642,Yes
6175,0.6058114171028137,Yes
6176,0.5678207278251648,Yes
6177,0.6205471754074097,Yes
6178,0.5581691265106201,Yes
6179,0.6560625433921814,Yes
6180,0.5178385972976685,Yes
6181,0.5464341044425964,Yes
6182,0.44886815547943115,No
6183,0.5294353365898132,Yes
6184,0.5165534615516663,Yes
6185,0.5457866191864014,Yes
6186,0.5446308851242065,Yes
6187,0.6010668873786926,Yes
6188,0.4388890862464905,No
6189,0.5751176476478577,Yes
6190,0.5963194370269775,Yes
6191,0.6216809749603271,Yes
6192,0.5946084260940552,Yes
6193,0.669842541217804,Yes
6194,0.5159966945648193,Yes
6195,0.562691867351532,Yes
6196,0.5344703197479248,Yes
6197,0.5813083648681641,Yes
6198,0.5925113558769226,Yes
6199,0.6788419485092163,Yes
6200,0.5973837375640869,Yes
6201,0.6001501679420471,Yes
6202,0.4973466694355011,No
6203,0.5558508038520813,Yes
6204,0.5130517482757568,Yes
6205,0.5092690587043762,Yes
6206,0.5810450315475464,Yes
6207,0.6090698838233948,Yes
6208,0.4247186779975891,No
6209,0.6068879961967468,Yes
6210,0.6154025197029114,Yes
6211,0.6587870121002197,Yes
6212,0.6474640369415283,Yes
6213,0.6721073389053345,Yes
6214,0.6555120944976807,Yes
6215,0.6284958124160767,Yes
6216,0.6101709604263306,Yes
6217,0.6015632748603821,Yes
6218,0.6073984503746033,Yes
6219,0.655051052570343,Yes
6220,0.5330237150192261,Yes
6221,0.5453556776046753,Yes
6222,0.5783341526985168,Yes
6223,0.5807712078094482,Yes
6224,0.5419213175773621,Yes
6225,0.5243116021156311,Yes
6226,0.595024049282074,Yes
6227,0.6744945049285889,Yes
6228,0.5393970608711243,Yes
6229,0.6352381110191345,Yes
6230,0.6649982929229736,Yes
6231,0.6528390049934387,Yes
6232,0.607763409614563,Yes
6233,0.6820104122161865,Yes
6234,0.6714732646942139,Yes
6235,0.6567901372909546,Yes
6236,0.6136795878410339,Yes
6237,0.620823860168457,Yes
6238,0.5690600275993347,Yes
6239,0.6394411325454712,Yes
6240,0.5076605677604675,Yes
6241,0.5674980282783508,Yes
6242,0.44684773683547974,No
6243,0.547319233417511,Yes
6244,0.5110123157501221,Yes
6245,0.5574883818626404,Yes
6246,0.5568124651908875,Yes
6247,0.6035096049308777,Yes
6248,0.43052273988723755,No
6249,0.5462570190429688,Yes
6250,0.6159186959266663,Yes
6251,0.6685904860496521,Yes
6252,0.6169984340667725,Yes
6253,0.691183865070343,Yes
6254,0.6384702324867249,Yes
6255,0.6755285263061523,Yes
6256,0.6275943517684937,Yes
6257,0.6529096364974976,Yes
6258,0.531570553779602,Yes
6259,0.6816455721855164,Yes
6260,0.6096251010894775,Yes
6261,0.6214001774787903,Yes
6262,0.5101497769355774,Yes
6263,0.5869772434234619,Yes
6264,0.5083919763565063,Yes
6265,0.5171760320663452,Yes
6266,0.5675534009933472,Yes
6267,0.6223036646842957,Yes
6268,0.44825688004493713,No
6269,0.5814965963363647,Yes
6270,0.6433802843093872,Yes
6271,0.6391254663467407,Yes
6272,0.6325905919075012,Yes
6273,0.6872888803482056,Yes
6274,0.6564416289329529,Yes
6275,0.6909355521202087,Yes
6276,0.6175352931022644,Yes
6277,0.6065186262130737,Yes
6278,0.6047306060791016,Yes
6279,0.6744795441627502,Yes
6280,0.5737456679344177,Yes
6281,0.6230120658874512,Yes
6282,0.45194339752197266,No
6283,0.5749554634094238,Yes
6284,0.490990549325943,No
6285,0.5085508823394775,Yes
6286,0.5441280007362366,Yes
6287,0.6116011738777161,Yes
6288,0.4420555531978607,No
6289,0.5470620393753052,Yes
6290,0.6479663848876953,Yes
6291,0.6454877853393555,Yes
6292,0.6205331683158875,Yes
6293,0.6744599938392639,Yes
6294,0.6010364890098572,Yes
6295,0.6408072113990784,Yes
6296,0.6237651705741882,Yes
6297,0.5966289639472961,Yes
6298,0.5348206758499146,Yes
6299,0.634510338306427,Yes
6300,0.6041492819786072,Yes
6301,0.6102034449577332,Yes
6302,0.493286669254303,No
6303,0.5513902902603149,Yes
6304,0.48474356532096863,No
6305,0.49464818835258484,No
6306,0.5213505029678345,Yes
6307,0.594541072845459,Yes
6308,0.5056230425834656,Yes
6309,0.5580152869224548,Yes
6310,0.6053458452224731,Yes
6311,0.6437656879425049,Yes
6312,0.6425623893737793,Yes
6313,0.6554109454154968,Yes
6314,0.6643622517585754,Yes
6315,0.6118664741516113,Yes
6316,0.6286885738372803,Yes
6317,0.5999240279197693,Yes
6318,0.5137254595756531,Yes
6319,0.5963764190673828,Yes
6320,0.5661349892616272,Yes
6321,0.5775381326675415,Yes
6322,0.49061107635498047,No
6323,0.5765244960784912,Yes
6324,0.47317737340927124,No
6325,0.5108845233917236,Yes
6326,0.5832737684249878,Yes
6327,0.5771582126617432,Yes
6328,0.51296067237854,Yes
6329,0.6008729934692383,Yes
6330,0.5948457717895508,Yes
6331,0.640819251537323,Yes
6332,0.6313912868499756,Yes
6333,0.6710057854652405,Yes
6334,0.6285713315010071,Yes
6335,0.6803261637687683,Yes
6336,0.6171277165412903,Yes
6337,0.5955669283866882,Yes
6338,0.5554754734039307,Yes
6339,0.6195151209831238,Yes
6340,0.6125280261039734,Yes
6341,0.6285840272903442,Yes
6342,0.5590875744819641,Yes
6343,0.5942887663841248,Yes
6344,0.4961400628089905,No
6345,0.5222988128662109,Yes
6346,0.5948868989944458,Yes
6347,0.5884597301483154,Yes
6348,0.4127538204193115,No
6349,0.5513834953308105,Yes
6350,0.6397451758384705,Yes
6351,0.6280347108840942,Yes
6352,0.6362278461456299,Yes
6353,0.6593625545501709,Yes
6354,0.6738588809967041,Yes
6355,0.633791983127594,Yes
6356,0.584342896938324,Yes
6357,0.610266387462616,Yes
6358,0.507921040058136,Yes
6359,0.5792064070701599,Yes
6360,0.5274983048439026,Yes
6361,0.6084499359130859,Yes
6362,0.5147253274917603,Yes
6363,0.5615305304527283,Yes
6364,0.4855248034000397,No
6365,0.5232719779014587,Yes
6366,0.5945419669151306,Yes
6367,0.5886926054954529,Yes
6368,0.5094106197357178,Yes
6369,0.6332734823226929,Yes
6370,0.6435465812683105,Yes
6371,0.6493644714355469,Yes
6372,0.6155804991722107,Yes
6373,0.645626425743103,Yes
6374,0.5590530037879944,Yes
6375,0.5543134212493896,Yes
6376,0.5950765609741211,Yes
6377,0.6173258423805237,Yes
6378,0.5466068387031555,Yes
6379,0.6017685532569885,Yes
6380,0.588927686214447,Yes
6381,0.6366996765136719,Yes
6382,0.5463581085205078,Yes
6383,0.5865471363067627,Yes
6384,0.6256654262542725,Yes
6385,0.6009104251861572,Yes
6386,0.6086540222167969,Yes
6387,0.6228795051574707,Yes
6388,0.4700899124145508,No
6389,0.5892764329910278,Yes
6390,0.6548655033111572,Yes
6391,0.6456062197685242,Yes
6392,0.6214430928230286,Yes
6393,0.6542465686798096,Yes
6394,0.5982927680015564,Yes
6395,0.6084213256835938,Yes
6396,0.6025922894477844,Yes
6397,0.6143945455551147,Yes
6398,0.5622561573982239,Yes
6399,0.6544836163520813,Yes
6400,0.5918517708778381,Yes
6401,0.5812438130378723,Yes
6402,0.543477475643158,Yes
6403,0.5014964938163757,Yes
6404,0.5310474038124084,Yes
6405,0.5397783517837524,Yes
6406,0.6669108867645264,Yes
6407,0.5631403923034668,Yes
6408,0.5422365069389343,Yes
6409,0.5438589453697205,Yes
6410,0.5719098448753357,Yes
6411,0.5320444107055664,Yes
6412,0.6119655966758728,Yes
6413,0.6341516971588135,Yes
6414,0.5815065503120422,Yes
6415,0.6100813746452332,Yes
6416,0.6341787576675415,Yes
6417,0.5361197590827942,Yes
6418,0.6046916246414185,Yes
6419,0.6219296455383301,Yes
6420,0.5496062636375427,Yes
6421,0.5315793752670288,Yes
6422,0.5609108805656433,Yes
6423,0.47489097714424133,No
6424,0.5682907104492188,Yes
6425,0.5688955783843994,Yes
6426,0.6325256824493408,Yes
6427,0.512373685836792,Yes
6428,0.550725519657135,Yes
6429,0.556540310382843,Yes
6430,0.5706112384796143,Yes
6431,0.5425199866294861,Yes
6432,0.701605498790741,Yes
6433,0.6174365878105164,Yes
6434,0.6332270503044128,Yes
6435,0.5907011032104492,Yes
6436,0.6297904253005981,Yes
6437,0.4745161533355713,No
6438,0.6270564198493958,Yes
6439,0.5528156161308289,Yes
6440,0.5934975743293762,Yes
6441,0.572271466255188,Yes
6442,0.5444796085357666,Yes
6443,0.5002918243408203,Yes
6444,0.5375107526779175,Yes
6445,0.5477463603019714,Yes
6446,0.6188938617706299,Yes
6447,0.5190732479095459,Yes
6448,0.5833196043968201,Yes
6449,0.5311669111251831,Yes
6450,0.5661554336547852,Yes
6451,0.4900764524936676,No
6452,0.6828672885894775,Yes
6453,0.587222158908844,Yes
6454,0.6306416392326355,Yes
6455,0.6446852087974548,Yes
6456,0.6415817141532898,Yes
6457,0.4973066449165344,No
6458,0.6129453778266907,Yes
6459,0.5448792576789856,Yes
6460,0.5691841244697571,Yes
6461,0.5813570618629456,Yes
6462,0.5375577211380005,Yes
6463,0.5069304704666138,Yes
6464,0.5384637117385864,Yes
6465,0.578565239906311,Yes
6466,0.5782393217086792,Yes
6467,0.550046443939209,Yes
6468,0.5929316878318787,Yes
6469,0.6016553640365601,Yes
6470,0.5806372165679932,Yes
6471,0.5742373466491699,Yes
6472,0.6328490376472473,Yes
6473,0.6142461895942688,Yes
6474,0.6049706339836121,Yes
6475,0.6409810185432434,Yes
6476,0.5557087659835815,Yes
6477,0.5100433826446533,Yes
6478,0.5995996594429016,Yes
6479,0.6105597615242004,Yes
6480,0.6283066272735596,Yes
6481,0.5892459154129028,Yes
6482,0.5513774156570435,Yes
6483,0.45610418915748596,No
6484,0.5320696234703064,Yes
6485,0.5380741357803345,Yes
6486,0.6252739429473877,Yes
6487,0.5336790680885315,Yes
6488,0.5848256945610046,Yes
6489,0.5323352217674255,Yes
6490,0.5696468949317932,Yes
6491,0.5322516560554504,Yes
6492,0.6782457828521729,Yes
6493,0.5716922283172607,Yes
6494,0.6219013929367065,Yes
6495,0.5846242904663086,Yes
6496,0.6523537635803223,Yes
6497,0.5094330906867981,Yes
6498,0.5512991547584534,Yes
6499,0.5159684419631958,Yes
6500,0.6127676367759705,Yes
6501,0.5890668034553528,Yes
6502,0.5455578565597534,Yes
6503,0.4984171390533447,No
6504,0.5241034030914307,Yes
6505,0.5788953304290771,Yes
6506,0.5951812863349915,Yes
6507,0.5297948122024536,Yes
6508,0.5659348368644714,Yes
6509,0.5321065187454224,Yes
6510,0.5643982887268066,Yes
6511,0.5305260419845581,Yes
6512,0.6641197204589844,Yes
6513,0.6095423102378845,Yes
6514,0.601996660232544,Yes
6515,0.5660432577133179,Yes
6516,0.6225131154060364,Yes
6517,0.5271046161651611,Yes
6518,0.6310507655143738,Yes
6519,0.607245147228241,Yes
6520,0.580721914768219,Yes
6521,0.5962584614753723,Yes
6522,0.474124938249588,No
6523,0.4857481122016907,No
6524,0.5186060667037964,Yes
6525,0.5510870814323425,Yes
6526,0.6100993156433105,Yes
6527,0.5274450182914734,Yes
6528,0.572676420211792,Yes
6529,0.5217257738113403,Yes
6530,0.5431921482086182,Yes
6531,0.5935508608818054,Yes
6532,0.637101411819458,Yes
6533,0.5941872596740723,Yes
6534,0.49319738149642944,No
6535,0.5745207071304321,Yes
6536,0.5407687425613403,Yes
6537,0.4891652762889862,No
6538,0.5792454481124878,Yes
6539,0.5302301049232483,Yes
6540,0.586841344833374,Yes
6541,0.5941775441169739,Yes
6542,0.5420117974281311,Yes
6543,0.47623011469841003,No
6544,0.5424488186836243,Yes
6545,0.5726512670516968,Yes
6546,0.6340738534927368,Yes
6547,0.527144730091095,Yes
6548,0.5893857479095459,Yes
6549,0.5390079617500305,Yes
6550,0.593337893486023,Yes
6551,0.5534876585006714,Yes
6552,0.6822511553764343,Yes
6553,0.6427759528160095,Yes
6554,0.6382286548614502,Yes
6555,0.5701877474784851,Yes
6556,0.6190676689147949,Yes
6557,0.4806078374385834,No
6558,0.6005383729934692,Yes
6559,0.5365778803825378,Yes
6560,0.5981132984161377,Yes
6561,0.5796462893486023,Yes
6562,0.5275399088859558,Yes
6563,0.4491588771343231,No
6564,0.5544566512107849,Yes
6565,0.587859034538269,Yes
6566,0.5955740809440613,Yes
6567,0.5238487124443054,Yes
6568,0.5667673349380493,Yes
6569,0.4897352159023285,No
6570,0.5742355585098267,Yes
6571,0.5125494003295898,Yes
6572,0.6499857306480408,Yes
6573,0.5264321565628052,Yes
6574,0.5809692740440369,Yes
6575,0.5767092704772949,Yes
6576,0.6658669710159302,Yes
6577,0.5257141590118408,Yes
6578,0.6011151671409607,Yes
6579,0.5550264716148376,Yes
6580,0.5981554985046387,Yes
6581,0.5740079283714294,Yes
6582,0.5444422960281372,Yes
6583,0.48821398615837097,No
6584,0.5604188442230225,Yes
6585,0.5840750932693481,Yes
6586,0.6405127048492432,Yes
6587,0.5288020968437195,Yes
6588,0.5756595134735107,Yes
6589,0.5077329874038696,Yes
6590,0.6074658036231995,Yes
6591,0.5734233856201172,Yes
6592,0.6623919606208801,Yes
6593,0.5653652548789978,Yes
6594,0.624962329864502,Yes
6595,0.5905426740646362,Yes
6596,0.6362106204032898,Yes
6597,0.47885391116142273,No
6598,0.6134578585624695,Yes
6599,0.517206072807312,Yes
6600,0.6091163754463196,Yes
6601,0.5751683115959167,Yes
6602,0.5186649560928345,Yes
6603,0.4989520013332367,No
6604,0.5172060132026672,Yes
6605,0.5857118368148804,Yes
6606,0.5535157918930054,Yes
6607,0.49115505814552307,No
6608,0.5750972628593445,Yes
6609,0.5276818871498108,Yes
6610,0.577131450176239,Yes
6611,0.5348171591758728,Yes
6612,0.6634154319763184,Yes
6613,0.6419793963432312,Yes
6614,0.5696406960487366,Yes
6615,0.6166378855705261,Yes
6616,0.631910502910614,Yes
6617,0.5272327065467834,Yes
6618,0.6018701195716858,Yes
6619,0.540849506855011,Yes
6620,0.575261116027832,Yes
6621,0.5726704001426697,Yes
6622,0.5128764510154724,Yes
6623,0.49649015069007874,No
6624,0.5270459651947021,Yes
6625,0.5693708062171936,Yes
6626,0.6672423481941223,Yes
6627,0.5912973880767822,Yes
6628,0.5826579928398132,Yes
6629,0.5393709540367126,Yes
6630,0.5528370141983032,Yes
6631,0.5603949427604675,Yes
6632,0.5938645601272583,Yes
6633,0.5582786202430725,Yes
6634,0.5951013565063477,Yes
6635,0.6355015635490417,Yes
6636,0.6283172369003296,Yes
6637,0.5970149636268616,Yes
6638,0.5975664258003235,Yes
6639,0.5513138175010681,Yes
6640,0.621964693069458,Yes
6641,0.5762400031089783,Yes
6642,0.5706180334091187,Yes
6643,0.4927394986152649,No
6644,0.5362901091575623,Yes
6645,0.5705407857894897,Yes
6646,0.6182120442390442,Yes
6647,0.5471401810646057,Yes
6648,0.5572760701179504,Yes
6649,0.5123172998428345,Yes
6650,0.606827437877655,Yes
6651,0.5373051166534424,Yes
6652,0.696225643157959,Yes
6653,0.5788068771362305,Yes
6654,0.6692513823509216,Yes
6655,0.5616775155067444,Yes
6656,0.6891308426856995,Yes
6657,0.5725300908088684,Yes
6658,0.6392077803611755,Yes
6659,0.5672866702079773,Yes
6660,0.6224880218505859,Yes
6661,0.5873478651046753,Yes
6662,0.5427006483078003,Yes
6663,0.46894800662994385,No
6664,0.5322416424751282,Yes
6665,0.5648598670959473,Yes
6666,0.6432783603668213,Yes
6667,0.5364742875099182,Yes
6668,0.5861294269561768,Yes
6669,0.5150647759437561,Yes
6670,0.6177632808685303,Yes
6671,0.5696832537651062,Yes
6672,0.7234388589859009,Yes
6673,0.6036393046379089,Yes
6674,0.6762643456459045,Yes
6675,0.6339983344078064,Yes
6676,0.6759641170501709,Yes
6677,0.5337405204772949,Yes
6678,0.6243782639503479,Yes
6679,0.6045987606048584,Yes
6680,0.604999840259552,Yes
6681,0.5831060409545898,Yes
6682,0.5387157797813416,Yes
6683,0.47621122002601624,No
6684,0.5139520764350891,Yes
6685,0.5529875159263611,Yes
6686,0.6154261231422424,Yes
6687,0.5476122498512268,Yes
6688,0.5566625595092773,Yes
6689,0.48454806208610535,No
6690,0.5943835973739624,Yes
6691,0.5487115979194641,Yes
6692,0.66226726770401,Yes
6693,0.5727674961090088,Yes
6694,0.5980435013771057,Yes
6695,0.6114441752433777,Yes
6696,0.6368629336357117,Yes
6697,0.4811170995235443,No
6698,0.5833263397216797,Yes
6699,0.536137580871582,Yes
6700,0.5769022703170776,Yes
6701,0.5781397223472595,Yes
6702,0.5304015278816223,Yes
6703,0.48710641264915466,No
6704,0.5302116274833679,Yes
6705,0.5661760568618774,Yes
6706,0.5714384317398071,Yes
6707,0.5429491400718689,Yes
6708,0.569819986820221,Yes
6709,0.5233019590377808,Yes
6710,0.5984046459197998,Yes
6711,0.5569823384284973,Yes
6712,0.636553943157196,Yes
6713,0.609886646270752,Yes
6714,0.5509915947914124,Yes
6715,0.5542730093002319,Yes
6716,0.5732694268226624,Yes
6717,0.5326481461524963,Yes
6718,0.5753113031387329,Yes
6719,0.5180940628051758,Yes
6720,0.614537239074707,Yes
6721,0.5841240286827087,Yes
6722,0.5617015361785889,Yes
6723,0.4802248477935791,No
6724,0.5360902547836304,Yes
6725,0.5677886009216309,Yes
6726,0.6084226965904236,Yes
6727,0.517886221408844,Yes
6728,0.6006633043289185,Yes
6729,0.5171644687652588,Yes
6730,0.5397465825080872,Yes
6731,0.473691463470459,No
6732,0.7012184262275696,Yes
6733,0.6158890128135681,Yes
6734,0.644181489944458,Yes
6735,0.6147593855857849,Yes
6736,0.6525428891181946,Yes
6737,0.5507375597953796,Yes
6738,0.5725046396255493,Yes
6739,0.5199572443962097,Yes
6740,0.6053822040557861,Yes
6741,0.5924785137176514,Yes
6742,0.5860918760299683,Yes
6743,0.50313800573349,Yes
6744,0.5466633439064026,Yes
6745,0.5973556041717529,Yes
6746,0.5684144496917725,Yes
6747,0.49781933426856995,No
6748,0.5538955926895142,Yes
6749,0.5137357711791992,Yes
6750,0.5633331537246704,Yes
6751,0.5541640520095825,Yes
6752,0.6376297473907471,Yes
6753,0.630312979221344,Yes
6754,0.6243937015533447,Yes
6755,0.6150319576263428,Yes
6756,0.6490882039070129,Yes
6757,0.528430163860321,Yes
6758,0.5683413147926331,Yes
6759,0.5062385201454163,Yes
6760,0.6289487481117249,Yes
6761,0.5988376140594482,Yes
6762,0.5437688827514648,Yes
6763,0.4999781548976898,No
6764,0.5270348787307739,Yes
6765,0.564301073551178,Yes
6766,0.616684079170227,Yes
6767,0.5261062979698181,Yes
6768,0.5924739241600037,Yes
6769,0.5116446018218994,Yes
6770,0.5846519470214844,Yes
6771,0.565881073474884,Yes
6772,0.602754533290863,Yes
6773,0.5766478776931763,Yes
6774,0.5021111369132996,Yes
6775,0.5642673373222351,Yes
6776,0.5824537873268127,Yes
6777,0.5182849168777466,Yes
6778,0.5693924427032471,Yes
6779,0.5079495906829834,Yes
6780,0.6135587096214294,Yes
6781,0.6015282273292542,Yes
6782,0.5374711751937866,Yes
6783,0.49965721368789673,No
6784,0.5820950269699097,Yes
6785,0.6185957789421082,Yes
6786,0.6115495562553406,Yes
6787,0.5566275119781494,Yes
6788,0.5741136074066162,Yes
6789,0.5311236381530762,Yes
6790,0.5805299282073975,Yes
6791,0.5684743523597717,Yes
6792,0.5938534736633301,Yes
6793,0.5821489691734314,Yes
6794,0.5855353474617004,Yes
6795,0.6007654666900635,Yes
6796,0.5695135593414307,Yes
6797,0.5001320242881775,Yes
6798,0.5749573111534119,Yes
6799,0.5605980753898621,Yes
6800,0.5213921070098877,Yes
6801,0.5322262644767761,Yes
6802,0.48548299074172974,No
6803,0.4997505247592926,No
6804,0.49203479290008545,No
6805,0.5223902463912964,Yes
6806,0.596960723400116,Yes
6807,0.5870402455329895,Yes
6808,0.5529742240905762,Yes
6809,0.5470676422119141,Yes
6810,0.5402339696884155,Yes
6811,0.559036374092102,Yes
6812,0.5808638334274292,Yes
6813,0.6556344032287598,Yes
6814,0.5502912998199463,Yes
6815,0.6440653204917908,Yes
6816,0.6176827549934387,Yes
6817,0.5765810608863831,Yes
6818,0.5872197151184082,Yes
6819,0.6122866272926331,Yes
6820,0.48655202984809875,No
6821,0.5136387944221497,Yes
6822,0.4955592155456543,No
6823,0.49439114332199097,No
6824,0.49885013699531555,No
6825,0.5459029078483582,Yes
6826,0.5679664015769958,Yes
6827,0.5262898802757263,Yes
6828,0.513791561126709,Yes
6829,0.5673298835754395,Yes
6830,0.5269673466682434,Yes
6831,0.5863508582115173,Yes
6832,0.5515601634979248,Yes
6833,0.671922504901886,Yes
6834,0.5711648464202881,Yes
6835,0.6464089751243591,Yes
6836,0.6111717820167542,Yes
6837,0.5688621401786804,Yes
6838,0.5640689134597778,Yes
6839,0.5832616686820984,Yes
6840,0.5402361750602722,Yes
6841,0.5622807741165161,Yes
6842,0.44472506642341614,No
6843,0.49319693446159363,No
6844,0.4965299367904663,No
6845,0.5368762612342834,Yes
6846,0.57260662317276,Yes
6847,0.534321665763855,Yes
6848,0.5276239514350891,Yes
6849,0.5026968717575073,Yes
6850,0.5022823810577393,Yes
6851,0.5500626564025879,Yes
6852,0.5666993260383606,Yes
6853,0.6139223575592041,Yes
6854,0.5431901216506958,Yes
6855,0.6267207264900208,Yes
6856,0.5700473785400391,Yes
6857,0.5567971467971802,Yes
6858,0.5488263368606567,Yes
6859,0.5418161749839783,Yes
6860,0.538021445274353,Yes
6861,0.5707349181175232,Yes
6862,0.5028219223022461,Yes
6863,0.5067125558853149,Yes
6864,0.5066735744476318,Yes
6865,0.5772384405136108,Yes
6866,0.5870629549026489,Yes
6867,0.5840662121772766,Yes
6868,0.5597391128540039,Yes
6869,0.565399706363678,Yes
6870,0.5495309233665466,Yes
6871,0.5842897891998291,Yes
6872,0.5741428732872009,Yes
6873,0.6433151364326477,Yes
6874,0.6024866104125977,Yes
6875,0.6719109416007996,Yes
6876,0.6167994141578674,Yes
6877,0.5789713859558105,Yes
6878,0.579834520816803,Yes
6879,0.5879470109939575,Yes
6880,0.5562973618507385,Yes
6881,0.5546156167984009,Yes
6882,0.49587732553482056,No
6883,0.4825400114059448,No
6884,0.4934164583683014,No
6885,0.5289419889450073,Yes
6886,0.5783279538154602,Yes
6887,0.5841056108474731,Yes
6888,0.5242526531219482,Yes
6889,0.4871973395347595,No
6890,0.514619767665863,Yes
6891,0.5692932605743408,Yes
6892,0.5917580127716064,Yes
6893,0.6232467293739319,Yes
6894,0.5224429368972778,Yes
6895,0.6148003339767456,Yes
6896,0.5799920558929443,Yes
6897,0.5550031065940857,Yes
6898,0.5589492321014404,Yes
6899,0.5932917594909668,Yes
6900,0.555736780166626,Yes
6901,0.5690885186195374,Yes
6902,0.4731300175189972,No
6903,0.47953444719314575,No
6904,0.46473991870880127,No
6905,0.5687064528465271,Yes
6906,0.5986655354499817,Yes
6907,0.576589822769165,Yes
6908,0.5318190455436707,Yes
6909,0.5164437294006348,Yes
6910,0.5463120937347412,Yes
6911,0.5627971887588501,Yes
6912,0.6010543704032898,Yes
6913,0.6038647890090942,Yes
6914,0.5620161890983582,Yes
6915,0.6301435232162476,Yes
6916,0.5571251511573792,Yes
6917,0.54655921459198,Yes
6918,0.5989663004875183,Yes
6919,0.5965595245361328,Yes
6920,0.5114728212356567,Yes
6921,0.5376889705657959,Yes
6922,0.4555901885032654,No
6923,0.48083066940307617,No
6924,0.48344966769218445,No
6925,0.5321012735366821,Yes
6926,0.5631813406944275,Yes
6927,0.5679076910018921,Yes
6928,0.535842776298523,Yes
6929,0.5328142046928406,Yes
6930,0.5253221392631531,Yes
6931,0.5541185736656189,Yes
6932,0.6001527905464172,Yes
6933,0.6046773791313171,Yes
6934,0.5468736290931702,Yes
6935,0.6036056280136108,Yes
6936,0.5739288330078125,Yes
6937,0.540141761302948,Yes
6938,0.5926482081413269,Yes
6939,0.5579580664634705,Yes
6940,0.5061332583427429,Yes
6941,0.5566076636314392,Yes
6942,0.46040403842926025,No
6943,0.4935423731803894,No
6944,0.491840660572052,No
6945,0.5659300684928894,Yes
6946,0.5756745934486389,Yes
6947,0.5515449047088623,Yes
6948,0.5562124252319336,Yes
6949,0.5322536826133728,Yes
6950,0.5302276015281677,Yes
6951,0.5761489868164062,Yes
6952,0.5756435394287109,Yes
6953,0.6843604445457458,Yes
6954,0.5417192578315735,Yes
6955,0.6642674803733826,Yes
6956,0.6103128790855408,Yes
6957,0.5776833891868591,Yes
6958,0.5624430775642395,Yes
6959,0.5986329317092896,Yes
6960,0.5039530396461487,Yes
6961,0.5474907755851746,Yes
6962,0.4613499641418457,No
6963,0.4695688784122467,No
6964,0.46592092514038086,No
6965,0.5751159191131592,Yes
6966,0.5606483221054077,Yes
6967,0.5340098738670349,Yes
6968,0.5209148526191711,Yes
6969,0.4968259632587433,No
6970,0.5105668306350708,Yes
6971,0.5667658448219299,Yes
6972,0.5547662973403931,Yes
6973,0.6007196307182312,Yes
6974,0.46098577976226807,No
6975,0.6279129981994629,Yes
6976,0.5791600346565247,Yes
6977,0.571171760559082,Yes
6978,0.5722429752349854,Yes
6979,0.5587670207023621,Yes
6980,0.5330937504768372,Yes
6981,0.5561032295227051,Yes
6982,0.44101670384407043,No
6983,0.480498731136322,No
6984,0.48375096917152405,No
6985,0.5700266361236572,Yes
6986,0.5810031890869141,Yes
6987,0.5727333426475525,Yes
6988,0.5269670486450195,Yes
6989,0.5071656107902527,Yes
6990,0.5397890210151672,Yes
6991,0.5692071318626404,Yes
6992,0.5656806826591492,Yes
6993,0.6065134406089783,Yes
6994,0.49726617336273193,No
6995,0.6176895499229431,Yes
6996,0.580541729927063,Yes
6997,0.5403135418891907,Yes
6998,0.5889450907707214,Yes
6999,0.5894850492477417,Yes
7000,0.557030200958252,Yes
7001,0.5673853754997253,Yes
7002,0.47843924164772034,No
7003,0.4712037444114685,No
7004,0.47084853053092957,No
7005,0.5719185471534729,Yes
7006,0.5618951916694641,Yes
7007,0.5472959280014038,Yes
7008,0.5105831027030945,Yes
7009,0.4811343848705292,No
7010,0.5161355137825012,Yes
7011,0.5531255602836609,Yes
7012,0.5979117751121521,Yes
7013,0.603020429611206,Yes
7014,0.5547935962677002,Yes
7015,0.640015721321106,Yes
7016,0.6105651259422302,Yes
7017,0.540098249912262,Yes
7018,0.5801576375961304,Yes
7019,0.5694340467453003,Yes
7020,0.5017346739768982,Yes
7021,0.5200970768928528,Yes
7022,0.4552980661392212,No
7023,0.4943898320198059,No
7024,0.4794386327266693,No
7025,0.545487642288208,Yes
7026,0.5885244607925415,Yes
7027,0.6045361161231995,Yes
7028,0.5769302248954773,Yes
7029,0.5632522702217102,Yes
7030,0.5546428561210632,Yes
7031,0.5613203048706055,Yes
7032,0.5491779446601868,Yes
7033,0.5812937021255493,Yes
7034,0.5724967122077942,Yes
7035,0.6188230514526367,Yes
7036,0.5610875487327576,Yes
7037,0.5609784126281738,Yes
7038,0.5984435677528381,Yes
7039,0.5808114409446716,Yes
7040,0.5440232157707214,Yes
7041,0.5534437894821167,Yes
7042,0.49704697728157043,No
7043,0.4973502457141876,No
7044,0.48368167877197266,No
7045,0.5730300545692444,Yes
7046,0.5769519209861755,Yes
7047,0.5620101094245911,Yes
7048,0.5001435875892639,Yes
7049,0.512202799320221,Yes
7050,0.5441420078277588,Yes
7051,0.58514803647995,Yes
7052,0.6036356091499329,Yes
7053,0.6788747310638428,Yes
7054,0.5503911972045898,Yes
7055,0.6680201292037964,Yes
7056,0.5971009731292725,Yes
7057,0.5958383083343506,Yes
7058,0.5839900374412537,Yes
7059,0.5738322138786316,Yes
7060,0.5501543283462524,Yes
7061,0.5682758688926697,Yes
7062,0.4736875295639038,No
7063,0.46641236543655396,No
7064,0.4824639856815338,No
7065,0.5486904978752136,Yes
7066,0.6047406792640686,Yes
7067,0.582201361656189,Yes
7068,0.5215487480163574,Yes
7069,0.49493107199668884,No
7070,0.5408355593681335,Yes
7071,0.5647012591362,Yes
7072,0.5818707942962646,Yes
7073,0.6421499848365784,Yes
7074,0.5493305921554565,Yes
7075,0.6423659920692444,Yes
7076,0.5982107520103455,Yes
7077,0.5390234589576721,Yes
7078,0.5822768807411194,Yes
7079,0.5939396023750305,Yes
7080,0.5449672937393188,Yes
7081,0.5708074569702148,Yes
7082,0.4432266056537628,No
7083,0.4626760184764862,No
7084,0.47887980937957764,No
7085,0.5501927733421326,Yes
7086,0.5681559443473816,Yes
7087,0.5616098046302795,Yes
7088,0.5299222469329834,Yes
7089,0.5138056874275208,Yes
7090,0.5312772989273071,Yes
7091,0.5666782259941101,Yes
7092,0.553283154964447,Yes
7093,0.5987427830696106,Yes
7094,0.5197501182556152,Yes
7095,0.6332712769508362,Yes
7096,0.5598394870758057,Yes
7097,0.5253551602363586,Yes
7098,0.56708824634552,Yes
7099,0.5648694634437561,Yes
7100,0.5650894641876221,Yes
7101,0.5677618384361267,Yes
7102,0.4980514347553253,No
7103,0.4911029636859894,No
7104,0.4784437417984009,No
7105,0.553834080696106,Yes
7106,0.555115818977356,Yes
7107,0.5572202801704407,Yes
7108,0.5133999586105347,Yes
7109,0.5096126794815063,Yes
7110,0.5407963395118713,Yes
7111,0.5635743737220764,Yes
7112,0.594892144203186,Yes
7113,0.6048865914344788,Yes
7114,0.5443986058235168,Yes
7115,0.651531457901001,Yes
7116,0.5799212455749512,Yes
7117,0.5502795577049255,Yes
7118,0.59005206823349,Yes
7119,0.5585879683494568,Yes
7120,0.5468634366989136,Yes
7121,0.5536797642707825,Yes
7122,0.4629959762096405,No
7123,0.45769086480140686,No
7124,0.46915203332901,No
7125,0.5499051213264465,Yes
7126,0.5645498037338257,Yes
7127,0.5326820611953735,Yes
7128,0.5487112998962402,Yes
7129,0.5140178799629211,Yes
7130,0.4869755804538727,No
7131,0.5266551375389099,Yes
7132,0.5688459277153015,Yes
7133,0.6097964644432068,Yes
7134,0.5342860817909241,Yes
7135,0.6238136887550354,Yes
7136,0.5715773105621338,Yes
7137,0.5435905456542969,Yes
7138,0.5914556384086609,Yes
7139,0.5497880578041077,Yes
7140,0.5707085132598877,Yes
7141,0.5774188041687012,Yes
7142,0.5207405090332031,Yes
7143,0.5036178827285767,Yes
7144,0.4871863126754761,No
7145,0.5659183859825134,Yes
7146,0.5598885416984558,Yes
7147,0.5304148197174072,Yes
7148,0.5173028111457825,Yes
7149,0.506530225276947,Yes
7150,0.5349934101104736,Yes
7151,0.5604182481765747,Yes
7152,0.6069338321685791,Yes
7153,0.6554499864578247,Yes
7154,0.5895195007324219,Yes
7155,0.6156533360481262,Yes
7156,0.5940129160881042,Yes
7157,0.5710896253585815,Yes
7158,0.5844376087188721,Yes
7159,0.5450146198272705,Yes
7160,0.5374974012374878,Yes
7161,0.5615185499191284,Yes
7162,0.4470321834087372,No
7163,0.48934799432754517,No
7164,0.4765557050704956,No
7165,0.5705364942550659,Yes
7166,0.59405118227005,Yes
7167,0.5201516151428223,Yes
7168,0.5410841107368469,Yes
7169,0.528989851474762,Yes
7170,0.5451674461364746,Yes
7171,0.5688008666038513,Yes
7172,0.5571032166481018,Yes
7173,0.5736542344093323,Yes
7174,0.497637540102005,No
7175,0.6187967658042908,Yes
7176,0.5785367488861084,Yes
7177,0.5558450222015381,Yes
7178,0.5952162146568298,Yes
7179,0.5494425296783447,Yes
7180,0.5495398044586182,Yes
7181,0.5663795471191406,Yes
7182,0.4828742444515228,No
7183,0.4804774820804596,No
7184,0.5580483675003052,Yes
7185,0.5996844172477722,Yes
7186,0.593235433101654,Yes
7187,0.5647860169410706,Yes
7188,0.5079217553138733,Yes
7189,0.4981280565261841,No
7190,0.5417659878730774,Yes
7191,0.5510290265083313,Yes
7192,0.5518741607666016,Yes
7193,0.5744024515151978,Yes
7194,0.5243990421295166,Yes
7195,0.6076672673225403,Yes
7196,0.57340407371521,Yes
7197,0.54332435131073,Yes
7198,0.5626565217971802,Yes
7199,0.5688002705574036,Yes
7200,0.5077406764030457,Yes
7201,0.5056904554367065,Yes
7202,0.5251346826553345,Yes
7203,0.5043046474456787,Yes
7204,0.44552063941955566,No
7205,0.4311211407184601,No
7206,0.5699901580810547,Yes
7207,0.5158091187477112,Yes
7208,0.4774583578109741,No
7209,0.49817612767219543,No
7210,0.5447466373443604,Yes
7211,0.525051474571228,Yes
7212,0.5916634202003479,Yes
7213,0.5680577754974365,Yes
7214,0.5275967717170715,Yes
7215,0.5134173035621643,Yes
7216,0.5440528392791748,Yes
7217,0.5144915580749512,Yes
7218,0.5368409156799316,Yes
7219,0.5585232973098755,Yes
7220,0.4824923574924469,No
7221,0.48450207710266113,No
7222,0.502665638923645,Yes
7223,0.4920554459095001,No
7224,0.4937157928943634,No
7225,0.4815475344657898,No
7226,0.5322601795196533,Yes
7227,0.5191676616668701,Yes
7228,0.5086169242858887,Yes
7229,0.5016257166862488,Yes
7230,0.5512397885322571,Yes
7231,0.5579988956451416,Yes
7232,0.6319513320922852,Yes
7233,0.5444632172584534,Yes
7234,0.5378848314285278,Yes
7235,0.5215445160865784,Yes
7236,0.5031707286834717,Yes
7237,0.4607178270816803,No
7238,0.5105175971984863,Yes
7239,0.4949513375759125,No
7240,0.4580593407154083,No
7241,0.49182620644569397,No
7242,0.517940878868103,Yes
7243,0.48688632249832153,No
7244,0.42079195380210876,No
7245,0.434090793132782,No
7246,0.5456756949424744,Yes
7247,0.5060620903968811,Yes
7248,0.5026053786277771,Yes
7249,0.486640602350235,No
7250,0.5552669763565063,Yes
7251,0.5047845840454102,Yes
7252,0.626216471195221,Yes
7253,0.5435777306556702,Yes
7254,0.5931722521781921,Yes
7255,0.5359969735145569,Yes
7256,0.5185463428497314,Yes
7257,0.4563675820827484,No
7258,0.5156206488609314,Yes
7259,0.4931095540523529,No
7260,0.47298479080200195,No
7261,0.5315214991569519,Yes
7262,0.5246725082397461,Yes
7263,0.511603832244873,Yes
7264,0.4298442304134369,No
7265,0.4684946537017822,No
7266,0.5233702063560486,Yes
7267,0.5015043616294861,Yes
7268,0.5002066493034363,Yes
7269,0.5126280784606934,Yes
7270,0.5737472772598267,Yes
7271,0.557213544845581,Yes
7272,0.634564220905304,Yes
7273,0.6288740634918213,Yes
7274,0.5609786510467529,Yes
7275,0.5804627537727356,Yes
7276,0.48296305537223816,No
7277,0.47325941920280457,No
7278,0.5102394223213196,Yes
7279,0.5178210735321045,Yes
7280,0.4750818908214569,No
7281,0.506758451461792,Yes
7282,0.533417284488678,Yes
7283,0.5085445046424866,Yes
7284,0.3961181342601776,No
7285,0.4397313892841339,No
7286,0.548560619354248,Yes
7287,0.5162835717201233,Yes
7288,0.5239397883415222,Yes
7289,0.5041320323944092,Yes
7290,0.5440841317176819,Yes
7291,0.5497798919677734,Yes
7292,0.6030722856521606,Yes
7293,0.4915693998336792,No
7294,0.5852474570274353,Yes
7295,0.5122472643852234,Yes
7296,0.5510071516036987,Yes
7297,0.4979932904243469,No
7298,0.48713427782058716,No
7299,0.4810022711753845,No
7300,0.4510333836078644,No
7301,0.5142765641212463,Yes
7302,0.5331806540489197,Yes
7303,0.5066938400268555,Yes
7304,0.43734046816825867,No
7305,0.4689984619617462,No
7306,0.5152125954627991,Yes
7307,0.45602574944496155,No
7308,0.5216453075408936,Yes
7309,0.5248913168907166,Yes
7310,0.5696120858192444,Yes
7311,0.5350125432014465,Yes
7312,0.5831586718559265,Yes
7313,0.5277875065803528,Yes
7314,0.5215023756027222,Yes
7315,0.4638625383377075,No
7316,0.5114922523498535,Yes
7317,0.540790319442749,Yes
7318,0.5523175597190857,Yes
7319,0.5396528840065002,Yes
7320,0.5058644413948059,Yes
7321,0.5180842280387878,Yes
7322,0.44144490361213684,No
7323,0.4552513062953949,No
7324,0.4202369749546051,No
7325,0.4455789029598236,No
7326,0.5312333703041077,Yes
7327,0.4692486524581909,No
7328,0.5178481340408325,Yes
7329,0.48919227719306946,No
7330,0.5617894530296326,Yes
7331,0.5634057521820068,Yes
7332,0.5835778713226318,Yes
7333,0.5238434076309204,Yes
7334,0.4959220588207245,No
7335,0.48584046959877014,No
7336,0.4757503569126129,No
7337,0.4637110233306885,No
7338,0.47882670164108276,No
7339,0.46507957577705383,No
7340,0.45899301767349243,No
7341,0.49662476778030396,No
7342,0.5056012868881226,Yes
7343,0.4866619110107422,No
7344,0.4374525249004364,No
7345,0.4505227506160736,No
7346,0.5331273674964905,Yes
7347,0.5049701929092407,Yes
7348,0.4748198390007019,No
7349,0.47575265169143677,No
7350,0.5978450775146484,Yes
7351,0.5591514706611633,Yes
7352,0.6168810725212097,Yes
7353,0.5643486380577087,Yes
7354,0.5638070702552795,Yes
7355,0.4802098572254181,No
7356,0.5038566589355469,Yes
7357,0.46451815962791443,No
7358,0.49888452887535095,No
7359,0.5057419538497925,Yes
7360,0.44405674934387207,No
7361,0.48644527792930603,No
7362,0.501730740070343,Yes
7363,0.4821945130825043,No
7364,0.4436420202255249,No
7365,0.45319539308547974,No
7366,0.5203506946563721,Yes
7367,0.45618054270744324,No
7368,0.5178961753845215,Yes
7369,0.49099209904670715,No
7370,0.5443544387817383,Yes
7371,0.5232834219932556,Yes
7372,0.6247181296348572,Yes
7373,0.5380642414093018,Yes
7374,0.5430980920791626,Yes
7375,0.4533476233482361,No
7376,0.5466940999031067,Yes
7377,0.4902738034725189,No
7378,0.508463442325592,Yes
7379,0.5078774094581604,Yes
7380,0.47621122002601624,No
7381,0.49607017636299133,No
7382,0.5098428726196289,Yes
7383,0.48673635721206665,No
7384,0.4543549120426178,No
7385,0.4602496325969696,No
7386,0.5266832709312439,Yes
7387,0.4734927713871002,No
7388,0.5207942128181458,Yes
7389,0.50616455078125,Yes
7390,0.5969346761703491,Yes
7391,0.5741264820098877,Yes
7392,0.59843510389328,Yes
7393,0.5213375687599182,Yes
7394,0.5459453463554382,Yes
7395,0.4554896652698517,No
7396,0.5027885437011719,Yes
7397,0.4554218053817749,No
7398,0.5163335800170898,Yes
7399,0.5015308260917664,Yes
7400,0.4271543025970459,No
7401,0.4912387728691101,No
7402,0.45672523975372314,No
7403,0.46496886014938354,No
7404,0.44192877411842346,No
7405,0.4412734806537628,No
7406,0.5204153060913086,Yes
7407,0.4936003088951111,No
7408,0.5190872550010681,Yes
7409,0.5056105852127075,Yes
7410,0.5535674095153809,Yes
7411,0.529224693775177,Yes
7412,0.6018475294113159,Yes
7413,0.5837181806564331,Yes
7414,0.5161017775535583,Yes
7415,0.5150455236434937,Yes
7416,0.5411657691001892,Yes
7417,0.49961280822753906,No
7418,0.5138933658599854,Yes
7419,0.491726279258728,No
7420,0.5100157260894775,Yes
7421,0.4929156005382538,No
7422,0.4856663942337036,No
7423,0.5048824548721313,Yes
7424,0.45356443524360657,No
7425,0.4655928611755371,No
7426,0.5740108489990234,Yes
7427,0.5271340012550354,Yes
7428,0.49105948209762573,No
7429,0.48078325390815735,No
7430,0.5427742600440979,Yes
7431,0.5351516008377075,Yes
7432,0.6091665625572205,Yes
7433,0.6148715615272522,Yes
7434,0.5765067934989929,Yes
7435,0.5555692315101624,Yes
7436,0.5608391165733337,Yes
7437,0.4974943995475769,No
7438,0.5428242087364197,Yes
7439,0.5089640617370605,Yes
7440,0.4615158438682556,No
7441,0.49178797006607056,No
7442,0.5021759271621704,Yes
7443,0.4426927864551544,No
7444,0.4647209346294403,No
7445,0.48448362946510315,No
7446,0.5408168435096741,Yes
7447,0.4784787595272064,No
7448,0.539149820804596,Yes
7449,0.48738154768943787,No
7450,0.5755133628845215,Yes
7451,0.5537459850311279,Yes
7452,0.6321276426315308,Yes
7453,0.5147448778152466,Yes
7454,0.5684265494346619,Yes
7455,0.4716916084289551,No
7456,0.5837870240211487,Yes
7457,0.5247282981872559,Yes
7458,0.5077182054519653,Yes
7459,0.4898889660835266,No
7460,0.46233034133911133,No
7461,0.5034996271133423,Yes
7462,0.5280096530914307,Yes
7463,0.4894316792488098,No
7464,0.4344192445278168,No
7465,0.45347583293914795,No
7466,0.5310359597206116,Yes
7467,0.47450703382492065,No
7468,0.5132243633270264,Yes
7469,0.4766296446323395,No
7470,0.617153525352478,Yes
7471,0.563930869102478,Yes
7472,0.678466796875,Yes
7473,0.5301662683486938,Yes
7474,0.5641732811927795,Yes
7475,0.49534982442855835,No
7476,0.5372826457023621,Yes
7477,0.4963189959526062,No
7478,0.511967658996582,Yes
7479,0.5060341954231262,Yes
7480,0.4237617552280426,No
7481,0.48016291856765747,No
7482,0.47242212295532227,No
7483,0.4709359109401703,No
7484,0.4117530584335327,No
7485,0.4255589246749878,No
7486,0.527069091796875,Yes
7487,0.45559555292129517,No
7488,0.4803181290626526,No
7489,0.44067108631134033,No
7490,0.587683379650116,Yes
7491,0.5369538068771362,Yes
7492,0.6011353135108948,Yes
7493,0.5191932916641235,Yes
7494,0.5244091153144836,Yes
7495,0.48555755615234375,No
7496,0.5177755951881409,Yes
7497,0.4483591616153717,No
7498,0.513566792011261,Yes
7499,0.48538342118263245,No
7500,0.5086458921432495,Yes
7501,0.49394017457962036,No
7502,0.505628228187561,Yes
7503,0.4942556321620941,No
7504,0.4308817982673645,No
7505,0.4594622254371643,No
7506,0.512805163860321,Yes
7507,0.4876398742198944,No
7508,0.5575162172317505,Yes
7509,0.49809080362319946,No
7510,0.594956636428833,Yes
7511,0.5549638271331787,Yes
7512,0.5706028938293457,Yes
7513,0.5325183868408203,Yes
7514,0.5475203990936279,Yes
7515,0.48539263010025024,No
7516,0.5058290958404541,Yes
7517,0.4564359188079834,No
7518,0.5428574085235596,Yes
7519,0.5308222770690918,Yes
7520,0.494391530752182,No
7521,0.5065813660621643,Yes
7522,0.49340322613716125,No
7523,0.4804922044277191,No
7524,0.4218593239784241,No
7525,0.4447017312049866,No
7526,0.5506088733673096,Yes
7527,0.4934764802455902,No
7528,0.4974837303161621,No
7529,0.47304585576057434,No
7530,0.5434548258781433,Yes
7531,0.49170997738838196,No
7532,0.6334928274154663,Yes
7533,0.5611197352409363,Yes
7534,0.5387976765632629,Yes
7535,0.5105734467506409,Yes
7536,0.5372492074966431,Yes
7537,0.48675283789634705,No
7538,0.5300345420837402,Yes
7539,0.514501690864563,Yes
7540,0.4592721462249756,No
7541,0.5096954703330994,Yes
7542,0.5509029626846313,Yes
7543,0.5128501653671265,Yes
7544,0.4611753225326538,No
7545,0.4819049835205078,No
7546,0.5226709842681885,Yes
7547,0.5164355039596558,Yes
7548,0.5228216052055359,Yes
7549,0.5071238875389099,Yes
7550,0.5649378299713135,Yes
7551,0.5335918664932251,Yes
7552,0.5944837331771851,Yes
7553,0.5758678317070007,Yes
7554,0.5889409780502319,Yes
7555,0.5230627059936523,Yes
7556,0.550548791885376,Yes
7557,0.5207270383834839,Yes
7558,0.5618712306022644,Yes
7559,0.5094277858734131,Yes
7560,0.4863148629665375,No
7561,0.5252123475074768,Yes
7562,0.5308237075805664,Yes
7563,0.5024909973144531,Yes
7564,0.42103326320648193,No
7565,0.4400579333305359,No
7566,0.5580708384513855,Yes
7567,0.5040254592895508,Yes
7568,0.5467188358306885,Yes
7569,0.5207033753395081,Yes
7570,0.5555834770202637,Yes
7571,0.5485792756080627,Yes
7572,0.5378032922744751,Yes
7573,0.5103127956390381,Yes
7574,0.49586543440818787,No
7575,0.4867568910121918,No
7576,0.470950186252594,No
7577,0.45955026149749756,No
7578,0.5323086977005005,Yes
7579,0.5302207469940186,Yes
7580,0.49477094411849976,No
7581,0.52882981300354,Yes
7582,0.5239057540893555,Yes
7583,0.5097106695175171,Yes
7584,0.5020792484283447,Yes
7585,0.4898862838745117,No
7586,0.5367821455001831,Yes
7587,0.5193203091621399,Yes
7588,0.5387026071548462,Yes
7589,0.5247968435287476,Yes
7590,0.5612733960151672,Yes
7591,0.5626646280288696,Yes
7592,0.5595181584358215,Yes
7593,0.5303252935409546,Yes
7594,0.5410924553871155,Yes
7595,0.5049015283584595,Yes
7596,0.4747058153152466,No
7597,0.4626270532608032,No
7598,0.5127860307693481,Yes
7599,0.49913108348846436,No
7600,0.4620495140552521,No
7601,0.4736730754375458,No
7602,0.4769814908504486,No
7603,0.49814462661743164,No
7604,0.41217368841171265,No
7605,0.414537250995636,No
7606,0.5246912240982056,Yes
7607,0.5047942996025085,Yes
7608,0.48995405435562134,No
7609,0.49186936020851135,No
7610,0.5188700556755066,Yes
7611,0.5449862480163574,Yes
7612,0.5481871962547302,Yes
7613,0.5664947032928467,Yes
7614,0.5172237157821655,Yes
7615,0.5170018672943115,Yes
7616,0.5531566739082336,Yes
7617,0.53775954246521,Yes
7618,0.5298333168029785,Yes
7619,0.5558403730392456,Yes
7620,0.41943854093551636,No
7621,0.4625440537929535,No
7622,0.45337626338005066,No
7623,0.5051748156547546,Yes
7624,0.4372060000896454,No
7625,0.46030622720718384,No
7626,0.48669734597206116,No
7627,0.5125675201416016,Yes
7628,0.46908652782440186,No
7629,0.49825167655944824,No
7630,0.5152103304862976,Yes
7631,0.5648131966590881,Yes
7632,0.5116216540336609,Yes
7633,0.560113787651062,Yes
7634,0.4963322877883911,No
7635,0.5507725477218628,Yes
7636,0.4850485920906067,No
7637,0.5286639332771301,Yes
7638,0.46662136912345886,No
7639,0.49608463048934937,No
7640,0.38667020201683044,No
7641,0.4747870862483978,No
7642,0.4382287263870239,No
7643,0.47758248448371887,No
7644,0.38878095149993896,No
7645,0.4133630394935608,No
7646,0.5039413571357727,Yes
7647,0.5194770097732544,Yes
7648,0.47489652037620544,No
7649,0.48491308093070984,No
7650,0.5247068405151367,Yes
7651,0.5523251891136169,Yes
7652,0.5590632557868958,Yes
7653,0.5413313508033752,Yes
7654,0.525495171546936,Yes
7655,0.5479170680046082,Yes
7656,0.5086513161659241,Yes
7657,0.5097018480300903,Yes
7658,0.4899154007434845,No
7659,0.5060515403747559,Yes
7660,0.4463545083999634,No
7661,0.511891782283783,Yes
7662,0.5046113729476929,Yes
7663,0.5160765647888184,Yes
7664,0.4531098008155823,No
7665,0.4832533597946167,No
7666,0.5252623558044434,Yes
7667,0.5096064209938049,Yes
7668,0.49651867151260376,No
7669,0.5012829303741455,Yes
7670,0.5439053773880005,Yes
7671,0.5571827292442322,Yes
7672,0.5639758110046387,Yes
7673,0.5820969343185425,Yes
7674,0.5401322841644287,Yes
7675,0.5578343868255615,Yes
7676,0.525769829750061,Yes
7677,0.5335361361503601,Yes
7678,0.5086151361465454,Yes
7679,0.5107103586196899,Yes
7680,0.4326555132865906,No
7681,0.49017712473869324,No
7682,0.4883006513118744,No
7683,0.5049673914909363,Yes
7684,0.3805413246154785,No
7685,0.4148348569869995,No
7686,0.5169867873191833,Yes
7687,0.5395789742469788,Yes
7688,0.4741073548793793,No
7689,0.4777679145336151,No
7690,0.5048083662986755,Yes
7691,0.5567192435264587,Yes
7692,0.5524130463600159,Yes
7693,0.5124385952949524,Yes
7694,0.49942925572395325,No
7695,0.5258690714836121,Yes
7696,0.510351300239563,Yes
7697,0.5326917767524719,Yes
7698,0.49200543761253357,No
7699,0.5114476084709167,Yes
7700,0.43953073024749756,No
7701,0.5004096627235413,Yes
7702,0.49528321623802185,No
7703,0.4875222146511078,No
7704,0.4208497405052185,No
7705,0.47202038764953613,No
7706,0.4987848997116089,No
7707,0.46904388070106506,No
7708,0.49373796582221985,No
7709,0.5117862820625305,Yes
7710,0.5656758546829224,Yes
7711,0.5573667287826538,Yes
7712,0.5715532898902893,Yes
7713,0.5404065847396851,Yes
7714,0.5039498209953308,Yes
7715,0.506335973739624,Yes
7716,0.5074557662010193,Yes
7717,0.5430866479873657,Yes
7718,0.5490288734436035,Yes
7719,0.5400835871696472,Yes
7720,0.45305895805358887,No
7721,0.4819689393043518,No
7722,0.45465412735939026,No
7723,0.4698147773742676,No
7724,0.3808138072490692,No
7725,0.4387386739253998,No
7726,0.49768486618995667,No
7727,0.487712562084198,No
7728,0.45931655168533325,No
7729,0.4774749279022217,No
7730,0.5441849231719971,Yes
7731,0.5275312662124634,Yes
7732,0.5754995346069336,Yes
7733,0.5290597677230835,Yes
7734,0.4896410405635834,No
7735,0.4674341082572937,No
7736,0.5017623901367188,Yes
7737,0.49588632583618164,No
7738,0.5036269426345825,Yes
7739,0.4916122555732727,No
7740,0.41896113753318787,No
7741,0.4816518723964691,No
7742,0.4158201813697815,No
7743,0.47600501775741577,No
7744,0.40539082884788513,No
7745,0.4239445626735687,No
7746,0.48676609992980957,No
7747,0.5045670866966248,Yes
7748,0.466612309217453,No
7749,0.4941508173942566,No
7750,0.5564146637916565,Yes
7751,0.5682091116905212,Yes
7752,0.5035858750343323,Yes
7753,0.5579228401184082,Yes
7754,0.49871569871902466,No
7755,0.5255076885223389,Yes
7756,0.49422362446784973,No
7757,0.5346407294273376,Yes
7758,0.49242091178894043,No
7759,0.5253406763076782,Yes
7760,0.36440807580947876,No
7761,0.46094560623168945,No
7762,0.4453403651714325,No
7763,0.4742993414402008,No
7764,0.3992629051208496,No
7765,0.4487510025501251,No
7766,0.46569615602493286,No
7767,0.4633259177207947,No
7768,0.4576375186443329,No
7769,0.4683314263820648,No
7770,0.5085614323616028,Yes
7771,0.5565412640571594,Yes
7772,0.5212153196334839,Yes
7773,0.5521325469017029,Yes
7774,0.44544175267219543,No
7775,0.4854516386985779,No
7776,0.5006486773490906,Yes
7777,0.5185332894325256,Yes
7778,0.48513758182525635,No
7779,0.50112384557724,Yes
7780,0.40073361992836,No
7781,0.4826304316520691,No
7782,0.40526604652404785,No
7783,0.45731961727142334,No
7784,0.4331379532814026,No
7785,0.462904155254364,No
7786,0.4855663776397705,No
7787,0.4805830121040344,No
7788,0.4636031985282898,No
7789,0.47730934619903564,No
7790,0.5561848282814026,Yes
7791,0.5589179396629333,Yes
7792,0.5322068333625793,Yes
7793,0.5232774019241333,Yes
7794,0.44492706656455994,No
7795,0.47186633944511414,No
7796,0.49663713574409485,No
7797,0.49124225974082947,No
7798,0.5061392784118652,Yes
7799,0.5170595645904541,Yes
7800,0.4152202010154724,No
7801,0.4915271997451782,No
7802,0.4778233468532562,No
7803,0.4680955708026886,No
7804,0.43302121758461,No
7805,0.44013431668281555,No
7806,0.5015347599983215,Yes
7807,0.5056374669075012,Yes
7808,0.46543219685554504,No
7809,0.4807366132736206,No
7810,0.5155978798866272,Yes
7811,0.5499306321144104,Yes
7812,0.5774194002151489,Yes
7813,0.5596675872802734,Yes
7814,0.5089948177337646,Yes
7815,0.5239729881286621,Yes
7816,0.5394038558006287,Yes
7817,0.5202571749687195,Yes
7818,0.5256364345550537,Yes
7819,0.5124050378799438,Yes
7820,0.46326711773872375,No
7821,0.4651682376861572,No
7822,0.45532146096229553,No
7823,0.4863683581352234,No
7824,0.4189746379852295,No
7825,0.4439088702201843,No
7826,0.5204309821128845,Yes
7827,0.5195387601852417,Yes
7828,0.4896087348461151,No
7829,0.4845243990421295,No
7830,0.5484403967857361,Yes
7831,0.5352551937103271,Yes
7832,0.5330850481987,Yes
7833,0.5700291395187378,Yes
7834,0.5417018532752991,Yes
7835,0.5397745966911316,Yes
7836,0.5260544419288635,Yes
7837,0.48273107409477234,No
7838,0.5581445097923279,Yes
7839,0.5295838117599487,Yes
7840,0.4124000668525696,No
7841,0.4744514524936676,No
7842,0.46902036666870117,No
7843,0.4649638831615448,No
7844,0.448771595954895,No
7845,0.48487380146980286,No
7846,0.49851319193840027,No
7847,0.48115184903144836,No
7848,0.4467243552207947,No
7849,0.45978498458862305,No
7850,0.5142080783843994,Yes
7851,0.5618389248847961,Yes
7852,0.524492084980011,Yes
7853,0.5514602065086365,Yes
7854,0.4960424304008484,No
7855,0.5278139710426331,Yes
7856,0.5377871990203857,Yes
7857,0.5517727136611938,Yes
7858,0.4820130467414856,No
7859,0.5135970115661621,Yes
7860,0.43482500314712524,No
7861,0.4931394159793854,No
7862,0.4762647747993469,No
7863,0.4792124629020691,No
7864,0.41054704785346985,No
7865,0.4387044608592987,No
7866,0.5052910447120667,Yes
7867,0.5193920135498047,Yes
7868,0.4906948506832123,No
7869,0.48314616084098816,No
7870,0.5726611018180847,Yes
7871,0.5536498427391052,Yes
7872,0.5101601481437683,Yes
7873,0.5408732295036316,Yes
7874,0.49101364612579346,No
7875,0.5288691520690918,Yes
7876,0.5150417685508728,Yes
7877,0.518730878829956,Yes
7878,0.48783987760543823,No
7879,0.5083708167076111,Yes
7880,0.4063255488872528,No
7881,0.47971105575561523,No
7882,0.43676528334617615,No
7883,0.4645669758319855,No
7884,0.40815895795822144,No
7885,0.4286477565765381,No
7886,0.49153202772140503,No
7887,0.4619978666305542,No
7888,0.4655141532421112,No
7889,0.4532663822174072,No
7890,0.5439151525497437,Yes
7891,0.5372421741485596,Yes
7892,0.5462382435798645,Yes
7893,0.5330511927604675,Yes
7894,0.477975457906723,No
7895,0.5137271285057068,Yes
7896,0.5093249678611755,Yes
7897,0.49983808398246765,No
7898,0.49014633893966675,No
7899,0.4929938316345215,No
7900,0.47418034076690674,No
7901,0.48760172724723816,No
7902,0.4770657420158386,No
7903,0.49730268120765686,No
7904,0.3785010874271393,No
7905,0.4265328645706177,No
7906,0.5066887736320496,Yes
7907,0.48109060525894165,No
7908,0.4953150451183319,No
7909,0.46199268102645874,No
7910,0.5653776526451111,Yes
7911,0.5582348108291626,Yes
7912,0.5423462390899658,Yes
7913,0.5374535918235779,Yes
7914,0.4897730350494385,No
7915,0.49961450695991516,No
7916,0.5239506363868713,Yes
7917,0.4733346998691559,No
7918,0.5165433287620544,Yes
7919,0.5338897705078125,Yes
7920,0.44153910875320435,No
7921,0.48985904455184937,No
7922,0.4482276439666748,No
7923,0.47043904662132263,No
7924,0.41228166222572327,No
7925,0.4413648843765259,No
7926,0.5031784176826477,Yes
7927,0.49036651849746704,No
7928,0.4747737944126129,No
7929,0.46815142035484314,No
7930,0.5179980993270874,Yes
7931,0.5364190340042114,Yes
7932,0.5560445785522461,Yes
7933,0.5527658462524414,Yes
7934,0.4925946593284607,No
7935,0.5309587717056274,Yes
7936,0.5055424571037292,Yes
7937,0.4841044247150421,No
7938,0.5217458009719849,Yes
7939,0.5177069306373596,Yes
7940,0.4609377980232239,No
7941,0.5029624104499817,Yes
7942,0.5267153978347778,Yes
7943,0.5198622941970825,Yes
7944,0.437014639377594,No
7945,0.4762001931667328,No
7946,0.49422991275787354,No
7947,0.5124902129173279,Yes
7948,0.4635334610939026,No
7949,0.48206543922424316,No
7950,0.5440306067466736,Yes
7951,0.5297379493713379,Yes
7952,0.5333496332168579,Yes
7953,0.5458709597587585,Yes
7954,0.5525504350662231,Yes
7955,0.5350737571716309,Yes
7956,0.5296574831008911,Yes
7957,0.5453998446464539,Yes
7958,0.5668031573295593,Yes
7959,0.5192984342575073,Yes
7960,0.4312033951282501,No
7961,0.5030472874641418,Yes
7962,0.4606117904186249,No
7963,0.47259801626205444,No
7964,0.40543225407600403,No
7965,0.4392499625682831,No
7966,0.5229290723800659,Yes
7967,0.4826923906803131,No
7968,0.47316455841064453,No
7969,0.4873162806034088,No
7970,0.5158849954605103,Yes
7971,0.532440185546875,Yes
7972,0.5150505304336548,Yes
7973,0.5040035843849182,Yes
7974,0.46637144684791565,No
7975,0.4827383756637573,No
7976,0.4751233160495758,No
7977,0.4891296923160553,No
7978,0.5305737853050232,Yes
7979,0.5364265441894531,Yes
7980,0.4579285681247711,No
7981,0.5109979510307312,Yes
7982,0.49968355894088745,No
7983,0.49182990193367004,No
7984,0.4973735809326172,No
7985,0.4900507628917694,No
7986,0.5281077027320862,Yes
7987,0.5127800703048706,Yes
7988,0.48298180103302,No
7989,0.4942292869091034,No
7990,0.5330290198326111,Yes
7991,0.5416368246078491,Yes
7992,0.5442345142364502,Yes
7993,0.5231306552886963,Yes
7994,0.5117477178573608,Yes
7995,0.5110320448875427,Yes
7996,0.48531055450439453,No
7997,0.4993135929107666,No
7998,0.5055232048034668,Yes
7999,0.5065548419952393,Yes
8000,0.5503413081169128,Yes
8001,0.5148143172264099,Yes
8002,0.5565596222877502,Yes
8003,0.5335111618041992,Yes
8004,0.503232479095459,Yes
8005,0.52003014087677,Yes
8006,0.5873004794120789,Yes
8007,0.5375910997390747,Yes
8008,0.5070120096206665,Yes
8009,0.5102578401565552,Yes
8010,0.5568011999130249,Yes
8011,0.5196129679679871,Yes
8012,0.5754840970039368,Yes
8013,0.5586952567100525,Yes
8014,0.5257229804992676,Yes
8015,0.5367708206176758,Yes
8016,0.5395472645759583,Yes
8017,0.5134637355804443,Yes
8018,0.5457620620727539,Yes
8019,0.5596191883087158,Yes
8020,0.5445058345794678,Yes
8021,0.527815043926239,Yes
8022,0.5266228318214417,Yes
8023,0.4804046154022217,No
8024,0.5227203965187073,Yes
8025,0.5286316871643066,Yes
8026,0.532204270362854,Yes
8027,0.5129307508468628,Yes
8028,0.5446786284446716,Yes
8029,0.49533841013908386,No
8030,0.5812296867370605,Yes
8031,0.5570089221000671,Yes
8032,0.6213882565498352,Yes
8033,0.5269649028778076,Yes
8034,0.5565412044525146,Yes
8035,0.569756805896759,Yes
8036,0.524939775466919,Yes
8037,0.4682191014289856,No
8038,0.5401425957679749,Yes
8039,0.5081806778907776,Yes
8040,0.5451310873031616,Yes
8041,0.5164170265197754,Yes
8042,0.5513498187065125,Yes
8043,0.5123379826545715,Yes
8044,0.4762023389339447,No
8045,0.529895544052124,Yes
8046,0.5755869746208191,Yes
8047,0.5111278295516968,Yes
8048,0.5429675579071045,Yes
8049,0.47066235542297363,No
8050,0.5738106966018677,Yes
8051,0.4872148036956787,No
8052,0.6167623400688171,Yes
8053,0.5283896923065186,Yes
8054,0.611362874507904,Yes
8055,0.594868540763855,Yes
8056,0.5330133438110352,Yes
8057,0.4522278904914856,No
8058,0.5581943392753601,Yes
8059,0.5083414316177368,Yes
8060,0.5196139216423035,Yes
8061,0.5698837041854858,Yes
8062,0.5071392059326172,Yes
8063,0.5111628174781799,Yes
8064,0.46900391578674316,No
8065,0.5348134636878967,Yes
8066,0.5341474413871765,Yes
8067,0.4970391094684601,No
8068,0.5166161060333252,Yes
8069,0.4958461821079254,No
8070,0.586189329624176,Yes
8071,0.5550770163536072,Yes
8072,0.6298900246620178,Yes
8073,0.5857372879981995,Yes
8074,0.5697722434997559,Yes
8075,0.6329984068870544,Yes
8076,0.4913608133792877,No
8077,0.4625415503978729,No
8078,0.540258526802063,Yes
8079,0.5410140156745911,Yes
8080,0.5520946979522705,Yes
8081,0.5316561460494995,Yes
8082,0.5238949656486511,Yes
8083,0.5035854578018188,Yes
8084,0.4640588164329529,No
8085,0.535861074924469,Yes
8086,0.5710659027099609,Yes
8087,0.5197699069976807,Yes
8088,0.5639938116073608,Yes
8089,0.4684256911277771,No
8090,0.5792221426963806,Yes
8091,0.5640055537223816,Yes
8092,0.5872843861579895,Yes
8093,0.5072467923164368,Yes
8094,0.6048529148101807,Yes
8095,0.5391008257865906,Yes
8096,0.5678685307502747,Yes
8097,0.49134498834609985,No
8098,0.5216394066810608,Yes
8099,0.4516502916812897,No
8100,0.5113765597343445,Yes
8101,0.5310530066490173,Yes
8102,0.5515454411506653,Yes
8103,0.5160892605781555,Yes
8104,0.48462048172950745,No
8105,0.4962144196033478,No
8106,0.5462316274642944,Yes
8107,0.47932201623916626,No
8108,0.5479142665863037,Yes
8109,0.5006200075149536,Yes
8110,0.559423565864563,Yes
8111,0.5280093550682068,Yes
8112,0.5757196545600891,Yes
8113,0.5197854042053223,Yes
8114,0.5294528007507324,Yes
8115,0.5274654626846313,Yes
8116,0.5255928635597229,Yes
8117,0.5397441387176514,Yes
8118,0.581706166267395,Yes
8119,0.5410749912261963,Yes
8120,0.5623877644538879,Yes
8121,0.5649927854537964,Yes
8122,0.45717641711235046,No
8123,0.4906498193740845,No
8124,0.4854186475276947,No
8125,0.5314905047416687,Yes
8126,0.5392712354660034,Yes
8127,0.46189209818840027,No
8128,0.544052243232727,Yes
8129,0.4827096164226532,No
8130,0.5703617334365845,Yes
8131,0.5649154186248779,Yes
8132,0.5659236907958984,Yes
8133,0.504650354385376,Yes
8134,0.47901830077171326,No
8135,0.5378255844116211,Yes
8136,0.47677081823349,No
8137,0.46303021907806396,No
8138,0.5087824463844299,Yes
8139,0.477970689535141,No
8140,0.522820234298706,Yes
8141,0.5213235020637512,Yes
8142,0.557133674621582,Yes
8143,0.509823203086853,Yes
8144,0.5118710398674011,Yes
8145,0.5475724935531616,Yes
8146,0.54620361328125,Yes
8147,0.5005574226379395,Yes
8148,0.5267178416252136,Yes
8149,0.45481473207473755,No
8150,0.6067391037940979,Yes
8151,0.5742703676223755,Yes
8152,0.591711163520813,Yes
8153,0.5638281106948853,Yes
8154,0.5874221920967102,Yes
8155,0.5446122884750366,Yes
8156,0.5309159755706787,Yes
8157,0.4700842499732971,No
8158,0.5453574061393738,Yes
8159,0.5185785889625549,Yes
8160,0.5366321206092834,Yes
8161,0.536210834980011,Yes
8162,0.5407149791717529,Yes
8163,0.49629685282707214,No
8164,0.4923678934574127,No
8165,0.5117754936218262,Yes
8166,0.5612730383872986,Yes
8167,0.47847726941108704,No
8168,0.5621511936187744,Yes
8169,0.4837417006492615,No
8170,0.5660746693611145,Yes
8171,0.5126750469207764,Yes
8172,0.6168730854988098,Yes
8173,0.5396348834037781,Yes
8174,0.5762813687324524,Yes
8175,0.5361478328704834,Yes
8176,0.5798553824424744,Yes
8177,0.5087589621543884,Yes
8178,0.571139395236969,Yes
8179,0.5429068803787231,Yes
8180,0.5501264929771423,Yes
8181,0.5383349657058716,Yes
8182,0.570663571357727,Yes
8183,0.5128658413887024,Yes
8184,0.4890702962875366,No
8185,0.52610844373703,Yes
8186,0.5755507349967957,Yes
8187,0.49964824318885803,No
8188,0.5685517191886902,Yes
8189,0.5036231279373169,Yes
8190,0.610211968421936,Yes
8191,0.5621244311332703,Yes
8192,0.5856285691261292,Yes
8193,0.5063138604164124,Yes
8194,0.5818230509757996,Yes
8195,0.5353492498397827,Yes
8196,0.5331897735595703,Yes
8197,0.46818971633911133,No
8198,0.5814262628555298,Yes
8199,0.548146665096283,Yes
8200,0.5008511543273926,Yes
8201,0.5068608522415161,Yes
8202,0.4748699367046356,No
8203,0.5008701682090759,Yes
8204,0.48055708408355713,No
8205,0.5004671812057495,Yes
8206,0.5545633435249329,Yes
8207,0.4972532093524933,No
8208,0.5418956279754639,Yes
8209,0.4807206988334656,No
8210,0.5645348429679871,Yes
8211,0.5139724016189575,Yes
8212,0.593156099319458,Yes
8213,0.5815256237983704,Yes
8214,0.5639501810073853,Yes
8215,0.5792990326881409,Yes
8216,0.5517467260360718,Yes
8217,0.4907646179199219,No
8218,0.541824460029602,Yes
8219,0.4966861307621002,No
8220,0.5347018241882324,Yes
8221,0.495981365442276,No
8222,0.5034555792808533,Yes
8223,0.5159037709236145,Yes
8224,0.4995255172252655,No
8225,0.5468360781669617,Yes
8226,0.5853472352027893,Yes
8227,0.5566521883010864,Yes
8228,0.4755082130432129,No
8229,0.44825097918510437,No
8230,0.5497937798500061,Yes
8231,0.5269490480422974,Yes
8232,0.6056996583938599,Yes
8233,0.5951442122459412,Yes
8234,0.5835396647453308,Yes
8235,0.601083517074585,Yes
8236,0.5601832270622253,Yes
8237,0.4929417371749878,No
8238,0.5563729405403137,Yes
8239,0.5130620002746582,Yes
8240,0.5597528219223022,Yes
8241,0.5530771017074585,Yes
8242,0.5281060338020325,Yes
8243,0.48542383313179016,No
8244,0.508272647857666,Yes
8245,0.5099258422851562,Yes
8246,0.5588478446006775,Yes
8247,0.48046979308128357,No
8248,0.5728154182434082,Yes
8249,0.4859154224395752,No
8250,0.6047190427780151,Yes
8251,0.5655935406684875,Yes
8252,0.6357986330986023,Yes
8253,0.5267993211746216,Yes
8254,0.5818805694580078,Yes
8255,0.5304461121559143,Yes
8256,0.5979642271995544,Yes
8257,0.5218518376350403,Yes
8258,0.5595419406890869,Yes
8259,0.506781816482544,Yes
8260,0.5245171189308167,Yes
8261,0.51682049036026,Yes
8262,0.5565577745437622,Yes
8263,0.4877166152000427,No
8264,0.4677145779132843,No
8265,0.5149953365325928,Yes
8266,0.5601683259010315,Yes
8267,0.4838308095932007,No
8268,0.5201036334037781,Yes
8269,0.441354364156723,No
8270,0.609662652015686,Yes
8271,0.5547922849655151,Yes
8272,0.636429488658905,Yes
8273,0.5168569087982178,Yes
8274,0.5897870659828186,Yes
8275,0.5655737519264221,Yes
8276,0.5564714074134827,Yes
8277,0.4911365807056427,No
8278,0.5528445243835449,Yes
8279,0.5241577625274658,Yes
8280,0.505500316619873,Yes
8281,0.4890364706516266,No
8282,0.492252379655838,No
8283,0.4882139563560486,No
8284,0.45007461309432983,No
8285,0.4855201542377472,No
8286,0.5834433436393738,Yes
8287,0.4825262427330017,No
8288,0.5101197957992554,Yes
8289,0.40865591168403625,No
8290,0.6115810871124268,Yes
8291,0.5384562611579895,Yes
8292,0.5881274342536926,Yes
8293,0.5130250453948975,Yes
8294,0.5631201863288879,Yes
8295,0.5566238164901733,Yes
8296,0.5421839356422424,Yes
8297,0.447483628988266,No
8298,0.5512980222702026,Yes
8299,0.4876864552497864,No
8300,0.540057361125946,Yes
8301,0.5319392085075378,Yes
8302,0.4771055579185486,No
8303,0.5012105107307434,Yes
8304,0.49913474917411804,No
8305,0.5401892066001892,Yes
8306,0.5318195819854736,Yes
8307,0.48830458521842957,No
8308,0.5754600167274475,Yes
8309,0.4851478338241577,No
8310,0.5932043790817261,Yes
8311,0.5554872751235962,Yes
8312,0.5348585247993469,Yes
8313,0.5262607932090759,Yes
8314,0.5834290981292725,Yes
8315,0.5604787468910217,Yes
8316,0.5055722594261169,Yes
8317,0.4589056074619293,No
8318,0.5826094746589661,Yes
8319,0.5362094640731812,Yes
8320,0.5251995921134949,Yes
8321,0.5125675201416016,Yes
8322,0.5147125720977783,Yes
8323,0.49626588821411133,No
8324,0.4684755802154541,No
8325,0.4948369264602661,No
8326,0.5898383855819702,Yes
8327,0.5088257193565369,Yes
8328,0.5082290172576904,Yes
8329,0.4514450430870056,No
8330,0.5359989404678345,Yes
8331,0.4746819734573364,No
8332,0.6414443850517273,Yes
8333,0.5696977972984314,Yes
8334,0.5625011920928955,Yes
8335,0.5670439600944519,Yes
8336,0.5454941391944885,Yes
8337,0.4803747236728668,No
8338,0.5612353682518005,Yes
8339,0.5217332243919373,Yes
8340,0.5064771175384521,Yes
8341,0.5262659192085266,Yes
8342,0.5758275389671326,Yes
8343,0.5202159881591797,Yes
8344,0.4878334105014801,No
8345,0.5329782962799072,Yes
8346,0.5327169299125671,Yes
8347,0.5170450210571289,Yes
8348,0.5415780544281006,Yes
8349,0.4886629581451416,No
8350,0.5533460378646851,Yes
8351,0.5237025022506714,Yes
8352,0.5838035345077515,Yes
8353,0.5403591990470886,Yes
8354,0.6106829047203064,Yes
8355,0.5740107893943787,Yes
8356,0.5662872195243835,Yes
8357,0.5296429395675659,Yes
8358,0.5841288566589355,Yes
8359,0.5113463401794434,Yes
8360,0.5662789344787598,Yes
8361,0.5661582946777344,Yes
8362,0.5509006381034851,Yes
8363,0.5290673971176147,Yes
8364,0.47191834449768066,No
8365,0.5222780108451843,Yes
8366,0.5861527919769287,Yes
8367,0.5109547972679138,Yes
8368,0.5744414925575256,Yes
8369,0.5096545219421387,Yes
8370,0.5634832978248596,Yes
8371,0.5444477200508118,Yes
8372,0.5024563074111938,Yes
8373,0.4913213551044464,No
8374,0.4953281879425049,No
8375,0.5379307270050049,Yes
8376,0.493026465177536,No
8377,0.46360543370246887,No
8378,0.5736705660820007,Yes
8379,0.5481637120246887,Yes
8380,0.5465390682220459,Yes
8381,0.5497813820838928,Yes
8382,0.5403864979743958,Yes
8383,0.5107449889183044,Yes
8384,0.5146085619926453,Yes
8385,0.5368320941925049,Yes
8386,0.5553701519966125,Yes
8387,0.5234469175338745,Yes
8388,0.5682996511459351,Yes
8389,0.5190967917442322,Yes
8390,0.5618470907211304,Yes
8391,0.544780969619751,Yes
8392,0.530177116394043,Yes
8393,0.49918562173843384,No
8394,0.538277268409729,Yes
8395,0.5690402388572693,Yes
8396,0.4804215431213379,No
8397,0.46000754833221436,No
8398,0.5399084687232971,Yes
8399,0.5228686332702637,Yes
8400,0.4915742576122284,No
8401,0.46673783659935,No
8402,0.49308907985687256,No
8403,0.5233013033866882,Yes
8404,0.43359100818634033,No
8405,0.4843458831310272,No
8406,0.5465660095214844,Yes
8407,0.531377911567688,Yes
8408,0.5093594193458557,Yes
8409,0.49142012000083923,No
8410,0.5404811501502991,Yes
8411,0.5447860360145569,Yes
8412,0.5396680235862732,Yes
8413,0.5654351115226746,Yes
8414,0.5134524703025818,Yes
8415,0.5521814823150635,Yes
8416,0.5476765632629395,Yes
8417,0.5369908213615417,Yes
8418,0.5351589918136597,Yes
8419,0.5485466718673706,Yes
8420,0.47109517455101013,No
8421,0.4932757318019867,No
8422,0.4768927991390228,No
8423,0.5010884404182434,Yes
8424,0.4242834448814392,No
8425,0.5014566779136658,Yes
8426,0.49245309829711914,No
8427,0.529000461101532,Yes
8428,0.4854193925857544,No
8429,0.4887447655200958,No
8430,0.5512058734893799,Yes
8431,0.5604324340820312,Yes
8432,0.4836014211177826,No
8433,0.5572231411933899,Yes
8434,0.5049466490745544,Yes
8435,0.5942342877388,Yes
8436,0.5048940777778625,Yes
8437,0.5413720607757568,Yes
8438,0.49981507658958435,No
8439,0.5000921487808228,Yes
8440,0.46736234426498413,No
8441,0.4940700829029083,No
8442,0.43661290407180786,No
8443,0.5000246167182922,Yes
8444,0.406993567943573,No
8445,0.49237585067749023,No
8446,0.5303153991699219,Yes
8447,0.5406471490859985,Yes
8448,0.49415159225463867,No
8449,0.46238279342651367,No
8450,0.5523038506507874,Yes
8451,0.5377176403999329,Yes
8452,0.5423648357391357,Yes
8453,0.5212885737419128,Yes
8454,0.5385897159576416,Yes
8455,0.5980575084686279,Yes
8456,0.511639416217804,Yes
8457,0.5124378800392151,Yes
8458,0.5153161883354187,Yes
8459,0.5046071410179138,Yes
8460,0.4889761507511139,No
8461,0.5375680327415466,Yes
8462,0.48107850551605225,No
8463,0.5120229125022888,Yes
8464,0.4765630066394806,No
8465,0.5408247709274292,Yes
8466,0.5346251130104065,Yes
8467,0.5158076286315918,Yes
8468,0.5167905688285828,Yes
8469,0.49543192982673645,No
8470,0.5674892663955688,Yes
8471,0.550809383392334,Yes
8472,0.5467124581336975,Yes
8473,0.5598582029342651,Yes
8474,0.5576878190040588,Yes
8475,0.6301326155662537,Yes
8476,0.5321857929229736,Yes
8477,0.5282885432243347,Yes
8478,0.5359586477279663,Yes
8479,0.5262293219566345,Yes
8480,0.503594696521759,Yes
8481,0.5006235241889954,Yes
8482,0.47900500893592834,No
8483,0.5041641592979431,Yes
8484,0.41515928506851196,No
8485,0.5009176731109619,Yes
8486,0.5345642566680908,Yes
8487,0.5536978840827942,Yes
8488,0.4725549519062042,No
8489,0.4189247786998749,No
8490,0.542951226234436,Yes
8491,0.562870442867279,Yes
8492,0.5319356918334961,Yes
8493,0.5298770070075989,Yes
8494,0.5123750567436218,Yes
8495,0.562889814376831,Yes
8496,0.5245821475982666,Yes
8497,0.533918023109436,Yes
8498,0.5071175694465637,Yes
8499,0.479908287525177,No
8500,0.47792693972587585,No
8501,0.5099318623542786,Yes
8502,0.4967103898525238,No
8503,0.4969724416732788,No
8504,0.43553104996681213,No
8505,0.5089622735977173,Yes
8506,0.5340480804443359,Yes
8507,0.5022398829460144,Yes
8508,0.49747562408447266,No
8509,0.47480136156082153,No
8510,0.5557395219802856,Yes
8511,0.5579210519790649,Yes
8512,0.5494123101234436,Yes
8513,0.5286161303520203,Yes
8514,0.5007705092430115,Yes
8515,0.5687403082847595,Yes
8516,0.5222541689872742,Yes
8517,0.5427486300468445,Yes
8518,0.56838458776474,Yes
8519,0.5237480998039246,Yes
8520,0.49215030670166016,No
8521,0.5013201236724854,Yes
8522,0.4590437412261963,No
8523,0.4913100302219391,No
8524,0.42583417892456055,No
8525,0.49356478452682495,No
8526,0.5006633400917053,Yes
8527,0.499719500541687,No
8528,0.47261905670166016,No
8529,0.4637238085269928,No
8530,0.5496436953544617,Yes
8531,0.5251685380935669,Yes
8532,0.558738648891449,Yes
8533,0.5152397155761719,Yes
8534,0.4868635833263397,No
8535,0.5113428831100464,Yes
8536,0.5120940804481506,Yes
8537,0.5004285573959351,Yes
8538,0.5286865830421448,Yes
8539,0.5012068152427673,Yes
8540,0.46634918451309204,No
8541,0.4849274754524231,No
8542,0.45589256286621094,No
8543,0.5046539902687073,Yes
8544,0.44325727224349976,No
8545,0.516332745552063,Yes
8546,0.5050629377365112,Yes
8547,0.5256070494651794,Yes
8548,0.48998159170150757,No
8549,0.47140368819236755,No
8550,0.5755919814109802,Yes
8551,0.5753167867660522,Yes
8552,0.4988793432712555,No
8553,0.5535121560096741,Yes
8554,0.5167350172996521,Yes
8555,0.5904896259307861,Yes
8556,0.5148388743400574,Yes
8557,0.546696662902832,Yes
8558,0.5367579460144043,Yes
8559,0.5318148136138916,Yes
8560,0.4444672763347626,No
8561,0.48477816581726074,No
8562,0.4511207640171051,No
8563,0.49389010667800903,No
8564,0.39658454060554504,No
8565,0.48828843235969543,No
8566,0.48526647686958313,No
8567,0.4780181050300598,No
8568,0.4786546230316162,No
8569,0.45173314213752747,No
8570,0.5421477556228638,Yes
8571,0.5478540062904358,Yes
8572,0.5203073620796204,Yes
8573,0.556111216545105,Yes
8574,0.4761820137500763,No
8575,0.5844030976295471,Yes
8576,0.522815465927124,Yes
8577,0.5353022813796997,Yes
8578,0.5351559519767761,Yes
8579,0.5276194214820862,Yes
8580,0.47527071833610535,No
8581,0.50062096118927,Yes
8582,0.4203646183013916,No
8583,0.49268198013305664,No
8584,0.443286657333374,No
8585,0.5119959712028503,Yes
8586,0.5363525152206421,Yes
8587,0.5169615149497986,Yes
8588,0.48452460765838623,No
8589,0.45885923504829407,No
8590,0.5642837285995483,Yes
8591,0.544908344745636,Yes
8592,0.513508141040802,Yes
8593,0.5161323547363281,Yes
8594,0.45939406752586365,No
8595,0.5526553988456726,Yes
8596,0.5244640111923218,Yes
8597,0.5053470730781555,Yes
8598,0.5605048537254333,Yes
8599,0.5561874508857727,Yes
8600,0.4688856601715088,No
8601,0.4961733818054199,No
8602,0.47388648986816406,No
8603,0.49522915482521057,No
8604,0.4404086768627167,No
8605,0.48779022693634033,No
8606,0.5229682326316833,Yes
8607,0.5288420915603638,Yes
8608,0.4565157890319824,No
8609,0.42252057790756226,No
8610,0.5374423861503601,Yes
8611,0.5347602367401123,Yes
8612,0.560205340385437,Yes
8613,0.5467317700386047,Yes
8614,0.5352701544761658,Yes
8615,0.5848585963249207,Yes
8616,0.5460497736930847,Yes
8617,0.511305034160614,Yes
8618,0.5561625361442566,Yes
8619,0.5095087885856628,Yes
8620,0.47681766748428345,No
8621,0.45167145133018494,No
8622,0.4684179127216339,No
8623,0.49854448437690735,No
8624,0.4504322111606598,No
8625,0.5077585577964783,Yes
8626,0.5303360819816589,Yes
8627,0.5472818613052368,Yes
8628,0.4819178581237793,No
8629,0.4756786823272705,No
8630,0.5564603805541992,Yes
8631,0.5356952548027039,Yes
8632,0.520989716053009,Yes
8633,0.5503154993057251,Yes
8634,0.5407002568244934,Yes
8635,0.5847753882408142,Yes
8636,0.5300530195236206,Yes
8637,0.47688573598861694,No
8638,0.5558134913444519,Yes
8639,0.5380986332893372,Yes
8640,0.4874662458896637,No
8641,0.5153263807296753,Yes
8642,0.4696533679962158,No
8643,0.5092028975486755,Yes
8644,0.4576735198497772,No
8645,0.5174640417098999,Yes
8646,0.5094069838523865,Yes
8647,0.48198527097702026,No
8648,0.4539569318294525,No
8649,0.4399503469467163,No
8650,0.5489077568054199,Yes
8651,0.5694652199745178,Yes
8652,0.5278971791267395,Yes
8653,0.5596407055854797,Yes
8654,0.5067713856697083,Yes
8655,0.590869665145874,Yes
8656,0.5363595485687256,Yes
8657,0.5496557950973511,Yes
8658,0.5141040086746216,Yes
8659,0.5165048241615295,Yes
8660,0.4838019609451294,No
8661,0.5001097321510315,Yes
8662,0.4875689744949341,No
8663,0.4786500930786133,No
8664,0.4382001757621765,No
8665,0.4984879195690155,No
8666,0.5239593982696533,Yes
8667,0.5363413691520691,Yes
8668,0.46671268343925476,No
8669,0.42354580760002136,No
8670,0.562017560005188,Yes
8671,0.5410094857215881,Yes
8672,0.49550125002861023,No
8673,0.5176424384117126,Yes
8674,0.5034231543540955,Yes
8675,0.5838971138000488,Yes
8676,0.5314009785652161,Yes
8677,0.5110297799110413,Yes
8678,0.5169678926467896,Yes
8679,0.5150952339172363,Yes
8680,0.4628865420818329,No
8681,0.47682589292526245,No
8682,0.42266860604286194,No
8683,0.49604931473731995,No
8684,0.4200874865055084,No
8685,0.4821276068687439,No
8686,0.5356281995773315,Yes
8687,0.4982222616672516,No
8688,0.4788665175437927,No
8689,0.42576950788497925,No
8690,0.5694881081581116,Yes
8691,0.5401058793067932,Yes
8692,0.5280600190162659,Yes
8693,0.5245790481567383,Yes
8694,0.49688342213630676,No
8695,0.5746917128562927,Yes
8696,0.5219101905822754,Yes
8697,0.5042991042137146,Yes
8698,0.5131288170814514,Yes
8699,0.48271894454956055,No
8700,0.5170772075653076,Yes
8701,0.5078856348991394,Yes
8702,0.4471372067928314,No
8703,0.4993503987789154,No
8704,0.4189377427101135,No
8705,0.5016136765480042,Yes
8706,0.5228423476219177,Yes
8707,0.4954560101032257,No
8708,0.4950768053531647,No
8709,0.4397262930870056,No
8710,0.566270112991333,Yes
8711,0.5542204976081848,Yes
8712,0.5068122744560242,Yes
8713,0.5306803584098816,Yes
8714,0.5226958990097046,Yes
8715,0.5828959345817566,Yes
8716,0.527059018611908,Yes
8717,0.47655004262924194,No
8718,0.5423573851585388,Yes
8719,0.5412128567695618,Yes
8720,0.46937569975852966,No
8721,0.4802688658237457,No
8722,0.43565839529037476,No
8723,0.5036178827285767,Yes
8724,0.42813730239868164,No
8725,0.4804350435733795,No
8726,0.5370573401451111,Yes
8727,0.5194705128669739,Yes
8728,0.48294830322265625,No
8729,0.4489057660102844,No
8730,0.5189107060432434,Yes
8731,0.519360363483429,Yes
8732,0.5568694472312927,Yes
8733,0.5417602062225342,Yes
8734,0.49995261430740356,No
8735,0.5896962881088257,Yes
8736,0.5032351613044739,Yes
8737,0.4776224195957184,No
8738,0.5470284819602966,Yes
8739,0.5225325226783752,Yes
8740,0.502949059009552,Yes
8741,0.5094571709632874,Yes
8742,0.5348305106163025,Yes
8743,0.5300425291061401,Yes
8744,0.4356553554534912,No
8745,0.5107702612876892,Yes
8746,0.5049213767051697,Yes
8747,0.5335212349891663,Yes
8748,0.47105199098587036,No
8749,0.4557604491710663,No
8750,0.5386971831321716,Yes
8751,0.5276872515678406,Yes
8752,0.5344459414482117,Yes
8753,0.5281946063041687,Yes
8754,0.5526538491249084,Yes
8755,0.5768078565597534,Yes
8756,0.5384631752967834,Yes
8757,0.5521245002746582,Yes
8758,0.57588791847229,Yes
8759,0.5240393877029419,Yes
8760,0.49023550748825073,No
8761,0.5210734605789185,Yes
8762,0.4628731310367584,No
8763,0.4987197518348694,No
8764,0.4389944076538086,No
8765,0.5162467956542969,Yes
8766,0.5487270355224609,Yes
8767,0.4973069727420807,No
8768,0.4965747594833374,No
8769,0.49528923630714417,No
8770,0.5237707495689392,Yes
8771,0.5319865345954895,Yes
8772,0.48025423288345337,No
8773,0.48671361804008484,No
8774,0.47266095876693726,No
8775,0.5233595967292786,Yes
8776,0.48480305075645447,No
8777,0.49461621046066284,No
8778,0.5619724988937378,Yes
8779,0.5546337962150574,Yes
8780,0.48876339197158813,No
8781,0.5101067423820496,Yes
8782,0.5043025612831116,Yes
8783,0.4908818006515503,No
8784,0.5025104880332947,Yes
8785,0.5334042310714722,Yes
8786,0.5510154366493225,Yes
8787,0.5278422236442566,Yes
8788,0.49396711587905884,No
8789,0.4687177836894989,No
8790,0.5259315371513367,Yes
8791,0.5213828086853027,Yes
8792,0.5113433599472046,Yes
8793,0.4970608055591583,No
8794,0.5097240805625916,Yes
8795,0.5684728026390076,Yes
8796,0.48153480887413025,No
8797,0.49946659803390503,No
8798,0.5275017023086548,Yes
8799,0.5161592960357666,Yes
8800,0.49931952357292175,No
8801,0.48123669624328613,No
8802,0.5621914863586426,Yes
8803,0.47536930441856384,No
8804,0.5157445073127747,Yes
8805,0.40633895993232727,No
8806,0.671431303024292,Yes
8807,0.5168459415435791,Yes
8808,0.41409289836883545,No
8809,0.46612823009490967,No
8810,0.6006081104278564,Yes
8811,0.5734658241271973,Yes
8812,0.6234198212623596,Yes
8813,0.6199124455451965,Yes
8814,0.597380518913269,Yes
8815,0.6044777035713196,Yes
8816,0.5920188426971436,Yes
8817,0.5426493287086487,Yes
8818,0.539694607257843,Yes
8819,0.5985062122344971,Yes
8820,0.47087422013282776,No
8821,0.438210666179657,No
8822,0.5885050296783447,Yes
8823,0.48259690403938293,No
8824,0.5451936721801758,Yes
8825,0.4753492474555969,No
8826,0.6367486715316772,Yes
8827,0.5055788159370422,Yes
8828,0.4958493113517761,No
8829,0.4888920485973358,No
8830,0.6556528806686401,Yes
8831,0.5880510807037354,Yes
8832,0.7116445899009705,Yes
8833,0.6195716857910156,Yes
8834,0.6517342329025269,Yes
8835,0.5646852254867554,Yes
8836,0.6397160887718201,Yes
8837,0.46754491329193115,No
8838,0.6016213297843933,Yes
8839,0.5267118811607361,Yes
8840,0.5279977917671204,Yes
8841,0.4537131190299988,No
8842,0.5917754173278809,Yes
8843,0.48087048530578613,No
8844,0.5271033644676208,Yes
8845,0.4445064663887024,No
8846,0.6223077774047852,Yes
8847,0.5212358236312866,Yes
8848,0.5272730588912964,Yes
8849,0.541254997253418,Yes
8850,0.6147862076759338,Yes
8851,0.49723678827285767,No
8852,0.7059838175773621,Yes
8853,0.6236674785614014,Yes
8854,0.6762851476669312,Yes
8855,0.5912035703659058,Yes
8856,0.6692453622817993,Yes
8857,0.5225740671157837,Yes
8858,0.5660165548324585,Yes
8859,0.5257221460342407,Yes
8860,0.4752628803253174,No
8861,0.48484933376312256,No
8862,0.5271154642105103,Yes
8863,0.5069202780723572,Yes
8864,0.4908096492290497,No
8865,0.48604312539100647,No
8866,0.5654603242874146,Yes
8867,0.5222258567810059,Yes
8868,0.49582162499427795,No
8869,0.5497955083847046,Yes
8870,0.6248195767402649,Yes
8871,0.6131664514541626,Yes
8872,0.6747363805770874,Yes
8873,0.6749367713928223,Yes
8874,0.6389476656913757,Yes
8875,0.6376138925552368,Yes
8876,0.5094357132911682,Yes
8877,0.5269719362258911,Yes
8878,0.5693580508232117,Yes
8879,0.6107656955718994,Yes
8880,0.5668419599533081,Yes
8881,0.49982085824012756,No
8882,0.5808371901512146,Yes
8883,0.49483367800712585,No
8884,0.5470579266548157,Yes
8885,0.43601569533348083,No
8886,0.6662013530731201,Yes
8887,0.532755434513092,Yes
8888,0.5425339341163635,Yes
8889,0.5290071964263916,Yes
8890,0.6493770480155945,Yes
8891,0.5768280625343323,Yes
8892,0.6847058534622192,Yes
8893,0.609006404876709,Yes
8894,0.6357854008674622,Yes
8895,0.5545704960823059,Yes
8896,0.6871418952941895,Yes
8897,0.5087039470672607,Yes
8898,0.473117858171463,No
8899,0.5104205012321472,Yes
8900,0.5211746096611023,Yes
8901,0.4871870279312134,No
8902,0.5896726250648499,Yes
8903,0.4940088391304016,No
8904,0.5426063537597656,Yes
8905,0.4825601875782013,No
8906,0.55910724401474,Yes
8907,0.5171153545379639,Yes
8908,0.5311869978904724,Yes
8909,0.5450307130813599,Yes
8910,0.6632233262062073,Yes
8911,0.6225869655609131,Yes
8912,0.6917129755020142,Yes
8913,0.6498168706893921,Yes
8914,0.6321607232093811,Yes
8915,0.5509088635444641,Yes
8916,0.6185082793235779,Yes
8917,0.5414579510688782,Yes
8918,0.5743300914764404,Yes
8919,0.5795957446098328,Yes
8920,0.5240961313247681,Yes
8921,0.4993230402469635,No
8922,0.47757238149642944,No
8923,0.47854819893836975,No
8924,0.5005365610122681,Yes
8925,0.4504639208316803,No
8926,0.58575838804245,Yes
8927,0.5020416378974915,Yes
8928,0.48881375789642334,No
8929,0.4755089581012726,No
8930,0.6871002912521362,Yes
8931,0.6391146183013916,Yes
8932,0.6725233197212219,Yes
8933,0.6345694661140442,Yes
8934,0.5529314875602722,Yes
8935,0.505043625831604,Yes
8936,0.5218351483345032,Yes
8937,0.5113783478736877,Yes
8938,0.46400728821754456,No
8939,0.5104245543479919,Yes
8940,0.510914146900177,Yes
8941,0.47485241293907166,No
8942,0.5818254947662354,Yes
8943,0.4847896099090576,No
8944,0.5617614388465881,Yes
8945,0.4559487998485565,No
8946,0.6641983985900879,Yes
8947,0.5237374305725098,Yes
8948,0.4850330054759979,No
8949,0.5177567601203918,Yes
8950,0.6647477149963379,Yes
8951,0.5874984264373779,Yes
8952,0.6850399374961853,Yes
8953,0.6248577237129211,Yes
8954,0.6487280130386353,Yes
8955,0.5529479384422302,Yes
8956,0.6260918378829956,Yes
8957,0.46952590346336365,No
8958,0.5878995060920715,Yes
8959,0.5125346183776855,Yes
8960,0.5596510171890259,Yes
8961,0.4863050878047943,No
8962,0.5939595103263855,Yes
8963,0.46398255228996277,No
8964,0.5488100051879883,Yes
8965,0.513322114944458,Yes
8966,0.6140559315681458,Yes
8967,0.5254774689674377,Yes
8968,0.5458714962005615,Yes
8969,0.5373415350914001,Yes
8970,0.6131820678710938,Yes
8971,0.5289677977561951,Yes
8972,0.6979928612709045,Yes
8973,0.581633985042572,Yes
8974,0.6508182287216187,Yes
8975,0.5145784020423889,Yes
8976,0.6296991109848022,Yes
8977,0.5168955326080322,Yes
8978,0.5658470392227173,Yes
8979,0.5522107481956482,Yes
8980,0.5442057847976685,Yes
8981,0.4576871395111084,No
8982,0.6065945625305176,Yes
8983,0.4826153516769409,No
8984,0.5577610731124878,Yes
8985,0.4900956153869629,No
8986,0.6499944925308228,Yes
8987,0.5356956124305725,Yes
8988,0.5539261698722839,Yes
8989,0.5494487285614014,Yes
8990,0.6583837270736694,Yes
8991,0.5961633920669556,Yes
8992,0.6707422137260437,Yes
8993,0.6153565049171448,Yes
8994,0.6657384634017944,Yes
8995,0.5355147123336792,Yes
8996,0.6520556211471558,Yes
8997,0.46675607562065125,No
8998,0.5762110352516174,Yes
8999,0.5432266592979431,Yes
9000,0.5200662612915039,Yes
9001,0.5046026706695557,Yes
9002,0.5120226144790649,Yes
9003,0.4807240664958954,No
9004,0.5293724536895752,Yes
9005,0.4670792818069458,No
9006,0.5753186941146851,Yes
9007,0.5163326263427734,Yes
9008,0.542317271232605,Yes
9009,0.5493399500846863,Yes
9010,0.6212442517280579,Yes
9011,0.5499508380889893,Yes
9012,0.6848078370094299,Yes
9013,0.6776077151298523,Yes
9014,0.5896434783935547,Yes
9015,0.5636737942695618,Yes
9016,0.5662545561790466,Yes
9017,0.5254568457603455,Yes
9018,0.591812252998352,Yes
9019,0.562298595905304,Yes
9020,0.511769711971283,Yes
9021,0.4860190153121948,No
9022,0.5512632131576538,Yes
9023,0.47187289595603943,No
9024,0.5279785990715027,Yes
9025,0.48495909571647644,No
9026,0.6738954782485962,Yes
9027,0.5381470918655396,Yes
9028,0.426155686378479,No
9029,0.45799094438552856,No
9030,0.6420761346817017,Yes
9031,0.5878828167915344,Yes
9032,0.6653043031692505,Yes
9033,0.667307436466217,Yes
9034,0.6609451174736023,Yes
9035,0.6237358450889587,Yes
9036,0.6460883617401123,Yes
9037,0.6073261499404907,Yes
9038,0.5293408632278442,Yes
9039,0.5164874792098999,Yes
9040,0.5400978922843933,Yes
9041,0.44960615038871765,No
9042,0.6018131375312805,Yes
9043,0.47732532024383545,No
9044,0.5457388162612915,Yes
9045,0.49175703525543213,No
9046,0.627438485622406,Yes
9047,0.5070677995681763,Yes
9048,0.5385844707489014,Yes
9049,0.517005205154419,Yes
9050,0.6522427797317505,Yes
9051,0.582707405090332,Yes
9052,0.7156310081481934,Yes
9053,0.5923780202865601,Yes
9054,0.6997113823890686,Yes
9055,0.5367950797080994,Yes
9056,0.6958008408546448,Yes
9057,0.566775381565094,Yes
9058,0.5731662511825562,Yes
9059,0.5376951694488525,Yes
9060,0.5726379752159119,Yes
9061,0.5027401447296143,Yes
9062,0.567108690738678,Yes
9063,0.4902641773223877,No
9064,0.5408025979995728,Yes
9065,0.4701681435108185,No
9066,0.6375404596328735,Yes
9067,0.5228837132453918,Yes
9068,0.4987989664077759,No
9069,0.4990088641643524,No
9070,0.6747435331344604,Yes
9071,0.600441575050354,Yes
9072,0.7655051350593567,Yes
9073,0.617319643497467,Yes
9074,0.6928632855415344,Yes
9075,0.5954862833023071,Yes
9076,0.6882822513580322,Yes
9077,0.5201213359832764,Yes
9078,0.6055192947387695,Yes
9079,0.5744732618331909,Yes
9080,0.5359606146812439,Yes
9081,0.47056296467781067,No
9082,0.55586838722229,Yes
9083,0.48281657695770264,No
9084,0.5159192681312561,Yes
9085,0.43697217106819153,No
9086,0.6058487296104431,Yes
9087,0.5368102788925171,Yes
9088,0.4761731028556824,No
9089,0.4827248752117157,No
9090,0.6365240812301636,Yes
9091,0.5597536563873291,Yes
9092,0.6853027939796448,Yes
9093,0.6092528104782104,Yes
9094,0.647132158279419,Yes
9095,0.5558217167854309,Yes
9096,0.6274189352989197,Yes
9097,0.4973214268684387,No
9098,0.5514882206916809,Yes
9099,0.503930389881134,Yes
9100,0.45956921577453613,No
9101,0.4391126036643982,No
9102,0.52750563621521,Yes
9103,0.47399061918258667,No
9104,0.5193597674369812,Yes
9105,0.45411261916160583,No
9106,0.5610683560371399,Yes
9107,0.5269445180892944,Yes
9108,0.5118419528007507,Yes
9109,0.4882969558238983,No
9110,0.6334357261657715,Yes
9111,0.590092658996582,Yes
9112,0.6561580300331116,Yes
9113,0.6566148996353149,Yes
9114,0.6095215678215027,Yes
9115,0.541522741317749,Yes
9116,0.5897791385650635,Yes
9117,0.5685902237892151,Yes
9118,0.542631208896637,Yes
9119,0.5559937357902527,Yes
9120,0.5679665207862854,Yes
9121,0.4975021481513977,No
9122,0.5579805970191956,Yes
9123,0.4810751676559448,No
9124,0.5352488160133362,Yes
9125,0.4702620506286621,No
9126,0.6427391171455383,Yes
9127,0.5298964381217957,Yes
9128,0.5010724663734436,Yes
9129,0.4809378385543823,No
9130,0.5787850022315979,Yes
9131,0.4851519763469696,No
9132,0.7202790975570679,Yes
9133,0.6419364809989929,Yes
9134,0.6504743099212646,Yes
9135,0.5852794051170349,Yes
9136,0.6635736227035522,Yes
9137,0.5728940367698669,Yes
9138,0.541623055934906,Yes
9139,0.519549548625946,Yes
9140,0.5174919366836548,Yes
9141,0.48433175683021545,No
9142,0.612440288066864,Yes
9143,0.5156408548355103,Yes
9144,0.5380079746246338,Yes
9145,0.4986593723297119,No
9146,0.5628044605255127,Yes
9147,0.5058792233467102,Yes
9148,0.48741599917411804,No
9149,0.5422017574310303,Yes
9150,0.6641097068786621,Yes
9151,0.5844778418540955,Yes
9152,0.6418672800064087,Yes
9153,0.6425983309745789,Yes
9154,0.660573422908783,Yes
9155,0.5998481512069702,Yes
9156,0.6180341243743896,Yes
9157,0.5400640964508057,Yes
9158,0.46269774436950684,No
9159,0.4969237446784973,No
9160,0.5613604784011841,Yes
9161,0.49150121212005615,No
9162,0.5893529057502747,Yes
9163,0.47928357124328613,No
9164,0.5050252079963684,Yes
9165,0.46315476298332214,No
9166,0.6281977891921997,Yes
9167,0.5475490689277649,Yes
9168,0.5260390043258667,Yes
9169,0.5338274836540222,Yes
9170,0.645060658454895,Yes
9171,0.6103208065032959,Yes
9172,0.6430814862251282,Yes
9173,0.6392959356307983,Yes
9174,0.5858181118965149,Yes
9175,0.49096834659576416,No
9176,0.5615677237510681,Yes
9177,0.5239576697349548,Yes
9178,0.5182462930679321,Yes
9179,0.5339494943618774,Yes
9180,0.543741762638092,Yes
9181,0.5192810893058777,Yes
9182,0.5515572428703308,Yes
9183,0.5145865678787231,Yes
9184,0.579073429107666,Yes
9185,0.5134892463684082,Yes
9186,0.6040977835655212,Yes
9187,0.5490372776985168,Yes
9188,0.510961651802063,Yes
9189,0.5544359683990479,Yes
9190,0.6533895134925842,Yes
9191,0.6398941874504089,Yes
9192,0.6405166387557983,Yes
9193,0.6469018459320068,Yes
9194,0.6279945969581604,Yes
9195,0.5694422721862793,Yes
9196,0.5647870898246765,Yes
9197,0.5309928059577942,Yes
9198,0.5338098406791687,Yes
9199,0.5534198880195618,Yes
9200,0.41281700134277344,No
9201,0.44368988275527954,No
9202,0.4867697060108185,No
9203,0.4723614752292633,No
9204,0.47112223505973816,No
9205,0.37901079654693604,No
9206,0.5460875630378723,Yes
9207,0.5158699750900269,Yes
9208,0.42345118522644043,No
9209,0.4799797236919403,No
9210,0.5565491318702698,Yes
9211,0.6164677739143372,Yes
9212,0.577057957649231,Yes
9213,0.6316556334495544,Yes
9214,0.5769373774528503,Yes
9215,0.575980007648468,Yes
9216,0.6127713322639465,Yes
9217,0.583261251449585,Yes
9218,0.5041458606719971,Yes
9219,0.5874630212783813,Yes
9220,0.35257264971733093,No
9221,0.4179839491844177,No
9222,0.5058491826057434,Yes
9223,0.4984091520309448,No
9224,0.46191608905792236,No
9225,0.43861281871795654,No
9226,0.5202654600143433,Yes
9227,0.5301421284675598,Yes
9228,0.40915700793266296,No
9229,0.5119373798370361,Yes
9230,0.5722750425338745,Yes
9231,0.6103892922401428,Yes
9232,0.5269818305969238,Yes
9233,0.6559708714485168,Yes
9234,0.600350022315979,Yes
9235,0.6074267625808716,Yes
9236,0.5782089233398438,Yes
9237,0.5664369463920593,Yes
9238,0.5089395046234131,Yes
9239,0.5441247820854187,Yes
9240,0.41988593339920044,No
9241,0.45100486278533936,No
9242,0.4531969130039215,No
9243,0.4884265661239624,No
9244,0.4670240879058838,No
9245,0.41306272149086,No
9246,0.5223186612129211,Yes
9247,0.5305902361869812,Yes
9248,0.4048251211643219,No
9249,0.5119758248329163,Yes
9250,0.5181414484977722,Yes
9251,0.567450761795044,Yes
9252,0.6246076822280884,Yes
9253,0.6548219323158264,Yes
9254,0.5752670764923096,Yes
9255,0.5849786996841431,Yes
9256,0.5746578574180603,Yes
9257,0.6006709933280945,Yes
9258,0.4195098280906677,No
9259,0.5303283929824829,Yes
9260,0.4500088393688202,No
9261,0.47879356145858765,No
9262,0.5038572549819946,Yes
9263,0.5079027414321899,Yes
9264,0.46303457021713257,No
9265,0.46206134557724,No
9266,0.5481947064399719,Yes
9267,0.5469236969947815,Yes
9268,0.4916047751903534,No
9269,0.5267374515533447,Yes
9270,0.5758312940597534,Yes
9271,0.6105559468269348,Yes
9272,0.5857501029968262,Yes
9273,0.6261810064315796,Yes
9274,0.6205241084098816,Yes
9275,0.6117832660675049,Yes
9276,0.5903652310371399,Yes
9277,0.5951606631278992,Yes
9278,0.5318922996520996,Yes
9279,0.5918887853622437,Yes
9280,0.4375617206096649,No
9281,0.4768679141998291,No
9282,0.5009455680847168,Yes
9283,0.5112484097480774,Yes
9284,0.4766470491886139,No
9285,0.41818752884864807,No
9286,0.5453650951385498,Yes
9287,0.5564810633659363,Yes
9288,0.39168065786361694,No
9289,0.48063334822654724,No
9290,0.5515199899673462,Yes
9291,0.595287561416626,Yes
9292,0.6212238073348999,Yes
9293,0.6330159306526184,Yes
9294,0.539231538772583,Yes
9295,0.5735389590263367,Yes
9296,0.5189943909645081,Yes
9297,0.5496115684509277,Yes
9298,0.3827187120914459,No
9299,0.5635616183280945,Yes
9300,0.45092442631721497,No
9301,0.4744783937931061,No
9302,0.5123075246810913,Yes
9303,0.48407500982284546,No
9304,0.5148470401763916,Yes
9305,0.4746273159980774,No
9306,0.5537282228469849,Yes
9307,0.5494118928909302,Yes
9308,0.45563578605651855,No
9309,0.520148515701294,Yes
9310,0.6482521295547485,Yes
9311,0.660297691822052,Yes
9312,0.6565737128257751,Yes
9313,0.6573007702827454,Yes
9314,0.5931450724601746,Yes
9315,0.6034950613975525,Yes
9316,0.5298042297363281,Yes
9317,0.5540511012077332,Yes
9318,0.5353026986122131,Yes
9319,0.5847154855728149,Yes
9320,0.4043763279914856,No
9321,0.45217084884643555,No
9322,0.4579997956752777,No
9323,0.4769032299518585,No
9324,0.4361972212791443,No
9325,0.41746363043785095,No
9326,0.5110870003700256,Yes
9327,0.5230477452278137,Yes
9328,0.3901797831058502,No
9329,0.46620887517929077,No
9330,0.6429609060287476,Yes
9331,0.6189432144165039,Yes
9332,0.6515861749649048,Yes
9333,0.6430778503417969,Yes
9334,0.5457117557525635,Yes
9335,0.4797714054584503,No
9336,0.598825216293335,Yes
9337,0.5827755331993103,Yes
9338,0.46330320835113525,No
9339,0.5399124622344971,Yes
9340,0.38698211312294006,No
9341,0.4551040232181549,No
9342,0.44332826137542725,No
9343,0.4895429015159607,No
9344,0.48574915528297424,No
9345,0.43286266922950745,No
9346,0.5415014028549194,Yes
9347,0.5408540964126587,Yes
9348,0.39991360902786255,No
9349,0.5156990885734558,Yes
9350,0.5822354555130005,Yes
9351,0.6240846514701843,Yes
9352,0.5336358547210693,Yes
9353,0.6216486692428589,Yes
9354,0.5744291543960571,Yes
9355,0.5943027138710022,Yes
9356,0.5585564970970154,Yes
9357,0.5673741698265076,Yes
9358,0.5221714973449707,Yes
9359,0.5563201308250427,Yes
9360,0.3821529448032379,No
9361,0.443143755197525,No
9362,0.479514479637146,No
9363,0.46960213780403137,No
9364,0.49006950855255127,No
9365,0.458100825548172,No
9366,0.5142897367477417,Yes
9367,0.5253308415412903,Yes
9368,0.4268076717853546,No
9369,0.5195935964584351,Yes
9370,0.5257958173751831,Yes
9371,0.5815770626068115,Yes
9372,0.5537559986114502,Yes
9373,0.624630868434906,Yes
9374,0.5015087723731995,Yes
9375,0.5295669436454773,Yes
9376,0.5257355570793152,Yes
9377,0.5789462924003601,Yes
9378,0.4916461408138275,No
9379,0.5490261316299438,Yes
9380,0.3903212547302246,No
9381,0.4329400658607483,No
9382,0.44688093662261963,No
9383,0.47052547335624695,No
9384,0.5022010803222656,Yes
9385,0.47958558797836304,No
9386,0.5381596684455872,Yes
9387,0.5563597083091736,Yes
9388,0.4226951599121094,No
9389,0.5266081690788269,Yes
9390,0.5873825550079346,Yes
9391,0.6139062643051147,Yes
9392,0.6141873002052307,Yes
9393,0.6571493148803711,Yes
9394,0.49966418743133545,No
9395,0.5165194869041443,Yes
9396,0.5416693091392517,Yes
9397,0.568763017654419,Yes
9398,0.5348699688911438,Yes
9399,0.594318151473999,Yes
9400,0.4465664327144623,No
9401,0.49679437279701233,No
9402,0.4849300980567932,No
9403,0.47792869806289673,No
9404,0.5171394348144531,Yes
9405,0.45181727409362793,No
9406,0.5536677837371826,Yes
9407,0.5394416451454163,Yes
9408,0.3772684335708618,No
9409,0.49341917037963867,No
9410,0.5490444898605347,Yes
9411,0.5742262005805969,Yes
9412,0.6511692404747009,Yes
9413,0.6513568162918091,Yes
9414,0.5777685642242432,Yes
9415,0.5495086908340454,Yes
9416,0.5262064933776855,Yes
9417,0.5557639002799988,Yes
9418,0.5702426433563232,Yes
9419,0.5912591814994812,Yes
9420,0.41117173433303833,No
9421,0.4421757757663727,No
9422,0.4702758193016052,No
9423,0.44767487049102783,No
9424,0.4993547201156616,No
9425,0.462254136800766,No
9426,0.5544718503952026,Yes
9427,0.5335431694984436,Yes
9428,0.44354748725891113,No
9429,0.48499518632888794,No
9430,0.6478102803230286,Yes
9431,0.6054232120513916,Yes
9432,0.5774916410446167,Yes
9433,0.6084109544754028,Yes
9434,0.6117302775382996,Yes
9435,0.5911270380020142,Yes
9436,0.5969076156616211,Yes
9437,0.5906873345375061,Yes
9438,0.5075836777687073,Yes
9439,0.5368225574493408,Yes
9440,0.36999285221099854,No
9441,0.4270068109035492,No
9442,0.49239325523376465,No
9443,0.49555572867393494,No
9444,0.5057441592216492,Yes
9445,0.4930368959903717,No
9446,0.5422285199165344,Yes
9447,0.523334801197052,Yes
9448,0.4091392457485199,No
9449,0.49544286727905273,No
9450,0.5476281046867371,Yes
9451,0.6075314283370972,Yes
9452,0.5649943947792053,Yes
9453,0.6278555393218994,Yes
9454,0.5859054327011108,Yes
9455,0.5943511724472046,Yes
9456,0.5831356644630432,Yes
9457,0.6052020192146301,Yes
9458,0.4174339473247528,No
9459,0.5568849444389343,Yes
9460,0.4493575692176819,No
9461,0.4860263168811798,No
9462,0.47714370489120483,No
9463,0.4965086579322815,No
9464,0.47969046235084534,No
9465,0.4463461935520172,No
9466,0.5613947510719299,Yes
9467,0.5586792230606079,Yes
9468,0.36304816603660583,No
9469,0.4750034213066101,No
9470,0.5960743427276611,Yes
9471,0.616129457950592,Yes
9472,0.5547016263008118,Yes
9473,0.6439918279647827,Yes
9474,0.5733820796012878,Yes
9475,0.5917819142341614,Yes
9476,0.5423920750617981,Yes
9477,0.5514712929725647,Yes
9478,0.5221431851387024,Yes
9479,0.5722695589065552,Yes
9480,0.4340384602546692,No
9481,0.482660710811615,No
9482,0.46742793917655945,No
9483,0.4903772473335266,No
9484,0.4622071087360382,No
9485,0.44573864340782166,No
9486,0.5152000784873962,Yes
9487,0.5432467460632324,Yes
9488,0.41693630814552307,No
9489,0.5009238719940186,Yes
9490,0.5631467700004578,Yes
9491,0.6119024753570557,Yes
9492,0.6183497905731201,Yes
9493,0.6374766826629639,Yes
9494,0.550456702709198,Yes
9495,0.5596557855606079,Yes
9496,0.5501147508621216,Yes
9497,0.5697309374809265,Yes
9498,0.44022220373153687,No
9499,0.4970845878124237,No
9500,0.44557514786720276,No
9501,0.4586518704891205,No
9502,0.4963018596172333,No
9503,0.4827020764350891,No
9504,0.4348836839199066,No
9505,0.4332493841648102,No
9506,0.5166069865226746,Yes
9507,0.5229106545448303,Yes
9508,0.39478766918182373,No
9509,0.4516507685184479,No
9510,0.5831875205039978,Yes
9511,0.611034631729126,Yes
9512,0.6458989977836609,Yes
9513,0.6522603034973145,Yes
9514,0.5703079700469971,Yes
9515,0.5590649247169495,Yes
9516,0.619915246963501,Yes
9517,0.5949941277503967,Yes
9518,0.48075875639915466,No
9519,0.5579484105110168,Yes
9520,0.4338439106941223,No
9521,0.47010472416877747,No
9522,0.4666630029678345,No
9523,0.48378854990005493,No
9524,0.48671236634254456,No
9525,0.46451401710510254,No
9526,0.5569096803665161,Yes
9527,0.5453522205352783,Yes
9528,0.44644275307655334,No
9529,0.47853702306747437,No
9530,0.4965085983276367,No
9531,0.5408461093902588,Yes
9532,0.6225382089614868,Yes
9533,0.6494433879852295,Yes
9534,0.583605170249939,Yes
9535,0.6119073033332825,Yes
9536,0.5808021426200867,Yes
9537,0.5777167081832886,Yes
9538,0.4687178432941437,No
9539,0.5287228226661682,Yes
9540,0.47718989849090576,No
9541,0.48362767696380615,No
9542,0.555135190486908,Yes
9543,0.5104896426200867,Yes
9544,0.47421178221702576,No
9545,0.4697488844394684,No
9546,0.5196674466133118,Yes
9547,0.501966655254364,Yes
9548,0.39940619468688965,No
9549,0.5049506425857544,Yes
9550,0.6285565495491028,Yes
9551,0.5839411616325378,Yes
9552,0.5897675156593323,Yes
9553,0.631231963634491,Yes
9554,0.6175406575202942,Yes
9555,0.6030000448226929,Yes
9556,0.5793601870536804,Yes
9557,0.5731719136238098,Yes
9558,0.4527757167816162,No
9559,0.5210089087486267,Yes
9560,0.42541593313217163,No
9561,0.4670179486274719,No
9562,0.48285970091819763,No
9563,0.47003546357154846,No
9564,0.4708910882472992,No
9565,0.4424132704734802,No
9566,0.5739244818687439,Yes
9567,0.5232729315757751,Yes
9568,0.4414985477924347,No
9569,0.5046154856681824,Yes
9570,0.5953564643859863,Yes
9571,0.6258151531219482,Yes
9572,0.6167773008346558,Yes
9573,0.6295363903045654,Yes
9574,0.5266498327255249,Yes
9575,0.48845162987709045,No
9576,0.5588623285293579,Yes
9577,0.5701054334640503,Yes
9578,0.4833981394767761,No
9579,0.5383077263832092,Yes
9580,0.4491831660270691,No
9581,0.4871174991130829,No
9582,0.495096892118454,No
9583,0.49363529682159424,No
9584,0.5552718639373779,Yes
9585,0.515903115272522,Yes
9586,0.5553998947143555,Yes
9587,0.5468148589134216,Yes
9588,0.3822793960571289,No
9589,0.49726057052612305,No
9590,0.6090800166130066,Yes
9591,0.6339146494865417,Yes
9592,0.61897212266922,Yes
9593,0.6338919401168823,Yes
9594,0.5527091026306152,Yes
9595,0.5458881258964539,Yes
9596,0.5720175504684448,Yes
9597,0.5782700777053833,Yes
9598,0.48060479760169983,No
9599,0.5297984480857849,Yes
