idx,prob,label
0,0.45466986298561096,No
1,0.18382857739925385,No
2,0.4071136713027954,No
3,0.18664860725402832,No
4,0.37239575386047363,No
5,0.16629259288311005,No
6,0.20168331265449524,No
7,0.15683569014072418,No
8,0.19105568528175354,No
9,0.17782580852508545,No
10,0.17049549520015717,No
11,0.17609210312366486,No
12,0.7412865161895752,Yes
13,0.4147340953350067,No
14,0.24675004184246063,No
15,0.2816563844680786,No
16,0.4609479606151581,No
17,0.3519498109817505,No
18,0.37370216846466064,No
19,0.16582387685775757,No
20,0.3908766508102417,No
21,0.16408024728298187,No
22,0.33074691891670227,No
23,0.14560763537883759,No
24,0.4019463360309601,No
25,0.15044419467449188,No
26,0.46146368980407715,No
27,0.2437077909708023,No
28,0.26354169845581055,No
29,0.18891242146492004,No
30,0.5688691139221191,Yes
31,0.24413390457630157,No
32,0.6581556797027588,Yes
33,0.503672182559967,Yes
34,0.4485628604888916,No
35,0.20997051894664764,No
36,0.5691267251968384,Yes
37,0.25422635674476624,No
38,0.414199560880661,No
39,0.19952939450740814,No
40,0.37574729323387146,No
41,0.14411044120788574,No
42,0.3783377707004547,No
43,0.17652180790901184,No
44,0.360168993473053,No
45,0.15983805060386658,No
46,0.4525381922721863,No
47,0.21011048555374146,No
48,0.257504940032959,No
49,0.179341658949852,No
50,0.3993223309516907,No
51,0.16507095098495483,No
52,0.5680738687515259,Yes
53,0.32470253109931946,No
54,0.32525694370269775,No
55,0.1876465380191803,No
56,0.3762732446193695,No
57,0.18912406265735626,No
58,0.49747979640960693,No
59,0.24673588573932648,No
60,0.23684093356132507,No
61,0.21333733201026917,No
62,0.20134903490543365,No
63,0.20940940082073212,No
64,0.3663387596607208,No
65,0.33184564113616943,No
66,0.3188534379005432,No
67,0.3484969735145569,No
68,0.19895541667938232,No
69,0.26675495505332947,No
70,0.30607154965400696,No
71,0.32149484753608704,No
72,0.5660624504089355,Yes
73,0.5642954707145691,Yes
74,0.20147940516471863,No
75,0.2245226502418518,No
76,0.38358375430107117,No
77,0.34614840149879456,No
78,0.23283924162387848,No
79,0.21895915269851685,No
80,0.3846759498119354,No
81,0.20057186484336853,No
82,0.4002029597759247,No
83,0.23220539093017578,No
84,0.3382701575756073,No
85,0.12670950591564178,No
86,0.5022156238555908,Yes
87,0.20405003428459167,No
88,0.24002043902873993,No
89,0.13860641419887543,No
90,0.5935336351394653,Yes
91,0.23265045881271362,No
92,0.6274403929710388,Yes
93,0.3717118799686432,No
94,0.4234137237071991,No
95,0.15833055973052979,No
96,0.7021657228469849,Yes
97,0.2728232443332672,No
98,0.56659996509552,Yes
99,0.2504541873931885,No
100,0.242433100938797,No
101,0.1535412222146988,No
102,0.2815059423446655,No
103,0.1943667083978653,No
104,0.3087542951107025,No
105,0.15134263038635254,No
106,0.48231637477874756,No
107,0.2052779644727707,No
108,0.14565229415893555,No
109,0.13943266868591309,No
110,0.3181397020816803,No
111,0.13540419936180115,No
112,0.6884472966194153,Yes
113,0.3971765637397766,No
114,0.22886590659618378,No
115,0.1537036895751953,No
116,0.4142506718635559,No
117,0.24555914103984833,No
118,0.2793625295162201,No
119,0.1454215794801712,No
120,0.4734938144683838,No
121,0.2368648797273636,No
122,0.24189350008964539,No
123,0.19681957364082336,No
124,0.2328467071056366,No
125,0.19789370894432068,No
126,0.23025564849376678,No
127,0.31693142652511597,No
128,0.22026418149471283,No
129,0.2836739122867584,No
130,0.5721617937088013,Yes
131,0.1753324717283249,No
132,0.5694478750228882,Yes
133,0.2702099680900574,No
134,0.3270856440067291,No
135,0.2736915349960327,No
136,0.33000829815864563,No
137,0.18265406787395477,No
138,0.2728073000907898,No
139,0.17248083651065826,No
140,0.3914124071598053,No
141,0.19229507446289062,No
142,0.3216414153575897,No
143,0.16520251333713531,No
144,0.3155005872249603,No
145,0.1524052619934082,No
146,0.42642197012901306,No
147,0.23961874842643738,No
148,0.28866636753082275,No
149,0.18951325118541718,No
150,0.5006844997406006,Yes
151,0.20888972282409668,No
152,0.6522812843322754,Yes
153,0.4558538496494293,No
154,0.36881884932518005,No
155,0.1905038058757782,No
156,0.5571418404579163,Yes
157,0.24418282508850098,No
158,0.5939887762069702,Yes
159,0.28427353501319885,No
160,0.5538739562034607,Yes
161,0.16177698969841003,No
162,0.6242533922195435,Yes
163,0.24274170398712158,No
164,0.5784749388694763,Yes
165,0.23020228743553162,No
166,0.758887767791748,Yes
167,0.3685277998447418,No
168,0.2893669307231903,No
169,0.18933968245983124,No
170,0.5695698261260986,Yes
171,0.21515916287899017,No
172,0.7218375205993652,Yes
173,0.4407903850078583,No
174,0.4923449456691742,No
175,0.2879367470741272,No
176,0.7645105123519897,Yes
177,0.40485256910324097,No
178,0.5275456309318542,Yes
179,0.2804885506629944,No
180,0.5659759044647217,Yes
181,0.1713871955871582,No
182,0.5834197402000427,Yes
183,0.2309863269329071,No
184,0.6265676021575928,Yes
185,0.26694753766059875,No
186,0.6629390716552734,Yes
187,0.28086620569229126,No
188,0.2830318212509155,No
189,0.1842832714319229,No
190,0.4387446939945221,No
191,0.17917706072330475,No
192,0.5609403848648071,Yes
193,0.319644033908844,No
194,0.5939841270446777,Yes
195,0.3787434697151184,No
196,0.6639020442962646,Yes
197,0.2975580394268036,No
198,0.6216291189193726,Yes
199,0.32147109508514404,No
200,0.23144413530826569,No
201,0.14292441308498383,No
202,0.2723255157470703,No
203,0.14621251821517944,No
204,0.30555951595306396,No
205,0.1911153346300125,No
206,0.3906567394733429,No
207,0.19490548968315125,No
208,0.12998288869857788,No
209,0.12953490018844604,No
210,0.26789653301239014,No
211,0.17243316769599915,No
212,0.6493975520133972,Yes
213,0.2991226017475128,No
214,0.3607132136821747,No
215,0.22097593545913696,No
216,0.6356451511383057,Yes
217,0.34135425090789795,No
218,0.47388824820518494,No
219,0.21141543984413147,No
220,0.41784587502479553,No
221,0.17256157100200653,No
222,0.2652828097343445,No
223,0.18558207154273987,No
224,0.337720662355423,No
225,0.17367030680179596,No
226,0.23649097979068756,No
227,0.15214386582374573,No
228,0.18890954554080963,No
229,0.18773017823696136,No
230,0.39313697814941406,No
231,0.15505070984363556,No
232,0.5414423942565918,Yes
233,0.4738837778568268,No
234,0.20675858855247498,No
235,0.1820366084575653,No
236,0.3659895062446594,No
237,0.17017391324043274,No
238,0.46984878182411194,No
239,0.24080820381641388,No
240,0.35910409688949585,No
241,0.1846337914466858,No
242,0.28884682059288025,No
243,0.12009408324956894,No
244,0.3987012207508087,No
245,0.2007569968700409,No
246,0.3818259835243225,No
247,0.20948344469070435,No
248,0.306755393743515,No
249,0.2444748431444168,No
250,0.4094504415988922,No
251,0.21946604549884796,No
252,0.7278162837028503,Yes
253,0.546211838722229,Yes
254,0.3197636902332306,No
255,0.1882573366165161,No
256,0.4344249367713928,No
257,0.24969074130058289,No
258,0.43659961223602295,No
259,0.2431279420852661,No
260,0.4138133227825165,No
261,0.14483174681663513,No
262,0.4416891634464264,No
263,0.18344420194625854,No
264,0.47521698474884033,No
265,0.18755599856376648,No
266,0.5409833788871765,Yes
267,0.2491694688796997,No
268,0.2629490792751312,No
269,0.19248206913471222,No
270,0.34185805916786194,No
271,0.14865286648273468,No
272,0.6329368352890015,Yes
273,0.34335094690322876,No
274,0.41335809230804443,No
275,0.2595108449459076,No
276,0.5934220552444458,Yes
277,0.25941047072410583,No
278,0.38286837935447693,No
279,0.18036498129367828,No
280,0.29129576683044434,No
281,0.11544063687324524,No
282,0.214655801653862,No
283,0.11003803461790085,No
284,0.3342701494693756,No
285,0.1629139631986618,No
286,0.422809898853302,No
287,0.18634045124053955,No
288,0.21090416610240936,No
289,0.17453254759311676,No
290,0.34730491042137146,No
291,0.15981365740299225,No
292,0.2892194986343384,No
293,0.17555087804794312,No
294,0.3158557713031769,No
295,0.18378841876983643,No
296,0.3191983699798584,No
297,0.15415702760219574,No
298,0.32482975721359253,No
299,0.18118156492710114,No
300,0.3797455430030823,No
301,0.22086845338344574,No
302,0.19769413769245148,No
303,0.20943689346313477,No
304,0.2687341272830963,No
305,0.1496516466140747,No
306,0.27792954444885254,No
307,0.22021305561065674,No
308,0.3547552824020386,No
309,0.26342788338661194,No
310,0.194263756275177,No
311,0.23879875242710114,No
312,0.36728334426879883,No
313,0.43372324109077454,No
314,0.3242596387863159,No
315,0.21053436398506165,No
316,0.4245598614215851,No
317,0.22233811020851135,No
318,0.4555538594722748,No
319,0.23413939774036407,No
320,0.35693055391311646,No
321,0.13808365166187286,No
322,0.2403094470500946,No
323,0.11091164499521255,No
324,0.35522598028182983,No
325,0.1625920981168747,No
326,0.4699471592903137,No
327,0.1986803561449051,No
328,0.23275519907474518,No
329,0.17305782437324524,No
330,0.3423292636871338,No
331,0.14015282690525055,No
332,0.45469412207603455,No
333,0.26615697145462036,No
334,0.39467915892601013,No
335,0.2274223119020462,No
336,0.34511470794677734,No
337,0.15428899228572845,No
338,0.45867884159088135,No
339,0.20979930460453033,No
340,0.25007691979408264,No
341,0.23866493999958038,No
342,0.3571031987667084,No
343,0.12916970252990723,No
344,0.28840214014053345,No
345,0.11559076607227325,No
346,0.5105317831039429,Yes
347,0.21218514442443848,No
348,0.227319598197937,No
349,0.26886487007141113,No
350,0.4141142964363098,No
351,0.17324428260326385,No
352,0.726190447807312,Yes
353,0.42600321769714355,No
354,0.37307631969451904,No
355,0.15018512308597565,No
356,0.641549289226532,Yes
357,0.33306601643562317,No
358,0.5826218724250793,Yes
359,0.277073472738266,No
360,0.2180292308330536,No
361,0.16618125140666962,No
362,0.20641230046749115,No
363,0.18418991565704346,No
364,0.22893781960010529,No
365,0.2035893201828003,No
366,0.2456253618001938,No
367,0.22499649226665497,No
368,0.1914641112089157,No
369,0.22248516976833344,No
370,0.25599607825279236,No
371,0.20386053621768951,No
372,0.2025219351053238,No
373,0.21072262525558472,No
374,0.21590840816497803,No
375,0.25284436345100403,No
376,0.23626594245433807,No
377,0.18737973272800446,No
378,0.31830769777297974,No
379,0.22564074397087097,No
380,0.2973268926143646,No
381,0.17828741669654846,No
382,0.3108546733856201,No
383,0.19426430761814117,No
384,0.3571169376373291,No
385,0.2558843791484833,No
386,0.35280841588974,No
387,0.23533761501312256,No
388,0.23259611427783966,No
389,0.23989559710025787,No
390,0.37607112526893616,No
391,0.23021122813224792,No
392,0.37816017866134644,No
393,0.3013592064380646,No
394,0.3540132939815521,No
395,0.31031718850135803,No
396,0.3265402317047119,No
397,0.1997634470462799,No
398,0.3639906048774719,No
399,0.2226308286190033,No
400,0.25755295157432556,No
401,0.1489591896533966,No
402,0.3269565999507904,No
403,0.1606946885585785,No
404,0.27703940868377686,No
405,0.1343095898628235,No
406,0.19400803744792938,No
407,0.15666455030441284,No
408,0.11247991025447845,No
409,0.1508374959230423,No
410,0.15544764697551727,No
411,0.1467716097831726,No
412,0.46810925006866455,No
413,0.2599356472492218,No
414,0.16091319918632507,No
415,0.13849012553691864,No
416,0.2523457705974579,No
417,0.20103445649147034,No
418,0.25888922810554504,No
419,0.12025567889213562,No
420,0.3423989415168762,No
421,0.16014383733272552,No
422,0.272687703371048,No
423,0.15663567185401917,No
424,0.20174938440322876,No
425,0.1180092990398407,No
426,0.2521628737449646,No
427,0.15544146299362183,No
428,0.1577938199043274,No
429,0.14525659382343292,No
430,0.3030647039413452,No
431,0.15144333243370056,No
432,0.33861058950424194,No
433,0.2912767231464386,No
434,0.18850001692771912,No
435,0.11248382925987244,No
436,0.2907956540584564,No
437,0.1729133576154709,No
438,0.2926773428916931,No
439,0.17354394495487213,No
440,0.3441559672355652,No
441,0.1369948834180832,No
442,0.2710878551006317,No
443,0.13448220491409302,No
444,0.24167795479297638,No
445,0.11475973576307297,No
446,0.27756258845329285,No
447,0.14690712094306946,No
448,0.17156919836997986,No
449,0.1468760371208191,No
450,0.22370491921901703,No
451,0.12648844718933105,No
452,0.34165826439857483,No
453,0.22619757056236267,No
454,0.172310009598732,No
455,0.10695743560791016,No
456,0.2177032083272934,No
457,0.1385824829339981,No
458,0.2818688452243805,No
459,0.19082319736480713,No
460,0.2171122282743454,No
461,0.17748281359672546,No
462,0.13923946022987366,No
463,0.13249334692955017,No
464,0.27720263600349426,No
465,0.23252460360527039,No
466,0.21858161687850952,No
467,0.2091503143310547,No
468,0.12010408192873001,No
469,0.14992459118366241,No
470,0.16502617299556732,No
471,0.1600627601146698,No
472,0.3496197462081909,No
473,0.34337058663368225,No
474,0.13172553479671478,No
475,0.1183747947216034,No
476,0.349637895822525,No
477,0.29498720169067383,No
478,0.19501636922359467,No
479,0.18092387914657593,No
480,0.21177078783512115,No
481,0.13952015340328217,No
482,0.24431036412715912,No
483,0.14876604080200195,No
484,0.19862815737724304,No
485,0.11256661266088486,No
486,0.30118417739868164,No
487,0.15573276579380035,No
488,0.1693592518568039,No
489,0.14622363448143005,No
490,0.32775020599365234,No
491,0.1446739137172699,No
492,0.40143054723739624,No
493,0.25647586584091187,No
494,0.20325502753257751,No
495,0.10729896277189255,No
496,0.4242575466632843,No
497,0.2157859355211258,No
498,0.28112006187438965,No
499,0.1582624465227127,No
500,0.24322959780693054,No
501,0.140692800283432,No
502,0.2023688554763794,No
503,0.1274086833000183,No
504,0.2561390697956085,No
505,0.11111784726381302,No
506,0.3448939621448517,No
507,0.1524149477481842,No
508,0.11411313712596893,No
509,0.11564335972070694,No
510,0.21624188125133514,No
511,0.112009197473526,No
512,0.45171865820884705,No
513,0.2673749327659607,No
514,0.14871862530708313,No
515,0.09558486193418503,No
516,0.3216498792171478,No
517,0.17835590243339539,No
518,0.2120673954486847,No
519,0.11705869436264038,No
520,0.2471916377544403,No
521,0.17402353882789612,No
522,0.22792260348796844,No
523,0.17085810005664825,No
524,0.21369892358779907,No
525,0.12451528012752533,No
526,0.2124016135931015,No
527,0.19038401544094086,No
528,0.14956888556480408,No
529,0.2217881828546524,No
530,0.2848456799983978,No
531,0.12408478558063507,No
532,0.4319356679916382,No
533,0.19865931570529938,No
534,0.1630689799785614,No
535,0.14974519610404968,No
536,0.1976831704378128,No
537,0.13804763555526733,No
538,0.16269582509994507,No
539,0.1471116542816162,No
540,0.2449105679988861,No
541,0.14551210403442383,No
542,0.2740815579891205,No
543,0.1592591255903244,No
544,0.2061910182237625,No
545,0.1259910613298416,No
546,0.2447931468486786,No
547,0.15753905475139618,No
548,0.16951198875904083,No
549,0.14705809950828552,No
550,0.2896532416343689,No
551,0.13677935302257538,No
552,0.3216523230075836,No
553,0.23977938294410706,No
554,0.1612611562013626,No
555,0.09817960113286972,No
556,0.28347307443618774,No
557,0.16698995232582092,No
558,0.3115159869194031,No
559,0.18367385864257812,No
560,0.3305826187133789,No
561,0.14614489674568176,No
562,0.3780338168144226,No
563,0.163779616355896,No
564,0.38557398319244385,No
565,0.19996747374534607,No
566,0.3922208845615387,No
567,0.20863382518291473,No
568,0.17015548050403595,No
569,0.15387555956840515,No
570,0.2786802053451538,No
571,0.14967933297157288,No
572,0.47564202547073364,No
573,0.3346853256225586,No
574,0.2361678183078766,No
575,0.15062390267848969,No
576,0.43296557664871216,No
577,0.2302798330783844,No
578,0.4017013609409332,No
579,0.24148401618003845,No
580,0.3349806070327759,No
581,0.13860927522182465,No
582,0.38775864243507385,No
583,0.17029091715812683,No
584,0.4650457203388214,No
585,0.1837247610092163,No
586,0.39827725291252136,No
587,0.22715139389038086,No
588,0.1663210391998291,No
589,0.1481693536043167,No
590,0.24055886268615723,No
591,0.13401609659194946,No
592,0.4284410774707794,No
593,0.2864280343055725,No
594,0.28720593452453613,No
595,0.19523456692695618,No
596,0.402716726064682,No
597,0.21618235111236572,No
598,0.42570382356643677,No
599,0.24102720618247986,No
600,0.23586209118366241,No
601,0.11849825084209442,No
602,0.24742096662521362,No
603,0.1309642791748047,No
604,0.18887802958488464,No
605,0.15132658183574677,No
606,0.24904854595661163,No
607,0.16438136994838715,No
608,0.1423041969537735,No
609,0.13602019846439362,No
610,0.22720983624458313,No
611,0.1390184611082077,No
612,0.4178120493888855,No
613,0.2226383537054062,No
614,0.179703488945961,No
615,0.12639808654785156,No
616,0.34657660126686096,No
617,0.22496342658996582,No
618,0.26453226804733276,No
619,0.153450608253479,No
620,0.25326666235923767,No
621,0.12496985495090485,No
622,0.2025020271539688,No
623,0.12933798134326935,No
624,0.2509489953517914,No
625,0.15248364210128784,No
626,0.22110040485858917,No
627,0.14405477046966553,No
628,0.1272033303976059,No
629,0.1180962398648262,No
630,0.20026017725467682,No
631,0.1083533763885498,No
632,0.39212071895599365,No
633,0.32764992117881775,No
634,0.1467026323080063,No
635,0.10599958151578903,No
636,0.23944494128227234,No
637,0.1511002480983734,No
638,0.24200968444347382,No
639,0.1720602810382843,No
640,0.3198385238647461,No
641,0.1764974594116211,No
642,0.25035572052001953,No
643,0.1361900120973587,No
644,0.22193259000778198,No
645,0.13658902049064636,No
646,0.2559514343738556,No
647,0.1630525141954422,No
648,0.1996901035308838,No
649,0.16886867582798004,No
650,0.21821840107440948,No
651,0.1401273012161255,No
652,0.428079754114151,No
653,0.3221454322338104,No
654,0.1566956788301468,No
655,0.09957870095968246,No
656,0.2700103521347046,No
657,0.14903360605239868,No
658,0.26116853952407837,No
659,0.18622931838035583,No
660,0.3665551543235779,No
661,0.13612236082553864,No
662,0.2367062270641327,No
663,0.10075487941503525,No
664,0.3561317026615143,No
665,0.15112020075321198,No
666,0.29612863063812256,No
667,0.15101757645606995,No
668,0.1862010657787323,No
669,0.1561763733625412,No
670,0.2104674130678177,No
671,0.1055133268237114,No
672,0.37426063418388367,No
673,0.23707924783229828,No
674,0.18924815952777863,No
675,0.1278873085975647,No
676,0.41725021600723267,No
677,0.2089969515800476,No
678,0.31412172317504883,No
679,0.16181789338588715,No
680,0.2564608156681061,No
681,0.10883285850286484,No
682,0.2216210961341858,No
683,0.13000360131263733,No
684,0.24028760194778442,No
685,0.10525424778461456,No
686,0.30926015973091125,No
687,0.15762916207313538,No
688,0.13097217679023743,No
689,0.13118058443069458,No
690,0.21478958427906036,No
691,0.12218676507472992,No
692,0.2249237447977066,No
693,0.1600697636604309,No
694,0.17515286803245544,No
695,0.11473558098077774,No
696,0.1986166089773178,No
697,0.12015718221664429,No
698,0.23708891868591309,No
699,0.1646835058927536,No
700,0.2839759886264801,No
701,0.1697656512260437,No
702,0.12053965032100677,No
703,0.11796241253614426,No
704,0.2329636961221695,No
705,0.1310032159090042,No
706,0.1791142076253891,No
707,0.1542518585920334,No
708,0.22209548950195312,No
709,0.18990951776504517,No
710,0.12575824558734894,No
711,0.1535390019416809,No
712,0.24616599082946777,No
713,0.26713573932647705,No
714,0.1614048033952713,No
715,0.11018618941307068,No
716,0.24186323583126068,No
717,0.1529920995235443,No
718,0.36047837138175964,No
719,0.18318133056163788,No
720,0.21458441019058228,No
721,0.10523466765880585,No
722,0.2336762547492981,No
723,0.12377370893955231,No
724,0.2666032314300537,No
725,0.1318964660167694,No
726,0.27960407733917236,No
727,0.13404271006584167,No
728,0.14278914034366608,No
729,0.11612577736377716,No
730,0.2011784166097641,No
731,0.10852078348398209,No
732,0.23908700048923492,No
733,0.16640475392341614,No
734,0.19765029847621918,No
735,0.1209091916680336,No
736,0.2707018554210663,No
737,0.13950668275356293,No
738,0.32069045305252075,No
739,0.1716465801000595,No
740,0.20893704891204834,No
741,0.1815136969089508,No
742,0.2618645429611206,No
743,0.12864691019058228,No
744,0.1778060644865036,No
745,0.09909632056951523,No
746,0.3055376410484314,No
747,0.13761696219444275,No
748,0.12496311217546463,No
749,0.1395386904478073,No
750,0.2604440748691559,No
751,0.14392107725143433,No
752,0.4011673033237457,No
753,0.26110583543777466,No
754,0.20698416233062744,No
755,0.10756592452526093,No
756,0.30856287479400635,No
757,0.18484297394752502,No
758,0.35665756464004517,No
759,0.21038401126861572,No
760,0.17199620604515076,No
761,0.13620904088020325,No
762,0.18116052448749542,No
763,0.14696873724460602,No
764,0.20429542660713196,No
765,0.1691378355026245,No
766,0.207068532705307,No
767,0.16562186181545258,No
768,0.111467145383358,No
769,0.12187439948320389,No
770,0.17393244802951813,No
771,0.13809336721897125,No
772,0.21630340814590454,No
773,0.20942918956279755,No
774,0.14012615382671356,No
775,0.14142568409442902,No
776,0.17425383627414703,No
777,0.13122805953025818,No
778,0.25420689582824707,No
779,0.1895773857831955,No
780,0.21670648455619812,No
781,0.1408681571483612,No
782,0.17863836884498596,No
783,0.10406451672315598,No
784,0.2618354856967926,No
785,0.15418541431427002,No
786,0.26404353976249695,No
787,0.18319958448410034,No
788,0.1728193759918213,No
789,0.16836956143379211,No
790,0.21976624429225922,No
791,0.1465260088443756,No
792,0.3301612138748169,No
793,0.267795205116272,No
794,0.20062242448329926,No
795,0.15516959130764008,No
796,0.21300767362117767,No
797,0.13838671147823334,No
798,0.2563242018222809,No
799,0.17882849276065826,No
800,0.3074336349964142,No
801,0.17285408079624176,No
802,0.42687904834747314,No
803,0.15431784093379974,No
804,0.27976998686790466,No
805,0.1060335710644722,No
806,0.14508530497550964,No
807,0.12847676873207092,No
808,0.1563963145017624,No
809,0.15367892384529114,No
810,0.12244374305009842,No
811,0.17289182543754578,No
812,0.7452161908149719,Yes
813,0.417204350233078,No
814,0.15017300844192505,No
815,0.1471685767173767,No
816,0.30959340929985046,No
817,0.23958346247673035,No
818,0.23895429074764252,No
819,0.08687376230955124,No
820,0.2584058344364166,No
821,0.12206415832042694,No
822,0.3323858082294464,No
823,0.10714659839868546,No
824,0.33068719506263733,No
825,0.1266912966966629,No
826,0.45491769909858704,No
827,0.1796351969242096,No
828,0.2318052500486374,No
829,0.16535349190235138,No
830,0.40378984808921814,No
831,0.18767142295837402,No
832,0.7046283483505249,Yes
833,0.5113775134086609,Yes
834,0.3515784442424774,No
835,0.09378054738044739,No
836,0.46551957726478577,No
837,0.16727302968502045,No
838,0.2840302288532257,No
839,0.11307857930660248,No
840,0.27520763874053955,No
841,0.11807983368635178,No
842,0.38455647230148315,No
843,0.14197777211666107,No
844,0.302522748708725,No
845,0.10712935775518417,No
846,0.35912024974823,No
847,0.1331731081008911,No
848,0.1868104487657547,No
849,0.16011643409729004,No
850,0.32689040899276733,No
851,0.13108620047569275,No
852,0.5570525527000427,Yes
853,0.31804391741752625,No
854,0.2785190939903259,No
855,0.09342070668935776,No
856,0.3229359984397888,No
857,0.10722523927688599,No
858,0.350124716758728,No
859,0.17189814150333405,No
860,0.1844824254512787,No
861,0.1777704954147339,No
862,0.17902550101280212,No
863,0.16327856481075287,No
864,0.3411078155040741,No
865,0.3046620190143585,No
866,0.2948404550552368,No
867,0.3021254539489746,No
868,0.1642696112394333,No
869,0.18482880294322968,No
870,0.22445888817310333,No
871,0.2438613325357437,No
872,0.5012603402137756,Yes
873,0.5559586882591248,Yes
874,0.14255741238594055,No
875,0.14039860665798187,No
876,0.2557777464389801,No
877,0.224507138133049,No
878,0.15821465849876404,No
879,0.10343962907791138,No
880,0.323677122592926,No
881,0.19554565846920013,No
882,0.4010898470878601,No
883,0.16425973176956177,No
884,0.2659285068511963,No
885,0.0979548990726471,No
886,0.42647549510002136,No
887,0.1474326103925705,No
888,0.21408942341804504,No
889,0.11204810440540314,No
890,0.4245165288448334,No
891,0.17382733523845673,No
892,0.6389801502227783,Yes
893,0.36866268515586853,No
894,0.3366680443286896,No
895,0.0718393549323082,No
896,0.539277970790863,Yes
897,0.1890449821949005,No
898,0.37365439534187317,No
899,0.18081070482730865,No
900,0.1742037832736969,No
901,0.11447540670633316,No
902,0.30549466609954834,No
903,0.16814692318439484,No
904,0.2665576934814453,No
905,0.09057477861642838,No
906,0.4940251410007477,No
907,0.17950311303138733,No
908,0.13625429570674896,No
909,0.12298861145973206,No
910,0.21929976344108582,No
911,0.12902356684207916,No
912,0.7061529159545898,Yes
913,0.43158820271492004,No
914,0.17489148676395416,No
915,0.07975942641496658,No
916,0.3386564254760742,No
917,0.15432947874069214,No
918,0.1811191588640213,No
919,0.08843806385993958,No
920,0.3478175103664398,No
921,0.2283446341753006,No
922,0.2159307301044464,No
923,0.1664266437292099,No
924,0.19656550884246826,No
925,0.1617877036333084,No
926,0.2027372568845749,No
927,0.2336447536945343,No
928,0.1701042503118515,No
929,0.24126595258712769,No
930,0.4246421158313751,No
931,0.12397739291191101,No
932,0.5778661966323853,Yes
933,0.24748559296131134,No
934,0.2258765548467636,No
935,0.12740981578826904,No
936,0.2220316082239151,No
937,0.1245570257306099,No
938,0.1663898527622223,No
939,0.11809633672237396,No
940,0.2387242317199707,No
941,0.14213454723358154,No
942,0.33048638701438904,No
943,0.1255141645669937,No
944,0.22497420012950897,No
945,0.11670365184545517,No
946,0.3978702425956726,No
947,0.18354903161525726,No
948,0.28074169158935547,No
949,0.1658111959695816,No
950,0.3502618372440338,No
951,0.16329598426818848,No
952,0.7085733413696289,Yes
953,0.48424196243286133,No
954,0.3125869929790497,No
955,0.09290044009685516,No
956,0.4557912051677704,No
957,0.16595135629177094,No
958,0.3802125155925751,No
959,0.1355307549238205,No
960,0.48982253670692444,No
961,0.13691960275173187,No
962,0.711508572101593,Yes
963,0.21674492955207825,No
964,0.6402068734169006,Yes
965,0.14713968336582184,No
966,0.7844129204750061,Yes
967,0.28173768520355225,No
968,0.26395922899246216,No
969,0.17056523263454437,No
970,0.5125953555107117,Yes
971,0.1684034764766693,No
972,0.7121576070785522,Yes
973,0.4561772346496582,No
974,0.5431970953941345,Yes
975,0.1748383492231369,No
976,0.7454447746276855,Yes
977,0.23252078890800476,No
978,0.4086495637893677,No
979,0.1899169534444809,No
980,0.5051911473274231,Yes
981,0.15936774015426636,No
982,0.6599094271659851,Yes
983,0.20299090445041656,No
984,0.6376948952674866,Yes
985,0.13476602733135223,No
986,0.6802370548248291,Yes
987,0.1758296638727188,No
988,0.24126288294792175,No
989,0.15372753143310547,No
990,0.32550084590911865,No
991,0.12901727855205536,No
992,0.5141245722770691,Yes
993,0.28502753376960754,No
994,0.5776019096374512,Yes
995,0.19420652091503143,No
996,0.6673501133918762,Yes
997,0.1799793690443039,No
998,0.401702344417572,No
999,0.1853928416967392,No
1000,0.15493911504745483,No
1001,0.10072324424982071,No
1002,0.2633117437362671,No
1003,0.12232052534818649,No
1004,0.22933857142925262,No
1005,0.10533148050308228,No
1006,0.2783803343772888,No
1007,0.13357411324977875,No
1008,0.1181984543800354,No
1009,0.10486950725317001,No
1010,0.21131160855293274,No
1011,0.12422531098127365,No
1012,0.65972900390625,Yes
1013,0.3165743947029114,No
1014,0.3071955144405365,No
1015,0.1130964457988739,No
1016,0.5339921116828918,Yes
1017,0.20838700234889984,No
1018,0.31053626537323,No
1019,0.1241128072142601,No
1020,0.3264402151107788,No
1021,0.16654400527477264,No
1022,0.270072340965271,No
1023,0.1468128263950348,No
1024,0.2401910424232483,No
1025,0.13159170746803284,No
1026,0.2138977348804474,No
1027,0.117966428399086,No
1028,0.15137946605682373,No
1029,0.14659994840621948,No
1030,0.28360074758529663,No
1031,0.1063399538397789,No
1032,0.5139468312263489,Yes
1033,0.46709567308425903,No
1034,0.157974511384964,No
1035,0.0898599699139595,No
1036,0.2595910131931305,No
1037,0.10639827698469162,No
1038,0.3414188027381897,No
1039,0.1510465294122696,No
1040,0.3490338921546936,No
1041,0.182172954082489,No
1042,0.3167569637298584,No
1043,0.09718867391347885,No
1044,0.3605223000049591,No
1045,0.12594404816627502,No
1046,0.36414435505867004,No
1047,0.1715851128101349,No
1048,0.3005548119544983,No
1049,0.21740049123764038,No
1050,0.3154948353767395,No
1051,0.1719023734331131,No
1052,0.7322636842727661,Yes
1053,0.5567421317100525,Yes
1054,0.2694774270057678,No
1055,0.08955876529216766,No
1056,0.3840823769569397,No
1057,0.1611921191215515,No
1058,0.301847368478775,No
1059,0.16441330313682556,No
1060,0.33669766783714294,No
1061,0.11826875060796738,No
1062,0.5025167465209961,Yes
1063,0.16528722643852234,No
1064,0.4506259262561798,No
1065,0.14997391402721405,No
1066,0.6765111684799194,Yes
1067,0.2396737039089203,No
1068,0.2313702404499054,No
1069,0.16954725980758667,No
1070,0.2561718225479126,No
1071,0.11077892035245895,No
1072,0.6667892336845398,Yes
1073,0.40979620814323425,No
1074,0.3704916834831238,No
1075,0.12908661365509033,No
1076,0.5718831419944763,Yes
1077,0.17482155561447144,No
1078,0.2760927677154541,No
1079,0.10752555727958679,No
1080,0.205928772687912,No
1081,0.08320191502571106,No
1082,0.21110330522060394,No
1083,0.08111236244440079,No
1084,0.2813822329044342,No
1085,0.09975384920835495,No
1086,0.3636316657066345,No
1087,0.127668097615242,No
1088,0.18312935531139374,No
1089,0.1551285684108734,No
1090,0.271819144487381,No
1091,0.12465669214725494,No
1092,0.28225675225257874,No
1093,0.16799938678741455,No
1094,0.28473368287086487,No
1095,0.09507881104946136,No
1096,0.26207056641578674,No
1097,0.09628790616989136,No
1098,0.2747916877269745,No
1099,0.13168016076087952,No
1100,0.22766435146331787,No
1101,0.1773054599761963,No
1102,0.17302721738815308,No
1103,0.15797966718673706,No
1104,0.2175995111465454,No
1105,0.12193799018859863,No
1106,0.2450050264596939,No
1107,0.17081353068351746,No
1108,0.3129745423793793,No
1109,0.21526934206485748,No
1110,0.1339350938796997,No
1111,0.1898404061794281,No
1112,0.3431253135204315,No
1113,0.4820023775100708,No
1114,0.26802974939346313,No
1115,0.11186742782592773,No
1116,0.2969885766506195,No
1117,0.132186621427536,No
1118,0.3542618751525879,No
1119,0.13609765470027924,No
1120,0.3217024505138397,No
1121,0.1292261928319931,No
1122,0.25466322898864746,No
1123,0.08534135669469833,No
1124,0.3211536109447479,No
1125,0.0882115364074707,No
1126,0.4656025767326355,No
1127,0.13999803364276886,No
1128,0.18941795825958252,No
1129,0.14478853344917297,No
1130,0.3047839105129242,No
1131,0.11103522777557373,No
1132,0.470599502325058,No
1133,0.2835371792316437,No
1134,0.34821033477783203,No
1135,0.11012783646583557,No
1136,0.31576281785964966,No
1137,0.1058853343129158,No
1138,0.34552428126335144,No
1139,0.14646829664707184,No
1140,0.1947469711303711,No
1141,0.1798073947429657,No
1142,0.36473578214645386,No
1143,0.10033772140741348,No
1144,0.22950607538223267,No
1145,0.09267773479223251,No
1146,0.44144338369369507,No
1147,0.16847118735313416,No
1148,0.2012300193309784,No
1149,0.22245898842811584,No
1150,0.29091814160346985,No
1151,0.13466043770313263,No
1152,0.809756875038147,Yes
1153,0.4593071937561035,No
1154,0.3529476821422577,No
1155,0.07163466513156891,No
1156,0.5837382078170776,Yes
1157,0.21789972484111786,No
1158,0.45113974809646606,No
1159,0.1742723435163498,No
1160,0.1783759444952011,No
1161,0.1610540747642517,No
1162,0.20136584341526031,No
1163,0.14992715418338776,No
1164,0.22428512573242188,No
1165,0.16449299454689026,No
1166,0.20515090227127075,No
1167,0.17256295680999756,No
1168,0.1524939090013504,No
1169,0.18821857869625092,No
1170,0.16548649966716766,No
1171,0.13626545667648315,No
1172,0.1846902221441269,No
1173,0.20815621316432953,No
1174,0.15743699669837952,No
1175,0.1263677477836609,No
1176,0.1405915468931198,No
1177,0.10020540654659271,No
1178,0.2058390974998474,No
1179,0.151157408952713,No
1180,0.276848167181015,No
1181,0.17204491794109344,No
1182,0.3056600093841553,No
1183,0.1630624681711197,No
1184,0.3217911124229431,No
1185,0.1370217502117157,No
1186,0.2643630802631378,No
1187,0.13639827072620392,No
1188,0.21119529008865356,No
1189,0.22011302411556244,No
1190,0.2832745611667633,No
1191,0.15976384282112122,No
1192,0.3037128448486328,No
1193,0.27323243021965027,No
1194,0.2817422151565552,No
1195,0.1536901444196701,No
1196,0.23105701804161072,No
1197,0.10786329209804535,No
1198,0.25643646717071533,No
1199,0.15512017905712128,No
1200,0.18200157582759857,No
1201,0.1611405909061432,No
1202,0.2733798027038574,No
1203,0.1165836825966835,No
1204,0.27767592668533325,No
1205,0.11652710288763046,No
1206,0.1293632984161377,No
1207,0.12721329927444458,No
1208,0.09923617541790009,No
1209,0.12809522449970245,No
1210,0.11775477975606918,No
1211,0.14301814138889313,No
1212,0.48824772238731384,No
1213,0.26167136430740356,No
1214,0.09840559959411621,No
1215,0.07878366112709045,No
1216,0.1807713657617569,No
1217,0.15325477719306946,No
1218,0.19737449288368225,No
1219,0.06445036828517914,No
1220,0.3030475974082947,No
1221,0.1625310629606247,No
1222,0.2724532186985016,No
1223,0.11894995719194412,No
1224,0.19705475866794586,No
1225,0.11779176443815231,No
1226,0.2437666952610016,No
1227,0.1376558393239975,No
1228,0.14532238245010376,No
1229,0.11900054663419724,No
1230,0.21123972535133362,No
1231,0.1265205591917038,No
1232,0.37025195360183716,No
1233,0.2834394872188568,No
1234,0.15014581382274628,No
1235,0.057427696883678436,No
1236,0.18162044882774353,No
1237,0.1192178875207901,No
1238,0.23283955454826355,No
1239,0.11769961565732956,No
1240,0.2774866819381714,No
1241,0.11516960710287094,No
1242,0.2569179832935333,No
1243,0.10064420849084854,No
1244,0.21622523665428162,No
1245,0.0849471390247345,No
1246,0.25270402431488037,No
1247,0.10886216908693314,No
1248,0.14358073472976685,No
1249,0.10811865329742432,No
1250,0.17427890002727509,No
1251,0.09898607432842255,No
1252,0.30835509300231934,No
1253,0.19998778402805328,No
1254,0.12730254232883453,No
1255,0.06309811770915985,No
1256,0.175508052110672,No
1257,0.09146177768707275,No
1258,0.21273256838321686,No
1259,0.1287108212709427,No
1260,0.19299441576004028,No
1261,0.16004857420921326,No
1262,0.12266110628843307,No
1263,0.10103613138198853,No
1264,0.24074776470661163,No
1265,0.22214064002037048,No
1266,0.1896989792585373,No
1267,0.19211255013942719,No
1268,0.11380057781934738,No
1269,0.10296685248613358,No
1270,0.1302836388349533,No
1271,0.12502062320709229,No
1272,0.3238076865673065,No
1273,0.35067054629325867,No
1274,0.0951930359005928,No
1275,0.0846957117319107,No
1276,0.25707826018333435,No
1277,0.2075059711933136,No
1278,0.1535179615020752,No
1279,0.09935777634382248,No
1280,0.19404391944408417,No
1281,0.14616979658603668,No
1282,0.24855247139930725,No
1283,0.10932835191488266,No
1284,0.1821901947259903,No
1285,0.10497157275676727,No
1286,0.21138037741184235,No
1287,0.11347973346710205,No
1288,0.1587393432855606,No
1289,0.0986790582537651,No
1290,0.2156183272600174,No
1291,0.1146688461303711,No
1292,0.43227726221084595,No
1293,0.26913100481033325,No
1294,0.149198979139328,No
1295,0.05332901328802109,No
1296,0.26784631609916687,No
1297,0.13915035128593445,No
1298,0.20328684151172638,No
1299,0.12343902885913849,No
1300,0.2360984832048416,No
1301,0.14706246554851532,No
1302,0.21470656991004944,No
1303,0.10073193907737732,No
1304,0.20682992041110992,No
1305,0.08132800459861755,No
1306,0.27050673961639404,No
1307,0.1276753544807434,No
1308,0.11152901500463486,No
1309,0.10161713510751724,No
1310,0.157035231590271,No
1311,0.10467294603586197,No
1312,0.4442328214645386,No
1313,0.2839168310165405,No
1314,0.11050111800432205,No
1315,0.05644506216049194,No
1316,0.2658335566520691,No
1317,0.12179820239543915,No
1318,0.1623343974351883,No
1319,0.07427477091550827,No
1320,0.16534185409545898,No
1321,0.15930412709712982,No
1322,0.2028592973947525,No
1323,0.1418553590774536,No
1324,0.18021327257156372,No
1325,0.11569473892450333,No
1326,0.1620909869670868,No
1327,0.14836245775222778,No
1328,0.13628803193569183,No
1329,0.2323935180902481,No
1330,0.17217586934566498,No
1331,0.09454721212387085,No
1332,0.45472243428230286,No
1333,0.19753411412239075,No
1334,0.12052176892757416,No
1335,0.08070290088653564,No
1336,0.13634034991264343,No
1337,0.09784509986639023,No
1338,0.1097627803683281,No
1339,0.10360769927501678,No
1340,0.192844420671463,No
1341,0.1289985030889511,No
1342,0.25794729590415955,No
1343,0.1193549633026123,No
1344,0.1948854774236679,No
1345,0.12143291532993317,No
1346,0.23281431198120117,No
1347,0.1455535888671875,No
1348,0.1810029298067093,No
1349,0.12828657031059265,No
1350,0.20060978829860687,No
1351,0.1265455186367035,No
1352,0.3468348979949951,No
1353,0.24914658069610596,No
1354,0.12710684537887573,No
1355,0.05778530240058899,No
1356,0.1758006364107132,No
1357,0.11992218345403671,No
1358,0.22720912098884583,No
1359,0.10374211519956589,No
1360,0.2633417248725891,No
1361,0.1289382427930832,No
1362,0.4360494613647461,No
1363,0.13286688923835754,No
1364,0.4065757095813751,No
1365,0.142165407538414,No
1366,0.4002099633216858,No
1367,0.18461495637893677,No
1368,0.15959283709526062,No
1369,0.12873920798301697,No
1370,0.22729282081127167,No
1371,0.11208005249500275,No
1372,0.5051922798156738,Yes
1373,0.3715294897556305,No
1374,0.24041962623596191,No
1375,0.09906560927629471,No
1376,0.3914099633693695,No
1377,0.1532999724149704,No
1378,0.36781448125839233,No
1379,0.1929183304309845,No
1380,0.3181455731391907,No
1381,0.1478293389081955,No
1382,0.43027403950691223,No
1383,0.13795660436153412,No
1384,0.4791784882545471,No
1385,0.12573610246181488,No
1386,0.3110584318637848,No
1387,0.14847292006015778,No
1388,0.14587727189064026,No
1389,0.11479777097702026,No
1390,0.1680980771780014,No
1391,0.10037244111299515,No
1392,0.409660667181015,No
1393,0.26712968945503235,No
1394,0.27403026819229126,No
1395,0.10294641554355621,No
1396,0.3750152289867401,No
1397,0.1312694549560547,No
1398,0.3496008813381195,No
1399,0.1752467304468155,No
1400,0.2104206085205078,No
1401,0.10094940662384033,No
1402,0.24268738925457,No
1403,0.11445890367031097,No
1404,0.1431484818458557,No
1405,0.10641609132289886,No
1406,0.23332977294921875,No
1407,0.1290229707956314,No
1408,0.12917330861091614,No
1409,0.09515710920095444,No
1410,0.17097660899162292,No
1411,0.10574017465114594,No
1412,0.369802862405777,No
1413,0.20324422419071198,No
1414,0.16151189804077148,No
1415,0.07697129249572754,No
1416,0.2302974909543991,No
1417,0.1452825367450714,No
1418,0.20886379480361938,No
1419,0.09682787954807281,No
1420,0.21242903172969818,No
1421,0.13373324275016785,No
1422,0.20434950292110443,No
1423,0.09647921472787857,No
1424,0.2035933881998062,No
1425,0.1229209303855896,No
1426,0.16292332112789154,No
1427,0.11441617459058762,No
1428,0.11243869364261627,No
1429,0.09051389992237091,No
1430,0.1455502212047577,No
1431,0.08622171729803085,No
1432,0.37850722670555115,No
1433,0.3377864956855774,No
1434,0.10472220927476883,No
1435,0.06479395925998688,No
1436,0.16681687533855438,No
1437,0.10786603391170502,No
1438,0.21259669959545135,No
1439,0.12692220509052277,No
1440,0.32022303342819214,No
1441,0.19052304327487946,No
1442,0.2787797451019287,No
1443,0.1104435995221138,No
1444,0.1905004233121872,No
1445,0.10056254267692566,No
1446,0.27306506037712097,No
1447,0.15527965128421783,No
1448,0.2063610851764679,No
1449,0.16564108431339264,No
1450,0.19121697545051575,No
1451,0.11877582967281342,No
1452,0.46432822942733765,No
1453,0.3411908745765686,No
1454,0.1395542323589325,No
1455,0.0574224591255188,No
1456,0.23936402797698975,No
1457,0.11496126651763916,No
1458,0.1900547444820404,No
1459,0.11514229327440262,No
1460,0.3891540765762329,No
1461,0.15345074236392975,No
1462,0.2644892930984497,No
1463,0.08490671962499619,No
1464,0.3544400632381439,No
1465,0.1129194125533104,No
1466,0.26125985383987427,No
1467,0.11855708062648773,No
1468,0.16572242975234985,No
1469,0.11841770261526108,No
1470,0.1609489619731903,No
1471,0.08854322880506516,No
1472,0.3761046528816223,No
1473,0.2660893201828003,No
1474,0.16664329171180725,No
1475,0.07847019284963608,No
1476,0.4066489636898041,No
1477,0.15326616168022156,No
1478,0.2704525887966156,No
1479,0.11378088593482971,No
1480,0.24039483070373535,No
1481,0.10313204675912857,No
1482,0.23682615160942078,No
1483,0.10286020487546921,No
1484,0.2175159901380539,No
1485,0.06939283013343811,No
1486,0.24800990521907806,No
1487,0.11355751752853394,No
1488,0.11531616747379303,No
1489,0.10116603970527649,No
1490,0.1852334588766098,No
1491,0.09952332079410553,No
1492,0.22151722013950348,No
1493,0.14817871153354645,No
1494,0.16288797557353973,No
1495,0.070651575922966,No
1496,0.17482198774814606,No
1497,0.08730457723140717,No
1498,0.21108244359493256,No
1499,0.11923813074827194,No
1500,0.2616696059703827,No
1501,0.1785975992679596,No
1502,0.11240284889936447,No
1503,0.09425579756498337,No
1504,0.19648855924606323,No
1505,0.12653090059757233,No
1506,0.1464409977197647,No
1507,0.1308881640434265,No
1508,0.1912154108285904,No
1509,0.1453644335269928,No
1510,0.09710582345724106,No
1511,0.14158476889133453,No
1512,0.24311824142932892,No
1513,0.3073752820491791,No
1514,0.1290965974330902,No
1515,0.0728248804807663,No
1516,0.13066284358501434,No
1517,0.11249495297670364,No
1518,0.3165724277496338,No
1519,0.13423430919647217,No
1520,0.18952813744544983,No
1521,0.09787791967391968,No
1522,0.2630196213722229,No
1523,0.09867385774850845,No
1524,0.23279178142547607,No
1525,0.09375449270009995,No
1526,0.2926197052001953,No
1527,0.10777488350868225,No
1528,0.129195898771286,No
1529,0.09118068963289261,No
1530,0.16949114203453064,No
1531,0.0861843079328537,No
1532,0.21190126240253448,No
1533,0.15178699791431427,No
1534,0.1781691163778305,No
1535,0.07188881188631058,No
1536,0.2606935501098633,No
1537,0.10782264173030853,No
1538,0.2912924587726593,No
1539,0.14062076807022095,No
1540,0.2071102261543274,No
1541,0.1852375715970993,No
1542,0.2417508363723755,No
1543,0.09748146682977676,No
1544,0.15672139823436737,No
1545,0.0968228280544281,No
1546,0.2886682152748108,No
1547,0.12404890358448029,No
1548,0.12792183458805084,No
1549,0.1252198964357376,No
1550,0.18729491531848907,No
1551,0.11639091372489929,No
1552,0.453917920589447,No
1553,0.26883918046951294,No
1554,0.16229195892810822,No
1555,0.05753051117062569,No
1556,0.19281288981437683,No
1557,0.12853778898715973,No
1558,0.28609704971313477,No
1559,0.13687260448932648,No
1560,0.1297176480293274,No
1561,0.12571687996387482,No
1562,0.171651229262352,No
1563,0.11316592246294022,No
1564,0.16534872353076935,No
1565,0.13099750876426697,No
1566,0.1709623783826828,No
1567,0.1359451711177826,No
1568,0.10529135912656784,No
1569,0.09969855099916458,No
1570,0.12667164206504822,No
1571,0.10191661864519119,No
1572,0.20279385149478912,No
1573,0.21327602863311768,No
1574,0.0995628833770752,No
1575,0.08206140995025635,No
1576,0.1100984737277031,No
1577,0.08331421762704849,No
1578,0.19710062444210052,No
1579,0.1439429223537445,No
1580,0.1662215143442154,No
1581,0.12374868988990784,No
1582,0.16723822057247162,No
1583,0.07948891818523407,No
1584,0.22998514771461487,No
1585,0.11098197847604752,No
1586,0.16281142830848694,No
1587,0.113717220723629,No
1588,0.16801168024539948,No
1589,0.14133523404598236,No
1590,0.17015406489372253,No
1591,0.11019962280988693,No
1592,0.2769869565963745,No
1593,0.2444055825471878,No
1594,0.1496231108903885,No
1595,0.084835484623909,No
1596,0.14135323464870453,No
1597,0.08380145579576492,No
1598,0.20946015417575836,No
1599,0.14408941566944122,No
1600,0.3074164390563965,No
1601,0.20341210067272186,No
1602,0.31352338194847107,No
1603,0.15126793086528778,No
1604,0.27065509557724,No
1605,0.10009434819221497,No
1606,0.1358989030122757,No
1607,0.11406068503856659,No
1608,0.15283285081386566,No
1609,0.12713472545146942,No
1610,0.1085410788655281,No
1611,0.11704780906438828,No
1612,0.35345858335494995,No
1613,0.19488367438316345,No
1614,0.17829902470111847,No
1615,0.16314654052257538,No
1616,0.2056117206811905,No
1617,0.1602369099855423,No
1618,0.18729639053344727,No
1619,0.12300173193216324,No
1620,0.2111819088459015,No
1621,0.14443597197532654,No
1622,0.20914925634860992,No
1623,0.11079385131597519,No
1624,0.29336604475975037,No
1625,0.11862031370401382,No
1626,0.2705767750740051,No
1627,0.1333523690700531,No
1628,0.2260138988494873,No
1629,0.16507065296173096,No
1630,0.26066115498542786,No
1631,0.15386639535427094,No
1632,0.4085473120212555,No
1633,0.32190272212028503,No
1634,0.27715983986854553,No
1635,0.11223652958869934,No
1636,0.2942606806755066,No
1637,0.1323203146457672,No
1638,0.20758533477783203,No
1639,0.11444240808486938,No
1640,0.2120356559753418,No
1641,0.12760888040065765,No
1642,0.2345571219921112,No
1643,0.16156840324401855,No
1644,0.22704370319843292,No
1645,0.09058715403079987,No
1646,0.2346811443567276,No
1647,0.11195231229066849,No
1648,0.20860810577869415,No
1649,0.15091900527477264,No
1650,0.18499164283275604,No
1651,0.11073886603116989,No
1652,0.25779470801353455,No
1653,0.1998417228460312,No
1654,0.17457498610019684,No
1655,0.07805772870779037,No
1656,0.18815751373767853,No
1657,0.08683512359857559,No
1658,0.25807705521583557,No
1659,0.13807041943073273,No
1660,0.17113344371318817,No
1661,0.20916861295700073,No
1662,0.1266922503709793,No
1663,0.14319711923599243,No
1664,0.23651491105556488,No
1665,0.21316008269786835,No
1666,0.2162790149450302,No
1667,0.25320613384246826,No
1668,0.13777722418308258,No
1669,0.18359334766864777,No
1670,0.1560729593038559,No
1671,0.16179507970809937,No
1672,0.3146815896034241,No
1673,0.31584247946739197,No
1674,0.14946269989013672,No
1675,0.13421863317489624,No
1676,0.1983739137649536,No
1677,0.18794281780719757,No
1678,0.1348303258419037,No
1679,0.1368165910243988,No
1680,0.24052293598651886,No
1681,0.20284819602966309,No
1682,0.20590515434741974,No
1683,0.16090349853038788,No
1684,0.2010042816400528,No
1685,0.08467567712068558,No
1686,0.2929528057575226,No
1687,0.12158561497926712,No
1688,0.20188650488853455,No
1689,0.1099991723895073,No
1690,0.2721739113330841,No
1691,0.15260222554206848,No
1692,0.2788347005844116,No
1693,0.16793155670166016,No
1694,0.22331739962100983,No
1695,0.07776360958814621,No
1696,0.28656384348869324,No
1697,0.12518197298049927,No
1698,0.3140230178833008,No
1699,0.1570676863193512,No
1700,0.18761463463306427,No
1701,0.14581017196178436,No
1702,0.2228725254535675,No
1703,0.2021048367023468,No
1704,0.19671787321567535,No
1705,0.08467970788478851,No
1706,0.32278478145599365,No
1707,0.13869567215442657,No
1708,0.12701736390590668,No
1709,0.11544424295425415,No
1710,0.16889634728431702,No
1711,0.10146311670541763,No
1712,0.39376556873321533,No
1713,0.23756097257137299,No
1714,0.1704418957233429,No
1715,0.0915970727801323,No
1716,0.19379182159900665,No
1717,0.10091739147901535,No
1718,0.15319113433361053,No
1719,0.10107454657554626,No
1720,0.3099610209465027,No
1721,0.2533811926841736,No
1722,0.13405926525592804,No
1723,0.15099383890628815,No
1724,0.1596558392047882,No
1725,0.1454298347234726,No
1726,0.15899305045604706,No
1727,0.22150352597236633,No
1728,0.1775759607553482,No
1729,0.1686515361070633,No
1730,0.31784430146217346,No
1731,0.10171256214380264,No
1732,0.28690147399902344,No
1733,0.13941170275211334,No
1734,0.22232264280319214,No
1735,0.12087447196245193,No
1736,0.14038781821727753,No
1737,0.09646736830472946,No
1738,0.16353079676628113,No
1739,0.10130701214075089,No
1740,0.223514586687088,No
1741,0.15208999812602997,No
1742,0.20527556538581848,No
1743,0.13406676054000854,No
1744,0.191803440451622,No
1745,0.10032881796360016,No
1746,0.22936998307704926,No
1747,0.13336332142353058,No
1748,0.2538849115371704,No
1749,0.1790093332529068,No
1750,0.19984786212444305,No
1751,0.12006651610136032,No
1752,0.36701977252960205,No
1753,0.2721429467201233,No
1754,0.24285143613815308,No
1755,0.10212178528308868,No
1756,0.2761540114879608,No
1757,0.12842006981372833,No
1758,0.2650640904903412,No
1759,0.1593286246061325,No
1760,0.34282609820365906,No
1761,0.14634695649147034,No
1762,0.40305957198143005,No
1763,0.22148509323596954,No
1764,0.43642619252204895,No
1765,0.12052943557500839,No
1766,0.43462204933166504,No
1767,0.18349985778331757,No
1768,0.2555241882801056,No
1769,0.16059400141239166,No
1770,0.30120229721069336,No
1771,0.15115191042423248,No
1772,0.3272196054458618,No
1773,0.22582672536373138,No
1774,0.3134579062461853,No
1775,0.13203132152557373,No
1776,0.401698499917984,No
1777,0.15729014575481415,No
1778,0.2923528850078583,No
1779,0.1508076936006546,No
1780,0.2982320487499237,No
1781,0.15265557169914246,No
1782,0.3738601803779602,No
1783,0.2145049124956131,No
1784,0.39502373337745667,No
1785,0.10770495235919952,No
1786,0.3735620975494385,No
1787,0.1340678632259369,No
1788,0.23463496565818787,No
1789,0.14693939685821533,No
1790,0.17793682217597961,No
1791,0.10566215217113495,No
1792,0.2632763087749481,No
1793,0.1762051284313202,No
1794,0.3354001045227051,No
1795,0.14601175487041473,No
1796,0.33528342843055725,No
1797,0.12873436510562897,No
1798,0.2982756793498993,No
1799,0.15598291158676147,No
1800,0.16311156749725342,No
1801,0.1229686439037323,No
1802,0.19171664118766785,No
1803,0.12193295359611511,No
1804,0.20131182670593262,No
1805,0.10000613331794739,No
1806,0.19785624742507935,No
1807,0.11223595589399338,No
1808,0.10712070018053055,No
1809,0.10540583729743958,No
1810,0.16169975697994232,No
1811,0.11556193977594376,No
1812,0.2944146692752838,No
1813,0.14692381024360657,No
1814,0.245920792222023,No
1815,0.11214874684810638,No
1816,0.3091972768306732,No
1817,0.14174726605415344,No
1818,0.2421099692583084,No
1819,0.12459195405244827,No
1820,0.3236773610115051,No
1821,0.22245313227176666,No
1822,0.18848735094070435,No
1823,0.1723174899816513,No
1824,0.22853213548660278,No
1825,0.11468400061130524,No
1826,0.15859827399253845,No
1827,0.10794219374656677,No
1828,0.152380108833313,No
1829,0.13135579228401184,No
1830,0.2144182324409485,No
1831,0.10400169342756271,No
1832,0.2703867256641388,No
1833,0.248615100979805,No
1834,0.14031513035297394,No
1835,0.0901268720626831,No
1836,0.19167301058769226,No
1837,0.09602034091949463,No
1838,0.2870066165924072,No
1839,0.13727830350399017,No
1840,0.21131248772144318,No
1841,0.180741548538208,No
1842,0.16556616127490997,No
1843,0.09515726566314697,No
1844,0.26413726806640625,No
1845,0.10569124668836594,No
1846,0.23871645331382751,No
1847,0.1497112512588501,No
1848,0.24290432035923004,No
1849,0.1810750961303711,No
1850,0.20206280052661896,No
1851,0.14034102857112885,No
1852,0.316576212644577,No
1853,0.21952050924301147,No
1854,0.22456233203411102,No
1855,0.09851374477148056,No
1856,0.17316998541355133,No
1857,0.10883111506700516,No
1858,0.24742506444454193,No
1859,0.16021527349948883,No
1860,0.25266557931900024,No
1861,0.13183137774467468,No
1862,0.2832522690296173,No
1863,0.17523087561130524,No
1864,0.29317954182624817,No
1865,0.11119814962148666,No
1866,0.2983701825141907,No
1867,0.14538824558258057,No
1868,0.23475530743598938,No
1869,0.1435815989971161,No
1870,0.13916067779064178,No
1871,0.0855661928653717,No
1872,0.34076616168022156,No
1873,0.26158374547958374,No
1874,0.25291210412979126,No
1875,0.11923699080944061,No
1876,0.24912133812904358,No
1877,0.10514432936906815,No
1878,0.21016520261764526,No
1879,0.10870195925235748,No
1880,0.17857207357883453,No
1881,0.09662400931119919,No
1882,0.15561574697494507,No
1883,0.09561509639024734,No
1884,0.2054077535867691,No
1885,0.08417876064777374,No
1886,0.20626218616962433,No
1887,0.09559473395347595,No
1888,0.16347382962703705,No
1889,0.12061426788568497,No
1890,0.1756872534751892,No
1891,0.09830456227064133,No
1892,0.17457233369350433,No
1893,0.13174287974834442,No
1894,0.21174468100070953,No
1895,0.09858011454343796,No
1896,0.17146269977092743,No
1897,0.07858208566904068,No
1898,0.17195679247379303,No
1899,0.093685083091259,No
1900,0.214682936668396,No
1901,0.204691082239151,No
1902,0.14314904808998108,No
1903,0.14496174454689026,No
1904,0.1676420271396637,No
1905,0.10225588828325272,No
1906,0.1693699210882187,No
1907,0.1377764791250229,No
1908,0.3181767463684082,No
1909,0.1743568629026413,No
1910,0.10770006477832794,No
1911,0.1413288563489914,No
1912,0.2504378855228424,No
1913,0.28582072257995605,No
1914,0.2419883757829666,No
1915,0.11712504923343658,No
1916,0.24354466795921326,No
1917,0.1068548858165741,No
1918,0.23522193729877472,No
1919,0.1644216924905777,No
1920,0.23726338148117065,No
1921,0.1364942044019699,No
1922,0.16125227510929108,No
1923,0.09713522344827652,No
1924,0.22260719537734985,No
1925,0.08016150444746017,No
1926,0.24968783557415009,No
1927,0.10486050695180893,No
1928,0.17908279597759247,No
1929,0.11885911971330643,No
1930,0.17607949674129486,No
1931,0.09383216500282288,No
1932,0.20620931684970856,No
1933,0.14923164248466492,No
1934,0.23899376392364502,No
1935,0.10965853184461594,No
1936,0.18846723437309265,No
1937,0.08401458710432053,No
1938,0.2463671714067459,No
1939,0.12061700969934464,No
1940,0.16898342967033386,No
1941,0.21417652070522308,No
1942,0.24674992263317108,No
1943,0.09016428887844086,No
1944,0.18638308346271515,No
1945,0.09355898201465607,No
1946,0.28171804547309875,No
1947,0.11732342839241028,No
1948,0.17339079082012177,No
1949,0.21541790664196014,No
1950,0.20721092820167542,No
1951,0.10663111507892609,No
1952,0.469309002161026,No
1953,0.30877313017845154,No
1954,0.25856325030326843,No
1955,0.08282168954610825,No
1956,0.3775898516178131,No
1957,0.1553395390510559,No
1958,0.3376162350177765,No
1959,0.14473439753055573,No
1960,0.16356652975082397,No
1961,0.17585137486457825,No
1962,0.154359832406044,No
1963,0.1741652488708496,No
1964,0.16522887349128723,No
1965,0.12628600001335144,No
1966,0.15353727340698242,No
1967,0.14789588749408722,No
1968,0.14115619659423828,No
1969,0.14432625472545624,No
1970,0.137660950422287,No
1971,0.12307313829660416,No
1972,0.1282871812582016,No
1973,0.13097809255123138,No
1974,0.16868352890014648,No
1975,0.12768687307834625,No
1976,0.13937364518642426,No
1977,0.1017289012670517,No
1978,0.1621377170085907,No
1979,0.12591701745986938,No
1980,0.2023123949766159,No
1981,0.1664305180311203,No
1982,0.190384641289711,No
1983,0.157169908285141,No
1984,0.19743776321411133,No
1985,0.10790373384952545,No
1986,0.18026645481586456,No
1987,0.11921997368335724,No
1988,0.16869311034679413,No
1989,0.16280871629714966,No
1990,0.17106476426124573,No
1991,0.11926543712615967,No
1992,0.16771458089351654,No
1993,0.14996905624866486,No
1994,0.2135736495256424,No
1995,0.13366679847240448,No
1996,0.16961322724819183,No
1997,0.09561406821012497,No
1998,0.1619168370962143,No
1999,0.10219117999076843,No
2000,0.196442112326622,No
2001,0.15347330272197723,No
2002,0.21340081095695496,No
2003,0.11164230108261108,No
2004,0.2504865825176239,No
2005,0.09262924641370773,No
2006,0.10729197412729263,No
2007,0.09598778933286667,No
2008,0.11800206452608109,No
2009,0.11997615545988083,No
2010,0.09934984147548676,No
2011,0.10200425237417221,No
2012,0.20415130257606506,No
2013,0.130215123295784,No
2014,0.13177181780338287,No
2015,0.10339419543743134,No
2016,0.11988825350999832,No
2017,0.10124906897544861,No
2018,0.13675421476364136,No
2019,0.09198389202356339,No
2020,0.17847305536270142,No
2021,0.1237267553806305,No
2022,0.15564148128032684,No
2023,0.09232413023710251,No
2024,0.1807686984539032,No
2025,0.08588232845067978,No
2026,0.16734269261360168,No
2027,0.10178685188293457,No
2028,0.1562059372663498,No
2029,0.13995908200740814,No
2030,0.139925017952919,No
2031,0.10569048672914505,No
2032,0.2050705850124359,No
2033,0.17667384445667267,No
2034,0.14171062409877777,No
2035,0.06661604344844818,No
2036,0.15700672566890717,No
2037,0.09640757739543915,No
2038,0.1459539532661438,No
2039,0.09904348850250244,No
2040,0.20679019391536713,No
2041,0.12192368507385254,No
2042,0.156578928232193,No
2043,0.10156189650297165,No
2044,0.18316559493541718,No
2045,0.08025363087654114,No
2046,0.15987364947795868,No
2047,0.08586930483579636,No
2048,0.13216853141784668,No
2049,0.1144232228398323,No
2050,0.10847306996583939,No
2051,0.08307574689388275,No
2052,0.1524297446012497,No
2053,0.1206829622387886,No
2054,0.11981768161058426,No
2055,0.0625743493437767,No
2056,0.11622032523155212,No
2057,0.06969782710075378,No
2058,0.1608576625585556,No
2059,0.10749060660600662,No
2060,0.1652463972568512,No
2061,0.18966011703014374,No
2062,0.09972918033599854,No
2063,0.09744831919670105,No
2064,0.17408721148967743,No
2065,0.1531134843826294,No
2066,0.1560986191034317,No
2067,0.17968906462192535,No
2068,0.09335868060588837,No
2069,0.12745565176010132,No
2070,0.10162754356861115,No
2071,0.10686119645833969,No
2072,0.18372473120689392,No
2073,0.17792798578739166,No
2074,0.10841040313243866,No
2075,0.08731766045093536,No
2076,0.1740686297416687,No
2077,0.16398443281650543,No
2078,0.11493213474750519,No
2079,0.11684925109148026,No
2080,0.15657192468643188,No
2081,0.14316557347774506,No
2082,0.14058859646320343,No
2083,0.09768413007259369,No
2084,0.15395481884479523,No
2085,0.0824422612786293,No
2086,0.1621357500553131,No
2087,0.08821196109056473,No
2088,0.13785316050052643,No
2089,0.110591359436512,No
2090,0.15241022408008575,No
2091,0.10823949426412582,No
2092,0.18326573073863983,No
2093,0.12419343739748001,No
2094,0.14024750888347626,No
2095,0.0625033900141716,No
2096,0.15329964458942413,No
2097,0.09443973004817963,No
2098,0.1530286818742752,No
2099,0.1010674312710762,No
2100,0.1927979737520218,No
2101,0.14977304637432098,No
2102,0.15888077020645142,No
2103,0.1310359239578247,No
2104,0.15604619681835175,No
2105,0.0679885670542717,No
2106,0.2075459212064743,No
2107,0.1031961590051651,No
2108,0.11469798535108566,No
2109,0.1128465011715889,No
2110,0.11868973821401596,No
2111,0.0858445093035698,No
2112,0.21327371895313263,No
2113,0.13692276179790497,No
2114,0.11741168051958084,No
2115,0.06272003799676895,No
2116,0.13417688012123108,No
2117,0.07588069885969162,No
2118,0.12140826135873795,No
2119,0.08406902104616165,No
2120,0.16696467995643616,No
2121,0.16123531758785248,No
2122,0.11671505123376846,No
2123,0.1236923411488533,No
2124,0.16117824614048004,No
2125,0.11677858233451843,No
2126,0.1441023051738739,No
2127,0.15671339631080627,No
2128,0.1339941918849945,No
2129,0.1356545239686966,No
2130,0.14811332523822784,No
2131,0.07851818948984146,No
2132,0.21821686625480652,No
2133,0.10490769892930984,No
2134,0.12385958433151245,No
2135,0.07675311714410782,No
2136,0.09142350405454636,No
2137,0.07460217922925949,No
2138,0.11247586458921432,No
2139,0.08595424890518188,No
2140,0.15978524088859558,No
2141,0.129292294383049,No
2142,0.14905661344528198,No
2143,0.10647442936897278,No
2144,0.16420651972293854,No
2145,0.09019192308187485,No
2146,0.15028347074985504,No
2147,0.10353805124759674,No
2148,0.1426694393157959,No
2149,0.1258021742105484,No
2150,0.119105264544487,No
2151,0.0881107747554779,No
2152,0.1588129997253418,No
2153,0.12340399622917175,No
2154,0.12373467534780502,No
2155,0.06343776732683182,No
2156,0.14678072929382324,No
2157,0.09399119019508362,No
2158,0.14243395626544952,No
2159,0.11090639978647232,No
2160,0.20763492584228516,No
2161,0.11834271997213364,No
2162,0.24562859535217285,No
2163,0.14688830077648163,No
2164,0.30306389927864075,No
2165,0.10362361371517181,No
2166,0.2338636964559555,No
2167,0.12530440092086792,No
2168,0.1807497888803482,No
2169,0.15225017070770264,No
2170,0.1524314135313034,No
2171,0.10496681928634644,No
2172,0.22529876232147217,No
2173,0.1794288009405136,No
2174,0.18424129486083984,No
2175,0.09041136503219604,No
2176,0.22554437816143036,No
2177,0.11292078346014023,No
2178,0.22953665256500244,No
2179,0.13470089435577393,No
2180,0.22697465121746063,No
2181,0.14045776426792145,No
2182,0.23619841039180756,No
2183,0.13864880800247192,No
2184,0.3179914653301239,No
2185,0.09904588758945465,No
2186,0.21495968103408813,No
2187,0.11027165502309799,No
2188,0.16799043118953705,No
2189,0.14050637185573578,No
2190,0.1264333724975586,No
2191,0.09245091676712036,No
2192,0.2150970846414566,No
2193,0.16636838018894196,No
2194,0.2000088095664978,No
2195,0.09877920895814896,No
2196,0.17613641917705536,No
2197,0.08907372504472733,No
2198,0.20194484293460846,No
2199,0.12146669626235962,No
2200,0.16985344886779785,No
2201,0.12389009445905685,No
2202,0.17312856018543243,No
2203,0.10266626626253128,No
2204,0.14337292313575745,No
2205,0.08801789581775665,No
2206,0.15544338524341583,No
2207,0.09893858432769775,No
2208,0.1074640154838562,No
2209,0.10867960005998611,No
2210,0.13657572865486145,No
2211,0.10164929926395416,No
2212,0.17098812758922577,No
2213,0.11028619855642319,No
2214,0.14785367250442505,No
2215,0.07944418489933014,No
2216,0.15764692425727844,No
2217,0.09793053567409515,No
2218,0.1506490409374237,No
2219,0.09502988308668137,No
2220,0.20880357921123505,No
2221,0.15353970229625702,No
2222,0.14199204742908478,No
2223,0.11924637109041214,No
2224,0.18970803916454315,No
2225,0.09985877573490143,No
2226,0.12427158653736115,No
2227,0.09047386795282364,No
2228,0.10602810233831406,No
2229,0.09384792298078537,No
2230,0.11964469403028488,No
2231,0.08333001285791397,No
2232,0.18160991370677948,No
2233,0.15739908814430237,No
2234,0.11551797389984131,No
2235,0.07142925262451172,No
2236,0.13416631519794464,No
2237,0.08737266063690186,No
2238,0.18803606927394867,No
2239,0.11180028319358826,No
2240,0.17155301570892334,No
2241,0.15267156064510345,No
2242,0.15277591347694397,No
2243,0.0908321887254715,No
2244,0.15516352653503418,No
2245,0.07393032312393188,No
2246,0.16606460511684418,No
2247,0.12039406597614288,No
2248,0.1710464209318161,No
2249,0.15249909460544586,No
2250,0.12286156415939331,No
2251,0.09626977890729904,No
2252,0.17501750588417053,No
2253,0.13329052925109863,No
2254,0.12400985509157181,No
2255,0.06203565001487732,No
2256,0.11220520734786987,No
2257,0.08012671768665314,No
2258,0.15398165583610535,No
2259,0.11643530428409576,No
2260,0.23132449388504028,No
2261,0.132559135556221,No
2262,0.14417825639247894,No
2263,0.0826042965054512,No
2264,0.23833420872688293,No
2265,0.09300325065851212,No
2266,0.16259193420410156,No
2267,0.09342199563980103,No
2268,0.15940232574939728,No
2269,0.11746828258037567,No
2270,0.1040305346250534,No
2271,0.07175798714160919,No
2272,0.17498351633548737,No
2273,0.1443965882062912,No
2274,0.13550090789794922,No
2275,0.07124697417020798,No
2276,0.1540357768535614,No
2277,0.08297938853502274,No
2278,0.16831237077713013,No
2279,0.09661724418401718,No
2280,0.16629093885421753,No
2281,0.09764637798070908,No
2282,0.1554977148771286,No
2283,0.09418407082557678,No
2284,0.17567379772663116,No
2285,0.06849735230207443,No
2286,0.1493670791387558,No
2287,0.07919204235076904,No
2288,0.12474913150072098,No
2289,0.10877236723899841,No
2290,0.11491027474403381,No
2291,0.08070539683103561,No
2292,0.14658701419830322,No
2293,0.11624713242053986,No
2294,0.1395307183265686,No
2295,0.07193714380264282,No
2296,0.11775881052017212,No
2297,0.06750884652137756,No
2298,0.1423460841178894,No
2299,0.09099321067333221,No
2300,0.19739052653312683,No
2301,0.19458937644958496,No
2302,0.10184970498085022,No
2303,0.09182695299386978,No
2304,0.1598692536354065,No
2305,0.09528455138206482,No
2306,0.12470481544733047,No
2307,0.11636294424533844,No
2308,0.17485281825065613,No
2309,0.12302114814519882,No
2310,0.0840107649564743,No
2311,0.10410726070404053,No
2312,0.15488243103027344,No
2313,0.15395565330982208,No
2314,0.13431988656520844,No
2315,0.0746292993426323,No
2316,0.13715356588363647,No
2317,0.08194239437580109,No
2318,0.18659453094005585,No
2319,0.1234026625752449,No
2320,0.15550191700458527,No
2321,0.09863559901714325,No
2322,0.15057627856731415,No
2323,0.08618280291557312,No
2324,0.16541163623332977,No
2325,0.06938745081424713,No
2326,0.1665453463792801,No
2327,0.08023425191640854,No
2328,0.11437161266803741,No
2329,0.08569357544183731,No
2330,0.10506615042686462,No
2331,0.07186084985733032,No
2332,0.12615104019641876,No
2333,0.09786676615476608,No
2334,0.14266039431095123,No
2335,0.06906193494796753,No
2336,0.14581970870494843,No
2337,0.07677987962961197,No
2338,0.17821447551250458,No
2339,0.10000117123126984,No
2340,0.15796788036823273,No
2341,0.19332803785800934,No
2342,0.1804075837135315,No
2343,0.07675205171108246,No
2344,0.1348831057548523,No
2345,0.07634051144123077,No
2346,0.19086863100528717,No
2347,0.0905379131436348,No
2348,0.12076430767774582,No
2349,0.1521463245153427,No
2350,0.1382867693901062,No
2351,0.0960463434457779,No
2352,0.23121319711208344,No
2353,0.16502629220485687,No
2354,0.16818471252918243,No
2355,0.06823918968439102,No
2356,0.18587301671504974,No
2357,0.09857378154993057,No
2358,0.19745661318302155,No
2359,0.10859048366546631,No
2360,0.11723463982343674,No
2361,0.12281449139118195,No
2362,0.12739045917987823,No
2363,0.1260555237531662,No
2364,0.13131357729434967,No
2365,0.10604527592658997,No
2366,0.13205969333648682,No
2367,0.1186627596616745,No
2368,0.08568556606769562,No
2369,0.09055690467357635,No
2370,0.10234705358743668,No
2371,0.09412581473588943,No
2372,0.13467338681221008,No
2373,0.13068406283855438,No
2374,0.1100761890411377,No
2375,0.08119054138660431,No
2376,0.1115613803267479,No
2377,0.08464450389146805,No
2378,0.138324573636055,No
2379,0.10665380209684372,No
2380,0.12863439321517944,No
2381,0.11054031550884247,No
2382,0.1044558733701706,No
2383,0.07554388791322708,No
2384,0.1620081067085266,No
2385,0.09116367250680923,No
2386,0.12476757913827896,No
2387,0.09361334890127182,No
2388,0.11606238782405853,No
2389,0.11809983104467392,No
2390,0.11030805110931396,No
2391,0.09034927189350128,No
2392,0.15284283459186554,No
2393,0.13369521498680115,No
2394,0.14070482552051544,No
2395,0.08571694791316986,No
2396,0.1213720515370369,No
2397,0.07893093675374985,No
2398,0.12377183139324188,No
2399,0.08980672806501389,No
2400,0.32708436250686646,No
2401,0.2125505656003952,No
2402,0.44685813784599304,No
2403,0.17001616954803467,No
2404,0.3068816363811493,No
2405,0.1439128816127777,No
2406,0.16483384370803833,No
2407,0.147334024310112,No
2408,0.1646633744239807,No
2409,0.14529430866241455,No
2410,0.15110784769058228,No
2411,0.17362235486507416,No
2412,0.7083504796028137,Yes
2413,0.41009190678596497,No
2414,0.1725347638130188,No
2415,0.190005823969841,No
2416,0.26340439915657043,No
2417,0.27406641840934753,No
2418,0.24183538556098938,No
2419,0.12881122529506683,No
2420,0.3326468765735626,No
2421,0.17803746461868286,No
2422,0.312655508518219,No
2423,0.1317742019891739,No
2424,0.36362549662590027,No
2425,0.17623278498649597,No
2426,0.38653892278671265,No
2427,0.17243187129497528,No
2428,0.2601465880870819,No
2429,0.18739347159862518,No
2430,0.505034863948822,Yes
2431,0.21681968867778778,No
2432,0.7037556171417236,Yes
2433,0.5237400531768799,Yes
2434,0.40092185139656067,No
2435,0.12995021045207977,No
2436,0.5304582118988037,Yes
2437,0.22534941136837006,No
2438,0.24920706450939178,No
2439,0.14158713817596436,No
2440,0.342592716217041,No
2441,0.17831765115261078,No
2442,0.35214781761169434,No
2443,0.16781839728355408,No
2444,0.2858019471168518,No
2445,0.13760650157928467,No
2446,0.3379156291484833,No
2447,0.13734497129917145,No
2448,0.23631122708320618,No
2449,0.1543295532464981,No
2450,0.40514063835144043,No
2451,0.16557994484901428,No
2452,0.5069482326507568,Yes
2453,0.3026144802570343,No
2454,0.2705916166305542,No
2455,0.12886232137680054,No
2456,0.313676118850708,No
2457,0.13417096436023712,No
2458,0.3319426476955414,No
2459,0.1530175656080246,No
2460,0.19194775819778442,No
2461,0.24533800780773163,No
2462,0.17055171728134155,No
2463,0.20188520848751068,No
2464,0.3030685484409332,No
2465,0.30816376209259033,No
2466,0.24234023690223694,No
2467,0.26612070202827454,No
2468,0.17540787160396576,No
2469,0.21108518540859222,No
2470,0.2823505997657776,No
2471,0.26478734612464905,No
2472,0.5499874949455261,Yes
2473,0.5501682758331299,Yes
2474,0.16386735439300537,No
2475,0.19572918117046356,No
2476,0.2618856132030487,No
2477,0.26175469160079956,No
2478,0.14811725914478302,No
2479,0.15489375591278076,No
2480,0.35650840401649475,No
2481,0.24935592710971832,No
2482,0.3586507737636566,No
2483,0.20228753983974457,No
2484,0.284897118806839,No
2485,0.13488131761550903,No
2486,0.387136310338974,No
2487,0.13278020918369293,No
2488,0.27337536215782166,No
2489,0.15699581801891327,No
2490,0.5071511268615723,Yes
2491,0.20015287399291992,No
2492,0.6216238141059875,Yes
2493,0.3778820335865021,No
2494,0.3792913258075714,No
2495,0.10638788342475891,No
2496,0.6109519600868225,Yes
2497,0.2760309875011444,No
2498,0.4162352383136749,No
2499,0.2052907645702362,No
2500,0.17614823579788208,No
2501,0.13574868440628052,No
2502,0.3099443316459656,No
2503,0.20907679200172424,No
2504,0.24321046471595764,No
2505,0.1022401973605156,No
2506,0.35134097933769226,No
2507,0.1438368707895279,No
2508,0.15322501957416534,No
2509,0.16089174151420593,No
2510,0.26865655183792114,No
2511,0.12552566826343536,No
2512,0.6754148006439209,Yes
2513,0.3898821771144867,No
2514,0.17653262615203857,No
2515,0.10588401556015015,No
2516,0.2698807120323181,No
2517,0.20813700556755066,No
2518,0.15651436150074005,No
2519,0.10371006280183792,No
2520,0.34552571177482605,No
2521,0.28721439838409424,No
2522,0.1843932718038559,No
2523,0.20096440613269806,No
2524,0.18789801001548767,No
2525,0.2244320511817932,No
2526,0.16213102638721466,No
2527,0.2065163105726242,No
2528,0.1748751848936081,No
2529,0.22058311104774475,No
2530,0.4771290421485901,No
2531,0.11812001466751099,No
2532,0.529434084892273,Yes
2533,0.25422120094299316,No
2534,0.2599060535430908,No
2535,0.1583978235721588,No
2536,0.2745618224143982,No
2537,0.15397053956985474,No
2538,0.1587275117635727,No
2539,0.12058830261230469,No
2540,0.27499109506607056,No
2541,0.15423288941383362,No
2542,0.337629109621048,No
2543,0.15118223428726196,No
2544,0.26506149768829346,No
2545,0.16171814501285553,No
2546,0.3671572804450989,No
2547,0.17560501396656036,No
2548,0.31465867161750793,No
2549,0.21206346154212952,No
2550,0.4272320568561554,No
2551,0.20067313313484192,No
2552,0.7022333145141602,Yes
2553,0.4950326681137085,No
2554,0.383002370595932,No
2555,0.143266960978508,No
2556,0.5472580194473267,Yes
2557,0.23735645413398743,No
2558,0.34806087613105774,No
2559,0.14763382077217102,No
2560,0.40663468837738037,No
2561,0.14460207521915436,No
2562,0.6855403184890747,Yes
2563,0.24359570443630219,No
2564,0.5615299940109253,Yes
2565,0.1727466583251953,No
2566,0.6195826530456543,Yes
2567,0.2379804253578186,No
2568,0.30063584446907043,No
2569,0.18576911091804504,No
2570,0.6401711106300354,Yes
2571,0.21639308333396912,No
2572,0.7144568562507629,Yes
2573,0.44203507900238037,No
2574,0.5513512492179871,Yes
2575,0.22035765647888184,No
2576,0.6563100218772888,Yes
2577,0.2629964053630829,No
2578,0.3639770746231079,No
2579,0.16742141544818878,No
2580,0.5068081021308899,Yes
2581,0.19114653766155243,No
2582,0.6158068180084229,Yes
2583,0.2241775542497635,No
2584,0.5332661867141724,Yes
2585,0.15040476620197296,No
2586,0.5277674198150635,Yes
2587,0.1482173353433609,No
2588,0.27111801505088806,No
2589,0.163899227976799,No
2590,0.37162694334983826,No
2591,0.14641569554805756,No
2592,0.5019935369491577,Yes
2593,0.2850418984889984,No
2594,0.5759627223014832,Yes
2595,0.2178519368171692,No
2596,0.568989634513855,Yes
2597,0.20693661272525787,No
2598,0.35491085052490234,No
2599,0.14207293093204498,No
2600,0.14816099405288696,No
2601,0.1057601273059845,No
2602,0.24898084998130798,No
2603,0.14722853899002075,No
2604,0.20670931041240692,No
2605,0.13779549300670624,No
2606,0.24804067611694336,No
2607,0.14324839413166046,No
2608,0.13721348345279694,No
2609,0.14428894221782684,No
2610,0.24895958602428436,No
2611,0.14468640089035034,No
2612,0.6732978224754333,Yes
2613,0.3102791905403137,No
2614,0.32987460494041443,No
2615,0.13877291977405548,No
2616,0.508769154548645,Yes
2617,0.22142386436462402,No
2618,0.28995007276535034,No
2619,0.12661872804164886,No
2620,0.3528992235660553,No
2621,0.19973616302013397,No
2622,0.28312164545059204,No
2623,0.19766469299793243,No
2624,0.2598433494567871,No
2625,0.18881522119045258,No
2626,0.2516198754310608,No
2627,0.14500220119953156,No
2628,0.18553605675697327,No
2629,0.1705651432275772,No
2630,0.38384631276130676,No
2631,0.13616640865802765,No
2632,0.4988323450088501,No
2633,0.43993958830833435,No
2634,0.15476399660110474,No
2635,0.12350986897945404,No
2636,0.29601171612739563,No
2637,0.1411946713924408,No
2638,0.32209745049476624,No
2639,0.14813676476478577,No
2640,0.3462696969509125,No
2641,0.2491096556186676,No
2642,0.27834033966064453,No
2643,0.11935243010520935,No
2644,0.3076019287109375,No
2645,0.14316149055957794,No
2646,0.4012220501899719,No
2647,0.20235878229141235,No
2648,0.33994024991989136,No
2649,0.24839527904987335,No
2650,0.39699557423591614,No
2651,0.20527713000774384,No
2652,0.7256643772125244,Yes
2653,0.557373046875,Yes
2654,0.27321380376815796,No
2655,0.13332757353782654,No
2656,0.34055250883102417,No
2657,0.18409574031829834,No
2658,0.3191080689430237,No
2659,0.18417493999004364,No
2660,0.3081444501876831,No
2661,0.13541951775550842,No
2662,0.5075340867042542,Yes
2663,0.19960667192935944,No
2664,0.42473602294921875,No
2665,0.18379749357700348,No
2666,0.41924476623535156,No
2667,0.19238556921482086,No
2668,0.28188356757164,No
2669,0.1736244410276413,No
2670,0.2909082770347595,No
2671,0.12960581481456757,No
2672,0.6468930840492249,Yes
2673,0.3647346794605255,No
2674,0.36853569746017456,No
2675,0.1611068695783615,No
2676,0.4627869129180908,No
2677,0.21367259323596954,No
2678,0.2442353367805481,No
2679,0.11366358399391174,No
2680,0.21855895221233368,No
2681,0.10053753107786179,No
2682,0.1927865594625473,No
2683,0.10604303330183029,No
2684,0.25777751207351685,No
2685,0.12976102530956268,No
2686,0.30602067708969116,No
2687,0.13543005287647247,No
2688,0.19647376239299774,No
2689,0.1501808613538742,No
2690,0.3178216218948364,No
2691,0.13226664066314697,No
2692,0.2931719422340393,No
2693,0.18244796991348267,No
2694,0.29060760140419006,No
2695,0.11821793019771576,No
2696,0.23876461386680603,No
2697,0.11216124892234802,No
2698,0.23924145102500916,No
2699,0.14067457616329193,No
2700,0.3014868199825287,No
2701,0.22917510569095612,No
2702,0.15673251450061798,No
2703,0.19663885235786438,No
2704,0.21613231301307678,No
2705,0.15798896551132202,No
2706,0.19889847934246063,No
2707,0.1704178899526596,No
2708,0.32121196389198303,No
2709,0.2181221842765808,No
2710,0.1869693398475647,No
2711,0.20742161571979523,No
2712,0.34886613488197327,No
2713,0.42795056104660034,No
2714,0.30754053592681885,No
2715,0.15341708064079285,No
2716,0.3861333429813385,No
2717,0.15568093955516815,No
2718,0.28051650524139404,No
2719,0.16597893834114075,No
2720,0.3759119510650635,No
2721,0.16521678864955902,No
2722,0.22676314413547516,No
2723,0.10817864537239075,No
2724,0.2885792553424835,No
2725,0.11281192302703857,No
2726,0.36288467049598694,No
2727,0.1425446718931198,No
2728,0.22638846933841705,No
2729,0.14862923324108124,No
2730,0.37641623616218567,No
2731,0.13015009462833405,No
2732,0.45724916458129883,No
2733,0.2767103910446167,No
2734,0.34267672896385193,No
2735,0.1299179643392563,No
2736,0.26375243067741394,No
2737,0.13099874556064606,No
2738,0.30535274744033813,No
2739,0.13667172193527222,No
2740,0.17748013138771057,No
2741,0.2279909998178482,No
2742,0.3689495921134949,No
2743,0.11629069596529007,No
2744,0.2578136920928955,No
2745,0.13269445300102234,No
2746,0.4192517101764679,No
2747,0.17386379837989807,No
2748,0.21634602546691895,No
2749,0.24974744021892548,No
2750,0.3139340579509735,No
2751,0.14639540016651154,No
2752,0.7976970672607422,Yes
2753,0.4458146393299103,No
2754,0.37974703311920166,No
2755,0.10076729208230972,No
2756,0.5565438270568848,Yes
2757,0.2168029099702835,No
2758,0.41674402356147766,No
2759,0.16612280905246735,No
2760,0.22112707793712616,No
2761,0.21236740052700043,No
2762,0.190986767411232,No
2763,0.18764036893844604,No
2764,0.1964961737394333,No
2765,0.18411904573440552,No
2766,0.18348442018032074,No
2767,0.2013283371925354,No
2768,0.1627480834722519,No
2769,0.21017023921012878,No
2770,0.2009042203426361,No
2771,0.14500808715820312,No
2772,0.17993254959583282,No
2773,0.23109585046768188,No
2774,0.1551336944103241,No
2775,0.16424232721328735,No
2776,0.147947296500206,No
2777,0.1268424242734909,No
2778,0.18053345382213593,No
2779,0.15482555329799652,No
2780,0.3029026687145233,No
2781,0.21942661702632904,No
2782,0.299551784992218,No
2783,0.19881731271743774,No
2784,0.2634093463420868,No
2785,0.16253359615802765,No
2786,0.20037755370140076,No
2787,0.12797024846076965,No
2788,0.20452092587947845,No
2789,0.22556768357753754,No
2790,0.30269545316696167,No
2791,0.1697220653295517,No
2792,0.2699258625507355,No
2793,0.2649558484554291,No
2794,0.26611828804016113,No
2795,0.1742260456085205,No
2796,0.2037293165922165,No
2797,0.1357244849205017,No
2798,0.201911062002182,No
2799,0.14407072961330414,No
2800,0.15121111273765564,No
2801,0.1501983404159546,No
2802,0.3111453652381897,No
2803,0.14181585609912872,No
2804,0.2683800160884857,No
2805,0.1327006071805954,No
2806,0.1334494799375534,No
2807,0.12590008974075317,No
2808,0.11922111362218857,No
2809,0.1380111128091812,No
2810,0.13833335041999817,No
2811,0.15063060820102692,No
2812,0.4949549436569214,No
2813,0.2901790142059326,No
2814,0.09889668226242065,No
2815,0.10151872038841248,No
2816,0.17833226919174194,No
2817,0.18049773573875427,No
2818,0.19389036297798157,No
2819,0.09632411599159241,No
2820,0.3106139600276947,No
2821,0.1882847547531128,No
2822,0.2552435100078583,No
2823,0.1367311328649521,No
2824,0.19784294068813324,No
2825,0.1310768723487854,No
2826,0.27861112356185913,No
2827,0.15305516123771667,No
2828,0.17845745384693146,No
2829,0.15709619224071503,No
2830,0.23660603165626526,No
2831,0.15717944502830505,No
2832,0.34310877323150635,No
2833,0.3041115999221802,No
2834,0.14941751956939697,No
2835,0.088078573346138,No
2836,0.2382587492465973,No
2837,0.15202252566814423,No
2838,0.21632841229438782,No
2839,0.1523376852273941,No
2840,0.28108927607536316,No
2841,0.16399583220481873,No
2842,0.22968241572380066,No
2843,0.12154601514339447,No
2844,0.19184908270835876,No
2845,0.1033439114689827,No
2846,0.3046291470527649,No
2847,0.12798087298870087,No
2848,0.16964352130889893,No
2849,0.12737028300762177,No
2850,0.19761767983436584,No
2851,0.12389067560434341,No
2852,0.2802914083003998,No
2853,0.1934533417224884,No
2854,0.12428484857082367,No
2855,0.08784134685993195,No
2856,0.18684016168117523,No
2857,0.09939121454954147,No
2858,0.20527146756649017,No
2859,0.12040161341428757,No
2860,0.17493705451488495,No
2861,0.22175362706184387,No
2862,0.1218707486987114,No
2863,0.1254979372024536,No
2864,0.2305586189031601,No
2865,0.23237532377243042,No
2866,0.1767033338546753,No
2867,0.1671358048915863,No
2868,0.13350972533226013,No
2869,0.15607713162899017,No
2870,0.13667403161525726,No
2871,0.13602900505065918,No
2872,0.3782738149166107,No
2873,0.3684350252151489,No
2874,0.1089082807302475,No
2875,0.12368806451559067,No
2876,0.23218795657157898,No
2877,0.20583024621009827,No
2878,0.15236316621303558,No
2879,0.14900599420070648,No
2880,0.15587276220321655,No
2881,0.14946044981479645,No
2882,0.24121081829071045,No
2883,0.14201872050762177,No
2884,0.19007042050361633,No
2885,0.11533288657665253,No
2886,0.21931417286396027,No
2887,0.11157172918319702,No
2888,0.18304118514060974,No
2889,0.13865716755390167,No
2890,0.2363225668668747,No
2891,0.1468881517648697,No
2892,0.38981884717941284,No
2893,0.27499693632125854,No
2894,0.15774816274642944,No
2895,0.07842626422643661,No
2896,0.31558534502983093,No
2897,0.17932453751564026,No
2898,0.2558666169643402,No
2899,0.16145335137844086,No
2900,0.30404648184776306,No
2901,0.19793246686458588,No
2902,0.21067258715629578,No
2903,0.12608087062835693,No
2904,0.20772042870521545,No
2905,0.09303077310323715,No
2906,0.24796636402606964,No
2907,0.11522358655929565,No
2908,0.11744167655706406,No
2909,0.12822119891643524,No
2910,0.16189691424369812,No
2911,0.10719775408506393,No
2912,0.4205801784992218,No
2913,0.27063366770744324,No
2914,0.10693711787462234,No
2915,0.07944124937057495,No
2916,0.21226248145103455,No
2917,0.14223046600818634,No
2918,0.13589929044246674,No
2919,0.0927814468741417,No
2920,0.1412869393825531,No
2921,0.17808248102664948,No
2922,0.1847885102033615,No
2923,0.16387170553207397,No
2924,0.17315897345542908,No
2925,0.15206842124462128,No
2926,0.14208941161632538,No
2927,0.1269415318965912,No
2928,0.1428358554840088,No
2929,0.1902124136686325,No
2930,0.18103277683258057,No
2931,0.09651651978492737,No
2932,0.39065730571746826,No
2933,0.20275966823101044,No
2934,0.1338941603899002,No
2935,0.10929890722036362,No
2936,0.1738714873790741,No
2937,0.12144814431667328,No
2938,0.11768428236246109,No
2939,0.11284521222114563,No
2940,0.18410037457942963,No
2941,0.1369236409664154,No
2942,0.2663000524044037,No
2943,0.15391547977924347,No
2944,0.19980821013450623,No
2945,0.13678307831287384,No
2946,0.28327345848083496,No
2947,0.160173699259758,No
2948,0.21007424592971802,No
2949,0.1734882891178131,No
2950,0.23681394755840302,No
2951,0.1536751687526703,No
2952,0.3615066111087799,No
2953,0.28200653195381165,No
2954,0.13836127519607544,No
2955,0.0912390872836113,No
2956,0.24957793951034546,No
2957,0.16021598875522614,No
2958,0.2410566210746765,No
2959,0.14596009254455566,No
2960,0.17404912412166595,No
2961,0.12583185732364655,No
2962,0.39149218797683716,No
2963,0.15341201424598694,No
2964,0.33232977986335754,No
2965,0.1553993672132492,No
2966,0.2711807191371918,No
2967,0.1521410048007965,No
2968,0.17202940583229065,No
2969,0.14550559222698212,No
2970,0.29433393478393555,No
2971,0.14618417620658875,No
2972,0.4925048053264618,No
2973,0.35575762391090393,No
2974,0.21516922116279602,No
2975,0.12888915836811066,No
2976,0.33255818486213684,No
2977,0.16944031417369843,No
2978,0.31988292932510376,No
2979,0.17699897289276123,No
2980,0.24004743993282318,No
2981,0.12374366074800491,No
2982,0.3719896376132965,No
2983,0.15611962974071503,No
2984,0.4285025894641876,No
2985,0.14628005027770996,No
2986,0.2619606852531433,No
2987,0.12095781415700912,No
2988,0.15711885690689087,No
2989,0.1291818618774414,No
2990,0.1573760062456131,No
2991,0.10924311727285385,No
2992,0.35927000641822815,No
2993,0.24953065812587738,No
2994,0.225190669298172,No
2995,0.12000418454408646,No
2996,0.2958597242832184,No
2997,0.15137533843517303,No
2998,0.31616145372390747,No
2999,0.15627004206180573,No
3000,0.2634473741054535,No
3001,0.13568253815174103,No
3002,0.24001358449459076,No
3003,0.13137510418891907,No
3004,0.12846854329109192,No
3005,0.12668827176094055,No
3006,0.18980439007282257,No
3007,0.12019287049770355,No
3008,0.13163535296916962,No
3009,0.12904728949069977,No
3010,0.18215984106063843,No
3011,0.1126892939209938,No
3012,0.3520193099975586,No
3013,0.19389644265174866,No
3014,0.1629876345396042,No
3015,0.10175485163927078,No
3016,0.2718657851219177,No
3017,0.16116732358932495,No
3018,0.22119346261024475,No
3019,0.12488166242837906,No
3020,0.18847833573818207,No
3021,0.13068614900112152,No
3022,0.2047046720981598,No
3023,0.12984080612659454,No
3024,0.20999176800251007,No
3025,0.16838541626930237,No
3026,0.18362517654895782,No
3027,0.11942477524280548,No
3028,0.15374186635017395,No
3029,0.13001500070095062,No
3030,0.15182805061340332,No
3031,0.10237614065408707,No
3032,0.3919772505760193,No
3033,0.333526611328125,No
3034,0.10406115651130676,No
3035,0.09065650403499603,No
3036,0.1989816129207611,No
3037,0.1273045539855957,No
3038,0.21722309291362762,No
3039,0.13826000690460205,No
3040,0.26366516947746277,No
3041,0.23820380866527557,No
3042,0.25413429737091064,No
3043,0.1379711925983429,No
3044,0.17057517170906067,No
3045,0.11901922523975372,No
3046,0.24834643304347992,No
3047,0.14253121614456177,No
3048,0.25435206294059753,No
3049,0.20226401090621948,No
3050,0.1949760615825653,No
3051,0.1537599414587021,No
3052,0.48462581634521484,No
3053,0.37187114357948303,No
3054,0.13412833213806152,No
3055,0.08826873451471329,No
3056,0.22300520539283752,No
3057,0.12407832592725754,No
3058,0.20665928721427917,No
3059,0.13176150619983673,No
3060,0.4490160644054413,No
3061,0.20394200086593628,No
3062,0.26887378096580505,No
3063,0.1074812039732933,No
3064,0.3191419839859009,No
3065,0.1426900029182434,No
3066,0.20806162059307098,No
3067,0.108062744140625,No
3068,0.18901951611042023,No
3069,0.13833166658878326,No
3070,0.1493455171585083,No
3071,0.0929812639951706,No
3072,0.3637634813785553,No
3073,0.24494005739688873,No
3074,0.15027734637260437,No
3075,0.10363259166479111,No
3076,0.30832889676094055,No
3077,0.16321787238121033,No
3078,0.23214752972126007,No
3079,0.12188740819692612,No
3080,0.32273343205451965,No
3081,0.1463313102722168,No
3082,0.19863982498645782,No
3083,0.12236414104700089,No
3084,0.2139415740966797,No
3085,0.09819421172142029,No
3086,0.23837143182754517,No
3087,0.12182733416557312,No
3088,0.1299966275691986,No
3089,0.117427296936512,No
3090,0.16063746809959412,No
3091,0.10413026809692383,No
3092,0.20613792538642883,No
3093,0.15444260835647583,No
3094,0.15482191741466522,No
3095,0.09531262516975403,No
3096,0.16305473446846008,No
3097,0.09392054378986359,No
3098,0.1871376633644104,No
3099,0.13230016827583313,No
3100,0.3258768320083618,No
3101,0.23930180072784424,No
3102,0.10647425055503845,No
3103,0.11803369969129562,No
3104,0.20040875673294067,No
3105,0.13467703759670258,No
3106,0.1339985579252243,No
3107,0.11642353236675262,No
3108,0.2272409349679947,No
3109,0.16727124154567719,No
3110,0.11303474009037018,No
3111,0.15678748488426208,No
3112,0.24035125970840454,No
3113,0.29733720421791077,No
3114,0.1356571465730667,No
3115,0.10449038445949554,No
3116,0.18303710222244263,No
3117,0.12211765348911285,No
3118,0.28177502751350403,No
3119,0.17730213701725006,No
3120,0.15553155541419983,No
3121,0.09954968094825745,No
3122,0.2199876308441162,No
3123,0.11602126806974411,No
3124,0.22262632846832275,No
3125,0.1089816763997078,No
3126,0.2461455911397934,No
3127,0.10716931521892548,No
3128,0.1711190640926361,No
3129,0.1219569742679596,No
3130,0.19270633161067963,No
3131,0.10023054480552673,No
3132,0.18840163946151733,No
3133,0.14488744735717773,No
3134,0.15568022429943085,No
3135,0.09229815751314163,No
3136,0.22867031395435333,No
3137,0.11784349381923676,No
3138,0.2679083049297333,No
3139,0.14553073048591614,No
3140,0.2455051690340042,No
3141,0.2669290602207184,No
3142,0.25758251547813416,No
3143,0.10810130089521408,No
3144,0.169961079955101,No
3145,0.11244826018810272,No
3146,0.3134346306324005,No
3147,0.13607585430145264,No
3148,0.1529231071472168,No
3149,0.16497837007045746,No
3150,0.17252224683761597,No
3151,0.12558016180992126,No
3152,0.4859422743320465,No
3153,0.28305789828300476,No
3154,0.1772768795490265,No
3155,0.08392158150672913,No
3156,0.2430725246667862,No
3157,0.140400230884552,No
3158,0.28450560569763184,No
3159,0.15648852288722992,No
3160,0.12671713531017303,No
3161,0.14807064831256866,No
3162,0.1620946228504181,No
3163,0.14606216549873352,No
3164,0.16686929762363434,No
3165,0.15363337099552155,No
3166,0.1679430454969406,No
3167,0.15235117077827454,No
3168,0.12436213344335556,No
3169,0.13806547224521637,No
3170,0.13794393837451935,No
3171,0.11043354123830795,No
3172,0.18997353315353394,No
3173,0.22812527418136597,No
3174,0.10374293476343155,No
3175,0.11550330370664597,No
3176,0.12119796127080917,No
3177,0.10302060097455978,No
3178,0.1892755925655365,No
3179,0.16792216897010803,No
3180,0.1447506546974182,No
3181,0.1403297632932663,No
3182,0.16225078701972961,No
3183,0.10237757861614227,No
3184,0.22887693345546722,No
3185,0.14243602752685547,No
3186,0.15495756268501282,No
3187,0.10504614561796188,No
3188,0.16257578134536743,No
3189,0.16150857508182526,No
3190,0.1501980423927307,No
3191,0.11204597353935242,No
3192,0.22996139526367188,No
3193,0.23020276427268982,No
3194,0.12856066226959229,No
3195,0.09912226349115372,No
3196,0.13487441837787628,No
3197,0.09735725820064545,No
3198,0.15338222682476044,No
3199,0.12667213380336761,No
3200,0.3421505093574524,No
3201,0.23858140408992767,No
3202,0.3982328176498413,No
3203,0.19324679672718048,No
3204,0.3430362343788147,No
3205,0.16679801046848297,No
3206,0.19905631244182587,No
3207,0.1648535132408142,No
3208,0.20829561352729797,No
3209,0.16914337873458862,No
3210,0.13502581417560577,No
3211,0.1453736126422882,No
3212,0.5207539200782776,Yes
3213,0.2976144254207611,No
3214,0.21880285441875458,No
3215,0.22194848954677582,No
3216,0.24500951170921326,No
3217,0.19176042079925537,No
3218,0.23472552001476288,No
3219,0.15920515358448029,No
3220,0.28754910826683044,No
3221,0.2025885134935379,No
3222,0.325070321559906,No
3223,0.15443791449069977,No
3224,0.37714746594429016,No
3225,0.1932484358549118,No
3226,0.37195923924446106,No
3227,0.20064517855644226,No
3228,0.2877139151096344,No
3229,0.20026476681232452,No
3230,0.28277716040611267,No
3231,0.17166520655155182,No
3232,0.558454155921936,Yes
3233,0.44084426760673523,No
3234,0.3285359740257263,No
3235,0.16697551310062408,No
3236,0.3071741461753845,No
3237,0.157666876912117,No
3238,0.24360422790050507,No
3239,0.12159036099910736,No
3240,0.25812405347824097,No
3241,0.16129332780838013,No
3242,0.3452935814857483,No
3243,0.21413813531398773,No
3244,0.30413004755973816,No
3245,0.15439219772815704,No
3246,0.32992327213287354,No
3247,0.17868274450302124,No
3248,0.26695486903190613,No
3249,0.18585294485092163,No
3250,0.21111713349819183,No
3251,0.1396850049495697,No
3252,0.41959232091903687,No
3253,0.3066963851451874,No
3254,0.26320743560791016,No
3255,0.14899037778377533,No
3256,0.2129528671503067,No
3257,0.12343526631593704,No
3258,0.29128316044807434,No
3259,0.15056706964969635,No
3260,0.23651233315467834,No
3261,0.24624289572238922,No
3262,0.2070458084344864,No
3263,0.20654378831386566,No
3264,0.34449419379234314,No
3265,0.360613077878952,No
3266,0.3150290250778198,No
3267,0.3514840304851532,No
3268,0.19246527552604675,No
3269,0.22797812521457672,No
3270,0.19495876133441925,No
3271,0.22024330496788025,No
3272,0.37430888414382935,No
3273,0.4275285303592682,No
3274,0.19224996864795685,No
3275,0.20207224786281586,No
3276,0.22813323140144348,No
3277,0.2248537391424179,No
3278,0.16838528215885162,No
3279,0.15749022364616394,No
3280,0.32104095816612244,No
3281,0.255100280046463,No
3282,0.3600166141986847,No
3283,0.222368985414505,No
3284,0.28643926978111267,No
3285,0.1563321352005005,No
3286,0.38618728518486023,No
3287,0.18879753351211548,No
3288,0.25959673523902893,No
3289,0.13248315453529358,No
3290,0.29919543862342834,No
3291,0.17258164286613464,No
3292,0.44824090600013733,No
3293,0.2646612823009491,No
3294,0.33868783712387085,No
3295,0.15228784084320068,No
3296,0.3262828290462494,No
3297,0.16629348695278168,No
3298,0.344895601272583,No
3299,0.18599991500377655,No
3300,0.22375446557998657,No
3301,0.19565775990486145,No
3302,0.28803977370262146,No
3303,0.2546467185020447,No
3304,0.2674814760684967,No
3305,0.14228291809558868,No
3306,0.41275641322135925,No
3307,0.225407674908638,No
3308,0.18268559873104095,No
3309,0.14546377956867218,No
3310,0.19091589748859406,No
3311,0.12319278717041016,No
3312,0.540838360786438,Yes
3313,0.3454681932926178,No
3314,0.20439445972442627,No
3315,0.1487451195716858,No
3316,0.19635625183582306,No
3317,0.14080025255680084,No
3318,0.20785097777843475,No
3319,0.13355042040348053,No
3320,0.3586386740207672,No
3321,0.31197381019592285,No
3322,0.25439146161079407,No
3323,0.22217629849910736,No
3324,0.23437894880771637,No
3325,0.24431626498699188,No
3326,0.2234262377023697,No
3327,0.3098616898059845,No
3328,0.23393677175045013,No
3329,0.23117047548294067,No
3330,0.3284873068332672,No
3331,0.13434401154518127,No
3332,0.4623233377933502,No
3333,0.1995001882314682,No
3334,0.2768442630767822,No
3335,0.2040911763906479,No
3336,0.17309017479419708,No
3337,0.12787793576717377,No
3338,0.20555663108825684,No
3339,0.12354344129562378,No
3340,0.27830803394317627,No
3341,0.19656498730182648,No
3342,0.3171813189983368,No
3343,0.18750324845314026,No
3344,0.26976171135902405,No
3345,0.17852963507175446,No
3346,0.326109379529953,No
3347,0.19296273589134216,No
3348,0.3097921311855316,No
3349,0.21637126803398132,No
3350,0.24269461631774902,No
3351,0.1489473134279251,No
3352,0.5208014845848083,Yes
3353,0.36596792936325073,No
3354,0.29842495918273926,No
3355,0.16506050527095795,No
3356,0.2875092625617981,No
3357,0.1486848145723343,No
3358,0.33418798446655273,No
3359,0.16671405732631683,No
3360,0.366865336894989,No
3361,0.18421411514282227,No
3362,0.543796181678772,Yes
3363,0.27121689915657043,No
3364,0.5101882219314575,Yes
3365,0.1932409405708313,No
3366,0.5695087909698486,Yes
3367,0.2783706486225128,No
3368,0.29330599308013916,No
3369,0.17471952736377716,No
3370,0.32760846614837646,No
3371,0.17492583394050598,No
3372,0.500534176826477,Yes
3373,0.33900630474090576,No
3374,0.35835421085357666,No
3375,0.1896272450685501,No
3376,0.4069298207759857,No
3377,0.17768554389476776,No
3378,0.2979481816291809,No
3379,0.14720162749290466,No
3380,0.33366185426712036,No
3381,0.17783191800117493,No
3382,0.5132374167442322,Yes
3383,0.26656147837638855,No
3384,0.483038991689682,No
3385,0.18278257548809052,No
3386,0.4747195541858673,No
3387,0.20213252305984497,No
3388,0.2705818712711334,No
3389,0.1614062637090683,No
3390,0.21374517679214478,No
3391,0.1360357105731964,No
3392,0.4209522306919098,No
3393,0.261803537607193,No
3394,0.392621785402298,No
3395,0.21573297679424286,No
3396,0.3429687023162842,No
3397,0.15429343283176422,No
3398,0.3463361859321594,No
3399,0.16487747430801392,No
3400,0.1979881227016449,No
3401,0.1591929793357849,No
3402,0.2907319962978363,No
3403,0.17396754026412964,No
3404,0.26257628202438354,No
3405,0.18051867187023163,No
3406,0.29391905665397644,No
3407,0.18116341531276703,No
3408,0.15431766211986542,No
3409,0.1273469179868698,No
3410,0.1759786307811737,No
3411,0.14707905054092407,No
3412,0.48589715361595154,No
3413,0.2399747222661972,No
3414,0.2723020315170288,No
3415,0.15417443215847015,No
3416,0.3062084913253784,No
3417,0.1739627718925476,No
3418,0.29546481370925903,No
3419,0.1408015787601471,No
3420,0.36801284551620483,No
3421,0.23174908757209778,No
3422,0.28917554020881653,No
3423,0.2247152179479599,No
3424,0.3203390836715698,No
3425,0.20231060683727264,No
3426,0.23290927708148956,No
3427,0.16718615591526031,No
3428,0.19580017030239105,No
3429,0.1541484147310257,No
3430,0.23379634320735931,No
3431,0.13185551762580872,No
3432,0.3521944284439087,No
3433,0.3635037839412689,No
3434,0.20310592651367188,No
3435,0.16512815654277802,No
3436,0.20817683637142181,No
3437,0.12091553211212158,No
3438,0.32463234663009644,No
3439,0.15032006800174713,No
3440,0.28950873017311096,No
3441,0.22681261599063873,No
3442,0.3076305091381073,No
3443,0.14837968349456787,No
3444,0.34455305337905884,No
3445,0.1787189245223999,No
3446,0.357783704996109,No
3447,0.2269195318222046,No
3448,0.32572248578071594,No
3449,0.23184530436992645,No
3450,0.23382771015167236,No
3451,0.15818001329898834,No
3452,0.4903251528739929,No
3453,0.35601669549942017,No
3454,0.2972308099269867,No
3455,0.16668307781219482,No
3456,0.2358500063419342,No
3457,0.16073083877563477,No
3458,0.2869757413864136,No
3459,0.17780612409114838,No
3460,0.3169885575771332,No
3461,0.19172900915145874,No
3462,0.39480188488960266,No
3463,0.23758387565612793,No
3464,0.38708001375198364,No
3465,0.19187714159488678,No
3466,0.43586769700050354,No
3467,0.2601810395717621,No
3468,0.2816576063632965,No
3469,0.18472234904766083,No
3470,0.18503141403198242,No
3471,0.13205154240131378,No
3472,0.4638863503932953,No
3473,0.39346247911453247,No
3474,0.3256682753562927,No
3475,0.19558487832546234,No
3476,0.26171502470970154,No
3477,0.1358673870563507,No
3478,0.2296500951051712,No
3479,0.11772682517766953,No
3480,0.21905308961868286,No
3481,0.13851851224899292,No
3482,0.21941664814949036,No
3483,0.12306343019008636,No
3484,0.26794472336769104,No
3485,0.132541686296463,No
3486,0.29141953587532043,No
3487,0.15014688670635223,No
3488,0.20867756009101868,No
3489,0.14043442904949188,No
3490,0.1869388222694397,No
3491,0.12413417547941208,No
3492,0.2558249235153198,No
3493,0.2022620141506195,No
3494,0.23674780130386353,No
3495,0.12213413417339325,No
3496,0.17816606163978577,No
3497,0.10121560841798782,No
3498,0.1881859451532364,No
3499,0.09818793833255768,No
3500,0.2761014401912689,No
3501,0.24166694283485413,No
3502,0.21439503133296967,No
3503,0.20244090259075165,No
3504,0.24241365492343903,No
3505,0.18153046071529388,No
3506,0.26112061738967896,No
3507,0.2185908854007721,No
3508,0.35190513730049133,No
3509,0.22055482864379883,No
3510,0.1517970710992813,No
3511,0.1714678704738617,No
3512,0.29886579513549805,No
3513,0.3729160726070404,No
3514,0.2887057363986969,No
3515,0.18284618854522705,No
3516,0.2591262757778168,No
3517,0.14387208223342896,No
3518,0.25991934537887573,No
3519,0.1769564300775528,No
3520,0.2862648069858551,No
3521,0.17445410788059235,No
3522,0.2485021948814392,No
3523,0.1295635998249054,No
3524,0.2894199788570404,No
3525,0.13183535635471344,No
3526,0.34362006187438965,No
3527,0.1637142151594162,No
3528,0.21639545261859894,No
3529,0.13591068983078003,No
3530,0.1945420801639557,No
3531,0.12341876327991486,No
3532,0.3258689045906067,No
3533,0.2527962923049927,No
3534,0.28055596351623535,No
3535,0.14896707236766815,No
3536,0.18902821838855743,No
3537,0.10026169568300247,No
3538,0.25257742404937744,No
3539,0.12642449140548706,No
3540,0.24347087740898132,No
3541,0.2681153416633606,No
3542,0.3499690592288971,No
3543,0.12604333460330963,No
3544,0.2584960162639618,No
3545,0.14427578449249268,No
3546,0.38222941756248474,No
3547,0.18177789449691772,No
3548,0.25487765669822693,No
3549,0.2753259539604187,No
3550,0.22156481444835663,No
3551,0.14246726036071777,No
3552,0.6106315851211548,Yes
3553,0.417479932308197,No
3554,0.3420698642730713,No
3555,0.1496041864156723,No
3556,0.37394222617149353,No
3557,0.1782909631729126,No
3558,0.3671844005584717,No
3559,0.1692054718732834,No
3560,0.22542481124401093,No
3561,0.22680427134037018,No
3562,0.23148582875728607,No
3563,0.23629218339920044,No
3564,0.24593229591846466,No
3565,0.23157259821891785,No
3566,0.229145348072052,No
3567,0.2187945395708084,No
3568,0.2031356692314148,No
3569,0.18641138076782227,No
3570,0.16728048026561737,No
3571,0.16054418683052063,No
3572,0.17314375936985016,No
3573,0.17287728190422058,No
3574,0.2111639380455017,No
3575,0.2029763162136078,No
3576,0.15734469890594482,No
3577,0.13320238888263702,No
3578,0.20425833761692047,No
3579,0.1518486589193344,No
3580,0.2724698781967163,No
3581,0.23197650909423828,No
3582,0.2700009346008301,No
3583,0.21396347880363464,No
3584,0.28364506363868713,No
3585,0.20114998519420624,No
3586,0.25871482491493225,No
3587,0.1954183280467987,No
3588,0.24726727604866028,No
3589,0.2138270139694214,No
3590,0.20271694660186768,No
3591,0.15947793424129486,No
3592,0.2568935751914978,No
3593,0.23374159634113312,No
3594,0.2567031681537628,No
3595,0.2034287303686142,No
3596,0.18371404707431793,No
3597,0.1294730007648468,No
3598,0.1870298832654953,No
3599,0.12204991281032562,No
3600,0.22776642441749573,No
3601,0.203188955783844,No
3602,0.31710508465766907,No
3603,0.15799278020858765,No
3604,0.331764817237854,No
3605,0.1692209541797638,No
3606,0.16757795214653015,No
3607,0.15618985891342163,No
3608,0.16398708522319794,No
3609,0.17268899083137512,No
3610,0.12989924848079681,No
3611,0.12737460434436798,No
3612,0.3520483374595642,No
3613,0.20778635144233704,No
3614,0.16990289092063904,No
3615,0.14965686202049255,No
3616,0.1594175100326538,No
3617,0.1354953497648239,No
3618,0.17965079843997955,No
3619,0.12164411693811417,No
3620,0.2852306067943573,No
3621,0.19988971948623657,No
3622,0.2664191424846649,No
3623,0.13843987882137299,No
3624,0.2489326149225235,No
3625,0.15615515410900116,No
3626,0.24463333189487457,No
3627,0.15548405051231384,No
3628,0.20774447917938232,No
3629,0.1758771687746048,No
3630,0.15529748797416687,No
3631,0.12053461372852325,No
3632,0.3477818965911865,No
3633,0.2541700601577759,No
3634,0.19712188839912415,No
3635,0.12037304788827896,No
3636,0.1711762696504593,No
3637,0.1247049868106842,No
3638,0.18871895968914032,No
3639,0.1126464456319809,No
3640,0.2412744015455246,No
3641,0.1602008193731308,No
3642,0.26537609100341797,No
3643,0.1499217003583908,No
3644,0.26294273138046265,No
3645,0.14817409217357635,No
3646,0.24281048774719238,No
3647,0.1379794329404831,No
3648,0.19880621135234833,No
3649,0.14906390011310577,No
3650,0.13259506225585938,No
3651,0.11044587939977646,No
3652,0.29870378971099854,No
3653,0.20867013931274414,No
3654,0.17205481231212616,No
3655,0.11222093552350998,No
3656,0.14734922349452972,No
3657,0.10398932546377182,No
3658,0.20325729250907898,No
3659,0.12216971814632416,No
3660,0.22599683701992035,No
3661,0.233912393450737,No
3662,0.17153602838516235,No
3663,0.14607775211334229,No
3664,0.2764968276023865,No
3665,0.27757692337036133,No
3666,0.247682586312294,No
3667,0.2694348990917206,No
3668,0.14526167511940002,No
3669,0.1622500866651535,No
3670,0.1281140297651291,No
3671,0.13926467299461365,No
3672,0.273754745721817,No
3673,0.2823725938796997,No
3674,0.14913977682590485,No
3675,0.13994641602039337,No
3676,0.21539002656936646,No
3677,0.20364120602607727,No
3678,0.15944410860538483,No
3679,0.14642870426177979,No
3680,0.21971681714057922,No
3681,0.20585906505584717,No
3682,0.2529546916484833,No
3683,0.14440307021141052,No
3684,0.23228707909584045,No
3685,0.1647939383983612,No
3686,0.2503676414489746,No
3687,0.15411347150802612,No
3688,0.2000323385000229,No
3689,0.1405668705701828,No
3690,0.1671862155199051,No
3691,0.12540993094444275,No
3692,0.3392593264579773,No
3693,0.20674216747283936,No
3694,0.20070780813694,No
3695,0.12040629237890244,No
3696,0.19571009278297424,No
3697,0.1356128603219986,No
3698,0.19825562834739685,No
3699,0.1300266981124878,No
3700,0.2415347844362259,No
3701,0.19615408778190613,No
3702,0.22466585040092468,No
3703,0.1756683588027954,No
3704,0.2286895513534546,No
3705,0.12838134169578552,No
3706,0.29659566283226013,No
3707,0.1708810180425644,No
3708,0.16715013980865479,No
3709,0.14449509978294373,No
3710,0.13770173490047455,No
3711,0.10682804137468338,No
3712,0.38644954562187195,No
3713,0.23214827477931976,No
3714,0.15856049954891205,No
3715,0.11631681025028229,No
3716,0.16945849359035492,No
3717,0.11774397641420364,No
3718,0.16735872626304626,No
3719,0.1077340617775917,No
3720,0.21182498335838318,No
3721,0.22541804611682892,No
3722,0.22036001086235046,No
3723,0.18825049698352814,No
3724,0.23780550062656403,No
3725,0.20736907422542572,No
3726,0.21161332726478577,No
3727,0.23281744122505188,No
3728,0.18516424298286438,No
3729,0.201466903090477,No
3730,0.17134813964366913,No
3731,0.10591816902160645,No
3732,0.40707629919052124,No
3733,0.16095112264156342,No
3734,0.17823095619678497,No
3735,0.14081721007823944,No
3736,0.12653878331184387,No
3737,0.10503705590963364,No
3738,0.14078326523303986,No
3739,0.10738223046064377,No
3740,0.20002515614032745,No
3741,0.16182829439640045,No
3742,0.26998090744018555,No
3743,0.16371828317642212,No
3744,0.24038168787956238,No
3745,0.17277422547340393,No
3746,0.22102592885494232,No
3747,0.15128590166568756,No
3748,0.21030090749263763,No
3749,0.16708844900131226,No
3750,0.14246968924999237,No
3751,0.1113610565662384,No
3752,0.252303808927536,No
3753,0.16970935463905334,No
3754,0.17330798506736755,No
3755,0.1154739111661911,No
3756,0.1583198606967926,No
3757,0.11708573997020721,No
3758,0.18199805915355682,No
3759,0.12263386696577072,No
3760,0.21354836225509644,No
3761,0.15424032509326935,No
3762,0.3564302921295166,No
3763,0.18654994666576385,No
3764,0.37054070830345154,No
3765,0.17766205966472626,No
3766,0.3139951527118683,No
3767,0.19283682107925415,No
3768,0.21506959199905396,No
3769,0.171035036444664,No
3770,0.16899853944778442,No
3771,0.12835152447223663,No
3772,0.3417864441871643,No
3773,0.26898396015167236,No
3774,0.2068493366241455,No
3775,0.13022759556770325,No
3776,0.22693467140197754,No
3777,0.13029024004936218,No
3778,0.2515290677547455,No
3779,0.13990581035614014,No
3780,0.23949813842773438,No
3781,0.1732954978942871,No
3782,0.3639110028743744,No
3783,0.18391157686710358,No
3784,0.402698814868927,No
3785,0.1663302630186081,No
3786,0.2741582989692688,No
3787,0.16482342779636383,No
3788,0.20206506550312042,No
3789,0.1592131406068802,No
3790,0.13467589020729065,No
3791,0.11569900810718536,No
3792,0.3739517331123352,No
3793,0.2603788375854492,No
3794,0.22906604409217834,No
3795,0.1485346555709839,No
3796,0.20334282517433167,No
3797,0.11849527060985565,No
3798,0.2336266189813614,No
3799,0.1307251900434494,No
3800,0.21325425803661346,No
3801,0.14763879776000977,No
3802,0.25756222009658813,No
3803,0.15185043215751648,No
3804,0.20603081583976746,No
3805,0.16145730018615723,No
3806,0.22200258076190948,No
3807,0.1521489918231964,No
3808,0.164959117770195,No
3809,0.13502345979213715,No
3810,0.14705345034599304,No
3811,0.12171325832605362,No
3812,0.33508431911468506,No
3813,0.17226126790046692,No
3814,0.17713616788387299,No
3815,0.1189020425081253,No
3816,0.18621790409088135,No
3817,0.13575993478298187,No
3818,0.18162402510643005,No
3819,0.11114373803138733,No
3820,0.25174859166145325,No
3821,0.17946603894233704,No
3822,0.23218099772930145,No
3823,0.16154611110687256,No
3824,0.2865806519985199,No
3825,0.18530039489269257,No
3826,0.18898217380046844,No
3827,0.15355242788791656,No
3828,0.15212631225585938,No
3829,0.11264783143997192,No
3830,0.13664542138576508,No
3831,0.104585662484169,No
3832,0.28912657499313354,No
3833,0.2642206847667694,No
3834,0.16079114377498627,No
3835,0.12139133363962173,No
3836,0.15861926972866058,No
3837,0.11718536913394928,No
3838,0.20101621747016907,No
3839,0.1215958371758461,No
3840,0.2614747881889343,No
3841,0.22506214678287506,No
3842,0.27040109038352966,No
3843,0.14427527785301208,No
3844,0.24007824063301086,No
3845,0.14778833091259003,No
3846,0.25743186473846436,No
3847,0.19127881526947021,No
3848,0.2450389266014099,No
3849,0.19856108725070953,No
3850,0.14081048965454102,No
3851,0.11109817773103714,No
3852,0.315499484539032,No
3853,0.22279959917068481,No
3854,0.18439818918704987,No
3855,0.11766941845417023,No
3856,0.15290334820747375,No
3857,0.11838651448488235,No
3858,0.19743986427783966,No
3859,0.13758279383182526,No
3860,0.30689913034439087,No
3861,0.19051240384578705,No
3862,0.2514233887195587,No
3863,0.12903045117855072,No
3864,0.3174816370010376,No
3865,0.1677631139755249,No
3866,0.25693780183792114,No
3867,0.16384854912757874,No
3868,0.2156980037689209,No
3869,0.154084250330925,No
3870,0.13161149621009827,No
3871,0.10630516707897186,No
3872,0.2932440936565399,No
3873,0.2546372711658478,No
3874,0.1935368776321411,No
3875,0.12776710093021393,No
3876,0.2019723504781723,No
3877,0.12498722970485687,No
3878,0.2120385318994522,No
3879,0.114671491086483,No
3880,0.20115092396736145,No
3881,0.1316864788532257,No
3882,0.2317851185798645,No
3883,0.12998579442501068,No
3884,0.22846068441867828,No
3885,0.10838265717029572,No
3886,0.22777272760868073,No
3887,0.1321389079093933,No
3888,0.16183307766914368,No
3889,0.12842415273189545,No
3890,0.12670950591564178,No
3891,0.10146987438201904,No
3892,0.2372771054506302,No
3893,0.18483470380306244,No
3894,0.16697190701961517,No
3895,0.10038287192583084,No
3896,0.13667821884155273,No
3897,0.09041284769773483,No
3898,0.16904744505882263,No
3899,0.10450770705938339,No
3900,0.26025131344795227,No
3901,0.2351056933403015,No
3902,0.1597743034362793,No
3903,0.13098284602165222,No
3904,0.23857218027114868,No
3905,0.18180130422115326,No
3906,0.2009885609149933,No
3907,0.18436798453330994,No
3908,0.25149285793304443,No
3909,0.1748621016740799,No
3910,0.11270640045404434,No
3911,0.13080765306949615,No
3912,0.22972843050956726,No
3913,0.23896579444408417,No
3914,0.17178136110305786,No
3915,0.12435783445835114,No
3916,0.1703912615776062,No
3917,0.11555737257003784,No
3918,0.23001089692115784,No
3919,0.15907597541809082,No
3920,0.19818349182605743,No
3921,0.1411433219909668,No
3922,0.243821382522583,No
3923,0.12208443880081177,No
3924,0.23246917128562927,No
3925,0.122701495885849,No
3926,0.24155347049236298,No
3927,0.12823981046676636,No
3928,0.15548472106456757,No
3929,0.10051588714122772,No
3930,0.12423776090145111,No
3931,0.09730882197618484,No
3932,0.2134672999382019,No
3933,0.15210099518299103,No
3934,0.193744495511055,No
3935,0.11090127378702164,No
3936,0.16847221553325653,No
3937,0.09860183298587799,No
3938,0.20532487332820892,No
3939,0.12137778848409653,No
3940,0.22961273789405823,No
3941,0.23788635432720184,No
3942,0.2728787958621979,No
3943,0.1162300705909729,No
3944,0.20998002588748932,No
3945,0.1331438571214676,No
3946,0.2829538881778717,No
3947,0.13813595473766327,No
3948,0.17749430239200592,No
3949,0.19249138236045837,No
3950,0.15752491354942322,No
3951,0.12986499071121216,No
3952,0.38774290680885315,No
3953,0.251302570104599,No
3954,0.2296847552061081,No
3955,0.1290208399295807,No
3956,0.19569306075572968,No
3957,0.12872815132141113,No
3958,0.24192509055137634,No
3959,0.14838041365146637,No
3960,0.16806566715240479,No
3961,0.1768457591533661,No
3962,0.20423784852027893,No
3963,0.17990532517433167,No
3964,0.21140117943286896,No
3965,0.19692540168762207,No
3966,0.2008970081806183,No
3967,0.1797333061695099,No
3968,0.13316914439201355,No
3969,0.1163477972149849,No
3970,0.12968392670154572,No
3971,0.12255162000656128,No
3972,0.2038305401802063,No
3973,0.18335698544979095,No
3974,0.15300002694129944,No
3975,0.1420036405324936,No
3976,0.12921039760112762,No
3977,0.11088381707668304,No
3978,0.1888359934091568,No
3979,0.14780695736408234,No
3980,0.18130402266979218,No
3981,0.17111186683177948,No
3982,0.18272502720355988,No
3983,0.11844678223133087,No
3984,0.24604982137680054,No
3985,0.16820897161960602,No
3986,0.1927933245897293,No
3987,0.15420940518379211,No
3988,0.19619743525981903,No
3989,0.16430914402008057,No
3990,0.13407045602798462,No
3991,0.1217251867055893,No
3992,0.2625121772289276,No
3993,0.21983052790164948,No
3994,0.17476800084114075,No
3995,0.1352134793996811,No
3996,0.13848000764846802,No
3997,0.10774821788072586,No
3998,0.16802111268043518,No
3999,0.11901278048753738,No
4000,0.4527320861816406,No
4001,0.3303070366382599,No
4002,0.4715375304222107,No
4003,0.19354870915412903,No
4004,0.4283379018306732,No
4005,0.20537333190441132,No
4006,0.22237320244312286,No
4007,0.15358658134937286,No
4008,0.2404283881187439,No
4009,0.22304180264472961,No
4010,0.15940697491168976,No
4011,0.1816166341304779,No
4012,0.5625889897346497,Yes
4013,0.21745553612709045,No
4014,0.26069146394729614,No
4015,0.34493008255958557,No
4016,0.3307233154773712,No
4017,0.23232805728912354,No
4018,0.3348589837551117,No
4019,0.2255409061908722,No
4020,0.4069683253765106,No
4021,0.3021785318851471,No
4022,0.3218678832054138,No
4023,0.14811262488365173,No
4024,0.43752846121788025,No
4025,0.20669551193714142,No
4026,0.46717724204063416,No
4027,0.21475522220134735,No
4028,0.352848619222641,No
4029,0.2600391209125519,No
4030,0.37615451216697693,No
4031,0.275270015001297,No
4032,0.6439629197120667,Yes
4033,0.41613146662712097,No
4034,0.41343650221824646,No
4035,0.27749526500701904,No
4036,0.49650976061820984,No
4037,0.22819143533706665,No
4038,0.3216267228126526,No
4039,0.17785297334194183,No
4040,0.3335321247577667,No
4041,0.21211829781532288,No
4042,0.39946210384368896,No
4043,0.20811451971530914,No
4044,0.3707839846611023,No
4045,0.18675686419010162,No
4046,0.39532047510147095,No
4047,0.19447357952594757,No
4048,0.33110111951828003,No
4049,0.24957086145877838,No
4050,0.3060474097728729,No
4051,0.1704942286014557,No
4052,0.461869478225708,No
4053,0.2526809871196747,No
4054,0.26455697417259216,No
4055,0.1780511885881424,No
4056,0.33522406220436096,No
4057,0.15004323422908783,No
4058,0.4250575602054596,No
4059,0.2517021894454956,No
4060,0.26804807782173157,No
4061,0.3507981300354004,No
4062,0.1871897578239441,No
4063,0.21480895578861237,No
4064,0.33154138922691345,No
4065,0.33608609437942505,No
4066,0.35717418789863586,No
4067,0.3542245328426361,No
4068,0.22139745950698853,No
4069,0.28457149863243103,No
4070,0.24071240425109863,No
4071,0.2616989314556122,No
4072,0.42853376269340515,No
4073,0.4164349138736725,No
4074,0.21865922212600708,No
4075,0.2659003436565399,No
4076,0.33590230345726013,No
4077,0.32343021035194397,No
4078,0.20835758745670319,No
4079,0.20869702100753784,No
4080,0.3720020651817322,No
4081,0.34217625856399536,No
4082,0.34486111998558044,No
4083,0.2253379225730896,No
4084,0.36175933480262756,No
4085,0.1622592955827713,No
4086,0.49845805764198303,No
4087,0.2000407874584198,No
4088,0.2843444347381592,No
4089,0.17429444193840027,No
4090,0.38818269968032837,No
4091,0.25244587659835815,No
4092,0.4727669954299927,No
4093,0.22778069972991943,No
4094,0.3552072048187256,No
4095,0.17140498757362366,No
4096,0.4312746822834015,No
4097,0.17532403767108917,No
4098,0.48258721828460693,No
4099,0.2943800389766693,No
4100,0.2755264341831207,No
4101,0.19831417500972748,No
4102,0.3088648021221161,No
4103,0.20780934393405914,No
4104,0.27815836668014526,No
4105,0.1525016874074936,No
4106,0.4605029821395874,No
4107,0.1759827733039856,No
4108,0.2178744375705719,No
4109,0.18316583335399628,No
4110,0.20405393838882446,No
4111,0.11616349965333939,No
4112,0.5430710315704346,Yes
4113,0.23972554504871368,No
4114,0.2284868061542511,No
4115,0.19725389778614044,No
4116,0.262681245803833,No
4117,0.12767013907432556,No
4118,0.26581674814224243,No
4119,0.18507914245128632,No
4120,0.48544761538505554,No
4121,0.393507719039917,No
4122,0.23747561872005463,No
4123,0.2448645979166031,No
4124,0.27523571252822876,No
4125,0.26279333233833313,No
4126,0.31887030601501465,No
4127,0.3294701874256134,No
4128,0.28285452723503113,No
4129,0.31071150302886963,No
4130,0.43138036131858826,No
4131,0.15340378880500793,No
4132,0.46620842814445496,No
4133,0.18307726085186005,No
4134,0.3554532825946808,No
4135,0.277018278837204,No
4136,0.29043611884117126,No
4137,0.15157580375671387,No
4138,0.272586464881897,No
4139,0.18300417065620422,No
4140,0.3626033663749695,No
4141,0.33652132749557495,No
4142,0.3383113145828247,No
4143,0.19868040084838867,No
4144,0.33564767241477966,No
4145,0.2013644278049469,No
4146,0.4207404553890228,No
4147,0.20524287223815918,No
4148,0.3816353976726532,No
4149,0.27282044291496277,No
4150,0.31633761525154114,No
4151,0.22164268791675568,No
4152,0.5744972229003906,Yes
4153,0.34710240364074707,No
4154,0.3771311640739441,No
4155,0.2668149471282959,No
4156,0.480449914932251,No
4157,0.21528057754039764,No
4158,0.4301597774028778,No
4159,0.24394875764846802,No
4160,0.4617002308368683,No
4161,0.22571396827697754,No
4162,0.5745047330856323,Yes
4163,0.2523203194141388,No
4164,0.532939076423645,Yes
4165,0.25073760747909546,No
4166,0.6159212589263916,Yes
4167,0.2804615795612335,No
4168,0.39622002840042114,No
4169,0.2727128565311432,No
4170,0.43289634585380554,No
4171,0.23122063279151917,No
4172,0.52988201379776,Yes
4173,0.27461984753608704,No
4174,0.41102278232574463,No
4175,0.2901753783226013,No
4176,0.5705161094665527,Yes
4177,0.24448040127754211,No
4178,0.3755497634410858,No
4179,0.21071620285511017,No
4180,0.46169689297676086,No
4181,0.25436434149742126,No
4182,0.5410436987876892,Yes
4183,0.23224930465221405,No
4184,0.503004252910614,Yes
4185,0.22557169198989868,No
4186,0.550156831741333,Yes
4187,0.20145158469676971,No
4188,0.362477570772171,No
4189,0.2493879497051239,No
4190,0.2667049467563629,No
4191,0.15292346477508545,No
4192,0.41183286905288696,No
4193,0.2099865823984146,No
4194,0.4200481176376343,No
4195,0.3218800723552704,No
4196,0.5248643755912781,Yes
4197,0.20270824432373047,No
4198,0.39431244134902954,No
4199,0.22848588228225708,No
4200,0.24016205966472626,No
4201,0.187526673078537,No
4202,0.2776653468608856,No
4203,0.15124578773975372,No
4204,0.2672330439090729,No
4205,0.17874775826931,No
4206,0.3247436285018921,No
4207,0.1622697412967682,No
4208,0.1704188734292984,No
4209,0.14734961092472076,No
4210,0.2450704574584961,No
4211,0.17553186416625977,No
4212,0.5014891028404236,Yes
4213,0.19944480061531067,No
4214,0.3381000757217407,No
4215,0.2217421978712082,No
4216,0.44353029131889343,No
4217,0.2225891500711441,No
4218,0.32318201661109924,No
4219,0.17179010808467865,No
4220,0.4010674059391022,No
4221,0.31803277134895325,No
4222,0.27065935730934143,No
4223,0.20350705087184906,No
4224,0.33401647210121155,No
4225,0.18303190171718597,No
4226,0.247558131814003,No
4227,0.14031507074832916,No
4228,0.21596887707710266,No
4229,0.1791759729385376,No
4230,0.29422158002853394,No
4231,0.157036691904068,No
4232,0.371143102645874,No
4233,0.27643415331840515,No
4234,0.19607290625572205,No
4235,0.17384053766727448,No
4236,0.2808949649333954,No
4237,0.13350409269332886,No
4238,0.3756040632724762,No
4239,0.19784629344940186,No
4240,0.34116485714912415,No
4241,0.32076340913772583,No
4242,0.2900858521461487,No
4243,0.1353001445531845,No
4244,0.38446271419525146,No
4245,0.23128867149353027,No
4246,0.415547251701355,No
4247,0.21225324273109436,No
4248,0.37054604291915894,No
4249,0.2876974642276764,No
4250,0.29347434639930725,No
4251,0.24936409294605255,No
4252,0.5282894372940063,Yes
4253,0.31584402918815613,No
4254,0.32184305787086487,No
4255,0.24276520311832428,No
4256,0.3165532946586609,No
4257,0.17146824300289154,No
4258,0.42410191893577576,No
4259,0.2684410512447357,No
4260,0.3655845820903778,No
4261,0.18962794542312622,No
4262,0.4187792241573334,No
4263,0.1999090164899826,No
4264,0.4317510426044464,No
4265,0.19773858785629272,No
4266,0.4448632001876831,No
4267,0.20925438404083252,No
4268,0.3242587149143219,No
4269,0.21723081171512604,No
4270,0.20928893983364105,No
4271,0.12371153384447098,No
4272,0.5070962309837341,Yes
4273,0.28758159279823303,No
4274,0.3350832164287567,No
4275,0.2605164051055908,No
4276,0.3584911823272705,No
4277,0.15595833957195282,No
4278,0.2858622968196869,No
4279,0.16479726135730743,No
4280,0.28897666931152344,No
4281,0.15813753008842468,No
4282,0.25121286511421204,No
4283,0.11691217869520187,No
4284,0.30463889241218567,No
4285,0.16048666834831238,No
4286,0.34161463379859924,No
4287,0.15420211851596832,No
4288,0.2663801610469818,No
4289,0.18839329481124878,No
4290,0.24668504297733307,No
4291,0.14907686412334442,No
4292,0.27578842639923096,No
4293,0.14786168932914734,No
4294,0.2926556468009949,No
4295,0.2091691792011261,No
4296,0.27421441674232483,No
4297,0.1252361387014389,No
4298,0.25592872500419617,No
4299,0.14398109912872314,No
4300,0.3845822513103485,No
4301,0.36310407519340515,No
4302,0.19868527352809906,No
4303,0.2272511124610901,No
4304,0.2735220193862915,No
4305,0.19299353659152985,No
4306,0.32141515612602234,No
4307,0.22401244938373566,No
4308,0.4571460783481598,No
4309,0.2953568696975708,No
4310,0.17401285469532013,No
4311,0.2435675710439682,No
4312,0.3512895107269287,No
4313,0.3082900941371918,No
4314,0.35310110449790955,No
4315,0.2803685963153839,No
4316,0.40001705288887024,No
4317,0.1788988560438156,No
4318,0.3716668486595154,No
4319,0.284322053194046,No
4320,0.3539266288280487,No
4321,0.2079000324010849,No
4322,0.26561862230300903,No
4323,0.119517982006073,No
4324,0.31150081753730774,No
4325,0.15124382078647614,No
4326,0.4126298427581787,No
4327,0.1753496676683426,No
4328,0.2603098452091217,No
4329,0.17215217649936676,No
4330,0.27872616052627563,No
4331,0.14414635300636292,No
4332,0.3528805673122406,No
4333,0.18938668072223663,No
4334,0.33922266960144043,No
4335,0.24872827529907227,No
4336,0.2649851143360138,No
4337,0.12397787719964981,No
4338,0.36916565895080566,No
4339,0.20424768328666687,No
4340,0.2845105528831482,No
4341,0.3555750846862793,No
4342,0.37259000539779663,No
4343,0.12250188738107681,No
4344,0.2980027198791504,No
4345,0.15072445571422577,No
4346,0.48116186261177063,No
4347,0.20626826584339142,No
4348,0.2870607376098633,No
4349,0.3434324562549591,No
4350,0.29073843359947205,No
4351,0.16735145449638367,No
4352,0.6846786141395569,Yes
4353,0.3858295977115631,No
4354,0.4213956892490387,No
4355,0.19471608102321625,No
4356,0.5520641803741455,Yes
4357,0.2421739101409912,No
4358,0.5047255754470825,Yes
4359,0.2723509669303894,No
4360,0.23660801351070404,No
4361,0.23949167132377625,No
4362,0.20010483264923096,No
4363,0.18299534916877747,No
4364,0.221272811293602,No
4365,0.19723626971244812,No
4366,0.24885670840740204,No
4367,0.20864281058311462,No
4368,0.19493722915649414,No
4369,0.19499975442886353,No
4370,0.1895761936903,No
4371,0.17104677855968475,No
4372,0.18051064014434814,No
4373,0.14860104024410248,No
4374,0.21894653141498566,No
4375,0.2542928159236908,No
4376,0.2086249589920044,No
4377,0.15477748215198517,No
4378,0.26168420910835266,No
4379,0.20439252257347107,No
4380,0.29622796177864075,No
4381,0.2258380651473999,No
4382,0.27436724305152893,No
4383,0.1870635598897934,No
4384,0.2761901021003723,No
4385,0.20700201392173767,No
4386,0.29395490884780884,No
4387,0.18092279136180878,No
4388,0.2592374086380005,No
4389,0.24077780544757843,No
4390,0.2454122006893158,No
4391,0.17976735532283783,No
4392,0.2519756555557251,No
4393,0.18815968930721283,No
4394,0.28988802433013916,No
4395,0.2880198061466217,No
4396,0.26819735765457153,No
4397,0.15931536257266998,No
4398,0.2459496110677719,No
4399,0.17167061567306519,No
4400,0.3133566677570343,No
4401,0.2686082422733307,No
4402,0.30972978472709656,No
4403,0.13579076528549194,No
4404,0.3551172614097595,No
4405,0.16230639815330505,No
4406,0.17903824150562286,No
4407,0.13223813474178314,No
4408,0.17457148432731628,No
4409,0.20463398098945618,No
4410,0.1488272249698639,No
4411,0.1629299372434616,No
4412,0.36985188722610474,No
4413,0.1716081202030182,No
4414,0.18899498879909515,No
4415,0.1935061514377594,No
4416,0.18470944464206696,No
4417,0.12480723112821579,No
4418,0.20857040584087372,No
4419,0.14714442193508148,No
4420,0.3142520487308502,No
4421,0.2329901158809662,No
4422,0.24559685587882996,No
4423,0.14009162783622742,No
4424,0.2720765769481659,No
4425,0.15940789878368378,No
4426,0.301582932472229,No
4427,0.14584292471408844,No
4428,0.2492273449897766,No
4429,0.2277587205171585,No
4430,0.20329372584819794,No
4431,0.1670805960893631,No
4432,0.3564588129520416,No
4433,0.2613052427768707,No
4434,0.2270839810371399,No
4435,0.15454302728176117,No
4436,0.2281920462846756,No
4437,0.13190777599811554,No
4438,0.2303011417388916,No
4439,0.15514101088047028,No
4440,0.2960573732852936,No
4441,0.19125699996948242,No
4442,0.2525545656681061,No
4443,0.1388721913099289,No
4444,0.2480386644601822,No
4445,0.12788772583007812,No
4446,0.25126829743385315,No
4447,0.12511660158634186,No
4448,0.21676596999168396,No
4449,0.17520388960838318,No
4450,0.1718716025352478,No
4451,0.11677917093038559,No
4452,0.25867387652397156,No
4453,0.1694612205028534,No
4454,0.1670365333557129,No
4455,0.11558444797992706,No
4456,0.17480486631393433,No
4457,0.09695044904947281,No
4458,0.25812286138534546,No
4459,0.16815468668937683,No
4460,0.24637371301651,No
4461,0.3002607226371765,No
4462,0.14355170726776123,No
4463,0.1612311154603958,No
4464,0.2644522488117218,No
4465,0.2336445152759552,No
4466,0.24404938519001007,No
4467,0.2316153347492218,No
4468,0.14692021906375885,No
4469,0.19265791773796082,No
4470,0.14263273775577545,No
4471,0.15481151640415192,No
4472,0.2576550245285034,No
4473,0.2643182575702667,No
4474,0.15233547985553741,No
4475,0.15039420127868652,No
4476,0.2727234959602356,No
4477,0.24484732747077942,No
4478,0.1728576123714447,No
4479,0.17864802479743958,No
4480,0.2414490282535553,No
4481,0.2351563572883606,No
4482,0.21408900618553162,No
4483,0.1482905000448227,No
4484,0.23463983833789825,No
4485,0.13853108882904053,No
4486,0.32193228602409363,No
4487,0.13808508217334747,No
4488,0.2008572518825531,No
4489,0.1645383983850479,No
4490,0.2183835655450821,No
4491,0.16211585700511932,No
4492,0.3107692003250122,No
4493,0.1798408478498459,No
4494,0.21067887544631958,No
4495,0.12931065261363983,No
4496,0.28606271743774414,No
4497,0.1356775164604187,No
4498,0.2658080458641052,No
4499,0.19312360882759094,No
4500,0.25417786836624146,No
4501,0.18714168667793274,No
4502,0.22295914590358734,No
4503,0.1485864520072937,No
4504,0.21884426474571228,No
4505,0.10845701396465302,No
4506,0.34192392230033875,No
4507,0.13152357935905457,No
4508,0.17410063743591309,No
4509,0.1644185483455658,No
4510,0.15607933700084686,No
4511,0.10486652702093124,No
4512,0.3568766117095947,No
4513,0.17011961340904236,No
4514,0.16368719935417175,No
4515,0.12283845245838165,No
4516,0.20326249301433563,No
4517,0.09918107837438583,No
4518,0.18317480385303497,No
4519,0.12954583764076233,No
4520,0.30570754408836365,No
4521,0.25516313314437866,No
4522,0.21224983036518097,No
4523,0.2202608287334442,No
4524,0.23320119082927704,No
4525,0.18778228759765625,No
4526,0.2560715973377228,No
4527,0.21152350306510925,No
4528,0.2145269364118576,No
4529,0.247089684009552,No
4530,0.23205335438251495,No
4531,0.10241743922233582,No
4532,0.3531314432621002,No
4533,0.14819958806037903,No
4534,0.19137953221797943,No
4535,0.1504848599433899,No
4536,0.1654825508594513,No
4537,0.09776859730482101,No
4538,0.16530640423297882,No
4539,0.13608907163143158,No
4540,0.2576437294483185,No
4541,0.2615629732608795,No
4542,0.22698096930980682,No
4543,0.15169119834899902,No
4544,0.25081324577331543,No
4545,0.16413408517837524,No
4546,0.27781206369400024,No
4547,0.13905870914459229,No
4548,0.22375868260860443,No
4549,0.18975432217121124,No
4550,0.17460888624191284,No
4551,0.14895963668823242,No
4552,0.27939707040786743,No
4553,0.19306086003780365,No
4554,0.19357478618621826,No
4555,0.14150361716747284,No
4556,0.21623773872852325,No
4557,0.12419857829809189,No
4558,0.22650088369846344,No
4559,0.16658997535705566,No
4560,0.2703840136528015,No
4561,0.1641070544719696,No
4562,0.37634873390197754,No
4563,0.18984980881214142,No
4564,0.37479594349861145,No
4565,0.17468194663524628,No
4566,0.3576112687587738,No
4567,0.1668798178434372,No
4568,0.2778685986995697,No
4569,0.23373229801654816,No
4570,0.22323200106620789,No
4571,0.14705729484558105,No
4572,0.394715279340744,No
4573,0.2422342151403427,No
4574,0.2414092868566513,No
4575,0.17111952602863312,No
4576,0.3204186260700226,No
4577,0.1412278562784195,No
4578,0.2996120750904083,No
4579,0.1893319934606552,No
4580,0.32233601808547974,No
4581,0.19763930141925812,No
4582,0.3499172627925873,No
4583,0.16669249534606934,No
4584,0.42152515053749084,No
4585,0.18387585878372192,No
4586,0.3167881965637207,No
4587,0.13915593922138214,No
4588,0.2513429820537567,No
4589,0.21309688687324524,No
4590,0.17004692554473877,No
4591,0.12214217334985733,No
4592,0.33533531427383423,No
4593,0.21371006965637207,No
4594,0.2687118649482727,No
4595,0.2012450098991394,No
4596,0.29403191804885864,No
4597,0.12560869753360748,No
4598,0.2618412673473358,No
4599,0.16534802317619324,No
4600,0.22229494154453278,No
4601,0.1796794831752777,No
4602,0.25523999333381653,No
4603,0.13967223465442657,No
4604,0.18490822613239288,No
4605,0.13186876475811005,No
4606,0.24335399270057678,No
4607,0.12666866183280945,No
4608,0.15645883977413177,No
4609,0.1375659704208374,No
4610,0.1927102655172348,No
4611,0.14522726833820343,No
4612,0.29771170020103455,No
4613,0.15164388716220856,No
4614,0.22175367176532745,No
4615,0.13598336279392242,No
4616,0.252623587846756,No
4617,0.14496535062789917,No
4618,0.2034786194562912,No
4619,0.13123928010463715,No
4620,0.29037776589393616,No
4621,0.24371278285980225,No
4622,0.20353317260742188,No
4623,0.15422920882701874,No
4624,0.25365784764289856,No
4625,0.13199123740196228,No
4626,0.19321520626544952,No
4627,0.1157497763633728,No
4628,0.15552163124084473,No
4629,0.13081610202789307,No
4630,0.16911625862121582,No
4631,0.1153436154127121,No
4632,0.26342305541038513,No
4633,0.20150811970233917,No
4634,0.16138000786304474,No
4635,0.125414177775383,No
4636,0.2047135978937149,No
4637,0.11445997655391693,No
4638,0.24860025942325592,No
4639,0.15365299582481384,No
4640,0.25603678822517395,No
4641,0.2472010999917984,No
4642,0.24902962148189545,No
4643,0.1431451439857483,No
4644,0.22502917051315308,No
4645,0.13869261741638184,No
4646,0.3050423562526703,No
4647,0.16854362189769745,No
4648,0.2692933976650238,No
4649,0.23941650986671448,No
4650,0.16574889421463013,No
4651,0.15191379189491272,No
4652,0.3284498155117035,No
4653,0.21200904250144958,No
4654,0.1781664490699768,No
4655,0.13373605906963348,No
4656,0.17573268711566925,No
4657,0.10391299426555634,No
4658,0.25870001316070557,No
4659,0.18108876049518585,No
4660,0.312269389629364,No
4661,0.17558878660202026,No
4662,0.22142226994037628,No
4663,0.10829897969961166,No
4664,0.33277562260627747,No
4665,0.1568465381860733,No
4666,0.26396432518959045,No
4667,0.12719953060150146,No
4668,0.21724975109100342,No
4669,0.16531985998153687,No
4670,0.14638639986515045,No
4671,0.09697277843952179,No
4672,0.2712559700012207,No
4673,0.18122586607933044,No
4674,0.1892160028219223,No
4675,0.14316333830356598,No
4676,0.24648164212703705,No
4677,0.11488413065671921,No
4678,0.23174437880516052,No
4679,0.14715489745140076,No
4680,0.23995469510555267,No
4681,0.1418316811323166,No
4682,0.23843315243721008,No
4683,0.1208946630358696,No
4684,0.24532514810562134,No
4685,0.11198659241199493,No
4686,0.22459854185581207,No
4687,0.10527835786342621,No
4688,0.1821649968624115,No
4689,0.15524594485759735,No
4690,0.1534937471151352,No
4691,0.10734929889440536,No
4692,0.2213023155927658,No
4693,0.14010579884052277,No
4694,0.18601277470588684,No
4695,0.12643848359584808,No
4696,0.15799358487129211,No
4697,0.08752074092626572,No
4698,0.20059441030025482,No
4699,0.13379402458667755,No
4700,0.3278101086616516,No
4701,0.31304270029067993,No
4702,0.1426897794008255,No
4703,0.16453662514686584,No
4704,0.22201751172542572,No
4705,0.16252286732196808,No
4706,0.2303563803434372,No
4707,0.16793611645698547,No
4708,0.262544184923172,No
4709,0.18710491061210632,No
4710,0.12249680608510971,No
4711,0.1702231615781784,No
4712,0.21642819046974182,No
4713,0.2196495234966278,No
4714,0.2055402249097824,No
4715,0.1474025845527649,No
4716,0.22223904728889465,No
4717,0.115655817091465,No
4718,0.3000291883945465,No
4719,0.22665822505950928,No
4720,0.23423126339912415,No
4721,0.14364998042583466,No
4722,0.23667053878307343,No
4723,0.11406231671571732,No
4724,0.23101064562797546,No
4725,0.10864105075597763,No
4726,0.262706995010376,No
4727,0.11508791893720627,No
4728,0.16839635372161865,No
4729,0.12402860820293427,No
4730,0.156232550740242,No
4731,0.1003023311495781,No
4732,0.1958044469356537,No
4733,0.13112834095954895,No
4734,0.1994839906692505,No
4735,0.1347745805978775,No
4736,0.21269503235816956,No
4737,0.10361713171005249,No
4738,0.25662848353385925,No
4739,0.16015702486038208,No
4740,0.2515505850315094,No
4741,0.2977665960788727,No
4742,0.25958049297332764,No
4743,0.10785837471485138,No
4744,0.20645973086357117,No
4745,0.12091745436191559,No
4746,0.31846120953559875,No
4747,0.13076911866664886,No
4748,0.19337503612041473,No
4749,0.2472260594367981,No
4750,0.2128894031047821,No
4751,0.15490932762622833,No
4752,0.411173552274704,No
4753,0.23673303425312042,No
4754,0.2624439001083374,No
4755,0.1413847804069519,No
4756,0.26666906476020813,No
4757,0.12686343491077423,No
4758,0.3427192270755768,No
4759,0.21445515751838684,No
4760,0.1684429794549942,No
4761,0.17058336734771729,No
4762,0.15073247253894806,No
4763,0.1370483785867691,No
4764,0.18555527925491333,No
4765,0.15132008492946625,No
4766,0.19587194919586182,No
4767,0.1537100374698639,No
4768,0.1210651695728302,No
4769,0.119416743516922,No
4770,0.13440674543380737,No
4771,0.12013480812311172,No
4772,0.18425361812114716,No
4773,0.155741885304451,No
4774,0.14488519728183746,No
4775,0.14645449817180634,No
4776,0.14487436413764954,No
4777,0.11048330366611481,No
4778,0.21433602273464203,No
4779,0.17458918690681458,No
4780,0.1809149980545044,No
4781,0.15028879046440125,No
4782,0.1491824984550476,No
4783,0.10401887446641922,No
4784,0.2280811220407486,No
4785,0.15382753312587738,No
4786,0.19131845235824585,No
4787,0.12250839173793793,No
4788,0.16807012259960175,No
4789,0.15558697283267975,No
4790,0.1476110816001892,No
4791,0.12093684077262878,No
4792,0.22356177866458893,No
4793,0.17915736138820648,No
4794,0.19787226617336273,No
4795,0.1633768230676651,No
4796,0.15902763605117798,No
4797,0.10497333854436874,No
4798,0.18741051852703094,No
4799,0.14853844046592712,No
4800,0.5905126333236694,Yes
4801,0.397905558347702,No
4802,0.6152433156967163,Yes
4803,0.3377366364002228,No
4804,0.5953972339630127,Yes
4805,0.32473617792129517,No
4806,0.30166080594062805,No
4807,0.277331680059433,No
4808,0.39232689142227173,No
4809,0.38593363761901855,No
4810,0.2748273015022278,No
4811,0.25213804841041565,No
4812,0.8411877751350403,Yes
4813,0.519819974899292,Yes
4814,0.5061873197555542,Yes
4815,0.45989733934402466,No
4816,0.4393661618232727,No
4817,0.3736313581466675,No
4818,0.47513502836227417,No
4819,0.27530962228775024,No
4820,0.5896442532539368,Yes
4821,0.4002866744995117,No
4822,0.4683029055595398,No
4823,0.26075541973114014,No
4824,0.6476237773895264,Yes
4825,0.42505255341529846,No
4826,0.5828510522842407,Yes
4827,0.40268149971961975,No
4828,0.5122177600860596,Yes
4829,0.448835551738739,No
4830,0.5882022976875305,Yes
4831,0.3311518132686615,No
4832,0.8495151400566101,Yes
4833,0.7247807383537292,Yes
4834,0.689914345741272,Yes
4835,0.3726109564304352,No
4836,0.5835131406784058,Yes
4837,0.3390210270881653,No
4838,0.4007455110549927,No
4839,0.2522382438182831,No
4840,0.4982670247554779,No
4841,0.2980664372444153,No
4842,0.5445233583450317,Yes
4843,0.3502611815929413,No
4844,0.5688604116439819,Yes
4845,0.3014502227306366,No
4846,0.5402143001556396,Yes
4847,0.34285154938697815,No
4848,0.5351327657699585,Yes
4849,0.4852130115032196,No
4850,0.529805064201355,Yes
4851,0.2799999415874481,No
4852,0.7290772795677185,Yes
4853,0.5543005466461182,Yes
4854,0.5886157155036926,Yes
4855,0.317792147397995,No
4856,0.4260251820087433,No
4857,0.24432151019573212,No
4858,0.5611144304275513,Yes
4859,0.4544893503189087,No
4860,0.43514230847358704,No
4861,0.42443564534187317,No
4862,0.3179822266101837,No
4863,0.35438475012779236,No
4864,0.5827036499977112,Yes
4865,0.6117731928825378,Yes
4866,0.5101015567779541,Yes
4867,0.5914530754089355,Yes
4868,0.3649557828903198,No
4869,0.5028904676437378,Yes
4870,0.4231420159339905,No
4871,0.3604702055454254,No
4872,0.7536985874176025,Yes
4873,0.7236387729644775,Yes
4874,0.38310641050338745,No
4875,0.39119717478752136,No
4876,0.43901222944259644,No
4877,0.4721086323261261,No
4878,0.2790880501270294,No
4879,0.25780344009399414,No
4880,0.5718072056770325,Yes
4881,0.4214521646499634,No
4882,0.4855523705482483,No
4883,0.38400787115097046,No
4884,0.5748317837715149,Yes
4885,0.30098405480384827,No
4886,0.6260910630226135,Yes
4887,0.3777633309364319,No
4888,0.4432789981365204,No
4889,0.26281222701072693,No
4890,0.5917048454284668,Yes
4891,0.3267596364021301,No
4892,0.7643439173698425,Yes
4893,0.5048579573631287,Yes
4894,0.6655603051185608,Yes
4895,0.3013255000114441,No
4896,0.5629209876060486,Yes
4897,0.3151960074901581,No
4898,0.6201332807540894,Yes
4899,0.4768647849559784,No
4900,0.42108556628227234,No
4901,0.3145064413547516,No
4902,0.45696279406547546,No
4903,0.3353477120399475,No
4904,0.48810359835624695,No
4905,0.2759135663509369,No
4906,0.5513407588005066,Yes
4907,0.3700003921985626,No
4908,0.35931891202926636,No
4909,0.3230772316455841,No
4910,0.3460070490837097,No
4911,0.20758824050426483,No
4912,0.7884568572044373,Yes
4913,0.5366650819778442,Yes
4914,0.4417650103569031,No
4915,0.27724409103393555,No
4916,0.35961833596229553,No
4917,0.24747782945632935,No
4918,0.4125751852989197,No
4919,0.29208260774612427,No
4920,0.60341876745224,Yes
4921,0.4474893808364868,No
4922,0.3704814314842224,No
4923,0.4051591157913208,No
4924,0.46194466948509216,No
4925,0.4867101311683655,No
4926,0.4291670322418213,No
4927,0.5577435493469238,Yes
4928,0.4420660138130188,No
4929,0.5370354056358337,Yes
4930,0.609581470489502,Yes
4931,0.28082558512687683,No
4932,0.6772255301475525,Yes
4933,0.39326968789100647,No
4934,0.6352666020393372,Yes
4935,0.4106004238128662,No
4936,0.37712734937667847,No
4937,0.23431538045406342,No
4938,0.3779297173023224,No
4939,0.3411933481693268,No
4940,0.5669417977333069,Yes
4941,0.42362380027770996,No
4942,0.5422517657279968,Yes
4943,0.34517088532447815,No
4944,0.5398753881454468,Yes
4945,0.36586281657218933,No
4946,0.5449392795562744,Yes
4947,0.3807297348976135,No
4948,0.5358436107635498,Yes
4949,0.4843727648258209,No
4950,0.5681569576263428,Yes
4951,0.3166443109512329,No
4952,0.8099954724311829,Yes
4953,0.635576069355011,Yes
4954,0.6460184454917908,Yes
4955,0.3626914918422699,No
4956,0.5662899613380432,Yes
4957,0.314511775970459,No
4958,0.5593739748001099,Yes
4959,0.37880128622055054,No
4960,0.6303430795669556,Yes
4961,0.33908846974372864,No
4962,0.7110575437545776,Yes
4963,0.4136219024658203,No
4964,0.7350618243217468,Yes
4965,0.3237878084182739,No
4966,0.7563472986221313,Yes
4967,0.5120652318000793,Yes
4968,0.5767046809196472,Yes
4969,0.4278722405433655,No
4970,0.6659364104270935,Yes
4971,0.35267361998558044,No
4972,0.7732510566711426,Yes
4973,0.5708455443382263,Yes
4974,0.6866516470909119,Yes
4975,0.3814007043838501,No
4976,0.6339709758758545,Yes
4977,0.3781425356864929,No
4978,0.48640188574790955,No
4979,0.3153158128261566,No
4980,0.6936778426170349,Yes
4981,0.4016898572444916,No
4982,0.682749330997467,Yes
4983,0.3984576165676117,No
4984,0.7327629923820496,Yes
4985,0.3222872018814087,No
4986,0.672429621219635,Yes
4987,0.39962711930274963,No
4988,0.5506699085235596,Yes
4989,0.3984268605709076,No
4990,0.4834216833114624,No
4991,0.2619395852088928,No
4992,0.6718781590461731,Yes
4993,0.44682788848876953,No
4994,0.735230028629303,Yes
4995,0.425059050321579,No
4996,0.6265309453010559,Yes
4997,0.338390052318573,No
4998,0.5778822898864746,Yes
4999,0.39846259355545044,No
5000,0.35827648639678955,No
5001,0.26473355293273926,No
5002,0.3976180851459503,No
5003,0.27539438009262085,No
5004,0.47010505199432373,No
5005,0.27992770075798035,No
5006,0.4384347200393677,No
5007,0.3153817653656006,No
5008,0.2652726471424103,No
5009,0.23534317314624786,No
5010,0.40387606620788574,No
5011,0.2546774446964264,No
5012,0.7872721552848816,Yes
5013,0.46468275785446167,No
5014,0.5678348541259766,Yes
5015,0.28726622462272644,No
5016,0.5065479874610901,Yes
5017,0.3804272413253784,No
5018,0.4265512526035309,No
5019,0.26676979660987854,No
5020,0.5810096859931946,Yes
5021,0.3993518054485321,No
5022,0.4010927975177765,No
5023,0.3156212270259857,No
5024,0.5164014101028442,Yes
5025,0.3117438554763794,No
5026,0.3713386356830597,No
5027,0.27399134635925293,No
5028,0.3541976511478424,No
5029,0.34469810128211975,No
5030,0.45967456698417664,No
5031,0.2259330451488495,No
5032,0.6775994300842285,Yes
5033,0.5952134728431702,Yes
5034,0.4439024031162262,No
5035,0.3160746097564697,No
5036,0.3341620862483978,No
5037,0.20899337530136108,No
5038,0.48338979482650757,No
5039,0.3293248116970062,No
5040,0.5571388602256775,Yes
5041,0.40898042917251587,No
5042,0.4372120797634125,No
5043,0.25267887115478516,No
5044,0.6388599872589111,Yes
5045,0.3750837445259094,No
5046,0.5721287131309509,Yes
5047,0.3807441294193268,No
5048,0.5780050754547119,Yes
5049,0.5055303573608398,Yes
5050,0.5200846791267395,Yes
5051,0.2998258173465729,No
5052,0.8249013423919678,Yes
5053,0.6582145094871521,Yes
5054,0.6107755303382874,Yes
5055,0.33275240659713745,No
5056,0.4837023615837097,No
5057,0.30128058791160583,No
5058,0.5569636225700378,Yes
5059,0.4420256018638611,No
5060,0.5835773348808289,Yes
5061,0.3185981214046478,No
5062,0.6161859631538391,Yes
5063,0.34904465079307556,No
5064,0.6602302193641663,Yes
5065,0.3310409188270569,No
5066,0.6355524063110352,Yes
5067,0.45625483989715576,No
5068,0.5572051405906677,Yes
5069,0.452144056558609,No
5070,0.44717833399772644,No
5071,0.22955137491226196,No
5072,0.8301235437393188,Yes
5073,0.6374087333679199,Yes
5074,0.6629524827003479,Yes
5075,0.3906952738761902,No
5076,0.5021740794181824,Yes
5077,0.2974887192249298,No
5078,0.42021510004997253,No
5079,0.281622052192688,No
5080,0.4268791973590851,No
5081,0.22409629821777344,No
5082,0.3314289152622223,No
5083,0.1753520369529724,No
5084,0.4648725092411041,No
5085,0.2194397896528244,No
5086,0.4995966851711273,No
5087,0.3003810942173004,No
5088,0.41177740693092346,No
5089,0.36501190066337585,No
5090,0.43513190746307373,No
5091,0.2254577875137329,No
5092,0.5672237873077393,Yes
5093,0.33351388573646545,No
5094,0.524273693561554,Yes
5095,0.24424050748348236,No
5096,0.3360857665538788,No
5097,0.1954571157693863,No
5098,0.3321398198604584,No
5099,0.26692646741867065,No
5100,0.5487358570098877,Yes
5101,0.42688891291618347,No
5102,0.32788461446762085,No
5103,0.34592586755752563,No
5104,0.4954679608345032,No
5105,0.36673545837402344,No
5106,0.4650835692882538,No
5107,0.43248841166496277,No
5108,0.5863440036773682,Yes
5109,0.5041906237602234,Yes
5110,0.3242036998271942,No
5111,0.3439069092273712,No
5112,0.6394863128662109,Yes
5113,0.6188502311706543,Yes
5114,0.6224060654640198,Yes
5115,0.3651919364929199,No
5116,0.472194641828537,No
5117,0.3092469871044159,No
5118,0.5496559739112854,Yes
5119,0.41392070055007935,No
5120,0.5441007018089294,Yes
5121,0.2879878878593445,No
5122,0.36603522300720215,No
5123,0.19022738933563232,No
5124,0.5262588858604431,Yes
5125,0.23548763990402222,No
5126,0.5943594574928284,Yes
5127,0.345998078584671,No
5128,0.4220659136772156,No
5129,0.3589409589767456,No
5130,0.49562570452690125,No
5131,0.227043017745018,No
5132,0.7420428395271301,Yes
5133,0.48089367151260376,No
5134,0.6126556992530823,Yes
5135,0.32320064306259155,No
5136,0.3382495939731598,No
5137,0.19084259867668152,No
5138,0.5255621671676636,Yes
5139,0.4067862927913666,No
5140,0.42544588446617126,No
5141,0.42940741777420044,No
5142,0.4820359945297241,No
5143,0.21856191754341125,No
5144,0.47463107109069824,No
5145,0.2911236882209778,No
5146,0.5843955874443054,Yes
5147,0.3801353871822357,No
5148,0.4687685966491699,No
5149,0.5180884003639221,Yes
5150,0.42466625571250916,No
5151,0.2284110188484192,No
5152,0.8570354580879211,Yes
5153,0.6727867126464844,Yes
5154,0.6772772073745728,Yes
5155,0.30142879486083984,No
5156,0.5919226408004761,Yes
5157,0.3893924951553345,No
5158,0.6241375803947449,Yes
5159,0.46562644839286804,No
5160,0.3822293281555176,No
5161,0.3266945779323578,No
5162,0.3460860550403595,No
5163,0.30501747131347656,No
5164,0.42777514457702637,No
5165,0.3721708059310913,No
5166,0.37333542108535767,No
5167,0.3607739210128784,No
5168,0.3305269181728363,No
5169,0.3900863528251648,No
5170,0.3539486229419708,No
5171,0.26608437299728394,No
5172,0.3847408890724182,No
5173,0.3065652847290039,No
5174,0.4461457133293152,No
5175,0.3575901687145233,No
5176,0.27709805965423584,No
5177,0.24361906945705414,No
5178,0.3948907256126404,No
5179,0.37336456775665283,No
5180,0.4568229019641876,No
5181,0.32951468229293823,No
5182,0.42712119221687317,No
5183,0.3162338435649872,No
5184,0.47428062558174133,No
5185,0.31306084990501404,No
5186,0.4268905818462372,No
5187,0.33900997042655945,No
5188,0.4293736517429352,No
5189,0.4283878803253174,No
5190,0.44785434007644653,No
5191,0.2857273519039154,No
5192,0.5184168219566345,Yes
5193,0.4347156882286072,No
5194,0.5490684509277344,Yes
5195,0.4190276861190796,No
5196,0.33303102850914,No
5197,0.2546006441116333,No
5198,0.3669506013393402,No
5199,0.3106558918952942,No
5200,0.43244028091430664,No
5201,0.38736027479171753,No
5202,0.4641527533531189,No
5203,0.24832171201705933,No
5204,0.5391234159469604,Yes
5205,0.2982366681098938,No
5206,0.2658957839012146,No
5207,0.25258514285087585,No
5208,0.29703736305236816,No
5209,0.3523619472980499,No
5210,0.2552091181278229,No
5211,0.2232019007205963,No
5212,0.6679810285568237,Yes
5213,0.40434592962265015,No
5214,0.31663626432418823,No
5215,0.2850550711154938,No
5216,0.2745390236377716,No
5217,0.20324654877185822,No
5218,0.3060421943664551,No
5219,0.1595970243215561,No
5220,0.5434141755104065,Yes
5221,0.35246074199676514,No
5222,0.3821834623813629,No
5223,0.2512502372264862,No
5224,0.4506905674934387,No
5225,0.33113694190979004,No
5226,0.3858376443386078,No
5227,0.25076767802238464,No
5228,0.3978102505207062,No
5229,0.3806256055831909,No
5230,0.3014425039291382,No
5231,0.20054635405540466,No
5232,0.5401634573936462,Yes
5233,0.46060073375701904,No
5234,0.399556428194046,No
5235,0.23970595002174377,No
5236,0.27202704548835754,No
5237,0.182088702917099,No
5238,0.31507936120033264,No
5239,0.20152847468852997,No
5240,0.4332469403743744,No
5241,0.2651955485343933,No
5242,0.3760593831539154,No
5243,0.2421984225511551,No
5244,0.4206189513206482,No
5245,0.2405967265367508,No
5246,0.3893149793148041,No
5247,0.21924185752868652,No
5248,0.3845667839050293,No
5249,0.29087507724761963,No
5250,0.28813156485557556,No
5251,0.18381844460964203,No
5252,0.5361222624778748,Yes
5253,0.41323697566986084,No
5254,0.30809617042541504,No
5255,0.21145418286323547,No
5256,0.25850439071655273,No
5257,0.1604328453540802,No
5258,0.3691835105419159,No
5259,0.2635626494884491,No
5260,0.3925228714942932,No
5261,0.3622695505619049,No
5262,0.24934397637844086,No
5263,0.2661088705062866,No
5264,0.47926461696624756,No
5265,0.5040091276168823,Yes
5266,0.35718879103660583,No
5267,0.38526663184165955,No
5268,0.2454555630683899,No
5269,0.2729817032814026,No
5270,0.2296099066734314,No
5271,0.1998424381017685,No
5272,0.5690234899520874,Yes
5273,0.5402570366859436,Yes
5274,0.24480804800987244,No
5275,0.2508377730846405,No
5276,0.3709147870540619,No
5277,0.3543292284011841,No
5278,0.26327306032180786,No
5279,0.20014581084251404,No
5280,0.40031254291534424,No
5281,0.34970569610595703,No
5282,0.326587975025177,No
5283,0.2410172075033188,No
5284,0.42259249091148376,No
5285,0.29224541783332825,No
5286,0.42960894107818604,No
5287,0.26040154695510864,No
5288,0.33578529953956604,No
5289,0.23401299118995667,No
5290,0.3209037780761719,No
5291,0.2060449719429016,No
5292,0.5826700925827026,Yes
5293,0.39751914143562317,No
5294,0.3883729577064514,No
5295,0.20729905366897583,No
5296,0.35870546102523804,No
5297,0.2298966646194458,No
5298,0.37528476119041443,No
5299,0.26907965540885925,No
5300,0.38563644886016846,No
5301,0.26495084166526794,No
5302,0.3247964680194855,No
5303,0.23889437317848206,No
5304,0.39498603343963623,No
5305,0.20761102437973022,No
5306,0.46317240595817566,No
5307,0.2759396731853485,No
5308,0.2946937084197998,No
5309,0.29511600732803345,No
5310,0.2418224811553955,No
5311,0.17595700919628143,No
5312,0.6379784345626831,Yes
5313,0.4358248710632324,No
5314,0.28355664014816284,No
5315,0.20451144874095917,No
5316,0.28475305438041687,No
5317,0.17958712577819824,No
5318,0.29088959097862244,No
5319,0.18418708443641663,No
5320,0.39791059494018555,No
5321,0.33064132928848267,No
5322,0.3462095558643341,No
5323,0.35962480306625366,No
5324,0.4242139160633087,No
5325,0.39462631940841675,No
5326,0.3372234106063843,No
5327,0.3484415113925934,No
5328,0.3467974364757538,No
5329,0.45560047030448914,No
5330,0.32318130135536194,No
5331,0.18167012929916382,No
5332,0.6101081967353821,Yes
5333,0.32065168023109436,No
5334,0.3535735011100769,No
5335,0.24569974839687347,No
5336,0.23503604531288147,No
5337,0.1550988405942917,No
5338,0.22380459308624268,No
5339,0.2050016075372696,No
5340,0.41230741143226624,No
5341,0.34685707092285156,No
5342,0.41851377487182617,No
5343,0.2798590064048767,No
5344,0.4593981206417084,No
5345,0.3316709101200104,No
5346,0.36678457260131836,No
5347,0.23544037342071533,No
5348,0.36598366498947144,No
5349,0.3035139739513397,No
5350,0.2888990342617035,No
5351,0.19648416340351105,No
5352,0.47938045859336853,No
5353,0.35928234457969666,No
5354,0.32833153009414673,No
5355,0.2205999195575714,No
5356,0.25488799810409546,No
5357,0.16729287803173065,No
5358,0.32136547565460205,No
5359,0.20212920010089874,No
5360,0.3832734227180481,No
5361,0.2474915236234665,No
5362,0.4798198938369751,No
5363,0.3070467710494995,No
5364,0.5389901399612427,Yes
5365,0.2854886054992676,No
5366,0.47989794611930847,No
5367,0.3159068822860718,No
5368,0.3954951763153076,No
5369,0.3490748107433319,No
5370,0.34882283210754395,No
5371,0.21188238263130188,No
5372,0.6301391124725342,Yes
5373,0.49328529834747314,No
5374,0.3967027962207794,No
5375,0.23908059298992157,No
5376,0.3948596119880676,No
5377,0.21327775716781616,No
5378,0.41572415828704834,No
5379,0.2668268382549286,No
5380,0.48074567317962646,No
5381,0.3407549262046814,No
5382,0.47108617424964905,No
5383,0.28749287128448486,No
5384,0.62749183177948,Yes
5385,0.2786242365837097,No
5386,0.4255251884460449,No
5387,0.27093663811683655,No
5388,0.37113654613494873,No
5389,0.3220226466655731,No
5390,0.26978325843811035,No
5391,0.18410080671310425,No
5392,0.6208668947219849,Yes
5393,0.4658240079879761,No
5394,0.4205803871154785,No
5395,0.26666557788848877,No
5396,0.3585168421268463,No
5397,0.2024441361427307,No
5398,0.3951573669910431,No
5399,0.2454843819141388,No
5400,0.33069518208503723,No
5401,0.23689912259578705,No
5402,0.37934961915016174,No
5403,0.23886533081531525,No
5404,0.32330673933029175,No
5405,0.23110927641391754,No
5406,0.3193250000476837,No
5407,0.23734021186828613,No
5408,0.25937020778656006,No
5409,0.20015421509742737,No
5410,0.29464009404182434,No
5411,0.18290327489376068,No
5412,0.5419889688491821,Yes
5413,0.33369117975234985,No
5414,0.35826045274734497,No
5415,0.20070886611938477,No
5416,0.29977941513061523,No
5417,0.239644393324852,No
5418,0.27768924832344055,No
5419,0.16979382932186127,No
5420,0.4571523666381836,No
5421,0.34910348057746887,No
5422,0.29858165979385376,No
5423,0.24163053929805756,No
5424,0.42871448397636414,No
5425,0.26152321696281433,No
5426,0.31764909625053406,No
5427,0.23474764823913574,No
5428,0.26418840885162354,No
5429,0.19812706112861633,No
5430,0.2523735761642456,No
5431,0.15706299245357513,No
5432,0.5644240379333496,Yes
5433,0.46888262033462524,No
5434,0.29213011264801025,No
5435,0.22581815719604492,No
5436,0.2554562985897064,No
5437,0.1816277652978897,No
5438,0.2923794686794281,No
5439,0.20424829423427582,No
5440,0.45101064443588257,No
5441,0.34234946966171265,No
5442,0.39801734685897827,No
5443,0.2621907889842987,No
5444,0.4128151834011078,No
5445,0.24798521399497986,No
5446,0.407669335603714,No
5447,0.3095130920410156,No
5448,0.46199831366539,No
5449,0.4501793682575226,No
5450,0.2770729959011078,No
5451,0.18234333395957947,No
5452,0.6141271591186523,Yes
5453,0.4533904790878296,No
5454,0.31693750619888306,No
5455,0.21150660514831543,No
5456,0.28475701808929443,No
5457,0.1673697680234909,No
5458,0.3732210099697113,No
5459,0.26164543628692627,No
5460,0.5089530944824219,Yes
5461,0.26831820607185364,No
5462,0.3416218161582947,No
5463,0.1857450306415558,No
5464,0.5610088109970093,Yes
5465,0.2853597402572632,No
5466,0.4581773579120636,No
5467,0.28245973587036133,No
5468,0.40979498624801636,No
5469,0.2893383800983429,No
5470,0.29123184084892273,No
5471,0.16802747547626495,No
5472,0.5994296669960022,Yes
5473,0.44599199295043945,No
5474,0.3638882040977478,No
5475,0.23970569670200348,No
5476,0.37147876620292664,No
5477,0.21569782495498657,No
5478,0.38445520401000977,No
5479,0.23153486847877502,No
5480,0.3497779071331024,No
5481,0.18330225348472595,No
5482,0.3296669125556946,No
5483,0.19324582815170288,No
5484,0.386084645986557,No
5485,0.17124906182289124,No
5486,0.371213436126709,No
5487,0.21496915817260742,No
5488,0.291623592376709,No
5489,0.26361390948295593,No
5490,0.2511006295681,No
5491,0.15851588547229767,No
5492,0.5036256909370422,Yes
5493,0.31668755412101746,No
5494,0.3055661618709564,No
5495,0.1735578030347824,No
5496,0.22015517950057983,No
5497,0.13380509614944458,No
5498,0.27144739031791687,No
5499,0.19857028126716614,No
5500,0.46618449687957764,No
5501,0.3494676947593689,No
5502,0.23423004150390625,No
5503,0.24445201456546783,No
5504,0.4474380612373352,No
5505,0.34795641899108887,No
5506,0.3196340799331665,No
5507,0.30225467681884766,No
5508,0.3892172873020172,No
5509,0.3181498944759369,No
5510,0.2008182257413864,No
5511,0.22581221163272858,No
5512,0.4783843755722046,No
5513,0.5019585490226746,Yes
5514,0.33054444193840027,No
5515,0.22087785601615906,No
5516,0.28252097964286804,No
5517,0.19599281251430511,No
5518,0.45355090498924255,No
5519,0.2901935577392578,No
5520,0.37943363189697266,No
5521,0.23840396106243134,No
5522,0.34308671951293945,No
5523,0.19125771522521973,No
5524,0.4059154987335205,No
5525,0.202670618891716,No
5526,0.4156354069709778,No
5527,0.2229079306125641,No
5528,0.28832492232322693,No
5529,0.19502609968185425,No
5530,0.26981019973754883,No
5531,0.14765939116477966,No
5532,0.4649420976638794,No
5533,0.3096940815448761,No
5534,0.3589979112148285,No
5535,0.20041640102863312,No
5536,0.30997273325920105,No
5537,0.1616789698600769,No
5538,0.38128235936164856,No
5539,0.25489768385887146,No
5540,0.3612295687198639,No
5541,0.3405725657939911,No
5542,0.37067270278930664,No
5543,0.19666141271591187,No
5544,0.3523966670036316,No
5545,0.24437744915485382,No
5546,0.42754000425338745,No
5547,0.24701949954032898,No
5548,0.33019524812698364,No
5549,0.36258915066719055,No
5550,0.28621676564216614,No
5551,0.20871001482009888,No
5552,0.6363418698310852,Yes
5553,0.46481549739837646,No
5554,0.42492249608039856,No
5555,0.21809685230255127,No
5556,0.28664955496788025,No
5557,0.19450119137763977,No
5558,0.4413769543170929,No
5559,0.3226020634174347,No
5560,0.29328498244285583,No
5561,0.2553260028362274,No
5562,0.2725442051887512,No
5563,0.23401838541030884,No
5564,0.356035977602005,No
5565,0.30042004585266113,No
5566,0.2997817099094391,No
5567,0.26636552810668945,No
5568,0.19928081333637238,No
5569,0.19665606319904327,No
5570,0.23865440487861633,No
5571,0.1795753687620163,No
5572,0.43430095911026,No
5573,0.3402215242385864,No
5574,0.2740817964076996,No
5575,0.23073171079158783,No
5576,0.19479086995124817,No
5577,0.15928654372692108,No
5578,0.32982906699180603,No
5579,0.26894354820251465,No
5580,0.3158532381057739,No
5581,0.24024997651576996,No
5582,0.23141783475875854,No
5583,0.16965804994106293,No
5584,0.3940488398075104,No
5585,0.25724074244499207,No
5586,0.3049415647983551,No
5587,0.2308768779039383,No
5588,0.30848532915115356,No
5589,0.26303979754447937,No
5590,0.25753509998321533,No
5591,0.18637582659721375,No
5592,0.5125732421875,Yes
5593,0.42408767342567444,No
5594,0.31590375304222107,No
5595,0.24908311665058136,No
5596,0.21385587751865387,No
5597,0.15904374420642853,No
5598,0.28500089049339294,No
5599,0.21822772920131683,No
5600,0.5880914926528931,Yes
5601,0.31789061427116394,No
5602,0.5758547782897949,Yes
5603,0.25479575991630554,No
5604,0.49252018332481384,No
5605,0.20653098821640015,No
5606,0.2537251114845276,No
5607,0.29257267713546753,No
5608,0.30030539631843567,No
5609,0.26760348677635193,No
5610,0.250782310962677,No
5611,0.33554700016975403,No
5612,0.8792939186096191,Yes
5613,0.5543543100357056,Yes
5614,0.3036855459213257,No
5615,0.28181663155555725,No
5616,0.45243439078330994,No
5617,0.5210016369819641,Yes
5618,0.40427637100219727,No
5619,0.15314586460590363,No
5620,0.5755770206451416,Yes
5621,0.27679821848869324,No
5622,0.45152410864830017,No
5623,0.24066162109375,No
5624,0.5230621099472046,Yes
5625,0.24063171446323395,No
5626,0.6546302437782288,Yes
5627,0.45400121808052063,No
5628,0.4910337030887604,No
5629,0.3057731091976166,No
5630,0.6557580232620239,Yes
5631,0.3843291103839874,No
5632,0.8708568215370178,Yes
5633,0.740860641002655,Yes
5634,0.6408268809318542,Yes
5635,0.2280428260564804,No
5636,0.6616328954696655,Yes
5637,0.4618281126022339,No
5638,0.4619804620742798,No
5639,0.21406766772270203,No
5640,0.5025152564048767,Yes
5641,0.24308554828166962,No
5642,0.4852278530597687,No
5643,0.23347370326519012,No
5644,0.4631991982460022,No
5645,0.20466306805610657,No
5646,0.56617671251297,Yes
5647,0.2938443422317505,No
5648,0.4173353910446167,No
5649,0.23845788836479187,No
5650,0.5799285769462585,Yes
5651,0.30151423811912537,No
5652,0.7054673433303833,Yes
5653,0.44149869680404663,No
5654,0.47786945104599,No
5655,0.20211783051490784,No
5656,0.5321560502052307,Yes
5657,0.3315674662590027,No
5658,0.5064077973365784,Yes
5659,0.20474331080913544,No
5660,0.34160786867141724,No
5661,0.3331414759159088,No
5662,0.23777168989181519,No
5663,0.3036055862903595,No
5664,0.5087510943412781,Yes
5665,0.47776350378990173,No
5666,0.436994343996048,No
5667,0.48810097575187683,No
5668,0.3207377791404724,No
5669,0.2797947824001312,No
5670,0.3357398808002472,No
5671,0.34304893016815186,No
5672,0.6961222887039185,Yes
5673,0.6038932204246521,Yes
5674,0.28812313079833984,No
5675,0.25250551104545593,No
5676,0.4123063087463379,No
5677,0.4379803240299225,No
5678,0.23340921103954315,No
5679,0.198532372713089,No
5680,0.592116117477417,Yes
5681,0.3622094392776489,No
5682,0.4293457567691803,No
5683,0.3250935971736908,No
5684,0.4508090019226074,No
5685,0.18659673631191254,No
5686,0.6879847645759583,Yes
5687,0.36414042115211487,No
5688,0.4043651223182678,No
5689,0.18580269813537598,No
5690,0.6415840983390808,Yes
5691,0.3539925515651703,No
5692,0.8146999478340149,Yes
5693,0.6038662195205688,Yes
5694,0.6154149770736694,Yes
5695,0.16238704323768616,No
5696,0.67989581823349,Yes
5697,0.4173765778541565,No
5698,0.5930585861206055,Yes
5699,0.23506157100200653,No
5700,0.3851625621318817,No
5701,0.2413170337677002,No
5702,0.3784705102443695,No
5703,0.2741946280002594,No
5704,0.4070450961589813,No
5705,0.1885058432817459,No
5706,0.6769744157791138,Yes
5707,0.42209160327911377,No
5708,0.2553362250328064,No
5709,0.21187607944011688,No
5710,0.4466058313846588,No
5711,0.24761435389518738,No
5712,0.8223816752433777,Yes
5713,0.5698065161705017,Yes
5714,0.3394946753978729,No
5715,0.18572193384170532,No
5716,0.5082142949104309,Yes
5717,0.35641002655029297,No
5718,0.29870840907096863,No
5719,0.15439702570438385,No
5720,0.6453545093536377,Yes
5721,0.3758699893951416,No
5722,0.31434598565101624,No
5723,0.34496772289276123,No
5724,0.39593854546546936,No
5725,0.29239627718925476,No
5726,0.42360538244247437,No
5727,0.43142110109329224,No
5728,0.308196097612381,No
5729,0.4111233055591583,No
5730,0.6343147158622742,Yes
5731,0.23738400638103485,No
5732,0.7469877004623413,Yes
5733,0.49982044100761414,No
5734,0.5033534169197083,Yes
5735,0.2631448209285736,No
5736,0.4647716283798218,No
5737,0.35713592171669006,No
5738,0.2424253672361374,No
5739,0.16457179188728333,No
5740,0.5345292687416077,Yes
5741,0.31243523955345154,No
5742,0.44413042068481445,No
5743,0.26293009519577026,No
5744,0.43884095549583435,No
5745,0.2151840329170227,No
5746,0.6032199263572693,Yes
5747,0.42553314566612244,No
5748,0.5415213108062744,Yes
5749,0.33836233615875244,No
5750,0.6657423377037048,Yes
5751,0.378832072019577,No
5752,0.8371590375900269,Yes
5753,0.6754007935523987,Yes
5754,0.5891889929771423,Yes
5755,0.23593567311763763,No
5756,0.6425144076347351,Yes
5757,0.4517695903778076,No
5758,0.5649682283401489,Yes
5759,0.23865556716918945,No
5760,0.7707573175430298,Yes
5761,0.3224276602268219,No
5762,0.729086697101593,Yes
5763,0.3389783799648285,No
5764,0.7115517854690552,Yes
5765,0.28450602293014526,No
5766,0.8322664499282837,Yes
5767,0.5727925300598145,Yes
5768,0.528840184211731,Yes
5769,0.2944163680076599,No
5770,0.7132693529129028,Yes
5771,0.3639063239097595,No
5772,0.8428595066070557,Yes
5773,0.5706319808959961,Yes
5774,0.637249231338501,Yes
5775,0.3181399703025818,No
5776,0.7638214230537415,Yes
5777,0.5169270634651184,Yes
5778,0.5289736390113831,Yes
5779,0.23027674853801727,No
5780,0.8047972321510315,Yes
5781,0.38547417521476746,No
5782,0.6988058090209961,Yes
5783,0.3143741488456726,No
5784,0.6946591138839722,Yes
5785,0.26803866028785706,No
5786,0.7770429849624634,Yes
5787,0.45377668738365173,No
5788,0.4957861006259918,No
5789,0.2666434943675995,No
5790,0.5805234909057617,Yes
5791,0.2831578254699707,No
5792,0.6877644658088684,Yes
5793,0.4131692051887512,No
5794,0.6541844606399536,Yes
5795,0.35005930066108704,No
5796,0.7448784708976746,Yes
5797,0.46345096826553345,No
5798,0.5429669618606567,Yes
5799,0.22039809823036194,No
5800,0.3129035234451294,No
5801,0.21607156097888947,No
5802,0.4162437617778778,No
5803,0.2330847978591919,No
5804,0.37165623903274536,No
5805,0.20712816715240479,No
5806,0.484173446893692,No
5807,0.31901636719703674,No
5808,0.19387511909008026,No
5809,0.16859489679336548,No
5810,0.3638819456100464,No
5811,0.23339906334877014,No
5812,0.8233075141906738,Yes
5813,0.4096589982509613,No
5814,0.5226030349731445,Yes
5815,0.2142438143491745,No
5816,0.6779189109802246,Yes
5817,0.41214829683303833,No
5818,0.44871965050697327,No
5819,0.18905076384544373,No
5820,0.577683687210083,Yes
5821,0.3032062351703644,No
5822,0.32044634222984314,No
5823,0.26844704151153564,No
5824,0.4259010851383209,No
5825,0.22291681170463562,No
5826,0.3449464738368988,No
5827,0.26729196310043335,No
5828,0.31075915694236755,No
5829,0.21802474558353424,No
5830,0.5014552474021912,Yes
5831,0.21815769374370575,No
5832,0.6487812995910645,Yes
5833,0.5175489187240601,Yes
5834,0.28967350721359253,No
5835,0.18269458413124084,No
5836,0.40583959221839905,No
5837,0.2443903237581253,No
5838,0.505815863609314,Yes
5839,0.21372593939304352,No
5840,0.6254217624664307,Yes
5841,0.34586915373802185,No
5842,0.40535345673561096,No
5843,0.23201966285705566,No
5844,0.534878134727478,Yes
5845,0.27159231901168823,No
5846,0.5893877148628235,Yes
5847,0.300047904253006,No
5848,0.5632439255714417,Yes
5849,0.3866918385028839,No
5850,0.4905829429626465,No
5851,0.35834282636642456,No
5852,0.8822681307792664,Yes
5853,0.7453211545944214,Yes
5854,0.4380647838115692,No
5855,0.22246205806732178,No
5856,0.575238049030304,Yes
5857,0.3828159272670746,No
5858,0.4343831241130829,No
5859,0.18986493349075317,No
5860,0.6019607186317444,Yes
5861,0.238993301987648,No
5862,0.5617758631706238,Yes
5863,0.2578595280647278,No
5864,0.5721331834793091,Yes
5865,0.2551532983779907,No
5866,0.7106516361236572,Yes
5867,0.4873703122138977,No
5868,0.4815747141838074,No
5869,0.2534138858318329,No
5870,0.47668588161468506,No
5871,0.2293846607208252,No
5872,0.8313340544700623,Yes
5873,0.5440540909767151,Yes
5874,0.4980410933494568,No
5875,0.25449422001838684,No
5876,0.6614682674407959,Yes
5877,0.3766542673110962,No
5878,0.39101549983024597,No
5879,0.16527529060840607,No
5880,0.38678839802742004,No
5881,0.15200217068195343,No
5882,0.27144622802734375,No
5883,0.13020193576812744,No
5884,0.4079771041870117,No
5885,0.16500824689865112,No
5886,0.4906311631202698,No
5887,0.2639926075935364,No
5888,0.3651975989341736,No
5889,0.1990777999162674,No
5890,0.39648449420928955,No
5891,0.21030299365520477,No
5892,0.48942577838897705,No
5893,0.2590251564979553,No
5894,0.41901537775993347,No
5895,0.1757025569677353,No
5896,0.3866245150566101,No
5897,0.2703779339790344,No
5898,0.37145790457725525,No
5899,0.17104171216487885,No
5900,0.5308660268783569,Yes
5901,0.34181487560272217,No
5902,0.24005237221717834,No
5903,0.3134838342666626,No
5904,0.40510305762290955,No
5905,0.2303740531206131,No
5906,0.4006038308143616,No
5907,0.42932718992233276,No
5908,0.5727005004882812,Yes
5909,0.37142109870910645,No
5910,0.2842760384082794,No
5911,0.4036557078361511,No
5912,0.5880735516548157,Yes
5913,0.6027328372001648,Yes
5914,0.5209588408470154,Yes
5915,0.253480464220047,No
5916,0.5053945183753967,Yes
5917,0.3536394536495209,No
5918,0.5167950987815857,Yes
5919,0.18793606758117676,No
5920,0.5336273312568665,Yes
5921,0.2303941547870636,No
5922,0.31904152035713196,No
5923,0.1489761471748352,No
5924,0.44346746802330017,No
5925,0.16853030025959015,No
5926,0.5820282697677612,Yes
5927,0.294169545173645,No
5928,0.38982829451560974,No
5929,0.19674503803253174,No
5930,0.5258908271789551,Yes
5931,0.2289135754108429,No
5932,0.6887195706367493,Yes
5933,0.3776472508907318,No
5934,0.484043687582016,No
5935,0.21562469005584717,No
5936,0.4194767475128174,No
5937,0.2549302279949188,No
5938,0.4677848517894745,No
5939,0.18646180629730225,No
5940,0.3558194935321808,No
5941,0.3202900290489197,No
5942,0.5202404856681824,Yes
5943,0.19901441037654877,No
5944,0.3678186237812042,No
5945,0.18582570552825928,No
5946,0.6809219121932983,Yes
5947,0.3780163526535034,No
5948,0.31960341334342957,No
5949,0.3474022150039673,No
5950,0.5062776803970337,Yes
5951,0.2385549694299698,No
5952,0.8853042125701904,Yes
5953,0.5885171890258789,Yes
5954,0.5870935916900635,Yes
5955,0.16036292910575867,No
5956,0.6971645355224609,Yes
5957,0.40157291293144226,No
5958,0.6532979607582092,Yes
5959,0.24757784605026245,No
5960,0.32731863856315613,No
5961,0.2673206329345703,No
5962,0.2605791687965393,No
5963,0.253677099943161,No
5964,0.36620956659317017,No
5965,0.3084738552570343,No
5966,0.34743720293045044,No
5967,0.33757105469703674,No
5968,0.26366308331489563,No
5969,0.25123900175094604,No
5970,0.2943360507488251,No
5971,0.2329198122024536,No
5972,0.3568739891052246,No
5973,0.3250351846218109,No
5974,0.30679529905319214,No
5975,0.2593505084514618,No
5976,0.27918609976768494,No
5977,0.25967955589294434,No
5978,0.31381702423095703,No
5979,0.1986204832792282,No
5980,0.4766327142715454,No
5981,0.31537219882011414,No
5982,0.3893059492111206,No
5983,0.2689739167690277,No
5984,0.4496709406375885,No
5985,0.2780976891517639,No
5986,0.458528995513916,No
5987,0.3164951801300049,No
5988,0.3487815856933594,No
5989,0.3207346796989441,No
5990,0.433794230222702,No
5991,0.2835598587989807,No
5992,0.507408082485199,Yes
5993,0.4238557815551758,No
5994,0.4409785866737366,No
5995,0.3085731267929077,No
5996,0.42902708053588867,No
5997,0.31123045086860657,No
5998,0.3766377568244934,No
5999,0.23744142055511475,No
6000,0.492987722158432,No
6001,0.4013468325138092,No
6002,0.4090206027030945,No
6003,0.20959679782390594,No
6004,0.5209847688674927,Yes
6005,0.26113104820251465,No
6006,0.22885796427726746,No
6007,0.29433247447013855,No
6008,0.19939693808555603,No
6009,0.27267369627952576,No
6010,0.2506007254123688,No
6011,0.32172611355781555,No
6012,0.7122570872306824,Yes
6013,0.41374945640563965,No
6014,0.18310900032520294,No
6015,0.14168959856033325,No
6016,0.3210838735103607,No
6017,0.37928900122642517,No
6018,0.38656145334243774,No
6019,0.1547711342573166,No
6020,0.636409342288971,Yes
6021,0.3537016212940216,No
6022,0.3660444915294647,No
6023,0.2480286806821823,No
6024,0.4136163890361786,No
6025,0.27499309182167053,No
6026,0.46148112416267395,No
6027,0.2969420552253723,No
6028,0.35770928859710693,No
6029,0.31143292784690857,No
6030,0.4640931785106659,No
6031,0.3348720669746399,No
6032,0.5788859724998474,Yes
6033,0.5282278060913086,Yes
6034,0.3737243711948395,No
6035,0.15635353326797485,No
6036,0.37183552980422974,No
6037,0.30969083309173584,No
6038,0.39849889278411865,No
6039,0.2534950077533722,No
6040,0.503873348236084,Yes
6041,0.25921380519866943,No
6042,0.3079512119293213,No
6043,0.17151765525341034,No
6044,0.40377551317214966,No
6045,0.19026723504066467,No
6046,0.4610247313976288,No
6047,0.2314896583557129,No
6048,0.255365252494812,No
6049,0.174656480550766,No
6050,0.39198827743530273,No
6051,0.24804775416851044,No
6052,0.479409784078598,No
6053,0.3403749465942383,No
6054,0.27682778239250183,No
6055,0.1421719342470169,No
6056,0.3572022318840027,No
6057,0.24416714906692505,No
6058,0.3596300184726715,No
6059,0.17620313167572021,No
6060,0.3478340804576874,No
6061,0.31448331475257874,No
6062,0.18422865867614746,No
6063,0.22075910866260529,No
6064,0.3547315001487732,No
6065,0.3200792372226715,No
6066,0.32831916213035583,No
6067,0.33454111218452454,No
6068,0.19262541830539703,No
6069,0.1978570818901062,No
6070,0.24848666787147522,No
6071,0.24967364966869354,No
6072,0.5194081664085388,Yes
6073,0.44869914650917053,No
6074,0.21109355986118317,No
6075,0.16061176359653473,No
6076,0.34418585896492004,No
6077,0.33277276158332825,No
6078,0.23243291676044464,No
6079,0.21247543394565582,No
6080,0.5057055950164795,Yes
6081,0.37607625126838684,No
6082,0.2905896008014679,No
6083,0.22434169054031372,No
6084,0.3811531662940979,No
6085,0.24209101498126984,No
6086,0.4571753740310669,No
6087,0.2799234092235565,No
6088,0.2727286219596863,No
6089,0.1711617112159729,No
6090,0.4522396922111511,No
6091,0.3033179044723511,No
6092,0.6040125489234924,Yes
6093,0.4708946943283081,No
6094,0.35787147283554077,No
6095,0.1329740285873413,No
6096,0.4820883274078369,No
6097,0.319205641746521,No
6098,0.38187429308891296,No
6099,0.20711520314216614,No
6100,0.43247008323669434,No
6101,0.28285467624664307,No
6102,0.2706631124019623,No
6103,0.19518853724002838,No
6104,0.31131359934806824,No
6105,0.16187185049057007,No
6106,0.5287925004959106,Yes
6107,0.3218281865119934,No
6108,0.2308698147535324,No
6109,0.19770050048828125,No
6110,0.3470524251461029,No
6111,0.23480932414531708,No
6112,0.6717631816864014,Yes
6113,0.49852821230888367,No
6114,0.2593766450881958,No
6115,0.15691667795181274,No
6116,0.4332125782966614,No
6117,0.30774086713790894,No
6118,0.27593544125556946,No
6119,0.17241153120994568,No
6120,0.3870968520641327,No
6121,0.2753256559371948,No
6122,0.2855337858200073,No
6123,0.2858457565307617,No
6124,0.398748517036438,No
6125,0.259255975484848,No
6126,0.37253162264823914,No
6127,0.2966177463531494,No
6128,0.2558792531490326,No
6129,0.4113837480545044,No
6130,0.3990359902381897,No
6131,0.22071459889411926,No
6132,0.6410655975341797,Yes
6133,0.41194605827331543,No
6134,0.31304848194122314,No
6135,0.16614270210266113,No
6136,0.36487722396850586,No
6137,0.2888048589229584,No
6138,0.1905253380537033,No
6139,0.1819731444120407,No
6140,0.4984127879142761,No
6141,0.3605993688106537,No
6142,0.35194236040115356,No
6143,0.25800877809524536,No
6144,0.4326024055480957,No
6145,0.27576661109924316,No
6146,0.44711098074913025,No
6147,0.28643515706062317,No
6148,0.301578551530838,No
6149,0.2570429742336273,No
6150,0.4847842752933502,No
6151,0.3519201874732971,No
6152,0.6276869177818298,Yes
6153,0.5322156548500061,Yes
6154,0.3290814459323883,No
6155,0.15628069639205933,No
6156,0.35899975895881653,No
6157,0.30478736758232117,No
6158,0.40157341957092285,No
6159,0.2666400372982025,No
6160,0.46957409381866455,No
6161,0.26133573055267334,No
6162,0.49611982703208923,No
6163,0.2503867745399475,No
6164,0.4901837706565857,No
6165,0.22639621794223785,No
6166,0.6378222107887268,Yes
6167,0.46244969964027405,No
6168,0.37611496448516846,No
6169,0.26695001125335693,No
6170,0.4655209183692932,No
6171,0.27775314450263977,No
6172,0.6599125266075134,Yes
6173,0.43203115463256836,No
6174,0.3731417655944824,No
6175,0.19046784937381744,No
6176,0.5100839138031006,Yes
6177,0.33036214113235474,No
6178,0.47918829321861267,No
6179,0.25945526361465454,No
6180,0.7411561012268066,Yes
6181,0.4468800723552704,No
6182,0.4488818645477295,No
6183,0.22948689758777618,No
6184,0.5664893984794617,Yes
6185,0.2361437827348709,No
6186,0.484796941280365,No
6187,0.3055800497531891,No
6188,0.3462459146976471,No
6189,0.24071893095970154,No
6190,0.3305830955505371,No
6191,0.22974644601345062,No
6192,0.557990550994873,Yes
6193,0.38791048526763916,No
6194,0.35974764823913574,No
6195,0.17948147654533386,No
6196,0.5427419543266296,Yes
6197,0.35385099053382874,No
6198,0.465497761964798,No
6199,0.24894751608371735,No
6200,0.36005616188049316,No
6201,0.2136044055223465,No
6202,0.37215328216552734,No
6203,0.19339127838611603,No
6204,0.24780860543251038,No
6205,0.17434433102607727,No
6206,0.42364880442619324,No
6207,0.30505967140197754,No
6208,0.1844371110200882,No
6209,0.15569263696670532,No
6210,0.2688843011856079,No
6211,0.18599538505077362,No
6212,0.6346042156219482,Yes
6213,0.31796741485595703,No
6214,0.355255663394928,No
6215,0.15381933748722076,No
6216,0.48171138763427734,No
6217,0.2949923574924469,No
6218,0.37628212571144104,No
6219,0.22505930066108704,No
6220,0.537990927696228,Yes
6221,0.34519925713539124,No
6222,0.24397538602352142,No
6223,0.20566751062870026,No
6224,0.3797221779823303,No
6225,0.1901118904352188,No
6226,0.2798519730567932,No
6227,0.26162806153297424,No
6228,0.20599068701267242,No
6229,0.15935777127742767,No
6230,0.35938891768455505,No
6231,0.1937963366508484,No
6232,0.5284410119056702,Yes
6233,0.4165326654911041,No
6234,0.2297336459159851,No
6235,0.14541110396385193,No
6236,0.3460288643836975,No
6237,0.23329994082450867,No
6238,0.3917892873287201,No
6239,0.261375367641449,No
6240,0.547642171382904,Yes
6241,0.34324732422828674,No
6242,0.3267379701137543,No
6243,0.2480873316526413,No
6244,0.32369622588157654,No
6245,0.1939968466758728,No
6246,0.5185803174972534,Yes
6247,0.3237789273262024,No
6248,0.4776766896247864,No
6249,0.36400219798088074,No
6250,0.37679362297058105,No
6251,0.3155471086502075,No
6252,0.6920222043991089,Yes
6253,0.5366843342781067,Yes
6254,0.28743088245391846,No
6255,0.15058107674121857,No
6256,0.4137001633644104,No
6257,0.28360188007354736,No
6258,0.31288838386535645,No
6259,0.16590407490730286,No
6260,0.6045324802398682,Yes
6261,0.2830890119075775,No
6262,0.3237413465976715,No
6263,0.16177207231521606,No
6264,0.49913808703422546,No
6265,0.21783895790576935,No
6266,0.3912634253501892,No
6267,0.21922667324543,No
6268,0.29664522409439087,No
6269,0.19320465624332428,No
6270,0.3391403555870056,No
6271,0.20629659295082092,No
6272,0.5967807769775391,Yes
6273,0.3864254057407379,No
6274,0.31119856238365173,No
6275,0.17616157233715057,No
6276,0.5395115613937378,Yes
6277,0.3212008774280548,No
6278,0.37522247433662415,No
6279,0.18945607542991638,No
6280,0.40867704153060913,No
6281,0.1847391277551651,No
6282,0.2540360391139984,No
6283,0.14266040921211243,No
6284,0.33050665259361267,No
6285,0.11763940006494522,No
6286,0.37437698245048523,No
6287,0.19408945739269257,No
6288,0.2344951182603836,No
6289,0.16563110053539276,No
6290,0.3035504221916199,No
6291,0.1948791742324829,No
6292,0.36842596530914307,No
6293,0.22856618463993073,No
6294,0.2690664827823639,No
6295,0.13006591796875,No
6296,0.2791588008403778,No
6297,0.20623457431793213,No
6298,0.3105009198188782,No
6299,0.17268481850624084,No
6300,0.5711855888366699,Yes
6301,0.3407609462738037,No
6302,0.18199503421783447,No
6303,0.21444329619407654,No
6304,0.4110671281814575,No
6305,0.29221731424331665,No
6306,0.282134085893631,No
6307,0.3074365258216858,No
6308,0.3328298032283783,No
6309,0.2349151074886322,No
6310,0.2213083654642105,No
6311,0.3761588931083679,No
6312,0.46271437406539917,No
6313,0.5351888537406921,Yes
6314,0.3129255175590515,No
6315,0.16997116804122925,No
6316,0.3448804020881653,No
6317,0.27266180515289307,No
6318,0.4541189670562744,No
6319,0.23302938044071198,No
6320,0.45039549469947815,No
6321,0.23476725816726685,No
6322,0.28133144974708557,No
6323,0.1525813788175583,No
6324,0.33465272188186646,No
6325,0.1500891000032425,No
6326,0.45281103253364563,No
6327,0.21714027225971222,No
6328,0.2339286506175995,No
6329,0.1470806896686554,No
6330,0.365698903799057,No
6331,0.19784492254257202,No
6332,0.3973902463912964,No
6333,0.26753875613212585,No
6334,0.3143746554851532,No
6335,0.15201148390769958,No
6336,0.3607180118560791,No
6337,0.23405779898166656,No
6338,0.41045674681663513,No
6339,0.21917591989040375,No
6340,0.3468673825263977,No
6341,0.31354042887687683,No
6342,0.3928265869617462,No
6343,0.1808720827102661,No
6344,0.31089234352111816,No
6345,0.2225664108991623,No
6346,0.5881485342979431,Yes
6347,0.2904640734195709,No
6348,0.24421191215515137,No
6349,0.2586299479007721,No
6350,0.36312371492385864,No
6351,0.22692106664180756,No
6352,0.7230021357536316,Yes
6353,0.40767186880111694,No
6354,0.3980201780796051,No
6355,0.14477892220020294,No
6356,0.39927244186401367,No
6357,0.254643052816391,No
6358,0.47645115852355957,No
6359,0.25897133350372314,No
6360,0.2251897156238556,No
6361,0.20331621170043945,No
6362,0.20240676403045654,No
6363,0.1972237080335617,No
6364,0.2610604166984558,No
6365,0.21181067824363708,No
6366,0.3081652522087097,No
6367,0.27130964398384094,No
6368,0.1827738881111145,No
6369,0.1651301085948944,No
6370,0.2573491036891937,No
6371,0.21040114760398865,No
6372,0.3583739101886749,No
6373,0.32706621289253235,No
6374,0.21089084446430206,No
6375,0.16410866379737854,No
6376,0.21747933328151703,No
6377,0.1932954341173172,No
6378,0.30965951085090637,No
6379,0.2302081286907196,No
6380,0.28710147738456726,No
6381,0.21849913895130157,No
6382,0.2215282917022705,No
6383,0.16229282319545746,No
6384,0.34779834747314453,No
6385,0.2153090238571167,No
6386,0.3119882345199585,No
6387,0.22248362004756927,No
6388,0.2471945434808731,No
6389,0.21785873174667358,No
6390,0.3143712282180786,No
6391,0.24171242117881775,No
6392,0.4348682463169098,No
6393,0.37695735692977905,No
6394,0.25923919677734375,No
6395,0.16870833933353424,No
6396,0.28335726261138916,No
6397,0.2138981968164444,No
6398,0.33793604373931885,No
6399,0.24354758858680725,No
6400,0.7059667706489563,Yes
6401,0.4047186076641083,No
6402,0.5775008797645569,Yes
6403,0.2991276979446411,No
6404,0.5310125946998596,Yes
6405,0.24861767888069153,No
6406,0.21723365783691406,No
6407,0.22655564546585083,No
6408,0.3177371025085449,No
6409,0.28898656368255615,No
6410,0.2702237069606781,No
6411,0.3230196237564087,No
6412,0.8057209253311157,Yes
6413,0.5157530307769775,Yes
6414,0.40530508756637573,No
6415,0.39337751269340515,No
6416,0.4048888087272644,No
6417,0.43671661615371704,No
6418,0.45537474751472473,No
6419,0.3022133409976959,No
6420,0.6125390529632568,Yes
6421,0.3418797254562378,No
6422,0.47188180685043335,No
6423,0.22278302907943726,No
6424,0.6433222889900208,Yes
6425,0.3105436861515045,No
6426,0.5450297594070435,Yes
6427,0.3357040286064148,No
6428,0.48256370425224304,No
6429,0.36929214000701904,No
6430,0.6662915945053101,Yes
6431,0.4027095437049866,No
6432,0.8358961939811707,Yes
6433,0.6666595935821533,Yes
6434,0.697374165058136,Yes
6435,0.3382892608642578,No
6436,0.6546075344085693,Yes
6437,0.41560181975364685,No
6438,0.4672010540962219,No
6439,0.29890501499176025,No
6440,0.6600022912025452,Yes
6441,0.3400580883026123,No
6442,0.4508419334888458,No
6443,0.2504984438419342,No
6444,0.5307121872901917,Yes
6445,0.239168182015419,No
6446,0.4977955222129822,No
6447,0.27866125106811523,No
6448,0.4437890648841858,No
6449,0.3147985339164734,No
6450,0.6137830018997192,Yes
6451,0.3189901113510132,No
6452,0.7160910964012146,Yes
6453,0.47053977847099304,No
6454,0.5659350752830505,Yes
6455,0.2954951524734497,No
6456,0.4716794192790985,No
6457,0.2928035259246826,No
6458,0.5733098983764648,Yes
6459,0.3555260896682739,No
6460,0.46987035870552063,No
6461,0.4778766930103302,No
6462,0.26258790493011475,No
6463,0.3060329556465149,No
6464,0.48298266530036926,No
6465,0.4879584014415741,No
6466,0.373896986246109,No
6467,0.47293198108673096,No
6468,0.31194403767585754,No
6469,0.37498870491981506,No
6470,0.42215314507484436,No
6471,0.47376853227615356,No
6472,0.6972934007644653,Yes
6473,0.6772269606590271,Yes
6474,0.3517230451107025,No
6475,0.3526773452758789,No
6476,0.41805702447891235,No
6477,0.4774026870727539,No
6478,0.27225443720817566,No
6479,0.3396502733230591,No
6480,0.7178531885147095,Yes
6481,0.47894424200057983,No
6482,0.5375939011573792,Yes
6483,0.32977184653282166,No
6484,0.5137462615966797,Yes
6485,0.2367890328168869,No
6486,0.588189959526062,Yes
6487,0.2769506871700287,No
6488,0.4737851917743683,No
6489,0.26252132654190063,No
6490,0.6808910369873047,Yes
6491,0.39348819851875305,No
6492,0.774659276008606,Yes
6493,0.5176081657409668,Yes
6494,0.6666686534881592,Yes
6495,0.2729398012161255,No
6496,0.6720613837242126,Yes
6497,0.3983692526817322,No
6498,0.6279652118682861,Yes
6499,0.3914167284965515,No
6500,0.4533632695674896,No
6501,0.30031952261924744,No
6502,0.42887669801712036,No
6503,0.32994890213012695,No
6504,0.4237801730632782,No
6505,0.2109120637178421,No
6506,0.5123242139816284,Yes
6507,0.3142617344856262,No
6508,0.28345605731010437,No
6509,0.2770612835884094,No
6510,0.42723163962364197,No
6511,0.24861963093280792,No
6512,0.8281364440917969,Yes
6513,0.5217931866645813,Yes
6514,0.41319069266319275,No
6515,0.24830035865306854,No
6516,0.40059682726860046,No
6517,0.3278992176055908,No
6518,0.3309606909751892,No
6519,0.2674182653427124,No
6520,0.7157874703407288,Yes
6521,0.5317835211753845,Yes
6522,0.28049513697624207,No
6523,0.3078131675720215,No
6524,0.3571445643901825,No
6525,0.39148736000061035,No
6526,0.3058542311191559,No
6527,0.4030655026435852,No
6528,0.35371458530426025,No
6529,0.39503857493400574,No
6530,0.6431376934051514,Yes
6531,0.23586197197437286,No
6532,0.6975401639938354,Yes
6533,0.39521679282188416,No
6534,0.5391168594360352,Yes
6535,0.28521138429641724,No
6536,0.378842294216156,No
6537,0.2740354537963867,No
6538,0.336883544921875,No
6539,0.25026369094848633,No
6540,0.6317523121833801,Yes
6541,0.3767772912979126,No
6542,0.4767780303955078,No
6543,0.26515382528305054,No
6544,0.4769243597984314,No
6545,0.2826574742794037,No
6546,0.5213097929954529,Yes
6547,0.32185986638069153,No
6548,0.4874091148376465,No
6549,0.3728468716144562,No
6550,0.638312816619873,Yes
6551,0.38456085324287415,No
6552,0.8319162726402283,Yes
6553,0.6040989756584167,Yes
6554,0.6631215810775757,Yes
6555,0.32730633020401,No
6556,0.6556186676025391,Yes
6557,0.4157330095767975,No
6558,0.5884637832641602,Yes
6559,0.35074618458747864,No
6560,0.7689347267150879,Yes
6561,0.33707600831985474,No
6562,0.7157754302024841,Yes
6563,0.358322411775589,No
6564,0.7034698724746704,Yes
6565,0.271733820438385,No
6566,0.7675990462303162,Yes
6567,0.47073712944984436,No
6568,0.5243564248085022,Yes
6569,0.3369743227958679,No
6570,0.7598113417625427,Yes
6571,0.404994934797287,No
6572,0.7828298807144165,Yes
6573,0.5482406616210938,Yes
6574,0.7515701055526733,Yes
6575,0.39153149724006653,No
6576,0.7328647971153259,Yes
6577,0.44032156467437744,No
6578,0.5567646622657776,Yes
6579,0.33326560258865356,No
6580,0.7695894241333008,Yes
6581,0.37473541498184204,No
6582,0.6539157032966614,Yes
6583,0.30947038531303406,No
6584,0.7037550806999207,Yes
6585,0.26763445138931274,No
6586,0.6824297308921814,Yes
6587,0.35616254806518555,No
6588,0.4882555902004242,No
6589,0.3010851740837097,No
6590,0.5852174162864685,Yes
6591,0.2923240661621094,No
6592,0.6795536279678345,Yes
6593,0.4387029707431793,No
6594,0.7650808095932007,Yes
6595,0.4157293140888214,No
6596,0.6985868811607361,Yes
6597,0.40030860900878906,No
6598,0.5866321325302124,Yes
6599,0.3327884078025818,No
6600,0.42376071214675903,No
6601,0.25374743342399597,No
6602,0.37273943424224854,No
6603,0.2126471847295761,No
6604,0.4230690598487854,No
6605,0.264773964881897,No
6606,0.4070540964603424,No
6607,0.28846803307533264,No
6608,0.23801733553409576,No
6609,0.23816967010498047,No
6610,0.4242255985736847,No
6611,0.3139292299747467,No
6612,0.7577740550041199,Yes
6613,0.4256187677383423,No
6614,0.602067232131958,Yes
6615,0.30798083543777466,No
6616,0.5804899334907532,Yes
6617,0.40813449025154114,No
6618,0.49999189376831055,No
6619,0.28897157311439514,No
6620,0.690524160861969,Yes
6621,0.40527835488319397,No
6622,0.3859247863292694,No
6623,0.3085974454879761,No
6624,0.449885755777359,No
6625,0.2722880244255066,No
6626,0.2869848608970642,No
6627,0.22482870519161224,No
6628,0.3216882050037384,No
6629,0.29858335852622986,No
6630,0.5606271028518677,Yes
6631,0.27347689867019653,No
6632,0.6209419965744019,Yes
6633,0.5404349565505981,Yes
6634,0.34597423672676086,No
6635,0.2842385172843933,No
6636,0.4167265295982361,No
6637,0.22963210940361023,No
6638,0.5266702175140381,Yes
6639,0.3123459219932556,No
6640,0.6508741974830627,Yes
6641,0.43283799290657043,No
6642,0.39296042919158936,No
6643,0.18906213343143463,No
6644,0.5873751044273376,Yes
6645,0.2932949960231781,No
6646,0.5249730348587036,Yes
6647,0.2889610826969147,No
6648,0.5387369394302368,Yes
6649,0.4262339770793915,No
6650,0.6049385666847229,Yes
6651,0.37833794951438904,No
6652,0.8130082488059998,Yes
6653,0.6261707544326782,Yes
6654,0.5621272921562195,Yes
6655,0.30780738592147827,No
6656,0.4986816942691803,No
6657,0.3204200565814972,No
6658,0.5711122751235962,Yes
6659,0.3861953616142273,No
6660,0.6719965934753418,Yes
6661,0.28942859172821045,No
6662,0.5680468678474426,Yes
6663,0.2969458997249603,No
6664,0.6178337931632996,Yes
6665,0.2912543714046478,No
6666,0.5492087006568909,Yes
6667,0.3516724407672882,No
6668,0.491081565618515,No
6669,0.3278593420982361,No
6670,0.5086995363235474,Yes
6671,0.25630009174346924,No
6672,0.7759667038917542,Yes
6673,0.5557689070701599,Yes
6674,0.6460311412811279,Yes
6675,0.3465617299079895,No
6676,0.592046320438385,Yes
6677,0.34163016080856323,No
6678,0.45462146401405334,No
6679,0.27451372146606445,No
6680,0.5213251709938049,Yes
6681,0.2190181463956833,No
6682,0.32054266333580017,No
6683,0.16657640039920807,No
6684,0.4282112419605255,No
6685,0.17626439034938812,No
6686,0.4036109745502472,No
6687,0.23655270040035248,No
6688,0.3669779896736145,No
6689,0.2704406678676605,No
6690,0.5364996194839478,Yes
6691,0.27176424860954285,No
6692,0.5132243633270264,Yes
6693,0.35071083903312683,No
6694,0.5753993391990662,Yes
6695,0.24552249908447266,No
6696,0.37856367230415344,No
6697,0.25676777958869934,No
6698,0.39962857961654663,No
6699,0.2626905143260956,No
6700,0.5809076428413391,Yes
6701,0.4545256197452545,No
6702,0.2868502736091614,No
6703,0.33288106322288513,No
6704,0.38440537452697754,No
6705,0.2776908278465271,No
6706,0.3053494989871979,No
6707,0.33425095677375793,No
6708,0.5426884889602661,Yes
6709,0.3945518434047699,No
6710,0.3170423209667206,No
6711,0.3913570046424866,No
6712,0.5979006886482239,Yes
6713,0.5943890810012817,Yes
6714,0.6050960421562195,Yes
6715,0.335572212934494,No
6716,0.5407844185829163,Yes
6717,0.32683488726615906,No
6718,0.4793770909309387,No
6719,0.4060303568840027,No
6720,0.6939287781715393,Yes
6721,0.347343772649765,No
6722,0.3508721888065338,No
6723,0.1681428998708725,No
6724,0.49104949831962585,No
6725,0.1973150670528412,No
6726,0.49882540106773376,No
6727,0.257014662027359,No
6728,0.4116140902042389,No
6729,0.27717870473861694,No
6730,0.5632650852203369,Yes
6731,0.26556283235549927,No
6732,0.6335365772247314,Yes
6733,0.43057841062545776,No
6734,0.6205785274505615,Yes
6735,0.3051832318305969,No
6736,0.39437010884284973,No
6737,0.2414376586675644,No
6738,0.5238795280456543,Yes
6739,0.3152448832988739,No
6740,0.4540752172470093,No
6741,0.46869903802871704,No
6742,0.531109094619751,Yes
6743,0.21166472136974335,No
6744,0.42737138271331787,No
6745,0.22524555027484894,No
6746,0.5751270651817322,Yes
6747,0.3080912232398987,No
6748,0.38593682646751404,No
6749,0.4342510998249054,No
6750,0.5214592814445496,Yes
6751,0.296503484249115,No
6752,0.8410131335258484,Yes
6753,0.6410987377166748,Yes
6754,0.6671768426895142,Yes
6755,0.2573554813861847,No
6756,0.6551732420921326,Yes
6757,0.3930373787879944,No
6758,0.620750904083252,Yes
6759,0.34518179297447205,No
6760,0.4598545432090759,No
6761,0.39103153347969055,No
6762,0.27879855036735535,No
6763,0.282827764749527,No
6764,0.31084251403808594,No
6765,0.2855148911476135,No
6766,0.2628193497657776,No
6767,0.2908681333065033,No
6768,0.2643222212791443,No
6769,0.31597521901130676,No
6770,0.33943668007850647,No
6771,0.3039434552192688,No
6772,0.3134068250656128,No
6773,0.3504120409488678,No
6774,0.350726455450058,No
6775,0.3142812252044678,No
6776,0.25210875272750854,No
6777,0.2643926739692688,No
6778,0.3369949162006378,No
6779,0.3243957459926605,No
6780,0.5706608295440674,Yes
6781,0.4272715151309967,No
6782,0.3727470934391022,No
6783,0.28653064370155334,No
6784,0.4239577353000641,No
6785,0.28958746790885925,No
6786,0.33603131771087646,No
6787,0.27502745389938354,No
6788,0.33933159708976746,No
6789,0.34581032395362854,No
6790,0.4854857325553894,No
6791,0.3601427674293518,No
6792,0.4670711159706116,No
6793,0.434103399515152,No
6794,0.5237811803817749,Yes
6795,0.3792540729045868,No
6796,0.34184518456459045,No
6797,0.2874252498149872,No
6798,0.38175681233406067,No
6799,0.32162442803382874,No
6800,0.4928838908672333,No
6801,0.32118329405784607,No
6802,0.43817058205604553,No
6803,0.24734045565128326,No
6804,0.4500226080417633,No
6805,0.21658004820346832,No
6806,0.18418444693088531,No
6807,0.20551203191280365,No
6808,0.21464452147483826,No
6809,0.25952035188674927,No
6810,0.22931073606014252,No
6811,0.2689092457294464,No
6812,0.6104281544685364,Yes
6813,0.3929833471775055,No
6814,0.24869100749492645,No
6815,0.23185944557189941,No
6816,0.25491824746131897,No
6817,0.26666826009750366,No
6818,0.35622358322143555,No
6819,0.20229415595531464,No
6820,0.5954548120498657,Yes
6821,0.330584317445755,No
6822,0.3656853437423706,No
6823,0.21967151761054993,No
6824,0.42490413784980774,No
6825,0.23789145052433014,No
6826,0.37986260652542114,No
6827,0.2259494513273239,No
6828,0.3608020842075348,No
6829,0.31367599964141846,No
6830,0.44261738657951355,No
6831,0.282495379447937,No
6832,0.5833758115768433,Yes
6833,0.4447749853134155,No
6834,0.41401585936546326,No
6835,0.21313829720020294,No
6836,0.36221036314964294,No
6837,0.2593952715396881,No
6838,0.3730599880218506,No
6839,0.26263806223869324,No
6840,0.6452144980430603,Yes
6841,0.32618704438209534,No
6842,0.2940219044685364,No
6843,0.1703866720199585,No
6844,0.3971542716026306,No
6845,0.1885019838809967,No
6846,0.387869656085968,No
6847,0.22308552265167236,No
6848,0.30624154210090637,No
6849,0.23014701902866364,No
6850,0.3675285577774048,No
6851,0.22365783154964447,No
6852,0.4509372413158417,No
6853,0.33543938398361206,No
6854,0.33485686779022217,No
6855,0.18439652025699615,No
6856,0.2679377794265747,No
6857,0.1787753850221634,No
6858,0.351820170879364,No
6859,0.2414342612028122,No
6860,0.4556097090244293,No
6861,0.4356595277786255,No
6862,0.18091998994350433,No
6863,0.20289184153079987,No
6864,0.3664820194244385,No
6865,0.3653685450553894,No
6866,0.25501498579978943,No
6867,0.2702164053916931,No
6868,0.21459628641605377,No
6869,0.26454058289527893,No
6870,0.24796321988105774,No
6871,0.26519909501075745,No
6872,0.4934612214565277,No
6873,0.4963076412677765,No
6874,0.2276993989944458,No
6875,0.22055190801620483,No
6876,0.31312546133995056,No
6877,0.3074708878993988,No
6878,0.2314702421426773,No
6879,0.26689648628234863,No
6880,0.4550081193447113,No
6881,0.3131555914878845,No
6882,0.3354850113391876,No
6883,0.21339896321296692,No
6884,0.35116392374038696,No
6885,0.22911131381988525,No
6886,0.3967958986759186,No
6887,0.20531345903873444,No
6888,0.34695154428482056,No
6889,0.24335817992687225,No
6890,0.46906670928001404,No
6891,0.28451424837112427,No
6892,0.5740251541137695,Yes
6893,0.3846275508403778,No
6894,0.40704983472824097,No
6895,0.1975632756948471,No
6896,0.42206305265426636,No
6897,0.25607025623321533,No
6898,0.4254120886325836,No
6899,0.26719406247138977,No
6900,0.5321580171585083,Yes
6901,0.3416057527065277,No
6902,0.3319494128227234,No
6903,0.22632454335689545,No
6904,0.31705406308174133,No
6905,0.17104022204875946,No
6906,0.41856247186660767,No
6907,0.23971517384052277,No
6908,0.20837220549583435,No
6909,0.217971071600914,No
6910,0.29748740792274475,No
6911,0.19998854398727417,No
6912,0.6020888090133667,Yes
6913,0.38355427980422974,No
6914,0.26165735721588135,No
6915,0.1688033938407898,No
6916,0.2814842760562897,No
6917,0.2074079066514969,No
6918,0.2478097379207611,No
6919,0.19289059937000275,No
6920,0.48645922541618347,No
6921,0.3790947496891022,No
6922,0.26713159680366516,No
6923,0.2606273293495178,No
6924,0.31256240606307983,No
6925,0.2752641439437866,No
6926,0.24548311531543732,No
6927,0.22607532143592834,No
6928,0.2969677746295929,No
6929,0.344028115272522,No
6930,0.4064265489578247,No
6931,0.17581775784492493,No
6932,0.5529661774635315,Yes
6933,0.29116174578666687,No
6934,0.3299280107021332,No
6935,0.1968914121389389,No
6936,0.25628283619880676,No
6937,0.1920008361339569,No
6938,0.21826162934303284,No
6939,0.20040461421012878,No
6940,0.5029565691947937,Yes
6941,0.3205447196960449,No
6942,0.37368032336235046,No
6943,0.24294663965702057,No
6944,0.36255893111228943,No
6945,0.2518177330493927,No
6946,0.3758707642555237,No
6947,0.2189875692129135,No
6948,0.36391395330429077,No
6949,0.31572678685188293,No
6950,0.41488805413246155,No
6951,0.28037548065185547,No
6952,0.5314826965332031,Yes
6953,0.3847508430480957,No
6954,0.3593362867832184,No
6955,0.20560160279273987,No
6956,0.3604753315448761,No
6957,0.25695663690567017,No
6958,0.40831854939460754,No
6959,0.2679998576641083,No
6960,0.5383793711662292,Yes
6961,0.27020707726478577,No
6962,0.5388684868812561,Yes
6963,0.25704920291900635,No
6964,0.5133046507835388,Yes
6965,0.2232140600681305,No
6966,0.46783679723739624,No
6967,0.2820815145969391,No
6968,0.3519871234893799,No
6969,0.27677303552627563,No
6970,0.45117413997650146,No
6971,0.2682245969772339,No
6972,0.6057968735694885,Yes
6973,0.4514458179473877,No
6974,0.4740978181362152,No
6975,0.23983927071094513,No
6976,0.46950763463974,No
6977,0.2594740688800812,No
6978,0.4487960636615753,No
6979,0.28784579038619995,No
6980,0.5737044215202332,Yes
6981,0.2914220988750458,No
6982,0.4290233552455902,No
6983,0.2081754058599472,No
6984,0.5875226259231567,Yes
6985,0.2304341197013855,No
6986,0.40177488327026367,No
6987,0.21507582068443298,No
6988,0.32771357893943787,No
6989,0.24735741317272186,No
6990,0.343066543340683,No
6991,0.21648329496383667,No
6992,0.5333114862442017,Yes
6993,0.38785529136657715,No
6994,0.4704331159591675,No
6995,0.24305400252342224,No
6996,0.40350863337516785,No
6997,0.2415514886379242,No
6998,0.42880868911743164,No
6999,0.2509032189846039,No
7000,0.5085516571998596,Yes
7001,0.26661217212677,No
7002,0.33801302313804626,No
7003,0.17553669214248657,No
7004,0.2861330509185791,No
7005,0.20593489706516266,No
7006,0.32386013865470886,No
7007,0.2476312220096588,No
7008,0.21332520246505737,No
7009,0.2109432816505432,No
7010,0.3070683777332306,No
7011,0.21660387516021729,No
7012,0.538304328918457,Yes
7013,0.2871723771095276,No
7014,0.39478954672813416,No
7015,0.19571994245052338,No
7016,0.37016716599464417,No
7017,0.2448659986257553,No
7018,0.3653777539730072,No
7019,0.23289228975772858,No
7020,0.49805009365081787,No
7021,0.2880730628967285,No
7022,0.3190189599990845,No
7023,0.2292395979166031,No
7024,0.3810300827026367,No
7025,0.226113960146904,No
7026,0.23128309845924377,No
7027,0.18755726516246796,No
7028,0.2339567244052887,No
7029,0.20817683637142181,No
7030,0.34440484642982483,No
7031,0.18540187180042267,No
7032,0.4769972264766693,No
7033,0.4177199602127075,No
7034,0.2363259345293045,No
7035,0.1802346408367157,No
7036,0.2933697998523712,No
7037,0.1836872398853302,No
7038,0.3629993498325348,No
7039,0.24082541465759277,No
7040,0.6075685620307922,Yes
7041,0.40460485219955444,No
7042,0.3420993983745575,No
7043,0.21783508360385895,No
7044,0.3807055354118347,No
7045,0.2250588834285736,No
7046,0.3927342891693115,No
7047,0.2240932434797287,No
7048,0.421068012714386,No
7049,0.35399991273880005,No
7050,0.3729243576526642,No
7051,0.2658090889453888,No
7052,0.6069650053977966,Yes
7053,0.45748576521873474,No
7054,0.30983102321624756,No
7055,0.19969142973423004,No
7056,0.31060874462127686,No
7057,0.19458381831645966,No
7058,0.3666441738605499,No
7059,0.25816282629966736,No
7060,0.7023293972015381,Yes
7061,0.3370334208011627,No
7062,0.3243516683578491,No
7063,0.15646906197071075,No
7064,0.5206040740013123,Yes
7065,0.24940089881420135,No
7066,0.32353702187538147,No
7067,0.18090617656707764,No
7068,0.3271748721599579,No
7069,0.24839986860752106,No
7070,0.32194983959198,No
7071,0.17741259932518005,No
7072,0.5396358966827393,Yes
7073,0.39146852493286133,No
7074,0.3709753751754761,No
7075,0.20615039765834808,No
7076,0.3966907858848572,No
7077,0.22685623168945312,No
7078,0.36624041199684143,No
7079,0.23121076822280884,No
7080,0.5577748417854309,Yes
7081,0.2583097219467163,No
7082,0.283469021320343,No
7083,0.1607079654932022,No
7084,0.34951743483543396,No
7085,0.13769295811653137,No
7086,0.296019583940506,No
7087,0.17267537117004395,No
7088,0.24124376475811005,No
7089,0.20543774962425232,No
7090,0.32277238368988037,No
7091,0.18424659967422485,No
7092,0.37029725313186646,No
7093,0.28136202692985535,No
7094,0.34587588906288147,No
7095,0.16398872435092926,No
7096,0.22557911276817322,No
7097,0.1577225774526596,No
7098,0.29798761010169983,No
7099,0.21607814729213715,No
7100,0.5762133598327637,Yes
7101,0.44518473744392395,No
7102,0.17438720166683197,No
7103,0.19919267296791077,No
7104,0.3167925477027893,No
7105,0.2553119361400604,No
7106,0.21260972321033478,No
7107,0.200314000248909,No
7108,0.4043407440185547,No
7109,0.30396565794944763,No
7110,0.196234792470932,No
7111,0.2892111837863922,No
7112,0.3810981214046478,No
7113,0.4350253939628601,No
7114,0.34476688504219055,No
7115,0.21838051080703735,No
7116,0.3034919798374176,No
7117,0.20495808124542236,No
7118,0.42711204290390015,No
7119,0.3285958170890808,No
7120,0.4427533745765686,No
7121,0.21676422655582428,No
7122,0.2989247143268585,No
7123,0.15710464119911194,No
7124,0.36239951848983765,No
7125,0.16221275925636292,No
7126,0.3587939739227295,No
7127,0.18903020024299622,No
7128,0.2711980640888214,No
7129,0.19310162961483002,No
7130,0.34006327390670776,No
7131,0.1862720400094986,No
7132,0.3623908460140228,No
7133,0.26824092864990234,No
7134,0.36497804522514343,No
7135,0.18208268284797668,No
7136,0.29745665192604065,No
7137,0.1855865865945816,No
7138,0.40914568305015564,No
7139,0.2579036355018616,No
7140,0.4967149496078491,No
7141,0.46793919801712036,No
7142,0.4024752080440521,No
7143,0.1981542408466339,No
7144,0.2805700898170471,No
7145,0.17560186982154846,No
7146,0.4635899066925049,No
7147,0.21537639200687408,No
7148,0.2559547424316406,No
7149,0.29176926612854004,No
7150,0.3608168959617615,No
7151,0.24254196882247925,No
7152,0.6262139081954956,Yes
7153,0.4441281259059906,No
7154,0.4178566336631775,No
7155,0.1892717331647873,No
7156,0.3761990964412689,No
7157,0.22565129399299622,No
7158,0.48185721039772034,No
7159,0.30035847425460815,No
7160,0.3424401581287384,No
7161,0.2912270724773407,No
7162,0.22114694118499756,No
7163,0.21462297439575195,No
7164,0.26641321182250977,No
7165,0.23257692158222198,No
7166,0.22685745358467102,No
7167,0.2315293401479721,No
7168,0.18907685577869415,No
7169,0.21067941188812256,No
7170,0.23386502265930176,No
7171,0.2028903216123581,No
7172,0.3000820279121399,No
7173,0.3241608440876007,No
7174,0.23166507482528687,No
7175,0.21265147626399994,No
7176,0.18761509656906128,No
7177,0.1744953840970993,No
7178,0.2987263798713684,No
7179,0.28125038743019104,No
7180,0.4018198251724243,No
7181,0.30011916160583496,No
7182,0.20868875086307526,No
7183,0.14705988764762878,No
7184,0.3458440601825714,No
7185,0.23356768488883972,No
7186,0.23279038071632385,No
7187,0.17445704340934753,No
7188,0.2562412619590759,No
7189,0.25832945108413696,No
7190,0.2829850912094116,No
7191,0.2195500284433365,No
7192,0.3761747181415558,No
7193,0.3605790436267853,No
7194,0.2995688319206238,No
7195,0.21141353249549866,No
7196,0.21643975377082825,No
7197,0.1723150759935379,No
7198,0.27233877778053284,No
7199,0.24777153134346008,No
7200,0.4208707809448242,No
7201,0.24486400187015533,No
7202,0.40782448649406433,No
7203,0.24586643278598785,No
7204,0.3711332380771637,No
7205,0.22252719104290009,No
7206,0.21515515446662903,No
7207,0.1623152494430542,No
7208,0.2162097841501236,No
7209,0.2251836508512497,No
7210,0.1561794877052307,No
7211,0.15276692807674408,No
7212,0.6614907383918762,Yes
7213,0.4637293517589569,No
7214,0.24040372669696808,No
7215,0.2779022753238678,No
7216,0.2835862338542938,No
7217,0.20175975561141968,No
7218,0.2834402322769165,No
7219,0.1928343027830124,No
7220,0.336084246635437,No
7221,0.21103976666927338,No
7222,0.3343726694583893,No
7223,0.17518852651119232,No
7224,0.3888605237007141,No
7225,0.21564826369285583,No
7226,0.38505038619041443,No
7227,0.23437289893627167,No
7228,0.3291071355342865,No
7229,0.26234006881713867,No
7230,0.4225984811782837,No
7231,0.2086641937494278,No
7232,0.6796403527259827,Yes
7233,0.6138079166412354,Yes
7234,0.33883047103881836,No
7235,0.17879919707775116,No
7236,0.3546332120895386,No
7237,0.16721391677856445,No
7238,0.2731471657752991,No
7239,0.1631172150373459,No
7240,0.3224836587905884,No
7241,0.199593186378479,No
7242,0.39687448740005493,No
7243,0.301378458738327,No
7244,0.36516454815864563,No
7245,0.2184123545885086,No
7246,0.40455546975135803,No
7247,0.24156102538108826,No
7248,0.28425782918930054,No
7249,0.2308436632156372,No
7250,0.33256372809410095,No
7251,0.18302132189273834,No
7252,0.559995710849762,Yes
7253,0.47548380494117737,No
7254,0.2414022833108902,No
7255,0.15439070761203766,No
7256,0.267366886138916,No
7257,0.1271589994430542,No
7258,0.34190651774406433,No
7259,0.1988237351179123,No
7260,0.2890719175338745,No
7261,0.32422885298728943,No
7262,0.2233930379152298,No
7263,0.3067893087863922,No
7264,0.32407259941101074,No
7265,0.4286630153656006,No
7266,0.3027586042881012,No
7267,0.39405328035354614,No
7268,0.21440814435482025,No
7269,0.3421005606651306,No
7270,0.29686397314071655,No
7271,0.3016757071018219,No
7272,0.5025969743728638,Yes
7273,0.5948808193206787,Yes
7274,0.17657515406608582,No
7275,0.21228694915771484,No
7276,0.24064873158931732,No
7277,0.2643415927886963,No
7278,0.15140853822231293,No
7279,0.19632244110107422,No
7280,0.3979971408843994,No
7281,0.2979663610458374,No
7282,0.42043474316596985,No
7283,0.3029737174510956,No
7284,0.32937532663345337,No
7285,0.15713874995708466,No
7286,0.3875790536403656,No
7287,0.19735106825828552,No
7288,0.24766580760478973,No
7289,0.18343253433704376,No
7290,0.4294547438621521,No
7291,0.19403405487537384,No
7292,0.5717808604240417,Yes
7293,0.38787952065467834,No
7294,0.3038114607334137,No
7295,0.14598782360553741,No
7296,0.3815750777721405,No
7297,0.1647338718175888,No
7298,0.3813640773296356,No
7299,0.2458788901567459,No
7300,0.2536482810974121,No
7301,0.261768639087677,No
7302,0.3171934187412262,No
7303,0.36105579137802124,No
7304,0.28950607776641846,No
7305,0.2004372477531433,No
7306,0.4226513206958771,No
7307,0.24698489904403687,No
7308,0.20192281901836395,No
7309,0.22987815737724304,No
7310,0.2111290544271469,No
7311,0.12752428650856018,No
7312,0.6456637382507324,Yes
7313,0.49899914860725403,No
7314,0.1918576955795288,No
7315,0.13762415945529938,No
7316,0.19440212845802307,No
7317,0.14386869966983795,No
7318,0.19851435720920563,No
7319,0.1630539745092392,No
7320,0.42473164200782776,No
7321,0.3534747064113617,No
7322,0.26139166951179504,No
7323,0.33977097272872925,No
7324,0.2401057928800583,No
7325,0.3280740976333618,No
7326,0.23842976987361908,No
7327,0.3827301561832428,No
7328,0.26629865169525146,No
7329,0.3584028482437134,No
7330,0.38947799801826477,No
7331,0.14588429033756256,No
7332,0.5734962821006775,Yes
7333,0.3283206820487976,No
7334,0.2758897542953491,No
7335,0.18456614017486572,No
7336,0.2159987837076187,No
7337,0.1273205727338791,No
7338,0.1908341348171234,No
7339,0.14004547894001007,No
7340,0.32314762473106384,No
7341,0.24125556647777557,No
7342,0.30714428424835205,No
7343,0.21026785671710968,No
7344,0.30516737699508667,No
7345,0.20312093198299408,No
7346,0.3329661786556244,No
7347,0.21901559829711914,No
7348,0.3209456205368042,No
7349,0.25925567746162415,No
7350,0.3408639430999756,No
7351,0.1704639196395874,No
7352,0.6149387359619141,Yes
7353,0.5147638320922852,Yes
7354,0.27635636925697327,No
7355,0.14896273612976074,No
7356,0.3246195912361145,No
7357,0.15492042899131775,No
7358,0.3625766336917877,No
7359,0.22223523259162903,No
7360,0.41294264793395996,No
7361,0.2249692976474762,No
7362,0.6201176643371582,Yes
7363,0.387198269367218,No
7364,0.4749298393726349,No
7365,0.21941903233528137,No
7366,0.6045664548873901,Yes
7367,0.36199650168418884,No
7368,0.3366053104400635,No
7369,0.25242361426353455,No
7370,0.4612657427787781,No
7371,0.2126103639602661,No
7372,0.6909379959106445,Yes
7373,0.5276702642440796,Yes
7374,0.36859530210494995,No
7375,0.21316170692443848,No
7376,0.49205124378204346,No
7377,0.19312547147274017,No
7378,0.3212038278579712,No
7379,0.1970677375793457,No
7380,0.4620361626148224,No
7381,0.26060912013053894,No
7382,0.5961861610412598,Yes
7383,0.3775007426738739,No
7384,0.5079081654548645,Yes
7385,0.24597319960594177,No
7386,0.5228047370910645,Yes
7387,0.2491617202758789,No
7388,0.33809664845466614,No
7389,0.25275087356567383,No
7390,0.3023335039615631,No
7391,0.1556035578250885,No
7392,0.5875679850578308,Yes
7393,0.43919217586517334,No
7394,0.453909307718277,No
7395,0.2712375223636627,No
7396,0.44255176186561584,No
7397,0.17009755969047546,No
7398,0.3667069673538208,No
7399,0.21947413682937622,No
7400,0.2139095664024353,No
7401,0.1798495501279831,No
7402,0.3154946565628052,No
7403,0.2824801504611969,No
7404,0.2880098223686218,No
7405,0.2223500907421112,No
7406,0.3246617317199707,No
7407,0.232017382979393,No
7408,0.15893442928791046,No
7409,0.1883474439382553,No
7410,0.2411416471004486,No
7411,0.20543581247329712,No
7412,0.6347895264625549,Yes
7413,0.4243311583995819,No
7414,0.3070771396160126,No
7415,0.21332035958766937,No
7416,0.37433645129203796,No
7417,0.22582340240478516,No
7418,0.3066813349723816,No
7419,0.1824236661195755,No
7420,0.3877803385257721,No
7421,0.25413691997528076,No
7422,0.285645067691803,No
7423,0.3015093207359314,No
7424,0.32645028829574585,No
7425,0.21947787702083588,No
7426,0.24468980729579926,No
7427,0.16297268867492676,No
7428,0.21386928856372833,No
7429,0.23385660350322723,No
7430,0.26560086011886597,No
7431,0.1600574553012848,No
7432,0.4609585106372833,No
7433,0.5123441219329834,Yes
7434,0.17138347029685974,No
7435,0.161728173494339,No
7436,0.1993914693593979,No
7437,0.10775821655988693,No
7438,0.32538509368896484,No
7439,0.19756987690925598,No
7440,0.3855549991130829,No
7441,0.3095454275608063,No
7442,0.35310956835746765,No
7443,0.19043812155723572,No
7444,0.3775447607040405,No
7445,0.21807873249053955,No
7446,0.4067331552505493,No
7447,0.2810278534889221,No
7448,0.37940511107444763,No
7449,0.3376864194869995,No
7450,0.3959614932537079,No
7451,0.1999818980693817,No
7452,0.6557716131210327,Yes
7453,0.5565077066421509,Yes
7454,0.2612031400203705,No
7455,0.1483992040157318,No
7456,0.2746289372444153,No
7457,0.16713936626911163,No
7458,0.3307434916496277,No
7459,0.24269482493400574,No
7460,0.38389334082603455,No
7461,0.23911921679973602,No
7462,0.4748314917087555,No
7463,0.32377979159355164,No
7464,0.41861140727996826,No
7465,0.2451084554195404,No
7466,0.4933423101902008,No
7467,0.31710299849510193,No
7468,0.31554627418518066,No
7469,0.2421235740184784,No
7470,0.2615208625793457,No
7471,0.14858853816986084,No
7472,0.634611189365387,Yes
7473,0.5460013747215271,Yes
7474,0.31129294633865356,No
7475,0.19735747575759888,No
7476,0.33002763986587524,No
7477,0.16591422259807587,No
7478,0.23523660004138947,No
7479,0.1583661437034607,No
7480,0.2728443443775177,No
7481,0.16800610721111298,No
7482,0.24050886929035187,No
7483,0.16684995591640472,No
7484,0.2788742184638977,No
7485,0.16385717689990997,No
7486,0.3415098488330841,No
7487,0.21413308382034302,No
7488,0.2555835545063019,No
7489,0.23925703763961792,No
7490,0.2942350208759308,No
7491,0.15636150538921356,No
7492,0.33801305294036865,No
7493,0.31105342507362366,No
7494,0.2610089182853699,No
7495,0.16206449270248413,No
7496,0.19899198412895203,No
7497,0.11042532324790955,No
7498,0.22213900089263916,No
7499,0.15148766338825226,No
7500,0.34891316294670105,No
7501,0.34621304273605347,No
7502,0.2188887596130371,No
7503,0.27628886699676514,No
7504,0.2537176012992859,No
7505,0.2205152064561844,No
7506,0.3106266260147095,No
7507,0.26227277517318726,No
7508,0.41000068187713623,No
7509,0.3221130073070526,No
7510,0.19588971138000488,No
7511,0.18457137048244476,No
7512,0.38712215423583984,No
7513,0.5142016410827637,Yes
7514,0.29472360014915466,No
7515,0.1885434091091156,No
7516,0.2663346529006958,No
7517,0.1438341736793518,No
7518,0.27060332894325256,No
7519,0.25217217206954956,No
7520,0.36991214752197266,No
7521,0.22033914923667908,No
7522,0.27394983172416687,No
7523,0.17880262434482574,No
7524,0.30985549092292786,No
7525,0.17740194499492645,No
7526,0.4061327278614044,No
7527,0.24388037621974945,No
7528,0.256264328956604,No
7529,0.2137063592672348,No
7530,0.31457191705703735,No
7531,0.17004527151584625,No
7532,0.4823037087917328,No
7533,0.4040157198905945,No
7534,0.2828328311443329,No
7535,0.17904289066791534,No
7536,0.18556642532348633,No
7537,0.10574273765087128,No
7538,0.2708952724933624,No
7539,0.18464960157871246,No
7540,0.2875595688819885,No
7541,0.3403007388114929,No
7542,0.37180277705192566,No
7543,0.16171154379844666,No
7544,0.2846989631652832,No
7545,0.16858461499214172,No
7546,0.4212326109409332,No
7547,0.26108017563819885,No
7548,0.2954656183719635,No
7549,0.3911890983581543,No
7550,0.24934563040733337,No
7551,0.15482765436172485,No
7552,0.7278808355331421,Yes
7553,0.5914265513420105,Yes
7554,0.2996116280555725,No
7555,0.14149221777915955,No
7556,0.4118684232234955,No
7557,0.18484927713871002,No
7558,0.37174445390701294,No
7559,0.221117302775383,No
7560,0.24581298232078552,No
7561,0.2815038561820984,No
7562,0.19627439975738525,No
7563,0.2798582911491394,No
7564,0.22662633657455444,No
7565,0.25991737842559814,No
7566,0.2263229340314865,No
7567,0.2652311623096466,No
7568,0.20003075897693634,No
7569,0.25749915838241577,No
7570,0.20918475091457367,No
7571,0.1995740681886673,No
7572,0.2263120412826538,No
7573,0.28651538491249084,No
7574,0.18138746917247772,No
7575,0.21054808795452118,No
7576,0.14966431260108948,No
7577,0.14142948389053345,No
7578,0.2017374038696289,No
7579,0.20958659052848816,No
7580,0.33982133865356445,No
7581,0.2975861728191376,No
7582,0.32749059796333313,No
7583,0.31659114360809326,No
7584,0.3377284109592438,No
7585,0.2818560004234314,No
7586,0.3129365146160126,No
7587,0.24950917065143585,No
7588,0.28374767303466797,No
7589,0.3181407153606415,No
7590,0.310430645942688,No
7591,0.21962161362171173,No
7592,0.3927304744720459,No
7593,0.4070819914340973,No
7594,0.26806551218032837,No
7595,0.24446341395378113,No
7596,0.208853617310524,No
7597,0.14681676030158997,No
7598,0.2219061553478241,No
7599,0.1857377141714096,No
7600,0.25585004687309265,No
7601,0.22467847168445587,No
7602,0.3498977720737457,No
7603,0.2424374222755432,No
7604,0.329753041267395,No
7605,0.20114700496196747,No
7606,0.19483967125415802,No
7607,0.17176395654678345,No
7608,0.14977259933948517,No
7609,0.2327810376882553,No
7610,0.1363464891910553,No
7611,0.13380081951618195,No
7612,0.4370322525501251,No
7613,0.33689457178115845,No
7614,0.17401225864887238,No
7615,0.16511398553848267,No
7616,0.14767029881477356,No
7617,0.12487825751304626,No
7618,0.2003108561038971,No
7619,0.13201509416103363,No
7620,0.3401598632335663,No
7621,0.23849989473819733,No
7622,0.28304630517959595,No
7623,0.18695732951164246,No
7624,0.24740345776081085,No
7625,0.17374101281166077,No
7626,0.256199449300766,No
7627,0.16734625399112701,No
7628,0.2231735736131668,No
7629,0.23092705011367798,No
7630,0.19468052685260773,No
7631,0.12902146577835083,No
7632,0.3625049293041229,No
7633,0.36675789952278137,No
7634,0.14226514101028442,No
7635,0.10395026952028275,No
7636,0.17602241039276123,No
7637,0.11977040022611618,No
7638,0.21446362137794495,No
7639,0.16147854924201965,No
7640,0.2996223568916321,No
7641,0.1964292675256729,No
7642,0.27821528911590576,No
7643,0.2078283429145813,No
7644,0.2548886239528656,No
7645,0.16358160972595215,No
7646,0.3097490966320038,No
7647,0.17585024237632751,No
7648,0.2161739319562912,No
7649,0.19110539555549622,No
7650,0.17068324983119965,No
7651,0.12557931244373322,No
7652,0.37281227111816406,No
7653,0.3150482773780823,No
7654,0.13983841240406036,No
7655,0.10200574994087219,No
7656,0.15600121021270752,No
7657,0.09454641491174698,No
7658,0.20473943650722504,No
7659,0.16021105647087097,No
7660,0.2665669918060303,No
7661,0.2805449962615967,No
7662,0.16225694119930267,No
7663,0.18517787754535675,No
7664,0.2698686122894287,No
7665,0.29183921217918396,No
7666,0.22476516664028168,No
7667,0.25860950350761414,No
7668,0.14732681214809418,No
7669,0.21470585465431213,No
7670,0.12912312150001526,No
7671,0.12449073046445847,No
7672,0.342680424451828,No
7673,0.38480013608932495,No
7674,0.13203173875808716,No
7675,0.1378720998764038,No
7676,0.20361261069774628,No
7677,0.1923615038394928,No
7678,0.14148497581481934,No
7679,0.17203259468078613,No
7680,0.28494367003440857,No
7681,0.24768182635307312,No
7682,0.26658451557159424,No
7683,0.17523661255836487,No
7684,0.2282356470823288,No
7685,0.14260633289813995,No
7686,0.2372048795223236,No
7687,0.15999124944210052,No
7688,0.20800600945949554,No
7689,0.19417013227939606,No
7690,0.19511926174163818,No
7691,0.12044834345579147,No
7692,0.34276920557022095,No
7693,0.27572694420814514,No
7694,0.13514631986618042,No
7695,0.09085100144147873,No
7696,0.21688947081565857,No
7697,0.12283410876989365,No
7698,0.22174285352230072,No
7699,0.1709870547056198,No
7700,0.29192808270454407,No
7701,0.2633516788482666,No
7702,0.23068760335445404,No
7703,0.22023531794548035,No
7704,0.24322892725467682,No
7705,0.15276405215263367,No
7706,0.29945963621139526,No
7707,0.1963626593351364,No
7708,0.15208199620246887,No
7709,0.17917414009571075,No
7710,0.1470598429441452,No
7711,0.11268212646245956,No
7712,0.4365125596523285,No
7713,0.3473699390888214,No
7714,0.13793811202049255,No
7715,0.10557658970355988,No
7716,0.1594681739807129,No
7717,0.11291172355413437,No
7718,0.14399243891239166,No
7719,0.12695449590682983,No
7720,0.2355300337076187,No
7721,0.27137699723243713,No
7722,0.2523045837879181,No
7723,0.24053731560707092,No
7724,0.23859289288520813,No
7725,0.2144087702035904,No
7726,0.22361238300800323,No
7727,0.234158456325531,No
7728,0.19196990132331848,No
7729,0.2973196506500244,No
7730,0.16816289722919464,No
7731,0.1004493311047554,No
7732,0.43128108978271484,No
7733,0.25281214714050293,No
7734,0.16418807208538055,No
7735,0.13524559140205383,No
7736,0.1452501267194748,No
7737,0.10285089164972305,No
7738,0.1266246885061264,No
7739,0.13691741228103638,No
7740,0.2172565460205078,No
7741,0.20896565914154053,No
7742,0.27393704652786255,No
7743,0.21706202626228333,No
7744,0.23290300369262695,No
7745,0.1677212417125702,No
7746,0.23468804359436035,No
7747,0.15880993008613586,No
7748,0.2334241271018982,No
7749,0.2178770750761032,No
7750,0.1794981062412262,No
7751,0.12388772517442703,No
7752,0.340019553899765,No
7753,0.3044288754463196,No
7754,0.1311434805393219,No
7755,0.10060150921344757,No
7756,0.16238340735435486,No
7757,0.11367198824882507,No
7758,0.21706447005271912,No
7759,0.1771940290927887,No
7760,0.24726198613643646,No
7761,0.20336365699768066,No
7762,0.4237080514431,No
7763,0.27181434631347656,No
7764,0.3079342246055603,No
7765,0.20791897177696228,No
7766,0.3200445771217346,No
7767,0.2261352241039276,No
7768,0.208308145403862,No
7769,0.2066882848739624,No
7770,0.18797388672828674,No
7771,0.13517148792743683,No
7772,0.49424105882644653,No
7773,0.4193817675113678,No
7774,0.19419613480567932,No
7775,0.14241071045398712,No
7776,0.2161192148923874,No
7777,0.12158182263374329,No
7778,0.25676077604293823,No
7779,0.1891072690486908,No
7780,0.3012371063232422,No
7781,0.23321962356567383,No
7782,0.4012610912322998,No
7783,0.27406638860702515,No
7784,0.38099154829978943,No
7785,0.20523758232593536,No
7786,0.27826353907585144,No
7787,0.21295806765556335,No
7788,0.20621342957019806,No
7789,0.20444059371948242,No
7790,0.14291132986545563,No
7791,0.11687945574522018,No
7792,0.45419031381607056,No
7793,0.39666852355003357,No
7794,0.21857446432113647,No
7795,0.16510453820228577,No
7796,0.20761576294898987,No
7797,0.1092243641614914,No
7798,0.26542574167251587,No
7799,0.19096432626247406,No
7800,0.2534273564815521,No
7801,0.1731754094362259,No
7802,0.28087207674980164,No
7803,0.2058386355638504,No
7804,0.18625058233737946,No
7805,0.17365805804729462,No
7806,0.21861359477043152,No
7807,0.176215261220932,No
7808,0.16442207992076874,No
7809,0.18425728380680084,No
7810,0.18791401386260986,No
7811,0.14407134056091309,No
7812,0.3846493363380432,No
7813,0.27923640608787537,No
7814,0.1694795787334442,No
7815,0.12869669497013092,No
7816,0.19150543212890625,No
7817,0.12792325019836426,No
7818,0.2124556005001068,No
7819,0.15713703632354736,No
7820,0.24100182950496674,No
7821,0.21021409332752228,No
7822,0.22034408152103424,No
7823,0.19226054847240448,No
7824,0.2774938642978668,No
7825,0.19010953605175018,No
7826,0.20574912428855896,No
7827,0.1704985797405243,No
7828,0.15912650525569916,No
7829,0.15798433125019073,No
7830,0.13529685139656067,No
7831,0.09601118415594101,No
7832,0.36859291791915894,No
7833,0.3596656322479248,No
7834,0.11818619072437286,No
7835,0.09640201181173325,No
7836,0.15233995020389557,No
7837,0.09443315118551254,No
7838,0.2114018052816391,No
7839,0.16917617619037628,No
7840,0.36152809858322144,No
7841,0.3102027475833893,No
7842,0.266800194978714,No
7843,0.20653383433818817,No
7844,0.21379539370536804,No
7845,0.14375251531600952,No
7846,0.28618037700653076,No
7847,0.22618582844734192,No
7848,0.2625044584274292,No
7849,0.24841180443763733,No
7850,0.16968949139118195,No
7851,0.1256277710199356,No
7852,0.4068504273891449,No
7853,0.3551240563392639,No
7854,0.14287936687469482,No
7855,0.1004423201084137,No
7856,0.15939955413341522,No
7857,0.1010538786649704,No
7858,0.20702549815177917,No
7859,0.17470590770244598,No
7860,0.40219005942344666,No
7861,0.25140371918678284,No
7862,0.2773721218109131,No
7863,0.16245809197425842,No
7864,0.3236265182495117,No
7865,0.19408564269542694,No
7866,0.25458386540412903,No
7867,0.1738375872373581,No
7868,0.22113773226737976,No
7869,0.19915087521076202,No
7870,0.14156734943389893,No
7871,0.09804610908031464,No
7872,0.41133391857147217,No
7873,0.38142991065979004,No
7874,0.16277852654457092,No
7875,0.11886005848646164,No
7876,0.2262587696313858,No
7877,0.12164053320884705,No
7878,0.20110315084457397,No
7879,0.14832039177417755,No
7880,0.29089903831481934,No
7881,0.17521025240421295,No
7882,0.23765206336975098,No
7883,0.17693893611431122,No
7884,0.22306624054908752,No
7885,0.11953826993703842,No
7886,0.2642308473587036,No
7887,0.17992208898067474,No
7888,0.17096032202243805,No
7889,0.18244750797748566,No
7890,0.14251171052455902,No
7891,0.10287921130657196,No
7892,0.2624630630016327,No
7893,0.2519822418689728,No
7894,0.1539660394191742,No
7895,0.10942215472459793,No
7896,0.13177341222763062,No
7897,0.08462321013212204,No
7898,0.17555288970470428,No
7899,0.14242197573184967,No
7900,0.3016447126865387,No
7901,0.3114493191242218,No
7902,0.15566977858543396,No
7903,0.17021971940994263,No
7904,0.2428024411201477,No
7905,0.18148043751716614,No
7906,0.22071486711502075,No
7907,0.2079707831144333,No
7908,0.29163897037506104,No
7909,0.2533029317855835,No
7910,0.10829859226942062,No
7911,0.13077117502689362,No
7912,0.2789642810821533,No
7913,0.3711976706981659,No
7914,0.1646834909915924,No
7915,0.13311104476451874,No
7916,0.15320637822151184,No
7917,0.10099262744188309,No
7918,0.2445678859949112,No
7919,0.19074390828609467,No
7920,0.27135032415390015,No
7921,0.1909722089767456,No
7922,0.25863078236579895,No
7923,0.16971991956233978,No
7924,0.2353283315896988,No
7925,0.15092936158180237,No
7926,0.27429667115211487,No
7927,0.15679217875003815,No
7928,0.17060336470603943,No
7929,0.14951977133750916,No
7930,0.16676925122737885,No
7931,0.11349227279424667,No
7932,0.26628729701042175,No
7933,0.23241174221038818,No
7934,0.15059438347816467,No
7935,0.10311342030763626,No
7936,0.17036491632461548,No
7937,0.09730132669210434,No
7938,0.2239343672990799,No
7939,0.16206523776054382,No
7940,0.29767000675201416,No
7941,0.307939350605011,No
7942,0.2801291346549988,No
7943,0.17586781084537506,No
7944,0.21707983314990997,No
7945,0.16655589640140533,No
7946,0.31474536657333374,No
7947,0.19152988493442535,No
7948,0.15473051369190216,No
7949,0.1993953287601471,No
7950,0.1688220202922821,No
7951,0.12542074918746948,No
7952,0.4602319598197937,No
7953,0.3781582713127136,No
7954,0.16982707381248474,No
7955,0.1075725331902504,No
7956,0.1832217425107956,No
7957,0.1225380152463913,No
7958,0.2841934859752655,No
7959,0.20698238909244537,No
7960,0.2142026275396347,No
7961,0.2368989735841751,No
7962,0.17087838053703308,No
7963,0.2086641490459442,No
7964,0.21150363981723785,No
7965,0.19709090888500214,No
7966,0.2024177610874176,No
7967,0.19068196415901184,No
7968,0.12126391381025314,No
7969,0.1460355818271637,No
7970,0.12109864503145218,No
7971,0.11512179672718048,No
7972,0.24008499085903168,No
7973,0.2680128514766693,No
7974,0.14052751660346985,No
7975,0.14257147908210754,No
7976,0.10385062545537949,No
7977,0.094368115067482,No
7978,0.18956990540027618,No
7979,0.1824583262205124,No
7980,0.2480067014694214,No
7981,0.23063333332538605,No
7982,0.20214778184890747,No
7983,0.16711677610874176,No
7984,0.26728785037994385,No
7985,0.2057553380727768,No
7986,0.22192299365997314,No
7987,0.20372585952281952,No
7988,0.21894781291484833,No
7989,0.235041081905365,No
7990,0.137813001871109,No
7991,0.11819010972976685,No
7992,0.3379857540130615,No
7993,0.33570897579193115,No
7994,0.1726209819316864,No
7995,0.14708185195922852,No
7996,0.11950994282960892,No
7997,0.09140057861804962,No
7998,0.17611347138881683,No
7999,0.16337907314300537,No
8000,0.43402114510536194,No
8001,0.32253190875053406,No
8002,0.4782860279083252,No
8003,0.22703339159488678,No
8004,0.4106590449810028,No
8005,0.2300156205892563,No
8006,0.24693045020103455,No
8007,0.1924777776002884,No
8008,0.2971280515193939,No
8009,0.2526012063026428,No
8010,0.17955492436885834,No
8011,0.217420756816864,No
8012,0.7963570356369019,Yes
8013,0.5040016174316406,Yes
8014,0.29720842838287354,No
8015,0.27690741419792175,No
8016,0.3609372675418854,No
8017,0.2908884882926941,No
8018,0.33116841316223145,No
8019,0.19991569221019745,No
8020,0.399401992559433,No
8021,0.2866995334625244,No
8022,0.42947325110435486,No
8023,0.17740701138973236,No
8024,0.45694074034690857,No
8025,0.2366633415222168,No
8026,0.47419512271881104,No
8027,0.32834532856941223,No
8028,0.3989737331867218,No
8029,0.25403469800949097,No
8030,0.5400682091712952,Yes
8031,0.3425849974155426,No
8032,0.8301607966423035,Yes
8033,0.7015830278396606,Yes
8034,0.40941673517227173,No
8035,0.19584478437900543,No
8036,0.46161431074142456,No
8037,0.24283823370933533,No
8038,0.34797221422195435,No
8039,0.15415287017822266,No
8040,0.35736092925071716,No
8041,0.24613265693187714,No
8042,0.46069416403770447,No
8043,0.2751178443431854,No
8044,0.4109831154346466,No
8045,0.20534783601760864,No
8046,0.4456150531768799,No
8047,0.2821536362171173,No
8048,0.3114510774612427,No
8049,0.21639232337474823,No
8050,0.466465026140213,No
8051,0.22969970107078552,No
8052,0.6831389665603638,Yes
8053,0.5040940046310425,Yes
8054,0.284348726272583,No
8055,0.16498850286006927,No
8056,0.3335527777671814,No
8057,0.16542178392410278,No
8058,0.4193876385688782,No
8059,0.20836395025253296,No
8060,0.2784499526023865,No
8061,0.41855502128601074,No
8062,0.29655730724334717,No
8063,0.31944385170936584,No
8064,0.37360814213752747,No
8065,0.4653020203113556,No
8066,0.3728397488594055,No
8067,0.506289541721344,Yes
8068,0.278520405292511,No
8069,0.3407088816165924,No
8070,0.3452773690223694,No
8071,0.43081626296043396,No
8072,0.6446976661682129,Yes
8073,0.6998833417892456,Yes
8074,0.2108190506696701,No
8075,0.22813338041305542,No
8076,0.31146007776260376,No
8077,0.3615538477897644,No
8078,0.18521809577941895,No
8079,0.19570226967334747,No
8080,0.446634441614151,No
8081,0.4006365239620209,No
8082,0.5154311656951904,Yes
8083,0.33978208899497986,No
8084,0.40466365218162537,No
8085,0.18025606870651245,No
8086,0.4776352047920227,No
8087,0.2750638723373413,No
8088,0.3010295331478119,No
8089,0.18278305232524872,No
8090,0.5410036444664001,Yes
8091,0.31079983711242676,No
8092,0.7224125266075134,Yes
8093,0.4686637818813324,No
8094,0.35617655515670776,No
8095,0.1592235565185547,No
8096,0.47451141476631165,No
8097,0.2278866022825241,No
8098,0.4861854910850525,No
8099,0.2672445476055145,No
8100,0.3087504506111145,No
8101,0.3191350996494293,No
8102,0.400351345539093,No
8103,0.32754409313201904,No
8104,0.33465975522994995,No
8105,0.21137212216854095,No
8106,0.4547263979911804,No
8107,0.2903139293193817,No
8108,0.2252635806798935,No
8109,0.21626010537147522,No
8110,0.2595296800136566,No
8111,0.15388843417167664,No
8112,0.7751635909080505,Yes
8113,0.5212938189506531,Yes
8114,0.22061266005039215,No
8115,0.1411719173192978,No
8116,0.23885153234004974,No
8117,0.19937337934970856,No
8118,0.22451716661453247,No
8119,0.16441217064857483,No
8120,0.4257376492023468,No
8121,0.4326675534248352,No
8122,0.3273128569126129,No
8123,0.37678009271621704,No
8124,0.27306219935417175,No
8125,0.3849389851093292,No
8126,0.2840573191642761,No
8127,0.4798007309436798,No
8128,0.3442095220088959,No
8129,0.3980778753757477,No
8130,0.45147866010665894,No
8131,0.19069093465805054,No
8132,0.6728512048721313,Yes
8133,0.4105375111103058,No
8134,0.34097373485565186,No
8135,0.187435582280159,No
8136,0.28008681535720825,No
8137,0.17030611634254456,No
8138,0.25890612602233887,No
8139,0.15886157751083374,No
8140,0.4439283013343811,No
8141,0.37924593687057495,No
8142,0.41185638308525085,No
8143,0.21897411346435547,No
8144,0.3800167739391327,No
8145,0.2371850460767746,No
8146,0.42045164108276367,No
8147,0.31189072132110596,No
8148,0.36020931601524353,No
8149,0.22826461493968964,No
8150,0.3940344750881195,No
8151,0.24354682862758636,No
8152,0.784846305847168,Yes
8153,0.619343638420105,Yes
8154,0.3491365313529968,No
8155,0.17455652356147766,No
8156,0.43247073888778687,No
8157,0.22781528532505035,No
8158,0.49655964970588684,No
8159,0.20876681804656982,No
8160,0.5695235133171082,Yes
8161,0.29824134707450867,No
8162,0.6685873866081238,Yes
8163,0.35152918100357056,No
8164,0.5444971919059753,Yes
8165,0.21424128115177155,No
8166,0.6570372581481934,Yes
8167,0.4363195300102234,No
8168,0.39633044600486755,No
8169,0.25469228625297546,No
8170,0.653958797454834,Yes
8171,0.2671319544315338,No
8172,0.7831999063491821,Yes
8173,0.5894683003425598,Yes
8174,0.4531843960285187,No
8175,0.21363838016986847,No
8176,0.6083955764770508,Yes
8177,0.27997323870658875,No
8178,0.37675201892852783,No
8179,0.19161683320999146,No
8180,0.5956443548202515,Yes
8181,0.30271023511886597,No
8182,0.6478481888771057,Yes
8183,0.34175828099250793,No
8184,0.5896475911140442,Yes
8185,0.2639143764972687,No
8186,0.6017600893974304,Yes
8187,0.3284890651702881,No
8188,0.3998008966445923,No
8189,0.250476211309433,No
8190,0.4297654926776886,No
8191,0.18955327570438385,No
8192,0.6814480423927307,Yes
8193,0.49330565333366394,No
8194,0.5302011966705322,Yes
8195,0.25944292545318604,No
8196,0.5323008298873901,Yes
8197,0.23196418583393097,No
8198,0.4430399537086487,No
8199,0.21347133815288544,No
8200,0.2371692806482315,No
8201,0.22082136571407318,No
8202,0.35540178418159485,No
8203,0.2750300168991089,No
8204,0.32251718640327454,No
8205,0.22911612689495087,No
8206,0.3474307358264923,No
8207,0.28699633479118347,No
8208,0.1631014049053192,No
8209,0.17137601971626282,No
8210,0.3200714886188507,No
8211,0.2659189701080322,No
8212,0.735385537147522,Yes
8213,0.47858166694641113,No
8214,0.34483641386032104,No
8215,0.21031750738620758,No
8216,0.42811650037765503,No
8217,0.30860888957977295,No
8218,0.3598487079143524,No
8219,0.1693727672100067,No
8220,0.42307791113853455,No
8221,0.3290085196495056,No
8222,0.3524782359600067,No
8223,0.28703251481056213,No
8224,0.350629985332489,No
8225,0.23407712578773499,No
8226,0.265186607837677,No
8227,0.19108648598194122,No
8228,0.2768888473510742,No
8229,0.2364325076341629,No
8230,0.3563656508922577,No
8231,0.22222423553466797,No
8232,0.5904645919799805,Yes
8233,0.5846189856529236,Yes
8234,0.19752904772758484,No
8235,0.18504132330417633,No
8236,0.25701025128364563,No
8237,0.14311978220939636,No
8238,0.42566317319869995,No
8239,0.19183100759983063,No
8240,0.4495290517807007,No
8241,0.39827674627304077,No
8242,0.42206886410713196,No
8243,0.18138617277145386,No
8244,0.46852508187294006,No
8245,0.26035448908805847,No
8246,0.4652309715747833,No
8247,0.32781922817230225,No
8248,0.43800461292266846,No
8249,0.33498287200927734,No
8250,0.501140296459198,Yes
8251,0.32151100039482117,No
8252,0.8077952861785889,Yes
8253,0.6610475778579712,Yes
8254,0.3219926655292511,No
8255,0.16407234966754913,No
8256,0.3692297041416168,No
8257,0.24451115727424622,No
8258,0.463248074054718,No
8259,0.2700401246547699,No
8260,0.47292712330818176,No
8261,0.29566583037376404,No
8262,0.5444009900093079,Yes
8263,0.30128350853919983,No
8264,0.4797334671020508,No
8265,0.2582494020462036,No
8266,0.5291697978973389,Yes
8267,0.3637809157371521,No
8268,0.35862281918525696,No
8269,0.2406550496816635,No
8270,0.33162686228752136,No
8271,0.17709775269031525,No
8272,0.7217349410057068,Yes
8273,0.5463963150978088,Yes
8274,0.36020615696907043,No
8275,0.19567176699638367,No
8276,0.3968713879585266,No
8277,0.21689073741436005,No
8278,0.26879388093948364,No
8279,0.1463264673948288,No
8280,0.32471373677253723,No
8281,0.24807052314281464,No
8282,0.3134503960609436,No
8283,0.1683458387851715,No
8284,0.33276358246803284,No
8285,0.16683770716190338,No
8286,0.39822620153427124,No
8287,0.26280155777931213,No
8288,0.32056742906570435,No
8289,0.24573184549808502,No
8290,0.401650607585907,No
8291,0.247857928276062,No
8292,0.47116807103157043,No
8293,0.32671138644218445,No
8294,0.3337130844593048,No
8295,0.16526274383068085,No
8296,0.2623596489429474,No
8297,0.1521308273077011,No
8298,0.28970181941986084,No
8299,0.17227652668952942,No
8300,0.4085358679294586,No
8301,0.451969712972641,No
8302,0.309348464012146,No
8303,0.32803359627723694,No
8304,0.29614827036857605,No
8305,0.2421528697013855,No
8306,0.3820410966873169,No
8307,0.35341694951057434,No
8308,0.46445703506469727,No
8309,0.359571635723114,No
8310,0.2367657572031021,No
8311,0.25204601883888245,No
8312,0.5720970630645752,Yes
8313,0.5617206692695618,Yes
8314,0.3619733154773712,No
8315,0.19773690402507782,No
8316,0.32747238874435425,No
8317,0.19573934376239777,No
8318,0.36126086115837097,No
8319,0.2576034963130951,No
8320,0.42472246289253235,No
8321,0.2715337574481964,No
8322,0.3382992744445801,No
8323,0.17187385261058807,No
8324,0.392316609621048,No
8325,0.1926211267709732,No
8326,0.4781571924686432,No
8327,0.31920620799064636,No
8328,0.33253636956214905,No
8329,0.22458428144454956,No
8330,0.4697607457637787,No
8331,0.22500774264335632,No
8332,0.6162353157997131,Yes
8333,0.45781877636909485,No
8334,0.35968413949012756,No
8335,0.19535142183303833,No
8336,0.2509157955646515,No
8337,0.14717766642570496,No
8338,0.3864755928516388,No
8339,0.19541063904762268,No
8340,0.3215165138244629,No
8341,0.4501045048236847,No
8342,0.426912784576416,No
8343,0.1508289873600006,No
8344,0.33127087354660034,No
8345,0.1735672503709793,No
8346,0.47280359268188477,No
8347,0.34164369106292725,No
8348,0.3478248715400696,No
8349,0.38635650277137756,No
8350,0.2916577160358429,No
8351,0.22768551111221313,No
8352,0.816789448261261,Yes
8353,0.6543130874633789,Yes
8354,0.35067617893218994,No
8355,0.15746591985225677,No
8356,0.4982515573501587,No
8357,0.27294668555259705,No
8358,0.47860419750213623,No
8359,0.22902356088161469,No
8360,0.2681904733181,No
8361,0.30554714798927307,No
8362,0.27260488271713257,No
8363,0.2645069360733032,No
8364,0.25874122977256775,No
8365,0.290758341550827,No
8366,0.2610257565975189,No
8367,0.3224716782569885,No
8368,0.23748710751533508,No
8369,0.27000731229782104,No
8370,0.2601761519908905,No
8371,0.2690909206867218,No
8372,0.3219732642173767,No
8373,0.3350769877433777,No
8374,0.21734273433685303,No
8375,0.20911547541618347,No
8376,0.18716390430927277,No
8377,0.1882365643978119,No
8378,0.2547844648361206,No
8379,0.2180180847644806,No
8380,0.3576733469963074,No
8381,0.33092692494392395,No
8382,0.39819082617759705,No
8383,0.310418963432312,No
8384,0.38020315766334534,No
8385,0.2891351878643036,No
8386,0.349446564912796,No
8387,0.30092668533325195,No
8388,0.29257261753082275,No
8389,0.3136441111564636,No
8390,0.36299943923950195,No
8391,0.28746625781059265,No
8392,0.4783787727355957,No
8393,0.4620222747325897,No
8394,0.31545290350914,No
8395,0.24123713374137878,No
8396,0.26229771971702576,No
8397,0.1966845840215683,No
8398,0.2425079196691513,No
8399,0.18013156950473785,No
8400,0.25856271386146545,No
8401,0.29854002594947815,No
8402,0.42590874433517456,No
8403,0.21839946508407593,No
8404,0.37857675552368164,No
8405,0.22634586691856384,No
8406,0.2218954712152481,No
8407,0.2085391730070114,No
8408,0.18470622599124908,No
8409,0.24865666031837463,No
8410,0.15239892899990082,No
8411,0.18423175811767578,No
8412,0.6000839471817017,Yes
8413,0.4309517443180084,No
8414,0.21177461743354797,No
8415,0.18250741064548492,No
8416,0.1805519461631775,No
8417,0.16414956748485565,No
8418,0.22278334200382233,No
8419,0.11891554296016693,No
8420,0.43652719259262085,No
8421,0.3118140697479248,No
8422,0.36306703090667725,No
8423,0.20932477712631226,No
8424,0.2908986210823059,No
8425,0.20878618955612183,No
8426,0.3201903700828552,No
8427,0.2151269167661667,No
8428,0.2598279118537903,No
8429,0.20569737255573273,No
8430,0.23261325061321259,No
8431,0.1988711953163147,No
8432,0.5529313087463379,Yes
8433,0.5019152760505676,Yes
8434,0.17615200579166412,No
8435,0.12133542448282242,No
8436,0.23194091022014618,No
8437,0.16130146384239197,No
8438,0.25661468505859375,No
8439,0.14505721628665924,No
8440,0.3082742691040039,No
8441,0.2505471408367157,No
8442,0.3341272175312042,No
8443,0.2005128115415573,No
8444,0.2834444046020508,No
8445,0.15598180890083313,No
8446,0.3506258428096771,No
8447,0.19676171243190765,No
8448,0.23434948921203613,No
8449,0.18565307557582855,No
8450,0.2187412530183792,No
8451,0.14726890623569489,No
8452,0.4250355660915375,No
8453,0.3633679449558258,No
8454,0.16502396762371063,No
8455,0.11215601116418839,No
8456,0.18559081852436066,No
8457,0.11526935547590256,No
8458,0.24183769524097443,No
8459,0.14471137523651123,No
8460,0.2386026531457901,No
8461,0.3676885664463043,No
8462,0.21703551709651947,No
8463,0.21441532671451569,No
8464,0.30145707726478577,No
8465,0.3234850764274597,No
8466,0.2549724876880646,No
8467,0.3069689869880676,No
8468,0.17686361074447632,No
8469,0.2003333568572998,No
8470,0.1275576651096344,No
8471,0.1661946177482605,No
8472,0.42268863320350647,No
8473,0.47407862544059753,No
8474,0.14791317284107208,No
8475,0.1503647118806839,No
8476,0.251496285200119,No
8477,0.2534346580505371,No
8478,0.16140435636043549,No
8479,0.15217237174510956,No
8480,0.2872428596019745,No
8481,0.31165045499801636,No
8482,0.3303137719631195,No
8483,0.2063525766134262,No
8484,0.2782599627971649,No
8485,0.16990220546722412,No
8486,0.2966536283493042,No
8487,0.20744723081588745,No
8488,0.24689881503582,No
8489,0.19151164591312408,No
8490,0.23596173524856567,No
8491,0.1790556013584137,No
8492,0.47348716855049133,No
8493,0.36076316237449646,No
8494,0.16991546750068665,No
8495,0.10388397425413132,No
8496,0.29033640027046204,No
8497,0.15935936570167542,No
8498,0.2693096697330475,No
8499,0.16368186473846436,No
8500,0.3365514874458313,No
8501,0.30178216099739075,No
8502,0.2864026427268982,No
8503,0.21324186027050018,No
8504,0.27020063996315,No
8505,0.158076673746109,No
8506,0.31310635805130005,No
8507,0.22971785068511963,No
8508,0.16815543174743652,No
8509,0.16520333290100098,No
8510,0.16671250760555267,No
8511,0.13436587154865265,No
8512,0.5319259166717529,Yes
8513,0.42150887846946716,No
8514,0.1514762043952942,No
8515,0.11203987151384354,No
8516,0.19024193286895752,No
8517,0.14341892302036285,No
8518,0.15497148036956787,No
8519,0.10822743922472,No
8520,0.226109579205513,No
8521,0.3474857211112976,No
8522,0.32000505924224854,No
8523,0.28341707587242126,No
8524,0.26601049304008484,No
8525,0.25010550022125244,No
8526,0.248545303940773,No
8527,0.27346402406692505,No
8528,0.24049562215805054,No
8529,0.32523512840270996,No
8530,0.19279076159000397,No
8531,0.12577608227729797,No
8532,0.5458168983459473,Yes
8533,0.3286466598510742,No
8534,0.21449480950832367,No
8535,0.13911773264408112,No
8536,0.181889608502388,No
8537,0.13041453063488007,No
8538,0.15162597596645355,No
8539,0.1426350176334381,No
8540,0.2841169238090515,No
8541,0.31399983167648315,No
8542,0.36064422130584717,No
8543,0.22257542610168457,No
8544,0.29636985063552856,No
8545,0.21113833785057068,No
8546,0.29619699716567993,No
8547,0.2064473181962967,No
8548,0.2622087597846985,No
8549,0.19285322725772858,No
8550,0.22348818182945251,No
8551,0.17984259128570557,No
8552,0.4677788019180298,No
8553,0.44417402148246765,No
8554,0.1701250523328781,No
8555,0.12178279459476471,No
8556,0.21768240630626678,No
8557,0.15491119027137756,No
8558,0.2706294357776642,No
8559,0.14368945360183716,No
8560,0.2883262038230896,No
8561,0.25272640585899353,No
8562,0.4875149428844452,No
8563,0.28134089708328247,No
8564,0.3441920578479767,No
8565,0.21143047511577606,No
8566,0.38100314140319824,No
8567,0.27394959330558777,No
8568,0.24224816262722015,No
8569,0.20249558985233307,No
8570,0.28822293877601624,No
8571,0.15694548189640045,No
8572,0.6033198833465576,Yes
8573,0.4971248209476471,No
8574,0.23932403326034546,No
8575,0.15186934173107147,No
8576,0.27633437514305115,No
8577,0.15428350865840912,No
8578,0.2768498361110687,No
8579,0.17222602665424347,No
8580,0.42054513096809387,No
8581,0.25549206137657166,No
8582,0.4594648480415344,No
8583,0.2655232846736908,No
8584,0.43676048517227173,No
8585,0.21658870577812195,No
8586,0.3176518678665161,No
8587,0.24747487902641296,No
8588,0.24237556755542755,No
8589,0.1971862018108368,No
8590,0.19015657901763916,No
8591,0.13855159282684326,No
8592,0.5320942997932434,Yes
8593,0.4508921504020691,No
8594,0.2721003592014313,No
8595,0.17149828374385834,No
8596,0.2671867609024048,No
8597,0.139865905046463,No
8598,0.27814677357673645,No
8599,0.15953944623470306,No
8600,0.2658444046974182,No
8601,0.20088446140289307,No
8602,0.32327428460121155,No
8603,0.20929738879203796,No
8604,0.1986331343650818,No
8605,0.17435090243816376,No
8606,0.2421744167804718,No
8607,0.22790183126926422,No
8608,0.1706131249666214,No
8609,0.16853511333465576,No
8610,0.21998479962348938,No
8611,0.18174929916858673,No
8612,0.49454808235168457,No
8613,0.3386605381965637,No
8614,0.19129985570907593,No
8615,0.13009977340698242,No
8616,0.21238276362419128,No
8617,0.15293872356414795,No
8618,0.22083555161952972,No
8619,0.13248494267463684,No
8620,0.26435819268226624,No
8621,0.2716699540615082,No
8622,0.27480393648147583,No
8623,0.20673523843288422,No
8624,0.30254819989204407,No
8625,0.2008894830942154,No
8626,0.2256193608045578,No
8627,0.2041677087545395,No
8628,0.1856711208820343,No
8629,0.1454845666885376,No
8630,0.15515893697738647,No
8631,0.12785081565380096,No
8632,0.45598945021629333,No
8633,0.4316495656967163,No
8634,0.1383974850177765,No
8635,0.11465530097484589,No
8636,0.18945945799350739,No
8637,0.12001877278089523,No
8638,0.24152588844299316,No
8639,0.14148582518100739,No
8640,0.40067535638809204,No
8641,0.40183475613594055,No
8642,0.3465166389942169,No
8643,0.20947343111038208,No
8644,0.25955796241760254,No
8645,0.17472019791603088,No
8646,0.3482050597667694,No
8647,0.26156771183013916,No
8648,0.3067302405834198,No
8649,0.22758306562900543,No
8650,0.20537413656711578,No
8651,0.18741190433502197,No
8652,0.5963815450668335,Yes
8653,0.4950246810913086,No
8654,0.17542524635791779,No
8655,0.11600310355424881,No
8656,0.21596156060695648,No
8657,0.13687486946582794,No
8658,0.29011598229408264,No
8659,0.17211928963661194,No
8660,0.4658469557762146,No
8661,0.29661983251571655,No
8662,0.29941344261169434,No
8663,0.15259867906570435,No
8664,0.36743083596229553,No
8665,0.2011421024799347,No
8666,0.273605078458786,No
8667,0.18773959577083588,No
8668,0.24481560289859772,No
8669,0.18811476230621338,No
8670,0.16866964101791382,No
8671,0.11735878884792328,No
8672,0.49366408586502075,No
8673,0.39932432770729065,No
8674,0.18318311870098114,No
8675,0.12464890629053116,No
8676,0.27362126111984253,No
8677,0.1472441703081131,No
8678,0.21496868133544922,No
8679,0.12558601796627045,No
8680,0.33163225650787354,No
8681,0.23967285454273224,No
8682,0.32085755467414856,No
8683,0.19479727745056152,No
8684,0.2589908838272095,No
8685,0.12185037136077881,No
8686,0.2992684245109558,No
8687,0.1982470154762268,No
8688,0.20346000790596008,No
8689,0.175258606672287,No
8690,0.17463478446006775,No
8691,0.14733728766441345,No
8692,0.3569297790527344,No
8693,0.2780858278274536,No
8694,0.185743048787117,No
8695,0.1173991784453392,No
8696,0.16921383142471313,No
8697,0.11109647899866104,No
8698,0.2234647572040558,No
8699,0.14245882630348206,No
8700,0.3843126893043518,No
8701,0.4008536636829376,No
8702,0.20900478959083557,No
8703,0.21457527577877045,No
8704,0.27774202823638916,No
8705,0.21427598595619202,No
8706,0.2578994333744049,No
8707,0.2559243440628052,No
8708,0.34242790937423706,No
8709,0.25876572728157043,No
8710,0.12068857997655869,No
8711,0.17997780442237854,No
8712,0.3683408796787262,No
8713,0.4936705231666565,No
8714,0.2003220021724701,No
8715,0.145250141620636,No
8716,0.20778028666973114,No
8717,0.1324845850467682,No
8718,0.3035833537578583,No
8719,0.1711011528968811,No
8720,0.26191067695617676,No
8721,0.212960883975029,No
8722,0.33643993735313416,No
8723,0.18698836863040924,No
8724,0.2876039445400238,No
8725,0.15946590900421143,No
8726,0.333128958940506,No
8727,0.20251166820526123,No
8728,0.20770034193992615,No
8729,0.14870713651180267,No
8730,0.22613754868507385,No
8731,0.13965941965579987,No
8732,0.3605855703353882,No
8733,0.304794579744339,No
8734,0.185456782579422,No
8735,0.11887956410646439,No
8736,0.22436225414276123,No
8737,0.13003598153591156,No
8738,0.2743772566318512,No
8739,0.14911319315433502,No
8740,0.30439645051956177,No
8741,0.3818495273590088,No
8742,0.3423357903957367,No
8743,0.1780494749546051,No
8744,0.24246911704540253,No
8745,0.18854673206806183,No
8746,0.3611413538455963,No
8747,0.24039126932621002,No
8748,0.17591433227062225,No
8749,0.18023136258125305,No
8750,0.18153280019760132,No
8751,0.17484316229820251,No
8752,0.6262877583503723,Yes
8753,0.4509490728378296,No
8754,0.2169564813375473,No
8755,0.12530417740345,No
8756,0.23015864193439484,No
8757,0.16718800365924835,No
8758,0.3420253396034241,No
8759,0.19962215423583984,No
8760,0.20563331246376038,No
8761,0.27841639518737793,No
8762,0.2346080094575882,No
8763,0.20711290836334229,No
8764,0.2381453961133957,No
8765,0.21829578280448914,No
8766,0.22930917143821716,No
8767,0.2299923598766327,No
8768,0.135877788066864,No
8769,0.1389903873205185,No
8770,0.13231509923934937,No
8771,0.14431551098823547,No
8772,0.3286512494087219,No
8773,0.3161065876483917,No
8774,0.16601940989494324,No
8775,0.14821800589561462,No
8776,0.1270611435174942,No
8777,0.11683902889490128,No
8778,0.21581760048866272,No
8779,0.16734188795089722,No
8780,0.2307399958372116,No
8781,0.26831677556037903,No
8782,0.22647996246814728,No
8783,0.1590215414762497,No
8784,0.2883658707141876,No
8785,0.20251521468162537,No
8786,0.23178823292255402,No
8787,0.22034388780593872,No
8788,0.2182660698890686,No
8789,0.21594898402690887,No
8790,0.14609788358211517,No
8791,0.13646623492240906,No
8792,0.40626341104507446,No
8793,0.3829585909843445,No
8794,0.19695788621902466,No
8795,0.14963304996490479,No
8796,0.1399657130241394,No
8797,0.10898379236459732,No
8798,0.18431732058525085,No
8799,0.13316887617111206,No
8800,0.544797956943512,Yes
8801,0.3183549642562866,No
8802,0.4342934191226959,No
8803,0.17439530789852142,No
8804,0.5086460113525391,Yes
8805,0.22147206962108612,No
8806,0.25020238757133484,No
8807,0.2274315506219864,No
8808,0.2484235316514969,No
8809,0.20914945006370544,No
8810,0.1913612186908722,No
8811,0.24430100619792938,No
8812,0.9000272750854492,Yes
8813,0.5608903169631958,Yes
8814,0.3226390480995178,No
8815,0.36241430044174194,No
8816,0.5160820484161377,Yes
8817,0.4202916920185089,No
8818,0.4848232567310333,No
8819,0.2657618820667267,No
8820,0.5503107309341431,Yes
8821,0.3192344903945923,No
8822,0.417635977268219,No
8823,0.20236098766326904,No
8824,0.6301894783973694,Yes
8825,0.281806081533432,No
8826,0.7113919258117676,Yes
8827,0.43730923533439636,No
8828,0.46604400873184204,No
8829,0.2838962972164154,No
8830,0.5452566146850586,Yes
8831,0.3052765429019928,No
8832,0.9075226187705994,Yes
8833,0.7769775986671448,Yes
8834,0.6542178988456726,Yes
8835,0.2391507923603058,No
8836,0.714771568775177,Yes
8837,0.36434873938560486,No
8838,0.5144818425178528,Yes
8839,0.2382669299840927,No
8840,0.4706090986728668,No
8841,0.24573737382888794,No
8842,0.49856409430503845,No
8843,0.22351336479187012,No
8844,0.5531545877456665,Yes
8845,0.2137060910463333,No
8846,0.6297306418418884,Yes
8847,0.33801180124282837,No
8848,0.38447344303131104,No
8849,0.220087468624115,No
8850,0.47025933861732483,No
8851,0.27030766010284424,No
8852,0.8478963375091553,Yes
8853,0.5415470004081726,Yes
8854,0.5535743236541748,Yes
8855,0.20968298614025116,No
8856,0.4787648618221283,No
8857,0.23506523668766022,No
8858,0.5852391123771667,Yes
8859,0.2928790748119354,No
8860,0.34533634781837463,No
8861,0.3995581269264221,No
8862,0.22672906517982483,No
8863,0.33430126309394836,No
8864,0.5064232349395752,Yes
8865,0.506895899772644,Yes
8866,0.45829448103904724,No
8867,0.5751854181289673,Yes
8868,0.2727481722831726,No
8869,0.3473472595214844,No
8870,0.3886234164237976,No
8871,0.46581748127937317,No
8872,0.7278149127960205,Yes
8873,0.7103597521781921,Yes
8874,0.25361767411231995,No
8875,0.30081069469451904,No
8876,0.44094303250312805,No
8877,0.4582233428955078,No
8878,0.24877072870731354,No
8879,0.2725696563720703,No
8880,0.5366044640541077,Yes
8881,0.39131468534469604,No
8882,0.5094780325889587,Yes
8883,0.33819517493247986,No
8884,0.5239875316619873,Yes
8885,0.1961687207221985,No
8886,0.7268036603927612,Yes
8887,0.40323635935783386,No
8888,0.35220399498939514,No
8889,0.1824486255645752,No
8890,0.5676283240318298,Yes
8891,0.27785247564315796,No
8892,0.8517764210700989,Yes
8893,0.652421236038208,Yes
8894,0.6611682772636414,Yes
8895,0.204753577709198,No
8896,0.7902439832687378,Yes
8897,0.4035797119140625,No
8898,0.6534892320632935,Yes
8899,0.3691111207008362,No
8900,0.27342483401298523,No
8901,0.23122091591358185,No
8902,0.3665122985839844,No
8903,0.24604900181293488,No
8904,0.4307181239128113,No
8905,0.20701125264167786,No
8906,0.6375423073768616,Yes
8907,0.3709568381309509,No
8908,0.20352290570735931,No
8909,0.17718061804771423,No
8910,0.280649334192276,No
8911,0.17747792601585388,No
8912,0.8398114442825317,Yes
8913,0.5779809355735779,Yes
8914,0.28331220149993896,No
8915,0.16354158520698547,No
8916,0.48385027050971985,No
8917,0.3622033894062042,No
8918,0.3674335181713104,No
8919,0.22349753975868225,No
8920,0.5579711198806763,Yes
8921,0.42549949884414673,No
8922,0.3094063997268677,No
8923,0.37819239497184753,No
8924,0.3477020561695099,No
8925,0.3466034233570099,No
8926,0.34623339772224426,No
8927,0.5425713062286377,Yes
8928,0.27919912338256836,No
8929,0.32521116733551025,No
8930,0.45149460434913635,No
8931,0.2040882706642151,No
8932,0.7494773268699646,Yes
8933,0.5729162693023682,Yes
8934,0.496954083442688,No
8935,0.2497781664133072,No
8936,0.42049193382263184,No
8937,0.257669061422348,No
8938,0.3003324568271637,No
8939,0.1597655862569809,No
8940,0.5766461491584778,Yes
8941,0.39836445450782776,No
8942,0.3928948938846588,No
8943,0.2338639795780182,No
8944,0.5173271894454956,Yes
8945,0.25578999519348145,No
8946,0.6602069139480591,Yes
8947,0.4134436845779419,No
8948,0.46637240052223206,No
8949,0.27153268456459045,No
8950,0.46267327666282654,No
8951,0.24597960710525513,No
8952,0.8800191879272461,Yes
8953,0.7235212922096252,Yes
8954,0.5970008373260498,Yes
8955,0.24962155520915985,No
8956,0.7086606025695801,Yes
8957,0.35433515906333923,No
8958,0.6744413375854492,Yes
8959,0.3041554093360901,No
8960,0.6454786062240601,Yes
8961,0.252568781375885,No
8962,0.7438281178474426,Yes
8963,0.27327433228492737,No
8964,0.7594850659370422,Yes
8965,0.23109149932861328,No
8966,0.8631612062454224,Yes
8967,0.5796896815299988,Yes
8968,0.39645078778266907,No
8969,0.21823498606681824,No
8970,0.619355320930481,Yes
8971,0.298738569021225,No
8972,0.9038161039352417,Yes
8973,0.6382186412811279,Yes
8974,0.6859788298606873,Yes
8975,0.2984570264816284,No
8976,0.8175213932991028,Yes
8977,0.4087907373905182,No
8978,0.562860906124115,Yes
8979,0.2828998267650604,No
8980,0.7110016345977783,Yes
8981,0.2986542284488678,No
8982,0.7015920281410217,Yes
8983,0.24817971885204315,No
8984,0.8090117573738098,Yes
8985,0.27365440130233765,No
8986,0.7854471802711487,Yes
8987,0.3783842623233795,No
8988,0.38105782866477966,No
8989,0.2073332667350769,No
8990,0.446227103471756,No
8991,0.2218717634677887,No
8992,0.8109877705574036,Yes
8993,0.4941018521785736,No
8994,0.7276223301887512,Yes
8995,0.3166865408420563,No
8996,0.7387344837188721,Yes
8997,0.3209128677845001,No
8998,0.6093289852142334,Yes
8999,0.2690666913986206,No
9000,0.22755803167819977,No
9001,0.20102038979530334,No
9002,0.33456775546073914,No
9003,0.2133726179599762,No
9004,0.457895964384079,No
9005,0.21891334652900696,No
9006,0.5017974376678467,Yes
9007,0.353440523147583,No
9008,0.15922459959983826,No
9009,0.14828352630138397,No
9010,0.28966087102890015,No
9011,0.2877415418624878,No
9012,0.8200089931488037,Yes
9013,0.5293816328048706,Yes
9014,0.4998500943183899,No
9015,0.23770959675312042,No
9016,0.6801370978355408,Yes
9017,0.37823960185050964,No
9018,0.4739357829093933,No
9019,0.1992379128932953,No
9020,0.4604305624961853,No
9021,0.2870023548603058,No
9022,0.33095428347587585,No
9023,0.24687978625297546,No
9024,0.4561777114868164,No
9025,0.21763354539871216,No
9026,0.310420423746109,No
9027,0.2153884619474411,No
9028,0.2590155601501465,No
9029,0.22522960603237152,No
9030,0.3204345405101776,No
9031,0.21657824516296387,No
9032,0.7376523613929749,Yes
9033,0.5823092460632324,Yes
9034,0.30042216181755066,No
9035,0.2017245888710022,No
9036,0.4610370099544525,No
9037,0.19547340273857117,No
9038,0.5110206007957458,Yes
9039,0.2295840084552765,No
9040,0.5098004341125488,Yes
9041,0.36069396138191223,No
9042,0.43366003036499023,No
9043,0.21716022491455078,No
9044,0.7015745043754578,Yes
9045,0.3107384145259857,No
9046,0.6055851578712463,Yes
9047,0.33814647793769836,No
9048,0.4737035036087036,No
9049,0.34308570623397827,No
9050,0.537010908126831,Yes
9051,0.28409987688064575,No
9052,0.9123239517211914,Yes
9053,0.8045158386230469,Yes
9054,0.4927871823310852,No
9055,0.23706603050231934,No
9056,0.602541446685791,Yes
9057,0.3409837484359741,No
9058,0.5817863345146179,Yes
9059,0.3597027063369751,No
9060,0.5139585137367249,Yes
9061,0.22531817853450775,No
9062,0.558082103729248,Yes
9063,0.2245602011680603,No
9064,0.6469656825065613,Yes
9065,0.22920778393745422,No
9066,0.7488012909889221,Yes
9067,0.4191383421421051,No
9068,0.37429723143577576,No
9069,0.20955221354961395,No
9070,0.3479275703430176,No
9071,0.20913201570510864,No
9072,0.8544082641601562,Yes
9073,0.5494194626808167,Yes
9074,0.5443804264068604,Yes
9075,0.2479517012834549,No
9076,0.6750031113624573,Yes
9077,0.3165881335735321,No
9078,0.406410813331604,No
9079,0.21124814450740814,No
9080,0.35715141892433167,No
9081,0.16579391062259674,No
9082,0.27917179465293884,No
9083,0.12190503627061844,No
9084,0.43582144379615784,No
9085,0.15983837842941284,No
9086,0.5576938986778259,Yes
9087,0.28470468521118164,No
9088,0.31778624653816223,No
9089,0.20319493114948273,No
9090,0.4049155116081238,No
9091,0.23378761112689972,No
9092,0.6657049059867859,Yes
9093,0.3603697121143341,No
9094,0.47297629714012146,No
9095,0.197323739528656,No
9096,0.34381064772605896,No
9097,0.17678691446781158,No
9098,0.38876238465309143,No
9099,0.2042192667722702,No
9100,0.4895196855068207,No
9101,0.4262811243534088,No
9102,0.22980588674545288,No
9103,0.3379126489162445,No
9104,0.3581655025482178,No
9105,0.24733607470989227,No
9106,0.456102579832077,No
9107,0.39920368790626526,No
9108,0.4362301230430603,No
9109,0.2970989942550659,No
9110,0.24821972846984863,No
9111,0.2707001864910126,No
9112,0.6599984765052795,Yes
9113,0.5418566465377808,Yes
9114,0.5372909903526306,Yes
9115,0.2793829143047333,No
9116,0.5353195071220398,Yes
9117,0.2639787793159485,No
9118,0.4700672924518585,No
9119,0.300079882144928,No
9120,0.471261590719223,No
9121,0.23491504788398743,No
9122,0.3450719714164734,No
9123,0.13403572142124176,No
9124,0.561833918094635,Yes
9125,0.17757152020931244,No
9126,0.6982345581054688,Yes
9127,0.3416721522808075,No
9128,0.3350183069705963,No
9129,0.20708119869232178,No
9130,0.4239925444126129,No
9131,0.23949436843395233,No
9132,0.8082719445228577,Yes
9133,0.49963220953941345,No
9134,0.5511966943740845,Yes
9135,0.22263726592063904,No
9136,0.4203106462955475,No
9137,0.19643409550189972,No
9138,0.517795741558075,Yes
9139,0.24239583313465118,No
9140,0.3150841295719147,No
9141,0.3849516212940216,No
9142,0.37273693084716797,No
9143,0.12339296191930771,No
9144,0.35801586508750916,No
9145,0.16886717081069946,No
9146,0.6604446172714233,Yes
9147,0.3551972508430481,No
9148,0.2823493778705597,No
9149,0.31997355818748474,No
9150,0.3042314350605011,No
9151,0.2519448697566986,No
9152,0.8662274479866028,Yes
9153,0.6595686674118042,Yes
9154,0.5618862509727478,Yes
9155,0.14756283164024353,No
9156,0.695082426071167,Yes
9157,0.33741500973701477,No
9158,0.590878963470459,Yes
9159,0.22442777454853058,No
9160,0.23659349977970123,No
9161,0.25227153301239014,No
9162,0.2462409883737564,No
9163,0.21518680453300476,No
9164,0.35847386717796326,No
9165,0.27363958954811096,No
9166,0.34965524077415466,No
9167,0.3665870726108551,No
9168,0.20400434732437134,No
9169,0.23275062441825867,No
9170,0.2679040729999542,No
9171,0.274032860994339,No
9172,0.4376494586467743,No
9173,0.39025449752807617,No
9174,0.2552831470966339,No
9175,0.26144516468048096,No
9176,0.2537926137447357,No
9177,0.23678578436374664,No
9178,0.3254345655441284,No
9179,0.25320369005203247,No
9180,0.35463693737983704,No
9181,0.2684441804885864,No
9182,0.33278688788414,No
9183,0.23404115438461304,No
9184,0.49345862865448,No
9185,0.26381954550743103,No
9186,0.44062867760658264,No
9187,0.323864221572876,No
9188,0.2635782063007355,No
9189,0.24563740193843842,No
9190,0.4142031669616699,No
9191,0.306585431098938,No
9192,0.6045849323272705,Yes
9193,0.5023523569107056,Yes
9194,0.4409749507904053,No
9195,0.2941121757030487,No
9196,0.36073195934295654,No
9197,0.2577309012413025,No
9198,0.3713408410549164,No
9199,0.2554892301559448,No
9200,0.403371661901474,No
9201,0.3442782163619995,No
9202,0.39937177300453186,No
9203,0.17441976070404053,No
9204,0.52727210521698,Yes
9205,0.23832163214683533,No
9206,0.24736864864826202,No
9207,0.26664072275161743,No
9208,0.15791931748390198,No
9209,0.21066658198833466,No
9210,0.16050048172473907,No
9211,0.19387365877628326,No
9212,0.81075519323349,Yes
9213,0.502629816532135,Yes
9214,0.20158106088638306,No
9215,0.1828327178955078,No
9216,0.2825361490249634,No
9217,0.2937077581882477,No
9218,0.3156439960002899,No
9219,0.1502409279346466,No
9220,0.5905991196632385,Yes
9221,0.3391745090484619,No
9222,0.37574657797813416,No
9223,0.2320900857448578,No
9224,0.48494696617126465,No
9225,0.280225932598114,No
9226,0.4667870104312897,No
9227,0.2972317934036255,No
9228,0.3342316448688507,No
9229,0.24629376828670502,No
9230,0.27503105998039246,No
9231,0.17891885340213776,No
9232,0.7210659384727478,Yes
9233,0.6292517185211182,Yes
9234,0.35846057534217834,No
9235,0.1450340449810028,No
9236,0.48600906133651733,No
9237,0.2934105098247528,No
9238,0.4130980372428894,No
9239,0.22597920894622803,No
9240,0.39184391498565674,No
9241,0.22311680018901825,No
9242,0.3477945625782013,No
9243,0.1763160228729248,No
9244,0.40373823046684265,No
9245,0.1822579801082611,No
9246,0.4308120012283325,No
9247,0.222536101937294,No
9248,0.24758464097976685,No
9249,0.17016632854938507,No
9250,0.2438216358423233,No
9251,0.18000534176826477,No
9252,0.6255031228065491,Yes
9253,0.446686714887619,No
9254,0.27527540922164917,No
9255,0.133525550365448,No
9256,0.2915359437465668,No
9257,0.17321404814720154,No
9258,0.3559933006763458,No
9259,0.20191118121147156,No
9260,0.28991013765335083,No
9261,0.315949946641922,No
9262,0.15600718557834625,No
9263,0.21334625780582428,No
9264,0.3443430960178375,No
9265,0.3327994644641876,No
9266,0.3326793313026428,No
9267,0.39272207021713257,No
9268,0.16260023415088654,No
9269,0.19033044576644897,No
9270,0.1423482447862625,No
9271,0.1757483184337616,No
9272,0.5575636029243469,Yes
9273,0.5497390031814575,Yes
9274,0.1718762069940567,No
9275,0.16744448244571686,No
9276,0.4061167538166046,No
9277,0.3759831190109253,No
9278,0.20489417016506195,No
9279,0.21468929946422577,No
9280,0.3717675805091858,No
9281,0.29925602674484253,No
9282,0.3059781491756439,No
9283,0.218105286359787,No
9284,0.38035356998443604,No
9285,0.20698249340057373,No
9286,0.5166007876396179,Yes
9287,0.31609046459198,No
9288,0.2885829508304596,No
9289,0.18105114996433258,No
9290,0.2980448603630066,No
9291,0.1697574406862259,No
9292,0.69542396068573,Yes
9293,0.5204181671142578,Yes
9294,0.36219820380210876,No
9295,0.1249404102563858,No
9296,0.6272920966148376,Yes
9297,0.3438439965248108,No
9298,0.4210405945777893,No
9299,0.2618374228477478,No
9300,0.3135894238948822,No
9301,0.241926908493042,No
9302,0.24196340143680573,No
9303,0.16274920105934143,No
9304,0.30884790420532227,No
9305,0.155622199177742,No
9306,0.450236052274704,No
9307,0.25872179865837097,No
9308,0.16689275205135345,No
9309,0.15066790580749512,No
9310,0.18039831519126892,No
9311,0.13821353018283844,No
9312,0.6840617656707764,Yes
9313,0.5170820355415344,Yes
9314,0.18864044547080994,No
9315,0.12211979180574417,No
9316,0.38755685091018677,No
9317,0.28448137640953064,No
9318,0.22571194171905518,No
9319,0.1401347666978836,No
9320,0.2915080487728119,No
9321,0.29578688740730286,No
9322,0.29871052503585815,No
9323,0.2716095447540283,No
9324,0.36777910590171814,No
9325,0.24897895753383636,No
9326,0.3530755043029785,No
9327,0.34068959951400757,No
9328,0.19402337074279785,No
9329,0.30771878361701965,No
9330,0.19672560691833496,No
9331,0.14506204426288605,No
9332,0.667952299118042,Yes
9333,0.4834616482257843,No
9334,0.2979789972305298,No
9335,0.17737548053264618,No
9336,0.30138760805130005,No
9337,0.21358880400657654,No
9338,0.1558583527803421,No
9339,0.14397718012332916,No
9340,0.4663498103618622,No
9341,0.3615392744541168,No
9342,0.37532976269721985,No
9343,0.24780789017677307,No
9344,0.46052828431129456,No
9345,0.24867558479309082,No
9346,0.45318523049354553,No
9347,0.2904835641384125,No
9348,0.2884142994880676,No
9349,0.21571719646453857,No
9350,0.2649102210998535,No
9351,0.1644607037305832,No
9352,0.6964942812919617,Yes
9353,0.600590169429779,Yes
9354,0.30217161774635315,No
9355,0.14965692162513733,No
9356,0.4806812107563019,No
9357,0.28566282987594604,No
9358,0.42338502407073975,No
9359,0.23687148094177246,No
9360,0.34768152236938477,No
9361,0.21951594948768616,No
9362,0.503860592842102,Yes
9363,0.20606142282485962,No
9364,0.5021812319755554,Yes
9365,0.21931564807891846,No
9366,0.6001209616661072,Yes
9367,0.39696165919303894,No
9368,0.2616024911403656,No
9369,0.19095182418823242,No
9370,0.2814404368400574,No
9371,0.1897733509540558,No
9372,0.7950105667114258,Yes
9373,0.5532422065734863,Yes
9374,0.3837510645389557,No
9375,0.1820685863494873,No
9376,0.48557302355766296,No
9377,0.25654345750808716,No
9378,0.41859492659568787,No
9379,0.26492252945899963,No
9380,0.5277469754219055,Yes
9381,0.2554168999195099,No
9382,0.4984237849712372,No
9383,0.19894146919250488,No
9384,0.6757195591926575,Yes
9385,0.21077395975589752,No
9386,0.45328289270401,No
9387,0.29263603687286377,No
9388,0.2467450201511383,No
9389,0.17703354358673096,No
9390,0.19659535586833954,No
9391,0.15674832463264465,No
9392,0.6823175549507141,Yes
9393,0.46537911891937256,No
9394,0.3715566396713257,No
9395,0.1807122528553009,No
9396,0.48952335119247437,No
9397,0.2555329501628876,No
9398,0.40097033977508545,No
9399,0.23121656477451324,No
9400,0.27747809886932373,No
9401,0.18953795731067657,No
9402,0.30809327960014343,No
9403,0.15727585554122925,No
9404,0.25548455119132996,No
9405,0.17582333087921143,No
9406,0.38352492451667786,No
9407,0.2914818823337555,No
9408,0.16740544140338898,No
9409,0.13952943682670593,No
9410,0.23488593101501465,No
9411,0.18666452169418335,No
9412,0.6334263682365417,Yes
9413,0.3925740718841553,No
9414,0.30320364236831665,No
9415,0.1393151730298996,No
9416,0.4885362684726715,No
9417,0.2529640197753906,No
9418,0.293720543384552,No
9419,0.16387715935707092,No
9420,0.3798769414424896,No
9421,0.2788325548171997,No
9422,0.23397119343280792,No
9423,0.17879821360111237,No
9424,0.4018903374671936,No
9425,0.18912187218666077,No
9426,0.2764202058315277,No
9427,0.23645535111427307,No
9428,0.17031104862689972,No
9429,0.1381540298461914,No
9430,0.1599893867969513,No
9431,0.1301957666873932,No
9432,0.629843533039093,Yes
9433,0.5010316967964172,Yes
9434,0.19442594051361084,No
9435,0.11912457644939423,No
9436,0.33993977308273315,No
9437,0.1743701845407486,No
9438,0.269616961479187,No
9439,0.17236779630184174,No
9440,0.46779561042785645,No
9441,0.33695515990257263,No
9442,0.3310248553752899,No
9443,0.23110458254814148,No
9444,0.4200262725353241,No
9445,0.21600699424743652,No
9446,0.5939083695411682,Yes
9447,0.3191475570201874,No
9448,0.38479259610176086,No
9449,0.28579866886138916,No
9450,0.2148483842611313,No
9451,0.1687539517879486,No
9452,0.8179135918617249,Yes
9453,0.6901686787605286,Yes
9454,0.2542544901371002,No
9455,0.14298266172409058,No
9456,0.3537541329860687,No
9457,0.18673370778560638,No
9458,0.35068270564079285,No
9459,0.23568622767925262,No
9460,0.5005649328231812,Yes
9461,0.24465832114219666,No
9462,0.28606531023979187,No
9463,0.13233058154582977,No
9464,0.5179357528686523,Yes
9465,0.1838710904121399,No
9466,0.34349507093429565,No
9467,0.19960930943489075,No
9468,0.26149556040763855,No
9469,0.1653101146221161,No
9470,0.17259077727794647,No
9471,0.1285257637500763,No
9472,0.6872573494911194,Yes
9473,0.4412316679954529,No
9474,0.2706804573535919,No
9475,0.14357544481754303,No
9476,0.49625343084335327,No
9477,0.25996872782707214,No
9478,0.32182198762893677,No
9479,0.18681499361991882,No
9480,0.34713155031204224,No
9481,0.1812901794910431,No
9482,0.2768694758415222,No
9483,0.14705130457878113,No
9484,0.3531622290611267,No
9485,0.1194639727473259,No
9486,0.39780840277671814,No
9487,0.22973376512527466,No
9488,0.21817271411418915,No
9489,0.17201992869377136,No
9490,0.17596976459026337,No
9491,0.14348463714122772,No
9492,0.5166627168655396,Yes
9493,0.31722140312194824,No
9494,0.2729291617870331,No
9495,0.13059189915657043,No
9496,0.22178979218006134,No
9497,0.13770312070846558,No
9498,0.29186055064201355,No
9499,0.187013179063797,No
9500,0.4228416383266449,No
9501,0.3761218786239624,No
9502,0.15234442055225372,No
9503,0.2074378877878189,No
9504,0.36143478751182556,No
9505,0.24181590974330902,No
9506,0.2993538975715637,No
9507,0.30409184098243713,No
9508,0.3270818591117859,No
9509,0.23078446090221405,No
9510,0.12159441411495209,No
9511,0.1747639775276184,No
9512,0.4677075147628784,No
9513,0.5167524218559265,Yes
9514,0.30162107944488525,No
9515,0.17456945776939392,No
9516,0.34862247109413147,No
9517,0.19102144241333008,No
9518,0.4360314607620239,No
9519,0.26428529620170593,No
9520,0.33278656005859375,No
9521,0.19326753914356232,No
9522,0.31053754687309265,No
9523,0.1482289433479309,No
9524,0.3741512596607208,No
9525,0.1525869071483612,No
9526,0.46588125824928284,No
9527,0.22886912524700165,No
9528,0.20202524960041046,No
9529,0.13569635152816772,No
9530,0.22264327108860016,No
9531,0.1515742838382721,No
9532,0.45506376028060913,No
9533,0.326487272977829,No
9534,0.2895375192165375,No
9535,0.1308915615081787,No
9536,0.34815436601638794,No
9537,0.1804516315460205,No
9538,0.4135558307170868,No
9539,0.22495128214359283,No
9540,0.326326459646225,No
9541,0.3593880832195282,No
9542,0.2890057861804962,No
9543,0.13761566579341888,No
9544,0.2542545199394226,No
9545,0.20185066759586334,No
9546,0.5029909610748291,Yes
9547,0.240142822265625,No
9548,0.16666953265666962,No
9549,0.17833155393600464,No
9550,0.20319764316082,No
9551,0.18707238137722015,No
9552,0.7397733926773071,Yes
9553,0.500058114528656,Yes
9554,0.3446616530418396,No
9555,0.11836148053407669,No
9556,0.4073932468891144,No
9557,0.24202047288417816,No
9558,0.46559250354766846,No
9559,0.2464180886745453,No
9560,0.18357020616531372,No
9561,0.20884372293949127,No
9562,0.20794792473316193,No
9563,0.17477963864803314,No
9564,0.25088921189308167,No
9565,0.2022644579410553,No
9566,0.28778699040412903,No
9567,0.2727164626121521,No
9568,0.12386330962181091,No
9569,0.12688757479190826,No
9570,0.14290794730186462,No
9571,0.15460118651390076,No
9572,0.45858848094940186,No
9573,0.39347904920578003,No
9574,0.1861870139837265,No
9575,0.17283564805984497,No
9576,0.1907716691493988,No
9577,0.163818821310997,No
9578,0.2973739802837372,No
9579,0.24987336993217468,No
9580,0.22403378784656525,No
9581,0.19899949431419373,No
9582,0.18269149959087372,No
9583,0.13307297229766846,No
9584,0.36619797348976135,No
9585,0.18569402396678925,No
9586,0.2979929447174072,No
9587,0.23801769316196442,No
9588,0.20844925940036774,No
9589,0.17515361309051514,No
9590,0.1654644012451172,No
9591,0.15756575763225555,No
9592,0.5464466214179993,Yes
9593,0.46974053978919983,No
9594,0.2443564385175705,No
9595,0.1606576293706894,No
9596,0.2244189977645874,No
9597,0.16800136864185333,No
9598,0.2637688219547272,No
9599,0.19551123678684235,No
